[
  {
    "correct_answer": "Music is an integral part of human culture.",
    "retrieved_context": "",
    "evaluation": 0
  },
  {
    "correct_answer": "Music serves as a form of entertainment.",
    "retrieved_context": "Music has has integral part of culture. Music has has integral part for centuries. Music has has part of human culture. Music has has part of human culture for centuries. Music has has part of culture. Music has has part of culture for centuries. Music has has part for centuries. Music has has integral part of culture for centuries. Music has has integral part of human culture for centuries. Music has has integral part of human culture. Music been integral culture. Music has has part. Music has has integral part. children strengthen their language skills. music has profound impact. music powerful tool for enhancing development. music powerful tool for development. music powerful tool for cognitive development. children are able By listening. music can influence abilities. music has has also found. music has has shown. music can influence cognitive abilities. music remain tool. skills make sense of sounds. music remain tool for development. music has profound impact on cognitive development. music remain tool for enhancing development. music has Furthermore has shown. music remain powerful tool. skills make sense. music has profound impact on development. music has has found. impact is in particularly children. children are able By listening to with music. music powerful tool for enhancing cognitive development. music can also have profound impact on emotional development. music have positive impact on language skills. music can have impact on emotional development. music remain powerful tool for cognitive development. music enhance problem solving skills. music remain powerful tool for development. music remain powerful tool for enhancing cognitive development. children are able. music remain tool for enhancing cognitive development. music has impact on cognitive development. music involves processing of sound patterns. music enhance skills in children. music has impact. music remain in individuals of ages. music enhance skills. music have impact on language skills. music has impact on development. music remain powerful tool for enhancing development. music has impact In conclusion. music have positive impact. music remain tool for cognitive development. music enhance solving skills. music involves processing.",
    "evaluation": 0
  },
  {
    "correct_answer": "Music serves as a means of communication.",
    "retrieved_context": "Music has has integral part of culture. Music has has integral part for centuries. Music has has part of human culture. Music has has part of human culture for centuries. Music has has part of culture. Music has has part of culture for centuries. Music has has part for centuries. Music has has integral part of culture for centuries. Music has has integral part of human culture for centuries. Music has has integral part of human culture. Music been integral culture. Music has has part. Music has has integral part. children strengthen their language skills. music has profound impact. music powerful tool for enhancing development. music powerful tool for development. music powerful tool for cognitive development. children are able By listening. music can influence abilities. music has has also found. music has has shown. music can influence cognitive abilities. music remain tool. skills make sense of sounds. music remain tool for development. music has profound impact on cognitive development. music remain tool for enhancing development. music has Furthermore has shown. music remain powerful tool. skills make sense. music has profound impact on development. music has has found. impact is in particularly children. children are able By listening to with music. music powerful tool for enhancing cognitive development. music can also have profound impact on emotional development. music have positive impact on language skills. music can have impact on emotional development. music remain powerful tool for cognitive development. music enhance problem solving skills. music remain powerful tool for development. music remain powerful tool for enhancing cognitive development. children are able. music remain tool for enhancing cognitive development. music has impact on cognitive development. music involves processing of sound patterns. music enhance skills in children. music has impact. music remain in individuals of ages. music enhance skills. music have impact on language skills. music has impact on development. music remain powerful tool for enhancing development. music has impact In conclusion. music have positive impact. music remain tool for cognitive development. music enhance solving skills. music involves processing.",
    "evaluation": 0
  },
  {
    "correct_answer": "Music serves as a means of expression.",
    "retrieved_context": "Music has has integral part of culture. Music has has integral part for centuries. Music has has part of human culture. Music has has part of human culture for centuries. Music has has part of culture. Music has has part of culture for centuries. Music has has part for centuries. Music has has integral part of culture for centuries. Music has has integral part of human culture for centuries. Music has has integral part of human culture. Music been integral culture. Music has has part. Music has has integral part. children strengthen their language skills. music has profound impact. music powerful tool for enhancing development. music powerful tool for development. music powerful tool for cognitive development. children are able By listening. music can influence abilities. music has has also found. music has has shown. music can influence cognitive abilities. music remain tool. skills make sense of sounds. music remain tool for development. music has profound impact on cognitive development. music remain tool for enhancing development. music has Furthermore has shown. music remain powerful tool. skills make sense. music has profound impact on development. music has has found. impact is in particularly children. children are able By listening to with music. music powerful tool for enhancing cognitive development. music can also have profound impact on emotional development. music have positive impact on language skills. music can have impact on emotional development. music remain powerful tool for cognitive development. music enhance problem solving skills. music remain powerful tool for development. music remain powerful tool for enhancing cognitive development. children are able. music remain tool for enhancing cognitive development. music has impact on cognitive development. music involves processing of sound patterns. music enhance skills in children. music has impact. music remain in individuals of ages. music enhance skills. music have impact on language skills. music has impact on development. music remain powerful tool for enhancing development. music has impact In conclusion. music have positive impact. music remain tool for cognitive development. music enhance solving skills. music involves processing.",
    "evaluation": 0
  },
  {
    "correct_answer": "Music can enhance memory.",
    "retrieved_context": "",
    "evaluation": 0
  },
  {
    "correct_answer": "Listening to music can improve memory retention.",
    "retrieved_context": "music has profound impact. music powerful tool for enhancing development. music powerful tool for development. music powerful tool for cognitive development. music has has also found. music can influence abilities. music has has shown. music can influence cognitive abilities. music remain tool. music remain tool for development. music has profound impact on cognitive development. music remain tool for enhancing development. music has Furthermore has shown. music remain powerful tool. music has profound impact on development. music has has found. music powerful tool for enhancing cognitive development. music can also have profound impact on emotional development. music have positive impact on language skills. music can have impact on emotional development. music remain powerful tool for cognitive development. music enhance problem solving skills. music remain powerful tool for development. music remain powerful tool for enhancing cognitive development. music remain tool for enhancing cognitive development. music has impact on cognitive development. music involves processing of sound patterns. memory retention listening to music. music enhance skills in children. music has impact. music remain in individuals of ages. music enhance skills. music have impact on language skills. music has impact on development. music remain powerful tool for enhancing development. music has impact In conclusion. memory retention listening recall. music have positive impact. music remain tool for cognitive development. music enhance solving skills. music involves processing. music therapy help individuals with related disorders. music therapy be used as tool. individuals can enhance their cognitive abilities. individuals can develop intelligence. individuals can enhance their abilities. individuals improve their overall functioning. music therapy be used. music therapy help individuals. individuals improve their cognitive functioning. individuals engage with music. individuals can develop emotional intelligence. music therapy help individuals with disorders. individuals can develop greater intelligence. individuals improve their functioning. individuals is with memory related disorders such Alzheimer 's disease. individuals improve their overall cognitive functioning. music therapy help individuals with memory related disorders. individuals can develop greater emotional intelligence.",
    "evaluation": 1
  },
  {
    "correct_answer": "Listening to music can improve memory recall.",
    "retrieved_context": "music has profound impact. music powerful tool for enhancing development. music powerful tool for development. music powerful tool for cognitive development. music has has also found. music can influence abilities. music has has shown. music can influence cognitive abilities. music remain tool. music remain tool for development. music has profound impact on cognitive development. music remain tool for enhancing development. music has Furthermore has shown. music remain powerful tool. music has profound impact on development. music has has found. music powerful tool for enhancing cognitive development. music can also have profound impact on emotional development. music have positive impact on language skills. music can have impact on emotional development. music remain powerful tool for cognitive development. music enhance problem solving skills. music remain powerful tool for development. music remain powerful tool for enhancing cognitive development. music remain tool for enhancing cognitive development. music has impact on cognitive development. music involves processing of sound patterns. memory retention listening to music. music enhance skills in children. music has impact. music remain in individuals of ages. music enhance skills. music have impact on language skills. music has impact on development. music remain powerful tool for enhancing development. music has impact In conclusion. memory retention listening recall. music have positive impact. music remain tool for cognitive development. music enhance solving skills. music involves processing. music therapy help individuals with related disorders. music therapy be used as tool. individuals can enhance their cognitive abilities. individuals can develop intelligence. individuals can enhance their abilities. individuals improve their overall functioning. music therapy be used. music therapy help individuals. individuals improve their cognitive functioning. individuals engage with music. individuals can develop emotional intelligence. music therapy help individuals with disorders. individuals can develop greater intelligence. individuals improve their functioning. individuals is with memory related disorders such Alzheimer 's disease. individuals improve their overall cognitive functioning. music therapy help individuals with memory related disorders. individuals can develop greater emotional intelligence.",
    "evaluation": 0
  },
  {
    "correct_answer": "Music stimulates multiple areas of the brain.",
    "retrieved_context": "",
    "evaluation": 0
  },
  {
    "correct_answer": "Music can enhance language skills.",
    "retrieved_context": "",
    "evaluation": 0
  },
  {
    "correct_answer": "Exposure to music from a young age can improve language development.",
    "retrieved_context": "",
    "evaluation": 0
  },
  {
    "correct_answer": "Music involves processing sound patterns and rhythms.",
    "retrieved_context": "musical patterns can help of decoding. musical patterns improve cognitive functions related. musical patterns improve cognitive functions. musical patterns improve functions. musical patterns improve functions related. Music has has integral part of culture. Music has has integral part for centuries. Music has has part of human culture. Music has has part of human culture for centuries. Music has has part of culture. Music has has part of culture for centuries. Music has has part for centuries. Music has has integral part of culture for centuries. Music has has integral part of human culture for centuries. Music has has integral part of human culture. Music been integral culture. Music has has part. Music has has integral part. children strengthen their language skills. music has profound impact. music powerful tool for enhancing development. music powerful tool for development. music powerful tool for cognitive development. children are able By listening. music can influence abilities. music has has also found. music has has shown. music can influence cognitive abilities. music remain tool. skills make sense of sounds. music remain tool for development. music has profound impact on cognitive development. music remain tool for enhancing development. music has Furthermore has shown. music remain powerful tool. skills make sense. music has profound impact on development. music has has found. impact is in particularly children. children are able By listening to with music. music powerful tool for enhancing cognitive development. music can also have profound impact on emotional development. music have positive impact on language skills. music can have impact on emotional development. music remain powerful tool for cognitive development. music enhance problem solving skills. music remain powerful tool for development. music remain powerful tool for enhancing cognitive development. children are able. music remain tool for enhancing cognitive development. music has impact on cognitive development. music involves processing of sound patterns. music enhance skills in children. music has impact. music remain in individuals of ages. music enhance skills. music have impact on language skills. music has impact on development. music remain powerful tool for enhancing development. music has impact In conclusion. music have positive impact. music remain tool for cognitive development. music enhance solving skills. music involves processing. music therapy help individuals with related disorders. music therapy be used as tool. individuals can enhance their cognitive abilities. individuals can develop intelligence. individuals can enhance their abilities. individuals improve their overall functioning. music therapy be used. music therapy help individuals. individuals improve their cognitive functioning. individuals engage with music. individuals can develop emotional intelligence. music therapy help individuals with disorders. individuals can develop greater intelligence. individuals improve their functioning. individuals is with memory related disorders such Alzheimer 's disease. individuals improve their overall cognitive functioning. music therapy help individuals with memory related disorders. individuals can develop greater emotional intelligence.",
    "evaluation": 1
  },
  {
    "correct_answer": "Music can enhance problem-solving skills.",
    "retrieved_context": "music therapy help individuals with related disorders. music therapy be used as tool. individuals can enhance their cognitive abilities. individuals can develop intelligence. individuals can enhance their abilities. individuals improve their overall functioning. music therapy be used. music therapy help individuals. individuals improve their cognitive functioning. individuals engage with music. individuals can develop emotional intelligence. music therapy help individuals with disorders. individuals can develop greater intelligence. individuals improve their functioning. individuals is with memory related disorders such Alzheimer 's disease. individuals improve their overall cognitive functioning. music therapy help individuals with memory related disorders. individuals can develop greater emotional intelligence.",
    "evaluation": 0
  },
  {
    "correct_answer": "Engaging with music requires critical thinking.",
    "retrieved_context": "music therapy help individuals with related disorders. music therapy be used as tool. individuals can enhance their cognitive abilities. individuals can develop intelligence. individuals can enhance their abilities. individuals improve their overall functioning. music therapy be used. music therapy help individuals. individuals improve their cognitive functioning. individuals engage with music. individuals can develop emotional intelligence. music therapy help individuals with disorders. individuals can develop greater intelligence. individuals improve their functioning. individuals is with memory related disorders such Alzheimer 's disease. individuals improve their overall cognitive functioning. music therapy help individuals with memory related disorders. individuals can develop greater emotional intelligence.",
    "evaluation": 0
  },
  {
    "correct_answer": "Engaging with music requires analytical skills.",
    "retrieved_context": "analytical skills make sense. analytical skills make sense of sounds. music therapy help individuals with related disorders. music therapy be used as tool. individuals can enhance their cognitive abilities. individuals can develop intelligence. individuals can enhance their abilities. individuals improve their overall functioning. music therapy be used. music therapy help individuals. individuals improve their cognitive functioning. individuals engage with music. individuals can develop emotional intelligence. music therapy help individuals with disorders. individuals can develop greater intelligence. individuals improve their functioning. individuals is with memory related disorders such Alzheimer 's disease. individuals improve their overall cognitive functioning. music therapy help individuals with memory related disorders. individuals can develop greater emotional intelligence.",
    "evaluation": 0
  },
  {
    "correct_answer": "Music can evoke strong emotional responses.",
    "retrieved_context": "music therapy help individuals with related disorders. music therapy be used as tool. individuals can enhance their cognitive abilities. individuals can develop intelligence. individuals can enhance their abilities. individuals improve their overall functioning. music therapy be used. music therapy help individuals. individuals improve their cognitive functioning. individuals engage with music. individuals can develop emotional intelligence. music therapy help individuals with disorders. individuals can develop greater intelligence. individuals improve their functioning. individuals is with memory related disorders such Alzheimer 's disease. individuals improve their overall cognitive functioning. music therapy help individuals with memory related disorders. individuals can develop greater emotional intelligence.",
    "evaluation": 0
  },
  {
    "accuracy": "13.33%"
  }
]