[
  {
    "correct_answer": "Surveillance cameras are used in crime prevention strategies.",
    "retrieved_context": "",
    "evaluation": 0
  },
  {
    "correct_answer": "Surveillance cameras monitor public areas, streets, buildings, and transportation hubs.",
    "retrieved_context": "cameras are placed. activities deter potential criminal behavior. activities deter potential behavior. cameras are strategically placed in areas. cameras monitor activities. cameras are strategically placed. cameras are placed in public areas.",
    "evaluation": 1
  },
  {
    "correct_answer": "Surveillance cameras act as a deterrent to criminals.",
    "retrieved_context": "cameras are placed. activities deter potential criminal behavior. activities deter potential behavior. cameras are strategically placed in areas. cameras monitor activities. cameras are strategically placed. cameras are placed in public areas.",
    "evaluation": 1
  },
  {
    "correct_answer": "Surveillance cameras provide valuable evidence in criminal investigations.",
    "retrieved_context": "cameras are placed. activities deter potential criminal behavior. activities deter potential behavior. cameras are strategically placed in areas. cameras monitor activities. cameras are strategically placed. cameras are placed in public areas.",
    "evaluation": 0
  },
  {
    "correct_answer": "Video analytics technology can detect suspicious behaviors in real-time.",
    "retrieved_context": "Video analytics technology can detect suspicious behaviors.",
    "evaluation": 0
  },
  {
    "correct_answer": "Video analytics technology alerts law enforcement personnel to potential threats.",
    "retrieved_context": "alert law enforcement personnel is in real time. Video analytics technology can detect suspicious behaviors.",
    "evaluation": 1
  },
  {
    "correct_answer": "Predictive analytics and data mining are used in crime prevention.",
    "retrieved_context": "",
    "evaluation": 0
  },
  {
    "correct_answer": "Law enforcement agencies analyze vast amounts of data for potential criminal activities.",
    "retrieved_context": "law enforcement agencies can work more effectively By technology. measures deter behavior. law enforcement agencies can work By leveraging technology for communication. law enforcement agencies approach to public spaces. technology has become tool. technology offers range From surveillance cameras to communication platforms. technology has played crucial role in crime prevention. technology promotes environment for everyone. law enforcement agencies deploy preventive measures. law enforcement agencies respond to potential threats. technology has undoubtedly revolutionized crime prevention efforts. law enforcement agencies approach to monitoring public spaces. technology tool in crime prevention. technology Furthermore has played crucial role in community engagement. technology is used responsibly. innovation create communities. law enforcement agencies can allocate more efficiently target risk areas By leveraging analytics. technology offers range. preventive measures deter criminal behavior. technology is used. technology has played role in community engagement. law enforcement agencies can allocate resources more efficiently By predictive analytics. technology has played role in enhancing community engagement. law enforcement agencies can work By leveraging technology. technology promotes environment. technology has played role in community engagement in crime prevention. technology has become tool in crime prevention. law enforcement agencies approach to monitoring spaces. technology offers wide range of solutions. preventive measures deter behavior. law enforcement agencies deploy measures. technology has become indispensable tool. technology sense of responsibility. technology sense of shared responsibility. technology has become In conclusion. technology fosters sense of responsibility. technology fosters sense of shared responsibility. technology Furthermore has played role in crime prevention. technology has played crucial role. law enforcement agencies can leverage innovation. technology promotes safer environment. technology Furthermore has played role. law enforcement agencies can allocate more efficiently target high risk areas. technology offers range From surveillance cameras. law enforcement agencies can allocate more efficiently target risk areas By leveraging predictive analytics. law enforcement agencies can work effectively together By technology for communication. measures deter criminal behavior. law enforcement agencies can allocate more efficiently target risk areas By analytics. innovation create communities for all. law enforcement agencies proactive approach to spaces. law enforcement agencies can allocate efficiently resources. technology has become indispensable tool in crime prevention. innovation create safer communities. technology Furthermore has played crucial role in enhancing community engagement in crime prevention. technology offers range of solutions. technology fosters sense. technology has played crucial role in community engagement in crime prevention. technology offers wide range. technology is used in crime prevention activities. technology Furthermore has played crucial role in enhancing community engagement. technology has played role in enhancing community engagement in crime prevention. law enforcement agencies can allocate target risk areas. law enforcement agencies prevent crime. Law enforcement agencies can analyze vast amounts of data. suspects gather evidence. cameras are placed. Law enforcement agencies can analyze amounts. Law enforcement agencies can use footage from cameras. Law enforcement agencies can analyze vast amounts. Law enforcement agencies can use footage. Law enforcement agencies can analyze amounts of data. cameras are strategically placed in areas. cameras monitor activities. suspects track their movements. suspects gather crucial evidence. Law enforcement agencies identify patterns. Law enforcement agencies identify suspects. cameras are strategically placed. cameras are placed in public areas. activities deter potential criminal behavior. activities deter potential behavior. way law enforcement agencies investigate activities. way law enforcement agencies investigate criminal activities.",
    "evaluation": 1
  },
  {
    "correct_answer": "Predictive analytics help allocate resources efficiently and target high-risk areas.",
    "retrieved_context": "",
    "evaluation": 0
  },
  {
    "correct_answer": "Technology enables real-time information sharing among law enforcement personnel.",
    "retrieved_context": "",
    "evaluation": 0
  },
  {
    "correct_answer": "Mobile devices and digital platforms facilitate communication and collaboration among law enforcement agencies.",
    "retrieved_context": "law enforcement agencies can work more effectively By technology. measures deter behavior. law enforcement agencies can work By leveraging technology for communication. law enforcement agencies approach to public spaces. technology has become tool. technology offers range From surveillance cameras to communication platforms. technology has played crucial role in crime prevention. technology promotes environment for everyone. law enforcement agencies deploy preventive measures. law enforcement agencies respond to potential threats. technology has undoubtedly revolutionized crime prevention efforts. law enforcement agencies approach to monitoring public spaces. technology tool in crime prevention. technology Furthermore has played crucial role in community engagement. technology is used responsibly. innovation create communities. law enforcement agencies can allocate more efficiently target risk areas By leveraging analytics. technology offers range. preventive measures deter criminal behavior. technology is used. technology has played role in community engagement. law enforcement agencies can allocate resources more efficiently By predictive analytics. technology has played role in enhancing community engagement. law enforcement agencies can work By leveraging technology. technology promotes environment. technology has played role in community engagement in crime prevention. technology has become tool in crime prevention. law enforcement agencies approach to monitoring spaces. technology offers wide range of solutions. preventive measures deter behavior. law enforcement agencies deploy measures. technology has become indispensable tool. technology sense of responsibility. technology sense of shared responsibility. technology has become In conclusion. technology fosters sense of responsibility. technology fosters sense of shared responsibility. technology Furthermore has played role in crime prevention. technology has played crucial role. law enforcement agencies can leverage innovation. technology promotes safer environment. technology Furthermore has played role. law enforcement agencies can allocate more efficiently target high risk areas. technology offers range From surveillance cameras. law enforcement agencies can allocate more efficiently target risk areas By leveraging predictive analytics. law enforcement agencies can work effectively together By technology for communication. measures deter criminal behavior. law enforcement agencies can allocate more efficiently target risk areas By analytics. innovation create communities for all. law enforcement agencies proactive approach to spaces. law enforcement agencies can allocate efficiently resources. technology has become indispensable tool in crime prevention. innovation create safer communities. technology Furthermore has played crucial role in enhancing community engagement in crime prevention. technology offers range of solutions. technology fosters sense. technology has played crucial role in community engagement in crime prevention. technology offers wide range. technology is used in crime prevention activities. technology Furthermore has played crucial role in enhancing community engagement. technology has played role in enhancing community engagement in crime prevention. law enforcement agencies can allocate target risk areas. law enforcement agencies prevent crime. Law enforcement agencies can analyze vast amounts of data. suspects gather evidence. cameras are placed. Law enforcement agencies can analyze amounts. Law enforcement agencies can use footage from cameras. Law enforcement agencies can analyze vast amounts. Law enforcement agencies can use footage. Law enforcement agencies can analyze amounts of data. cameras are strategically placed in areas. cameras monitor activities. suspects track their movements. suspects gather crucial evidence. Law enforcement agencies identify patterns. Law enforcement agencies identify suspects. cameras are strategically placed. cameras are placed in public areas.",
    "evaluation": 0
  },
  {
    "correct_answer": "Social media platforms and mobile applications enhance community engagement in crime prevention.",
    "retrieved_context": "",
    "evaluation": 0
  },
  {
    "correct_answer": "Citizens can report crimes and share information easily through online reporting systems.",
    "retrieved_context": "citizens report crimes. online reporting systems allow citizens. reporting systems allow citizens. citizens report crimes. real time information sharing use of mobile devices. real time information sharing use of devices.",
    "evaluation": 1
  },
  {
    "correct_answer": "Technology raises concerns about privacy rights and potential abuses of power.",
    "retrieved_context": "Technology has become in today 's modern world. Technology has become part. Technology has become in today 's world. Technology has become part of crime prevention strategies. Technology has become integral part. Technology integral part of crime prevention strategies. Technology has become integral part of crime prevention strategies. technology offers range From surveillance cameras to communication platforms. technology has become tool. technology has played crucial role in crime prevention. technology promotes environment for everyone. range improve safety. technology has undoubtedly revolutionized crime prevention efforts. range improve public safety. technology tool in crime prevention. technology Furthermore has played crucial role in community engagement. technology is used responsibly. crucial role is in enhancing community engagement. wide range improve safety. technology offers range. technology is used. technology has played role in community engagement. technology has played role in enhancing community engagement. technology promotes environment. technology has played role in community engagement in crime prevention. technology has become tool in crime prevention. technology offers wide range of solutions. technology has become indispensable tool. technology has become In conclusion. technology sense of responsibility. role is in crime prevention. technology sense of shared responsibility. technology fosters sense of responsibility. technology fosters sense of shared responsibility. technology Furthermore has played role in crime prevention. technology has played crucial role. technology promotes safer environment. crucial role is in crime prevention. technology Furthermore has played role. technology offers range From surveillance cameras. wide range improve public safety. technology has become indispensable tool in crime prevention. technology Furthermore has played crucial role in enhancing community engagement in crime prevention. technology offers range of solutions. technology fosters sense. technology has played crucial role in community engagement in crime prevention. technology offers wide range. technology Furthermore has played crucial role in enhancing community engagement. indispensable tool is in crime prevention. technology has played role in enhancing community engagement in crime prevention. technology is used in crime prevention activities.",
    "evaluation": 0
  },
  {
    "correct_answer": "Establishing clear guidelines and regulations is essential to ensure responsible and ethical use of technology in crime prevention.",
    "retrieved_context": "",
    "evaluation": 0
  },
  {
    "accuracy": "33.33%"
  }
]