[
  {
    "correct_answer": "Pop culture refers to the mainstream lifestyle and ideas driven by mass media and entertainment.",
    "retrieved_context": "pop culture Moreover has significant impact on societal norms. pop culture has significant impact. trends spread across globe. pop culture has played role in shaping global trends across various industries. pop culture has played significant role in trends across industries. pop culture has impact on societal norms. pop culture has played role in global trends across various industries. pop culture plays role in trends. pop culture plays role in trends across industries. pop culture has played significant role in trends across various industries. trends leading to globalized fashion landscape. pop culture has played significant role in shaping trends. pop culture has played significant role in trends. significant role is in shaping global trends across various industries. pop culture leading to society obsessed with material possessions. pop culture has impact on norms. trends leading to fashion landscape. pop culture plays role in global trends across various industries. pop culture plays role In conclusion. pop culture plays role in trends across various industries. pop culture has played significant role in global trends across various industries. pop culture has played role in global trends. pop culture Moreover has impact. pop culture has played role in trends. pop culture plays crucial role. pop culture has played significant role. pop culture influences trends In fashion. pop culture influences global trends in technology. pop culture plays role in shaping global trends across various industries. pop culture plays role in global trends. pop culture has played role in shaping trends across various industries. pop culture plays role in shaping trends across various industries. pop culture has played significant role in shaping trends across industries. pop culture promotes superficiality. superficiality culture consumerism. pop culture has played significant role in global trends. pop culture plays role in shaping trends across industries. pop culture has played significant role in global trends across industries. trends spread across borders. trends leading to more globalized fashion landscape. pop culture has played role in trends across various industries. global trends is in technology. pop culture plays role in global trends across industries. pop culture has played significant role in shaping trends across various industries. pop culture has played role in shaping global trends. pop culture has played role in global trends across industries. pop culture has significant impact on norms. pop culture has played significant role in shaping global trends across various industries. pop culture plays role in shaping global trends across industries. pop culture has played significant role in shaping global trends across industries. pop culture has played role in trends across industries. trends spread quickly with social media platforms. pop culture also influences trends in technology. pop culture plays role in shaping global trends. pop culture has played role Over years. pop culture leading to society. pop culture has played role in shaping trends. pop culture plays role in shaping trends. pop culture has played role in shaping global trends across industries. pop culture has played role in shaping trends across industries. pop culture plays role. trends spread with media platforms. pop culture leading to society obsessed. pop culture has played significant role in shaping global trends.",
    "evaluation": 0
  },
  {
    "correct_answer": "Pop culture influences global trends in fashion through celebrity endorsements and social media.",
    "retrieved_context": "pop culture Moreover has significant impact on societal norms. pop culture has significant impact. trends spread across globe. pop culture has played role in shaping global trends across various industries. pop culture has played significant role in trends across industries. pop culture has impact on societal norms. pop culture has played role in global trends across various industries. pop culture plays role in trends. pop culture plays role in trends across industries. pop culture has played significant role in trends across various industries. trends leading to globalized fashion landscape. pop culture has played significant role in shaping trends. pop culture has played significant role in trends. significant role is in shaping global trends across various industries. pop culture leading to society obsessed with material possessions. pop culture has impact on norms. trends leading to fashion landscape. pop culture plays role in global trends across various industries. pop culture plays role In conclusion. pop culture plays role in trends across various industries. pop culture has played significant role in global trends across various industries. pop culture has played role in global trends. pop culture Moreover has impact. pop culture has played role in trends. pop culture plays crucial role. pop culture has played significant role. pop culture influences trends In fashion. pop culture influences global trends in technology. pop culture plays role in shaping global trends across various industries. pop culture plays role in global trends. pop culture has played role in shaping trends across various industries. pop culture plays role in shaping trends across various industries. pop culture has played significant role in shaping trends across industries. pop culture promotes superficiality. superficiality culture consumerism. pop culture has played significant role in global trends. pop culture plays role in shaping trends across industries. pop culture has played significant role in global trends across industries. trends spread across borders. trends leading to more globalized fashion landscape. pop culture has played role in trends across various industries. global trends is in technology. pop culture plays role in global trends across industries. pop culture has played significant role in shaping trends across various industries. pop culture has played role in shaping global trends. pop culture has played role in global trends across industries. pop culture has significant impact on norms. pop culture has played significant role in shaping global trends across various industries. pop culture plays role in shaping global trends across industries. pop culture has played significant role in shaping global trends across industries. pop culture has played role in trends across industries. trends spread quickly with social media platforms. pop culture also influences trends in technology. pop culture plays role in shaping global trends. pop culture has played role Over years. pop culture leading to society. pop culture has played role in shaping trends. pop culture plays role in shaping trends. pop culture has played role in shaping global trends across industries. pop culture has played role in shaping trends across industries. pop culture plays role. trends spread with media platforms. pop culture leading to society obsessed. pop culture has played significant role in shaping global trends.",
    "evaluation": 0
  },
  {
    "correct_answer": "Fast fashion and online shopping have contributed to a more globalized fashion landscape.",
    "retrieved_context": "Fashion trends are dictated. Fashion trends are often dictated.",
    "evaluation": 0
  },
  {
    "correct_answer": "Music artists shape popular culture through songs, music videos, and public personas.",
    "retrieved_context": "pop culture Moreover has significant impact on societal norms. pop culture has significant impact. trends spread across globe. pop culture has played role in shaping global trends across various industries. pop culture has played significant role in trends across industries. pop culture has impact on societal norms. pop culture has played role in global trends across various industries. pop culture plays role in trends. pop culture plays role in trends across industries. pop culture has played significant role in trends across various industries. trends leading to globalized fashion landscape. pop culture has played significant role in shaping trends. pop culture has played significant role in trends. significant role is in shaping global trends across various industries. pop culture leading to society obsessed with material possessions. pop culture has impact on norms. trends leading to fashion landscape. pop culture plays role in global trends across various industries. pop culture plays role In conclusion. pop culture plays role in trends across various industries. pop culture has played significant role in global trends across various industries. pop culture has played role in global trends. pop culture Moreover has impact. pop culture has played role in trends. pop culture plays crucial role. pop culture has played significant role. pop culture influences trends In fashion. pop culture influences global trends in technology. pop culture plays role in shaping global trends across various industries. pop culture plays role in global trends. pop culture has played role in shaping trends across various industries. pop culture plays role in shaping trends across various industries. pop culture has played significant role in shaping trends across industries. pop culture promotes superficiality. superficiality culture consumerism. pop culture has played significant role in global trends. pop culture plays role in shaping trends across industries. pop culture has played significant role in global trends across industries. trends spread across borders. trends leading to more globalized fashion landscape. pop culture has played role in trends across various industries. global trends is in technology. pop culture plays role in global trends across industries. pop culture has played significant role in shaping trends across various industries. pop culture has played role in shaping global trends. pop culture has played role in global trends across industries. pop culture has significant impact on norms. pop culture has played significant role in shaping global trends across various industries. pop culture plays role in shaping global trends across industries. pop culture has played significant role in shaping global trends across industries. pop culture has played role in trends across industries. trends spread quickly with social media platforms. pop culture also influences trends in technology. pop culture plays role in shaping global trends. pop culture has played role Over years. pop culture leading to society. pop culture has played role in shaping trends. pop culture plays role in shaping trends. pop culture has played role in shaping global trends across industries. pop culture has played role in shaping trends across industries. pop culture plays role. trends spread with media platforms. pop culture leading to society obsessed. pop culture has played significant role in shaping global trends.",
    "evaluation": 0
  },
  {
    "correct_answer": "K-pop has led to a surge in interest in Korean culture and fashion worldwide.",
    "retrieved_context": "",
    "evaluation": 0
  },
  {
    "correct_answer": "Technology trends spread quickly across the globe with the help of social media platforms.",
    "retrieved_context": "",
    "evaluation": 0
  },
  {
    "correct_answer": "Social media is a powerful tool for spreading ideas and influencing behavior globally.",
    "retrieved_context": "",
    "evaluation": 0
  },
  {
    "correct_answer": "Tech companies leverage pop culture trends to market their products and services.",
    "retrieved_context": "pop culture Moreover has significant impact on societal norms. pop culture has significant impact. trends spread across globe. pop culture has played role in shaping global trends across various industries. pop culture has played significant role in trends across industries. pop culture has impact on societal norms. pop culture has played role in global trends across various industries. pop culture plays role in trends. pop culture plays role in trends across industries. pop culture has played significant role in trends across various industries. trends leading to globalized fashion landscape. pop culture has played significant role in shaping trends. pop culture has played significant role in trends. significant role is in shaping global trends across various industries. pop culture leading to society obsessed with material possessions. pop culture has impact on norms. trends leading to fashion landscape. pop culture plays role in global trends across various industries. pop culture plays role In conclusion. pop culture plays role in trends across various industries. pop culture has played significant role in global trends across various industries. pop culture has played role in global trends. pop culture Moreover has impact. pop culture has played role in trends. pop culture plays crucial role. pop culture has played significant role. pop culture influences trends In fashion. pop culture influences global trends in technology. pop culture plays role in shaping global trends across various industries. pop culture plays role in global trends. pop culture has played role in shaping trends across various industries. pop culture plays role in shaping trends across various industries. pop culture has played significant role in shaping trends across industries. pop culture promotes superficiality. superficiality culture consumerism. pop culture has played significant role in global trends. pop culture plays role in shaping trends across industries. pop culture has played significant role in global trends across industries. trends spread across borders. trends leading to more globalized fashion landscape. pop culture has played role in trends across various industries. global trends is in technology. pop culture plays role in global trends across industries. pop culture has played significant role in shaping trends across various industries. pop culture has played role in shaping global trends. pop culture has played role in global trends across industries. pop culture has significant impact on norms. pop culture has played significant role in shaping global trends across various industries. pop culture plays role in shaping global trends across industries. pop culture has played significant role in shaping global trends across industries. pop culture has played role in trends across industries. trends spread quickly with social media platforms. pop culture also influences trends in technology. pop culture plays role in shaping global trends. pop culture has played role Over years. pop culture leading to society. pop culture has played role in shaping trends. pop culture plays role in shaping trends. pop culture has played role in shaping global trends across industries. pop culture has played role in shaping trends across industries. pop culture plays role. trends spread with media platforms. pop culture leading to society obsessed. pop culture has played significant role in shaping global trends.",
    "evaluation": 0
  },
  {
    "correct_answer": "Pop culture influences societal norms and values, shaping perceptions of gender, race, and sexuality.",
    "retrieved_context": "pop culture Moreover has significant impact on societal norms. pop culture has significant impact. trends spread across globe. pop culture has played role in shaping global trends across various industries. pop culture has played significant role in trends across industries. pop culture has impact on societal norms. pop culture has played role in global trends across various industries. pop culture plays role in trends. pop culture plays role in trends across industries. pop culture has played significant role in trends across various industries. trends leading to globalized fashion landscape. pop culture has played significant role in shaping trends. pop culture has played significant role in trends. significant role is in shaping global trends across various industries. pop culture leading to society obsessed with material possessions. pop culture has impact on norms. trends leading to fashion landscape. pop culture plays role in global trends across various industries. pop culture plays role In conclusion. pop culture plays role in trends across various industries. pop culture has played significant role in global trends across various industries. pop culture has played role in global trends. pop culture Moreover has impact. pop culture has played role in trends. pop culture plays crucial role. pop culture has played significant role. pop culture influences trends In fashion. pop culture influences global trends in technology. pop culture plays role in shaping global trends across various industries. pop culture plays role in global trends. pop culture has played role in shaping trends across various industries. pop culture plays role in shaping trends across various industries. pop culture has played significant role in shaping trends across industries. pop culture promotes superficiality. superficiality culture consumerism. pop culture has played significant role in global trends. pop culture plays role in shaping trends across industries. pop culture has played significant role in global trends across industries. trends spread across borders. trends leading to more globalized fashion landscape. pop culture has played role in trends across various industries. global trends is in technology. pop culture plays role in global trends across industries. pop culture has played significant role in shaping trends across various industries. pop culture has played role in shaping global trends. pop culture has played role in global trends across industries. pop culture has significant impact on norms. pop culture has played significant role in shaping global trends across various industries. pop culture plays role in shaping global trends across industries. pop culture has played significant role in shaping global trends across industries. pop culture has played role in trends across industries. trends spread quickly with social media platforms. pop culture also influences trends in technology. pop culture plays role in shaping global trends. pop culture has played role Over years. pop culture leading to society. pop culture has played role in shaping trends. pop culture plays role in shaping trends. pop culture has played role in shaping global trends across industries. pop culture has played role in shaping trends across industries. pop culture plays role. trends spread with media platforms. pop culture leading to society obsessed. pop culture has played significant role in shaping global trends.",
    "evaluation": 0
  },
  {
    "correct_answer": "Increased visibility of LGBTQ+ characters in media promotes acceptance and inclusivity.",
    "retrieved_context": "LGBTQ characters is in movies. sexuality is in popular media.",
    "evaluation": 0
  },
  {
    "correct_answer": "Pop culture critics argue it promotes superficiality and consumerism.",
    "retrieved_context": "superficiality culture consumerism.",
    "evaluation": 0
  },
  {
    "correct_answer": "Critics raise concerns about cultural appropriation and misrepresentation in popular media.",
    "retrieved_context": "",
    "evaluation": 0
  },
  {
    "correct_answer": "Pop culture brings people together, sparks creativity, and drives social change.",
    "retrieved_context": "pop culture Moreover has significant impact on societal norms. pop culture has significant impact. trends spread across globe. pop culture has played role in shaping global trends across various industries. pop culture has played significant role in trends across industries. pop culture has impact on societal norms. pop culture has played role in global trends across various industries. pop culture plays role in trends. pop culture plays role in trends across industries. pop culture has played significant role in trends across various industries. trends leading to globalized fashion landscape. pop culture has played significant role in shaping trends. pop culture has played significant role in trends. significant role is in shaping global trends across various industries. pop culture leading to society obsessed with material possessions. pop culture has impact on norms. trends leading to fashion landscape. pop culture plays role in global trends across various industries. pop culture plays role In conclusion. pop culture plays role in trends across various industries. pop culture has played significant role in global trends across various industries. pop culture has played role in global trends. pop culture Moreover has impact. pop culture has played role in trends. pop culture plays crucial role. pop culture has played significant role. pop culture influences trends In fashion. pop culture influences global trends in technology. pop culture plays role in shaping global trends across various industries. pop culture plays role in global trends. pop culture has played role in shaping trends across various industries. pop culture plays role in shaping trends across various industries. pop culture has played significant role in shaping trends across industries. pop culture promotes superficiality. superficiality culture consumerism. pop culture has played significant role in global trends. pop culture plays role in shaping trends across industries. pop culture has played significant role in global trends across industries. trends spread across borders. trends leading to more globalized fashion landscape. pop culture has played role in trends across various industries. global trends is in technology. pop culture plays role in global trends across industries. pop culture has played significant role in shaping trends across various industries. pop culture has played role in shaping global trends. pop culture has played role in global trends across industries. pop culture has significant impact on norms. pop culture has played significant role in shaping global trends across various industries. pop culture plays role in shaping global trends across industries. pop culture has played significant role in shaping global trends across industries. pop culture has played role in trends across industries. trends spread quickly with social media platforms. pop culture also influences trends in technology. pop culture plays role in shaping global trends. pop culture has played role Over years. pop culture leading to society. pop culture has played role in shaping trends. pop culture plays role in shaping trends. pop culture has played role in shaping global trends across industries. pop culture has played role in shaping trends across industries. pop culture plays role. trends spread with media platforms. pop culture leading to society obsessed. pop culture has played significant role in shaping global trends.",
    "evaluation": 0
  },
  {
    "correct_answer": "Pop culture plays a crucial role in shaping global trends across various industries.",
    "retrieved_context": "pop culture Moreover has significant impact on societal norms. pop culture has significant impact. trends spread across globe. pop culture has played role in shaping global trends across various industries. pop culture has played significant role in trends across industries. pop culture has impact on societal norms. pop culture has played role in global trends across various industries. pop culture plays role in trends. pop culture plays role in trends across industries. pop culture has played significant role in trends across various industries. trends leading to globalized fashion landscape. pop culture has played significant role in shaping trends. pop culture has played significant role in trends. significant role is in shaping global trends across various industries. pop culture leading to society obsessed with material possessions. pop culture has impact on norms. trends leading to fashion landscape. pop culture plays role in global trends across various industries. pop culture plays role In conclusion. pop culture plays role in trends across various industries. pop culture has played significant role in global trends across various industries. pop culture has played role in global trends. pop culture Moreover has impact. pop culture has played role in trends. pop culture plays crucial role. pop culture has played significant role. pop culture influences trends In fashion. pop culture influences global trends in technology. pop culture plays role in shaping global trends across various industries. pop culture plays role in global trends. pop culture has played role in shaping trends across various industries. pop culture plays role in shaping trends across various industries. pop culture has played significant role in shaping trends across industries. pop culture promotes superficiality. superficiality culture consumerism. pop culture has played significant role in global trends. pop culture plays role in shaping trends across industries. pop culture has played significant role in global trends across industries. trends spread across borders. trends leading to more globalized fashion landscape. pop culture has played role in trends across various industries. global trends is in technology. pop culture plays role in global trends across industries. pop culture has played significant role in shaping trends across various industries. pop culture has played role in shaping global trends. pop culture has played role in global trends across industries. pop culture has significant impact on norms. pop culture has played significant role in shaping global trends across various industries. pop culture plays role in shaping global trends across industries. pop culture has played significant role in shaping global trends across industries. pop culture has played role in trends across industries. trends spread quickly with social media platforms. pop culture also influences trends in technology. pop culture plays role in shaping global trends. pop culture has played role Over years. pop culture leading to society. pop culture has played role in shaping trends. pop culture plays role in shaping trends. pop culture has played role in shaping global trends across industries. pop culture has played role in shaping trends across industries. pop culture plays role. trends spread with media platforms. pop culture leading to society obsessed. pop culture has played significant role in shaping global trends.",
    "evaluation": 1
  },
  {
    "correct_answer": "Understanding the influence of pop culture helps navigate the ever-changing landscape of popular culture.",
    "retrieved_context": "pop culture Moreover has significant impact on societal norms. pop culture has significant impact. trends spread across globe. pop culture has played role in shaping global trends across various industries. pop culture has played significant role in trends across industries. pop culture has impact on societal norms. pop culture has played role in global trends across various industries. pop culture plays role in trends. pop culture plays role in trends across industries. pop culture has played significant role in trends across various industries. trends leading to globalized fashion landscape. pop culture has played significant role in shaping trends. pop culture has played significant role in trends. significant role is in shaping global trends across various industries. pop culture leading to society obsessed with material possessions. pop culture has impact on norms. trends leading to fashion landscape. pop culture plays role in global trends across various industries. pop culture plays role In conclusion. pop culture plays role in trends across various industries. pop culture has played significant role in global trends across various industries. pop culture has played role in global trends. pop culture Moreover has impact. pop culture has played role in trends. pop culture plays crucial role. pop culture has played significant role. pop culture influences trends In fashion. pop culture influences global trends in technology. pop culture plays role in shaping global trends across various industries. pop culture plays role in global trends. pop culture has played role in shaping trends across various industries. pop culture plays role in shaping trends across various industries. pop culture has played significant role in shaping trends across industries. pop culture promotes superficiality. superficiality culture consumerism. pop culture has played significant role in global trends. pop culture plays role in shaping trends across industries. pop culture has played significant role in global trends across industries. trends spread across borders. trends leading to more globalized fashion landscape. pop culture has played role in trends across various industries. global trends is in technology. pop culture plays role in global trends across industries. pop culture has played significant role in shaping trends across various industries. pop culture has played role in shaping global trends. pop culture has played role in global trends across industries. pop culture has significant impact on norms. pop culture has played significant role in shaping global trends across various industries. pop culture plays role in shaping global trends across industries. pop culture has played significant role in shaping global trends across industries. pop culture has played role in trends across industries. trends spread quickly with social media platforms. pop culture also influences trends in technology. pop culture plays role in shaping global trends. pop culture has played role Over years. pop culture leading to society. pop culture has played role in shaping trends. pop culture plays role in shaping trends. pop culture has played role in shaping global trends across industries. pop culture has played role in shaping trends across industries. pop culture plays role. trends spread with media platforms. pop culture leading to society obsessed. pop culture has played significant role in shaping global trends.",
    "evaluation": 1
  },
  {
    "accuracy": "13.33%"
  }
]