[
  {
    "correct_answer": "Water is crucial for the development of civilization.",
    "retrieved_context": "",
    "evaluation": 0
  },
  {
    "correct_answer": "Water is essential for human survival.",
    "retrieved_context": "crucial role is in development of civilization. Water play role in generating hydroelectric power. Water has played role throughout history. Water has played role in development of civilization. Water is essential. Water has played crucial role in development of civilization. Water has played role in development. Water has played crucial role. Water has played crucial role in development. Water play role in generating power. Water play role in hydroelectric power. Water play role in power. Water play critical role. Water play role. water shaping way humans. has fundamental element is in development of civilization. water has From ancient times to present day has essential for survival. water has has essential for survival. water has has fundamental element in development. water has From ancient times to day has essential. water has From times to day has essential. water has From times to present day has essential. water has From ancient times to present day has essential for human survival. water has has element in development of civilization. water has From times to present day has essential for survival. water has From ancient times has essential for survival. development connected distant civilizations. has source driving technological advancements. water has has essential for transportation. water has In conclusion has fundamental element in development. water has In conclusion has element. water has has source. water has has fundamental element in development of civilization. water interact with their environment. water has In conclusion has element in development. water has In conclusion has element in development of civilization. water has From ancient times has essential for human survival. development connected civilizations. water has From ancient times to day has essential for human survival. water has In conclusion has fundamental element in development of civilization. water has has source of power for industry. water has Moreover has source of power for industry. water has In conclusion has fundamental element. water has has essential. development fostered exchange. water has Moreover has source. has source driving advancements. water has From times to day has essential for human survival. water has From times has essential for human survival. water has From times has essential for survival. water has Furthermore has essential for transportation. water has From ancient times to present day has essential. water has has element in development. water has has source of power. water has From ancient times has essential. water has has vital for agriculture. water been fundamental development. development fostered exchange of goods. water has From times to present day has essential for human survival. water has From times to day has essential for survival. water has From times has essential. water has Moreover has source of power. has fundamental element is In conclusion. water has From ancient times to day has essential for survival. water has has essential for human survival. water has has element. water has has fundamental element. water has Furthermore has essential. water has has vital.",
    "evaluation": 1
  },
  {
    "correct_answer": "Water is important for drinking.",
    "retrieved_context": "crucial role is in development of civilization. Water play role in generating hydroelectric power. Water has played role throughout history. Water has played role in development of civilization. Water is essential. Water has played crucial role in development of civilization. Water has played role in development. Water has played crucial role. Water has played crucial role in development. Water play role in generating power. Water play role in hydroelectric power. Water play role in power. Water play critical role. Water play role. water shaping way humans. has fundamental element is in development of civilization. water has From ancient times to present day has essential for survival. water has has essential for survival. water has has fundamental element in development. water has From ancient times to day has essential. water has From times to day has essential. water has From times to present day has essential. water has From ancient times to present day has essential for human survival. water has has element in development of civilization. water has From times to present day has essential for survival. water has From ancient times has essential for survival. development connected distant civilizations. has source driving technological advancements. water has has essential for transportation. water has In conclusion has fundamental element in development. water has In conclusion has element. water has has source. water has has fundamental element in development of civilization. water interact with their environment. water has In conclusion has element in development. water has In conclusion has element in development of civilization. water has From ancient times has essential for human survival. development connected civilizations. water has From ancient times to day has essential for human survival. water has In conclusion has fundamental element in development of civilization. water has has source of power for industry. water has Moreover has source of power for industry. water has In conclusion has fundamental element. water has has essential. development fostered exchange. water has Moreover has source. has source driving advancements. water has From times to day has essential for human survival. water has From times has essential for human survival. water has From times has essential for survival. water has Furthermore has essential for transportation. water has From ancient times to present day has essential. water has has element in development. water has has source of power. water has From ancient times has essential. water has has vital for agriculture. water been fundamental development. development fostered exchange of goods. water has From times to present day has essential for human survival. water has From times to day has essential for survival. water has From times has essential. water has Moreover has source of power. has fundamental element is In conclusion. water has From ancient times to day has essential for survival. water has has essential for human survival. water has has element. water has has fundamental element. water has Furthermore has essential. water has has vital. Waterways have played role in campaigns. Waterways have also played role in military campaigns. Waterways have also played strategic role in campaigns. Waterways have also played strategic role in military campaigns. Waterways have also played strategic role. Waterways have also played role. strategic role is in military campaigns. Watermills were used in ancient times. Watermills were used. Watermills were used in times. Rivers have served for movement of people. Rivers have served for movement. Rivers have served as highways. Rivers have served as natural highways.",
    "evaluation": 0
  },
  {
    "correct_answer": "Water is important for cooking.",
    "retrieved_context": "crucial role is in development of civilization. Water play role in generating hydroelectric power. Water has played role throughout history. Water has played role in development of civilization. Water is essential. Water has played crucial role in development of civilization. Water has played role in development. Water has played crucial role. Water has played crucial role in development. Water play role in generating power. Water play role in hydroelectric power. Water play role in power. Water play critical role. Water play role. water shaping way humans. has fundamental element is in development of civilization. water has From ancient times to present day has essential for survival. water has has essential for survival. water has has fundamental element in development. water has From ancient times to day has essential. water has From times to day has essential. water has From times to present day has essential. water has From ancient times to present day has essential for human survival. water has has element in development of civilization. water has From times to present day has essential for survival. water has From ancient times has essential for survival. development connected distant civilizations. has source driving technological advancements. water has has essential for transportation. water has In conclusion has fundamental element in development. water has In conclusion has element. water has has source. water has has fundamental element in development of civilization. water interact with their environment. water has In conclusion has element in development. water has In conclusion has element in development of civilization. water has From ancient times has essential for human survival. development connected civilizations. water has From ancient times to day has essential for human survival. water has In conclusion has fundamental element in development of civilization. water has has source of power for industry. water has Moreover has source of power for industry. water has In conclusion has fundamental element. water has has essential. development fostered exchange. water has Moreover has source. has source driving advancements. water has From times to day has essential for human survival. water has From times has essential for human survival. water has From times has essential for survival. water has Furthermore has essential for transportation. water has From ancient times to present day has essential. water has has element in development. water has has source of power. water has From ancient times has essential. water has has vital for agriculture. water been fundamental development. development fostered exchange of goods. water has From times to present day has essential for human survival. water has From times to day has essential for survival. water has From times has essential. water has Moreover has source of power. has fundamental element is In conclusion. water has From ancient times to day has essential for survival. water has has essential for human survival. water has has element. water has has fundamental element. water has Furthermore has essential. water has has vital. Watermills were used in ancient times. Watermills were used. Watermills were used in times.",
    "evaluation": 0
  },
  {
    "correct_answer": "Water is important for sanitation.",
    "retrieved_context": "crucial role is in development of civilization. Water play role in generating hydroelectric power. Water has played role throughout history. Water has played role in development of civilization. Water is essential. Water has played crucial role in development of civilization. Water has played role in development. Water has played crucial role. Water has played crucial role in development. Water play role in generating power. Water play role in hydroelectric power. Water play role in power. Water play critical role. Water play role. water shaping way humans. has fundamental element is in development of civilization. water has From ancient times to present day has essential for survival. water has has essential for survival. water has has fundamental element in development. water has From ancient times to day has essential. water has From times to day has essential. water has From times to present day has essential. water has From ancient times to present day has essential for human survival. water has has element in development of civilization. water has From times to present day has essential for survival. water has From ancient times has essential for survival. development connected distant civilizations. has source driving technological advancements. water has has essential for transportation. water has In conclusion has fundamental element in development. water has In conclusion has element. water has has source. water has has fundamental element in development of civilization. water interact with their environment. water has In conclusion has element in development. water has In conclusion has element in development of civilization. water has From ancient times has essential for human survival. development connected civilizations. water has From ancient times to day has essential for human survival. water has In conclusion has fundamental element in development of civilization. water has has source of power for industry. water has Moreover has source of power for industry. water has In conclusion has fundamental element. water has has essential. development fostered exchange. water has Moreover has source. has source driving advancements. water has From times to day has essential for human survival. water has From times has essential for human survival. water has From times has essential for survival. water has Furthermore has essential for transportation. water has From ancient times to present day has essential. water has has element in development. water has has source of power. water has From ancient times has essential. water has has vital for agriculture. water been fundamental development. development fostered exchange of goods. water has From times to present day has essential for human survival. water has From times to day has essential for survival. water has From times has essential. water has Moreover has source of power. has fundamental element is In conclusion. water has From ancient times to day has essential for survival. water has has essential for human survival. water has has element. water has has fundamental element. water has Furthermore has essential. water has has vital. Waterways have played role in campaigns. Waterways have also played role in military campaigns. Waterways have also played strategic role in campaigns. Waterways have also played strategic role in military campaigns. Waterways have also played strategic role. Waterways have also played role. strategic role is in military campaigns.",
    "evaluation": 0
  },
  {
    "correct_answer": "Early human settlements were established near sources of water.",
    "retrieved_context": "human settlements were often established. human settlements were often established near sources. human settlements were established. established was crucial. human settlements were established near sources of water. established was crucial for their survival. settlements were often established. settlements were established. established was crucial. settlements were often established near sources of water. settlements were established near sources. established was crucial for their survival.",
    "evaluation": 1
  },
  {
    "correct_answer": "Access to water was crucial for the survival of early civilizations.",
    "retrieved_context": "",
    "evaluation": 0
  },
  {
    "correct_answer": "The availability of water determined the success of settlements.",
    "retrieved_context": "settlements were often established. settlements were established. established was crucial. settlements were often established near sources of water. settlements were established near sources. established was crucial for their survival. human settlements were often established. human settlements were often established near sources. human settlements were established. established was crucial. human settlements were established near sources of water. established was crucial for their survival.",
    "evaluation": 1
  },
  {
    "correct_answer": "Water is vital for agriculture.",
    "retrieved_context": "crucial role is in development of civilization. Water play role in generating hydroelectric power. Water has played role throughout history. Water has played role in development of civilization. Water is essential. Water has played crucial role in development of civilization. Water has played role in development. Water has played crucial role. Water has played crucial role in development. Water play role in generating power. Water play role in hydroelectric power. Water play role in power. Water play critical role. Water play role. water shaping way humans. has fundamental element is in development of civilization. water has From ancient times to present day has essential for survival. water has has essential for survival. water has has fundamental element in development. water has From ancient times to day has essential. water has From times to day has essential. water has From times to present day has essential. water has From ancient times to present day has essential for human survival. water has has element in development of civilization. water has From times to present day has essential for survival. water has From ancient times has essential for survival. development connected distant civilizations. has source driving technological advancements. water has has essential for transportation. water has In conclusion has fundamental element in development. water has In conclusion has element. water has has source. water has has fundamental element in development of civilization. water interact with their environment. water has In conclusion has element in development. water has In conclusion has element in development of civilization. water has From ancient times has essential for human survival. development connected civilizations. water has From ancient times to day has essential for human survival. water has In conclusion has fundamental element in development of civilization. water has has source of power for industry. water has Moreover has source of power for industry. water has In conclusion has fundamental element. water has has essential. development fostered exchange. water has Moreover has source. has source driving advancements. water has From times to day has essential for human survival. water has From times has essential for human survival. water has From times has essential for survival. water has Furthermore has essential for transportation. water has From ancient times to present day has essential. water has has element in development. water has has source of power. water has From ancient times has essential. water has has vital for agriculture. water been fundamental development. development fostered exchange of goods. water has From times to present day has essential for human survival. water has From times to day has essential for survival. water has From times has essential. water has Moreover has source of power. has fundamental element is In conclusion. water has From ancient times to day has essential for survival. water has has essential for human survival. water has has element. water has has fundamental element. water has Furthermore has essential. water has has vital.",
    "evaluation": 1
  },
  {
    "correct_answer": "Water is used to irrigate crops.",
    "retrieved_context": "crucial role is in development of civilization. Water play role in generating hydroelectric power. Water has played role throughout history. Water has played role in development of civilization. Water is essential. Water has played crucial role in development of civilization. Water has played role in development. Water has played crucial role. Water has played crucial role in development. Water play role in generating power. Water play role in hydroelectric power. Water play role in power. Water play critical role. Water play role. water shaping way humans. has fundamental element is in development of civilization. water has From ancient times to present day has essential for survival. water has has essential for survival. water has has fundamental element in development. water has From ancient times to day has essential. water has From times to day has essential. water has From times to present day has essential. water has From ancient times to present day has essential for human survival. water has has element in development of civilization. water has From times to present day has essential for survival. water has From ancient times has essential for survival. development connected distant civilizations. has source driving technological advancements. water has has essential for transportation. water has In conclusion has fundamental element in development. water has In conclusion has element. water has has source. water has has fundamental element in development of civilization. water interact with their environment. water has In conclusion has element in development. water has In conclusion has element in development of civilization. water has From ancient times has essential for human survival. development connected civilizations. water has From ancient times to day has essential for human survival. water has In conclusion has fundamental element in development of civilization. water has has source of power for industry. water has Moreover has source of power for industry. water has In conclusion has fundamental element. water has has essential. development fostered exchange. water has Moreover has source. has source driving advancements. water has From times to day has essential for human survival. water has From times has essential for human survival. water has From times has essential for survival. water has Furthermore has essential for transportation. water has From ancient times to present day has essential. water has has element in development. water has has source of power. water has From ancient times has essential. water has has vital for agriculture. water been fundamental development. development fostered exchange of goods. water has From times to present day has essential for human survival. water has From times to day has essential for survival. water has From times has essential. water has Moreover has source of power. has fundamental element is In conclusion. water has From ancient times to day has essential for survival. water has has essential for human survival. water has has element. water has has fundamental element. water has Furthermore has essential. water has has vital.",
    "evaluation": 0
  },
  {
    "correct_answer": "Water allows societies to cultivate larger areas of land.",
    "retrieved_context": "Waterways have played role in campaigns. Waterways have also played role in military campaigns. Waterways have also played strategic role in campaigns. Waterways have also played strategic role in military campaigns. Waterways have also played strategic role. Waterways have also played role. strategic role is in military campaigns. crucial role is in development of civilization. Water play role in generating hydroelectric power. Water has played role throughout history. Water has played role in development of civilization. Water is essential. Water has played crucial role in development of civilization. Water has played role in development. Water has played crucial role. Water has played crucial role in development. Water play role in generating power. Water play role in hydroelectric power. Water play role in power. Water play critical role. Water play role.",
    "evaluation": 0
  },
  {
    "correct_answer": "Water has been essential for transportation and trade.",
    "retrieved_context": "Waterways have played role in campaigns. Waterways have also played role in military campaigns. Waterways have also played strategic role in campaigns. Waterways have also played strategic role in military campaigns. Waterways have also played strategic role. Waterways have also played role. strategic role is in military campaigns. crucial role is in development of civilization. Water play role in generating hydroelectric power. Water has played role throughout history. Water has played role in development of civilization. Water is essential. Water has played crucial role in development of civilization. Water has played role in development. Water has played crucial role. Water has played crucial role in development. Water play role in generating power. Water play role in hydroelectric power. Water play role in power. Water play critical role. Water play role. water shaping way humans. has fundamental element is in development of civilization. water has From ancient times to present day has essential for survival. water has has essential for survival. water has has fundamental element in development. water has From ancient times to day has essential. water has From times to day has essential. water has From times to present day has essential. water has From ancient times to present day has essential for human survival. water has has element in development of civilization. water has From times to present day has essential for survival. water has From ancient times has essential for survival. development connected distant civilizations. has source driving technological advancements. water has has essential for transportation. water has In conclusion has fundamental element in development. water has In conclusion has element. water has has source. water has has fundamental element in development of civilization. water interact with their environment. water has In conclusion has element in development. water has In conclusion has element in development of civilization. water has From ancient times has essential for human survival. development connected civilizations. water has From ancient times to day has essential for human survival. water has In conclusion has fundamental element in development of civilization. water has has source of power for industry. water has Moreover has source of power for industry. water has In conclusion has fundamental element. water has has essential. development fostered exchange. water has Moreover has source. has source driving advancements. water has From times to day has essential for human survival. water has From times has essential for human survival. water has From times has essential for survival. water has Furthermore has essential for transportation. water has From ancient times to present day has essential. water has has element in development. water has has source of power. water has From ancient times has essential. water has has vital for agriculture. water been fundamental development. development fostered exchange of goods. water has From times to present day has essential for human survival. water has From times to day has essential for survival. water has From times has essential. water has Moreover has source of power. has fundamental element is In conclusion. water has From ancient times to day has essential for survival. water has has essential for human survival. water has has element. water has has fundamental element. water has Furthermore has essential. water has has vital.",
    "evaluation": 0
  },
  {
    "correct_answer": "Rivers and seas have served as natural highways for trade.",
    "retrieved_context": "Waterways have played role in campaigns. Waterways have also played role in military campaigns. Waterways have also played strategic role in campaigns. Waterways have also played strategic role in military campaigns. Waterways have also played strategic role. Waterways have also played role. strategic role is in military campaigns. Rivers have served for movement of people. Rivers have served for movement. Rivers have served as highways. Rivers have served as natural highways. seas have served as natural highways. seas have served for movement. seas have served as highways. seas have served for movement of people.",
    "evaluation": 0
  },
  {
    "correct_answer": "Water has been a source of power for industry and innovation.",
    "retrieved_context": "",
    "evaluation": 0
  },
  {
    "correct_answer": "Watermills and waterwheels were used in ancient times for various purposes.",
    "retrieved_context": "grain power various mechanical devices. grain saw wood. grain power various devices. waterwheels grind grain. grain power devices. grain power mechanical devices. Watermills were used in ancient times. Watermills were used. Watermills were used in times.",
    "evaluation": 1
  },
  {
    "accuracy": "33.33%"
  }
]