[
  {
    "correct_answer": "Black holes captivate scientists and the general public.",
    "retrieved_context": "scientists have made significant progress. scientists have made progress. Black holes provide testing ground. Black holes have captivated imagination for decades. scientists study holes. scientists speculate about existence beyond realm. Black holes have captivated imagination of scientists alike. Black holes are born from remnants of stars. scientists speculate about existence of new physics beyond realm of relativity. Black holes are born. scientists speculate about existence. scientists speculate about existence of physics beyond realm of general relativity. scientists speculate about existence of physics beyond realm of relativity. scientists speculate about existence of new physics. Black holes are born from remnants of massive stars. scientists have made progress Despite their mysterious nature. scientists speculate about existence beyond realm of general relativity. scientists have made progress Despite their nature. scientists have made progress in recent years. Black holes imagination of scientists. Black holes have captivated imagination of scientists. scientists speculate about existence of physics beyond realm. Black holes have captivated imagination. Black holes provide unique testing ground. scientists study black holes. Black holes provide testing ground for theories of gravity. scientists speculate about existence of new physics beyond realm of general relativity. scientists speculate about existence of new physics beyond realm. scientists speculate about existence beyond realm of relativity. scientists have made progress in years. Black holes are born from remnants. scientists speculate about existence of physics. Black holes provide testing ground for theories. scientists have made progress in understanding. Black holes imagination of scientists alike. black holes push boundaries. black holes lose mass. their formation fascinating world properties. their formation world of black holes. black holes intriguing aspects of is their formation. black holes most striking features of is their pull. black holes most striking features of is their gravitational pull. black holes intriguing property of is their size. black holes push boundaries of our knowledge. their formation fascinating world of holes. mass eventually evaporate over time.",
    "evaluation": 1
  },
  {
    "correct_answer": "Black holes have immense gravitational pull.",
    "retrieved_context": "scientists have made significant progress. scientists have made progress. Black holes provide testing ground. Black holes have captivated imagination for decades. scientists study holes. scientists speculate about existence beyond realm. Black holes have captivated imagination of scientists alike. Black holes are born from remnants of stars. scientists speculate about existence of new physics beyond realm of relativity. Black holes are born. scientists speculate about existence. scientists speculate about existence of physics beyond realm of general relativity. scientists speculate about existence of physics beyond realm of relativity. scientists speculate about existence of new physics. Black holes are born from remnants of massive stars. scientists have made progress Despite their mysterious nature. scientists speculate about existence beyond realm of general relativity. scientists have made progress Despite their nature. scientists have made progress in recent years. Black holes imagination of scientists. Black holes have captivated imagination of scientists. scientists speculate about existence of physics beyond realm. Black holes have captivated imagination. Black holes provide unique testing ground. scientists study black holes. Black holes provide testing ground for theories of gravity. scientists speculate about existence of new physics beyond realm of general relativity. scientists speculate about existence of new physics beyond realm. scientists speculate about existence beyond realm of relativity. scientists have made progress in years. Black holes are born from remnants. scientists speculate about existence of physics. Black holes provide testing ground for theories. scientists have made progress in understanding. Black holes imagination of scientists alike. black holes push boundaries. black holes lose mass. their formation fascinating world properties. their formation world of black holes. black holes intriguing aspects of is their formation. black holes most striking features of is their pull. black holes most striking features of is their gravitational pull. black holes intriguing property of is their size. black holes push boundaries of our knowledge. their formation fascinating world of holes. mass eventually evaporate over time. gravitational pull becomes Beyond radius.",
    "evaluation": 1
  },
  {
    "correct_answer": "Light cannot escape from black holes.",
    "retrieved_context": "scientists have made significant progress. scientists have made progress. Black holes provide testing ground. Black holes have captivated imagination for decades. scientists study holes. scientists speculate about existence beyond realm. Black holes have captivated imagination of scientists alike. Black holes are born from remnants of stars. scientists speculate about existence of new physics beyond realm of relativity. Black holes are born. scientists speculate about existence. scientists speculate about existence of physics beyond realm of general relativity. scientists speculate about existence of physics beyond realm of relativity. scientists speculate about existence of new physics. Black holes are born from remnants of massive stars. scientists have made progress Despite their mysterious nature. scientists speculate about existence beyond realm of general relativity. scientists have made progress Despite their nature. scientists have made progress in recent years. Black holes imagination of scientists. Black holes have captivated imagination of scientists. scientists speculate about existence of physics beyond realm. Black holes have captivated imagination. Black holes provide unique testing ground. scientists study black holes. Black holes provide testing ground for theories of gravity. scientists speculate about existence of new physics beyond realm of general relativity. scientists speculate about existence of new physics beyond realm. scientists speculate about existence beyond realm of relativity. scientists have made progress in years. Black holes are born from remnants. scientists speculate about existence of physics. Black holes provide testing ground for theories. scientists have made progress in understanding. Black holes imagination of scientists alike. black holes push boundaries. black holes lose mass. their formation fascinating world properties. their formation world of black holes. black holes intriguing aspects of is their formation. black holes most striking features of is their pull. black holes most striking features of is their gravitational pull. black holes intriguing property of is their size. black holes push boundaries of our knowledge. their formation fascinating world of holes. mass eventually evaporate over time.",
    "evaluation": 0
  },
  {
    "correct_answer": "Astronomers and physicists are puzzled by black holes.",
    "retrieved_context": "scientists have made significant progress. scientists have made progress. Black holes provide testing ground. Black holes have captivated imagination for decades. scientists study holes. scientists speculate about existence beyond realm. Black holes have captivated imagination of scientists alike. Black holes are born from remnants of stars. scientists speculate about existence of new physics beyond realm of relativity. Black holes are born. scientists speculate about existence. scientists speculate about existence of physics beyond realm of general relativity. scientists speculate about existence of physics beyond realm of relativity. scientists speculate about existence of new physics. Black holes are born from remnants of massive stars. scientists have made progress Despite their mysterious nature. scientists speculate about existence beyond realm of general relativity. scientists have made progress Despite their nature. scientists have made progress in recent years. Black holes imagination of scientists. Black holes have captivated imagination of scientists. scientists speculate about existence of physics beyond realm. Black holes have captivated imagination. Black holes provide unique testing ground. scientists study black holes. Black holes provide testing ground for theories of gravity. scientists speculate about existence of new physics beyond realm of general relativity. scientists speculate about existence of new physics beyond realm. scientists speculate about existence beyond realm of relativity. scientists have made progress in years. Black holes are born from remnants. scientists speculate about existence of physics. Black holes provide testing ground for theories. scientists have made progress in understanding. Black holes imagination of scientists alike. black holes push boundaries. black holes lose mass. their formation fascinating world properties. their formation world of black holes. black holes intriguing aspects of is their formation. black holes most striking features of is their pull. black holes most striking features of is their gravitational pull. black holes intriguing property of is their size. black holes push boundaries of our knowledge. their formation fascinating world of holes. mass eventually evaporate over time.",
    "evaluation": 1
  },
  {
    "correct_answer": "Black holes are born from massive stars' remnants.",
    "retrieved_context": "scientists have made significant progress. scientists have made progress. Black holes provide testing ground. Black holes have captivated imagination for decades. scientists study holes. scientists speculate about existence beyond realm. Black holes have captivated imagination of scientists alike. Black holes are born from remnants of stars. scientists speculate about existence of new physics beyond realm of relativity. Black holes are born. scientists speculate about existence. scientists speculate about existence of physics beyond realm of general relativity. scientists speculate about existence of physics beyond realm of relativity. scientists speculate about existence of new physics. Black holes are born from remnants of massive stars. scientists have made progress Despite their mysterious nature. scientists speculate about existence beyond realm of general relativity. scientists have made progress Despite their nature. scientists have made progress in recent years. Black holes imagination of scientists. Black holes have captivated imagination of scientists. scientists speculate about existence of physics beyond realm. Black holes have captivated imagination. Black holes provide unique testing ground. scientists study black holes. Black holes provide testing ground for theories of gravity. scientists speculate about existence of new physics beyond realm of general relativity. scientists speculate about existence of new physics beyond realm. scientists speculate about existence beyond realm of relativity. scientists have made progress in years. Black holes are born from remnants. scientists speculate about existence of physics. Black holes provide testing ground for theories. scientists have made progress in understanding. Black holes imagination of scientists alike. black holes push boundaries. black holes lose mass. their formation fascinating world properties. their formation world of black holes. black holes intriguing aspects of is their formation. black holes most striking features of is their pull. black holes most striking features of is their gravitational pull. black holes intriguing property of is their size. black holes push boundaries of our knowledge. their formation fascinating world of holes. mass eventually evaporate over time.",
    "evaluation": 1
  },
  {
    "correct_answer": "Stars collapse under gravity to form black holes.",
    "retrieved_context": "scientists have made significant progress. scientists have made progress. Black holes provide testing ground. Black holes have captivated imagination for decades. scientists study holes. scientists speculate about existence beyond realm. Black holes have captivated imagination of scientists alike. Black holes are born from remnants of stars. scientists speculate about existence of new physics beyond realm of relativity. Black holes are born. scientists speculate about existence. scientists speculate about existence of physics beyond realm of general relativity. scientists speculate about existence of physics beyond realm of relativity. scientists speculate about existence of new physics. Black holes are born from remnants of massive stars. scientists have made progress Despite their mysterious nature. scientists speculate about existence beyond realm of general relativity. scientists have made progress Despite their nature. scientists have made progress in recent years. Black holes imagination of scientists. Black holes have captivated imagination of scientists. scientists speculate about existence of physics beyond realm. Black holes have captivated imagination. Black holes provide unique testing ground. scientists study black holes. Black holes provide testing ground for theories of gravity. scientists speculate about existence of new physics beyond realm of general relativity. scientists speculate about existence of new physics beyond realm. scientists speculate about existence beyond realm of relativity. scientists have made progress in years. Black holes are born from remnants. scientists speculate about existence of physics. Black holes provide testing ground for theories. scientists have made progress in understanding. Black holes imagination of scientists alike. black holes push boundaries. black holes lose mass. their formation fascinating world properties. their formation world of black holes. black holes intriguing aspects of is their formation. black holes most striking features of is their pull. black holes most striking features of is their gravitational pull. black holes intriguing property of is their size. black holes push boundaries of our knowledge. their formation fascinating world of holes. mass eventually evaporate over time.",
    "evaluation": 0
  },
  {
    "correct_answer": "Black holes have a singularity at their center.",
    "retrieved_context": "scientists have made significant progress. scientists have made progress. Black holes provide testing ground. Black holes have captivated imagination for decades. scientists study holes. scientists speculate about existence beyond realm. Black holes have captivated imagination of scientists alike. Black holes are born from remnants of stars. scientists speculate about existence of new physics beyond realm of relativity. Black holes are born. scientists speculate about existence. scientists speculate about existence of physics beyond realm of general relativity. scientists speculate about existence of physics beyond realm of relativity. scientists speculate about existence of new physics. Black holes are born from remnants of massive stars. scientists have made progress Despite their mysterious nature. scientists speculate about existence beyond realm of general relativity. scientists have made progress Despite their nature. scientists have made progress in recent years. Black holes imagination of scientists. Black holes have captivated imagination of scientists. scientists speculate about existence of physics beyond realm. Black holes have captivated imagination. Black holes provide unique testing ground. scientists study black holes. Black holes provide testing ground for theories of gravity. scientists speculate about existence of new physics beyond realm of general relativity. scientists speculate about existence of new physics beyond realm. scientists speculate about existence beyond realm of relativity. scientists have made progress in years. Black holes are born from remnants. scientists speculate about existence of physics. Black holes provide testing ground for theories. scientists have made progress in understanding. Black holes imagination of scientists alike. black holes push boundaries. black holes lose mass. their formation fascinating world properties. their formation world of black holes. black holes intriguing aspects of is their formation. black holes most striking features of is their pull. black holes most striking features of is their gravitational pull. black holes intriguing property of is their size. black holes push boundaries of our knowledge. their formation fascinating world of holes. mass eventually evaporate over time. singularity is point According general relativity. singularity is point of density. singularity is point According classical relativity. singularity is point According classical general relativity. singularity is point According relativity. singularity is point of infinite density. singularity is point.",
    "evaluation": 0
  },
  {
    "correct_answer": "An event horizon surrounds the singularity of a black hole.",
    "retrieved_context": "scientists have made significant progress. scientists have made progress. Black holes provide testing ground. Black holes have captivated imagination for decades. scientists study holes. scientists speculate about existence beyond realm. Black holes have captivated imagination of scientists alike. Black holes are born from remnants of stars. scientists speculate about existence of new physics beyond realm of relativity. Black holes are born. scientists speculate about existence. scientists speculate about existence of physics beyond realm of general relativity. scientists speculate about existence of physics beyond realm of relativity. scientists speculate about existence of new physics. Black holes are born from remnants of massive stars. scientists have made progress Despite their mysterious nature. scientists speculate about existence beyond realm of general relativity. scientists have made progress Despite their nature. scientists have made progress in recent years. Black holes imagination of scientists. Black holes have captivated imagination of scientists. scientists speculate about existence of physics beyond realm. Black holes have captivated imagination. Black holes provide unique testing ground. scientists study black holes. Black holes provide testing ground for theories of gravity. scientists speculate about existence of new physics beyond realm of general relativity. scientists speculate about existence of new physics beyond realm. scientists speculate about existence beyond realm of relativity. scientists have made progress in years. Black holes are born from remnants. scientists speculate about existence of physics. Black holes provide testing ground for theories. scientists have made progress in understanding. Black holes imagination of scientists alike. black holes push boundaries. black holes lose mass. their formation fascinating world properties. their formation world of black holes. black holes intriguing aspects of is their formation. black holes most striking features of is their pull. black holes most striking features of is their gravitational pull. black holes intriguing property of is their size. black holes push boundaries of our knowledge. their formation fascinating world of holes. mass eventually evaporate over time. singularity is point According general relativity. singularity is point of density. singularity is point According classical relativity. singularity is point According classical general relativity. singularity is point According relativity. singularity is point of infinite density. singularity is point.",
    "evaluation": 0
  },
  {
    "correct_answer": "Black holes warp spacetime due to their gravitational pull.",
    "retrieved_context": "scientists have made significant progress. scientists have made progress. Black holes provide testing ground. Black holes have captivated imagination for decades. scientists study holes. scientists speculate about existence beyond realm. Black holes have captivated imagination of scientists alike. Black holes are born from remnants of stars. scientists speculate about existence of new physics beyond realm of relativity. Black holes are born. scientists speculate about existence. scientists speculate about existence of physics beyond realm of general relativity. scientists speculate about existence of physics beyond realm of relativity. scientists speculate about existence of new physics. Black holes are born from remnants of massive stars. scientists have made progress Despite their mysterious nature. scientists speculate about existence beyond realm of general relativity. scientists have made progress Despite their nature. scientists have made progress in recent years. Black holes imagination of scientists. Black holes have captivated imagination of scientists. scientists speculate about existence of physics beyond realm. Black holes have captivated imagination. Black holes provide unique testing ground. scientists study black holes. Black holes provide testing ground for theories of gravity. scientists speculate about existence of new physics beyond realm of general relativity. scientists speculate about existence of new physics beyond realm. scientists speculate about existence beyond realm of relativity. scientists have made progress in years. Black holes are born from remnants. scientists speculate about existence of physics. Black holes provide testing ground for theories. scientists have made progress in understanding. Black holes imagination of scientists alike. black holes push boundaries. black holes lose mass. their formation fascinating world properties. their formation world of black holes. black holes intriguing aspects of is their formation. black holes most striking features of is their pull. black holes most striking features of is their gravitational pull. black holes intriguing property of is their size. black holes push boundaries of our knowledge. their formation fascinating world of holes. mass eventually evaporate over time.",
    "evaluation": 0
  },
  {
    "correct_answer": "Gravitational time dilation occurs near black holes.",
    "retrieved_context": "scientists have made significant progress. scientists have made progress. Black holes provide testing ground. Black holes have captivated imagination for decades. scientists study holes. scientists speculate about existence beyond realm. Black holes have captivated imagination of scientists alike. Black holes are born from remnants of stars. scientists speculate about existence of new physics beyond realm of relativity. Black holes are born. scientists speculate about existence. scientists speculate about existence of physics beyond realm of general relativity. scientists speculate about existence of physics beyond realm of relativity. scientists speculate about existence of new physics. Black holes are born from remnants of massive stars. scientists have made progress Despite their mysterious nature. scientists speculate about existence beyond realm of general relativity. scientists have made progress Despite their nature. scientists have made progress in recent years. Black holes imagination of scientists. Black holes have captivated imagination of scientists. scientists speculate about existence of physics beyond realm. Black holes have captivated imagination. Black holes provide unique testing ground. scientists study black holes. Black holes provide testing ground for theories of gravity. scientists speculate about existence of new physics beyond realm of general relativity. scientists speculate about existence of new physics beyond realm. scientists speculate about existence beyond realm of relativity. scientists have made progress in years. Black holes are born from remnants. scientists speculate about existence of physics. Black holes provide testing ground for theories. scientists have made progress in understanding. Black holes imagination of scientists alike. black holes push boundaries. black holes lose mass. their formation fascinating world properties. their formation world of black holes. black holes intriguing aspects of is their formation. black holes most striking features of is their pull. black holes most striking features of is their gravitational pull. black holes intriguing property of is their size. black holes push boundaries of our knowledge. their formation fascinating world of holes. mass eventually evaporate over time.",
    "evaluation": 0
  },
  {
    "correct_answer": "Black holes are measured by their Schwarzschild radius.",
    "retrieved_context": "scientists have made significant progress. scientists have made progress. Black holes provide testing ground. Black holes have captivated imagination for decades. scientists study holes. scientists speculate about existence beyond realm. Black holes have captivated imagination of scientists alike. Black holes are born from remnants of stars. scientists speculate about existence of new physics beyond realm of relativity. Black holes are born. scientists speculate about existence. scientists speculate about existence of physics beyond realm of general relativity. scientists speculate about existence of physics beyond realm of relativity. scientists speculate about existence of new physics. Black holes are born from remnants of massive stars. scientists have made progress Despite their mysterious nature. scientists speculate about existence beyond realm of general relativity. scientists have made progress Despite their nature. scientists have made progress in recent years. Black holes imagination of scientists. Black holes have captivated imagination of scientists. scientists speculate about existence of physics beyond realm. Black holes have captivated imagination. Black holes provide unique testing ground. scientists study black holes. Black holes provide testing ground for theories of gravity. scientists speculate about existence of new physics beyond realm of general relativity. scientists speculate about existence of new physics beyond realm. scientists speculate about existence beyond realm of relativity. scientists have made progress in years. Black holes are born from remnants. scientists speculate about existence of physics. Black holes provide testing ground for theories. scientists have made progress in understanding. Black holes imagination of scientists alike. black holes push boundaries. black holes lose mass. their formation fascinating world properties. their formation world of black holes. black holes intriguing aspects of is their formation. black holes most striking features of is their pull. black holes most striking features of is their gravitational pull. black holes intriguing property of is their size. black holes push boundaries of our knowledge. their formation fascinating world of holes. mass eventually evaporate over time.",
    "evaluation": 0
  },
  {
    "correct_answer": "The holographic principle is related to black holes.",
    "retrieved_context": "scientists have made significant progress. scientists have made progress. Black holes provide testing ground. Black holes have captivated imagination for decades. scientists study holes. scientists speculate about existence beyond realm. Black holes have captivated imagination of scientists alike. Black holes are born from remnants of stars. scientists speculate about existence of new physics beyond realm of relativity. Black holes are born. scientists speculate about existence. scientists speculate about existence of physics beyond realm of general relativity. scientists speculate about existence of physics beyond realm of relativity. scientists speculate about existence of new physics. Black holes are born from remnants of massive stars. scientists have made progress Despite their mysterious nature. scientists speculate about existence beyond realm of general relativity. scientists have made progress Despite their nature. scientists have made progress in recent years. Black holes imagination of scientists. Black holes have captivated imagination of scientists. scientists speculate about existence of physics beyond realm. Black holes have captivated imagination. Black holes provide unique testing ground. scientists study black holes. Black holes provide testing ground for theories of gravity. scientists speculate about existence of new physics beyond realm of general relativity. scientists speculate about existence of new physics beyond realm. scientists speculate about existence beyond realm of relativity. scientists have made progress in years. Black holes are born from remnants. scientists speculate about existence of physics. Black holes provide testing ground for theories. scientists have made progress in understanding. Black holes imagination of scientists alike. black holes push boundaries. black holes lose mass. their formation fascinating world properties. their formation world of black holes. black holes intriguing aspects of is their formation. black holes most striking features of is their pull. black holes most striking features of is their gravitational pull. black holes intriguing property of is their size. black holes push boundaries of our knowledge. their formation fascinating world of holes. mass eventually evaporate over time.",
    "evaluation": 0
  },
  {
    "correct_answer": "The information paradox is associated with black holes.",
    "retrieved_context": "information paradox raises questions about fate. information paradox raises questions. information paradox raises questions on hand. information paradox raises questions about fate of information. information paradox raises questions on other hand. scientists have made significant progress. scientists have made progress. Black holes provide testing ground. Black holes have captivated imagination for decades. scientists study holes. scientists speculate about existence beyond realm. Black holes have captivated imagination of scientists alike. Black holes are born from remnants of stars. scientists speculate about existence of new physics beyond realm of relativity. Black holes are born. scientists speculate about existence. scientists speculate about existence of physics beyond realm of general relativity. scientists speculate about existence of physics beyond realm of relativity. scientists speculate about existence of new physics. Black holes are born from remnants of massive stars. scientists have made progress Despite their mysterious nature. scientists speculate about existence beyond realm of general relativity. scientists have made progress Despite their nature. scientists have made progress in recent years. Black holes imagination of scientists. Black holes have captivated imagination of scientists. scientists speculate about existence of physics beyond realm. Black holes have captivated imagination. Black holes provide unique testing ground. scientists study black holes. Black holes provide testing ground for theories of gravity. scientists speculate about existence of new physics beyond realm of general relativity. scientists speculate about existence of new physics beyond realm. scientists speculate about existence beyond realm of relativity. scientists have made progress in years. Black holes are born from remnants. scientists speculate about existence of physics. Black holes provide testing ground for theories. scientists have made progress in understanding. Black holes imagination of scientists alike. black holes push boundaries. black holes lose mass. their formation fascinating world properties. their formation world of black holes. black holes intriguing aspects of is their formation. black holes most striking features of is their pull. black holes most striking features of is their gravitational pull. black holes intriguing property of is their size. black holes push boundaries of our knowledge. their formation fascinating world of holes. mass eventually evaporate over time.",
    "evaluation": 0
  },
  {
    "correct_answer": "Black holes test theories of gravity and inspire new ideas.",
    "retrieved_context": "scientists have made significant progress. scientists have made progress. Black holes provide testing ground. Black holes have captivated imagination for decades. scientists study holes. scientists speculate about existence beyond realm. Black holes have captivated imagination of scientists alike. Black holes are born from remnants of stars. scientists speculate about existence of new physics beyond realm of relativity. Black holes are born. scientists speculate about existence. scientists speculate about existence of physics beyond realm of general relativity. scientists speculate about existence of physics beyond realm of relativity. scientists speculate about existence of new physics. Black holes are born from remnants of massive stars. scientists have made progress Despite their mysterious nature. scientists speculate about existence beyond realm of general relativity. scientists have made progress Despite their nature. scientists have made progress in recent years. Black holes imagination of scientists. Black holes have captivated imagination of scientists. scientists speculate about existence of physics beyond realm. Black holes have captivated imagination. Black holes provide unique testing ground. scientists study black holes. Black holes provide testing ground for theories of gravity. scientists speculate about existence of new physics beyond realm of general relativity. scientists speculate about existence of new physics beyond realm. scientists speculate about existence beyond realm of relativity. scientists have made progress in years. Black holes are born from remnants. scientists speculate about existence of physics. Black holes provide testing ground for theories. scientists have made progress in understanding. Black holes imagination of scientists alike. black holes push boundaries. black holes lose mass. their formation fascinating world properties. their formation world of black holes. black holes intriguing aspects of is their formation. black holes most striking features of is their pull. black holes most striking features of is their gravitational pull. black holes intriguing property of is their size. black holes push boundaries of our knowledge. their formation fascinating world of holes. mass eventually evaporate over time.",
    "evaluation": 1
  },
  {
    "correct_answer": "Gravitational waves from black hole mergers were detected in 2015.",
    "retrieved_context": "scientists have made significant progress. scientists have made progress. Black holes provide testing ground. Black holes have captivated imagination for decades. scientists study holes. scientists speculate about existence beyond realm. Black holes have captivated imagination of scientists alike. Black holes are born from remnants of stars. scientists speculate about existence of new physics beyond realm of relativity. Black holes are born. scientists speculate about existence. scientists speculate about existence of physics beyond realm of general relativity. scientists speculate about existence of physics beyond realm of relativity. scientists speculate about existence of new physics. Black holes are born from remnants of massive stars. scientists have made progress Despite their mysterious nature. scientists speculate about existence beyond realm of general relativity. scientists have made progress Despite their nature. scientists have made progress in recent years. Black holes imagination of scientists. Black holes have captivated imagination of scientists. scientists speculate about existence of physics beyond realm. Black holes have captivated imagination. Black holes provide unique testing ground. scientists study black holes. Black holes provide testing ground for theories of gravity. scientists speculate about existence of new physics beyond realm of general relativity. scientists speculate about existence of new physics beyond realm. scientists speculate about existence beyond realm of relativity. scientists have made progress in years. Black holes are born from remnants. scientists speculate about existence of physics. Black holes provide testing ground for theories. scientists have made progress in understanding. Black holes imagination of scientists alike. black holes push boundaries. black holes lose mass. their formation fascinating world properties. their formation world of black holes. black holes intriguing aspects of is their formation. black holes most striking features of is their pull. black holes most striking features of is their gravitational pull. black holes intriguing property of is their size. black holes push boundaries of our knowledge. their formation fascinating world of holes. mass eventually evaporate over time.",
    "evaluation": 0
  },
  {
    "accuracy": "33.33%"
  }
]