[
  {
    "correct_answer": "Butterflies undergo a remarkable transformation throughout their life cycle.",
    "retrieved_context": "stage is egg stage. butterfly 's life cycle third stage of is pupa stage. stage is stage. butterfly 's life cycle fourth and final stage of is adult stage. stage is pupa stage. butterfly 's life cycle stage of is larva stage. stage is adult stage. butterfly 's life cycle first stage of is egg stage. stage is larva stage. butterfly 's life cycle stage of is stage. Adult butterflies have lifespan ranging from days to weeks. Adult butterflies have short lifespan. Adult butterflies have relatively short lifespan ranging from days to weeks. Adult butterflies have short lifespan ranging from few days. Adult butterflies have relatively short lifespan ranging from days. Adult butterflies have relatively short lifespan. Adult butterflies have short lifespan ranging. Adult butterflies have short lifespan ranging from days to weeks. Adult butterflies have lifespan ranging from days to few weeks. Adult butterflies have relatively short lifespan ranging from few days to weeks. Adult butterflies have relatively short lifespan ranging. Adult butterflies have lifespan depending depending species. Adult butterflies have short lifespan ranging from days. Adult butterflies have short lifespan ranging from few days to few weeks. Adult butterflies have lifespan ranging from few days to weeks. Adult butterflies feed from flowers. Adult butterflies have lifespan ranging from few days. Adult butterflies have lifespan. Adult butterflies feed on nectar. Adult butterflies have lifespan ranging from days. Adult butterflies have short lifespan ranging from days to few weeks. Adult butterflies have relatively short lifespan ranging from days to few weeks. Adult butterflies have relatively short lifespan ranging from few days. Adult butterflies have short lifespan ranging from few days to weeks. Adult butterflies have relatively short lifespan ranging from few days to few weeks. Adult butterflies have lifespan ranging. Adult butterflies have lifespan ranging from few days to few weeks. Butterfly Butterflies Cycle of are fascinating creatures. Butterfly Butterflies Cycle of are creatures. butterflies have lifespan ranging from few days. butterflies focus Throughout their stage. butterflies have short lifespan ranging from few days. butterflies lay on specific host plants. butterflies have short lifespan ranging from few days to weeks. butterflies feed on nectar. butterflies have relatively short lifespan ranging. butterflies have short lifespan ranging from few days to few weeks. mate reproducing to continue. butterflies have short lifespan ranging from days to few weeks. butterflies have relatively short lifespan ranging from few days to few weeks. butterflies have lifespan ranging from few days to few weeks. butterflies have relatively short lifespan ranging from days. butterflies have short lifespan ranging from days. butterflies have relatively short lifespan ranging from days to weeks. butterflies have short lifespan ranging from days to weeks. butterflies have lifespan depending depending species. butterflies focus Throughout their adult stage. butterflies have lifespan ranging from days. cycle is wondrous. mate reproducing continue. butterflies starting anew cycle. butterflies have lifespan. cycle is filled. butterflies finding mate. butterflies have lifespan ranging from few days to weeks. butterflies have relatively short lifespan ranging from few days to weeks. butterflies have lifespan ranging from days to few weeks. butterflies have short lifespan. butterflies lay on host plants. butterflies have lifespan ranging. butterflies have relatively short lifespan ranging from few days. butterflies have relatively short lifespan ranging from days to few weeks. butterflies feed from flowers. butterflies lay their eggs. butterflies have short lifespan ranging. butterflies have lifespan ranging from days to weeks. butterflies have relatively short lifespan. Butterflies also serve as food source for birds contributing to overall biodiversity of their ecosystem. Butterflies serve as food source for birds contributing to biodiversity of their ecosystem. Butterflies serve as food source for birds contributing to biodiversity. Butterflies serve as food source for birds contributing to overall biodiversity. Butterflies also serve as food source for birds. Butterflies also serve as food source for birds contributing. Butterflies also serve as food source.",
    "evaluation": 0
  },
  {
    "correct_answer": "Female butterflies lay their eggs on specific host plants.",
    "retrieved_context": "cycle is filled. Female butterflies starting cycle. Female butterflies lay their eggs. Female butterflies lay on host plants. Female butterflies lay on specific host plants. cycle is wondrous. Adult butterflies have lifespan ranging from days to weeks. Adult butterflies have short lifespan. Adult butterflies have relatively short lifespan ranging from days to weeks. Adult butterflies have short lifespan ranging from few days. Adult butterflies have relatively short lifespan ranging from days. Adult butterflies have relatively short lifespan. Adult butterflies have short lifespan ranging. Adult butterflies have short lifespan ranging from days to weeks. Adult butterflies have lifespan ranging from days to few weeks. Adult butterflies have relatively short lifespan ranging from few days to weeks. Adult butterflies have relatively short lifespan ranging. Adult butterflies have lifespan depending depending species. Adult butterflies have short lifespan ranging from days. Adult butterflies have short lifespan ranging from few days to few weeks. Adult butterflies have lifespan ranging from few days to weeks. Adult butterflies feed from flowers. Adult butterflies have lifespan ranging from few days. Adult butterflies have lifespan. Adult butterflies feed on nectar. Adult butterflies have lifespan ranging from days. Adult butterflies have short lifespan ranging from days to few weeks. Adult butterflies have relatively short lifespan ranging from days to few weeks. Adult butterflies have relatively short lifespan ranging from few days. Adult butterflies have short lifespan ranging from few days to weeks. Adult butterflies have relatively short lifespan ranging from few days to few weeks. Adult butterflies have lifespan ranging. Adult butterflies have lifespan ranging from few days to few weeks.",
    "evaluation": 1
  },
  {
    "correct_answer": "Butterfly eggs are usually laid on the underside of leaves.",
    "retrieved_context": "",
    "evaluation": 0
  },
  {
    "correct_answer": "The size, shape, and color of butterfly eggs vary depending on the species.",
    "retrieved_context": "",
    "evaluation": 0
  },
  {
    "correct_answer": "After hatching, a tiny larva, known as a caterpillar, emerges.",
    "retrieved_context": "tiny larva emerges After days. tiny larva emerges After few days. caterpillar forms shell around itself. caterpillar undergoes transformation Inside chrysalis. caterpillar has body. caterpillar undergoes remarkable transformation known. caterpillar undergoes transformation known. caterpillar undergoes remarkable transformation known as metamorphosis. caterpillar undergoes transformation known as metamorphosis. caterpillar forms shell. caterpillar undergoes remarkable transformation. caterpillar undergoes transformation. caterpillar forms protective shell. larva emerges After days. larva emerges After few days. caterpillars have spines for protection. caterpillars have spines. caterpillars are Despite their small size essential to ecosystem. caterpillars are essential Despite their size. caterpillars are essential to ecosystem. caterpillars are essential. caterpillars are essential Despite their small size. caterpillars are Despite their size essential to ecosystem. Caterpillars are voracious eaters. Caterpillars are eaters. Caterpillars come depending depending species.",
    "evaluation": 0
  },
  {
    "correct_answer": "Caterpillars are voracious eaters and spend most of their time feeding on leaves.",
    "retrieved_context": "caterpillars have spines for protection. caterpillars have spines. caterpillars are Despite their small size essential to ecosystem. caterpillars are essential Despite their size. caterpillars are essential to ecosystem. caterpillars are essential. caterpillars are essential Despite their small size. caterpillars are Despite their size essential to ecosystem. Caterpillars are voracious eaters. Caterpillars are eaters. Caterpillars come depending depending species. caterpillar forms shell around itself. caterpillar undergoes transformation Inside chrysalis. caterpillar has body. caterpillar undergoes remarkable transformation known. caterpillar undergoes transformation known. caterpillar undergoes remarkable transformation known as metamorphosis. caterpillar undergoes transformation known as metamorphosis. caterpillar forms shell. caterpillar undergoes remarkable transformation. caterpillar undergoes transformation. caterpillar forms protective shell. caterpillar 's body undergoes changes it develops into butterfly. caterpillar 's body undergoes changes it develops. caterpillar 's body undergoes changes. caterpillar 's body undergoes changes as it develops. metamorphosis is after complete. caterpillar 's body undergoes changes During metamorphosis. metamorphosis is complete. caterpillar 's body undergoes significant changes. caterpillar 's body undergoes changes as it develops into butterfly.",
    "evaluation": 0
  },
  {
    "correct_answer": "Caterpillars shed their skin several times as they grow.",
    "retrieved_context": "caterpillars have spines for protection. caterpillars have spines. caterpillars are Despite their small size essential to ecosystem. caterpillars are essential Despite their size. caterpillars are essential to ecosystem. caterpillars are essential. caterpillars are essential Despite their small size. caterpillars are Despite their size essential to ecosystem. Caterpillars are voracious eaters. Caterpillars are eaters. Caterpillars come depending depending species. caterpillar 's body undergoes changes it develops into butterfly. caterpillar 's body undergoes changes it develops. caterpillar 's body undergoes changes. caterpillar 's body undergoes changes as it develops. metamorphosis is after complete. caterpillar 's body undergoes changes During metamorphosis. metamorphosis is complete. caterpillar 's body undergoes significant changes. caterpillar 's body undergoes changes as it develops into butterfly. caterpillar forms shell around itself. caterpillar undergoes transformation Inside chrysalis. caterpillar has body. caterpillar undergoes remarkable transformation known. caterpillar undergoes transformation known. caterpillar undergoes remarkable transformation known as metamorphosis. caterpillar undergoes transformation known as metamorphosis. caterpillar forms shell. caterpillar undergoes remarkable transformation. caterpillar undergoes transformation. caterpillar forms protective shell. tiny larva emerges After days. tiny larva emerges After few days. larva emerges After days. larva emerges After few days.",
    "evaluation": 0
  },
  {
    "correct_answer": "Caterpillars come in a variety of shapes, sizes, and colors.",
    "retrieved_context": "caterpillars have spines for protection. caterpillars have spines. caterpillars are Despite their small size essential to ecosystem. caterpillars are essential Despite their size. caterpillars are essential to ecosystem. caterpillars are essential. caterpillars are essential Despite their small size. caterpillars are Despite their size essential to ecosystem. Caterpillars are voracious eaters. Caterpillars are eaters. Caterpillars come depending depending species. caterpillar forms shell around itself. caterpillar undergoes transformation Inside chrysalis. caterpillar has body. caterpillar undergoes remarkable transformation known. caterpillar undergoes transformation known. caterpillar undergoes remarkable transformation known as metamorphosis. caterpillar undergoes transformation known as metamorphosis. caterpillar forms shell. caterpillar undergoes remarkable transformation. caterpillar undergoes transformation. caterpillar forms protective shell. caterpillar 's body undergoes changes it develops into butterfly. caterpillar 's body undergoes changes it develops. caterpillar 's body undergoes changes. caterpillar 's body undergoes changes as it develops. metamorphosis is after complete. caterpillar 's body undergoes changes During metamorphosis. metamorphosis is complete. caterpillar 's body undergoes significant changes. caterpillar 's body undergoes changes as it develops into butterfly. Butterfly Butterflies Cycle of are fascinating creatures. Butterfly Butterflies Cycle of are creatures.",
    "evaluation": 0
  },
  {
    "correct_answer": "Caterpillars play a crucial role in pollination and maintaining plant populations.",
    "retrieved_context": "caterpillars have spines for protection. caterpillars have spines. caterpillars are Despite their small size essential to ecosystem. caterpillars are essential Despite their size. caterpillars are essential to ecosystem. caterpillars are essential. caterpillars are essential Despite their small size. caterpillars are Despite their size essential to ecosystem. Caterpillars are voracious eaters. Caterpillars are eaters. Caterpillars come depending depending species. caterpillar forms shell around itself. caterpillar undergoes transformation Inside chrysalis. caterpillar has body. caterpillar undergoes remarkable transformation known. caterpillar undergoes transformation known. caterpillar undergoes remarkable transformation known as metamorphosis. caterpillar undergoes transformation known as metamorphosis. caterpillar forms shell. caterpillar undergoes remarkable transformation. caterpillar undergoes transformation. caterpillar forms protective shell. caterpillar 's body undergoes changes it develops into butterfly. caterpillar 's body undergoes changes it develops. caterpillar 's body undergoes changes. caterpillar 's body undergoes changes as it develops. metamorphosis is after complete. caterpillar 's body undergoes changes During metamorphosis. metamorphosis is complete. caterpillar 's body undergoes significant changes. caterpillar 's body undergoes changes as it develops into butterfly.",
    "evaluation": 0
  },
  {
    "correct_answer": "The caterpillar attaches itself to a leaf or stem and forms a chrysalis.",
    "retrieved_context": "caterpillar forms shell around itself. caterpillar undergoes transformation Inside chrysalis. caterpillar has body. caterpillar undergoes remarkable transformation known. caterpillar undergoes transformation known. caterpillar undergoes remarkable transformation known as metamorphosis. caterpillar undergoes transformation known as metamorphosis. caterpillar forms shell. caterpillar undergoes remarkable transformation. caterpillar undergoes transformation. caterpillar forms protective shell. caterpillars have spines for protection. caterpillars have spines. caterpillars are Despite their small size essential to ecosystem. caterpillars are essential Despite their size. caterpillars are essential to ecosystem. caterpillars are essential. caterpillars are essential Despite their small size. caterpillars are Despite their size essential to ecosystem. Caterpillars are voracious eaters. Caterpillars are eaters. Caterpillars come depending depending species. caterpillar 's body undergoes changes it develops into butterfly. caterpillar 's body undergoes changes it develops. caterpillar 's body undergoes changes. caterpillar 's body undergoes changes as it develops. metamorphosis is after complete. caterpillar 's body undergoes changes During metamorphosis. metamorphosis is complete. caterpillar 's body undergoes significant changes. caterpillar 's body undergoes changes as it develops into butterfly.",
    "evaluation": 0
  },
  {
    "correct_answer": "Inside the chrysalis, the caterpillar undergoes metamorphosis.",
    "retrieved_context": "caterpillar 's body undergoes changes it develops into butterfly. caterpillar 's body undergoes changes it develops. caterpillar 's body undergoes changes. caterpillar 's body undergoes changes as it develops. metamorphosis is after complete. caterpillar 's body undergoes changes During metamorphosis. metamorphosis is complete. caterpillar 's body undergoes significant changes. caterpillar 's body undergoes changes as it develops into butterfly. caterpillar forms shell around itself. caterpillar undergoes transformation Inside chrysalis. caterpillar has body. caterpillar undergoes remarkable transformation known. caterpillar undergoes transformation known. caterpillar undergoes remarkable transformation known as metamorphosis. caterpillar undergoes transformation known as metamorphosis. caterpillar forms shell. caterpillar undergoes remarkable transformation. caterpillar undergoes transformation. caterpillar forms protective shell. caterpillars have spines for protection. caterpillars have spines. caterpillars are Despite their small size essential to ecosystem. caterpillars are essential Despite their size. caterpillars are essential to ecosystem. caterpillars are essential. caterpillars are essential Despite their small size. caterpillars are Despite their size essential to ecosystem. Caterpillars are voracious eaters. Caterpillars are eaters. Caterpillars come depending depending species. metamorphosis is complete. metamorphosis is after complete.",
    "evaluation": 1
  },
  {
    "correct_answer": "During metamorphosis, the caterpillar's body undergoes significant changes.",
    "retrieved_context": "caterpillar 's body undergoes changes it develops into butterfly. caterpillar 's body undergoes changes it develops. caterpillar 's body undergoes changes. caterpillar 's body undergoes changes as it develops. metamorphosis is after complete. caterpillar 's body undergoes changes During metamorphosis. metamorphosis is complete. caterpillar 's body undergoes significant changes. caterpillar 's body undergoes changes as it develops into butterfly. caterpillar forms shell around itself. caterpillar undergoes transformation Inside chrysalis. caterpillar has body. caterpillar undergoes remarkable transformation known. caterpillar undergoes transformation known. caterpillar undergoes remarkable transformation known as metamorphosis. caterpillar undergoes transformation known as metamorphosis. caterpillar forms shell. caterpillar undergoes remarkable transformation. caterpillar undergoes transformation. caterpillar forms protective shell. metamorphosis is complete. metamorphosis is after complete. caterpillars have spines for protection. caterpillars have spines. caterpillars are Despite their small size essential to ecosystem. caterpillars are essential Despite their size. caterpillars are essential to ecosystem. caterpillars are essential. caterpillars are essential Despite their small size. caterpillars are Despite their size essential to ecosystem. Caterpillars are voracious eaters. Caterpillars are eaters. Caterpillars come depending depending species.",
    "evaluation": 1
  },
  {
    "correct_answer": "The adult butterfly emerges from the chrysalis after metamorphosis is complete.",
    "retrieved_context": "adult butterfly emerges from chrysalis. adult butterfly Finally emerges complete. adult butterfly Finally emerges after complete. emerged butterfly has soft wings. emerged butterfly has wings. emerged butterfly has wrinkled wings. emerged butterfly has soft wrinkled wings. Adult butterflies have lifespan ranging from days to weeks. Adult butterflies have short lifespan. Adult butterflies have relatively short lifespan ranging from days to weeks. Adult butterflies have short lifespan ranging from few days. Adult butterflies have relatively short lifespan ranging from days. Adult butterflies have relatively short lifespan. Adult butterflies have short lifespan ranging. Adult butterflies have short lifespan ranging from days to weeks. Adult butterflies have lifespan ranging from days to few weeks. Adult butterflies have relatively short lifespan ranging from few days to weeks. Adult butterflies have relatively short lifespan ranging. Adult butterflies have lifespan depending depending species. Adult butterflies have short lifespan ranging from days. Adult butterflies have short lifespan ranging from few days to few weeks. Adult butterflies have lifespan ranging from few days to weeks. Adult butterflies feed from flowers. Adult butterflies have lifespan ranging from few days. Adult butterflies have lifespan. Adult butterflies feed on nectar. Adult butterflies have lifespan ranging from days. Adult butterflies have short lifespan ranging from days to few weeks. Adult butterflies have relatively short lifespan ranging from days to few weeks. Adult butterflies have relatively short lifespan ranging from few days. Adult butterflies have short lifespan ranging from few days to weeks. Adult butterflies have relatively short lifespan ranging from few days to few weeks. Adult butterflies have lifespan ranging. Adult butterflies have lifespan ranging from few days to few weeks. stage is egg stage. butterfly 's life cycle third stage of is pupa stage. stage is stage. butterfly 's life cycle fourth and final stage of is adult stage. stage is pupa stage. butterfly 's life cycle stage of is larva stage. stage is adult stage. butterfly 's life cycle first stage of is egg stage. stage is larva stage. butterfly 's life cycle stage of is stage.",
    "evaluation": 1
  },
  {
    "correct_answer": "Adult butterflies feed on nectar from flowers using their proboscis.",
    "retrieved_context": "Adult butterflies have lifespan ranging from days to weeks. Adult butterflies have short lifespan. Adult butterflies have relatively short lifespan ranging from days to weeks. Adult butterflies have short lifespan ranging from few days. Adult butterflies have relatively short lifespan ranging from days. Adult butterflies have relatively short lifespan. Adult butterflies have short lifespan ranging. Adult butterflies have short lifespan ranging from days to weeks. Adult butterflies have lifespan ranging from days to few weeks. Adult butterflies have relatively short lifespan ranging from few days to weeks. Adult butterflies have relatively short lifespan ranging. Adult butterflies have lifespan depending depending species. Adult butterflies have short lifespan ranging from days. Adult butterflies have short lifespan ranging from few days to few weeks. Adult butterflies have lifespan ranging from few days to weeks. Adult butterflies feed from flowers. Adult butterflies have lifespan ranging from few days. Adult butterflies have lifespan. Adult butterflies feed on nectar. Adult butterflies have lifespan ranging from days. Adult butterflies have short lifespan ranging from days to few weeks. Adult butterflies have relatively short lifespan ranging from days to few weeks. Adult butterflies have relatively short lifespan ranging from few days. Adult butterflies have short lifespan ranging from few days to weeks. Adult butterflies have relatively short lifespan ranging from few days to few weeks. Adult butterflies have lifespan ranging. Adult butterflies have lifespan ranging from few days to few weeks. cycle is filled. Female butterflies starting cycle. Female butterflies lay their eggs. Female butterflies lay on host plants. Female butterflies lay on specific host plants. cycle is wondrous. Butterfly Butterflies Cycle of are fascinating creatures. Butterfly Butterflies Cycle of are creatures. butterflies have lifespan ranging from few days. butterflies focus Throughout their stage. butterflies have short lifespan ranging from few days. butterflies lay on specific host plants. butterflies have short lifespan ranging from few days to weeks. butterflies feed on nectar. butterflies have relatively short lifespan ranging. butterflies have short lifespan ranging from few days to few weeks. mate reproducing to continue. butterflies have short lifespan ranging from days to few weeks. butterflies have relatively short lifespan ranging from few days to few weeks. butterflies have lifespan ranging from few days to few weeks. butterflies have relatively short lifespan ranging from days. butterflies have short lifespan ranging from days. butterflies have relatively short lifespan ranging from days to weeks. butterflies have short lifespan ranging from days to weeks. butterflies have lifespan depending depending species. butterflies focus Throughout their adult stage. butterflies have lifespan ranging from days. cycle is wondrous. mate reproducing continue. butterflies starting anew cycle. butterflies have lifespan. cycle is filled. butterflies finding mate. butterflies have lifespan ranging from few days to weeks. butterflies have relatively short lifespan ranging from few days to weeks. butterflies have lifespan ranging from days to few weeks. butterflies have short lifespan. butterflies lay on host plants. butterflies have lifespan ranging. butterflies have relatively short lifespan ranging from few days. butterflies have relatively short lifespan ranging from days to few weeks. butterflies feed from flowers. butterflies lay their eggs. butterflies have short lifespan ranging. butterflies have lifespan ranging from days to weeks. butterflies have relatively short lifespan. Butterflies also serve as food source for birds contributing to overall biodiversity of their ecosystem. Butterflies serve as food source for birds contributing to biodiversity of their ecosystem. Butterflies serve as food source for birds contributing to biodiversity. Butterflies serve as food source for birds contributing to overall biodiversity. Butterflies also serve as food source for birds. Butterflies also serve as food source for birds contributing. Butterflies also serve as food source. adult butterfly emerges from chrysalis. adult butterfly Finally emerges complete. adult butterfly Finally emerges after complete.",
    "evaluation": 0
  },
  {
    "correct_answer": "Butterflies play a crucial role in pollination and serve as a food source for other animals.",
    "retrieved_context": "butterflies have lifespan ranging from few days. butterflies focus Throughout their stage. butterflies have short lifespan ranging from few days. butterflies lay on specific host plants. butterflies have short lifespan ranging from few days to weeks. butterflies feed on nectar. butterflies have relatively short lifespan ranging. butterflies have short lifespan ranging from few days to few weeks. mate reproducing to continue. butterflies have short lifespan ranging from days to few weeks. butterflies have relatively short lifespan ranging from few days to few weeks. butterflies have lifespan ranging from few days to few weeks. butterflies have relatively short lifespan ranging from days. butterflies have short lifespan ranging from days. butterflies have relatively short lifespan ranging from days to weeks. butterflies have short lifespan ranging from days to weeks. butterflies have lifespan depending depending species. butterflies focus Throughout their adult stage. butterflies have lifespan ranging from days. cycle is wondrous. mate reproducing continue. butterflies starting anew cycle. butterflies have lifespan. cycle is filled. butterflies finding mate. butterflies have lifespan ranging from few days to weeks. butterflies have relatively short lifespan ranging from few days to weeks. butterflies have lifespan ranging from days to few weeks. butterflies have short lifespan. butterflies lay on host plants. butterflies have lifespan ranging. butterflies have relatively short lifespan ranging from few days. butterflies have relatively short lifespan ranging from days to few weeks. butterflies feed from flowers. butterflies lay their eggs. butterflies have short lifespan ranging. butterflies have lifespan ranging from days to weeks. butterflies have relatively short lifespan. Butterflies also serve as food source for birds contributing to overall biodiversity of their ecosystem. Butterflies serve as food source for birds contributing to biodiversity of their ecosystem. Butterflies serve as food source for birds contributing to biodiversity. Butterflies serve as food source for birds contributing to overall biodiversity. Butterflies also serve as food source for birds. Butterflies also serve as food source for birds contributing. Butterflies also serve as food source. Butterfly Butterflies Cycle of are fascinating creatures. Butterfly Butterflies Cycle of are creatures. cycle is filled. Female butterflies starting cycle. Female butterflies lay their eggs. Female butterflies lay on host plants. Female butterflies lay on specific host plants. cycle is wondrous. Adult butterflies have lifespan ranging from days to weeks. Adult butterflies have short lifespan. Adult butterflies have relatively short lifespan ranging from days to weeks. Adult butterflies have short lifespan ranging from few days. Adult butterflies have relatively short lifespan ranging from days. Adult butterflies have relatively short lifespan. Adult butterflies have short lifespan ranging. Adult butterflies have short lifespan ranging from days to weeks. Adult butterflies have lifespan ranging from days to few weeks. Adult butterflies have relatively short lifespan ranging from few days to weeks. Adult butterflies have relatively short lifespan ranging. Adult butterflies have lifespan depending depending species. Adult butterflies have short lifespan ranging from days. Adult butterflies have short lifespan ranging from few days to few weeks. Adult butterflies have lifespan ranging from few days to weeks. Adult butterflies feed from flowers. Adult butterflies have lifespan ranging from few days. Adult butterflies have lifespan. Adult butterflies feed on nectar. Adult butterflies have lifespan ranging from days. Adult butterflies have short lifespan ranging from days to few weeks. Adult butterflies have relatively short lifespan ranging from days to few weeks. Adult butterflies have relatively short lifespan ranging from few days. Adult butterflies have short lifespan ranging from few days to weeks. Adult butterflies have relatively short lifespan ranging from few days to few weeks. Adult butterflies have lifespan ranging. Adult butterflies have lifespan ranging from few days to few weeks. stage is egg stage. butterfly 's life cycle third stage of is pupa stage. stage is stage. butterfly 's life cycle fourth and final stage of is adult stage. stage is pupa stage. butterfly 's life cycle stage of is larva stage. stage is adult stage. butterfly 's life cycle first stage of is egg stage. stage is larva stage. butterfly 's life cycle stage of is stage.",
    "evaluation": 0
  },
  {
    "accuracy": "26.67%"
  }
]