[
  {
    "correct_answer": "Plants release volatile organic compounds (VOCs) to communicate with neighboring plants.",
    "retrieved_context": "plants communicate is through fascinating ways release of volatile organic compounds. plants communicate is through ways release of organic compounds. plants communicate is through of fascinating ways release of compounds. plants communicate is through of ways release of organic compounds. plants communicate is through most fascinating ways release of volatile organic compounds. plants communicate is through of most fascinating ways release of organic compounds. plants communicate is through most fascinating ways release of organic compounds. plants communicate is through ways release of volatile compounds. plants communicate is through of fascinating ways release of organic compounds. plants communicate is through of ways release. plants communicate is through of fascinating ways release. plants communicate is through ways release of volatile organic compounds. plants communicate is through release of compounds. plants communicate is through of ways release of volatile organic compounds. plants communicate is through fascinating ways release of compounds. plants communicate is through of most fascinating ways release. plants communicate is through most fascinating ways release. plants communicate is through release of volatile organic compounds. plants communicate is through of ways release of compounds. plants communicate is through fascinating ways release. plants communicate is through of ways release of volatile compounds. plants communicate is through release. plants communicate is through of most fascinating ways release of volatile organic compounds. plants communicate is through of most fascinating ways release of volatile compounds. plants communicate is through release of organic compounds. plants communicate is through ways release. plants communicate is through of most fascinating ways release of compounds. plants communicate is through fascinating ways release of organic compounds. plants communicate is through release of volatile compounds. plants communicate is through most fascinating ways release of compounds. plants communicate is through of fascinating ways release of volatile compounds. plants communicate is through ways release of compounds. plants communicate is through fascinating ways release of volatile compounds. plants communicate is through most fascinating ways release of volatile compounds. plants communicate is through of fascinating ways release of volatile organic compounds.",
    "evaluation": 1
  },
  {
    "correct_answer": "VOCs can warn nearby plants of impending danger, such as herbivore attacks.",
    "retrieved_context": "plants communicate is through fascinating ways release of volatile organic compounds. plants communicate is through ways release of organic compounds. plants communicate is through of fascinating ways release of compounds. plants communicate is through of ways release of organic compounds. plants communicate is through most fascinating ways release of volatile organic compounds. plants communicate is through of most fascinating ways release of organic compounds. plants communicate is through most fascinating ways release of organic compounds. plants communicate is through ways release of volatile compounds. plants communicate is through of fascinating ways release of organic compounds. plants communicate is through of ways release. plants communicate is through of fascinating ways release. plants communicate is through ways release of volatile organic compounds. plants communicate is through release of compounds. plants communicate is through of ways release of volatile organic compounds. plants communicate is through fascinating ways release of compounds. plants communicate is through of most fascinating ways release. plants communicate is through most fascinating ways release. plants communicate is through release of volatile organic compounds. plants communicate is through of ways release of compounds. plants communicate is through fascinating ways release. plants communicate is through of ways release of volatile compounds. plants communicate is through release. plants communicate is through of most fascinating ways release of volatile organic compounds. plants communicate is through of most fascinating ways release of volatile compounds. plants communicate is through release of organic compounds. plants communicate is through ways release. plants communicate is through of most fascinating ways release of compounds. plants communicate is through fascinating ways release of organic compounds. plants communicate is through release of volatile compounds. plants communicate is through most fascinating ways release of compounds. plants communicate is through of fascinating ways release of volatile compounds. plants communicate is through ways release of compounds. plants communicate is through fascinating ways release of volatile compounds. plants communicate is through most fascinating ways release of volatile compounds. plants communicate is through of fascinating ways release of volatile organic compounds.",
    "evaluation": 0
  },
  {
    "correct_answer": "Neighboring plants may increase production of defensive chemicals in response to VOC signals.",
    "retrieved_context": "plants communicate is through fascinating ways release of volatile organic compounds. plants communicate is through ways release of organic compounds. plants communicate is through of fascinating ways release of compounds. plants communicate is through of ways release of organic compounds. plants communicate is through most fascinating ways release of volatile organic compounds. plants communicate is through of most fascinating ways release of organic compounds. plants communicate is through most fascinating ways release of organic compounds. plants communicate is through ways release of volatile compounds. plants communicate is through of fascinating ways release of organic compounds. plants communicate is through of ways release. plants communicate is through of fascinating ways release. plants communicate is through ways release of volatile organic compounds. plants communicate is through release of compounds. plants communicate is through of ways release of volatile organic compounds. plants communicate is through fascinating ways release of compounds. plants communicate is through of most fascinating ways release. plants communicate is through most fascinating ways release. plants communicate is through release of volatile organic compounds. plants communicate is through of ways release of compounds. plants communicate is through fascinating ways release. plants communicate is through of ways release of volatile compounds. plants communicate is through release. plants communicate is through of most fascinating ways release of volatile organic compounds. plants communicate is through of most fascinating ways release of volatile compounds. plants communicate is through release of organic compounds. plants communicate is through ways release. plants communicate is through of most fascinating ways release of compounds. plants communicate is through fascinating ways release of organic compounds. plants communicate is through release of volatile compounds. plants communicate is through most fascinating ways release of compounds. plants communicate is through of fascinating ways release of volatile compounds. plants communicate is through ways release of compounds. plants communicate is through fascinating ways release of volatile compounds. plants communicate is through most fascinating ways release of volatile compounds. plants communicate is through of fascinating ways release of volatile organic compounds. defensive chemicals deter attacker. neighboring plants may increase their production of chemicals. their production deter herbivores. neighboring plants may increase their production. neighboring plants may increase their production of defensive chemicals.",
    "evaluation": 0
  },
  {
    "correct_answer": "Plants communicate through mycorrhizal networks in their roots.",
    "retrieved_context": "plants communicate is through fascinating ways release of volatile organic compounds. plants communicate is through ways release of organic compounds. plants communicate is through of fascinating ways release of compounds. plants communicate is through of ways release of organic compounds. plants communicate is through most fascinating ways release of volatile organic compounds. plants communicate is through of most fascinating ways release of organic compounds. plants communicate is through most fascinating ways release of organic compounds. plants communicate is through ways release of volatile compounds. plants communicate is through of fascinating ways release of organic compounds. plants communicate is through of ways release. plants communicate is through of fascinating ways release. plants communicate is through ways release of volatile organic compounds. plants communicate is through release of compounds. plants communicate is through of ways release of volatile organic compounds. plants communicate is through fascinating ways release of compounds. plants communicate is through of most fascinating ways release. plants communicate is through most fascinating ways release. plants communicate is through release of volatile organic compounds. plants communicate is through of ways release of compounds. plants communicate is through fascinating ways release. plants communicate is through of ways release of volatile compounds. plants communicate is through release. plants communicate is through of most fascinating ways release of volatile organic compounds. plants communicate is through of most fascinating ways release of volatile compounds. plants communicate is through release of organic compounds. plants communicate is through ways release. plants communicate is through of most fascinating ways release of compounds. plants communicate is through fascinating ways release of organic compounds. plants communicate is through release of volatile compounds. plants communicate is through most fascinating ways release of compounds. plants communicate is through of fascinating ways release of volatile compounds. plants communicate is through ways release of compounds. plants communicate is through fascinating ways release of volatile compounds. plants communicate is through most fascinating ways release of volatile compounds. plants communicate is through of fascinating ways release of volatile organic compounds.",
    "evaluation": 0
  },
  {
    "correct_answer": "Mycorrhizal networks enable plants to exchange nutrients, water, and chemical signals.",
    "retrieved_context": "",
    "evaluation": 0
  },
  {
    "correct_answer": "Plants can transfer resources to neighboring plants through mycorrhizal networks.",
    "retrieved_context": "",
    "evaluation": 0
  },
  {
    "correct_answer": "Plants release chemicals to attract pollinators for successful reproduction.",
    "retrieved_context": "pollinators receive nectar as food source. pollinators receive nectar In return. pollinators receive nectar. form plants known as plant plant signaling. form plants known as plant signaling. plants demonstrate their ability. plants release chemicals. plants are far passive organisms. plants defend themselves. plants are far In conclusion passive organisms. plants have developed intricate systems. plants are complex. plants can communicate through physical cues. neighboring plants may increase their production of chemicals. plants can transfer resources In cases. plants are far organisms. plants exchange nutrients. plants can communicate through cues. plants are more complex than thought. their ability interactions with organisms. their ability interactions with other organisms. plants have developed systems. neighboring plants may increase their production of defensive chemicals. their growth plants resilience. passive organisms is In conclusion. plants have developed systems In fact. plants can transfer resources to plants. plants release chemicals For example. plants can enhance their growth. their production deter herbivores. plants can communicate In chemical signaling. their resilience plants health. plants may increase their production of defensive chemicals. themselves coordinate their responses. plants can transfer resources in need. plants can even transfer resources to neighboring plants. plants interact in ways. plants interact in dynamic ways. their ability exchange through mycorrhizal networks. plants are more complex. plants interact with their environment. neighboring plants may increase their production. chemicals deter attacker. plants form of communication. their ability exchange of nutrients. their ability exchange through networks. plants are far more complex. plants can enhance their resilience. plants are far In conclusion organisms. plants are able. plants may increase their production. plants release root exudates. plants release root exudates In rhizosphere. their resilience plants overall health. plants are more complex than previously thought. plants can even transfer resources. plants may increase their production of chemicals. Plants using network of underground threads called mycorrhizal networks. microbes receive sugars In exchange. Plants using network of fungal threads mycorrhizal networks. Plants are often perceived as silent organisms. Plants using network of fungal threads called mycorrhizal networks. Plants using network of threads called networks. Plants using network of underground fungal threads called networks. Plants using network networks. Plants also communicate through their roots. Plants using network of underground fungal threads called mycorrhizal networks. Plants also interact with microbes. Plants using network of underground threads mycorrhizal networks. microbes creating symbiotic relationship. Plants interact through process. Plants using network of threads called mycorrhizal networks. Plants using network of fungal threads called networks. Plants using network of underground threads networks. microbes is in soil. Plants using network of threads mycorrhizal networks. Plants using network of threads networks. Plants using network of underground fungal threads mycorrhizal networks. Plants are perceived. microbes creating relationship. Plants using network called networks. Plants using network of fungal threads networks. microbes receive sugars from plants. Plants are often perceived. microbes receive sugars. Plants also interact with microbes in soil. Plants using network called mycorrhizal networks. Plants also interact through process known as rhizosphere communication. Plants also interact through process known. Plants are often perceived as organisms. Plants using network mycorrhizal networks. Plants using network of underground threads called networks. Plants using network of underground fungal threads networks. plants communicate is through fascinating ways release of volatile organic compounds. plants communicate is through ways release of organic compounds. plants communicate is through of fascinating ways release of compounds. plants communicate is through of ways release of organic compounds. plants communicate is through most fascinating ways release of volatile organic compounds. plants communicate is through of most fascinating ways release of organic compounds. plants communicate is through most fascinating ways release of organic compounds. plants communicate is through ways release of volatile compounds. plants communicate is through of fascinating ways release of organic compounds. plants communicate is through of ways release. plants communicate is through of fascinating ways release. plants communicate is through ways release of volatile organic compounds. plants communicate is through release of compounds. plants communicate is through of ways release of volatile organic compounds. plants communicate is through fascinating ways release of compounds. plants communicate is through of most fascinating ways release. plants communicate is through most fascinating ways release. plants communicate is through release of volatile organic compounds. plants communicate is through of ways release of compounds. plants communicate is through fascinating ways release. plants communicate is through of ways release of volatile compounds. plants communicate is through release. plants communicate is through of most fascinating ways release of volatile organic compounds. plants communicate is through of most fascinating ways release of volatile compounds. plants communicate is through release of organic compounds. plants communicate is through ways release. plants communicate is through of most fascinating ways release of compounds. plants communicate is through fascinating ways release of organic compounds. plants communicate is through release of volatile compounds. plants communicate is through most fascinating ways release of compounds. plants communicate is through of fascinating ways release of volatile compounds. plants communicate is through ways release of compounds. plants communicate is through fascinating ways release of volatile compounds. plants communicate is through most fascinating ways release of volatile compounds. plants communicate is through of fascinating ways release of volatile organic compounds.",
    "evaluation": 0
  },
  {
    "correct_answer": "Pollinators receive nectar or pollen as a food source from plants.",
    "retrieved_context": "pollinators receive nectar as food source. pollinators receive nectar In return. pollinators receive nectar. plants demonstrate their ability. plants release chemicals. plants are far passive organisms. plants defend themselves. plants are far In conclusion passive organisms. plants have developed intricate systems. plants are complex. plants can communicate through physical cues. neighboring plants may increase their production of chemicals. plants can transfer resources In cases. plants are far organisms. plants exchange nutrients. plants can communicate through cues. plants are more complex than thought. their ability interactions with organisms. their ability interactions with other organisms. plants have developed systems. neighboring plants may increase their production of defensive chemicals. their growth plants resilience. passive organisms is In conclusion. plants have developed systems In fact. plants can transfer resources to plants. plants release chemicals For example. plants can enhance their growth. their production deter herbivores. plants can communicate In chemical signaling. their resilience plants health. plants may increase their production of defensive chemicals. themselves coordinate their responses. plants can transfer resources in need. plants can even transfer resources to neighboring plants. plants interact in ways. plants interact in dynamic ways. their ability exchange through mycorrhizal networks. plants are more complex. plants interact with their environment. neighboring plants may increase their production. chemicals deter attacker. plants form of communication. their ability exchange of nutrients. their ability exchange through networks. plants are far more complex. plants can enhance their resilience. plants are far In conclusion organisms. plants are able. plants may increase their production. plants release root exudates. plants release root exudates In rhizosphere. their resilience plants overall health. plants are more complex than previously thought. plants can even transfer resources. plants may increase their production of chemicals. Plants using network of underground threads called mycorrhizal networks. microbes receive sugars In exchange. Plants using network of fungal threads mycorrhizal networks. Plants are often perceived as silent organisms. Plants using network of fungal threads called mycorrhizal networks. Plants using network of threads called networks. Plants using network of underground fungal threads called networks. Plants using network networks. Plants also communicate through their roots. Plants using network of underground fungal threads called mycorrhizal networks. Plants also interact with microbes. Plants using network of underground threads mycorrhizal networks. microbes creating symbiotic relationship. Plants interact through process. Plants using network of threads called mycorrhizal networks. Plants using network of fungal threads called networks. Plants using network of underground threads networks. microbes is in soil. Plants using network of threads mycorrhizal networks. Plants using network of threads networks. Plants using network of underground fungal threads mycorrhizal networks. Plants are perceived. microbes creating relationship. Plants using network called networks. Plants using network of fungal threads networks. microbes receive sugars from plants. Plants are often perceived. microbes receive sugars. Plants also interact with microbes in soil. Plants using network called mycorrhizal networks. Plants also interact through process known as rhizosphere communication. Plants also interact through process known. Plants are often perceived as organisms. Plants using network mycorrhizal networks. Plants using network of underground threads called networks. Plants using network of underground fungal threads networks. form plants known as plant plant signaling. form plants known as plant signaling. plants communicate is through fascinating ways release of volatile organic compounds. plants communicate is through ways release of organic compounds. plants communicate is through of fascinating ways release of compounds. plants communicate is through of ways release of organic compounds. plants communicate is through most fascinating ways release of volatile organic compounds. plants communicate is through of most fascinating ways release of organic compounds. plants communicate is through most fascinating ways release of organic compounds. plants communicate is through ways release of volatile compounds. plants communicate is through of fascinating ways release of organic compounds. plants communicate is through of ways release. plants communicate is through of fascinating ways release. plants communicate is through ways release of volatile organic compounds. plants communicate is through release of compounds. plants communicate is through of ways release of volatile organic compounds. plants communicate is through fascinating ways release of compounds. plants communicate is through of most fascinating ways release. plants communicate is through most fascinating ways release. plants communicate is through release of volatile organic compounds. plants communicate is through of ways release of compounds. plants communicate is through fascinating ways release. plants communicate is through of ways release of volatile compounds. plants communicate is through release. plants communicate is through of most fascinating ways release of volatile organic compounds. plants communicate is through of most fascinating ways release of volatile compounds. plants communicate is through release of organic compounds. plants communicate is through ways release. plants communicate is through of most fascinating ways release of compounds. plants communicate is through fascinating ways release of organic compounds. plants communicate is through release of volatile compounds. plants communicate is through most fascinating ways release of compounds. plants communicate is through of fascinating ways release of volatile compounds. plants communicate is through ways release of compounds. plants communicate is through fascinating ways release of volatile compounds. plants communicate is through most fascinating ways release of volatile compounds. plants communicate is through of fascinating ways release of volatile organic compounds.",
    "evaluation": 0
  },
  {
    "correct_answer": "Plants interact with beneficial microbes in the soil through rhizosphere communication.",
    "retrieved_context": "plants communicate is through fascinating ways release of volatile organic compounds. plants communicate is through ways release of organic compounds. plants communicate is through of fascinating ways release of compounds. plants communicate is through of ways release of organic compounds. plants communicate is through most fascinating ways release of volatile organic compounds. plants communicate is through of most fascinating ways release of organic compounds. plants communicate is through most fascinating ways release of organic compounds. plants communicate is through ways release of volatile compounds. plants communicate is through of fascinating ways release of organic compounds. plants communicate is through of ways release. plants communicate is through of fascinating ways release. plants communicate is through ways release of volatile organic compounds. plants communicate is through release of compounds. plants communicate is through of ways release of volatile organic compounds. plants communicate is through fascinating ways release of compounds. plants communicate is through of most fascinating ways release. plants communicate is through most fascinating ways release. plants communicate is through release of volatile organic compounds. plants communicate is through of ways release of compounds. plants communicate is through fascinating ways release. plants communicate is through of ways release of volatile compounds. plants communicate is through release. plants communicate is through of most fascinating ways release of volatile organic compounds. plants communicate is through of most fascinating ways release of volatile compounds. plants communicate is through release of organic compounds. plants communicate is through ways release. plants communicate is through of most fascinating ways release of compounds. plants communicate is through fascinating ways release of organic compounds. plants communicate is through release of volatile compounds. plants communicate is through most fascinating ways release of compounds. plants communicate is through of fascinating ways release of volatile compounds. plants communicate is through ways release of compounds. plants communicate is through fascinating ways release of volatile compounds. plants communicate is through most fascinating ways release of volatile compounds. plants communicate is through of fascinating ways release of volatile organic compounds.",
    "evaluation": 0
  },
  {
    "correct_answer": "Rhizosphere communication involves plants releasing root exudates to attract beneficial microbes.",
    "retrieved_context": "plants communicate is through fascinating ways release of volatile organic compounds. plants communicate is through ways release of organic compounds. plants communicate is through of fascinating ways release of compounds. plants communicate is through of ways release of organic compounds. plants communicate is through most fascinating ways release of volatile organic compounds. plants communicate is through of most fascinating ways release of organic compounds. plants communicate is through most fascinating ways release of organic compounds. plants communicate is through ways release of volatile compounds. plants communicate is through of fascinating ways release of organic compounds. plants communicate is through of ways release. plants communicate is through of fascinating ways release. plants communicate is through ways release of volatile organic compounds. plants communicate is through release of compounds. plants communicate is through of ways release of volatile organic compounds. plants communicate is through fascinating ways release of compounds. plants communicate is through of most fascinating ways release. plants communicate is through most fascinating ways release. plants communicate is through release of volatile organic compounds. plants communicate is through of ways release of compounds. plants communicate is through fascinating ways release. plants communicate is through of ways release of volatile compounds. plants communicate is through release. plants communicate is through of most fascinating ways release of volatile organic compounds. plants communicate is through of most fascinating ways release of volatile compounds. plants communicate is through release of organic compounds. plants communicate is through ways release. plants communicate is through of most fascinating ways release of compounds. plants communicate is through fascinating ways release of organic compounds. plants communicate is through release of volatile compounds. plants communicate is through most fascinating ways release of compounds. plants communicate is through of fascinating ways release of volatile compounds. plants communicate is through ways release of compounds. plants communicate is through fascinating ways release of volatile compounds. plants communicate is through most fascinating ways release of volatile compounds. plants communicate is through of fascinating ways release of volatile organic compounds.",
    "evaluation": 0
  },
  {
    "correct_answer": "Plants can detect touch and vibrations as physical cues for adaptation.",
    "retrieved_context": "plants communicate is through fascinating ways release of volatile organic compounds. plants communicate is through ways release of organic compounds. plants communicate is through of fascinating ways release of compounds. plants communicate is through of ways release of organic compounds. plants communicate is through most fascinating ways release of volatile organic compounds. plants communicate is through of most fascinating ways release of organic compounds. plants communicate is through most fascinating ways release of organic compounds. plants communicate is through ways release of volatile compounds. plants communicate is through of fascinating ways release of organic compounds. plants communicate is through of ways release. plants communicate is through of fascinating ways release. plants communicate is through ways release of volatile organic compounds. plants communicate is through release of compounds. plants communicate is through of ways release of volatile organic compounds. plants communicate is through fascinating ways release of compounds. plants communicate is through of most fascinating ways release. plants communicate is through most fascinating ways release. plants communicate is through release of volatile organic compounds. plants communicate is through of ways release of compounds. plants communicate is through fascinating ways release. plants communicate is through of ways release of volatile compounds. plants communicate is through release. plants communicate is through of most fascinating ways release of volatile organic compounds. plants communicate is through of most fascinating ways release of volatile compounds. plants communicate is through release of organic compounds. plants communicate is through ways release. plants communicate is through of most fascinating ways release of compounds. plants communicate is through fascinating ways release of organic compounds. plants communicate is through release of volatile compounds. plants communicate is through most fascinating ways release of compounds. plants communicate is through of fascinating ways release of volatile compounds. plants communicate is through ways release of compounds. plants communicate is through fascinating ways release of volatile compounds. plants communicate is through most fascinating ways release of volatile compounds. plants communicate is through of fascinating ways release of volatile organic compounds. plants demonstrate their ability. plants release chemicals. plants are far passive organisms. plants defend themselves. plants are far In conclusion passive organisms. plants have developed intricate systems. plants are complex. plants can communicate through physical cues. neighboring plants may increase their production of chemicals. plants can transfer resources In cases. plants are far organisms. plants exchange nutrients. plants can communicate through cues. plants are more complex than thought. their ability interactions with organisms. their ability interactions with other organisms. plants have developed systems. neighboring plants may increase their production of defensive chemicals. their growth plants resilience. passive organisms is In conclusion. plants have developed systems In fact. plants can transfer resources to plants. plants release chemicals For example. plants can enhance their growth. their production deter herbivores. plants can communicate In chemical signaling. their resilience plants health. plants may increase their production of defensive chemicals. themselves coordinate their responses. plants can transfer resources in need. plants can even transfer resources to neighboring plants. plants interact in ways. plants interact in dynamic ways. their ability exchange through mycorrhizal networks. plants are more complex. plants interact with their environment. neighboring plants may increase their production. chemicals deter attacker. plants form of communication. their ability exchange of nutrients. their ability exchange through networks. plants are far more complex. plants can enhance their resilience. plants are far In conclusion organisms. plants are able. plants may increase their production. plants release root exudates. plants release root exudates In rhizosphere. their resilience plants overall health. plants are more complex than previously thought. plants can even transfer resources. plants may increase their production of chemicals.",
    "evaluation": 0
  },
  {
    "correct_answer": "Touching a plant may trigger the release of defensive chemicals.",
    "retrieved_context": "defensive chemicals deter attacker. plants demonstrate their ability. plants release chemicals. plants are far passive organisms. plants defend themselves. plants are far In conclusion passive organisms. plants have developed intricate systems. plants are complex. plants can communicate through physical cues. neighboring plants may increase their production of chemicals. plants can transfer resources In cases. plants are far organisms. plants exchange nutrients. plants can communicate through cues. plants are more complex than thought. their ability interactions with organisms. their ability interactions with other organisms. plants have developed systems. neighboring plants may increase their production of defensive chemicals. their growth plants resilience. passive organisms is In conclusion. plants have developed systems In fact. plants can transfer resources to plants. plants release chemicals For example. plants can enhance their growth. their production deter herbivores. plants can communicate In chemical signaling. their resilience plants health. plants may increase their production of defensive chemicals. themselves coordinate their responses. plants can transfer resources in need. plants can even transfer resources to neighboring plants. plants interact in ways. plants interact in dynamic ways. their ability exchange through mycorrhizal networks. plants are more complex. plants interact with their environment. neighboring plants may increase their production. chemicals deter attacker. plants form of communication. their ability exchange of nutrients. their ability exchange through networks. plants are far more complex. plants can enhance their resilience. plants are far In conclusion organisms. plants are able. plants may increase their production. plants release root exudates. plants release root exudates In rhizosphere. their resilience plants overall health. plants are more complex than previously thought. plants can even transfer resources. plants may increase their production of chemicals. Plants using network of underground threads called mycorrhizal networks. microbes receive sugars In exchange. Plants using network of fungal threads mycorrhizal networks. Plants are often perceived as silent organisms. Plants using network of fungal threads called mycorrhizal networks. Plants using network of threads called networks. Plants using network of underground fungal threads called networks. Plants using network networks. Plants also communicate through their roots. Plants using network of underground fungal threads called mycorrhizal networks. Plants also interact with microbes. Plants using network of underground threads mycorrhizal networks. microbes creating symbiotic relationship. Plants interact through process. Plants using network of threads called mycorrhizal networks. Plants using network of fungal threads called networks. Plants using network of underground threads networks. microbes is in soil. Plants using network of threads mycorrhizal networks. Plants using network of threads networks. Plants using network of underground fungal threads mycorrhizal networks. Plants are perceived. microbes creating relationship. Plants using network called networks. Plants using network of fungal threads networks. microbes receive sugars from plants. Plants are often perceived. microbes receive sugars. Plants also interact with microbes in soil. Plants using network called mycorrhizal networks. Plants also interact through process known as rhizosphere communication. Plants also interact through process known. Plants are often perceived as organisms. Plants using network mycorrhizal networks. Plants using network of underground threads called networks. Plants using network of underground fungal threads networks.",
    "evaluation": 0
  },
  {
    "correct_answer": "Plants can sense vibrations caused by wind or nearby organisms.",
    "retrieved_context": "plants communicate is through fascinating ways release of volatile organic compounds. plants communicate is through ways release of organic compounds. plants communicate is through of fascinating ways release of compounds. plants communicate is through of ways release of organic compounds. plants communicate is through most fascinating ways release of volatile organic compounds. plants communicate is through of most fascinating ways release of organic compounds. plants communicate is through most fascinating ways release of organic compounds. plants communicate is through ways release of volatile compounds. plants communicate is through of fascinating ways release of organic compounds. plants communicate is through of ways release. plants communicate is through of fascinating ways release. plants communicate is through ways release of volatile organic compounds. plants communicate is through release of compounds. plants communicate is through of ways release of volatile organic compounds. plants communicate is through fascinating ways release of compounds. plants communicate is through of most fascinating ways release. plants communicate is through most fascinating ways release. plants communicate is through release of volatile organic compounds. plants communicate is through of ways release of compounds. plants communicate is through fascinating ways release. plants communicate is through of ways release of volatile compounds. plants communicate is through release. plants communicate is through of most fascinating ways release of volatile organic compounds. plants communicate is through of most fascinating ways release of volatile compounds. plants communicate is through release of organic compounds. plants communicate is through ways release. plants communicate is through of most fascinating ways release of compounds. plants communicate is through fascinating ways release of organic compounds. plants communicate is through release of volatile compounds. plants communicate is through most fascinating ways release of compounds. plants communicate is through of fascinating ways release of volatile compounds. plants communicate is through ways release of compounds. plants communicate is through fascinating ways release of volatile compounds. plants communicate is through most fascinating ways release of volatile compounds. plants communicate is through of fascinating ways release of volatile organic compounds. them adjust their growth patterns. them adapt to their environment. them thrive in diverse ecosystems. them thrive in ecosystems. vibrations caused by wind. vibrations allowing them. plants demonstrate their ability. plants release chemicals. plants are far passive organisms. plants defend themselves. plants are far In conclusion passive organisms. plants have developed intricate systems. plants are complex. plants can communicate through physical cues. neighboring plants may increase their production of chemicals. plants can transfer resources In cases. plants are far organisms. plants exchange nutrients. plants can communicate through cues. plants are more complex than thought. their ability interactions with organisms. their ability interactions with other organisms. plants have developed systems. neighboring plants may increase their production of defensive chemicals. their growth plants resilience. passive organisms is In conclusion. plants have developed systems In fact. plants can transfer resources to plants. plants release chemicals For example. plants can enhance their growth. their production deter herbivores. plants can communicate In chemical signaling. their resilience plants health. plants may increase their production of defensive chemicals. themselves coordinate their responses. plants can transfer resources in need. plants can even transfer resources to neighboring plants. plants interact in ways. plants interact in dynamic ways. their ability exchange through mycorrhizal networks. plants are more complex. plants interact with their environment. neighboring plants may increase their production. chemicals deter attacker. plants form of communication. their ability exchange of nutrients. their ability exchange through networks. plants are far more complex. plants can enhance their resilience. plants are far In conclusion organisms. plants are able. plants may increase their production. plants release root exudates. plants release root exudates In rhizosphere. their resilience plants overall health. plants are more complex than previously thought. plants can even transfer resources. plants may increase their production of chemicals. Plants using network of underground threads called mycorrhizal networks. microbes receive sugars In exchange. Plants using network of fungal threads mycorrhizal networks. Plants are often perceived as silent organisms. Plants using network of fungal threads called mycorrhizal networks. Plants using network of threads called networks. Plants using network of underground fungal threads called networks. Plants using network networks. Plants also communicate through their roots. Plants using network of underground fungal threads called mycorrhizal networks. Plants also interact with microbes. Plants using network of underground threads mycorrhizal networks. microbes creating symbiotic relationship. Plants interact through process. Plants using network of threads called mycorrhizal networks. Plants using network of fungal threads called networks. Plants using network of underground threads networks. microbes is in soil. Plants using network of threads mycorrhizal networks. Plants using network of threads networks. Plants using network of underground fungal threads mycorrhizal networks. Plants are perceived. microbes creating relationship. Plants using network called networks. Plants using network of fungal threads networks. microbes receive sugars from plants. Plants are often perceived. microbes receive sugars. Plants also interact with microbes in soil. Plants using network called mycorrhizal networks. Plants also interact through process known as rhizosphere communication. Plants also interact through process known. Plants are often perceived as organisms. Plants using network mycorrhizal networks. Plants using network of underground threads called networks. Plants using network of underground fungal threads networks.",
    "evaluation": 0
  },
  {
    "correct_answer": "Plants interact with their environment through chemical, physical, and microbial signals.",
    "retrieved_context": "plants communicate is through fascinating ways release of volatile organic compounds. plants communicate is through ways release of organic compounds. plants communicate is through of fascinating ways release of compounds. plants communicate is through of ways release of organic compounds. plants communicate is through most fascinating ways release of volatile organic compounds. plants communicate is through of most fascinating ways release of organic compounds. plants communicate is through most fascinating ways release of organic compounds. plants communicate is through ways release of volatile compounds. plants communicate is through of fascinating ways release of organic compounds. plants communicate is through of ways release. plants communicate is through of fascinating ways release. plants communicate is through ways release of volatile organic compounds. plants communicate is through release of compounds. plants communicate is through of ways release of volatile organic compounds. plants communicate is through fascinating ways release of compounds. plants communicate is through of most fascinating ways release. plants communicate is through most fascinating ways release. plants communicate is through release of volatile organic compounds. plants communicate is through of ways release of compounds. plants communicate is through fascinating ways release. plants communicate is through of ways release of volatile compounds. plants communicate is through release. plants communicate is through of most fascinating ways release of volatile organic compounds. plants communicate is through of most fascinating ways release of volatile compounds. plants communicate is through release of organic compounds. plants communicate is through ways release. plants communicate is through of most fascinating ways release of compounds. plants communicate is through fascinating ways release of organic compounds. plants communicate is through release of volatile compounds. plants communicate is through most fascinating ways release of compounds. plants communicate is through of fascinating ways release of volatile compounds. plants communicate is through ways release of compounds. plants communicate is through fascinating ways release of volatile compounds. plants communicate is through most fascinating ways release of volatile compounds. plants communicate is through of fascinating ways release of volatile organic compounds. plants demonstrate their ability. plants release chemicals. plants are far passive organisms. plants defend themselves. plants are far In conclusion passive organisms. plants have developed intricate systems. plants are complex. plants can communicate through physical cues. neighboring plants may increase their production of chemicals. plants can transfer resources In cases. plants are far organisms. plants exchange nutrients. plants can communicate through cues. plants are more complex than thought. their ability interactions with organisms. their ability interactions with other organisms. plants have developed systems. neighboring plants may increase their production of defensive chemicals. their growth plants resilience. passive organisms is In conclusion. plants have developed systems In fact. plants can transfer resources to plants. plants release chemicals For example. plants can enhance their growth. their production deter herbivores. plants can communicate In chemical signaling. their resilience plants health. plants may increase their production of defensive chemicals. themselves coordinate their responses. plants can transfer resources in need. plants can even transfer resources to neighboring plants. plants interact in ways. plants interact in dynamic ways. their ability exchange through mycorrhizal networks. plants are more complex. plants interact with their environment. neighboring plants may increase their production. chemicals deter attacker. plants form of communication. their ability exchange of nutrients. their ability exchange through networks. plants are far more complex. plants can enhance their resilience. plants are far In conclusion organisms. plants are able. plants may increase their production. plants release root exudates. plants release root exudates In rhizosphere. their resilience plants overall health. plants are more complex than previously thought. plants can even transfer resources. plants may increase their production of chemicals. Plants using network of underground threads called mycorrhizal networks. microbes receive sugars In exchange. Plants using network of fungal threads mycorrhizal networks. Plants are often perceived as silent organisms. Plants using network of fungal threads called mycorrhizal networks. Plants using network of threads called networks. Plants using network of underground fungal threads called networks. Plants using network networks. Plants also communicate through their roots. Plants using network of underground fungal threads called mycorrhizal networks. Plants also interact with microbes. Plants using network of underground threads mycorrhizal networks. microbes creating symbiotic relationship. Plants interact through process. Plants using network of threads called mycorrhizal networks. Plants using network of fungal threads called networks. Plants using network of underground threads networks. microbes is in soil. Plants using network of threads mycorrhizal networks. Plants using network of threads networks. Plants using network of underground fungal threads mycorrhizal networks. Plants are perceived. microbes creating relationship. Plants using network called networks. Plants using network of fungal threads networks. microbes receive sugars from plants. Plants are often perceived. microbes receive sugars. Plants also interact with microbes in soil. Plants using network called mycorrhizal networks. Plants also interact through process known as rhizosphere communication. Plants also interact through process known. Plants are often perceived as organisms. Plants using network mycorrhizal networks. Plants using network of underground threads called networks. Plants using network of underground fungal threads networks.",
    "evaluation": 1
  },
  {
    "correct_answer": "Studying plant communication reveals the complexity of plant behavior and interactions.",
    "retrieved_context": "plants communicate is through fascinating ways release of volatile organic compounds. plants communicate is through ways release of organic compounds. plants communicate is through of fascinating ways release of compounds. plants communicate is through of ways release of organic compounds. plants communicate is through most fascinating ways release of volatile organic compounds. plants communicate is through of most fascinating ways release of organic compounds. plants communicate is through most fascinating ways release of organic compounds. plants communicate is through ways release of volatile compounds. plants communicate is through of fascinating ways release of organic compounds. plants communicate is through of ways release. plants communicate is through of fascinating ways release. plants communicate is through ways release of volatile organic compounds. plants communicate is through release of compounds. plants communicate is through of ways release of volatile organic compounds. plants communicate is through fascinating ways release of compounds. plants communicate is through of most fascinating ways release. plants communicate is through most fascinating ways release. plants communicate is through release of volatile organic compounds. plants communicate is through of ways release of compounds. plants communicate is through fascinating ways release. plants communicate is through of ways release of volatile compounds. plants communicate is through release. plants communicate is through of most fascinating ways release of volatile organic compounds. plants communicate is through of most fascinating ways release of volatile compounds. plants communicate is through release of organic compounds. plants communicate is through ways release. plants communicate is through of most fascinating ways release of compounds. plants communicate is through fascinating ways release of organic compounds. plants communicate is through release of volatile compounds. plants communicate is through most fascinating ways release of compounds. plants communicate is through of fascinating ways release of volatile compounds. plants communicate is through ways release of compounds. plants communicate is through fascinating ways release of volatile compounds. plants communicate is through most fascinating ways release of volatile compounds. plants communicate is through of fascinating ways release of volatile organic compounds. plants demonstrate their ability. plants release chemicals. plants are far passive organisms. plants defend themselves. plants are far In conclusion passive organisms. plants have developed intricate systems. plants are complex. plants can communicate through physical cues. neighboring plants may increase their production of chemicals. plants can transfer resources In cases. plants are far organisms. plants exchange nutrients. plants can communicate through cues. plants are more complex than thought. their ability interactions with organisms. their ability interactions with other organisms. plants have developed systems. neighboring plants may increase their production of defensive chemicals. their growth plants resilience. passive organisms is In conclusion. plants have developed systems In fact. plants can transfer resources to plants. plants release chemicals For example. plants can enhance their growth. their production deter herbivores. plants can communicate In chemical signaling. their resilience plants health. plants may increase their production of defensive chemicals. themselves coordinate their responses. plants can transfer resources in need. plants can even transfer resources to neighboring plants. plants interact in ways. plants interact in dynamic ways. their ability exchange through mycorrhizal networks. plants are more complex. plants interact with their environment. neighboring plants may increase their production. chemicals deter attacker. plants form of communication. their ability exchange of nutrients. their ability exchange through networks. plants are far more complex. plants can enhance their resilience. plants are far In conclusion organisms. plants are able. plants may increase their production. plants release root exudates. plants release root exudates In rhizosphere. their resilience plants overall health. plants are more complex than previously thought. plants can even transfer resources. plants may increase their production of chemicals.",
    "evaluation": 1
  },
  {
    "accuracy": "20.00%"
  }
]