[
  {
    "correct_answer": "Cryptocurrencies revolutionized the way we think about money and transactions.",
    "retrieved_context": "cryptocurrencies allowing transactions to occur directly between users without need. cryptocurrencies allowing for transactions occur. cryptocurrencies allowing for transactions to occur without need. cryptocurrencies allowing for transactions occur directly between users without need. cryptocurrencies allowing transactions occur directly between users. cryptocurrencies countries technology. cryptocurrencies allowing transactions occur between users without need. cryptocurrencies allowing for transactions to occur between users. cryptocurrencies countries blockchain technology. cryptocurrencies allowing for transactions occur between users without need. cryptocurrencies allowing transactions occur. cryptocurrencies allowing for transactions to occur directly between users without need. technology has has instrumental in building trust. cryptocurrencies allowing transactions occur between users without need for intermediaries. cryptocurrencies allowing transactions occur without need. cryptocurrencies have become significant player in economy. cryptocurrencies allowing transactions to occur directly without need for intermediaries. cryptocurrencies allowing for transactions to occur between users without need. cryptocurrencies allowing for transactions to occur between users without need for intermediaries. cryptocurrencies have become player in economy. cryptocurrencies have become player. cryptocurrencies allowing for transactions to occur directly between users. cryptocurrencies operate on peer network. cryptocurrencies allowing transactions to occur directly between users without need for intermediaries. cryptocurrencies allowing transactions occur directly. cryptocurrencies allowing for transactions to occur without need for intermediaries. cryptocurrencies allowing for transactions to occur. cryptocurrencies allowing transactions occur directly between users without need. cryptocurrencies allowing for transactions occur without need for intermediaries. cryptocurrencies allowing transactions to occur without need for intermediaries. cryptocurrencies allowing for transactions occur between users. cryptocurrencies allowing transactions to occur. cryptocurrencies allowing for transactions to occur directly without need for intermediaries. cryptocurrencies allowing transactions to occur without need. cryptocurrencies allowing transactions to occur between users without need. cryptocurrencies will become mainstream. cryptocurrencies allowing for transactions occur directly without need. technology has has instrumental in trust. cryptocurrencies allowing transactions to occur directly. cryptocurrencies allowing transactions occur directly between users without need for intermediaries. cryptocurrencies allowing for transactions to occur directly without need. cryptocurrencies allowing transactions occur directly without need. cryptocurrencies allowing transactions to occur directly without need. cryptocurrencies allowing transactions to occur directly between users. cryptocurrencies allowing for transactions occur directly. cryptocurrencies allowing for transactions occur directly without need for intermediaries. cryptocurrencies allowing for transactions occur directly between users. significant player is in global economy. cryptocurrencies significant player in economy. cryptocurrencies operate on peer to peer network. cryptocurrencies have become significant player in global economy. cryptocurrencies allowing for transactions occur without need. cryptocurrencies have become significant player. cryptocurrencies allowing for transactions occur directly between users without need for intermediaries. cryptocurrencies player in global economy. cryptocurrencies allowing transactions occur directly without need for intermediaries. cryptocurrencies allowing transactions to occur between users without need for intermediaries. cryptocurrencies allowing for transactions to occur directly. cryptocurrencies allowing transactions occur without need for intermediaries. cryptocurrencies allowing for transactions to occur directly between users without need for intermediaries. cryptocurrencies have become player in global economy. cryptocurrencies allowing transactions to occur between users. technology has has instrumental. cryptocurrencies allowing for transactions occur between users without need for intermediaries. cryptocurrencies allowing transactions occur between users. Cryptocurrencies have gained traction. Cryptocurrencies have taken world. Cryptocurrencies have taken world in years. Cryptocurrencies have also gained traction due their potential for inclusion. Cryptocurrencies have also gained traction due their potential for financial inclusion. Cryptocurrencies have taken world by storm. Cryptocurrencies have taken world in recent years. Cryptocurrencies have also gained traction due their potential. Cryptocurrencies have taken financial world.",
    "evaluation": 0
  },
  {
    "correct_answer": "Bitcoin was created in 2009 by an anonymous individual or group known as Satoshi Nakamoto.",
    "retrieved_context": "Blockchain is ledger technology. Blockchain is distributed ensures. Blockchain is distributed ledger technology. cryptocurrencies allowing transactions to occur directly between users without need. cryptocurrencies allowing for transactions occur. cryptocurrencies allowing for transactions to occur without need. cryptocurrencies allowing for transactions occur directly between users without need. cryptocurrencies allowing transactions occur directly between users. cryptocurrencies countries technology. cryptocurrencies allowing transactions occur between users without need. cryptocurrencies allowing for transactions to occur between users. cryptocurrencies countries blockchain technology. cryptocurrencies allowing for transactions occur between users without need. cryptocurrencies allowing transactions occur. cryptocurrencies allowing for transactions to occur directly between users without need. technology has has instrumental in building trust. cryptocurrencies allowing transactions occur between users without need for intermediaries. cryptocurrencies allowing transactions occur without need. cryptocurrencies have become significant player in economy. cryptocurrencies allowing transactions to occur directly without need for intermediaries. cryptocurrencies allowing for transactions to occur between users without need. cryptocurrencies allowing for transactions to occur between users without need for intermediaries. cryptocurrencies have become player in economy. cryptocurrencies have become player. cryptocurrencies allowing for transactions to occur directly between users. cryptocurrencies operate on peer network. cryptocurrencies allowing transactions to occur directly between users without need for intermediaries. cryptocurrencies allowing transactions occur directly. cryptocurrencies allowing for transactions to occur without need for intermediaries. cryptocurrencies allowing for transactions to occur. cryptocurrencies allowing transactions occur directly between users without need. cryptocurrencies allowing for transactions occur without need for intermediaries. cryptocurrencies allowing transactions to occur without need for intermediaries. cryptocurrencies allowing for transactions occur between users. cryptocurrencies allowing transactions to occur. cryptocurrencies allowing for transactions to occur directly without need for intermediaries. cryptocurrencies allowing transactions to occur without need. cryptocurrencies allowing transactions to occur between users without need. cryptocurrencies will become mainstream. cryptocurrencies allowing for transactions occur directly without need. technology has has instrumental in trust. cryptocurrencies allowing transactions to occur directly. cryptocurrencies allowing transactions occur directly between users without need for intermediaries. cryptocurrencies allowing for transactions to occur directly without need. cryptocurrencies allowing transactions occur directly without need. cryptocurrencies allowing transactions to occur directly without need. cryptocurrencies allowing transactions to occur directly between users. cryptocurrencies allowing for transactions occur directly. cryptocurrencies allowing for transactions occur directly without need for intermediaries. cryptocurrencies allowing for transactions occur directly between users. significant player is in global economy. cryptocurrencies significant player in economy. cryptocurrencies operate on peer to peer network. cryptocurrencies have become significant player in global economy. cryptocurrencies allowing for transactions occur without need. cryptocurrencies have become significant player. cryptocurrencies allowing for transactions occur directly between users without need for intermediaries. cryptocurrencies player in global economy. cryptocurrencies allowing transactions occur directly without need for intermediaries. cryptocurrencies allowing transactions to occur between users without need for intermediaries. cryptocurrencies allowing for transactions to occur directly. cryptocurrencies allowing transactions occur without need for intermediaries. cryptocurrencies allowing for transactions to occur directly between users without need for intermediaries. cryptocurrencies have become player in global economy. cryptocurrencies allowing transactions to occur between users. technology has has instrumental. cryptocurrencies allowing for transactions occur between users without need for intermediaries. cryptocurrencies allowing transactions occur between users. Cryptocurrencies have gained traction. Cryptocurrencies have taken world. Cryptocurrencies have taken world in years. Cryptocurrencies have also gained traction due their potential for inclusion. Cryptocurrencies have also gained traction due their potential for financial inclusion. Cryptocurrencies have taken world by storm. Cryptocurrencies have taken world in recent years. Cryptocurrencies have also gained traction due their potential. Cryptocurrencies have taken financial world.",
    "evaluation": 0
  },
  {
    "correct_answer": "Cryptocurrencies have become a significant player in the global economy.",
    "retrieved_context": "cryptocurrencies allowing transactions to occur directly between users without need. cryptocurrencies allowing for transactions occur. cryptocurrencies allowing for transactions to occur without need. cryptocurrencies allowing for transactions occur directly between users without need. cryptocurrencies allowing transactions occur directly between users. cryptocurrencies countries technology. cryptocurrencies allowing transactions occur between users without need. cryptocurrencies allowing for transactions to occur between users. cryptocurrencies countries blockchain technology. cryptocurrencies allowing for transactions occur between users without need. cryptocurrencies allowing transactions occur. cryptocurrencies allowing for transactions to occur directly between users without need. technology has has instrumental in building trust. cryptocurrencies allowing transactions occur between users without need for intermediaries. cryptocurrencies allowing transactions occur without need. cryptocurrencies have become significant player in economy. cryptocurrencies allowing transactions to occur directly without need for intermediaries. cryptocurrencies allowing for transactions to occur between users without need. cryptocurrencies allowing for transactions to occur between users without need for intermediaries. cryptocurrencies have become player in economy. cryptocurrencies have become player. cryptocurrencies allowing for transactions to occur directly between users. cryptocurrencies operate on peer network. cryptocurrencies allowing transactions to occur directly between users without need for intermediaries. cryptocurrencies allowing transactions occur directly. cryptocurrencies allowing for transactions to occur without need for intermediaries. cryptocurrencies allowing for transactions to occur. cryptocurrencies allowing transactions occur directly between users without need. cryptocurrencies allowing for transactions occur without need for intermediaries. cryptocurrencies allowing transactions to occur without need for intermediaries. cryptocurrencies allowing for transactions occur between users. cryptocurrencies allowing transactions to occur. cryptocurrencies allowing for transactions to occur directly without need for intermediaries. cryptocurrencies allowing transactions to occur without need. cryptocurrencies allowing transactions to occur between users without need. cryptocurrencies will become mainstream. cryptocurrencies allowing for transactions occur directly without need. technology has has instrumental in trust. cryptocurrencies allowing transactions to occur directly. cryptocurrencies allowing transactions occur directly between users without need for intermediaries. cryptocurrencies allowing for transactions to occur directly without need. cryptocurrencies allowing transactions occur directly without need. cryptocurrencies allowing transactions to occur directly without need. cryptocurrencies allowing transactions to occur directly between users. cryptocurrencies allowing for transactions occur directly. cryptocurrencies allowing for transactions occur directly without need for intermediaries. cryptocurrencies allowing for transactions occur directly between users. significant player is in global economy. cryptocurrencies significant player in economy. cryptocurrencies operate on peer to peer network. cryptocurrencies have become significant player in global economy. cryptocurrencies allowing for transactions occur without need. cryptocurrencies have become significant player. cryptocurrencies allowing for transactions occur directly between users without need for intermediaries. cryptocurrencies player in global economy. cryptocurrencies allowing transactions occur directly without need for intermediaries. cryptocurrencies allowing transactions to occur between users without need for intermediaries. cryptocurrencies allowing for transactions to occur directly. cryptocurrencies allowing transactions occur without need for intermediaries. cryptocurrencies allowing for transactions to occur directly between users without need for intermediaries. cryptocurrencies have become player in global economy. cryptocurrencies allowing transactions to occur between users. technology has has instrumental. cryptocurrencies allowing for transactions occur between users without need for intermediaries. cryptocurrencies allowing transactions occur between users. Cryptocurrencies have gained traction. Cryptocurrencies have taken world. Cryptocurrencies have taken world in years. Cryptocurrencies have also gained traction due their potential for inclusion. Cryptocurrencies have also gained traction due their potential for financial inclusion. Cryptocurrencies have taken world by storm. Cryptocurrencies have taken world in recent years. Cryptocurrencies have also gained traction due their potential. Cryptocurrencies have taken financial world.",
    "evaluation": 1
  },
  {
    "correct_answer": "Cryptocurrencies are decentralized digital assets.",
    "retrieved_context": "cryptocurrencies allowing transactions to occur directly between users without need. cryptocurrencies allowing for transactions occur. cryptocurrencies allowing for transactions to occur without need. cryptocurrencies allowing for transactions occur directly between users without need. cryptocurrencies allowing transactions occur directly between users. cryptocurrencies countries technology. cryptocurrencies allowing transactions occur between users without need. cryptocurrencies allowing for transactions to occur between users. cryptocurrencies countries blockchain technology. cryptocurrencies allowing for transactions occur between users without need. cryptocurrencies allowing transactions occur. cryptocurrencies allowing for transactions to occur directly between users without need. technology has has instrumental in building trust. cryptocurrencies allowing transactions occur between users without need for intermediaries. cryptocurrencies allowing transactions occur without need. cryptocurrencies have become significant player in economy. cryptocurrencies allowing transactions to occur directly without need for intermediaries. cryptocurrencies allowing for transactions to occur between users without need. cryptocurrencies allowing for transactions to occur between users without need for intermediaries. cryptocurrencies have become player in economy. cryptocurrencies have become player. cryptocurrencies allowing for transactions to occur directly between users. cryptocurrencies operate on peer network. cryptocurrencies allowing transactions to occur directly between users without need for intermediaries. cryptocurrencies allowing transactions occur directly. cryptocurrencies allowing for transactions to occur without need for intermediaries. cryptocurrencies allowing for transactions to occur. cryptocurrencies allowing transactions occur directly between users without need. cryptocurrencies allowing for transactions occur without need for intermediaries. cryptocurrencies allowing transactions to occur without need for intermediaries. cryptocurrencies allowing for transactions occur between users. cryptocurrencies allowing transactions to occur. cryptocurrencies allowing for transactions to occur directly without need for intermediaries. cryptocurrencies allowing transactions to occur without need. cryptocurrencies allowing transactions to occur between users without need. cryptocurrencies will become mainstream. cryptocurrencies allowing for transactions occur directly without need. technology has has instrumental in trust. cryptocurrencies allowing transactions to occur directly. cryptocurrencies allowing transactions occur directly between users without need for intermediaries. cryptocurrencies allowing for transactions to occur directly without need. cryptocurrencies allowing transactions occur directly without need. cryptocurrencies allowing transactions to occur directly without need. cryptocurrencies allowing transactions to occur directly between users. cryptocurrencies allowing for transactions occur directly. cryptocurrencies allowing for transactions occur directly without need for intermediaries. cryptocurrencies allowing for transactions occur directly between users. significant player is in global economy. cryptocurrencies significant player in economy. cryptocurrencies operate on peer to peer network. cryptocurrencies have become significant player in global economy. cryptocurrencies allowing for transactions occur without need. cryptocurrencies have become significant player. cryptocurrencies allowing for transactions occur directly between users without need for intermediaries. cryptocurrencies player in global economy. cryptocurrencies allowing transactions occur directly without need for intermediaries. cryptocurrencies allowing transactions to occur between users without need for intermediaries. cryptocurrencies allowing for transactions to occur directly. cryptocurrencies allowing transactions occur without need for intermediaries. cryptocurrencies allowing for transactions to occur directly between users without need for intermediaries. cryptocurrencies have become player in global economy. cryptocurrencies allowing transactions to occur between users. technology has has instrumental. cryptocurrencies allowing for transactions occur between users without need for intermediaries. cryptocurrencies allowing transactions occur between users. Cryptocurrencies have gained traction. Cryptocurrencies have taken world. Cryptocurrencies have taken world in years. Cryptocurrencies have also gained traction due their potential for inclusion. Cryptocurrencies have also gained traction due their potential for financial inclusion. Cryptocurrencies have taken world by storm. Cryptocurrencies have taken world in recent years. Cryptocurrencies have also gained traction due their potential. Cryptocurrencies have taken financial world. digital assets gain acceptance.",
    "evaluation": 0
  },
  {
    "correct_answer": "Cryptocurrencies operate on a peer-to-peer network.",
    "retrieved_context": "cryptocurrencies allowing transactions to occur directly between users without need. cryptocurrencies allowing for transactions occur. cryptocurrencies allowing for transactions to occur without need. cryptocurrencies allowing for transactions occur directly between users without need. cryptocurrencies allowing transactions occur directly between users. cryptocurrencies countries technology. cryptocurrencies allowing transactions occur between users without need. cryptocurrencies allowing for transactions to occur between users. cryptocurrencies countries blockchain technology. cryptocurrencies allowing for transactions occur between users without need. cryptocurrencies allowing transactions occur. cryptocurrencies allowing for transactions to occur directly between users without need. technology has has instrumental in building trust. cryptocurrencies allowing transactions occur between users without need for intermediaries. cryptocurrencies allowing transactions occur without need. cryptocurrencies have become significant player in economy. cryptocurrencies allowing transactions to occur directly without need for intermediaries. cryptocurrencies allowing for transactions to occur between users without need. cryptocurrencies allowing for transactions to occur between users without need for intermediaries. cryptocurrencies have become player in economy. cryptocurrencies have become player. cryptocurrencies allowing for transactions to occur directly between users. cryptocurrencies operate on peer network. cryptocurrencies allowing transactions to occur directly between users without need for intermediaries. cryptocurrencies allowing transactions occur directly. cryptocurrencies allowing for transactions to occur without need for intermediaries. cryptocurrencies allowing for transactions to occur. cryptocurrencies allowing transactions occur directly between users without need. cryptocurrencies allowing for transactions occur without need for intermediaries. cryptocurrencies allowing transactions to occur without need for intermediaries. cryptocurrencies allowing for transactions occur between users. cryptocurrencies allowing transactions to occur. cryptocurrencies allowing for transactions to occur directly without need for intermediaries. cryptocurrencies allowing transactions to occur without need. cryptocurrencies allowing transactions to occur between users without need. cryptocurrencies will become mainstream. cryptocurrencies allowing for transactions occur directly without need. technology has has instrumental in trust. cryptocurrencies allowing transactions to occur directly. cryptocurrencies allowing transactions occur directly between users without need for intermediaries. cryptocurrencies allowing for transactions to occur directly without need. cryptocurrencies allowing transactions occur directly without need. cryptocurrencies allowing transactions to occur directly without need. cryptocurrencies allowing transactions to occur directly between users. cryptocurrencies allowing for transactions occur directly. cryptocurrencies allowing for transactions occur directly without need for intermediaries. cryptocurrencies allowing for transactions occur directly between users. significant player is in global economy. cryptocurrencies significant player in economy. cryptocurrencies operate on peer to peer network. cryptocurrencies have become significant player in global economy. cryptocurrencies allowing for transactions occur without need. cryptocurrencies have become significant player. cryptocurrencies allowing for transactions occur directly between users without need for intermediaries. cryptocurrencies player in global economy. cryptocurrencies allowing transactions occur directly without need for intermediaries. cryptocurrencies allowing transactions to occur between users without need for intermediaries. cryptocurrencies allowing for transactions to occur directly. cryptocurrencies allowing transactions occur without need for intermediaries. cryptocurrencies allowing for transactions to occur directly between users without need for intermediaries. cryptocurrencies have become player in global economy. cryptocurrencies allowing transactions to occur between users. technology has has instrumental. cryptocurrencies allowing for transactions occur between users without need for intermediaries. cryptocurrencies allowing transactions occur between users. Cryptocurrencies have gained traction. Cryptocurrencies have taken world. Cryptocurrencies have taken world in years. Cryptocurrencies have also gained traction due their potential for inclusion. Cryptocurrencies have also gained traction due their potential for financial inclusion. Cryptocurrencies have taken world by storm. Cryptocurrencies have taken world in recent years. Cryptocurrencies have also gained traction due their potential. Cryptocurrencies have taken financial world. Blockchain is ledger technology. Blockchain is distributed ensures. Blockchain is distributed ledger technology.",
    "evaluation": 1
  },
  {
    "correct_answer": "Transactions occur directly between users without intermediaries in cryptocurrencies.",
    "retrieved_context": "",
    "evaluation": 0
  },
  {
    "correct_answer": "Decentralization provides users with more control over their funds in cryptocurrencies.",
    "retrieved_context": "cryptocurrencies allowing transactions to occur directly between users without need. cryptocurrencies allowing for transactions occur. cryptocurrencies allowing for transactions to occur without need. cryptocurrencies allowing for transactions occur directly between users without need. cryptocurrencies allowing transactions occur directly between users. cryptocurrencies countries technology. cryptocurrencies allowing transactions occur between users without need. cryptocurrencies allowing for transactions to occur between users. cryptocurrencies countries blockchain technology. cryptocurrencies allowing for transactions occur between users without need. cryptocurrencies allowing transactions occur. cryptocurrencies allowing for transactions to occur directly between users without need. technology has has instrumental in building trust. cryptocurrencies allowing transactions occur between users without need for intermediaries. cryptocurrencies allowing transactions occur without need. cryptocurrencies have become significant player in economy. cryptocurrencies allowing transactions to occur directly without need for intermediaries. cryptocurrencies allowing for transactions to occur between users without need. cryptocurrencies allowing for transactions to occur between users without need for intermediaries. cryptocurrencies have become player in economy. cryptocurrencies have become player. cryptocurrencies allowing for transactions to occur directly between users. cryptocurrencies operate on peer network. cryptocurrencies allowing transactions to occur directly between users without need for intermediaries. cryptocurrencies allowing transactions occur directly. cryptocurrencies allowing for transactions to occur without need for intermediaries. cryptocurrencies allowing for transactions to occur. cryptocurrencies allowing transactions occur directly between users without need. cryptocurrencies allowing for transactions occur without need for intermediaries. cryptocurrencies allowing transactions to occur without need for intermediaries. cryptocurrencies allowing for transactions occur between users. cryptocurrencies allowing transactions to occur. cryptocurrencies allowing for transactions to occur directly without need for intermediaries. cryptocurrencies allowing transactions to occur without need. cryptocurrencies allowing transactions to occur between users without need. cryptocurrencies will become mainstream. cryptocurrencies allowing for transactions occur directly without need. technology has has instrumental in trust. cryptocurrencies allowing transactions to occur directly. cryptocurrencies allowing transactions occur directly between users without need for intermediaries. cryptocurrencies allowing for transactions to occur directly without need. cryptocurrencies allowing transactions occur directly without need. cryptocurrencies allowing transactions to occur directly without need. cryptocurrencies allowing transactions to occur directly between users. cryptocurrencies allowing for transactions occur directly. cryptocurrencies allowing for transactions occur directly without need for intermediaries. cryptocurrencies allowing for transactions occur directly between users. significant player is in global economy. cryptocurrencies significant player in economy. cryptocurrencies operate on peer to peer network. cryptocurrencies have become significant player in global economy. cryptocurrencies allowing for transactions occur without need. cryptocurrencies have become significant player. cryptocurrencies allowing for transactions occur directly between users without need for intermediaries. cryptocurrencies player in global economy. cryptocurrencies allowing transactions occur directly without need for intermediaries. cryptocurrencies allowing transactions to occur between users without need for intermediaries. cryptocurrencies allowing for transactions to occur directly. cryptocurrencies allowing transactions occur without need for intermediaries. cryptocurrencies allowing for transactions to occur directly between users without need for intermediaries. cryptocurrencies have become player in global economy. cryptocurrencies allowing transactions to occur between users. technology has has instrumental. cryptocurrencies allowing for transactions occur between users without need for intermediaries. cryptocurrencies allowing transactions occur between users. Cryptocurrencies have gained traction. Cryptocurrencies have taken world. Cryptocurrencies have taken world in years. Cryptocurrencies have also gained traction due their potential for inclusion. Cryptocurrencies have also gained traction due their potential for financial inclusion. Cryptocurrencies have taken world by storm. Cryptocurrencies have taken world in recent years. Cryptocurrencies have also gained traction due their potential. Cryptocurrencies have taken financial world. Blockchain is ledger technology. Blockchain is distributed ensures. Blockchain is distributed ledger technology.",
    "evaluation": 0
  },
  {
    "correct_answer": "Decentralization enhances security and privacy in cryptocurrencies.",
    "retrieved_context": "cryptocurrencies allowing transactions to occur directly between users without need. cryptocurrencies allowing for transactions occur. cryptocurrencies allowing for transactions to occur without need. cryptocurrencies allowing for transactions occur directly between users without need. cryptocurrencies allowing transactions occur directly between users. cryptocurrencies countries technology. cryptocurrencies allowing transactions occur between users without need. cryptocurrencies allowing for transactions to occur between users. cryptocurrencies countries blockchain technology. cryptocurrencies allowing for transactions occur between users without need. cryptocurrencies allowing transactions occur. cryptocurrencies allowing for transactions to occur directly between users without need. technology has has instrumental in building trust. cryptocurrencies allowing transactions occur between users without need for intermediaries. cryptocurrencies allowing transactions occur without need. cryptocurrencies have become significant player in economy. cryptocurrencies allowing transactions to occur directly without need for intermediaries. cryptocurrencies allowing for transactions to occur between users without need. cryptocurrencies allowing for transactions to occur between users without need for intermediaries. cryptocurrencies have become player in economy. cryptocurrencies have become player. cryptocurrencies allowing for transactions to occur directly between users. cryptocurrencies operate on peer network. cryptocurrencies allowing transactions to occur directly between users without need for intermediaries. cryptocurrencies allowing transactions occur directly. cryptocurrencies allowing for transactions to occur without need for intermediaries. cryptocurrencies allowing for transactions to occur. cryptocurrencies allowing transactions occur directly between users without need. cryptocurrencies allowing for transactions occur without need for intermediaries. cryptocurrencies allowing transactions to occur without need for intermediaries. cryptocurrencies allowing for transactions occur between users. cryptocurrencies allowing transactions to occur. cryptocurrencies allowing for transactions to occur directly without need for intermediaries. cryptocurrencies allowing transactions to occur without need. cryptocurrencies allowing transactions to occur between users without need. cryptocurrencies will become mainstream. cryptocurrencies allowing for transactions occur directly without need. technology has has instrumental in trust. cryptocurrencies allowing transactions to occur directly. cryptocurrencies allowing transactions occur directly between users without need for intermediaries. cryptocurrencies allowing for transactions to occur directly without need. cryptocurrencies allowing transactions occur directly without need. cryptocurrencies allowing transactions to occur directly without need. cryptocurrencies allowing transactions to occur directly between users. cryptocurrencies allowing for transactions occur directly. cryptocurrencies allowing for transactions occur directly without need for intermediaries. cryptocurrencies allowing for transactions occur directly between users. significant player is in global economy. cryptocurrencies significant player in economy. cryptocurrencies operate on peer to peer network. cryptocurrencies have become significant player in global economy. cryptocurrencies allowing for transactions occur without need. cryptocurrencies have become significant player. cryptocurrencies allowing for transactions occur directly between users without need for intermediaries. cryptocurrencies player in global economy. cryptocurrencies allowing transactions occur directly without need for intermediaries. cryptocurrencies allowing transactions to occur between users without need for intermediaries. cryptocurrencies allowing for transactions to occur directly. cryptocurrencies allowing transactions occur without need for intermediaries. cryptocurrencies allowing for transactions to occur directly between users without need for intermediaries. cryptocurrencies have become player in global economy. cryptocurrencies allowing transactions to occur between users. technology has has instrumental. cryptocurrencies allowing for transactions occur between users without need for intermediaries. cryptocurrencies allowing transactions occur between users. Cryptocurrencies have gained traction. Cryptocurrencies have taken world. Cryptocurrencies have taken world in years. Cryptocurrencies have also gained traction due their potential for inclusion. Cryptocurrencies have also gained traction due their potential for financial inclusion. Cryptocurrencies have taken world by storm. Cryptocurrencies have taken world in recent years. Cryptocurrencies have also gained traction due their potential. Cryptocurrencies have taken financial world.",
    "evaluation": 0
  },
  {
    "correct_answer": "Blockchain is the technology that underpins cryptocurrencies.",
    "retrieved_context": "Blockchain is ledger technology. Blockchain is distributed ensures. Blockchain is distributed ledger technology. cryptocurrencies allowing transactions to occur directly between users without need. cryptocurrencies allowing for transactions occur. cryptocurrencies allowing for transactions to occur without need. cryptocurrencies allowing for transactions occur directly between users without need. cryptocurrencies allowing transactions occur directly between users. cryptocurrencies countries technology. cryptocurrencies allowing transactions occur between users without need. cryptocurrencies allowing for transactions to occur between users. cryptocurrencies countries blockchain technology. cryptocurrencies allowing for transactions occur between users without need. cryptocurrencies allowing transactions occur. cryptocurrencies allowing for transactions to occur directly between users without need. technology has has instrumental in building trust. cryptocurrencies allowing transactions occur between users without need for intermediaries. cryptocurrencies allowing transactions occur without need. cryptocurrencies have become significant player in economy. cryptocurrencies allowing transactions to occur directly without need for intermediaries. cryptocurrencies allowing for transactions to occur between users without need. cryptocurrencies allowing for transactions to occur between users without need for intermediaries. cryptocurrencies have become player in economy. cryptocurrencies have become player. cryptocurrencies allowing for transactions to occur directly between users. cryptocurrencies operate on peer network. cryptocurrencies allowing transactions to occur directly between users without need for intermediaries. cryptocurrencies allowing transactions occur directly. cryptocurrencies allowing for transactions to occur without need for intermediaries. cryptocurrencies allowing for transactions to occur. cryptocurrencies allowing transactions occur directly between users without need. cryptocurrencies allowing for transactions occur without need for intermediaries. cryptocurrencies allowing transactions to occur without need for intermediaries. cryptocurrencies allowing for transactions occur between users. cryptocurrencies allowing transactions to occur. cryptocurrencies allowing for transactions to occur directly without need for intermediaries. cryptocurrencies allowing transactions to occur without need. cryptocurrencies allowing transactions to occur between users without need. cryptocurrencies will become mainstream. cryptocurrencies allowing for transactions occur directly without need. technology has has instrumental in trust. cryptocurrencies allowing transactions to occur directly. cryptocurrencies allowing transactions occur directly between users without need for intermediaries. cryptocurrencies allowing for transactions to occur directly without need. cryptocurrencies allowing transactions occur directly without need. cryptocurrencies allowing transactions to occur directly without need. cryptocurrencies allowing transactions to occur directly between users. cryptocurrencies allowing for transactions occur directly. cryptocurrencies allowing for transactions occur directly without need for intermediaries. cryptocurrencies allowing for transactions occur directly between users. significant player is in global economy. cryptocurrencies significant player in economy. cryptocurrencies operate on peer to peer network. cryptocurrencies have become significant player in global economy. cryptocurrencies allowing for transactions occur without need. cryptocurrencies have become significant player. cryptocurrencies allowing for transactions occur directly between users without need for intermediaries. cryptocurrencies player in global economy. cryptocurrencies allowing transactions occur directly without need for intermediaries. cryptocurrencies allowing transactions to occur between users without need for intermediaries. cryptocurrencies allowing for transactions to occur directly. cryptocurrencies allowing transactions occur without need for intermediaries. cryptocurrencies allowing for transactions to occur directly between users without need for intermediaries. cryptocurrencies have become player in global economy. cryptocurrencies allowing transactions to occur between users. technology has has instrumental. cryptocurrencies allowing for transactions occur between users without need for intermediaries. cryptocurrencies allowing transactions occur between users. Cryptocurrencies have gained traction. Cryptocurrencies have taken world. Cryptocurrencies have taken world in years. Cryptocurrencies have also gained traction due their potential for inclusion. Cryptocurrencies have also gained traction due their potential for financial inclusion. Cryptocurrencies have taken world by storm. Cryptocurrencies have taken world in recent years. Cryptocurrencies have also gained traction due their potential. Cryptocurrencies have taken financial world.",
    "evaluation": 1
  },
  {
    "correct_answer": "Blockchain ensures transparency and immutability of transactions.",
    "retrieved_context": "Blockchain is ledger technology. Blockchain is distributed ensures. Blockchain is distributed ledger technology.",
    "evaluation": 0
  },
  {
    "correct_answer": "Each transaction in blockchain is recorded in a block.",
    "retrieved_context": "need is in various industries. transactions occur directly between users. transactions occur directly without need for intermediaries. transactions occur directly without need.",
    "evaluation": 0
  },
  {
    "correct_answer": "Blockchain forms a chain of blocks that cannot be altered once validated.",
    "retrieved_context": "Blockchain is ledger technology. Blockchain is distributed ensures. Blockchain is distributed ledger technology. contracts are contracts with terms. Smart contracts are for example executing contracts with terms of agreement written. Smart contracts are for example self executing contracts with terms of agreement written into code. Smart contracts are executing contracts with terms. contracts are for example contracts with terms of agreement directly written. contracts enforce themselves. Smart contracts are for example executing contracts with terms. contracts are for example executing contracts with terms of agreement written into code. contracts are for example executing contracts with terms of agreement written. contracts are for example self executing contracts with terms of agreement directly written. Smart contracts are for example contracts with terms of agreement written into code. contracts are self executing contracts with terms of agreement directly written. Smart contracts are self executing contracts with terms of agreement written. contracts are for example self executing contracts with terms of agreement directly written into code. Smart contracts are contracts with terms of agreement written into code. Smart contracts are for example executing contracts with terms of agreement directly written. contracts are for example contracts with terms of agreement directly written into code. Smart contracts are for example self executing contracts with terms of agreement. Smart contracts are for example executing contracts with terms of agreement directly written into code. contracts are for example contracts with terms of agreement written. Smart contracts are self executing contracts. Smart contracts are for example executing contracts with terms of agreement. Smart contracts are for example contracts with terms of agreement. contracts are executing contracts with terms of agreement written. contracts are for example contracts with terms of agreement written into code. contracts are for example self executing contracts with terms. contracts are for example self executing contracts with terms of agreement written. Smart contracts are executing contracts with terms of agreement directly written. Smart contracts are for example contracts with terms. Smart contracts are for example contracts with terms of agreement directly written. contracts are contracts. Smart contracts are for example self executing contracts with terms of agreement directly written. contracts are self executing contracts. contracts are for example self executing contracts with terms of agreement written into code. Smart contracts are for example self executing contracts with terms of agreement directly written into code. Smart contracts are contracts. contracts are executing contracts with terms of agreement. contracts are self executing contracts with terms of agreement written into code. contracts are for example executing contracts with terms. contracts are for example executing contracts with terms of agreement. Smart contracts are for example executing contracts with terms of agreement written into code. Smart contracts are executing contracts. contracts are for example executing contracts with terms of agreement directly written. Smart contracts are for example self executing contracts with terms. Smart contracts are for example self executing contracts with terms of agreement written. Smart contracts are for example contracts with terms of agreement written. contracts are for example contracts with terms. contracts are for example contracts with terms of agreement. contracts are for example executing contracts with terms of agreement directly written into code. Smart contracts are executing contracts for example. executing contracts is with terms of agreement directly written into code. Smart contracts are self executing contracts with terms of agreement. contracts are self executing contracts with terms of agreement directly written into code. Smart contracts are for example contracts with terms of agreement directly written into code. contracts are executing contracts. contracts are for example self executing contracts with terms of agreement. Smart contracts are executing contracts with terms of agreement directly written into code. contracts are executing contracts for example.",
    "evaluation": 0
  },
  {
    "correct_answer": "Smart contracts are self-executing contracts with terms written into code.",
    "retrieved_context": "",
    "evaluation": 0
  },
  {
    "correct_answer": "Smart contracts automatically enforce and execute themselves when conditions are met.",
    "retrieved_context": "contracts are contracts with terms. Smart contracts are for example executing contracts with terms of agreement written. Smart contracts are for example self executing contracts with terms of agreement written into code. Smart contracts are executing contracts with terms. contracts are for example contracts with terms of agreement directly written. contracts enforce themselves. Smart contracts are for example executing contracts with terms. contracts are for example executing contracts with terms of agreement written into code. contracts are for example executing contracts with terms of agreement written. contracts are for example self executing contracts with terms of agreement directly written. Smart contracts are for example contracts with terms of agreement written into code. contracts are self executing contracts with terms of agreement directly written. Smart contracts are self executing contracts with terms of agreement written. contracts are for example self executing contracts with terms of agreement directly written into code. Smart contracts are contracts with terms of agreement written into code. Smart contracts are for example executing contracts with terms of agreement directly written. contracts are for example contracts with terms of agreement directly written into code. Smart contracts are for example self executing contracts with terms of agreement. Smart contracts are for example executing contracts with terms of agreement directly written into code. contracts are for example contracts with terms of agreement written. Smart contracts are self executing contracts. Smart contracts are for example executing contracts with terms of agreement. Smart contracts are for example contracts with terms of agreement. contracts are executing contracts with terms of agreement written. contracts are for example contracts with terms of agreement written into code. contracts are for example self executing contracts with terms. contracts are for example self executing contracts with terms of agreement written. Smart contracts are executing contracts with terms of agreement directly written. Smart contracts are for example contracts with terms. Smart contracts are for example contracts with terms of agreement directly written. contracts are contracts. Smart contracts are for example self executing contracts with terms of agreement directly written. contracts are self executing contracts. contracts are for example self executing contracts with terms of agreement written into code. Smart contracts are for example self executing contracts with terms of agreement directly written into code. Smart contracts are contracts. contracts are executing contracts with terms of agreement. contracts are self executing contracts with terms of agreement written into code. contracts are for example executing contracts with terms. contracts are for example executing contracts with terms of agreement. Smart contracts are for example executing contracts with terms of agreement written into code. Smart contracts are executing contracts. contracts are for example executing contracts with terms of agreement directly written. Smart contracts are for example self executing contracts with terms. Smart contracts are for example self executing contracts with terms of agreement written. Smart contracts are for example contracts with terms of agreement written. contracts are for example contracts with terms. contracts are for example contracts with terms of agreement. contracts are for example executing contracts with terms of agreement directly written into code. Smart contracts are executing contracts for example. executing contracts is with terms of agreement directly written into code. Smart contracts are self executing contracts with terms of agreement. contracts are self executing contracts with terms of agreement directly written into code. Smart contracts are for example contracts with terms of agreement directly written into code. contracts are executing contracts. contracts are for example self executing contracts with terms of agreement. Smart contracts are executing contracts with terms of agreement directly written into code. contracts are executing contracts for example.",
    "evaluation": 1
  },
  {
    "correct_answer": "Cryptocurrencies offer financial inclusion to individuals in underserved communities.",
    "retrieved_context": "cryptocurrencies allowing transactions to occur directly between users without need. cryptocurrencies allowing for transactions occur. cryptocurrencies allowing for transactions to occur without need. cryptocurrencies allowing for transactions occur directly between users without need. cryptocurrencies allowing transactions occur directly between users. cryptocurrencies countries technology. cryptocurrencies allowing transactions occur between users without need. cryptocurrencies allowing for transactions to occur between users. cryptocurrencies countries blockchain technology. cryptocurrencies allowing for transactions occur between users without need. cryptocurrencies allowing transactions occur. cryptocurrencies allowing for transactions to occur directly between users without need. technology has has instrumental in building trust. cryptocurrencies allowing transactions occur between users without need for intermediaries. cryptocurrencies allowing transactions occur without need. cryptocurrencies have become significant player in economy. cryptocurrencies allowing transactions to occur directly without need for intermediaries. cryptocurrencies allowing for transactions to occur between users without need. cryptocurrencies allowing for transactions to occur between users without need for intermediaries. cryptocurrencies have become player in economy. cryptocurrencies have become player. cryptocurrencies allowing for transactions to occur directly between users. cryptocurrencies operate on peer network. cryptocurrencies allowing transactions to occur directly between users without need for intermediaries. cryptocurrencies allowing transactions occur directly. cryptocurrencies allowing for transactions to occur without need for intermediaries. cryptocurrencies allowing for transactions to occur. cryptocurrencies allowing transactions occur directly between users without need. cryptocurrencies allowing for transactions occur without need for intermediaries. cryptocurrencies allowing transactions to occur without need for intermediaries. cryptocurrencies allowing for transactions occur between users. cryptocurrencies allowing transactions to occur. cryptocurrencies allowing for transactions to occur directly without need for intermediaries. cryptocurrencies allowing transactions to occur without need. cryptocurrencies allowing transactions to occur between users without need. cryptocurrencies will become mainstream. cryptocurrencies allowing for transactions occur directly without need. technology has has instrumental in trust. cryptocurrencies allowing transactions to occur directly. cryptocurrencies allowing transactions occur directly between users without need for intermediaries. cryptocurrencies allowing for transactions to occur directly without need. cryptocurrencies allowing transactions occur directly without need. cryptocurrencies allowing transactions to occur directly without need. cryptocurrencies allowing transactions to occur directly between users. cryptocurrencies allowing for transactions occur directly. cryptocurrencies allowing for transactions occur directly without need for intermediaries. cryptocurrencies allowing for transactions occur directly between users. significant player is in global economy. cryptocurrencies significant player in economy. cryptocurrencies operate on peer to peer network. cryptocurrencies have become significant player in global economy. cryptocurrencies allowing for transactions occur without need. cryptocurrencies have become significant player. cryptocurrencies allowing for transactions occur directly between users without need for intermediaries. cryptocurrencies player in global economy. cryptocurrencies allowing transactions occur directly without need for intermediaries. cryptocurrencies allowing transactions to occur between users without need for intermediaries. cryptocurrencies allowing for transactions to occur directly. cryptocurrencies allowing transactions occur without need for intermediaries. cryptocurrencies allowing for transactions to occur directly between users without need for intermediaries. cryptocurrencies have become player in global economy. cryptocurrencies allowing transactions to occur between users. technology has has instrumental. cryptocurrencies allowing for transactions occur between users without need for intermediaries. cryptocurrencies allowing transactions occur between users. Cryptocurrencies have gained traction. Cryptocurrencies have taken world. Cryptocurrencies have taken world in years. Cryptocurrencies have also gained traction due their potential for inclusion. Cryptocurrencies have also gained traction due their potential for financial inclusion. Cryptocurrencies have taken world by storm. Cryptocurrencies have taken world in recent years. Cryptocurrencies have also gained traction due their potential. Cryptocurrencies have taken financial world.",
    "evaluation": 0
  },
  {
    "accuracy": "26.67%"
  }
]