[
  {
    "correct_answer": "Social media revolutionized communication in the digital age.",
    "retrieved_context": "social media has has criticized for forms of communication. social media has Furthermore has also criticized for promoting shallow forms. social media has has criticized for promoting shallow forms. social media However has also brought about host despite its benefits. social media has had impact on communication. social media has Furthermore has also criticized. social media has has criticized. social media has has also criticized for shallow forms. social media has has criticized for shallow forms of communication. communication is in our society. social media has had profound impact on communication in our society. social media has has also criticized. social media has Furthermore has also criticized for promoting forms of communication. social media key impact of is amplification of our voices. social media has Furthermore has criticized for forms. social media has Furthermore has criticized for promoting shallow forms. social media has influenced communication. social media has also brought about host despite its many benefits. social media has Furthermore has criticized for shallow forms of communication. social media has Furthermore has also criticized for forms. social media has has also criticized for forms of communication. social media has Furthermore has also criticized for promoting shallow forms of communication. social media has has criticized for forms. social media has has also criticized for promoting forms. social media has has criticized for promoting forms. social media has has criticized for promoting shallow forms of communication. social media has Furthermore has criticized for promoting forms of communication. social media has has also criticized for promoting shallow forms of communication. social media Moreover has transformed way. social media has had profound impact. social media has Furthermore has criticized for shallow forms. social media has Furthermore has also criticized for forms of communication. social media has had impact on communication in our society. social media has has also criticized for promoting shallow forms. social media examine positive effects. social media examine effects. social media has has also criticized for shallow forms of communication. social media has Furthermore has criticized for promoting forms. social media has had profound impact on communication. social media has has criticized for shallow forms. effects constant need for validation. social media has Furthermore has criticized for forms of communication. social media has Furthermore has also criticized for shallow forms. social media has has also criticized for promoting forms of communication. social media has has also criticized for forms. social media has had impact. social media key impact of is amplification. social media has Furthermore has criticized for promoting shallow forms of communication. effects need through likes. social media has had impact In conclusion. social media has Furthermore has also criticized for shallow forms of communication. social media has Furthermore has criticized. social media has Furthermore has also criticized for promoting forms. social media has has criticized for promoting forms of communication. Social media has revolutionized way.",
    "evaluation": 1
  },
  {
    "correct_answer": "Social media impacted relationships, behaviors, and perceptions.",
    "retrieved_context": "social media has has criticized for forms of communication. social media has Furthermore has also criticized for promoting shallow forms. social media has has criticized for promoting shallow forms. social media However has also brought about host despite its benefits. social media has had impact on communication. social media has Furthermore has also criticized. social media has has criticized. social media has has also criticized for shallow forms. social media has has criticized for shallow forms of communication. communication is in our society. social media has had profound impact on communication in our society. social media has has also criticized. social media has Furthermore has also criticized for promoting forms of communication. social media key impact of is amplification of our voices. social media has Furthermore has criticized for forms. social media has Furthermore has criticized for promoting shallow forms. social media has influenced communication. social media has also brought about host despite its many benefits. social media has Furthermore has criticized for shallow forms of communication. social media has Furthermore has also criticized for forms. social media has has also criticized for forms of communication. social media has Furthermore has also criticized for promoting shallow forms of communication. social media has has criticized for forms. social media has has also criticized for promoting forms. social media has has criticized for promoting forms. social media has has criticized for promoting shallow forms of communication. social media has Furthermore has criticized for promoting forms of communication. social media has has also criticized for promoting shallow forms of communication. social media Moreover has transformed way. social media has had profound impact. social media has Furthermore has criticized for shallow forms. social media has Furthermore has also criticized for forms of communication. social media has had impact on communication in our society. social media has has also criticized for promoting shallow forms. social media examine positive effects. social media examine effects. social media has has also criticized for shallow forms of communication. social media has Furthermore has criticized for promoting forms. social media has had profound impact on communication. social media has has criticized for shallow forms. effects constant need for validation. social media has Furthermore has criticized for forms of communication. social media has Furthermore has also criticized for shallow forms. social media has has also criticized for promoting forms of communication. social media has has also criticized for forms. social media has had impact. social media key impact of is amplification. social media has Furthermore has criticized for promoting shallow forms of communication. effects need through likes. social media has had impact In conclusion. social media has Furthermore has also criticized for shallow forms of communication. social media has Furthermore has criticized. social media has Furthermore has also criticized for promoting forms. social media has has criticized for promoting forms of communication. Social media has revolutionized way.",
    "evaluation": 0
  },
  {
    "correct_answer": "Social media influenced communication positively and negatively.",
    "retrieved_context": "",
    "evaluation": 0
  },
  {
    "correct_answer": "Social media enables connection regardless of physical distance.",
    "retrieved_context": "social media has has criticized for forms of communication. social media has Furthermore has also criticized for promoting shallow forms. social media has has criticized for promoting shallow forms. social media However has also brought about host despite its benefits. social media has had impact on communication. social media has Furthermore has also criticized. social media has has criticized. social media has has also criticized for shallow forms. social media has has criticized for shallow forms of communication. communication is in our society. social media has had profound impact on communication in our society. social media has has also criticized. social media has Furthermore has also criticized for promoting forms of communication. social media key impact of is amplification of our voices. social media has Furthermore has criticized for forms. social media has Furthermore has criticized for promoting shallow forms. social media has influenced communication. social media has also brought about host despite its many benefits. social media has Furthermore has criticized for shallow forms of communication. social media has Furthermore has also criticized for forms. social media has has also criticized for forms of communication. social media has Furthermore has also criticized for promoting shallow forms of communication. social media has has criticized for forms. social media has has also criticized for promoting forms. social media has has criticized for promoting forms. social media has has criticized for promoting shallow forms of communication. social media has Furthermore has criticized for promoting forms of communication. social media has has also criticized for promoting shallow forms of communication. social media Moreover has transformed way. social media has had profound impact. social media has Furthermore has criticized for shallow forms. social media has Furthermore has also criticized for forms of communication. social media has had impact on communication in our society. social media has has also criticized for promoting shallow forms. social media examine positive effects. social media examine effects. social media has has also criticized for shallow forms of communication. social media has Furthermore has criticized for promoting forms. social media has had profound impact on communication. social media has has criticized for shallow forms. effects constant need for validation. social media has Furthermore has criticized for forms of communication. social media has Furthermore has also criticized for shallow forms. social media has has also criticized for promoting forms of communication. social media has has also criticized for forms. social media has had impact. social media key impact of is amplification. social media has Furthermore has criticized for promoting shallow forms of communication. effects need through likes. social media has had impact In conclusion. social media has Furthermore has also criticized for shallow forms of communication. social media has Furthermore has criticized. social media has Furthermore has also criticized for promoting forms. social media has has criticized for promoting forms of communication. Social media has revolutionized way.",
    "evaluation": 0
  },
  {
    "correct_answer": "Platforms like Facebook, Twitter, Instagram, and Snapchat facilitate staying in touch globally.",
    "retrieved_context": "social media has has criticized for forms of communication. social media has Furthermore has also criticized for promoting shallow forms. social media has has criticized for promoting shallow forms. social media However has also brought about host despite its benefits. social media has had impact on communication. social media has Furthermore has also criticized. social media has has criticized. social media has has also criticized for shallow forms. social media has has criticized for shallow forms of communication. communication is in our society. social media has had profound impact on communication in our society. social media has has also criticized. social media has Furthermore has also criticized for promoting forms of communication. social media key impact of is amplification of our voices. social media has Furthermore has criticized for forms. social media has Furthermore has criticized for promoting shallow forms. social media has influenced communication. social media has also brought about host despite its many benefits. social media has Furthermore has criticized for shallow forms of communication. social media has Furthermore has also criticized for forms. social media has has also criticized for forms of communication. social media has Furthermore has also criticized for promoting shallow forms of communication. social media has has criticized for forms. social media has has also criticized for promoting forms. social media has has criticized for promoting forms. social media has has criticized for promoting shallow forms of communication. social media has Furthermore has criticized for promoting forms of communication. social media has has also criticized for promoting shallow forms of communication. social media Moreover has transformed way. social media has had profound impact. social media has Furthermore has criticized for shallow forms. social media has Furthermore has also criticized for forms of communication. social media has had impact on communication in our society. social media has has also criticized for promoting shallow forms. social media examine positive effects. social media examine effects. social media has has also criticized for shallow forms of communication. social media has Furthermore has criticized for promoting forms. social media has had profound impact on communication. social media has has criticized for shallow forms. effects constant need for validation. social media has Furthermore has criticized for forms of communication. social media has Furthermore has also criticized for shallow forms. social media has has also criticized for promoting forms of communication. social media has has also criticized for forms. social media has had impact. social media key impact of is amplification. social media has Furthermore has criticized for promoting shallow forms of communication. effects need through likes. social media has had impact In conclusion. social media has Furthermore has also criticized for shallow forms of communication. social media has Furthermore has criticized. social media has Furthermore has also criticized for promoting forms. social media has has criticized for promoting forms of communication. Social media has revolutionized way. Platforms have made it easier. touch is with friends.",
    "evaluation": 0
  },
  {
    "correct_answer": "Social media allows sharing updates, photos, and thoughts in real-time.",
    "retrieved_context": "social media has has criticized for forms of communication. social media has Furthermore has also criticized for promoting shallow forms. social media has has criticized for promoting shallow forms. social media However has also brought about host despite its benefits. social media has had impact on communication. social media has Furthermore has also criticized. social media has has criticized. social media has has also criticized for shallow forms. social media has has criticized for shallow forms of communication. communication is in our society. social media has had profound impact on communication in our society. social media has has also criticized. social media has Furthermore has also criticized for promoting forms of communication. social media key impact of is amplification of our voices. social media has Furthermore has criticized for forms. social media has Furthermore has criticized for promoting shallow forms. social media has influenced communication. social media has also brought about host despite its many benefits. social media has Furthermore has criticized for shallow forms of communication. social media has Furthermore has also criticized for forms. social media has has also criticized for forms of communication. social media has Furthermore has also criticized for promoting shallow forms of communication. social media has has criticized for forms. social media has has also criticized for promoting forms. social media has has criticized for promoting forms. social media has has criticized for promoting shallow forms of communication. social media has Furthermore has criticized for promoting forms of communication. social media has has also criticized for promoting shallow forms of communication. social media Moreover has transformed way. social media has had profound impact. social media has Furthermore has criticized for shallow forms. social media has Furthermore has also criticized for forms of communication. social media has had impact on communication in our society. social media has has also criticized for promoting shallow forms. social media examine positive effects. social media examine effects. social media has has also criticized for shallow forms of communication. social media has Furthermore has criticized for promoting forms. social media has had profound impact on communication. social media has has criticized for shallow forms. effects constant need for validation. social media has Furthermore has criticized for forms of communication. social media has Furthermore has also criticized for shallow forms. social media has has also criticized for promoting forms of communication. social media has has also criticized for forms. social media has had impact. social media key impact of is amplification. social media has Furthermore has criticized for promoting shallow forms of communication. effects need through likes. social media has had impact In conclusion. social media has Furthermore has also criticized for shallow forms of communication. social media has Furthermore has criticized. social media has Furthermore has also criticized for promoting forms. social media has has criticized for promoting forms of communication. Social media has revolutionized way.",
    "evaluation": 0
  },
  {
    "correct_answer": "News spreads rapidly through social media via citizen journalism and user-generated content.",
    "retrieved_context": "social media has has criticized for forms of communication. social media has Furthermore has also criticized for promoting shallow forms. social media has has criticized for promoting shallow forms. social media However has also brought about host despite its benefits. social media has had impact on communication. social media has Furthermore has also criticized. social media has has criticized. social media has has also criticized for shallow forms. social media has has criticized for shallow forms of communication. communication is in our society. social media has had profound impact on communication in our society. social media has has also criticized. social media has Furthermore has also criticized for promoting forms of communication. social media key impact of is amplification of our voices. social media has Furthermore has criticized for forms. social media has Furthermore has criticized for promoting shallow forms. social media has influenced communication. social media has also brought about host despite its many benefits. social media has Furthermore has criticized for shallow forms of communication. social media has Furthermore has also criticized for forms. social media has has also criticized for forms of communication. social media has Furthermore has also criticized for promoting shallow forms of communication. social media has has criticized for forms. social media has has also criticized for promoting forms. social media has has criticized for promoting forms. social media has has criticized for promoting shallow forms of communication. social media has Furthermore has criticized for promoting forms of communication. social media has has also criticized for promoting shallow forms of communication. social media Moreover has transformed way. social media has had profound impact. social media has Furthermore has criticized for shallow forms. social media has Furthermore has also criticized for forms of communication. social media has had impact on communication in our society. social media has has also criticized for promoting shallow forms. social media examine positive effects. social media examine effects. social media has has also criticized for shallow forms of communication. social media has Furthermore has criticized for promoting forms. social media has had profound impact on communication. social media has has criticized for shallow forms. effects constant need for validation. social media has Furthermore has criticized for forms of communication. social media has Furthermore has also criticized for shallow forms. social media has has also criticized for promoting forms of communication. social media has has also criticized for forms. social media has had impact. social media key impact of is amplification. social media has Furthermore has criticized for promoting shallow forms of communication. effects need through likes. social media has had impact In conclusion. social media has Furthermore has also criticized for shallow forms of communication. social media has Furthermore has criticized. social media has Furthermore has also criticized for promoting forms. social media has has criticized for promoting forms of communication. Social media has revolutionized way.",
    "evaluation": 0
  },
  {
    "correct_answer": "Social media democratizes information and engages individuals in current events.",
    "retrieved_context": "social media has has criticized for forms of communication. social media has Furthermore has also criticized for promoting shallow forms. social media has has criticized for promoting shallow forms. social media However has also brought about host despite its benefits. social media has had impact on communication. social media has Furthermore has also criticized. social media has has criticized. social media has has also criticized for shallow forms. social media has has criticized for shallow forms of communication. communication is in our society. social media has had profound impact on communication in our society. social media has has also criticized. social media has Furthermore has also criticized for promoting forms of communication. social media key impact of is amplification of our voices. social media has Furthermore has criticized for forms. social media has Furthermore has criticized for promoting shallow forms. social media has influenced communication. social media has also brought about host despite its many benefits. social media has Furthermore has criticized for shallow forms of communication. social media has Furthermore has also criticized for forms. social media has has also criticized for forms of communication. social media has Furthermore has also criticized for promoting shallow forms of communication. social media has has criticized for forms. social media has has also criticized for promoting forms. social media has has criticized for promoting forms. social media has has criticized for promoting shallow forms of communication. social media has Furthermore has criticized for promoting forms of communication. social media has has also criticized for promoting shallow forms of communication. social media Moreover has transformed way. social media has had profound impact. social media has Furthermore has criticized for shallow forms. social media has Furthermore has also criticized for forms of communication. social media has had impact on communication in our society. social media has has also criticized for promoting shallow forms. social media examine positive effects. social media examine effects. social media has has also criticized for shallow forms of communication. social media has Furthermore has criticized for promoting forms. social media has had profound impact on communication. social media has has criticized for shallow forms. effects constant need for validation. social media has Furthermore has criticized for forms of communication. social media has Furthermore has also criticized for shallow forms. social media has has also criticized for promoting forms of communication. social media has has also criticized for forms. social media has had impact. social media key impact of is amplification. social media has Furthermore has criticized for promoting shallow forms of communication. effects need through likes. social media has had impact In conclusion. social media has Furthermore has also criticized for shallow forms of communication. social media has Furthermore has criticized. social media has Furthermore has also criticized for promoting forms. social media has has criticized for promoting forms of communication. Social media has revolutionized way. individuals can share updates. democratization has empowered individuals. individuals democratization of information. information can can shared. information can can shared on platforms.",
    "evaluation": 1
  },
  {
    "correct_answer": "Twitter provides a platform for marginalized groups to share stories and advocate for change.",
    "retrieved_context": "social media has has criticized for forms of communication. social media has Furthermore has also criticized for promoting shallow forms. social media has has criticized for promoting shallow forms. social media However has also brought about host despite its benefits. social media has had impact on communication. social media has Furthermore has also criticized. social media has has criticized. social media has has also criticized for shallow forms. social media has has criticized for shallow forms of communication. communication is in our society. social media has had profound impact on communication in our society. social media has has also criticized. social media has Furthermore has also criticized for promoting forms of communication. social media key impact of is amplification of our voices. social media has Furthermore has criticized for forms. social media has Furthermore has criticized for promoting shallow forms. social media has influenced communication. social media has also brought about host despite its many benefits. social media has Furthermore has criticized for shallow forms of communication. social media has Furthermore has also criticized for forms. social media has has also criticized for forms of communication. social media has Furthermore has also criticized for promoting shallow forms of communication. social media has has criticized for forms. social media has has also criticized for promoting forms. social media has has criticized for promoting forms. social media has has criticized for promoting shallow forms of communication. social media has Furthermore has criticized for promoting forms of communication. social media has has also criticized for promoting shallow forms of communication. social media Moreover has transformed way. social media has had profound impact. social media has Furthermore has criticized for shallow forms. social media has Furthermore has also criticized for forms of communication. social media has had impact on communication in our society. social media has has also criticized for promoting shallow forms. social media examine positive effects. social media examine effects. social media has has also criticized for shallow forms of communication. social media has Furthermore has criticized for promoting forms. social media has had profound impact on communication. social media has has criticized for shallow forms. effects constant need for validation. social media has Furthermore has criticized for forms of communication. social media has Furthermore has also criticized for shallow forms. social media has has also criticized for promoting forms of communication. social media has has also criticized for forms. social media has had impact. social media key impact of is amplification. social media has Furthermore has criticized for promoting shallow forms of communication. effects need through likes. social media has had impact In conclusion. social media has Furthermore has also criticized for shallow forms of communication. social media has Furthermore has criticized. social media has Furthermore has also criticized for promoting forms. social media has has criticized for promoting forms of communication. Social media has revolutionized way. communities raise awareness. communities raise awareness about injustices. communities advocate for change. communities raise awareness about social injustices.",
    "evaluation": 0
  },
  {
    "correct_answer": "Social media amplifies voices and visibility of underrepresented communities.",
    "retrieved_context": "underrepresented communities raise awareness about social injustices. underrepresented communities raise awareness. underrepresented communities raise awareness about injustices. underrepresented communities advocate for change. social media has has criticized for forms of communication. social media has Furthermore has also criticized for promoting shallow forms. social media has has criticized for promoting shallow forms. social media However has also brought about host despite its benefits. social media has had impact on communication. social media has Furthermore has also criticized. social media has has criticized. social media has has also criticized for shallow forms. social media has has criticized for shallow forms of communication. communication is in our society. social media has had profound impact on communication in our society. social media has has also criticized. social media has Furthermore has also criticized for promoting forms of communication. social media key impact of is amplification of our voices. social media has Furthermore has criticized for forms. social media has Furthermore has criticized for promoting shallow forms. social media has influenced communication. social media has also brought about host despite its many benefits. social media has Furthermore has criticized for shallow forms of communication. social media has Furthermore has also criticized for forms. social media has has also criticized for forms of communication. social media has Furthermore has also criticized for promoting shallow forms of communication. social media has has criticized for forms. social media has has also criticized for promoting forms. social media has has criticized for promoting forms. social media has has criticized for promoting shallow forms of communication. social media has Furthermore has criticized for promoting forms of communication. social media has has also criticized for promoting shallow forms of communication. social media Moreover has transformed way. social media has had profound impact. social media has Furthermore has criticized for shallow forms. social media has Furthermore has also criticized for forms of communication. social media has had impact on communication in our society. social media has has also criticized for promoting shallow forms. social media examine positive effects. social media examine effects. social media has has also criticized for shallow forms of communication. social media has Furthermore has criticized for promoting forms. social media has had profound impact on communication. social media has has criticized for shallow forms. effects constant need for validation. social media has Furthermore has criticized for forms of communication. social media has Furthermore has also criticized for shallow forms. social media has has also criticized for promoting forms of communication. social media has has also criticized for forms. social media has had impact. social media key impact of is amplification. social media has Furthermore has criticized for promoting shallow forms of communication. effects need through likes. social media has had impact In conclusion. social media has Furthermore has also criticized for shallow forms of communication. social media has Furthermore has criticized. social media has Furthermore has also criticized for promoting forms. social media has has criticized for promoting forms of communication. Social media has revolutionized way. communities raise awareness. communities raise awareness about injustices. communities advocate for change. communities raise awareness about social injustices.",
    "evaluation": 1
  },
  {
    "correct_answer": "Misinformation and fake news are challenges on social networking sites.",
    "retrieved_context": "social media has has criticized for forms of communication. social media has Furthermore has also criticized for promoting shallow forms. social media has has criticized for promoting shallow forms. social media However has also brought about host despite its benefits. social media has had impact on communication. social media has Furthermore has also criticized. social media has has criticized. social media has has also criticized for shallow forms. social media has has criticized for shallow forms of communication. communication is in our society. social media has had profound impact on communication in our society. social media has has also criticized. social media has Furthermore has also criticized for promoting forms of communication. social media key impact of is amplification of our voices. social media has Furthermore has criticized for forms. social media has Furthermore has criticized for promoting shallow forms. social media has influenced communication. social media has also brought about host despite its many benefits. social media has Furthermore has criticized for shallow forms of communication. social media has Furthermore has also criticized for forms. social media has has also criticized for forms of communication. social media has Furthermore has also criticized for promoting shallow forms of communication. social media has has criticized for forms. social media has has also criticized for promoting forms. social media has has criticized for promoting forms. social media has has criticized for promoting shallow forms of communication. social media has Furthermore has criticized for promoting forms of communication. social media has has also criticized for promoting shallow forms of communication. social media Moreover has transformed way. social media has had profound impact. social media has Furthermore has criticized for shallow forms. social media has Furthermore has also criticized for forms of communication. social media has had impact on communication in our society. social media has has also criticized for promoting shallow forms. social media examine positive effects. social media examine effects. social media has has also criticized for shallow forms of communication. social media has Furthermore has criticized for promoting forms. social media has had profound impact on communication. social media has has criticized for shallow forms. effects constant need for validation. social media has Furthermore has criticized for forms of communication. social media has Furthermore has also criticized for shallow forms. social media has has also criticized for promoting forms of communication. social media has has also criticized for forms. social media has had impact. social media key impact of is amplification. social media has Furthermore has criticized for promoting shallow forms of communication. effects need through likes. social media has had impact In conclusion. social media has Furthermore has also criticized for shallow forms of communication. social media has Furthermore has criticized. social media has Furthermore has also criticized for promoting forms. social media has has criticized for promoting forms of communication. Social media has revolutionized way.",
    "evaluation": 0
  },
  {
    "correct_answer": "Social media promotes shallow communication forms like likes and emojis.",
    "retrieved_context": "social media has has criticized for forms of communication. social media has Furthermore has also criticized for promoting shallow forms. social media has has criticized for promoting shallow forms. social media However has also brought about host despite its benefits. social media has had impact on communication. social media has Furthermore has also criticized. social media has has criticized. social media has has also criticized for shallow forms. social media has has criticized for shallow forms of communication. communication is in our society. social media has had profound impact on communication in our society. social media has has also criticized. social media has Furthermore has also criticized for promoting forms of communication. social media key impact of is amplification of our voices. social media has Furthermore has criticized for forms. social media has Furthermore has criticized for promoting shallow forms. social media has influenced communication. social media has also brought about host despite its many benefits. social media has Furthermore has criticized for shallow forms of communication. social media has Furthermore has also criticized for forms. social media has has also criticized for forms of communication. social media has Furthermore has also criticized for promoting shallow forms of communication. social media has has criticized for forms. social media has has also criticized for promoting forms. social media has has criticized for promoting forms. social media has has criticized for promoting shallow forms of communication. social media has Furthermore has criticized for promoting forms of communication. social media has has also criticized for promoting shallow forms of communication. social media Moreover has transformed way. social media has had profound impact. social media has Furthermore has criticized for shallow forms. social media has Furthermore has also criticized for forms of communication. social media has had impact on communication in our society. social media has has also criticized for promoting shallow forms. social media examine positive effects. social media examine effects. social media has has also criticized for shallow forms of communication. social media has Furthermore has criticized for promoting forms. social media has had profound impact on communication. social media has has criticized for shallow forms. effects constant need for validation. social media has Furthermore has criticized for forms of communication. social media has Furthermore has also criticized for shallow forms. social media has has also criticized for promoting forms of communication. social media has has also criticized for forms. social media has had impact. social media key impact of is amplification. social media has Furthermore has criticized for promoting shallow forms of communication. effects need through likes. social media has had impact In conclusion. social media has Furthermore has also criticized for shallow forms of communication. social media has Furthermore has criticized. social media has Furthermore has also criticized for promoting forms. social media has has criticized for promoting forms of communication. Social media has revolutionized way.",
    "evaluation": 1
  },
  {
    "correct_answer": "Superficial communication on social media can lead to a lack of genuine connections.",
    "retrieved_context": "",
    "evaluation": 0
  },
  {
    "correct_answer": "Validation through likes and comments can impact mental health and self-esteem.",
    "retrieved_context": "",
    "evaluation": 0
  },
  {
    "correct_answer": "Social media shapes connectivity, information sharing, and interactions in society.",
    "retrieved_context": "social media has has criticized for forms of communication. social media has Furthermore has also criticized for promoting shallow forms. social media has has criticized for promoting shallow forms. social media However has also brought about host despite its benefits. social media has had impact on communication. social media has Furthermore has also criticized. social media has has criticized. social media has has also criticized for shallow forms. social media has has criticized for shallow forms of communication. communication is in our society. social media has had profound impact on communication in our society. social media has has also criticized. social media has Furthermore has also criticized for promoting forms of communication. social media key impact of is amplification of our voices. social media has Furthermore has criticized for forms. social media has Furthermore has criticized for promoting shallow forms. social media has influenced communication. social media has also brought about host despite its many benefits. social media has Furthermore has criticized for shallow forms of communication. social media has Furthermore has also criticized for forms. social media has has also criticized for forms of communication. social media has Furthermore has also criticized for promoting shallow forms of communication. social media has has criticized for forms. social media has has also criticized for promoting forms. social media has has criticized for promoting forms. social media has has criticized for promoting shallow forms of communication. social media has Furthermore has criticized for promoting forms of communication. social media has has also criticized for promoting shallow forms of communication. social media Moreover has transformed way. social media has had profound impact. social media has Furthermore has criticized for shallow forms. social media has Furthermore has also criticized for forms of communication. social media has had impact on communication in our society. social media has has also criticized for promoting shallow forms. social media examine positive effects. social media examine effects. social media has has also criticized for shallow forms of communication. social media has Furthermore has criticized for promoting forms. social media has had profound impact on communication. social media has has criticized for shallow forms. effects constant need for validation. social media has Furthermore has criticized for forms of communication. social media has Furthermore has also criticized for shallow forms. social media has has also criticized for promoting forms of communication. social media has has also criticized for forms. social media has had impact. social media key impact of is amplification. social media has Furthermore has criticized for promoting shallow forms of communication. effects need through likes. social media has had impact In conclusion. social media has Furthermore has also criticized for shallow forms of communication. social media has Furthermore has criticized. social media has Furthermore has also criticized for promoting forms. social media has has criticized for promoting forms of communication. Social media has revolutionized way.",
    "evaluation": 0
  },
  {
    "accuracy": "26.67%"
  }
]