[
  {
    "correct_answer": "Genetic engineering is a rapidly advancing field.",
    "retrieved_context": "genetic engineering raises questions about term implications of altering genetic code. genetic engineering raises questions about term implications of genetic code. genetic engineering also raises significant ethical concerns. genetic engineering Furthermore raises concerns about justice. genetic engineering holds great promise. questions use for purposes. genetic engineering also raises questions about term implications of code. questions prospect of creating designer babies. genetic engineering raises questions about long term implications of altering code. genetic engineering holds promise. genetic engineering holds great promise for science. genetic engineering also raises questions about term implications of altering code. genetic engineering raises questions In considerations. genetic engineering holds promise for advancing science. genetic engineering raises questions about long term implications of code. genetic engineering holds promise for science. genetic engineering primary ethical implications of is potential. genetic engineering raises questions. genetic engineering holds great promise for advancing science. questions use of testing. questions prospect of designer babies. genetic engineering raises questions In ethical considerations. genetic engineering raises concerns along its promises of innovation. potential revolutionize medicine. genetic engineering also raises questions about long term implications of altering genetic code. genetic engineering Furthermore raises concerns about social justice. genetic engineering However also raises concerns along its promises. genetic engineering holds promise In conclusion. genetic engineering However raises significant concerns. genetic engineering also raises questions about term implications. genetic engineering also raises questions about long term implications of genetic code. genetic engineering raises questions about long term implications. genetic engineering However raises ethical concerns. questions use of genetic testing. questions use for predictive purposes. genetic engineering Furthermore raises concerns. Genetic engineering is rapidly advancing field. Genetic engineering is advancing field. Genetic engineering is field. genetic technologies become more advanced. genetic technologies become advanced. genetic advantages are where reserved. existing disparities is in health. genetic advantages perpetuating disparities. genetic advantages perpetuating existing disparities. genetic advantages perpetuating disparities in health. genetic advantages are reserved. genetic advantages are where reserved for wealthy. genetic advantages are reserved for wealthy. genetic advantages perpetuating existing disparities in health.",
    "evaluation": 1
  },
  {
    "correct_answer": "Genetic engineering has the potential to revolutionize medicine.",
    "retrieved_context": "genetic engineering raises questions about term implications of altering genetic code. genetic engineering raises questions about term implications of genetic code. genetic engineering also raises significant ethical concerns. genetic engineering Furthermore raises concerns about justice. genetic engineering holds great promise. questions use for purposes. genetic engineering also raises questions about term implications of code. questions prospect of creating designer babies. genetic engineering raises questions about long term implications of altering code. genetic engineering holds promise. genetic engineering holds great promise for science. genetic engineering also raises questions about term implications of altering code. genetic engineering raises questions In considerations. genetic engineering holds promise for advancing science. genetic engineering raises questions about long term implications of code. genetic engineering holds promise for science. genetic engineering primary ethical implications of is potential. genetic engineering raises questions. genetic engineering holds great promise for advancing science. questions use of testing. questions prospect of designer babies. genetic engineering raises questions In ethical considerations. genetic engineering raises concerns along its promises of innovation. potential revolutionize medicine. genetic engineering also raises questions about long term implications of altering genetic code. genetic engineering Furthermore raises concerns about social justice. genetic engineering However also raises concerns along its promises. genetic engineering holds promise In conclusion. genetic engineering However raises significant concerns. genetic engineering also raises questions about term implications. genetic engineering also raises questions about long term implications of genetic code. genetic engineering raises questions about long term implications. genetic engineering However raises ethical concerns. questions use of genetic testing. questions use for predictive purposes. genetic engineering Furthermore raises concerns. Genetic engineering is rapidly advancing field. Genetic engineering is advancing field. Genetic engineering is field. genetic technologies become more advanced. genetic technologies become advanced.",
    "evaluation": 1
  },
  {
    "correct_answer": "Genetic engineering has the potential to revolutionize agriculture.",
    "retrieved_context": "genetic engineering raises questions about term implications of altering genetic code. genetic engineering raises questions about term implications of genetic code. genetic engineering also raises significant ethical concerns. genetic engineering Furthermore raises concerns about justice. genetic engineering holds great promise. questions use for purposes. genetic engineering also raises questions about term implications of code. questions prospect of creating designer babies. genetic engineering raises questions about long term implications of altering code. genetic engineering holds promise. genetic engineering holds great promise for science. genetic engineering also raises questions about term implications of altering code. genetic engineering raises questions In considerations. genetic engineering holds promise for advancing science. genetic engineering raises questions about long term implications of code. genetic engineering holds promise for science. genetic engineering primary ethical implications of is potential. genetic engineering raises questions. genetic engineering holds great promise for advancing science. questions use of testing. questions prospect of designer babies. genetic engineering raises questions In ethical considerations. genetic engineering raises concerns along its promises of innovation. potential revolutionize medicine. genetic engineering also raises questions about long term implications of altering genetic code. genetic engineering Furthermore raises concerns about social justice. genetic engineering However also raises concerns along its promises. genetic engineering holds promise In conclusion. genetic engineering However raises significant concerns. genetic engineering also raises questions about term implications. genetic engineering also raises questions about long term implications of genetic code. genetic engineering raises questions about long term implications. genetic engineering However raises ethical concerns. questions use of genetic testing. questions use for predictive purposes. genetic engineering Furthermore raises concerns. Genetic engineering is rapidly advancing field. Genetic engineering is advancing field. Genetic engineering is field. genetic technologies become more advanced. genetic technologies become advanced. genetic advantages are where reserved. existing disparities is in health. genetic advantages perpetuating disparities. genetic advantages perpetuating existing disparities. genetic advantages perpetuating disparities in health. genetic advantages are reserved. genetic advantages are where reserved for wealthy. genetic advantages are reserved for wealthy. genetic advantages perpetuating existing disparities in health.",
    "evaluation": 0
  },
  {
    "correct_answer": "Genetic engineering raises ethical concerns.",
    "retrieved_context": "genetic engineering raises questions about term implications of altering genetic code. genetic engineering raises questions about term implications of genetic code. genetic engineering also raises significant ethical concerns. genetic engineering Furthermore raises concerns about justice. genetic engineering holds great promise. questions use for purposes. genetic engineering also raises questions about term implications of code. questions prospect of creating designer babies. genetic engineering raises questions about long term implications of altering code. genetic engineering holds promise. genetic engineering holds great promise for science. genetic engineering also raises questions about term implications of altering code. genetic engineering raises questions In considerations. genetic engineering holds promise for advancing science. genetic engineering raises questions about long term implications of code. genetic engineering holds promise for science. genetic engineering primary ethical implications of is potential. genetic engineering raises questions. genetic engineering holds great promise for advancing science. questions use of testing. questions prospect of designer babies. genetic engineering raises questions In ethical considerations. genetic engineering raises concerns along its promises of innovation. potential revolutionize medicine. genetic engineering also raises questions about long term implications of altering genetic code. genetic engineering Furthermore raises concerns about social justice. genetic engineering However also raises concerns along its promises. genetic engineering holds promise In conclusion. genetic engineering However raises significant concerns. genetic engineering also raises questions about term implications. genetic engineering also raises questions about long term implications of genetic code. genetic engineering raises questions about long term implications. genetic engineering However raises ethical concerns. questions use of genetic testing. questions use for predictive purposes. genetic engineering Furthermore raises concerns. Genetic engineering is rapidly advancing field. Genetic engineering is advancing field. Genetic engineering is field.",
    "evaluation": 1
  },
  {
    "correct_answer": "Genetic engineering can alter the fundamental building blocks of life.",
    "retrieved_context": "genetic engineering raises questions about term implications of altering genetic code. genetic engineering raises questions about term implications of genetic code. genetic engineering also raises significant ethical concerns. genetic engineering Furthermore raises concerns about justice. genetic engineering holds great promise. questions use for purposes. genetic engineering also raises questions about term implications of code. questions prospect of creating designer babies. genetic engineering raises questions about long term implications of altering code. genetic engineering holds promise. genetic engineering holds great promise for science. genetic engineering also raises questions about term implications of altering code. genetic engineering raises questions In considerations. genetic engineering holds promise for advancing science. genetic engineering raises questions about long term implications of code. genetic engineering holds promise for science. genetic engineering primary ethical implications of is potential. genetic engineering raises questions. genetic engineering holds great promise for advancing science. questions use of testing. questions prospect of designer babies. genetic engineering raises questions In ethical considerations. genetic engineering raises concerns along its promises of innovation. potential revolutionize medicine. genetic engineering also raises questions about long term implications of altering genetic code. genetic engineering Furthermore raises concerns about social justice. genetic engineering However also raises concerns along its promises. genetic engineering holds promise In conclusion. genetic engineering However raises significant concerns. genetic engineering also raises questions about term implications. genetic engineering also raises questions about long term implications of genetic code. genetic engineering raises questions about long term implications. genetic engineering However raises ethical concerns. questions use of genetic testing. questions use for predictive purposes. genetic engineering Furthermore raises concerns. Genetic engineering is rapidly advancing field. Genetic engineering is advancing field. Genetic engineering is field. genetic technologies become more advanced. genetic technologies become advanced. genetic advantages are where reserved. existing disparities is in health. genetic advantages perpetuating disparities. genetic advantages perpetuating existing disparities. genetic advantages perpetuating disparities in health. genetic advantages are reserved. genetic advantages are where reserved for wealthy. genetic advantages are reserved for wealthy. genetic advantages perpetuating existing disparities in health.",
    "evaluation": 0
  },
  {
    "correct_answer": "Genetic engineering manipulates genes to create organisms with specific traits.",
    "retrieved_context": "genetic engineering raises questions about term implications of altering genetic code. genetic engineering raises questions about term implications of genetic code. genetic engineering also raises significant ethical concerns. genetic engineering Furthermore raises concerns about justice. genetic engineering holds great promise. questions use for purposes. genetic engineering also raises questions about term implications of code. questions prospect of creating designer babies. genetic engineering raises questions about long term implications of altering code. genetic engineering holds promise. genetic engineering holds great promise for science. genetic engineering also raises questions about term implications of altering code. genetic engineering raises questions In considerations. genetic engineering holds promise for advancing science. genetic engineering raises questions about long term implications of code. genetic engineering holds promise for science. genetic engineering primary ethical implications of is potential. genetic engineering raises questions. genetic engineering holds great promise for advancing science. questions use of testing. questions prospect of designer babies. genetic engineering raises questions In ethical considerations. genetic engineering raises concerns along its promises of innovation. potential revolutionize medicine. genetic engineering also raises questions about long term implications of altering genetic code. genetic engineering Furthermore raises concerns about social justice. genetic engineering However also raises concerns along its promises. genetic engineering holds promise In conclusion. genetic engineering However raises significant concerns. genetic engineering also raises questions about term implications. genetic engineering also raises questions about long term implications of genetic code. genetic engineering raises questions about long term implications. genetic engineering However raises ethical concerns. questions use of genetic testing. questions use for predictive purposes. genetic engineering Furthermore raises concerns. Genetic engineering is rapidly advancing field. Genetic engineering is advancing field. Genetic engineering is field. genetic technologies become more advanced. genetic technologies become advanced.",
    "evaluation": 0
  },
  {
    "correct_answer": "Genetic engineering raises questions about human intervention in the natural world.",
    "retrieved_context": "genetic engineering raises questions about term implications of altering genetic code. genetic engineering raises questions about term implications of genetic code. genetic engineering also raises significant ethical concerns. genetic engineering Furthermore raises concerns about justice. genetic engineering holds great promise. questions use for purposes. genetic engineering also raises questions about term implications of code. questions prospect of creating designer babies. genetic engineering raises questions about long term implications of altering code. genetic engineering holds promise. genetic engineering holds great promise for science. genetic engineering also raises questions about term implications of altering code. genetic engineering raises questions In considerations. genetic engineering holds promise for advancing science. genetic engineering raises questions about long term implications of code. genetic engineering holds promise for science. genetic engineering primary ethical implications of is potential. genetic engineering raises questions. genetic engineering holds great promise for advancing science. questions use of testing. questions prospect of designer babies. genetic engineering raises questions In ethical considerations. genetic engineering raises concerns along its promises of innovation. potential revolutionize medicine. genetic engineering also raises questions about long term implications of altering genetic code. genetic engineering Furthermore raises concerns about social justice. genetic engineering However also raises concerns along its promises. genetic engineering holds promise In conclusion. genetic engineering However raises significant concerns. genetic engineering also raises questions about term implications. genetic engineering also raises questions about long term implications of genetic code. genetic engineering raises questions about long term implications. genetic engineering However raises ethical concerns. questions use of genetic testing. questions use for predictive purposes. genetic engineering Furthermore raises concerns. Genetic engineering is rapidly advancing field. Genetic engineering is advancing field. Genetic engineering is field. genetic technologies become more advanced. genetic technologies become advanced. genetic advantages are where reserved. existing disparities is in health. genetic advantages perpetuating disparities. genetic advantages perpetuating existing disparities. genetic advantages perpetuating disparities in health. genetic advantages are reserved. genetic advantages are where reserved for wealthy. genetic advantages are reserved for wealthy. genetic advantages perpetuating existing disparities in health.",
    "evaluation": 0
  },
  {
    "correct_answer": "Genetic engineering involves deliberate changes to the genetic makeup of living organisms.",
    "retrieved_context": "genetic engineering raises questions about term implications of altering genetic code. genetic engineering raises questions about term implications of genetic code. genetic engineering also raises significant ethical concerns. genetic engineering Furthermore raises concerns about justice. genetic engineering holds great promise. questions use for purposes. genetic engineering also raises questions about term implications of code. questions prospect of creating designer babies. genetic engineering raises questions about long term implications of altering code. genetic engineering holds promise. genetic engineering holds great promise for science. genetic engineering also raises questions about term implications of altering code. genetic engineering raises questions In considerations. genetic engineering holds promise for advancing science. genetic engineering raises questions about long term implications of code. genetic engineering holds promise for science. genetic engineering primary ethical implications of is potential. genetic engineering raises questions. genetic engineering holds great promise for advancing science. questions use of testing. questions prospect of designer babies. genetic engineering raises questions In ethical considerations. genetic engineering raises concerns along its promises of innovation. potential revolutionize medicine. genetic engineering also raises questions about long term implications of altering genetic code. genetic engineering Furthermore raises concerns about social justice. genetic engineering However also raises concerns along its promises. genetic engineering holds promise In conclusion. genetic engineering However raises significant concerns. genetic engineering also raises questions about term implications. genetic engineering also raises questions about long term implications of genetic code. genetic engineering raises questions about long term implications. genetic engineering However raises ethical concerns. questions use of genetic testing. questions use for predictive purposes. genetic engineering Furthermore raises concerns. Genetic engineering is rapidly advancing field. Genetic engineering is advancing field. Genetic engineering is field.",
    "evaluation": 0
  },
  {
    "correct_answer": "Genetic engineering interventions could have unforeseen consequences.",
    "retrieved_context": "genetic engineering raises questions about term implications of altering genetic code. genetic engineering raises questions about term implications of genetic code. genetic engineering also raises significant ethical concerns. genetic engineering Furthermore raises concerns about justice. genetic engineering holds great promise. questions use for purposes. genetic engineering also raises questions about term implications of code. questions prospect of creating designer babies. genetic engineering raises questions about long term implications of altering code. genetic engineering holds promise. genetic engineering holds great promise for science. genetic engineering also raises questions about term implications of altering code. genetic engineering raises questions In considerations. genetic engineering holds promise for advancing science. genetic engineering raises questions about long term implications of code. genetic engineering holds promise for science. genetic engineering primary ethical implications of is potential. genetic engineering raises questions. genetic engineering holds great promise for advancing science. questions use of testing. questions prospect of designer babies. genetic engineering raises questions In ethical considerations. genetic engineering raises concerns along its promises of innovation. potential revolutionize medicine. genetic engineering also raises questions about long term implications of altering genetic code. genetic engineering Furthermore raises concerns about social justice. genetic engineering However also raises concerns along its promises. genetic engineering holds promise In conclusion. genetic engineering However raises significant concerns. genetic engineering also raises questions about term implications. genetic engineering also raises questions about long term implications of genetic code. genetic engineering raises questions about long term implications. genetic engineering However raises ethical concerns. questions use of genetic testing. questions use for predictive purposes. genetic engineering Furthermore raises concerns. Genetic engineering is rapidly advancing field. Genetic engineering is advancing field. Genetic engineering is field. genetic advantages are where reserved. existing disparities is in health. genetic advantages perpetuating disparities. genetic advantages perpetuating existing disparities. genetic advantages perpetuating disparities in health. genetic advantages are reserved. genetic advantages are where reserved for wealthy. genetic advantages are reserved for wealthy. genetic advantages perpetuating existing disparities in health.",
    "evaluation": 0
  },
  {
    "correct_answer": "Genetically modified organisms have sparked debates about safety for human consumption.",
    "retrieved_context": "modified organisms have sparked debates about their safety for human consumption. modified organisms have sparked debates about their safety for consumption. modified organisms have sparked debates For example. modified organisms have sparked debates about their safety. modified organisms have sparked debates. genetic engineering raises questions about term implications of altering genetic code. genetic engineering raises questions about term implications of genetic code. genetic engineering also raises significant ethical concerns. genetic engineering Furthermore raises concerns about justice. genetic engineering holds great promise. questions use for purposes. genetic engineering also raises questions about term implications of code. questions prospect of creating designer babies. genetic engineering raises questions about long term implications of altering code. genetic engineering holds promise. genetic engineering holds great promise for science. genetic engineering also raises questions about term implications of altering code. genetic engineering raises questions In considerations. genetic engineering holds promise for advancing science. genetic engineering raises questions about long term implications of code. genetic engineering holds promise for science. genetic engineering primary ethical implications of is potential. genetic engineering raises questions. genetic engineering holds great promise for advancing science. questions use of testing. questions prospect of designer babies. genetic engineering raises questions In ethical considerations. genetic engineering raises concerns along its promises of innovation. potential revolutionize medicine. genetic engineering also raises questions about long term implications of altering genetic code. genetic engineering Furthermore raises concerns about social justice. genetic engineering However also raises concerns along its promises. genetic engineering holds promise In conclusion. genetic engineering However raises significant concerns. genetic engineering also raises questions about term implications. genetic engineering also raises questions about long term implications of genetic code. genetic engineering raises questions about long term implications. genetic engineering However raises ethical concerns. questions use of genetic testing. questions use for predictive purposes. genetic engineering Furthermore raises concerns.",
    "evaluation": 1
  },
  {
    "correct_answer": "Genetic engineering raises concerns about consent and autonomy.",
    "retrieved_context": "genetic engineering raises questions about term implications of altering genetic code. genetic engineering raises questions about term implications of genetic code. genetic engineering also raises significant ethical concerns. genetic engineering Furthermore raises concerns about justice. genetic engineering holds great promise. questions use for purposes. genetic engineering also raises questions about term implications of code. questions prospect of creating designer babies. genetic engineering raises questions about long term implications of altering code. genetic engineering holds promise. genetic engineering holds great promise for science. genetic engineering also raises questions about term implications of altering code. genetic engineering raises questions In considerations. genetic engineering holds promise for advancing science. genetic engineering raises questions about long term implications of code. genetic engineering holds promise for science. genetic engineering primary ethical implications of is potential. genetic engineering raises questions. genetic engineering holds great promise for advancing science. questions use of testing. questions prospect of designer babies. genetic engineering raises questions In ethical considerations. genetic engineering raises concerns along its promises of innovation. potential revolutionize medicine. genetic engineering also raises questions about long term implications of altering genetic code. genetic engineering Furthermore raises concerns about social justice. genetic engineering However also raises concerns along its promises. genetic engineering holds promise In conclusion. genetic engineering However raises significant concerns. genetic engineering also raises questions about term implications. genetic engineering also raises questions about long term implications of genetic code. genetic engineering raises questions about long term implications. genetic engineering However raises ethical concerns. questions use of genetic testing. questions use for predictive purposes. genetic engineering Furthermore raises concerns. Genetic engineering is rapidly advancing field. Genetic engineering is advancing field. Genetic engineering is field. genetic advantages are where reserved. existing disparities is in health. genetic advantages perpetuating disparities. genetic advantages perpetuating existing disparities. genetic advantages perpetuating disparities in health. genetic advantages are reserved. genetic advantages are where reserved for wealthy. genetic advantages are reserved for wealthy. genetic advantages perpetuating existing disparities in health. genetic technologies become more advanced. genetic technologies become advanced.",
    "evaluation": 0
  },
  {
    "correct_answer": "Genetic engineering risks infringing on individuals' rights to make informed decisions.",
    "retrieved_context": "genetic engineering raises questions about term implications of altering genetic code. genetic engineering raises questions about term implications of genetic code. genetic engineering also raises significant ethical concerns. genetic engineering Furthermore raises concerns about justice. genetic engineering holds great promise. questions use for purposes. genetic engineering also raises questions about term implications of code. questions prospect of creating designer babies. genetic engineering raises questions about long term implications of altering code. genetic engineering holds promise. genetic engineering holds great promise for science. genetic engineering also raises questions about term implications of altering code. genetic engineering raises questions In considerations. genetic engineering holds promise for advancing science. genetic engineering raises questions about long term implications of code. genetic engineering holds promise for science. genetic engineering primary ethical implications of is potential. genetic engineering raises questions. genetic engineering holds great promise for advancing science. questions use of testing. questions prospect of designer babies. genetic engineering raises questions In ethical considerations. genetic engineering raises concerns along its promises of innovation. potential revolutionize medicine. genetic engineering also raises questions about long term implications of altering genetic code. genetic engineering Furthermore raises concerns about social justice. genetic engineering However also raises concerns along its promises. genetic engineering holds promise In conclusion. genetic engineering However raises significant concerns. genetic engineering also raises questions about term implications. genetic engineering also raises questions about long term implications of genetic code. genetic engineering raises questions about long term implications. genetic engineering However raises ethical concerns. questions use of genetic testing. questions use for predictive purposes. genetic engineering Furthermore raises concerns. Genetic engineering is rapidly advancing field. Genetic engineering is advancing field. Genetic engineering is field. genetic technologies become more advanced. genetic technologies become advanced.",
    "evaluation": 0
  },
  {
    "correct_answer": "Genetic engineering raises concerns about social justice and equity.",
    "retrieved_context": "genetic engineering raises questions about term implications of altering genetic code. genetic engineering raises questions about term implications of genetic code. genetic engineering also raises significant ethical concerns. genetic engineering Furthermore raises concerns about justice. genetic engineering holds great promise. questions use for purposes. genetic engineering also raises questions about term implications of code. questions prospect of creating designer babies. genetic engineering raises questions about long term implications of altering code. genetic engineering holds promise. genetic engineering holds great promise for science. genetic engineering also raises questions about term implications of altering code. genetic engineering raises questions In considerations. genetic engineering holds promise for advancing science. genetic engineering raises questions about long term implications of code. genetic engineering holds promise for science. genetic engineering primary ethical implications of is potential. genetic engineering raises questions. genetic engineering holds great promise for advancing science. questions use of testing. questions prospect of designer babies. genetic engineering raises questions In ethical considerations. genetic engineering raises concerns along its promises of innovation. potential revolutionize medicine. genetic engineering also raises questions about long term implications of altering genetic code. genetic engineering Furthermore raises concerns about social justice. genetic engineering However also raises concerns along its promises. genetic engineering holds promise In conclusion. genetic engineering However raises significant concerns. genetic engineering also raises questions about term implications. genetic engineering also raises questions about long term implications of genetic code. genetic engineering raises questions about long term implications. genetic engineering However raises ethical concerns. questions use of genetic testing. questions use for predictive purposes. genetic engineering Furthermore raises concerns. Genetic engineering is rapidly advancing field. Genetic engineering is advancing field. Genetic engineering is field. genetic advantages are where reserved. existing disparities is in health. genetic advantages perpetuating disparities. genetic advantages perpetuating existing disparities. genetic advantages perpetuating disparities in health. genetic advantages are reserved. genetic advantages are where reserved for wealthy. genetic advantages are reserved for wealthy. genetic advantages perpetuating existing disparities in health. genetic technologies become more advanced. genetic technologies become advanced.",
    "evaluation": 1
  },
  {
    "correct_answer": "Genetic technologies could widen the gap between those who can afford enhancements.",
    "retrieved_context": "genetic technologies become more advanced. genetic technologies become advanced. genetic advantages are where reserved. existing disparities is in health. genetic advantages perpetuating disparities. genetic advantages perpetuating existing disparities. genetic advantages perpetuating disparities in health. genetic advantages are reserved. genetic advantages are where reserved for wealthy. genetic advantages are reserved for wealthy. genetic advantages perpetuating existing disparities in health. genetic engineering raises questions about term implications of altering genetic code. genetic engineering raises questions about term implications of genetic code. genetic engineering also raises significant ethical concerns. genetic engineering Furthermore raises concerns about justice. genetic engineering holds great promise. questions use for purposes. genetic engineering also raises questions about term implications of code. questions prospect of creating designer babies. genetic engineering raises questions about long term implications of altering code. genetic engineering holds promise. genetic engineering holds great promise for science. genetic engineering also raises questions about term implications of altering code. genetic engineering raises questions In considerations. genetic engineering holds promise for advancing science. genetic engineering raises questions about long term implications of code. genetic engineering holds promise for science. genetic engineering primary ethical implications of is potential. genetic engineering raises questions. genetic engineering holds great promise for advancing science. questions use of testing. questions prospect of designer babies. genetic engineering raises questions In ethical considerations. genetic engineering raises concerns along its promises of innovation. potential revolutionize medicine. genetic engineering also raises questions about long term implications of altering genetic code. genetic engineering Furthermore raises concerns about social justice. genetic engineering However also raises concerns along its promises. genetic engineering holds promise In conclusion. genetic engineering However raises significant concerns. genetic engineering also raises questions about term implications. genetic engineering also raises questions about long term implications of genetic code. genetic engineering raises questions about long term implications. genetic engineering However raises ethical concerns. questions use of genetic testing. questions use for predictive purposes. genetic engineering Furthermore raises concerns. Genetic engineering is rapidly advancing field. Genetic engineering is advancing field. Genetic engineering is field.",
    "evaluation": 0
  },
  {
    "correct_answer": "Genetic engineering raises questions about the long-term implications of altering the genetic code.",
    "retrieved_context": "genetic engineering raises questions about term implications of altering genetic code. genetic engineering raises questions about term implications of genetic code. genetic engineering also raises significant ethical concerns. genetic engineering Furthermore raises concerns about justice. genetic engineering holds great promise. questions use for purposes. genetic engineering also raises questions about term implications of code. questions prospect of creating designer babies. genetic engineering raises questions about long term implications of altering code. genetic engineering holds promise. genetic engineering holds great promise for science. genetic engineering also raises questions about term implications of altering code. genetic engineering raises questions In considerations. genetic engineering holds promise for advancing science. genetic engineering raises questions about long term implications of code. genetic engineering holds promise for science. genetic engineering primary ethical implications of is potential. genetic engineering raises questions. genetic engineering holds great promise for advancing science. questions use of testing. questions prospect of designer babies. genetic engineering raises questions In ethical considerations. genetic engineering raises concerns along its promises of innovation. potential revolutionize medicine. genetic engineering also raises questions about long term implications of altering genetic code. genetic engineering Furthermore raises concerns about social justice. genetic engineering However also raises concerns along its promises. genetic engineering holds promise In conclusion. genetic engineering However raises significant concerns. genetic engineering also raises questions about term implications. genetic engineering also raises questions about long term implications of genetic code. genetic engineering raises questions about long term implications. genetic engineering However raises ethical concerns. questions use of genetic testing. questions use for predictive purposes. genetic engineering Furthermore raises concerns.",
    "evaluation": 1
  },
  {
    "accuracy": "40.00%"
  }
]