[
  {
    "correct_answer": "Hoaxes have been a part of human history for centuries.",
    "retrieved_context": "infamous hoaxes is in history. famous hoaxes is in history. Famous Hoaxes have have part for centuries with individuals. Famous Hoaxes is in History. Famous Hoaxes have have part of human history. Famous Hoaxes have have part of history. Famous Hoaxes have have part. Famous Hoaxes have have part of human history with individuals. Famous Hoaxes have have part of history for centuries. Famous Hoaxes have have part for centuries. Famous Hoaxes have have part of history with individuals. Famous Hoaxes have have part of human history for centuries. Famous Hoaxes have have part of human history for centuries with individuals. Famous Hoaxes have have part of history for centuries with individuals. have part is with individuals perpetrating for various purposes. Famous Hoaxes have have part with individuals. Hoaxes have have part of human history with individuals. Hoaxes have have part of history for centuries. Hoaxes have have part of human history for centuries. Hoaxes have have part of history. Hoaxes have have part. Hoaxes have have part of human history. Hoaxes have have part of history for centuries with individuals. have part is with individuals perpetrating for various purposes. Hoaxes have have part with individuals. Hoaxes have have part for centuries. Hoaxes have have part for centuries with individuals. Hoaxes have have part of history with individuals. Hoaxes have have part of human history for centuries with individuals. society question reliability. hoaxes have played significant role in narratives. hoaxes can can entertaining. society question reliability of information. hoaxes have played significant role in shaping narratives. hoaxes capture public 's imagination debate about nature. hoaxes capture public 's imagination debate. hoaxes have played significant role in historical narratives. significant role is in shaping historical narratives. hoaxes forcing society. hoaxes have played role in shaping narratives. hoaxes have played role. hoaxes have played role In conclusion. hoaxes can While can entertaining. hoaxes have played significant role. hoaxes have played role in historical narratives. hoaxes have played role in narratives. hoaxes often capture public 's imagination debate about nature of truth. hoaxes have played role in shaping historical narratives. hoaxes have tested boundaries. hoaxes have played significant role in shaping historical narratives. hoaxes boundaries of truth. hoaxes have tested boundaries of truth.",
    "evaluation": 1
  },
  {
    "correct_answer": "Individuals and groups perpetrate elaborate deceptions for various purposes.",
    "retrieved_context": "",
    "evaluation": 0
  },
  {
    "correct_answer": "Hoaxes often capture the public's imagination.",
    "retrieved_context": "famous hoaxes is in history. Famous Hoaxes have have part for centuries with individuals. Famous Hoaxes is in History. Famous Hoaxes have have part of human history. Famous Hoaxes have have part of history. Famous Hoaxes have have part. Famous Hoaxes have have part of human history with individuals. Famous Hoaxes have have part of history for centuries. Famous Hoaxes have have part for centuries. Famous Hoaxes have have part of history with individuals. Famous Hoaxes have have part of human history for centuries. Famous Hoaxes have have part of human history for centuries with individuals. Famous Hoaxes have have part of history for centuries with individuals. have part is with individuals perpetrating for various purposes. Famous Hoaxes have have part with individuals. Hoaxes have have part of human history with individuals. Hoaxes have have part of history for centuries. Hoaxes have have part of human history for centuries. Hoaxes have have part of history. Hoaxes have have part. Hoaxes have have part of human history. Hoaxes have have part of history for centuries with individuals. have part is with individuals perpetrating for various purposes. Hoaxes have have part with individuals. Hoaxes have have part for centuries. Hoaxes have have part for centuries with individuals. Hoaxes have have part of history with individuals. Hoaxes have have part of human history for centuries with individuals. society question reliability. hoaxes have played significant role in narratives. hoaxes can can entertaining. society question reliability of information. hoaxes have played significant role in shaping narratives. hoaxes capture public 's imagination debate about nature. hoaxes capture public 's imagination debate. hoaxes have played significant role in historical narratives. significant role is in shaping historical narratives. hoaxes forcing society. hoaxes have played role in shaping narratives. hoaxes have played role. hoaxes have played role In conclusion. hoaxes can While can entertaining. hoaxes have played significant role. hoaxes have played role in historical narratives. hoaxes have played role in narratives. hoaxes often capture public 's imagination debate about nature of truth. hoaxes have played role in shaping historical narratives. hoaxes have tested boundaries. hoaxes have played significant role in shaping historical narratives. hoaxes boundaries of truth. hoaxes have tested boundaries of truth. infamous hoaxes is in history.",
    "evaluation": 1
  },
  {
    "correct_answer": "Hoaxes spark debate about the nature of truth and deception.",
    "retrieved_context": "Hoaxes have have part of human history with individuals. Hoaxes have have part of history for centuries. Hoaxes have have part of human history for centuries. Hoaxes have have part of history. Hoaxes have have part. Hoaxes have have part of human history. Hoaxes have have part of history for centuries with individuals. have part is with individuals perpetrating for various purposes. Hoaxes have have part with individuals. Hoaxes have have part for centuries. Hoaxes have have part for centuries with individuals. Hoaxes have have part of history with individuals. Hoaxes have have part of human history for centuries with individuals. society question reliability. hoaxes have played significant role in narratives. hoaxes can can entertaining. society question reliability of information. hoaxes have played significant role in shaping narratives. hoaxes capture public 's imagination debate about nature. hoaxes capture public 's imagination debate. hoaxes have played significant role in historical narratives. significant role is in shaping historical narratives. hoaxes forcing society. hoaxes have played role in shaping narratives. hoaxes have played role. hoaxes have played role In conclusion. hoaxes can While can entertaining. hoaxes have played significant role. hoaxes have played role in historical narratives. hoaxes have played role in narratives. hoaxes often capture public 's imagination debate about nature of truth. hoaxes have played role in shaping historical narratives. hoaxes have tested boundaries. hoaxes have played significant role in shaping historical narratives. hoaxes boundaries of truth. hoaxes have tested boundaries of truth. famous hoaxes is in history. Famous Hoaxes have have part for centuries with individuals. Famous Hoaxes is in History. Famous Hoaxes have have part of human history. Famous Hoaxes have have part of history. Famous Hoaxes have have part. Famous Hoaxes have have part of human history with individuals. Famous Hoaxes have have part of history for centuries. Famous Hoaxes have have part for centuries. Famous Hoaxes have have part of history with individuals. Famous Hoaxes have have part of human history for centuries. Famous Hoaxes have have part of human history for centuries with individuals. Famous Hoaxes have have part of history for centuries with individuals. have part is with individuals perpetrating for various purposes. Famous Hoaxes have have part with individuals.",
    "evaluation": 1
  },
  {
    "correct_answer": "The Piltdown Man hoax was discovered in England in 1912.",
    "retrieved_context": "Piltdown Man was purported. Piltdown Man link between humans. Piltdown Man was purported to hominid skull. Piltdown Man be hominid skull. Piltdown Man was purported fossilized hominid skull. Piltdown Man was purported to fossilized hominid skull. famous hoaxes is in history. Famous Hoaxes have have part for centuries with individuals. Famous Hoaxes is in History. Famous Hoaxes have have part of human history. Famous Hoaxes have have part of history. Famous Hoaxes have have part. Famous Hoaxes have have part of human history with individuals. Famous Hoaxes have have part of history for centuries. Famous Hoaxes have have part for centuries. Famous Hoaxes have have part of history with individuals. Famous Hoaxes have have part of human history for centuries. Famous Hoaxes have have part of human history for centuries with individuals. Famous Hoaxes have have part of history for centuries with individuals. have part is with individuals perpetrating for various purposes. Famous Hoaxes have have part with individuals. infamous hoaxes is in history.",
    "evaluation": 0
  },
  {
    "correct_answer": "The Piltdown Man was a supposed missing link between humans and apes.",
    "retrieved_context": "Piltdown Man was purported. Piltdown Man link between humans. Piltdown Man was purported to hominid skull. Piltdown Man be hominid skull. Piltdown Man was purported fossilized hominid skull. Piltdown Man was purported to fossilized hominid skull.",
    "evaluation": 0
  },
  {
    "correct_answer": "The Piltdown Man was revealed to be a forgery in 1953.",
    "retrieved_context": "Piltdown Man was purported. Piltdown Man link between humans. Piltdown Man was purported to hominid skull. Piltdown Man be hominid skull. Piltdown Man was purported fossilized hominid skull. Piltdown Man was purported to fossilized hominid skull. His forgeries were so convincing. His forgeries were convincing. forger raised questions about authenticity of art. forger raised questions. forger questions about authenticity. forger questions about authenticity of art. forger raised questions about authenticity. famous hoaxes is in history.",
    "evaluation": 0
  },
  {
    "correct_answer": "The Cardiff Giant hoax was discovered in Cardiff, New York, in 1869.",
    "retrieved_context": "Cardiff Giant generated revenue uncovered. Cardiff Giant was revealed. Cardiff Giant generated revenue. Cardiff Giant attracted crowds exposed. Cardiff Giant attracted crowds Despite exposed. Cardiff Giant generated significant revenue. Cardiff Giant was revealed to sculpture. Cardiff Giant attracted massive crowds. Cardiff Giant was revealed sculpture created. Cardiff Giant was revealed to sculpture created. Cardiff Giant generated revenue before uncovered. Cardiff Giant was revealed sculpture created by George Hull. Cardiff Giant was later revealed sculpture. Cardiff Giant attracted crowds Despite exposed as hoax. Cardiff Giant was later revealed. Cardiff Giant attracted crowds. Cardiff Giant being exposed as hoax. Cardiff Giant attracted crowds exposed as hoax. Cardiff Giant was revealed to sculpture created by George Hull. famous hoaxes is in history. Famous Hoaxes have have part for centuries with individuals. Famous Hoaxes is in History. Famous Hoaxes have have part of human history. Famous Hoaxes have have part of history. Famous Hoaxes have have part. Famous Hoaxes have have part of human history with individuals. Famous Hoaxes have have part of history for centuries. Famous Hoaxes have have part for centuries. Famous Hoaxes have have part of history with individuals. Famous Hoaxes have have part of human history for centuries. Famous Hoaxes have have part of human history for centuries with individuals. Famous Hoaxes have have part of history for centuries with individuals. have part is with individuals perpetrating for various purposes. Famous Hoaxes have have part with individuals. infamous hoaxes is in history.",
    "evaluation": 0
  },
  {
    "correct_answer": "The Cardiff Giant was later revealed to be a sculpture created by George Hull.",
    "retrieved_context": "Cardiff Giant generated revenue uncovered. Cardiff Giant was revealed. Cardiff Giant generated revenue. Cardiff Giant attracted crowds exposed. Cardiff Giant attracted crowds Despite exposed. Cardiff Giant generated significant revenue. Cardiff Giant was revealed to sculpture. Cardiff Giant attracted massive crowds. Cardiff Giant was revealed sculpture created. Cardiff Giant was revealed to sculpture created. Cardiff Giant generated revenue before uncovered. Cardiff Giant was revealed sculpture created by George Hull. Cardiff Giant was later revealed sculpture. Cardiff Giant attracted crowds Despite exposed as hoax. Cardiff Giant was later revealed. Cardiff Giant attracted crowds. Cardiff Giant being exposed as hoax. Cardiff Giant attracted crowds exposed as hoax. Cardiff Giant was revealed to sculpture created by George Hull.",
    "evaluation": 1
  },
  {
    "correct_answer": "The War of the Worlds radio broadcast by Orson Welles occurred in 1938.",
    "retrieved_context": "broadcast was presented. War stands out as example fueled. War stands out as prime example of mass hysteria. War stands out as prime example fueled. War is in 1938. War stands out as example of mass hysteria. War stands out as example. War stands out as prime example of mass hysteria fueled by deception. War stands out In realm of media hoaxes. War stands out as example of mass hysteria fueled. War stands out In realm. War stands out as prime example of mass hysteria fueled. War stands out as prime example fueled by deception. War stands out as example of mass hysteria fueled by deception. War stands out as example fueled by deception. War stands out as prime example. Many listeners believed broadcast. Many listeners believed to real. Many listeners believed real. broadcast was presented.",
    "evaluation": 0
  },
  {
    "correct_answer": "The War of the Worlds broadcast led to panic and confusion.",
    "retrieved_context": "War stands out as example fueled. War stands out as prime example of mass hysteria. War stands out as prime example fueled. War is in 1938. War stands out as example of mass hysteria. War stands out as example. War stands out as prime example of mass hysteria fueled by deception. War stands out In realm of media hoaxes. War stands out as example of mass hysteria fueled. War stands out In realm. War stands out as prime example of mass hysteria fueled. War stands out as prime example fueled by deception. War stands out as example of mass hysteria fueled by deception. War stands out as example fueled by deception. War stands out as prime example. broadcast was presented.",
    "evaluation": 0
  },
  {
    "correct_answer": "Han van Meegeren created and sold fake Vermeer paintings during the 1930s and 1940s.",
    "retrieved_context": "Van Meegeren has success. Van Meegeren gained notoriety.",
    "evaluation": 0
  },
  {
    "correct_answer": "The Sokal Affair of 1996 exposed the shortcomings of postmodernist academic discourse.",
    "retrieved_context": "Sokal Affair sparked debate about credibility. Sokal Affair sparked debate about credibility of postmodernist scholarship. Sokal Affair sparked debate. Sokal Affair sparked debate about credibility of scholarship. Sokal Affair serves as hoax. Sokal Affair serves In realm of modern technology. Sokal Affair serves as notable hoax. Sokal Affair serves In realm. Sokal Affair serves In realm of technology. Physicist Alan Sokal submitted fake paper titled. Physicist Alan Sokal submitted fake paper.",
    "evaluation": 0
  },
  {
    "correct_answer": "Alan Sokal submitted a fake paper to the journal Social Text.",
    "retrieved_context": "Physicist Alan Sokal submitted fake paper titled. Physicist Alan Sokal submitted fake paper. Sokal Affair sparked debate about credibility. Sokal Affair sparked debate about credibility of postmodernist scholarship. Sokal Affair sparked debate. Sokal Affair sparked debate about credibility of scholarship. Sokal Affair serves as hoax. Sokal Affair serves In realm of modern technology. Sokal Affair serves as notable hoax. Sokal Affair serves In realm. Sokal Affair serves In realm of technology.",
    "evaluation": 0
  },
  {
    "correct_answer": "Hoaxes have tested the boundaries of truth and fiction.",
    "retrieved_context": "Hoaxes have have part of human history with individuals. Hoaxes have have part of history for centuries. Hoaxes have have part of human history for centuries. Hoaxes have have part of history. Hoaxes have have part. Hoaxes have have part of human history. Hoaxes have have part of history for centuries with individuals. have part is with individuals perpetrating for various purposes. Hoaxes have have part with individuals. Hoaxes have have part for centuries. Hoaxes have have part for centuries with individuals. Hoaxes have have part of history with individuals. Hoaxes have have part of human history for centuries with individuals. society question reliability. hoaxes have played significant role in narratives. hoaxes can can entertaining. society question reliability of information. hoaxes have played significant role in shaping narratives. hoaxes capture public 's imagination debate about nature. hoaxes capture public 's imagination debate. hoaxes have played significant role in historical narratives. significant role is in shaping historical narratives. hoaxes forcing society. hoaxes have played role in shaping narratives. hoaxes have played role. hoaxes have played role In conclusion. hoaxes can While can entertaining. hoaxes have played significant role. hoaxes have played role in historical narratives. hoaxes have played role in narratives. hoaxes often capture public 's imagination debate about nature of truth. hoaxes have played role in shaping historical narratives. hoaxes have tested boundaries. hoaxes have played significant role in shaping historical narratives. hoaxes boundaries of truth. hoaxes have tested boundaries of truth. famous hoaxes is in history. Famous Hoaxes have have part for centuries with individuals. Famous Hoaxes is in History. Famous Hoaxes have have part of human history. Famous Hoaxes have have part of history. Famous Hoaxes have have part. Famous Hoaxes have have part of human history with individuals. Famous Hoaxes have have part of history for centuries. Famous Hoaxes have have part for centuries. Famous Hoaxes have have part of history with individuals. Famous Hoaxes have have part of human history for centuries. Famous Hoaxes have have part of human history for centuries with individuals. Famous Hoaxes have have part of history for centuries with individuals. have part is with individuals perpetrating for various purposes. Famous Hoaxes have have part with individuals.",
    "evaluation": 1
  },
  {
    "accuracy": "33.33%"
  }
]