[
  {
    "correct_answer": "Old English was spoken in England from the 5th to the 11th century.",
    "retrieved_context": "",
    "evaluation": 0
  },
  {
    "correct_answer": "Norman Conquest of England led to the mixing of Old English and Old Norman.",
    "retrieved_context": "English language history of is In conclusion story of evolution. Norman Conquest brought changes In late 11th century. Norman Conquest brought changes In late century. English language history of is In conclusion story of evolution shaped. English language history of is story shaped by various historical events. English language history of is In conclusion story shaped. English language history of is story shaped. English language history of is story of evolution shaped by events. Norman Conquest brought significant changes. English language history of is story of evolution shaped by historical events. English language history of is In conclusion story of evolution shaped by various events. English language history of is In conclusion story shaped by events. English language history of is story of evolution shaped by various historical events. English language history of is story shaped by events. English language history of is testament. English language history of is In conclusion story of evolution shaped by various historical events. Norman Conquest brought changes In century. English language history of is testament to its resilience. English language history of is story of evolution shaped by various events. English language history of is In conclusion story shaped by historical events. English language history of is In conclusion story of evolution shaped by historical events. Norman Conquest brought changes to English language. English language history of is In conclusion story of evolution shaped by events. Norman Conquest brought changes. English language history of is story. English language history of is story of evolution shaped. English language history of is story shaped by historical events. English language history of is In conclusion story shaped by various historical events. Norman Conquest brought about significant changes. Norman Conquest brought changes In 11th century. English language history of is In conclusion story shaped by various events. English language history of is story shaped by various events. English language history of is In conclusion story. Old Norman dialect of Old French. Normans became ruling class. Normans became ruling class in England. ruling class is in England.",
    "evaluation": 0
  },
  {
    "correct_answer": "Middle English was spoken from the 11th to the 15th century.",
    "retrieved_context": "Middle English was spoken from 11th to 15th century. Middle English was spoken. Middle English saw introduction of French words into language. Middle English was spoken from 11th. Middle English saw introduction of many French words. Middle English was spoken to century. Middle English saw introduction of many French words into language. Middle English was spoken to 15th century. Middle English saw introduction of French words. Middle English was spoken from 11th to century. Early English period began in late century. Early English period began in 15th century. Early English period lasted until mid-17th century. Early English period began in late 15th century. Early English period began in century.",
    "evaluation": 1
  },
  {
    "correct_answer": "Geoffrey Chaucer's works are prime examples of Middle English literature.",
    "retrieved_context": "Early Modern English period began in late 15th century. Early Modern English period lasted until mid-17th century. Early Modern English period began in late century. Early Modern English period began in 15th century. Early Modern English period began in century. Modern English period began in late 15th century. Modern English period began in 15th century. Modern English period lasted until mid-17th century. Modern English period began in late century. Modern English period lasted until century. Middle English was spoken from 11th to 15th century. Middle English was spoken. Middle English saw introduction of French words into language. Middle English was spoken from 11th. Middle English saw introduction of many French words. Middle English was spoken to century. Middle English saw introduction of many French words into language. Middle English was spoken to 15th century. Middle English saw introduction of French words. Middle English was spoken from 11th to century. Early English period began in late century. Early English period began in 15th century. Early English period lasted until mid-17th century. Early English period began in late 15th century. Early English period began in century. English period began in 15th century. English period began in late 15th century. English period lasted until mid-17th century. English period lasted until century. English period began in late century. English language history of is In conclusion story of evolution. English language history of is In conclusion story of evolution shaped. English language history of is story shaped by various historical events. English language history of is In conclusion story shaped. English language history of is story shaped. greatest writers is in English language. English language history of is story of evolution shaped by events. English language history of is story of evolution shaped by historical events. English language history of is In conclusion story of evolution shaped by various events. English language history of is In conclusion story shaped by events. English language history of is story of evolution shaped by various historical events. English language history of is story shaped by events. English language history of is testament. English language history of is In conclusion story of evolution shaped by various historical events. English language history of is testament to its resilience. English language history of is story of evolution shaped by various events. English language history of is In conclusion story shaped by historical events. English language history of is In conclusion story of evolution shaped by historical events. English language history of is In conclusion story of evolution shaped by events. English language history of is story. English language history of is story of evolution shaped. English language history of is story shaped by historical events. English language history of is In conclusion story shaped by various historical events. English language history of is In conclusion story shaped by various events. English language history of is story shaped by various events. English language history of is In conclusion story.",
    "evaluation": 0
  },
  {
    "correct_answer": "William Caxton invented the printing press in the late 15th century.",
    "retrieved_context": "use further cemented its importance. use contributed to development of language. use contributed to development of unified language. Caxton 's printing press spread use across England. Caxton 's printing press spread use. use contributed to development. use further cemented its importance on world stage. Caxton 's printing press spread use of English. use contributed to development of more unified language. Caxton has printing press.",
    "evaluation": 0
  },
  {
    "correct_answer": "Caxton's printing press helped spread the use of English across England.",
    "retrieved_context": "use further cemented its importance. use contributed to development of language. use contributed to development of unified language. Caxton 's printing press spread use across England. Caxton 's printing press spread use. use contributed to development. use further cemented its importance on world stage. Caxton 's printing press spread use of English. use contributed to development of more unified language. Early Modern English period began in late 15th century. Early Modern English period lasted until mid-17th century. Early Modern English period began in late century. Early Modern English period began in 15th century. Early Modern English period began in century. Modern English period began in late 15th century. Modern English period began in 15th century. Modern English period lasted until mid-17th century. Modern English period began in late century. Modern English period lasted until century. Early English period began in late century. Early English period began in 15th century. Early English period lasted until mid-17th century. Early English period began in late 15th century. Early English period began in century.",
    "evaluation": 1
  },
  {
    "correct_answer": "Early Modern English period began in the late 15th century.",
    "retrieved_context": "Early Modern English period began in late 15th century. Early Modern English period lasted until mid-17th century. Early Modern English period began in late century. Early Modern English period began in 15th century. Early Modern English period began in century. Early English period began in late century. Early English period began in 15th century. Early English period lasted until mid-17th century. Early English period began in late 15th century. Early English period began in century. Modern English period began in late 15th century. Modern English period began in 15th century. Modern English period lasted until mid-17th century. Modern English period began in late century. Modern English period lasted until century. English period began in 15th century. English period began in late 15th century. English period lasted until mid-17th century. English period lasted until century. English period began in late century. Early Modern period began in 15th century. Early Modern period lasted until century. Early Modern period began in late 15th century. Early Modern period began in late century. Early Modern period lasted until mid-17th century.",
    "evaluation": 1
  },
  {
    "correct_answer": "William Shakespeare's works exemplify Early Modern English.",
    "retrieved_context": "Early Modern English period began in late 15th century. Early Modern English period lasted until mid-17th century. Early Modern English period began in late century. Early Modern English period began in 15th century. Early Modern English period began in century. Modern English period began in late 15th century. Modern English period began in 15th century. Modern English period lasted until mid-17th century. Modern English period began in late century. Modern English period lasted until century. Early English period began in late century. Early English period began in 15th century. Early English period lasted until mid-17th century. Early English period began in late 15th century. Early English period began in century. English period began in 15th century. English period began in late 15th century. English period lasted until mid-17th century. English period lasted until century. English period began in late century.",
    "evaluation": 0
  },
  {
    "correct_answer": "The British Empire's rise led to the spread of English to various parts of the world.",
    "retrieved_context": "British Empire 's global influence contributed to development of dialects. British Empire 's global influence contributed to development of different dialects. British Empire 's global influence contributed to development of different English dialects. British Empire 's global influence contributed to development of English dialects. British Empire 's global influence contributed to development. British Empire 's influence contributed to development. British Empire 's influence contributed to development of dialects. British Empire 's influence contributed to development of different English dialects. British Empire 's influence contributed to development of English dialects. British Empire 's influence contributed to development of different dialects. British Empire has global influence.",
    "evaluation": 1
  },
  {
    "correct_answer": "The British Empire's global influence contributed to the development of different English dialects.",
    "retrieved_context": "British Empire 's global influence contributed to development of dialects. British Empire 's global influence contributed to development of different dialects. British Empire 's global influence contributed to development of different English dialects. British Empire 's global influence contributed to development of English dialects. British Empire 's global influence contributed to development. British Empire 's influence contributed to development. British Empire 's influence contributed to development of dialects. British Empire 's influence contributed to development of different English dialects. British Empire 's influence contributed to development of English dialects. British Empire 's influence contributed to development of different dialects. British Empire has global influence.",
    "evaluation": 1
  },
  {
    "correct_answer": "English solidified its status as a global language in the 20th century.",
    "retrieved_context": "",
    "evaluation": 0
  },
  {
    "correct_answer": "English became the lingua franca of international communication, business, and diplomacy.",
    "retrieved_context": "",
    "evaluation": 0
  },
  {
    "correct_answer": "English is spoken by over 1.5 billion people worldwide today.",
    "retrieved_context": "",
    "evaluation": 0
  },
  {
    "correct_answer": "English continues to evolve with the influence of technology and globalization.",
    "retrieved_context": "",
    "evaluation": 0
  },
  {
    "correct_answer": "The history of the English language reflects diverse cultures and peoples.",
    "retrieved_context": "",
    "evaluation": 0
  },
  {
    "accuracy": "33.33%"
  }
]