[
  {
    "correct_answer": "Urban legends are a fascinating aspect of modern folklore.",
    "retrieved_context": "",
    "evaluation": 0
  },
  {
    "correct_answer": "Urban legends capture the imagination and curiosity of people worldwide.",
    "retrieved_context": "many urban legends are product. many urban legends are product While may based. many urban legends are product may based on real events. many urban legends are product of collective imagination. many urban legends are product may based. many urban legends are product of imagination. many urban legends are product While may based on real events. many urban legends are product may based on events. many urban legends are product While may based on events.",
    "evaluation": 0
  },
  {
    "correct_answer": "Urban legends are often passed down through generations.",
    "retrieved_context": "many urban legends are product. many urban legends are product While may based. many urban legends are product may based on real events. many urban legends are product of collective imagination. many urban legends are product may based. many urban legends are product of imagination. many urban legends are product While may based on real events. many urban legends are product may based on events. many urban legends are product While may based on events.",
    "evaluation": 0
  },
  {
    "correct_answer": "Urban legends are shared and retold in communities both large and small.",
    "retrieved_context": "many urban legends are product. many urban legends are product While may based. many urban legends are product may based on real events. many urban legends are product of collective imagination. many urban legends are product may based. many urban legends are product of imagination. many urban legends are product While may based on real events. many urban legends are product may based on events. many urban legends are product While may based on events.",
    "evaluation": 0
  },
  {
    "correct_answer": "The origins of urban legends can be traced back to ancient times.",
    "retrieved_context": "Their Origins Urban legends have have aspect of modern folklore for centuries. Their Origins Urban legends have have fascinating aspect of folklore for centuries. have aspect captivating audiences. have fascinating aspect captivating audiences with their tales. have fascinating aspect captivating audiences with their tales supernatural. have aspect captivating audiences with their tales supernatural. Their Origins Urban legends have have aspect. Their Origins Urban legends have have fascinating aspect of modern folklore. Their Origins Urban legends have have aspect of modern folklore. Their Origins Urban legends have have fascinating aspect of modern folklore for centuries. Their Origins Urban legends have have fascinating aspect of folklore. Their Origins Urban legends have have aspect of folklore for centuries. Their Origins Urban legends have have fascinating aspect. have fascinating aspect captivating audiences. have fascinating aspect is In conclusion. have aspect captivating audiences with their tales. Their Origins Urban legends have have aspect of folklore.",
    "evaluation": 0
  },
  {
    "correct_answer": "Urban legends were used to explain the unknown and the supernatural.",
    "retrieved_context": "urban legends have In conclusion have fascinating aspect of modern folklore. urban legends are product While may based on events. urban legends began spread across regions. urban legends have have fascinating aspect of modern folklore for centuries. urban legends have In conclusion have aspect. urban legends serve In their entertainment value. urban legends have In conclusion have aspect of folklore. urban legends began to spread. have fascinating aspect is In conclusion. urban legends have In conclusion have fascinating aspect of modern folklore for centuries. urban legends have In conclusion have fascinating aspect. spread has has greatly facilitated by advancements in technology. spread has has facilitated by advancements. tales passed down to next. urban legends are product may based. have aspect captivating audiences. urban legends serve as tales. have fascinating aspect captivating audiences with their tales. spread has has facilitated by advancements in technology. urban legends have have aspect of modern folklore. tales were shared orally. tales often passed down through generations. urban legends began to spread across regions. urban legends have In conclusion have aspect for centuries. urban legends have have fascinating aspect for centuries. urban legends have In conclusion have aspect of modern folklore. urban legends are product While may based on real events. tales blur line between fact. urban legends have In conclusion have fascinating aspect of folklore. urban legends have In conclusion have aspect of folklore for centuries. urban legends are product may based on real events. urban legends have have aspect of folklore. have aspect captivating audiences with their tales. urban legends have have aspect for centuries. spread has has greatly facilitated by advancements. tales were shared. urban legends have have fascinating aspect of modern folklore. have fascinating aspect captivating audiences with their tales supernatural. urban legends are product may based on events. have aspect captivating audiences with their tales supernatural. urban legends are product of imagination. tales evolved over time. urban legends have have aspect. tales were often shared. urban legends began spread. urban legends have have fascinating aspect of folklore for centuries. have fascinating aspect captivating audiences. tales passed down from one generation. urban legends are product While may based. urban legends spread across regions. urban legends are product. tales were often shared orally. urban legends have have aspect of folklore for centuries. urban legends have have fascinating aspect. tales often blur line. urban legends have have aspect of modern folklore for centuries. urban legends have In conclusion have fascinating aspect for centuries. urban legends have In conclusion have fascinating aspect of folklore for centuries. urban legends have have fascinating aspect of folklore. urban legends have In conclusion have aspect of modern folklore for centuries. urban legends serve as cautionary tales. urban legends are product of collective imagination.",
    "evaluation": 0
  },
  {
    "correct_answer": "Urban legends were shared orally and passed down through generations.",
    "retrieved_context": "many urban legends are product. many urban legends are product While may based. many urban legends are product may based on real events. many urban legends are product of collective imagination. many urban legends are product may based. many urban legends are product of imagination. many urban legends are product While may based on real events. many urban legends are product may based on events. many urban legends are product While may based on events.",
    "evaluation": 0
  },
  {
    "correct_answer": "Urban legends evolved over time to suit different cultures' interests and fears.",
    "retrieved_context": "",
    "evaluation": 0
  },
  {
    "correct_answer": "Urban legends began to spread across regions and continents as societies became more interconnected.",
    "retrieved_context": "",
    "evaluation": 0
  },
  {
    "correct_answer": "One famous urban legend is that of the 'Hook Man'.",
    "retrieved_context": "many urban legends are product. many urban legends are product While may based. many urban legends are product may based on real events. many urban legends are product of collective imagination. many urban legends are product may based. many urban legends are product of imagination. many urban legends are product While may based on real events. many urban legends are product may based on events. many urban legends are product While may based on events. urban legends have In conclusion have fascinating aspect of modern folklore. urban legends are product While may based on events. urban legends began spread across regions. urban legends have have fascinating aspect of modern folklore for centuries. urban legends have In conclusion have aspect. urban legends serve In their entertainment value. urban legends have In conclusion have aspect of folklore. urban legends began to spread. have fascinating aspect is In conclusion. urban legends have In conclusion have fascinating aspect of modern folklore for centuries. urban legends have In conclusion have fascinating aspect. spread has has greatly facilitated by advancements in technology. spread has has facilitated by advancements. tales passed down to next. urban legends are product may based. have aspect captivating audiences. urban legends serve as tales. have fascinating aspect captivating audiences with their tales. spread has has facilitated by advancements in technology. urban legends have have aspect of modern folklore. tales were shared orally. tales often passed down through generations. urban legends began to spread across regions. urban legends have In conclusion have aspect for centuries. urban legends have have fascinating aspect for centuries. urban legends have In conclusion have aspect of modern folklore. urban legends are product While may based on real events. tales blur line between fact. urban legends have In conclusion have fascinating aspect of folklore. urban legends have In conclusion have aspect of folklore for centuries. urban legends are product may based on real events. urban legends have have aspect of folklore. have aspect captivating audiences with their tales. urban legends have have aspect for centuries. spread has has greatly facilitated by advancements. tales were shared. urban legends have have fascinating aspect of modern folklore. have fascinating aspect captivating audiences with their tales supernatural. urban legends are product may based on events. have aspect captivating audiences with their tales supernatural. urban legends are product of imagination. tales evolved over time. urban legends have have aspect. tales were often shared. urban legends began spread. urban legends have have fascinating aspect of folklore for centuries. have fascinating aspect captivating audiences. tales passed down from one generation. urban legends are product While may based. urban legends spread across regions. urban legends are product. tales were often shared orally. urban legends have have aspect of folklore for centuries. urban legends have have fascinating aspect. tales often blur line. urban legends have have aspect of modern folklore for centuries. urban legends have In conclusion have fascinating aspect for centuries. urban legends have In conclusion have fascinating aspect of folklore for centuries. urban legends have have fascinating aspect of folklore. urban legends have In conclusion have aspect of modern folklore for centuries. urban legends serve as cautionary tales. urban legends are product of collective imagination. Urban Legends have have fascinating aspect of modern folklore for centuries. have aspect captivating audiences. have fascinating aspect captivating audiences with their tales. Urban Legends have have aspect of folklore. have aspect captivating audiences with their tales supernatural. Urban Legends have have aspect. Urban Legends have have aspect of modern folklore for centuries. Urban Legends have have fascinating aspect of folklore. Urban Legends have have fascinating aspect. have fascinating aspect captivating audiences with their tales supernatural. Urban Legends have have fascinating aspect of folklore for centuries. Urban Legends have have fascinating aspect of modern folklore. have fascinating aspect captivating audiences. have fascinating aspect is In conclusion. have aspect captivating audiences with their tales. Urban Legends have have aspect of modern folklore. Urban Legends have have aspect of folklore for centuries.",
    "evaluation": 0
  },
  {
    "correct_answer": "The 'Hook Man' legend involves a young couple in a secluded area.",
    "retrieved_context": "couple becomes increasingly terrified. couple becomes story unfolds. couple becomes As story unfolds. couple becomes terrified.",
    "evaluation": 0
  },
  {
    "correct_answer": "The 'Hook Man' legend features a news report about an escaped criminal with a hook for a hand.",
    "retrieved_context": "",
    "evaluation": 0
  },
  {
    "correct_answer": "Urban legends often involve stories of haunted houses, ghostly apparitions, and mysterious creatures.",
    "retrieved_context": "haunted houses is with dark pasts. ghostly apparitions have captivated audiences. audiences Stories of houses. audiences Stories of haunted houses. ghostly apparitions have captivated audiences for generations.",
    "evaluation": 0
  },
  {
    "correct_answer": "Urban legends blur the line between fact and fiction.",
    "retrieved_context": "urban legends have In conclusion have fascinating aspect of modern folklore. urban legends are product While may based on events. urban legends began spread across regions. urban legends have have fascinating aspect of modern folklore for centuries. urban legends have In conclusion have aspect. urban legends serve In their entertainment value. urban legends have In conclusion have aspect of folklore. urban legends began to spread. have fascinating aspect is In conclusion. urban legends have In conclusion have fascinating aspect of modern folklore for centuries. urban legends have In conclusion have fascinating aspect. spread has has greatly facilitated by advancements in technology. spread has has facilitated by advancements. tales passed down to next. urban legends are product may based. have aspect captivating audiences. urban legends serve as tales. have fascinating aspect captivating audiences with their tales. spread has has facilitated by advancements in technology. urban legends have have aspect of modern folklore. tales were shared orally. tales often passed down through generations. urban legends began to spread across regions. urban legends have In conclusion have aspect for centuries. urban legends have have fascinating aspect for centuries. urban legends have In conclusion have aspect of modern folklore. urban legends are product While may based on real events. tales blur line between fact. urban legends have In conclusion have fascinating aspect of folklore. urban legends have In conclusion have aspect of folklore for centuries. urban legends are product may based on real events. urban legends have have aspect of folklore. have aspect captivating audiences with their tales. urban legends have have aspect for centuries. spread has has greatly facilitated by advancements. tales were shared. urban legends have have fascinating aspect of modern folklore. have fascinating aspect captivating audiences with their tales supernatural. urban legends are product may based on events. have aspect captivating audiences with their tales supernatural. urban legends are product of imagination. tales evolved over time. urban legends have have aspect. tales were often shared. urban legends began spread. urban legends have have fascinating aspect of folklore for centuries. have fascinating aspect captivating audiences. tales passed down from one generation. urban legends are product While may based. urban legends spread across regions. urban legends are product. tales were often shared orally. urban legends have have aspect of folklore for centuries. urban legends have have fascinating aspect. tales often blur line. urban legends have have aspect of modern folklore for centuries. urban legends have In conclusion have fascinating aspect for centuries. urban legends have In conclusion have fascinating aspect of folklore for centuries. urban legends have have fascinating aspect of folklore. urban legends have In conclusion have aspect of modern folklore for centuries. urban legends serve as cautionary tales. urban legends are product of collective imagination. Urban Legends have have fascinating aspect of modern folklore for centuries. have aspect captivating audiences. have fascinating aspect captivating audiences with their tales. Urban Legends have have aspect of folklore. have aspect captivating audiences with their tales supernatural. Urban Legends have have aspect. Urban Legends have have aspect of modern folklore for centuries. Urban Legends have have fascinating aspect of folklore. Urban Legends have have fascinating aspect. have fascinating aspect captivating audiences with their tales supernatural. Urban Legends have have fascinating aspect of folklore for centuries. Urban Legends have have fascinating aspect of modern folklore. have fascinating aspect captivating audiences. have fascinating aspect is In conclusion. have aspect captivating audiences with their tales. Urban Legends have have aspect of modern folklore. Urban Legends have have aspect of folklore for centuries. many urban legends are product. many urban legends are product While may based. many urban legends are product may based on real events. many urban legends are product of collective imagination. many urban legends are product may based. many urban legends are product of imagination. many urban legends are product While may based on real events. many urban legends are product may based on events. many urban legends are product While may based on events.",
    "evaluation": 0
  },
  {
    "correct_answer": "Urban legends serve as cautionary tales reflecting society's fears and anxieties.",
    "retrieved_context": "",
    "evaluation": 0
  },
  {
    "accuracy": "0.00%"
  }
]