[
  {
    "correct_answer": "Bonsai cultivation is a centuries-old practice.",
    "retrieved_context": "bonsai cultivation encompasses range of artistic expressions. bonsai cultivation also offers benefits for enthusiasts. bonsai cultivation encompasses diverse range. bonsai cultivation also offers numerous benefits for enthusiasts. bonsai cultivation encompasses range. bonsai cultivation also offers benefits Beyond its value. bonsai cultivation also offers benefits Beyond its artistic value. bonsai cultivation principles of is concept of miniaturization. bonsai cultivation encompasses range of expressions. bonsai cultivation offers numerous benefits. bonsai cultivation principles of is concept. bonsai cultivation offers benefits. bonsai cultivation encompasses diverse range of expressions. bonsai cultivation encompasses diverse range of artistic expressions. Bonsai cultivation fosters appreciation for world. Bonsai cultivation also fosters appreciation. Bonsai cultivation fosters appreciation for natural world. Bonsai cultivation encourages mindfulness. Bonsai cultivation also fosters greater appreciation for natural world. Bonsai cultivation also fosters greater appreciation for world. Bonsai cultivation fosters greater appreciation. practice can can experience. practice providing sense of calm. bonsai tree cultivation art of is rich practice. practice providing sense. bonsai tree cultivation art of is In conclusion rich practice. rich practice is In conclusion. bonsai tree cultivation art of is practice. bonsai tree cultivation art of is In conclusion practice. practice be therapeutic. practice can can therapeutic experience. practice connection to nature. bonsai tree reflects artist 's vision. bonsai tree tells story. bonsai enthusiasts can create representations in space. bonsai enthusiasts can create striking representations of nature. bonsai enthusiasts can create visual representations of nature. bonsai enthusiasts can create representations of nature. bonsai enthusiasts can create representations in confined space. bonsai enthusiasts can create representations. bonsai enthusiasts can create striking visual representations of nature. bonsai enthusiasts can create visual representations. bonsai enthusiasts can create striking visual representations. bonsai enthusiasts can create striking representations. cultivation encompasses diverse range of expressions. bonsai artists create masterpieces. cultivation also offers benefits for enthusiasts. cultivation offers benefits Beyond its value. bonsai artists create miniature masterpieces. cultivation also offers numerous benefits for enthusiasts. cultivation principles of is concept of miniaturization. cultivation offers benefits Beyond its artistic value. cultivation encompasses range of expressions. cultivation also offers numerous benefits. cultivation offers benefits. cultivation encompasses diverse range of artistic expressions. bonsai artists create masterpieces Through careful cultivation. cultivation encompasses diverse range. cultivation encompasses range. cultivation encompasses range of artistic expressions. bonsai artists create masterpieces Through cultivation. cultivation key principles of is concept.",
    "evaluation": 0
  },
  {
    "correct_answer": "Bonsai originated in China and Japan.",
    "retrieved_context": "bonsai cultivation encompasses range of artistic expressions. bonsai cultivation also offers benefits for enthusiasts. bonsai cultivation encompasses diverse range. bonsai cultivation also offers numerous benefits for enthusiasts. bonsai cultivation encompasses range. bonsai cultivation also offers benefits Beyond its value. bonsai cultivation also offers benefits Beyond its artistic value. bonsai cultivation principles of is concept of miniaturization. bonsai cultivation encompasses range of expressions. bonsai cultivation offers numerous benefits. bonsai cultivation principles of is concept. bonsai cultivation offers benefits. bonsai cultivation encompasses diverse range of expressions. bonsai cultivation encompasses diverse range of artistic expressions. Bonsai cultivation fosters appreciation for world. Bonsai cultivation also fosters appreciation. Bonsai cultivation fosters appreciation for natural world. Bonsai cultivation encourages mindfulness. Bonsai cultivation also fosters greater appreciation for natural world. Bonsai cultivation also fosters greater appreciation for world. Bonsai cultivation fosters greater appreciation. bonsai tree reflects artist 's vision. bonsai tree tells story. practice can can experience. practice providing sense of calm. bonsai tree cultivation art of is rich practice. practice providing sense. bonsai tree cultivation art of is In conclusion rich practice. rich practice is In conclusion. bonsai tree cultivation art of is practice. bonsai tree cultivation art of is In conclusion practice. practice be therapeutic. practice can can therapeutic experience. practice connection to nature. bonsai enthusiasts can create representations in space. bonsai enthusiasts can create striking representations of nature. bonsai enthusiasts can create visual representations of nature. bonsai enthusiasts can create representations of nature. bonsai enthusiasts can create representations in confined space. bonsai enthusiasts can create representations. bonsai enthusiasts can create striking visual representations of nature. bonsai enthusiasts can create visual representations. bonsai enthusiasts can create striking visual representations. bonsai enthusiasts can create striking representations. cultivation encompasses diverse range of expressions. bonsai artists create masterpieces. cultivation also offers benefits for enthusiasts. cultivation offers benefits Beyond its value. bonsai artists create miniature masterpieces. cultivation also offers numerous benefits for enthusiasts. cultivation principles of is concept of miniaturization. cultivation offers benefits Beyond its artistic value. cultivation encompasses range of expressions. cultivation also offers numerous benefits. cultivation offers benefits. cultivation encompasses diverse range of artistic expressions. bonsai artists create masterpieces Through careful cultivation. cultivation encompasses diverse range. cultivation encompasses range. cultivation encompasses range of artistic expressions. bonsai artists create masterpieces Through cultivation. cultivation key principles of is concept. Bonsai artists use techniques. Bonsai artists carefully consider factors. Bonsai artists often draw inspiration. Bonsai artists sculpt tree. tree has branches. Bonsai artists create compositions. Bonsai artists draw inspiration from nature. Bonsai artists create unique compositions. Bonsai artists sculpt tree into desired form. Bonsai artists sculpt tree into form. Bonsai artists use various techniques. tree between trunk. Bonsai artists carefully prune tree 's branches.",
    "evaluation": 0
  },
  {
    "correct_answer": "Bonsai translates to 'planted in a container'.",
    "retrieved_context": "bonsai cultivation encompasses range of artistic expressions. bonsai cultivation also offers benefits for enthusiasts. bonsai cultivation encompasses diverse range. bonsai cultivation also offers numerous benefits for enthusiasts. bonsai cultivation encompasses range. bonsai cultivation also offers benefits Beyond its value. bonsai cultivation also offers benefits Beyond its artistic value. bonsai cultivation principles of is concept of miniaturization. bonsai cultivation encompasses range of expressions. bonsai cultivation offers numerous benefits. bonsai cultivation principles of is concept. bonsai cultivation offers benefits. bonsai cultivation encompasses diverse range of expressions. bonsai cultivation encompasses diverse range of artistic expressions. Bonsai cultivation fosters appreciation for world. Bonsai cultivation also fosters appreciation. Bonsai cultivation fosters appreciation for natural world. Bonsai cultivation encourages mindfulness. Bonsai cultivation also fosters greater appreciation for natural world. Bonsai cultivation also fosters greater appreciation for world. Bonsai cultivation fosters greater appreciation. practice can can experience. practice providing sense of calm. bonsai tree cultivation art of is rich practice. practice providing sense. bonsai tree cultivation art of is In conclusion rich practice. rich practice is In conclusion. bonsai tree cultivation art of is practice. bonsai tree cultivation art of is In conclusion practice. practice be therapeutic. practice can can therapeutic experience. practice connection to nature. bonsai tree reflects artist 's vision. bonsai tree tells story. bonsai enthusiasts can create representations in space. bonsai enthusiasts can create striking representations of nature. bonsai enthusiasts can create visual representations of nature. bonsai enthusiasts can create representations of nature. bonsai enthusiasts can create representations in confined space. bonsai enthusiasts can create representations. bonsai enthusiasts can create striking visual representations of nature. bonsai enthusiasts can create visual representations. bonsai enthusiasts can create striking visual representations. bonsai enthusiasts can create striking representations. cultivation encompasses diverse range of expressions. bonsai artists create masterpieces. cultivation also offers benefits for enthusiasts. cultivation offers benefits Beyond its value. bonsai artists create miniature masterpieces. cultivation also offers numerous benefits for enthusiasts. cultivation principles of is concept of miniaturization. cultivation offers benefits Beyond its artistic value. cultivation encompasses range of expressions. cultivation also offers numerous benefits. cultivation offers benefits. cultivation encompasses diverse range of artistic expressions. bonsai artists create masterpieces Through careful cultivation. cultivation encompasses diverse range. cultivation encompasses range. cultivation encompasses range of artistic expressions. bonsai artists create masterpieces Through cultivation. cultivation key principles of is concept.",
    "evaluation": 0
  },
  {
    "correct_answer": "Bonsai involves growing and shaping miniature trees in pots.",
    "retrieved_context": "practice can can experience. practice providing sense of calm. bonsai tree cultivation art of is rich practice. practice providing sense. bonsai tree cultivation art of is In conclusion rich practice. rich practice is In conclusion. bonsai tree cultivation art of is practice. bonsai tree cultivation art of is In conclusion practice. practice be therapeutic. practice can can therapeutic experience. practice connection to nature. bonsai cultivation encompasses range of artistic expressions. bonsai cultivation also offers benefits for enthusiasts. bonsai cultivation encompasses diverse range. bonsai cultivation also offers numerous benefits for enthusiasts. bonsai cultivation encompasses range. bonsai cultivation also offers benefits Beyond its value. bonsai cultivation also offers benefits Beyond its artistic value. bonsai cultivation principles of is concept of miniaturization. bonsai cultivation encompasses range of expressions. bonsai cultivation offers numerous benefits. bonsai cultivation principles of is concept. bonsai cultivation offers benefits. bonsai cultivation encompasses diverse range of expressions. bonsai cultivation encompasses diverse range of artistic expressions. Bonsai cultivation fosters appreciation for world. Bonsai cultivation also fosters appreciation. Bonsai cultivation fosters appreciation for natural world. Bonsai cultivation encourages mindfulness. Bonsai cultivation also fosters greater appreciation for natural world. Bonsai cultivation also fosters greater appreciation for world. Bonsai cultivation fosters greater appreciation. bonsai tree reflects artist 's vision. bonsai tree tells story. growing miniature trees mimic appearance. growing miniature trees mimic appearance of full sized trees in nature. growing miniature trees mimic appearance of trees in nature. growing miniature trees mimic appearance of full sized trees. growing miniature trees mimic appearance in nature. growing miniature trees mimic appearance of sized trees. growing miniature trees is in pots. growing miniature trees mimic appearance of trees. growing miniature trees mimic appearance of sized trees in nature. appearance is in nature. bonsai enthusiasts can create representations in space. bonsai enthusiasts can create striking representations of nature. bonsai enthusiasts can create visual representations of nature. bonsai enthusiasts can create representations of nature. bonsai enthusiasts can create representations in confined space. bonsai enthusiasts can create representations. bonsai enthusiasts can create striking visual representations of nature. bonsai enthusiasts can create visual representations. bonsai enthusiasts can create striking visual representations. bonsai enthusiasts can create striking representations. cultivation encompasses diverse range of expressions. bonsai artists create masterpieces. cultivation also offers benefits for enthusiasts. cultivation offers benefits Beyond its value. bonsai artists create miniature masterpieces. cultivation also offers numerous benefits for enthusiasts. cultivation principles of is concept of miniaturization. cultivation offers benefits Beyond its artistic value. cultivation encompasses range of expressions. cultivation also offers numerous benefits. cultivation offers benefits. cultivation encompasses diverse range of artistic expressions. bonsai artists create masterpieces Through careful cultivation. cultivation encompasses diverse range. cultivation encompasses range. cultivation encompasses range of artistic expressions. bonsai artists create masterpieces Through cultivation. cultivation key principles of is concept.",
    "evaluation": 1
  },
  {
    "correct_answer": "Bonsai mimics the appearance of full-sized trees in nature.",
    "retrieved_context": "bonsai tree reflects artist 's vision. bonsai tree tells story. practice can can experience. practice providing sense of calm. bonsai tree cultivation art of is rich practice. practice providing sense. bonsai tree cultivation art of is In conclusion rich practice. rich practice is In conclusion. bonsai tree cultivation art of is practice. bonsai tree cultivation art of is In conclusion practice. practice be therapeutic. practice can can therapeutic experience. practice connection to nature. bonsai cultivation encompasses range of artistic expressions. bonsai cultivation also offers benefits for enthusiasts. bonsai cultivation encompasses diverse range. bonsai cultivation also offers numerous benefits for enthusiasts. bonsai cultivation encompasses range. bonsai cultivation also offers benefits Beyond its value. bonsai cultivation also offers benefits Beyond its artistic value. bonsai cultivation principles of is concept of miniaturization. bonsai cultivation encompasses range of expressions. bonsai cultivation offers numerous benefits. bonsai cultivation principles of is concept. bonsai cultivation offers benefits. bonsai cultivation encompasses diverse range of expressions. bonsai cultivation encompasses diverse range of artistic expressions.",
    "evaluation": 0
  },
  {
    "correct_answer": "Bonsai cultivation requires patience and skill.",
    "retrieved_context": "bonsai cultivation encompasses range of artistic expressions. bonsai cultivation also offers benefits for enthusiasts. bonsai cultivation encompasses diverse range. bonsai cultivation also offers numerous benefits for enthusiasts. bonsai cultivation encompasses range. bonsai cultivation also offers benefits Beyond its value. bonsai cultivation also offers benefits Beyond its artistic value. bonsai cultivation principles of is concept of miniaturization. bonsai cultivation encompasses range of expressions. bonsai cultivation offers numerous benefits. bonsai cultivation principles of is concept. bonsai cultivation offers benefits. bonsai cultivation encompasses diverse range of expressions. bonsai cultivation encompasses diverse range of artistic expressions. Bonsai cultivation fosters appreciation for world. Bonsai cultivation also fosters appreciation. Bonsai cultivation fosters appreciation for natural world. Bonsai cultivation encourages mindfulness. Bonsai cultivation also fosters greater appreciation for natural world. Bonsai cultivation also fosters greater appreciation for world. Bonsai cultivation fosters greater appreciation. practice can can experience. practice providing sense of calm. bonsai tree cultivation art of is rich practice. practice providing sense. bonsai tree cultivation art of is In conclusion rich practice. rich practice is In conclusion. bonsai tree cultivation art of is practice. bonsai tree cultivation art of is In conclusion practice. practice be therapeutic. practice can can therapeutic experience. practice connection to nature. bonsai tree reflects artist 's vision. bonsai tree tells story. bonsai enthusiasts can create representations in space. bonsai enthusiasts can create striking representations of nature. bonsai enthusiasts can create visual representations of nature. bonsai enthusiasts can create representations of nature. bonsai enthusiasts can create representations in confined space. bonsai enthusiasts can create representations. bonsai enthusiasts can create striking visual representations of nature. bonsai enthusiasts can create visual representations. bonsai enthusiasts can create striking visual representations. bonsai enthusiasts can create striking representations. cultivation encompasses diverse range of expressions. bonsai artists create masterpieces. cultivation also offers benefits for enthusiasts. cultivation offers benefits Beyond its value. bonsai artists create miniature masterpieces. cultivation also offers numerous benefits for enthusiasts. cultivation principles of is concept of miniaturization. cultivation offers benefits Beyond its artistic value. cultivation encompasses range of expressions. cultivation also offers numerous benefits. cultivation offers benefits. cultivation encompasses diverse range of artistic expressions. bonsai artists create masterpieces Through careful cultivation. cultivation encompasses diverse range. cultivation encompasses range. cultivation encompasses range of artistic expressions. bonsai artists create masterpieces Through cultivation. cultivation key principles of is concept.",
    "evaluation": 0
  },
  {
    "correct_answer": "Bonsai cultivation requires a deep understanding of horticulture and aesthetics.",
    "retrieved_context": "bonsai cultivation encompasses range of artistic expressions. bonsai cultivation also offers benefits for enthusiasts. bonsai cultivation encompasses diverse range. bonsai cultivation also offers numerous benefits for enthusiasts. bonsai cultivation encompasses range. bonsai cultivation also offers benefits Beyond its value. bonsai cultivation also offers benefits Beyond its artistic value. bonsai cultivation principles of is concept of miniaturization. bonsai cultivation encompasses range of expressions. bonsai cultivation offers numerous benefits. bonsai cultivation principles of is concept. bonsai cultivation offers benefits. bonsai cultivation encompasses diverse range of expressions. bonsai cultivation encompasses diverse range of artistic expressions. Bonsai cultivation fosters appreciation for world. Bonsai cultivation also fosters appreciation. Bonsai cultivation fosters appreciation for natural world. Bonsai cultivation encourages mindfulness. Bonsai cultivation also fosters greater appreciation for natural world. Bonsai cultivation also fosters greater appreciation for world. Bonsai cultivation fosters greater appreciation. practice can can experience. practice providing sense of calm. bonsai tree cultivation art of is rich practice. practice providing sense. bonsai tree cultivation art of is In conclusion rich practice. rich practice is In conclusion. bonsai tree cultivation art of is practice. bonsai tree cultivation art of is In conclusion practice. practice be therapeutic. practice can can therapeutic experience. practice connection to nature. bonsai enthusiasts can create representations in space. bonsai enthusiasts can create striking representations of nature. bonsai enthusiasts can create visual representations of nature. bonsai enthusiasts can create representations of nature. bonsai enthusiasts can create representations in confined space. bonsai enthusiasts can create representations. bonsai enthusiasts can create striking visual representations of nature. bonsai enthusiasts can create visual representations. bonsai enthusiasts can create striking visual representations. bonsai enthusiasts can create striking representations. bonsai tree reflects artist 's vision. bonsai tree tells story. cultivation encompasses diverse range of expressions. bonsai artists create masterpieces. cultivation also offers benefits for enthusiasts. cultivation offers benefits Beyond its value. bonsai artists create miniature masterpieces. cultivation also offers numerous benefits for enthusiasts. cultivation principles of is concept of miniaturization. cultivation offers benefits Beyond its artistic value. cultivation encompasses range of expressions. cultivation also offers numerous benefits. cultivation offers benefits. cultivation encompasses diverse range of artistic expressions. bonsai artists create masterpieces Through careful cultivation. cultivation encompasses diverse range. cultivation encompasses range. cultivation encompasses range of artistic expressions. bonsai artists create masterpieces Through cultivation. cultivation key principles of is concept. Bonsai artists use techniques. Bonsai artists carefully consider factors. Bonsai artists often draw inspiration. Bonsai artists sculpt tree. tree has branches. Bonsai artists create compositions. Bonsai artists draw inspiration from nature. Bonsai artists create unique compositions. Bonsai artists sculpt tree into desired form. Bonsai artists sculpt tree into form. Bonsai artists use various techniques. tree between trunk. Bonsai artists carefully prune tree 's branches.",
    "evaluation": 0
  },
  {
    "correct_answer": "Bonsai artists prune and trim branches and roots to maintain small size.",
    "retrieved_context": "practice can can experience. practice providing sense of calm. bonsai tree cultivation art of is rich practice. practice providing sense. bonsai tree cultivation art of is In conclusion rich practice. rich practice is In conclusion. bonsai tree cultivation art of is practice. bonsai tree cultivation art of is In conclusion practice. practice be therapeutic. practice can can therapeutic experience. practice connection to nature. bonsai tree reflects artist 's vision. bonsai tree tells story. bonsai cultivation encompasses range of artistic expressions. bonsai cultivation also offers benefits for enthusiasts. bonsai cultivation encompasses diverse range. bonsai cultivation also offers numerous benefits for enthusiasts. bonsai cultivation encompasses range. bonsai cultivation also offers benefits Beyond its value. bonsai cultivation also offers benefits Beyond its artistic value. bonsai cultivation principles of is concept of miniaturization. bonsai cultivation encompasses range of expressions. bonsai cultivation offers numerous benefits. bonsai cultivation principles of is concept. bonsai cultivation offers benefits. bonsai cultivation encompasses diverse range of expressions. bonsai cultivation encompasses diverse range of artistic expressions. Bonsai cultivation fosters appreciation for world. Bonsai cultivation also fosters appreciation. Bonsai cultivation fosters appreciation for natural world. Bonsai cultivation encourages mindfulness. Bonsai cultivation also fosters greater appreciation for natural world. Bonsai cultivation also fosters greater appreciation for world. Bonsai cultivation fosters greater appreciation. cultivation encompasses diverse range of expressions. bonsai artists create masterpieces. cultivation also offers benefits for enthusiasts. cultivation offers benefits Beyond its value. bonsai artists create miniature masterpieces. cultivation also offers numerous benefits for enthusiasts. cultivation principles of is concept of miniaturization. cultivation offers benefits Beyond its artistic value. cultivation encompasses range of expressions. cultivation also offers numerous benefits. cultivation offers benefits. cultivation encompasses diverse range of artistic expressions. bonsai artists create masterpieces Through careful cultivation. cultivation encompasses diverse range. cultivation encompasses range. cultivation encompasses range of artistic expressions. bonsai artists create masterpieces Through cultivation. cultivation key principles of is concept. Bonsai artists use techniques. Bonsai artists carefully consider factors. Bonsai artists often draw inspiration. Bonsai artists sculpt tree. tree has branches. Bonsai artists create compositions. Bonsai artists draw inspiration from nature. Bonsai artists create unique compositions. Bonsai artists sculpt tree into desired form. Bonsai artists sculpt tree into form. Bonsai artists use various techniques. tree between trunk. Bonsai artists carefully prune tree 's branches. bonsai enthusiasts can create representations in space. bonsai enthusiasts can create striking representations of nature. bonsai enthusiasts can create visual representations of nature. bonsai enthusiasts can create representations of nature. bonsai enthusiasts can create representations in confined space. bonsai enthusiasts can create representations. bonsai enthusiasts can create striking visual representations of nature. bonsai enthusiasts can create visual representations. bonsai enthusiasts can create striking visual representations. bonsai enthusiasts can create striking representations.",
    "evaluation": 0
  },
  {
    "correct_answer": "Bonsai artists create a sense of age and maturity in the trees.",
    "retrieved_context": "cultivation encompasses diverse range of expressions. bonsai artists create masterpieces. cultivation also offers benefits for enthusiasts. cultivation offers benefits Beyond its value. bonsai artists create miniature masterpieces. cultivation also offers numerous benefits for enthusiasts. cultivation principles of is concept of miniaturization. cultivation offers benefits Beyond its artistic value. cultivation encompasses range of expressions. cultivation also offers numerous benefits. cultivation offers benefits. cultivation encompasses diverse range of artistic expressions. bonsai artists create masterpieces Through careful cultivation. cultivation encompasses diverse range. cultivation encompasses range. cultivation encompasses range of artistic expressions. bonsai artists create masterpieces Through cultivation. cultivation key principles of is concept. Bonsai artists use techniques. Bonsai artists carefully consider factors. Bonsai artists often draw inspiration. Bonsai artists sculpt tree. tree has branches. Bonsai artists create compositions. Bonsai artists draw inspiration from nature. Bonsai artists create unique compositions. Bonsai artists sculpt tree into desired form. Bonsai artists sculpt tree into form. Bonsai artists use various techniques. tree between trunk. Bonsai artists carefully prune tree 's branches. bonsai tree reflects artist 's vision. bonsai tree tells story. bonsai enthusiasts can create representations in space. bonsai enthusiasts can create striking representations of nature. bonsai enthusiasts can create visual representations of nature. bonsai enthusiasts can create representations of nature. bonsai enthusiasts can create representations in confined space. bonsai enthusiasts can create representations. bonsai enthusiasts can create striking visual representations of nature. bonsai enthusiasts can create visual representations. bonsai enthusiasts can create striking visual representations. bonsai enthusiasts can create striking representations. bonsai cultivation encompasses range of artistic expressions. bonsai cultivation also offers benefits for enthusiasts. bonsai cultivation encompasses diverse range. bonsai cultivation also offers numerous benefits for enthusiasts. bonsai cultivation encompasses range. bonsai cultivation also offers benefits Beyond its value. bonsai cultivation also offers benefits Beyond its artistic value. bonsai cultivation principles of is concept of miniaturization. bonsai cultivation encompasses range of expressions. bonsai cultivation offers numerous benefits. bonsai cultivation principles of is concept. bonsai cultivation offers benefits. bonsai cultivation encompasses diverse range of expressions. bonsai cultivation encompasses diverse range of artistic expressions. Bonsai cultivation fosters appreciation for world. Bonsai cultivation also fosters appreciation. Bonsai cultivation fosters appreciation for natural world. Bonsai cultivation encourages mindfulness. Bonsai cultivation also fosters greater appreciation for natural world. Bonsai cultivation also fosters greater appreciation for world. Bonsai cultivation fosters greater appreciation. practice can can experience. practice providing sense of calm. bonsai tree cultivation art of is rich practice. practice providing sense. bonsai tree cultivation art of is In conclusion rich practice. rich practice is In conclusion. bonsai tree cultivation art of is practice. bonsai tree cultivation art of is In conclusion practice. practice be therapeutic. practice can can therapeutic experience. practice connection to nature.",
    "evaluation": 0
  },
  {
    "correct_answer": "Bonsai artists carefully control the growth of the trees.",
    "retrieved_context": "cultivation encompasses diverse range of expressions. bonsai artists create masterpieces. cultivation also offers benefits for enthusiasts. cultivation offers benefits Beyond its value. bonsai artists create miniature masterpieces. cultivation also offers numerous benefits for enthusiasts. cultivation principles of is concept of miniaturization. cultivation offers benefits Beyond its artistic value. cultivation encompasses range of expressions. cultivation also offers numerous benefits. cultivation offers benefits. cultivation encompasses diverse range of artistic expressions. bonsai artists create masterpieces Through careful cultivation. cultivation encompasses diverse range. cultivation encompasses range. cultivation encompasses range of artistic expressions. bonsai artists create masterpieces Through cultivation. cultivation key principles of is concept. Bonsai artists use techniques. Bonsai artists carefully consider factors. Bonsai artists often draw inspiration. Bonsai artists sculpt tree. tree has branches. Bonsai artists create compositions. Bonsai artists draw inspiration from nature. Bonsai artists create unique compositions. Bonsai artists sculpt tree into desired form. Bonsai artists sculpt tree into form. Bonsai artists use various techniques. tree between trunk. Bonsai artists carefully prune tree 's branches. practice can can experience. practice providing sense of calm. bonsai tree cultivation art of is rich practice. practice providing sense. bonsai tree cultivation art of is In conclusion rich practice. rich practice is In conclusion. bonsai tree cultivation art of is practice. bonsai tree cultivation art of is In conclusion practice. practice be therapeutic. practice can can therapeutic experience. practice connection to nature. bonsai cultivation encompasses range of artistic expressions. bonsai cultivation also offers benefits for enthusiasts. bonsai cultivation encompasses diverse range. bonsai cultivation also offers numerous benefits for enthusiasts. bonsai cultivation encompasses range. bonsai cultivation also offers benefits Beyond its value. bonsai cultivation also offers benefits Beyond its artistic value. bonsai cultivation principles of is concept of miniaturization. bonsai cultivation encompasses range of expressions. bonsai cultivation offers numerous benefits. bonsai cultivation principles of is concept. bonsai cultivation offers benefits. bonsai cultivation encompasses diverse range of expressions. bonsai cultivation encompasses diverse range of artistic expressions. Bonsai cultivation fosters appreciation for world. Bonsai cultivation also fosters appreciation. Bonsai cultivation fosters appreciation for natural world. Bonsai cultivation encourages mindfulness. Bonsai cultivation also fosters greater appreciation for natural world. Bonsai cultivation also fosters greater appreciation for world. Bonsai cultivation fosters greater appreciation. bonsai tree reflects artist 's vision. bonsai tree tells story. bonsai enthusiasts can create representations in space. bonsai enthusiasts can create striking representations of nature. bonsai enthusiasts can create visual representations of nature. bonsai enthusiasts can create representations of nature. bonsai enthusiasts can create representations in confined space. bonsai enthusiasts can create representations. bonsai enthusiasts can create striking visual representations of nature. bonsai enthusiasts can create visual representations. bonsai enthusiasts can create striking visual representations. bonsai enthusiasts can create striking representations.",
    "evaluation": 0
  },
  {
    "correct_answer": "Bonsai artists use wiring, pruning, and grafting techniques.",
    "retrieved_context": "cultivation encompasses diverse range of expressions. bonsai artists create masterpieces. cultivation also offers benefits for enthusiasts. cultivation offers benefits Beyond its value. bonsai artists create miniature masterpieces. cultivation also offers numerous benefits for enthusiasts. cultivation principles of is concept of miniaturization. cultivation offers benefits Beyond its artistic value. cultivation encompasses range of expressions. cultivation also offers numerous benefits. cultivation offers benefits. cultivation encompasses diverse range of artistic expressions. bonsai artists create masterpieces Through careful cultivation. cultivation encompasses diverse range. cultivation encompasses range. cultivation encompasses range of artistic expressions. bonsai artists create masterpieces Through cultivation. cultivation key principles of is concept. Bonsai artists use techniques. Bonsai artists carefully consider factors. Bonsai artists often draw inspiration. Bonsai artists sculpt tree. tree has branches. Bonsai artists create compositions. Bonsai artists draw inspiration from nature. Bonsai artists create unique compositions. Bonsai artists sculpt tree into desired form. Bonsai artists sculpt tree into form. Bonsai artists use various techniques. tree between trunk. Bonsai artists carefully prune tree 's branches. bonsai cultivation encompasses range of artistic expressions. bonsai cultivation also offers benefits for enthusiasts. bonsai cultivation encompasses diverse range. bonsai cultivation also offers numerous benefits for enthusiasts. bonsai cultivation encompasses range. bonsai cultivation also offers benefits Beyond its value. bonsai cultivation also offers benefits Beyond its artistic value. bonsai cultivation principles of is concept of miniaturization. bonsai cultivation encompasses range of expressions. bonsai cultivation offers numerous benefits. bonsai cultivation principles of is concept. bonsai cultivation offers benefits. bonsai cultivation encompasses diverse range of expressions. bonsai cultivation encompasses diverse range of artistic expressions. Bonsai cultivation fosters appreciation for world. Bonsai cultivation also fosters appreciation. Bonsai cultivation fosters appreciation for natural world. Bonsai cultivation encourages mindfulness. Bonsai cultivation also fosters greater appreciation for natural world. Bonsai cultivation also fosters greater appreciation for world. Bonsai cultivation fosters greater appreciation. bonsai tree reflects artist 's vision. bonsai tree tells story. bonsai enthusiasts can create representations in space. bonsai enthusiasts can create striking representations of nature. bonsai enthusiasts can create visual representations of nature. bonsai enthusiasts can create representations of nature. bonsai enthusiasts can create representations in confined space. bonsai enthusiasts can create representations. bonsai enthusiasts can create striking visual representations of nature. bonsai enthusiasts can create visual representations. bonsai enthusiasts can create striking visual representations. bonsai enthusiasts can create striking representations. practice can can experience. practice providing sense of calm. bonsai tree cultivation art of is rich practice. practice providing sense. bonsai tree cultivation art of is In conclusion rich practice. rich practice is In conclusion. bonsai tree cultivation art of is practice. bonsai tree cultivation art of is In conclusion practice. practice be therapeutic. practice can can therapeutic experience. practice connection to nature.",
    "evaluation": 0
  },
  {
    "correct_answer": "Bonsai artists aim to create a harmonious balance in the trees.",
    "retrieved_context": "cultivation encompasses diverse range of expressions. bonsai artists create masterpieces. cultivation also offers benefits for enthusiasts. cultivation offers benefits Beyond its value. bonsai artists create miniature masterpieces. cultivation also offers numerous benefits for enthusiasts. cultivation principles of is concept of miniaturization. cultivation offers benefits Beyond its artistic value. cultivation encompasses range of expressions. cultivation also offers numerous benefits. cultivation offers benefits. cultivation encompasses diverse range of artistic expressions. bonsai artists create masterpieces Through careful cultivation. cultivation encompasses diverse range. cultivation encompasses range. cultivation encompasses range of artistic expressions. bonsai artists create masterpieces Through cultivation. cultivation key principles of is concept. Bonsai artists use techniques. Bonsai artists carefully consider factors. Bonsai artists often draw inspiration. Bonsai artists sculpt tree. tree has branches. Bonsai artists create compositions. Bonsai artists draw inspiration from nature. Bonsai artists create unique compositions. Bonsai artists sculpt tree into desired form. Bonsai artists sculpt tree into form. Bonsai artists use various techniques. tree between trunk. Bonsai artists carefully prune tree 's branches. bonsai tree reflects artist 's vision. bonsai tree tells story. bonsai enthusiasts can create representations in space. bonsai enthusiasts can create striking representations of nature. bonsai enthusiasts can create visual representations of nature. bonsai enthusiasts can create representations of nature. bonsai enthusiasts can create representations in confined space. bonsai enthusiasts can create representations. bonsai enthusiasts can create striking visual representations of nature. bonsai enthusiasts can create visual representations. bonsai enthusiasts can create striking visual representations. bonsai enthusiasts can create striking representations. bonsai cultivation encompasses range of artistic expressions. bonsai cultivation also offers benefits for enthusiasts. bonsai cultivation encompasses diverse range. bonsai cultivation also offers numerous benefits for enthusiasts. bonsai cultivation encompasses range. bonsai cultivation also offers benefits Beyond its value. bonsai cultivation also offers benefits Beyond its artistic value. bonsai cultivation principles of is concept of miniaturization. bonsai cultivation encompasses range of expressions. bonsai cultivation offers numerous benefits. bonsai cultivation principles of is concept. bonsai cultivation offers benefits. bonsai cultivation encompasses diverse range of expressions. bonsai cultivation encompasses diverse range of artistic expressions. Bonsai cultivation fosters appreciation for world. Bonsai cultivation also fosters appreciation. Bonsai cultivation fosters appreciation for natural world. Bonsai cultivation encourages mindfulness. Bonsai cultivation also fosters greater appreciation for natural world. Bonsai cultivation also fosters greater appreciation for world. Bonsai cultivation fosters greater appreciation. practice can can experience. practice providing sense of calm. bonsai tree cultivation art of is rich practice. practice providing sense. bonsai tree cultivation art of is In conclusion rich practice. rich practice is In conclusion. bonsai tree cultivation art of is practice. bonsai tree cultivation art of is In conclusion practice. practice be therapeutic. practice can can therapeutic experience. practice connection to nature.",
    "evaluation": 0
  },
  {
    "correct_answer": "Bonsai artists consider proportion, balance, and asymmetry in their compositions.",
    "retrieved_context": "cultivation encompasses diverse range of expressions. bonsai artists create masterpieces. cultivation also offers benefits for enthusiasts. cultivation offers benefits Beyond its value. bonsai artists create miniature masterpieces. cultivation also offers numerous benefits for enthusiasts. cultivation principles of is concept of miniaturization. cultivation offers benefits Beyond its artistic value. cultivation encompasses range of expressions. cultivation also offers numerous benefits. cultivation offers benefits. cultivation encompasses diverse range of artistic expressions. bonsai artists create masterpieces Through careful cultivation. cultivation encompasses diverse range. cultivation encompasses range. cultivation encompasses range of artistic expressions. bonsai artists create masterpieces Through cultivation. cultivation key principles of is concept. Bonsai artists use techniques. Bonsai artists carefully consider factors. Bonsai artists often draw inspiration. Bonsai artists sculpt tree. tree has branches. Bonsai artists create compositions. Bonsai artists draw inspiration from nature. Bonsai artists create unique compositions. Bonsai artists sculpt tree into desired form. Bonsai artists sculpt tree into form. Bonsai artists use various techniques. tree between trunk. Bonsai artists carefully prune tree 's branches. bonsai cultivation encompasses range of artistic expressions. bonsai cultivation also offers benefits for enthusiasts. bonsai cultivation encompasses diverse range. bonsai cultivation also offers numerous benefits for enthusiasts. bonsai cultivation encompasses range. bonsai cultivation also offers benefits Beyond its value. bonsai cultivation also offers benefits Beyond its artistic value. bonsai cultivation principles of is concept of miniaturization. bonsai cultivation encompasses range of expressions. bonsai cultivation offers numerous benefits. bonsai cultivation principles of is concept. bonsai cultivation offers benefits. bonsai cultivation encompasses diverse range of expressions. bonsai cultivation encompasses diverse range of artistic expressions. Bonsai cultivation fosters appreciation for world. Bonsai cultivation also fosters appreciation. Bonsai cultivation fosters appreciation for natural world. Bonsai cultivation encourages mindfulness. Bonsai cultivation also fosters greater appreciation for natural world. Bonsai cultivation also fosters greater appreciation for world. Bonsai cultivation fosters greater appreciation. bonsai enthusiasts can create representations in space. bonsai enthusiasts can create striking representations of nature. bonsai enthusiasts can create visual representations of nature. bonsai enthusiasts can create representations of nature. bonsai enthusiasts can create representations in confined space. bonsai enthusiasts can create representations. bonsai enthusiasts can create striking visual representations of nature. bonsai enthusiasts can create visual representations. bonsai enthusiasts can create striking visual representations. bonsai enthusiasts can create striking representations. bonsai tree reflects artist 's vision. bonsai tree tells story.",
    "evaluation": 0
  },
  {
    "correct_answer": "Bonsai cultivation is a form of artistic expression.",
    "retrieved_context": "bonsai cultivation encompasses range of artistic expressions. bonsai cultivation also offers benefits for enthusiasts. bonsai cultivation encompasses diverse range. bonsai cultivation also offers numerous benefits for enthusiasts. bonsai cultivation encompasses range. bonsai cultivation also offers benefits Beyond its value. bonsai cultivation also offers benefits Beyond its artistic value. bonsai cultivation principles of is concept of miniaturization. bonsai cultivation encompasses range of expressions. bonsai cultivation offers numerous benefits. bonsai cultivation principles of is concept. bonsai cultivation offers benefits. bonsai cultivation encompasses diverse range of expressions. bonsai cultivation encompasses diverse range of artistic expressions. Bonsai cultivation fosters appreciation for world. Bonsai cultivation also fosters appreciation. Bonsai cultivation fosters appreciation for natural world. Bonsai cultivation encourages mindfulness. Bonsai cultivation also fosters greater appreciation for natural world. Bonsai cultivation also fosters greater appreciation for world. Bonsai cultivation fosters greater appreciation. cultivation encompasses diverse range of expressions. bonsai artists create masterpieces. cultivation also offers benefits for enthusiasts. cultivation offers benefits Beyond its value. bonsai artists create miniature masterpieces. cultivation also offers numerous benefits for enthusiasts. cultivation principles of is concept of miniaturization. cultivation offers benefits Beyond its artistic value. cultivation encompasses range of expressions. cultivation also offers numerous benefits. cultivation offers benefits. cultivation encompasses diverse range of artistic expressions. bonsai artists create masterpieces Through careful cultivation. cultivation encompasses diverse range. cultivation encompasses range. cultivation encompasses range of artistic expressions. bonsai artists create masterpieces Through cultivation. cultivation key principles of is concept. Bonsai artists use techniques. Bonsai artists carefully consider factors. Bonsai artists often draw inspiration. Bonsai artists sculpt tree. tree has branches. Bonsai artists create compositions. Bonsai artists draw inspiration from nature. Bonsai artists create unique compositions. Bonsai artists sculpt tree into desired form. Bonsai artists sculpt tree into form. Bonsai artists use various techniques. tree between trunk. Bonsai artists carefully prune tree 's branches. practice can can experience. practice providing sense of calm. bonsai tree cultivation art of is rich practice. practice providing sense. bonsai tree cultivation art of is In conclusion rich practice. rich practice is In conclusion. bonsai tree cultivation art of is practice. bonsai tree cultivation art of is In conclusion practice. practice be therapeutic. practice can can therapeutic experience. practice connection to nature. bonsai tree reflects artist 's vision. bonsai tree tells story. bonsai enthusiasts can create representations in space. bonsai enthusiasts can create striking representations of nature. bonsai enthusiasts can create visual representations of nature. bonsai enthusiasts can create representations of nature. bonsai enthusiasts can create representations in confined space. bonsai enthusiasts can create representations. bonsai enthusiasts can create striking visual representations of nature. bonsai enthusiasts can create visual representations. bonsai enthusiasts can create striking visual representations. bonsai enthusiasts can create striking representations.",
    "evaluation": 1
  },
  {
    "correct_answer": "Bonsai cultivation offers therapeutic and meditative benefits.",
    "retrieved_context": "bonsai cultivation encompasses range of artistic expressions. bonsai cultivation also offers benefits for enthusiasts. bonsai cultivation encompasses diverse range. bonsai cultivation also offers numerous benefits for enthusiasts. bonsai cultivation encompasses range. bonsai cultivation also offers benefits Beyond its value. bonsai cultivation also offers benefits Beyond its artistic value. bonsai cultivation principles of is concept of miniaturization. bonsai cultivation encompasses range of expressions. bonsai cultivation offers numerous benefits. bonsai cultivation principles of is concept. bonsai cultivation offers benefits. bonsai cultivation encompasses diverse range of expressions. bonsai cultivation encompasses diverse range of artistic expressions. Bonsai cultivation fosters appreciation for world. Bonsai cultivation also fosters appreciation. Bonsai cultivation fosters appreciation for natural world. Bonsai cultivation encourages mindfulness. Bonsai cultivation also fosters greater appreciation for natural world. Bonsai cultivation also fosters greater appreciation for world. Bonsai cultivation fosters greater appreciation. practice can can experience. practice providing sense of calm. bonsai tree cultivation art of is rich practice. practice providing sense. bonsai tree cultivation art of is In conclusion rich practice. rich practice is In conclusion. bonsai tree cultivation art of is practice. bonsai tree cultivation art of is In conclusion practice. practice be therapeutic. practice can can therapeutic experience. practice connection to nature. bonsai enthusiasts can create representations in space. bonsai enthusiasts can create striking representations of nature. bonsai enthusiasts can create visual representations of nature. bonsai enthusiasts can create representations of nature. bonsai enthusiasts can create representations in confined space. bonsai enthusiasts can create representations. bonsai enthusiasts can create striking visual representations of nature. bonsai enthusiasts can create visual representations. bonsai enthusiasts can create striking visual representations. bonsai enthusiasts can create striking representations. bonsai tree reflects artist 's vision. bonsai tree tells story. cultivation encompasses diverse range of expressions. bonsai artists create masterpieces. cultivation also offers benefits for enthusiasts. cultivation offers benefits Beyond its value. bonsai artists create miniature masterpieces. cultivation also offers numerous benefits for enthusiasts. cultivation principles of is concept of miniaturization. cultivation offers benefits Beyond its artistic value. cultivation encompasses range of expressions. cultivation also offers numerous benefits. cultivation offers benefits. cultivation encompasses diverse range of artistic expressions. bonsai artists create masterpieces Through careful cultivation. cultivation encompasses diverse range. cultivation encompasses range. cultivation encompasses range of artistic expressions. bonsai artists create masterpieces Through cultivation. cultivation key principles of is concept.",
    "evaluation": 0
  },
  {
    "accuracy": "13.33%"
  }
]