[
  {
    "correct_answer": "Time zones shape the way we perceive and organize time across the world.",
    "retrieved_context": "Time zones have become part. Time zones have become part of our lives. Time zones have become integral part of our lives. Time zones part of our daily lives. Time zones integral part of our lives. Time zones have become part of our daily lives. Time zones have played role in shaping. Time zones have become integral part. Time zones have become integral part of our daily lives. Time zones have played role. Time zones have played crucial role. time zones would would calculated. time zones history of is In conclusion testament to ingenuity. time zones history of is testament to human ingenuity. time zones history of is In conclusion testament. time zones history of is testament. time zones history of is In conclusion testament to human ingenuity. time zones history of is testament to ingenuity. testament is In conclusion.",
    "evaluation": 0
  },
  {
    "correct_answer": "The concept of time zones evolved over centuries to standardize time measurement.",
    "retrieved_context": "",
    "evaluation": 0
  },
  {
    "correct_answer": "Time zones synchronize activities across vast distances.",
    "retrieved_context": "Time zones have become part. Time zones have become part of our lives. Time zones have become integral part of our lives. Time zones part of our daily lives. Time zones integral part of our lives. Time zones have become part of our daily lives. Time zones have played role in shaping. Time zones have become integral part. Time zones have become integral part of our daily lives. Time zones have played role. Time zones have played crucial role. time zones would would calculated. time zones history of is In conclusion testament to ingenuity. time zones history of is testament to human ingenuity. time zones history of is In conclusion testament. time zones history of is testament. time zones history of is In conclusion testament to human ingenuity. time zones history of is testament to ingenuity. testament is In conclusion. 24 time zones degrees of longitude.",
    "evaluation": 0
  },
  {
    "correct_answer": "The need for time zones arose with the expansion of global trade and transportation networks.",
    "retrieved_context": "Time zones have become part. Time zones have become part of our lives. Time zones have become integral part of our lives. Time zones part of our daily lives. Time zones integral part of our lives. Time zones have become part of our daily lives. Time zones have played role in shaping. Time zones have become integral part. Time zones have become integral part of our daily lives. Time zones have played role. Time zones have played crucial role. time zones would would calculated. time zones history of is In conclusion testament to ingenuity. time zones history of is testament to human ingenuity. time zones history of is In conclusion testament. time zones history of is testament. time zones history of is In conclusion testament to human ingenuity. time zones history of is testament to ingenuity. testament is In conclusion.",
    "evaluation": 0
  },
  {
    "correct_answer": "Communities used local solar time before standardized time measurement.",
    "retrieved_context": "",
    "evaluation": 0
  },
  {
    "correct_answer": "Trains and telegraphs highlighted the inefficiencies of using local time across long distances.",
    "retrieved_context": "",
    "evaluation": 0
  },
  {
    "correct_answer": "The introduction of standard time in the mid-19th century marked a major development in timekeeping.",
    "retrieved_context": "",
    "evaluation": 0
  },
  {
    "correct_answer": "Railway Time was adopted by British railway companies in 1847.",
    "retrieved_context": "",
    "evaluation": 0
  },
  {
    "correct_answer": "Sir Sandford Fleming proposed dividing the world into 24 time zones in the late 19th century.",
    "retrieved_context": "",
    "evaluation": 0
  },
  {
    "correct_answer": "The International Meridian Conference in 1884 agreed to adopt a system of standard time zones based on Greenwich Mean Time.",
    "retrieved_context": "",
    "evaluation": 0
  },
  {
    "correct_answer": "The Greenwich Meridian in London was chosen as the Prime Meridian for coordinating time globally.",
    "retrieved_context": "Greenwich Meridian was chosen. Greenwich Meridian was chosen as Prime Meridian.",
    "evaluation": 0
  },
  {
    "correct_answer": "The world was divided into 24 time zones, each spanning 15 degrees of longitude.",
    "retrieved_context": "24 time zones degrees of longitude. Time zones have become part. Time zones have become part of our lives. Time zones have become integral part of our lives. Time zones part of our daily lives. Time zones integral part of our lives. Time zones have become part of our daily lives. Time zones have played role in shaping. Time zones have become integral part. Time zones have become integral part of our daily lives. Time zones have played role. Time zones have played crucial role. time zones would would calculated. time zones history of is In conclusion testament to ingenuity. time zones history of is testament to human ingenuity. time zones history of is In conclusion testament. time zones history of is testament. time zones history of is In conclusion testament to human ingenuity. time zones history of is testament to ingenuity. testament is In conclusion.",
    "evaluation": 0
  },
  {
    "correct_answer": "Daylight Saving Time (DST) was introduced in the early 20th century to extend daylight hours.",
    "retrieved_context": "",
    "evaluation": 0
  },
  {
    "correct_answer": "DST was first implemented during World War I to conserve energy.",
    "retrieved_context": "DST has become practice in countries. DST has since become with dates of time changes. countries followed suit. countries began Following adoption of standard time zones at International Meridian Conference. DST has become with dates of time changes varying. countries began Following adoption. countries began Following adoption of standard time zones. DST common practice in many countries. countries began Following adoption of time zones at International Meridian Conference. DST has since become common practice in many countries. DST has since become with dates. DST has since become common practice in countries. countries began Following adoption of time zones. DST common practice in countries. countries began Following adoption at International Meridian Conference. DST has become practice in many countries. countries implement system. countries implement new system. countries adjusting their timekeeping practices.",
    "evaluation": 0
  },
  {
    "correct_answer": "Advances in technology and communication have made coordinating time across different time zones easier.",
    "retrieved_context": "Time zones have become part. Time zones have become part of our lives. Time zones have become integral part of our lives. Time zones part of our daily lives. Time zones integral part of our lives. Time zones have become part of our daily lives. Time zones have played role in shaping. Time zones have become integral part. Time zones have become integral part of our daily lives. Time zones have played role. Time zones have played crucial role. time zones would would calculated. time zones history of is In conclusion testament to ingenuity. time zones history of is testament to human ingenuity. time zones history of is In conclusion testament. time zones history of is testament. time zones history of is In conclusion testament to human ingenuity. time zones history of is testament to ingenuity. testament is In conclusion.",
    "evaluation": 0
  },
  {
    "accuracy": "0.00%"
  }
]