[
  {
    "correct_answer": "Coffee is a cultural phenomenon in society.",
    "retrieved_context": "coffee culture emphasizes importance of quality. coffee culture emphasizes importance. Coffee 's popularity continued grow. Coffee 's popularity continued to grow. pivotal role is in Enlightenment period. symbol is In many cultures. its role will remain constant presence. Coffee also plays role in gatherings. popularity make coffee symbol of connection. its role will remain coffee continues. its role will remain presence. Coffee played pivotal role in Enlightenment period. Coffee become symbol of status. Coffee has transcended its role. Coffee plays role in social gatherings. popularity make coffee symbol. its role is in society. Coffee played role in Enlightenment period. Coffee also plays role. Coffee become symbol. its role will remain As coffee continues. Coffee also plays significant role. Coffee played role with thinkers. Coffee become symbol of social status. Coffee has popularity. Coffee played pivotal role. coffee symbol of connection. coffee integral part of people 's daily lives. coffee has economic implications at levels. coffee has become part of people 's daily lives. coffee is associated. coffee is often associated with productivity. coffee act of is In many cultures symbol of hospitality. people rely to kickstart their day. coffee is often associated On level. coffee has become global phenomenon. coffee fosters sense of community. people rely on their morning cup of coffee. coffee has implications at local levels. coffee has become In modern era. coffee has environmental implications. coffee is often associated. coffee brings together people. coffee plays role In conclusion. people engage in discussions. coffee is On level associated with productivity. coffee act of is In many cultures symbol. people engage in intellectual discussions. coffee is often associated On personal level. coffee also has implications In its economic significance. coffee has implications. people boost their functions. coffee fosters sense. coffee has become From morning rituals to social gatherings. coffee is On personal level often associated with productivity. coffee is On level often associated with productivity. coffee is On personal level associated with productivity. coffee Moreover has economic implications. coffee plays role in society. coffee Moreover has implications at levels. people boost their cognitive functions. coffee has become From morning rituals to gatherings. people rely on their morning cup. coffee continues evolve. coffee continues to evolve. coffee plays role. coffee had made its way to Europe. coffee had made its way. coffee act of is In cultures symbol. coffee has economic implications at local levels. coffee has become In era. people drink coffee. coffee has become From morning rituals. coffee has become integral part. coffee has become part of people 's lives. coffee has become integral part of people 's daily lives. coffee also has implications In its significance. coffee plays multifaceted role. coffee has become integral part of people 's lives. coffee has become phenomenon. coffee has become part. people of daily lives. coffee act of is In cultures symbol of hospitality. coffee integral part of people 's lives. sharing coffee act of is In many cultures symbol of hospitality. sharing coffee act of is In cultures symbol. sharing coffee act of is In many cultures symbol. sharing coffee act of is In cultures symbol of hospitality.",
    "evaluation": 1
  },
  {
    "correct_answer": "Coffee is an integral part of people's daily lives.",
    "retrieved_context": "Coffee 's popularity continued grow. Coffee 's popularity continued to grow. pivotal role is in Enlightenment period. symbol is In many cultures. its role will remain constant presence. Coffee also plays role in gatherings. popularity make coffee symbol of connection. its role will remain coffee continues. its role will remain presence. Coffee played pivotal role in Enlightenment period. Coffee become symbol of status. Coffee has transcended its role. Coffee plays role in social gatherings. popularity make coffee symbol. its role is in society. Coffee played role in Enlightenment period. Coffee also plays role. Coffee become symbol. its role will remain As coffee continues. Coffee also plays significant role. Coffee played role with thinkers. Coffee become symbol of social status. Coffee has popularity. Coffee played pivotal role. coffee symbol of connection. coffee integral part of people 's daily lives. coffee has economic implications at levels. coffee has become part of people 's daily lives. coffee is associated. coffee is often associated with productivity. coffee act of is In many cultures symbol of hospitality. people rely to kickstart their day. coffee is often associated On level. coffee has become global phenomenon. coffee fosters sense of community. people rely on their morning cup of coffee. coffee has implications at local levels. coffee has become In modern era. coffee has environmental implications. coffee is often associated. coffee brings together people. coffee plays role In conclusion. people engage in discussions. coffee is On level associated with productivity. coffee act of is In many cultures symbol. people engage in intellectual discussions. coffee is often associated On personal level. coffee also has implications In its economic significance. coffee has implications. people boost their functions. coffee fosters sense. coffee has become From morning rituals to social gatherings. coffee is On personal level often associated with productivity. coffee is On level often associated with productivity. coffee is On personal level associated with productivity. coffee Moreover has economic implications. coffee plays role in society. coffee Moreover has implications at levels. people boost their cognitive functions. coffee has become From morning rituals to gatherings. people rely on their morning cup. coffee continues evolve. coffee continues to evolve. coffee plays role. coffee had made its way to Europe. coffee had made its way. coffee act of is In cultures symbol. coffee has economic implications at local levels. coffee has become In era. people drink coffee. coffee has become From morning rituals. coffee has become integral part. coffee has become part of people 's lives. coffee has become integral part of people 's daily lives. coffee also has implications In its significance. coffee plays multifaceted role. coffee has become integral part of people 's lives. coffee has become phenomenon. coffee has become part. people of daily lives. coffee act of is In cultures symbol of hospitality. coffee integral part of people 's lives. sharing coffee act of is In many cultures symbol of hospitality. sharing coffee act of is In cultures symbol. sharing coffee act of is In many cultures symbol. sharing coffee act of is In cultures symbol of hospitality. coffee culture emphasizes importance of quality. coffee culture emphasizes importance.",
    "evaluation": 1
  },
  {
    "correct_answer": "Coffee's history dates back to ancient times.",
    "retrieved_context": "Coffee 's popularity continued grow. Coffee 's popularity continued to grow. coffee culture emphasizes importance of quality. coffee culture emphasizes importance. pivotal role is in Enlightenment period. symbol is In many cultures. its role will remain constant presence. Coffee also plays role in gatherings. popularity make coffee symbol of connection. its role will remain coffee continues. its role will remain presence. Coffee played pivotal role in Enlightenment period. Coffee become symbol of status. Coffee has transcended its role. Coffee plays role in social gatherings. popularity make coffee symbol. its role is in society. Coffee played role in Enlightenment period. Coffee also plays role. Coffee become symbol. its role will remain As coffee continues. Coffee also plays significant role. Coffee played role with thinkers. Coffee become symbol of social status. Coffee has popularity. Coffee played pivotal role. coffee symbol of connection. coffee integral part of people 's daily lives. coffee has economic implications at levels. coffee has become part of people 's daily lives. coffee is associated. coffee is often associated with productivity. coffee act of is In many cultures symbol of hospitality. people rely to kickstart their day. coffee is often associated On level. coffee has become global phenomenon. coffee fosters sense of community. people rely on their morning cup of coffee. coffee has implications at local levels. coffee has become In modern era. coffee has environmental implications. coffee is often associated. coffee brings together people. coffee plays role In conclusion. people engage in discussions. coffee is On level associated with productivity. coffee act of is In many cultures symbol. people engage in intellectual discussions. coffee is often associated On personal level. coffee also has implications In its economic significance. coffee has implications. people boost their functions. coffee fosters sense. coffee has become From morning rituals to social gatherings. coffee is On personal level often associated with productivity. coffee is On level often associated with productivity. coffee is On personal level associated with productivity. coffee Moreover has economic implications. coffee plays role in society. coffee Moreover has implications at levels. people boost their cognitive functions. coffee has become From morning rituals to gatherings. people rely on their morning cup. coffee continues evolve. coffee continues to evolve. coffee plays role. coffee had made its way to Europe. coffee had made its way. coffee act of is In cultures symbol. coffee has economic implications at local levels. coffee has become In era. people drink coffee. coffee has become From morning rituals. coffee has become integral part. coffee has become part of people 's lives. coffee has become integral part of people 's daily lives. coffee also has implications In its significance. coffee plays multifaceted role. coffee has become integral part of people 's lives. coffee has become phenomenon. coffee has become part. people of daily lives. coffee act of is In cultures symbol of hospitality. coffee integral part of people 's lives.",
    "evaluation": 0
  },
  {
    "correct_answer": "Coffee originated from the Ethiopian plateau.",
    "retrieved_context": "coffee culture emphasizes importance of quality. coffee culture emphasizes importance. pivotal role is in Enlightenment period. symbol is In many cultures. its role will remain constant presence. Coffee also plays role in gatherings. popularity make coffee symbol of connection. its role will remain coffee continues. its role will remain presence. Coffee played pivotal role in Enlightenment period. Coffee become symbol of status. Coffee has transcended its role. Coffee plays role in social gatherings. popularity make coffee symbol. its role is in society. Coffee played role in Enlightenment period. Coffee also plays role. Coffee become symbol. its role will remain As coffee continues. Coffee also plays significant role. Coffee played role with thinkers. Coffee become symbol of social status. Coffee has popularity. Coffee played pivotal role. coffee symbol of connection. coffee integral part of people 's daily lives. coffee has economic implications at levels. coffee has become part of people 's daily lives. coffee is associated. coffee is often associated with productivity. coffee act of is In many cultures symbol of hospitality. people rely to kickstart their day. coffee is often associated On level. coffee has become global phenomenon. coffee fosters sense of community. people rely on their morning cup of coffee. coffee has implications at local levels. coffee has become In modern era. coffee has environmental implications. coffee is often associated. coffee brings together people. coffee plays role In conclusion. people engage in discussions. coffee is On level associated with productivity. coffee act of is In many cultures symbol. people engage in intellectual discussions. coffee is often associated On personal level. coffee also has implications In its economic significance. coffee has implications. people boost their functions. coffee fosters sense. coffee has become From morning rituals to social gatherings. coffee is On personal level often associated with productivity. coffee is On level often associated with productivity. coffee is On personal level associated with productivity. coffee Moreover has economic implications. coffee plays role in society. coffee Moreover has implications at levels. people boost their cognitive functions. coffee has become From morning rituals to gatherings. people rely on their morning cup. coffee continues evolve. coffee continues to evolve. coffee plays role. coffee had made its way to Europe. coffee had made its way. coffee act of is In cultures symbol. coffee has economic implications at local levels. coffee has become In era. people drink coffee. coffee has become From morning rituals. coffee has become integral part. coffee has become part of people 's lives. coffee has become integral part of people 's daily lives. coffee also has implications In its significance. coffee plays multifaceted role. coffee has become integral part of people 's lives. coffee has become phenomenon. coffee has become part. people of daily lives. coffee act of is In cultures symbol of hospitality. coffee integral part of people 's lives. Coffee 's popularity continued grow. Coffee 's popularity continued to grow.",
    "evaluation": 0
  },
  {
    "correct_answer": "Coffee was discovered by a goat herder named Kaldi.",
    "retrieved_context": "named Kaldi effects of coffee beans. named Kaldi discovered effects. named Kaldi discovered effects of coffee beans. named Kaldi discovered stimulating effects of coffee beans. named Kaldi discovered stimulating effects. Kaldi discovered stimulating effects. Kaldi discovered effects. Kaldi discovered stimulating effects of coffee beans. Kaldi stimulating effects of coffee beans. Kaldi discovered effects of coffee beans. coffee culture emphasizes importance of quality. coffee culture emphasizes importance. pivotal role is in Enlightenment period. symbol is In many cultures. its role will remain constant presence. Coffee also plays role in gatherings. popularity make coffee symbol of connection. its role will remain coffee continues. its role will remain presence. Coffee played pivotal role in Enlightenment period. Coffee become symbol of status. Coffee has transcended its role. Coffee plays role in social gatherings. popularity make coffee symbol. its role is in society. Coffee played role in Enlightenment period. Coffee also plays role. Coffee become symbol. its role will remain As coffee continues. Coffee also plays significant role. Coffee played role with thinkers. Coffee become symbol of social status. Coffee has popularity. Coffee played pivotal role. coffee symbol of connection. coffee integral part of people 's daily lives. coffee has economic implications at levels. coffee has become part of people 's daily lives. coffee is associated. coffee is often associated with productivity. coffee act of is In many cultures symbol of hospitality. people rely to kickstart their day. coffee is often associated On level. coffee has become global phenomenon. coffee fosters sense of community. people rely on their morning cup of coffee. coffee has implications at local levels. coffee has become In modern era. coffee has environmental implications. coffee is often associated. coffee brings together people. coffee plays role In conclusion. people engage in discussions. coffee is On level associated with productivity. coffee act of is In many cultures symbol. people engage in intellectual discussions. coffee is often associated On personal level. coffee also has implications In its economic significance. coffee has implications. people boost their functions. coffee fosters sense. coffee has become From morning rituals to social gatherings. coffee is On personal level often associated with productivity. coffee is On level often associated with productivity. coffee is On personal level associated with productivity. coffee Moreover has economic implications. coffee plays role in society. coffee Moreover has implications at levels. people boost their cognitive functions. coffee has become From morning rituals to gatherings. people rely on their morning cup. coffee continues evolve. coffee continues to evolve. coffee plays role. coffee had made its way to Europe. coffee had made its way. coffee act of is In cultures symbol. coffee has economic implications at local levels. coffee has become In era. people drink coffee. coffee has become From morning rituals. coffee has become integral part. coffee has become part of people 's lives. coffee has become integral part of people 's daily lives. coffee also has implications In its significance. coffee plays multifaceted role. coffee has become integral part of people 's lives. coffee has become phenomenon. coffee has become part. people of daily lives. coffee act of is In cultures symbol of hospitality. coffee integral part of people 's lives.",
    "evaluation": 1
  },
  {
    "correct_answer": "Coffee spread to the Arabian Peninsula.",
    "retrieved_context": "global coffee trade is dollar industry. global coffee trade is multi-billion dollar industry. coffee culture emphasizes importance of quality. coffee culture emphasizes importance. coffee trade is dollar industry. coffee trade is multi-billion dollar industry. Coffee 's popularity continued grow. Coffee 's popularity continued to grow. sharing coffee act of is In many cultures symbol of hospitality. sharing coffee act of is In cultures symbol. sharing coffee act of is In many cultures symbol. sharing coffee act of is In cultures symbol of hospitality. pivotal role is in Enlightenment period. symbol is In many cultures. its role will remain constant presence. Coffee also plays role in gatherings. popularity make coffee symbol of connection. its role will remain coffee continues. its role will remain presence. Coffee played pivotal role in Enlightenment period. Coffee become symbol of status. Coffee has transcended its role. Coffee plays role in social gatherings. popularity make coffee symbol. its role is in society. Coffee played role in Enlightenment period. Coffee also plays role. Coffee become symbol. its role will remain As coffee continues. Coffee also plays significant role. Coffee played role with thinkers. Coffee become symbol of social status. Coffee has popularity. Coffee played pivotal role.",
    "evaluation": 0
  },
  {
    "correct_answer": "Coffee houses emerged in the Middle East as social spaces.",
    "retrieved_context": "coffee houses exchange ideas. ideas engage in debates. Coffee houses began to emerge in Middle East as spaces. Coffee houses began emerge in Middle East as spaces. Coffee houses began emerge as spaces. Coffee houses began emerge. Coffee houses began to emerge. Coffee houses began emerge as social spaces. Coffee houses became hubs. Coffee houses began to emerge in Middle East as social spaces. Coffee houses became central hubs for interaction. Coffee houses began emerge in Middle East. Coffee houses became central hubs for social interaction. Coffee houses became hubs for social interaction. Coffee houses began emerge in Middle East as social spaces. Coffee houses hubs for interaction. Coffee houses began to emerge in Middle East. Coffee houses emerge as social spaces. Coffee houses central hubs for social interaction. Coffee houses emerge in Middle East. Coffee houses became central hubs. Coffee houses began to emerge as spaces. Coffee houses became hubs for interaction. Coffee houses began to emerge as social spaces. Coffee houses emerge as spaces.",
    "evaluation": 1
  },
  {
    "correct_answer": "Coffee reached Europe by the 17th century.",
    "retrieved_context": "coffee culture emphasizes importance of quality. coffee culture emphasizes importance. Coffee 's popularity continued grow. Coffee 's popularity continued to grow. global coffee trade is dollar industry. global coffee trade is multi-billion dollar industry. sharing coffee act of is In many cultures symbol of hospitality. sharing coffee act of is In cultures symbol. sharing coffee act of is In many cultures symbol. sharing coffee act of is In cultures symbol of hospitality. coffee trade is dollar industry. coffee trade is multi-billion dollar industry. pivotal role is in Enlightenment period. symbol is In many cultures. its role will remain constant presence. Coffee also plays role in gatherings. popularity make coffee symbol of connection. its role will remain coffee continues. its role will remain presence. Coffee played pivotal role in Enlightenment period. Coffee become symbol of status. Coffee has transcended its role. Coffee plays role in social gatherings. popularity make coffee symbol. its role is in society. Coffee played role in Enlightenment period. Coffee also plays role. Coffee become symbol. its role will remain As coffee continues. Coffee also plays significant role. Coffee played role with thinkers. Coffee become symbol of social status. Coffee has popularity. Coffee played pivotal role.",
    "evaluation": 0
  },
  {
    "correct_answer": "Coffee houses in Europe were hubs for social interaction.",
    "retrieved_context": "coffee houses exchange ideas. ideas engage in debates. Coffee houses began to emerge in Middle East as spaces. Coffee houses began emerge in Middle East as spaces. Coffee houses began emerge as spaces. Coffee houses began emerge. Coffee houses began to emerge. Coffee houses began emerge as social spaces. Coffee houses became hubs. Coffee houses began to emerge in Middle East as social spaces. Coffee houses became central hubs for interaction. Coffee houses began emerge in Middle East. Coffee houses became central hubs for social interaction. Coffee houses became hubs for social interaction. Coffee houses began emerge in Middle East as social spaces. Coffee houses hubs for interaction. Coffee houses began to emerge in Middle East. Coffee houses emerge as social spaces. Coffee houses central hubs for social interaction. Coffee houses emerge in Middle East. Coffee houses became central hubs. Coffee houses began to emerge as spaces. Coffee houses became hubs for interaction. Coffee houses began to emerge as social spaces. Coffee houses emerge as spaces. Coffee 's popularity continued grow. Coffee 's popularity continued to grow. sharing coffee act of is In many cultures symbol of hospitality. sharing coffee act of is In cultures symbol. sharing coffee act of is In many cultures symbol. sharing coffee act of is In cultures symbol of hospitality. coffee culture emphasizes importance of quality. coffee culture emphasizes importance.",
    "evaluation": 0
  },
  {
    "correct_answer": "Coffee played a pivotal role in the Enlightenment period.",
    "retrieved_context": "Coffee 's popularity continued grow. Coffee 's popularity continued to grow. coffee culture emphasizes importance of quality. coffee culture emphasizes importance. pivotal role is in Enlightenment period. symbol is In many cultures. its role will remain constant presence. Coffee also plays role in gatherings. popularity make coffee symbol of connection. its role will remain coffee continues. its role will remain presence. Coffee played pivotal role in Enlightenment period. Coffee become symbol of status. Coffee has transcended its role. Coffee plays role in social gatherings. popularity make coffee symbol. its role is in society. Coffee played role in Enlightenment period. Coffee also plays role. Coffee become symbol. its role will remain As coffee continues. Coffee also plays significant role. Coffee played role with thinkers. Coffee become symbol of social status. Coffee has popularity. Coffee played pivotal role. coffee symbol of connection. coffee integral part of people 's daily lives. coffee has economic implications at levels. coffee has become part of people 's daily lives. coffee is associated. coffee is often associated with productivity. coffee act of is In many cultures symbol of hospitality. people rely to kickstart their day. coffee is often associated On level. coffee has become global phenomenon. coffee fosters sense of community. people rely on their morning cup of coffee. coffee has implications at local levels. coffee has become In modern era. coffee has environmental implications. coffee is often associated. coffee brings together people. coffee plays role In conclusion. people engage in discussions. coffee is On level associated with productivity. coffee act of is In many cultures symbol. people engage in intellectual discussions. coffee is often associated On personal level. coffee also has implications In its economic significance. coffee has implications. people boost their functions. coffee fosters sense. coffee has become From morning rituals to social gatherings. coffee is On personal level often associated with productivity. coffee is On level often associated with productivity. coffee is On personal level associated with productivity. coffee Moreover has economic implications. coffee plays role in society. coffee Moreover has implications at levels. people boost their cognitive functions. coffee has become From morning rituals to gatherings. people rely on their morning cup. coffee continues evolve. coffee continues to evolve. coffee plays role. coffee had made its way to Europe. coffee had made its way. coffee act of is In cultures symbol. coffee has economic implications at local levels. coffee has become In era. people drink coffee. coffee has become From morning rituals. coffee has become integral part. coffee has become part of people 's lives. coffee has become integral part of people 's daily lives. coffee also has implications In its significance. coffee plays multifaceted role. coffee has become integral part of people 's lives. coffee has become phenomenon. coffee has become part. people of daily lives. coffee act of is In cultures symbol of hospitality. coffee integral part of people 's lives.",
    "evaluation": 1
  },
  {
    "correct_answer": "Coffee consumption is global in the modern era.",
    "retrieved_context": "Coffee 's popularity continued grow. Coffee 's popularity continued to grow. global coffee trade is dollar industry. global coffee trade is multi-billion dollar industry. coffee culture emphasizes importance of quality. coffee culture emphasizes importance. sharing coffee act of is In many cultures symbol of hospitality. sharing coffee act of is In cultures symbol. sharing coffee act of is In many cultures symbol. sharing coffee act of is In cultures symbol of hospitality. pivotal role is in Enlightenment period. symbol is In many cultures. its role will remain constant presence. Coffee also plays role in gatherings. popularity make coffee symbol of connection. its role will remain coffee continues. its role will remain presence. Coffee played pivotal role in Enlightenment period. Coffee become symbol of status. Coffee has transcended its role. Coffee plays role in social gatherings. popularity make coffee symbol. its role is in society. Coffee played role in Enlightenment period. Coffee also plays role. Coffee become symbol. its role will remain As coffee continues. Coffee also plays significant role. Coffee played role with thinkers. Coffee become symbol of social status. Coffee has popularity. Coffee played pivotal role. coffee symbol of connection. coffee integral part of people 's daily lives. coffee has economic implications at levels. coffee has become part of people 's daily lives. coffee is associated. coffee is often associated with productivity. coffee act of is In many cultures symbol of hospitality. people rely to kickstart their day. coffee is often associated On level. coffee has become global phenomenon. coffee fosters sense of community. people rely on their morning cup of coffee. coffee has implications at local levels. coffee has become In modern era. coffee has environmental implications. coffee is often associated. coffee brings together people. coffee plays role In conclusion. people engage in discussions. coffee is On level associated with productivity. coffee act of is In many cultures symbol. people engage in intellectual discussions. coffee is often associated On personal level. coffee also has implications In its economic significance. coffee has implications. people boost their functions. coffee fosters sense. coffee has become From morning rituals to social gatherings. coffee is On personal level often associated with productivity. coffee is On level often associated with productivity. coffee is On personal level associated with productivity. coffee Moreover has economic implications. coffee plays role in society. coffee Moreover has implications at levels. people boost their cognitive functions. coffee has become From morning rituals to gatherings. people rely on their morning cup. coffee continues evolve. coffee continues to evolve. coffee plays role. coffee had made its way to Europe. coffee had made its way. coffee act of is In cultures symbol. coffee has economic implications at local levels. coffee has become In era. people drink coffee. coffee has become From morning rituals. coffee has become integral part. coffee has become part of people 's lives. coffee has become integral part of people 's daily lives. coffee also has implications In its significance. coffee plays multifaceted role. coffee has become integral part of people 's lives. coffee has become phenomenon. coffee has become part. people of daily lives. coffee act of is In cultures symbol of hospitality. coffee integral part of people 's lives.",
    "evaluation": 1
  },
  {
    "correct_answer": "Coffee chains like Starbucks have transformed coffee consumption.",
    "retrieved_context": "Coffee 's popularity continued grow. Coffee 's popularity continued to grow. coffee culture emphasizes importance of quality. coffee culture emphasizes importance. global coffee trade is dollar industry. global coffee trade is multi-billion dollar industry. pivotal role is in Enlightenment period. symbol is In many cultures. its role will remain constant presence. Coffee also plays role in gatherings. popularity make coffee symbol of connection. its role will remain coffee continues. its role will remain presence. Coffee played pivotal role in Enlightenment period. Coffee become symbol of status. Coffee has transcended its role. Coffee plays role in social gatherings. popularity make coffee symbol. its role is in society. Coffee played role in Enlightenment period. Coffee also plays role. Coffee become symbol. its role will remain As coffee continues. Coffee also plays significant role. Coffee played role with thinkers. Coffee become symbol of social status. Coffee has popularity. Coffee played pivotal role. coffee symbol of connection. coffee integral part of people 's daily lives. coffee has economic implications at levels. coffee has become part of people 's daily lives. coffee is associated. coffee is often associated with productivity. coffee act of is In many cultures symbol of hospitality. people rely to kickstart their day. coffee is often associated On level. coffee has become global phenomenon. coffee fosters sense of community. people rely on their morning cup of coffee. coffee has implications at local levels. coffee has become In modern era. coffee has environmental implications. coffee is often associated. coffee brings together people. coffee plays role In conclusion. people engage in discussions. coffee is On level associated with productivity. coffee act of is In many cultures symbol. people engage in intellectual discussions. coffee is often associated On personal level. coffee also has implications In its economic significance. coffee has implications. people boost their functions. coffee fosters sense. coffee has become From morning rituals to social gatherings. coffee is On personal level often associated with productivity. coffee is On level often associated with productivity. coffee is On personal level associated with productivity. coffee Moreover has economic implications. coffee plays role in society. coffee Moreover has implications at levels. people boost their cognitive functions. coffee has become From morning rituals to gatherings. people rely on their morning cup. coffee continues evolve. coffee continues to evolve. coffee plays role. coffee had made its way to Europe. coffee had made its way. coffee act of is In cultures symbol. coffee has economic implications at local levels. coffee has become In era. people drink coffee. coffee has become From morning rituals. coffee has become integral part. coffee has become part of people 's lives. coffee has become integral part of people 's daily lives. coffee also has implications In its significance. coffee plays multifaceted role. coffee has become integral part of people 's lives. coffee has become phenomenon. coffee has become part. people of daily lives. coffee act of is In cultures symbol of hospitality. coffee integral part of people 's lives.",
    "evaluation": 0
  },
  {
    "correct_answer": "Coffee is a symbol of social status and lifestyle.",
    "retrieved_context": "Coffee 's popularity continued grow. Coffee 's popularity continued to grow. coffee culture emphasizes importance of quality. coffee culture emphasizes importance. sharing coffee act of is In many cultures symbol of hospitality. sharing coffee act of is In cultures symbol. sharing coffee act of is In many cultures symbol. sharing coffee act of is In cultures symbol of hospitality. pivotal role is in Enlightenment period. symbol is In many cultures. its role will remain constant presence. Coffee also plays role in gatherings. popularity make coffee symbol of connection. its role will remain coffee continues. its role will remain presence. Coffee played pivotal role in Enlightenment period. Coffee become symbol of status. Coffee has transcended its role. Coffee plays role in social gatherings. popularity make coffee symbol. its role is in society. Coffee played role in Enlightenment period. Coffee also plays role. Coffee become symbol. its role will remain As coffee continues. Coffee also plays significant role. Coffee played role with thinkers. Coffee become symbol of social status. Coffee has popularity. Coffee played pivotal role. coffee symbol of connection. coffee integral part of people 's daily lives. coffee has economic implications at levels. coffee has become part of people 's daily lives. coffee is associated. coffee is often associated with productivity. coffee act of is In many cultures symbol of hospitality. people rely to kickstart their day. coffee is often associated On level. coffee has become global phenomenon. coffee fosters sense of community. people rely on their morning cup of coffee. coffee has implications at local levels. coffee has become In modern era. coffee has environmental implications. coffee is often associated. coffee brings together people. coffee plays role In conclusion. people engage in discussions. coffee is On level associated with productivity. coffee act of is In many cultures symbol. people engage in intellectual discussions. coffee is often associated On personal level. coffee also has implications In its economic significance. coffee has implications. people boost their functions. coffee fosters sense. coffee has become From morning rituals to social gatherings. coffee is On personal level often associated with productivity. coffee is On level often associated with productivity. coffee is On personal level associated with productivity. coffee Moreover has economic implications. coffee plays role in society. coffee Moreover has implications at levels. people boost their cognitive functions. coffee has become From morning rituals to gatherings. people rely on their morning cup. coffee continues evolve. coffee continues to evolve. coffee plays role. coffee had made its way to Europe. coffee had made its way. coffee act of is In cultures symbol. coffee has economic implications at local levels. coffee has become In era. people drink coffee. coffee has become From morning rituals. coffee has become integral part. coffee has become part of people 's lives. coffee has become integral part of people 's daily lives. coffee also has implications In its significance. coffee plays multifaceted role. coffee has become integral part of people 's lives. coffee has become phenomenon. coffee has become part. people of daily lives. coffee act of is In cultures symbol of hospitality. coffee integral part of people 's lives.",
    "evaluation": 1
  },
  {
    "correct_answer": "Coffee is associated with productivity and focus.",
    "retrieved_context": "Coffee 's popularity continued grow. Coffee 's popularity continued to grow. pivotal role is in Enlightenment period. symbol is In many cultures. its role will remain constant presence. Coffee also plays role in gatherings. popularity make coffee symbol of connection. its role will remain coffee continues. its role will remain presence. Coffee played pivotal role in Enlightenment period. Coffee become symbol of status. Coffee has transcended its role. Coffee plays role in social gatherings. popularity make coffee symbol. its role is in society. Coffee played role in Enlightenment period. Coffee also plays role. Coffee become symbol. its role will remain As coffee continues. Coffee also plays significant role. Coffee played role with thinkers. Coffee become symbol of social status. Coffee has popularity. Coffee played pivotal role. coffee symbol of connection. coffee integral part of people 's daily lives. coffee has economic implications at levels. coffee has become part of people 's daily lives. coffee is associated. coffee is often associated with productivity. coffee act of is In many cultures symbol of hospitality. people rely to kickstart their day. coffee is often associated On level. coffee has become global phenomenon. coffee fosters sense of community. people rely on their morning cup of coffee. coffee has implications at local levels. coffee has become In modern era. coffee has environmental implications. coffee is often associated. coffee brings together people. coffee plays role In conclusion. people engage in discussions. coffee is On level associated with productivity. coffee act of is In many cultures symbol. people engage in intellectual discussions. coffee is often associated On personal level. coffee also has implications In its economic significance. coffee has implications. people boost their functions. coffee fosters sense. coffee has become From morning rituals to social gatherings. coffee is On personal level often associated with productivity. coffee is On level often associated with productivity. coffee is On personal level associated with productivity. coffee Moreover has economic implications. coffee plays role in society. coffee Moreover has implications at levels. people boost their cognitive functions. coffee has become From morning rituals to gatherings. people rely on their morning cup. coffee continues evolve. coffee continues to evolve. coffee plays role. coffee had made its way to Europe. coffee had made its way. coffee act of is In cultures symbol. coffee has economic implications at local levels. coffee has become In era. people drink coffee. coffee has become From morning rituals. coffee has become integral part. coffee has become part of people 's lives. coffee has become integral part of people 's daily lives. coffee also has implications In its significance. coffee plays multifaceted role. coffee has become integral part of people 's lives. coffee has become phenomenon. coffee has become part. people of daily lives. coffee act of is In cultures symbol of hospitality. coffee integral part of people 's lives. coffee culture emphasizes importance of quality. coffee culture emphasizes importance. sharing coffee act of is In many cultures symbol of hospitality. sharing coffee act of is In cultures symbol. sharing coffee act of is In many cultures symbol. sharing coffee act of is In cultures symbol of hospitality.",
    "evaluation": 1
  },
  {
    "correct_answer": "Coffee breaks are opportunities for socializing.",
    "retrieved_context": "sharing coffee act of is In many cultures symbol of hospitality. sharing coffee act of is In cultures symbol. sharing coffee act of is In many cultures symbol. sharing coffee act of is In cultures symbol of hospitality. Coffee 's popularity continued grow. Coffee 's popularity continued to grow. coffee culture emphasizes importance of quality. coffee culture emphasizes importance. pivotal role is in Enlightenment period. symbol is In many cultures. its role will remain constant presence. Coffee also plays role in gatherings. popularity make coffee symbol of connection. its role will remain coffee continues. its role will remain presence. Coffee played pivotal role in Enlightenment period. Coffee become symbol of status. Coffee has transcended its role. Coffee plays role in social gatherings. popularity make coffee symbol. its role is in society. Coffee played role in Enlightenment period. Coffee also plays role. Coffee become symbol. its role will remain As coffee continues. Coffee also plays significant role. Coffee played role with thinkers. Coffee become symbol of social status. Coffee has popularity. Coffee played pivotal role. coffee symbol of connection. coffee integral part of people 's daily lives. coffee has economic implications at levels. coffee has become part of people 's daily lives. coffee is associated. coffee is often associated with productivity. coffee act of is In many cultures symbol of hospitality. people rely to kickstart their day. coffee is often associated On level. coffee has become global phenomenon. coffee fosters sense of community. people rely on their morning cup of coffee. coffee has implications at local levels. coffee has become In modern era. coffee has environmental implications. coffee is often associated. coffee brings together people. coffee plays role In conclusion. people engage in discussions. coffee is On level associated with productivity. coffee act of is In many cultures symbol. people engage in intellectual discussions. coffee is often associated On personal level. coffee also has implications In its economic significance. coffee has implications. people boost their functions. coffee fosters sense. coffee has become From morning rituals to social gatherings. coffee is On personal level often associated with productivity. coffee is On level often associated with productivity. coffee is On personal level associated with productivity. coffee Moreover has economic implications. coffee plays role in society. coffee Moreover has implications at levels. people boost their cognitive functions. coffee has become From morning rituals to gatherings. people rely on their morning cup. coffee continues evolve. coffee continues to evolve. coffee plays role. coffee had made its way to Europe. coffee had made its way. coffee act of is In cultures symbol. coffee has economic implications at local levels. coffee has become In era. people drink coffee. coffee has become From morning rituals. coffee has become integral part. coffee has become part of people 's lives. coffee has become integral part of people 's daily lives. coffee also has implications In its significance. coffee plays multifaceted role. coffee has become integral part of people 's lives. coffee has become phenomenon. coffee has become part. people of daily lives. coffee act of is In cultures symbol of hospitality. coffee integral part of people 's lives. coffee houses exchange ideas. ideas engage in debates. Coffee houses began to emerge in Middle East as spaces. Coffee houses began emerge in Middle East as spaces. Coffee houses began emerge as spaces. Coffee houses began emerge. Coffee houses began to emerge. Coffee houses began emerge as social spaces. Coffee houses became hubs. Coffee houses began to emerge in Middle East as social spaces. Coffee houses became central hubs for interaction. Coffee houses began emerge in Middle East. Coffee houses became central hubs for social interaction. Coffee houses became hubs for social interaction. Coffee houses began emerge in Middle East as social spaces. Coffee houses hubs for interaction. Coffee houses began to emerge in Middle East. Coffee houses emerge as social spaces. Coffee houses central hubs for social interaction. Coffee houses emerge in Middle East. Coffee houses became central hubs. Coffee houses began to emerge as spaces. Coffee houses became hubs for interaction. Coffee houses began to emerge as social spaces. Coffee houses emerge as spaces.",
    "evaluation": 0
  },
  {
    "accuracy": "53.33%"
  }
]