[
  {
    "correct_answer": "Atlantis is a legendary island.",
    "retrieved_context": "Atlantis legend most famous aspect of is its destruction. Atlantis legend most famous aspect of is its sudden destruction. Atlantis was how swallowed by sea in day. Atlantis is legendary island mentioned by ancient philosopher. Atlantis been metaphor. Atlantis disappearing beneath waves. Atlantis was powerful civilization. island possessed technology. Atlantis was place. Atlantis is island first mentioned in his dialogues. Atlantis was Whether place. Atlantis is legendary island first mentioned by Greek philosopher. Atlantis is island mentioned by ancient Greek philosopher. Atlantis was large island located beyond Pillars. Atlantis is legendary island first mentioned by philosopher in his dialogues. Atlantis is legendary island mentioned by philosopher. Atlantis was large located. Atlantis is legendary island mentioned by Greek philosopher in his dialogues. Atlantis is legendary island mentioned by ancient Greek philosopher. Atlantis is legendary island first mentioned by ancient Greek philosopher. Plato of imagination. Atlantis is island first mentioned. Atlantis is legendary island first mentioned. Atlantis is legendary island first mentioned by philosopher. Atlantis is legendary island first mentioned by ancient Greek philosopher in his dialogues. island was said. Atlantis been metaphor for utopia. Atlantis is legendary island mentioned by ancient Greek philosopher in his dialogues. Atlantis was swallowed by sea in day. Atlantis is island mentioned by philosopher. Atlantis is island first mentioned by ancient Greek philosopher. Atlantis was swallowed by sea in single day. island was said rich. Atlantis is island mentioned by Greek philosopher in his dialogues. Atlantis was island. island possessed advanced technology. Atlantis been metaphor for lost utopia. Atlantis is island first mentioned by Greek philosopher. Atlantis was civilization. Atlantis is legendary island mentioned in his dialogues. Atlantis is legendary island first mentioned by ancient philosopher in his dialogues. Atlantis is island mentioned. island was said to rich. Atlantis was how swallowed by sea. Atlantis is legendary island first mentioned in his dialogues. Atlantis is legendary island mentioned by ancient philosopher in his dialogues. Atlantis creation of Plato 's imagination. Atlantis is island first mentioned by philosopher in his dialogues. Atlantis is island first mentioned by ancient philosopher. Atlantis is legendary island mentioned by philosopher in his dialogues. Atlantis was large island located. Atlantis was swallowed by sea. Atlantis is island mentioned by ancient Greek philosopher in his dialogues. Atlantis is island mentioned by Greek philosopher. Atlantis is legendary island mentioned by Greek philosopher. Atlantis is island first mentioned by philosopher. Atlantis was how swallowed by sea in single day. Atlantis is legendary mentioned. Atlantis was advanced. Atlantis is island first mentioned by ancient philosopher in his dialogues. Atlantis is legendary island first mentioned by ancient philosopher. Atlantis is island mentioned by philosopher in his dialogues. Atlantis was Whether real place. Atlantis is legendary island first mentioned by Greek philosopher in his dialogues. Atlantis is island mentioned by ancient philosopher in his dialogues. Atlantis is island first mentioned by ancient Greek philosopher in his dialogues. Atlantis was island located beyond Pillars of Hercules. Atlantis is island mentioned by ancient philosopher. Atlantis is legendary island mentioned. Atlantis was real place. Atlantis was large island. Atlantis was real. Atlantis was powerful. Atlantis was island located. Atlantis is island first mentioned by Greek philosopher in his dialogues. Atlantis was large island located beyond Pillars of Hercules. Atlantis is legendary island. island was said to rich in resources. Atlantis was island According Plato. island was said rich in resources. Atlantis is island mentioned in his dialogues. Atlantis was island located beyond Pillars.",
    "evaluation": 1
  },
  {
    "correct_answer": "Plato mentioned Atlantis in his dialogues 'Timaeus' and 'Critias'.",
    "retrieved_context": "Atlantis was how swallowed by sea in day. Atlantis is legendary island mentioned by ancient philosopher. Atlantis been metaphor. Atlantis disappearing beneath waves. Atlantis was powerful civilization. island possessed technology. Atlantis was place. Atlantis is island first mentioned in his dialogues. Atlantis was Whether place. Atlantis is legendary island first mentioned by Greek philosopher. Atlantis is island mentioned by ancient Greek philosopher. Atlantis was large island located beyond Pillars. Atlantis is legendary island first mentioned by philosopher in his dialogues. Atlantis is legendary island mentioned by philosopher. Atlantis was large located. Atlantis is legendary island mentioned by Greek philosopher in his dialogues. Atlantis is legendary island mentioned by ancient Greek philosopher. Atlantis is legendary island first mentioned by ancient Greek philosopher. Plato of imagination. Atlantis is island first mentioned. Atlantis is legendary island first mentioned. Atlantis is legendary island first mentioned by philosopher. Atlantis is legendary island first mentioned by ancient Greek philosopher in his dialogues. island was said. Atlantis been metaphor for utopia. Atlantis is legendary island mentioned by ancient Greek philosopher in his dialogues. Atlantis was swallowed by sea in day. Atlantis is island mentioned by philosopher. Atlantis is island first mentioned by ancient Greek philosopher. Atlantis was swallowed by sea in single day. island was said rich. Atlantis is island mentioned by Greek philosopher in his dialogues. Atlantis was island. island possessed advanced technology. Atlantis been metaphor for lost utopia. Atlantis is island first mentioned by Greek philosopher. Atlantis was civilization. Atlantis is legendary island mentioned in his dialogues. Atlantis is legendary island first mentioned by ancient philosopher in his dialogues. Atlantis is island mentioned. island was said to rich. Atlantis was how swallowed by sea. Atlantis is legendary island first mentioned in his dialogues. Atlantis is legendary island mentioned by ancient philosopher in his dialogues. Atlantis creation of Plato 's imagination. Atlantis is island first mentioned by philosopher in his dialogues. Atlantis is island first mentioned by ancient philosopher. Atlantis is legendary island mentioned by philosopher in his dialogues. Atlantis was large island located. Atlantis was swallowed by sea. Atlantis is island mentioned by ancient Greek philosopher in his dialogues. Atlantis is island mentioned by Greek philosopher. Atlantis is legendary island mentioned by Greek philosopher. Atlantis is island first mentioned by philosopher. Atlantis was how swallowed by sea in single day. Atlantis is legendary mentioned. Atlantis was advanced. Atlantis is island first mentioned by ancient philosopher in his dialogues. Atlantis is legendary island first mentioned by ancient philosopher. Atlantis is island mentioned by philosopher in his dialogues. Atlantis was Whether real place. Atlantis is legendary island first mentioned by Greek philosopher in his dialogues. Atlantis is island mentioned by ancient philosopher in his dialogues. Atlantis is island first mentioned by ancient Greek philosopher in his dialogues. Atlantis was island located beyond Pillars of Hercules. Atlantis is island mentioned by ancient philosopher. Atlantis is legendary island mentioned. Atlantis was real place. Atlantis was large island. Atlantis was real. Atlantis was powerful. Atlantis was island located. Atlantis is island first mentioned by Greek philosopher in his dialogues. Atlantis was large island located beyond Pillars of Hercules. Atlantis is legendary island. island was said to rich in resources. Atlantis was island According Plato. island was said rich in resources. Atlantis is island mentioned in his dialogues. Atlantis was island located beyond Pillars. Atlantis legend most famous aspect of is its destruction. Atlantis legend most famous aspect of is its sudden destruction.",
    "evaluation": 0
  },
  {
    "correct_answer": "Atlantis story has captivated people for centuries.",
    "retrieved_context": "Atlantis legend most famous aspect of is its destruction. Atlantis legend most famous aspect of is its sudden destruction. Atlantis was how swallowed by sea in day. Atlantis is legendary island mentioned by ancient philosopher. Atlantis been metaphor. Atlantis disappearing beneath waves. Atlantis was powerful civilization. island possessed technology. Atlantis was place. Atlantis is island first mentioned in his dialogues. Atlantis was Whether place. Atlantis is legendary island first mentioned by Greek philosopher. Atlantis is island mentioned by ancient Greek philosopher. Atlantis was large island located beyond Pillars. Atlantis is legendary island first mentioned by philosopher in his dialogues. Atlantis is legendary island mentioned by philosopher. Atlantis was large located. Atlantis is legendary island mentioned by Greek philosopher in his dialogues. Atlantis is legendary island mentioned by ancient Greek philosopher. Atlantis is legendary island first mentioned by ancient Greek philosopher. Plato of imagination. Atlantis is island first mentioned. Atlantis is legendary island first mentioned. Atlantis is legendary island first mentioned by philosopher. Atlantis is legendary island first mentioned by ancient Greek philosopher in his dialogues. island was said. Atlantis been metaphor for utopia. Atlantis is legendary island mentioned by ancient Greek philosopher in his dialogues. Atlantis was swallowed by sea in day. Atlantis is island mentioned by philosopher. Atlantis is island first mentioned by ancient Greek philosopher. Atlantis was swallowed by sea in single day. island was said rich. Atlantis is island mentioned by Greek philosopher in his dialogues. Atlantis was island. island possessed advanced technology. Atlantis been metaphor for lost utopia. Atlantis is island first mentioned by Greek philosopher. Atlantis was civilization. Atlantis is legendary island mentioned in his dialogues. Atlantis is legendary island first mentioned by ancient philosopher in his dialogues. Atlantis is island mentioned. island was said to rich. Atlantis was how swallowed by sea. Atlantis is legendary island first mentioned in his dialogues. Atlantis is legendary island mentioned by ancient philosopher in his dialogues. Atlantis creation of Plato 's imagination. Atlantis is island first mentioned by philosopher in his dialogues. Atlantis is island first mentioned by ancient philosopher. Atlantis is legendary island mentioned by philosopher in his dialogues. Atlantis was large island located. Atlantis was swallowed by sea. Atlantis is island mentioned by ancient Greek philosopher in his dialogues. Atlantis is island mentioned by Greek philosopher. Atlantis is legendary island mentioned by Greek philosopher. Atlantis is island first mentioned by philosopher. Atlantis was how swallowed by sea in single day. Atlantis is legendary mentioned. Atlantis was advanced. Atlantis is island first mentioned by ancient philosopher in his dialogues. Atlantis is legendary island first mentioned by ancient philosopher. Atlantis is island mentioned by philosopher in his dialogues. Atlantis was Whether real place. Atlantis is legendary island first mentioned by Greek philosopher in his dialogues. Atlantis is island mentioned by ancient philosopher in his dialogues. Atlantis is island first mentioned by ancient Greek philosopher in his dialogues. Atlantis was island located beyond Pillars of Hercules. Atlantis is island mentioned by ancient philosopher. Atlantis is legendary island mentioned. Atlantis was real place. Atlantis was large island. Atlantis was real. Atlantis was powerful. Atlantis was island located. Atlantis is island first mentioned by Greek philosopher in his dialogues. Atlantis was large island located beyond Pillars of Hercules. Atlantis is legendary island. island was said to rich in resources. Atlantis was island According Plato. island was said rich in resources. Atlantis is island mentioned in his dialogues. Atlantis was island located beyond Pillars. captivating tale is In conclusion.",
    "evaluation": 0
  },
  {
    "correct_answer": "Plato claimed Atlantis existed around 11,000 years ago.",
    "retrieved_context": "Atlantis was how swallowed by sea in day. Atlantis is legendary island mentioned by ancient philosopher. Atlantis been metaphor. Atlantis disappearing beneath waves. Atlantis was powerful civilization. island possessed technology. Atlantis was place. Atlantis is island first mentioned in his dialogues. Atlantis was Whether place. Atlantis is legendary island first mentioned by Greek philosopher. Atlantis is island mentioned by ancient Greek philosopher. Atlantis was large island located beyond Pillars. Atlantis is legendary island first mentioned by philosopher in his dialogues. Atlantis is legendary island mentioned by philosopher. Atlantis was large located. Atlantis is legendary island mentioned by Greek philosopher in his dialogues. Atlantis is legendary island mentioned by ancient Greek philosopher. Atlantis is legendary island first mentioned by ancient Greek philosopher. Plato of imagination. Atlantis is island first mentioned. Atlantis is legendary island first mentioned. Atlantis is legendary island first mentioned by philosopher. Atlantis is legendary island first mentioned by ancient Greek philosopher in his dialogues. island was said. Atlantis been metaphor for utopia. Atlantis is legendary island mentioned by ancient Greek philosopher in his dialogues. Atlantis was swallowed by sea in day. Atlantis is island mentioned by philosopher. Atlantis is island first mentioned by ancient Greek philosopher. Atlantis was swallowed by sea in single day. island was said rich. Atlantis is island mentioned by Greek philosopher in his dialogues. Atlantis was island. island possessed advanced technology. Atlantis been metaphor for lost utopia. Atlantis is island first mentioned by Greek philosopher. Atlantis was civilization. Atlantis is legendary island mentioned in his dialogues. Atlantis is legendary island first mentioned by ancient philosopher in his dialogues. Atlantis is island mentioned. island was said to rich. Atlantis was how swallowed by sea. Atlantis is legendary island first mentioned in his dialogues. Atlantis is legendary island mentioned by ancient philosopher in his dialogues. Atlantis creation of Plato 's imagination. Atlantis is island first mentioned by philosopher in his dialogues. Atlantis is island first mentioned by ancient philosopher. Atlantis is legendary island mentioned by philosopher in his dialogues. Atlantis was large island located. Atlantis was swallowed by sea. Atlantis is island mentioned by ancient Greek philosopher in his dialogues. Atlantis is island mentioned by Greek philosopher. Atlantis is legendary island mentioned by Greek philosopher. Atlantis is island first mentioned by philosopher. Atlantis was how swallowed by sea in single day. Atlantis is legendary mentioned. Atlantis was advanced. Atlantis is island first mentioned by ancient philosopher in his dialogues. Atlantis is legendary island first mentioned by ancient philosopher. Atlantis is island mentioned by philosopher in his dialogues. Atlantis was Whether real place. Atlantis is legendary island first mentioned by Greek philosopher in his dialogues. Atlantis is island mentioned by ancient philosopher in his dialogues. Atlantis is island first mentioned by ancient Greek philosopher in his dialogues. Atlantis was island located beyond Pillars of Hercules. Atlantis is island mentioned by ancient philosopher. Atlantis is legendary island mentioned. Atlantis was real place. Atlantis was large island. Atlantis was real. Atlantis was powerful. Atlantis was island located. Atlantis is island first mentioned by Greek philosopher in his dialogues. Atlantis was large island located beyond Pillars of Hercules. Atlantis is legendary island. island was said to rich in resources. Atlantis was island According Plato. island was said rich in resources. Atlantis is island mentioned in his dialogues. Atlantis was island located beyond Pillars. Atlantis legend most famous aspect of is its destruction. Atlantis legend most famous aspect of is its sudden destruction.",
    "evaluation": 0
  },
  {
    "correct_answer": "Some believe Atlantis was a real place in the Atlantic Ocean.",
    "retrieved_context": "Atlantis was how swallowed by sea in day. Atlantis is legendary island mentioned by ancient philosopher. Atlantis been metaphor. Atlantis disappearing beneath waves. Atlantis was powerful civilization. island possessed technology. Atlantis was place. Atlantis is island first mentioned in his dialogues. Atlantis was Whether place. Atlantis is legendary island first mentioned by Greek philosopher. Atlantis is island mentioned by ancient Greek philosopher. Atlantis was large island located beyond Pillars. Atlantis is legendary island first mentioned by philosopher in his dialogues. Atlantis is legendary island mentioned by philosopher. Atlantis was large located. Atlantis is legendary island mentioned by Greek philosopher in his dialogues. Atlantis is legendary island mentioned by ancient Greek philosopher. Atlantis is legendary island first mentioned by ancient Greek philosopher. Plato of imagination. Atlantis is island first mentioned. Atlantis is legendary island first mentioned. Atlantis is legendary island first mentioned by philosopher. Atlantis is legendary island first mentioned by ancient Greek philosopher in his dialogues. island was said. Atlantis been metaphor for utopia. Atlantis is legendary island mentioned by ancient Greek philosopher in his dialogues. Atlantis was swallowed by sea in day. Atlantis is island mentioned by philosopher. Atlantis is island first mentioned by ancient Greek philosopher. Atlantis was swallowed by sea in single day. island was said rich. Atlantis is island mentioned by Greek philosopher in his dialogues. Atlantis was island. island possessed advanced technology. Atlantis been metaphor for lost utopia. Atlantis is island first mentioned by Greek philosopher. Atlantis was civilization. Atlantis is legendary island mentioned in his dialogues. Atlantis is legendary island first mentioned by ancient philosopher in his dialogues. Atlantis is island mentioned. island was said to rich. Atlantis was how swallowed by sea. Atlantis is legendary island first mentioned in his dialogues. Atlantis is legendary island mentioned by ancient philosopher in his dialogues. Atlantis creation of Plato 's imagination. Atlantis is island first mentioned by philosopher in his dialogues. Atlantis is island first mentioned by ancient philosopher. Atlantis is legendary island mentioned by philosopher in his dialogues. Atlantis was large island located. Atlantis was swallowed by sea. Atlantis is island mentioned by ancient Greek philosopher in his dialogues. Atlantis is island mentioned by Greek philosopher. Atlantis is legendary island mentioned by Greek philosopher. Atlantis is island first mentioned by philosopher. Atlantis was how swallowed by sea in single day. Atlantis is legendary mentioned. Atlantis was advanced. Atlantis is island first mentioned by ancient philosopher in his dialogues. Atlantis is legendary island first mentioned by ancient philosopher. Atlantis is island mentioned by philosopher in his dialogues. Atlantis was Whether real place. Atlantis is legendary island first mentioned by Greek philosopher in his dialogues. Atlantis is island mentioned by ancient philosopher in his dialogues. Atlantis is island first mentioned by ancient Greek philosopher in his dialogues. Atlantis was island located beyond Pillars of Hercules. Atlantis is island mentioned by ancient philosopher. Atlantis is legendary island mentioned. Atlantis was real place. Atlantis was large island. Atlantis was real. Atlantis was powerful. Atlantis was island located. Atlantis is island first mentioned by Greek philosopher in his dialogues. Atlantis was large island located beyond Pillars of Hercules. Atlantis is legendary island. island was said to rich in resources. Atlantis was island According Plato. island was said rich in resources. Atlantis is island mentioned in his dialogues. Atlantis was island located beyond Pillars. Atlantis legend most famous aspect of is its destruction. Atlantis legend most famous aspect of is its sudden destruction.",
    "evaluation": 0
  },
  {
    "correct_answer": "Others argue Atlantis is a myth created by Plato.",
    "retrieved_context": "Atlantis legend most famous aspect of is its destruction. Atlantis legend most famous aspect of is its sudden destruction. Atlantis was how swallowed by sea in day. Atlantis is legendary island mentioned by ancient philosopher. Atlantis been metaphor. Atlantis disappearing beneath waves. Atlantis was powerful civilization. island possessed technology. Atlantis was place. Atlantis is island first mentioned in his dialogues. Atlantis was Whether place. Atlantis is legendary island first mentioned by Greek philosopher. Atlantis is island mentioned by ancient Greek philosopher. Atlantis was large island located beyond Pillars. Atlantis is legendary island first mentioned by philosopher in his dialogues. Atlantis is legendary island mentioned by philosopher. Atlantis was large located. Atlantis is legendary island mentioned by Greek philosopher in his dialogues. Atlantis is legendary island mentioned by ancient Greek philosopher. Atlantis is legendary island first mentioned by ancient Greek philosopher. Plato of imagination. Atlantis is island first mentioned. Atlantis is legendary island first mentioned. Atlantis is legendary island first mentioned by philosopher. Atlantis is legendary island first mentioned by ancient Greek philosopher in his dialogues. island was said. Atlantis been metaphor for utopia. Atlantis is legendary island mentioned by ancient Greek philosopher in his dialogues. Atlantis was swallowed by sea in day. Atlantis is island mentioned by philosopher. Atlantis is island first mentioned by ancient Greek philosopher. Atlantis was swallowed by sea in single day. island was said rich. Atlantis is island mentioned by Greek philosopher in his dialogues. Atlantis was island. island possessed advanced technology. Atlantis been metaphor for lost utopia. Atlantis is island first mentioned by Greek philosopher. Atlantis was civilization. Atlantis is legendary island mentioned in his dialogues. Atlantis is legendary island first mentioned by ancient philosopher in his dialogues. Atlantis is island mentioned. island was said to rich. Atlantis was how swallowed by sea. Atlantis is legendary island first mentioned in his dialogues. Atlantis is legendary island mentioned by ancient philosopher in his dialogues. Atlantis creation of Plato 's imagination. Atlantis is island first mentioned by philosopher in his dialogues. Atlantis is island first mentioned by ancient philosopher. Atlantis is legendary island mentioned by philosopher in his dialogues. Atlantis was large island located. Atlantis was swallowed by sea. Atlantis is island mentioned by ancient Greek philosopher in his dialogues. Atlantis is island mentioned by Greek philosopher. Atlantis is legendary island mentioned by Greek philosopher. Atlantis is island first mentioned by philosopher. Atlantis was how swallowed by sea in single day. Atlantis is legendary mentioned. Atlantis was advanced. Atlantis is island first mentioned by ancient philosopher in his dialogues. Atlantis is legendary island first mentioned by ancient philosopher. Atlantis is island mentioned by philosopher in his dialogues. Atlantis was Whether real place. Atlantis is legendary island first mentioned by Greek philosopher in his dialogues. Atlantis is island mentioned by ancient philosopher in his dialogues. Atlantis is island first mentioned by ancient Greek philosopher in his dialogues. Atlantis was island located beyond Pillars of Hercules. Atlantis is island mentioned by ancient philosopher. Atlantis is legendary island mentioned. Atlantis was real place. Atlantis was large island. Atlantis was real. Atlantis was powerful. Atlantis was island located. Atlantis is island first mentioned by Greek philosopher in his dialogues. Atlantis was large island located beyond Pillars of Hercules. Atlantis is legendary island. island was said to rich in resources. Atlantis was island According Plato. island was said rich in resources. Atlantis is island mentioned in his dialogues. Atlantis was island located beyond Pillars.",
    "evaluation": 0
  },
  {
    "correct_answer": "Atlantis was located beyond the 'Pillars of Hercules'.",
    "retrieved_context": "Atlantis was how swallowed by sea in day. Atlantis is legendary island mentioned by ancient philosopher. Atlantis been metaphor. Atlantis disappearing beneath waves. Atlantis was powerful civilization. island possessed technology. Atlantis was place. Atlantis is island first mentioned in his dialogues. Atlantis was Whether place. Atlantis is legendary island first mentioned by Greek philosopher. Atlantis is island mentioned by ancient Greek philosopher. Atlantis was large island located beyond Pillars. Atlantis is legendary island first mentioned by philosopher in his dialogues. Atlantis is legendary island mentioned by philosopher. Atlantis was large located. Atlantis is legendary island mentioned by Greek philosopher in his dialogues. Atlantis is legendary island mentioned by ancient Greek philosopher. Atlantis is legendary island first mentioned by ancient Greek philosopher. Plato of imagination. Atlantis is island first mentioned. Atlantis is legendary island first mentioned. Atlantis is legendary island first mentioned by philosopher. Atlantis is legendary island first mentioned by ancient Greek philosopher in his dialogues. island was said. Atlantis been metaphor for utopia. Atlantis is legendary island mentioned by ancient Greek philosopher in his dialogues. Atlantis was swallowed by sea in day. Atlantis is island mentioned by philosopher. Atlantis is island first mentioned by ancient Greek philosopher. Atlantis was swallowed by sea in single day. island was said rich. Atlantis is island mentioned by Greek philosopher in his dialogues. Atlantis was island. island possessed advanced technology. Atlantis been metaphor for lost utopia. Atlantis is island first mentioned by Greek philosopher. Atlantis was civilization. Atlantis is legendary island mentioned in his dialogues. Atlantis is legendary island first mentioned by ancient philosopher in his dialogues. Atlantis is island mentioned. island was said to rich. Atlantis was how swallowed by sea. Atlantis is legendary island first mentioned in his dialogues. Atlantis is legendary island mentioned by ancient philosopher in his dialogues. Atlantis creation of Plato 's imagination. Atlantis is island first mentioned by philosopher in his dialogues. Atlantis is island first mentioned by ancient philosopher. Atlantis is legendary island mentioned by philosopher in his dialogues. Atlantis was large island located. Atlantis was swallowed by sea. Atlantis is island mentioned by ancient Greek philosopher in his dialogues. Atlantis is island mentioned by Greek philosopher. Atlantis is legendary island mentioned by Greek philosopher. Atlantis is island first mentioned by philosopher. Atlantis was how swallowed by sea in single day. Atlantis is legendary mentioned. Atlantis was advanced. Atlantis is island first mentioned by ancient philosopher in his dialogues. Atlantis is legendary island first mentioned by ancient philosopher. Atlantis is island mentioned by philosopher in his dialogues. Atlantis was Whether real place. Atlantis is legendary island first mentioned by Greek philosopher in his dialogues. Atlantis is island mentioned by ancient philosopher in his dialogues. Atlantis is island first mentioned by ancient Greek philosopher in his dialogues. Atlantis was island located beyond Pillars of Hercules. Atlantis is island mentioned by ancient philosopher. Atlantis is legendary island mentioned. Atlantis was real place. Atlantis was large island. Atlantis was real. Atlantis was powerful. Atlantis was island located. Atlantis is island first mentioned by Greek philosopher in his dialogues. Atlantis was large island located beyond Pillars of Hercules. Atlantis is legendary island. island was said to rich in resources. Atlantis was island According Plato. island was said rich in resources. Atlantis is island mentioned in his dialogues. Atlantis was island located beyond Pillars. Atlantis legend most famous aspect of is its destruction. Atlantis legend most famous aspect of is its sudden destruction.",
    "evaluation": 1
  },
  {
    "correct_answer": "Atlantis was rich in resources and had advanced technology.",
    "retrieved_context": "Atlantis was how swallowed by sea in day. Atlantis is legendary island mentioned by ancient philosopher. Atlantis been metaphor. Atlantis disappearing beneath waves. Atlantis was powerful civilization. island possessed technology. Atlantis was place. Atlantis is island first mentioned in his dialogues. Atlantis was Whether place. Atlantis is legendary island first mentioned by Greek philosopher. Atlantis is island mentioned by ancient Greek philosopher. Atlantis was large island located beyond Pillars. Atlantis is legendary island first mentioned by philosopher in his dialogues. Atlantis is legendary island mentioned by philosopher. Atlantis was large located. Atlantis is legendary island mentioned by Greek philosopher in his dialogues. Atlantis is legendary island mentioned by ancient Greek philosopher. Atlantis is legendary island first mentioned by ancient Greek philosopher. Plato of imagination. Atlantis is island first mentioned. Atlantis is legendary island first mentioned. Atlantis is legendary island first mentioned by philosopher. Atlantis is legendary island first mentioned by ancient Greek philosopher in his dialogues. island was said. Atlantis been metaphor for utopia. Atlantis is legendary island mentioned by ancient Greek philosopher in his dialogues. Atlantis was swallowed by sea in day. Atlantis is island mentioned by philosopher. Atlantis is island first mentioned by ancient Greek philosopher. Atlantis was swallowed by sea in single day. island was said rich. Atlantis is island mentioned by Greek philosopher in his dialogues. Atlantis was island. island possessed advanced technology. Atlantis been metaphor for lost utopia. Atlantis is island first mentioned by Greek philosopher. Atlantis was civilization. Atlantis is legendary island mentioned in his dialogues. Atlantis is legendary island first mentioned by ancient philosopher in his dialogues. Atlantis is island mentioned. island was said to rich. Atlantis was how swallowed by sea. Atlantis is legendary island first mentioned in his dialogues. Atlantis is legendary island mentioned by ancient philosopher in his dialogues. Atlantis creation of Plato 's imagination. Atlantis is island first mentioned by philosopher in his dialogues. Atlantis is island first mentioned by ancient philosopher. Atlantis is legendary island mentioned by philosopher in his dialogues. Atlantis was large island located. Atlantis was swallowed by sea. Atlantis is island mentioned by ancient Greek philosopher in his dialogues. Atlantis is island mentioned by Greek philosopher. Atlantis is legendary island mentioned by Greek philosopher. Atlantis is island first mentioned by philosopher. Atlantis was how swallowed by sea in single day. Atlantis is legendary mentioned. Atlantis was advanced. Atlantis is island first mentioned by ancient philosopher in his dialogues. Atlantis is legendary island first mentioned by ancient philosopher. Atlantis is island mentioned by philosopher in his dialogues. Atlantis was Whether real place. Atlantis is legendary island first mentioned by Greek philosopher in his dialogues. Atlantis is island mentioned by ancient philosopher in his dialogues. Atlantis is island first mentioned by ancient Greek philosopher in his dialogues. Atlantis was island located beyond Pillars of Hercules. Atlantis is island mentioned by ancient philosopher. Atlantis is legendary island mentioned. Atlantis was real place. Atlantis was large island. Atlantis was real. Atlantis was powerful. Atlantis was island located. Atlantis is island first mentioned by Greek philosopher in his dialogues. Atlantis was large island located beyond Pillars of Hercules. Atlantis is legendary island. island was said to rich in resources. Atlantis was island According Plato. island was said rich in resources. Atlantis is island mentioned in his dialogues. Atlantis was island located beyond Pillars. Atlantis legend most famous aspect of is its destruction. Atlantis legend most famous aspect of is its sudden destruction.",
    "evaluation": 1
  },
  {
    "correct_answer": "The Atlanteans were described as noble and virtuous people.",
    "retrieved_context": "Atlanteans were described as noble people. Atlanteans were described as people leading. Atlanteans were described as people leading to their downfall. Atlanteans were described. Atlanteans were described as people. Atlanteans were described as noble people leading to their downfall. Atlanteans were described as noble people leading. mythological creation spark debate.",
    "evaluation": 1
  },
  {
    "correct_answer": "Atlantis was destroyed suddenly and catastrophically.",
    "retrieved_context": "Atlantis was how swallowed by sea in day. Atlantis is legendary island mentioned by ancient philosopher. Atlantis been metaphor. Atlantis disappearing beneath waves. Atlantis was powerful civilization. island possessed technology. Atlantis was place. Atlantis is island first mentioned in his dialogues. Atlantis was Whether place. Atlantis is legendary island first mentioned by Greek philosopher. Atlantis is island mentioned by ancient Greek philosopher. Atlantis was large island located beyond Pillars. Atlantis is legendary island first mentioned by philosopher in his dialogues. Atlantis is legendary island mentioned by philosopher. Atlantis was large located. Atlantis is legendary island mentioned by Greek philosopher in his dialogues. Atlantis is legendary island mentioned by ancient Greek philosopher. Atlantis is legendary island first mentioned by ancient Greek philosopher. Plato of imagination. Atlantis is island first mentioned. Atlantis is legendary island first mentioned. Atlantis is legendary island first mentioned by philosopher. Atlantis is legendary island first mentioned by ancient Greek philosopher in his dialogues. island was said. Atlantis been metaphor for utopia. Atlantis is legendary island mentioned by ancient Greek philosopher in his dialogues. Atlantis was swallowed by sea in day. Atlantis is island mentioned by philosopher. Atlantis is island first mentioned by ancient Greek philosopher. Atlantis was swallowed by sea in single day. island was said rich. Atlantis is island mentioned by Greek philosopher in his dialogues. Atlantis was island. island possessed advanced technology. Atlantis been metaphor for lost utopia. Atlantis is island first mentioned by Greek philosopher. Atlantis was civilization. Atlantis is legendary island mentioned in his dialogues. Atlantis is legendary island first mentioned by ancient philosopher in his dialogues. Atlantis is island mentioned. island was said to rich. Atlantis was how swallowed by sea. Atlantis is legendary island first mentioned in his dialogues. Atlantis is legendary island mentioned by ancient philosopher in his dialogues. Atlantis creation of Plato 's imagination. Atlantis is island first mentioned by philosopher in his dialogues. Atlantis is island first mentioned by ancient philosopher. Atlantis is legendary island mentioned by philosopher in his dialogues. Atlantis was large island located. Atlantis was swallowed by sea. Atlantis is island mentioned by ancient Greek philosopher in his dialogues. Atlantis is island mentioned by Greek philosopher. Atlantis is legendary island mentioned by Greek philosopher. Atlantis is island first mentioned by philosopher. Atlantis was how swallowed by sea in single day. Atlantis is legendary mentioned. Atlantis was advanced. Atlantis is island first mentioned by ancient philosopher in his dialogues. Atlantis is legendary island first mentioned by ancient philosopher. Atlantis is island mentioned by philosopher in his dialogues. Atlantis was Whether real place. Atlantis is legendary island first mentioned by Greek philosopher in his dialogues. Atlantis is island mentioned by ancient philosopher in his dialogues. Atlantis is island first mentioned by ancient Greek philosopher in his dialogues. Atlantis was island located beyond Pillars of Hercules. Atlantis is island mentioned by ancient philosopher. Atlantis is legendary island mentioned. Atlantis was real place. Atlantis was large island. Atlantis was real. Atlantis was powerful. Atlantis was island located. Atlantis is island first mentioned by Greek philosopher in his dialogues. Atlantis was large island located beyond Pillars of Hercules. Atlantis is legendary island. island was said to rich in resources. Atlantis was island According Plato. island was said rich in resources. Atlantis is island mentioned in his dialogues. Atlantis was island located beyond Pillars. Atlantis legend most famous aspect of is its destruction. Atlantis legend most famous aspect of is its sudden destruction.",
    "evaluation": 1
  },
  {
    "correct_answer": "The destruction of Atlantis was described by Plato.",
    "retrieved_context": "Atlantis legend most famous aspect of is its destruction. Atlantis legend most famous aspect of is its sudden destruction. Atlantis was how swallowed by sea in day. Atlantis is legendary island mentioned by ancient philosopher. Atlantis been metaphor. Atlantis disappearing beneath waves. Atlantis was powerful civilization. island possessed technology. Atlantis was place. Atlantis is island first mentioned in his dialogues. Atlantis was Whether place. Atlantis is legendary island first mentioned by Greek philosopher. Atlantis is island mentioned by ancient Greek philosopher. Atlantis was large island located beyond Pillars. Atlantis is legendary island first mentioned by philosopher in his dialogues. Atlantis is legendary island mentioned by philosopher. Atlantis was large located. Atlantis is legendary island mentioned by Greek philosopher in his dialogues. Atlantis is legendary island mentioned by ancient Greek philosopher. Atlantis is legendary island first mentioned by ancient Greek philosopher. Plato of imagination. Atlantis is island first mentioned. Atlantis is legendary island first mentioned. Atlantis is legendary island first mentioned by philosopher. Atlantis is legendary island first mentioned by ancient Greek philosopher in his dialogues. island was said. Atlantis been metaphor for utopia. Atlantis is legendary island mentioned by ancient Greek philosopher in his dialogues. Atlantis was swallowed by sea in day. Atlantis is island mentioned by philosopher. Atlantis is island first mentioned by ancient Greek philosopher. Atlantis was swallowed by sea in single day. island was said rich. Atlantis is island mentioned by Greek philosopher in his dialogues. Atlantis was island. island possessed advanced technology. Atlantis been metaphor for lost utopia. Atlantis is island first mentioned by Greek philosopher. Atlantis was civilization. Atlantis is legendary island mentioned in his dialogues. Atlantis is legendary island first mentioned by ancient philosopher in his dialogues. Atlantis is island mentioned. island was said to rich. Atlantis was how swallowed by sea. Atlantis is legendary island first mentioned in his dialogues. Atlantis is legendary island mentioned by ancient philosopher in his dialogues. Atlantis creation of Plato 's imagination. Atlantis is island first mentioned by philosopher in his dialogues. Atlantis is island first mentioned by ancient philosopher. Atlantis is legendary island mentioned by philosopher in his dialogues. Atlantis was large island located. Atlantis was swallowed by sea. Atlantis is island mentioned by ancient Greek philosopher in his dialogues. Atlantis is island mentioned by Greek philosopher. Atlantis is legendary island mentioned by Greek philosopher. Atlantis is island first mentioned by philosopher. Atlantis was how swallowed by sea in single day. Atlantis is legendary mentioned. Atlantis was advanced. Atlantis is island first mentioned by ancient philosopher in his dialogues. Atlantis is legendary island first mentioned by ancient philosopher. Atlantis is island mentioned by philosopher in his dialogues. Atlantis was Whether real place. Atlantis is legendary island first mentioned by Greek philosopher in his dialogues. Atlantis is island mentioned by ancient philosopher in his dialogues. Atlantis is island first mentioned by ancient Greek philosopher in his dialogues. Atlantis was island located beyond Pillars of Hercules. Atlantis is island mentioned by ancient philosopher. Atlantis is legendary island mentioned. Atlantis was real place. Atlantis was large island. Atlantis was real. Atlantis was powerful. Atlantis was island located. Atlantis is island first mentioned by Greek philosopher in his dialogues. Atlantis was large island located beyond Pillars of Hercules. Atlantis is legendary island. island was said to rich in resources. Atlantis was island According Plato. island was said rich in resources. Atlantis is island mentioned in his dialogues. Atlantis was island located beyond Pillars. Plato of imagination.",
    "evaluation": 0
  },
  {
    "correct_answer": "Numerous theories have been proposed about Atlantis.",
    "retrieved_context": "Atlantis was how swallowed by sea in day. Atlantis is legendary island mentioned by ancient philosopher. Atlantis been metaphor. Atlantis disappearing beneath waves. Atlantis was powerful civilization. island possessed technology. Atlantis was place. Atlantis is island first mentioned in his dialogues. Atlantis was Whether place. Atlantis is legendary island first mentioned by Greek philosopher. Atlantis is island mentioned by ancient Greek philosopher. Atlantis was large island located beyond Pillars. Atlantis is legendary island first mentioned by philosopher in his dialogues. Atlantis is legendary island mentioned by philosopher. Atlantis was large located. Atlantis is legendary island mentioned by Greek philosopher in his dialogues. Atlantis is legendary island mentioned by ancient Greek philosopher. Atlantis is legendary island first mentioned by ancient Greek philosopher. Plato of imagination. Atlantis is island first mentioned. Atlantis is legendary island first mentioned. Atlantis is legendary island first mentioned by philosopher. Atlantis is legendary island first mentioned by ancient Greek philosopher in his dialogues. island was said. Atlantis been metaphor for utopia. Atlantis is legendary island mentioned by ancient Greek philosopher in his dialogues. Atlantis was swallowed by sea in day. Atlantis is island mentioned by philosopher. Atlantis is island first mentioned by ancient Greek philosopher. Atlantis was swallowed by sea in single day. island was said rich. Atlantis is island mentioned by Greek philosopher in his dialogues. Atlantis was island. island possessed advanced technology. Atlantis been metaphor for lost utopia. Atlantis is island first mentioned by Greek philosopher. Atlantis was civilization. Atlantis is legendary island mentioned in his dialogues. Atlantis is legendary island first mentioned by ancient philosopher in his dialogues. Atlantis is island mentioned. island was said to rich. Atlantis was how swallowed by sea. Atlantis is legendary island first mentioned in his dialogues. Atlantis is legendary island mentioned by ancient philosopher in his dialogues. Atlantis creation of Plato 's imagination. Atlantis is island first mentioned by philosopher in his dialogues. Atlantis is island first mentioned by ancient philosopher. Atlantis is legendary island mentioned by philosopher in his dialogues. Atlantis was large island located. Atlantis was swallowed by sea. Atlantis is island mentioned by ancient Greek philosopher in his dialogues. Atlantis is island mentioned by Greek philosopher. Atlantis is legendary island mentioned by Greek philosopher. Atlantis is island first mentioned by philosopher. Atlantis was how swallowed by sea in single day. Atlantis is legendary mentioned. Atlantis was advanced. Atlantis is island first mentioned by ancient philosopher in his dialogues. Atlantis is legendary island first mentioned by ancient philosopher. Atlantis is island mentioned by philosopher in his dialogues. Atlantis was Whether real place. Atlantis is legendary island first mentioned by Greek philosopher in his dialogues. Atlantis is island mentioned by ancient philosopher in his dialogues. Atlantis is island first mentioned by ancient Greek philosopher in his dialogues. Atlantis was island located beyond Pillars of Hercules. Atlantis is island mentioned by ancient philosopher. Atlantis is legendary island mentioned. Atlantis was real place. Atlantis was large island. Atlantis was real. Atlantis was powerful. Atlantis was island located. Atlantis is island first mentioned by Greek philosopher in his dialogues. Atlantis was large island located beyond Pillars of Hercules. Atlantis is legendary island. island was said to rich in resources. Atlantis was island According Plato. island was said rich in resources. Atlantis is island mentioned in his dialogues. Atlantis was island located beyond Pillars. Atlantis legend most famous aspect of is its destruction. Atlantis legend most famous aspect of is its sudden destruction.",
    "evaluation": 0
  },
  {
    "correct_answer": "The legend of Atlantis continues to fascinate people worldwide.",
    "retrieved_context": "Atlantis legend most famous aspect of is its destruction. Atlantis legend most famous aspect of is its sudden destruction. Atlantis was how swallowed by sea in day. Atlantis is legendary island mentioned by ancient philosopher. Atlantis been metaphor. Atlantis disappearing beneath waves. Atlantis was powerful civilization. island possessed technology. Atlantis was place. Atlantis is island first mentioned in his dialogues. Atlantis was Whether place. Atlantis is legendary island first mentioned by Greek philosopher. Atlantis is island mentioned by ancient Greek philosopher. Atlantis was large island located beyond Pillars. Atlantis is legendary island first mentioned by philosopher in his dialogues. Atlantis is legendary island mentioned by philosopher. Atlantis was large located. Atlantis is legendary island mentioned by Greek philosopher in his dialogues. Atlantis is legendary island mentioned by ancient Greek philosopher. Atlantis is legendary island first mentioned by ancient Greek philosopher. Plato of imagination. Atlantis is island first mentioned. Atlantis is legendary island first mentioned. Atlantis is legendary island first mentioned by philosopher. Atlantis is legendary island first mentioned by ancient Greek philosopher in his dialogues. island was said. Atlantis been metaphor for utopia. Atlantis is legendary island mentioned by ancient Greek philosopher in his dialogues. Atlantis was swallowed by sea in day. Atlantis is island mentioned by philosopher. Atlantis is island first mentioned by ancient Greek philosopher. Atlantis was swallowed by sea in single day. island was said rich. Atlantis is island mentioned by Greek philosopher in his dialogues. Atlantis was island. island possessed advanced technology. Atlantis been metaphor for lost utopia. Atlantis is island first mentioned by Greek philosopher. Atlantis was civilization. Atlantis is legendary island mentioned in his dialogues. Atlantis is legendary island first mentioned by ancient philosopher in his dialogues. Atlantis is island mentioned. island was said to rich. Atlantis was how swallowed by sea. Atlantis is legendary island first mentioned in his dialogues. Atlantis is legendary island mentioned by ancient philosopher in his dialogues. Atlantis creation of Plato 's imagination. Atlantis is island first mentioned by philosopher in his dialogues. Atlantis is island first mentioned by ancient philosopher. Atlantis is legendary island mentioned by philosopher in his dialogues. Atlantis was large island located. Atlantis was swallowed by sea. Atlantis is island mentioned by ancient Greek philosopher in his dialogues. Atlantis is island mentioned by Greek philosopher. Atlantis is legendary island mentioned by Greek philosopher. Atlantis is island first mentioned by philosopher. Atlantis was how swallowed by sea in single day. Atlantis is legendary mentioned. Atlantis was advanced. Atlantis is island first mentioned by ancient philosopher in his dialogues. Atlantis is legendary island first mentioned by ancient philosopher. Atlantis is island mentioned by philosopher in his dialogues. Atlantis was Whether real place. Atlantis is legendary island first mentioned by Greek philosopher in his dialogues. Atlantis is island mentioned by ancient philosopher in his dialogues. Atlantis is island first mentioned by ancient Greek philosopher in his dialogues. Atlantis was island located beyond Pillars of Hercules. Atlantis is island mentioned by ancient philosopher. Atlantis is legendary island mentioned. Atlantis was real place. Atlantis was large island. Atlantis was real. Atlantis was powerful. Atlantis was island located. Atlantis is island first mentioned by Greek philosopher in his dialogues. Atlantis was large island located beyond Pillars of Hercules. Atlantis is legendary island. island was said to rich in resources. Atlantis was island According Plato. island was said rich in resources. Atlantis is island mentioned in his dialogues. Atlantis was island located beyond Pillars.",
    "evaluation": 0
  },
  {
    "correct_answer": "Many have speculated about the possible location of Atlantis.",
    "retrieved_context": "Atlantis was how swallowed by sea in day. Atlantis is legendary island mentioned by ancient philosopher. Atlantis been metaphor. Atlantis disappearing beneath waves. Atlantis was powerful civilization. island possessed technology. Atlantis was place. Atlantis is island first mentioned in his dialogues. Atlantis was Whether place. Atlantis is legendary island first mentioned by Greek philosopher. Atlantis is island mentioned by ancient Greek philosopher. Atlantis was large island located beyond Pillars. Atlantis is legendary island first mentioned by philosopher in his dialogues. Atlantis is legendary island mentioned by philosopher. Atlantis was large located. Atlantis is legendary island mentioned by Greek philosopher in his dialogues. Atlantis is legendary island mentioned by ancient Greek philosopher. Atlantis is legendary island first mentioned by ancient Greek philosopher. Plato of imagination. Atlantis is island first mentioned. Atlantis is legendary island first mentioned. Atlantis is legendary island first mentioned by philosopher. Atlantis is legendary island first mentioned by ancient Greek philosopher in his dialogues. island was said. Atlantis been metaphor for utopia. Atlantis is legendary island mentioned by ancient Greek philosopher in his dialogues. Atlantis was swallowed by sea in day. Atlantis is island mentioned by philosopher. Atlantis is island first mentioned by ancient Greek philosopher. Atlantis was swallowed by sea in single day. island was said rich. Atlantis is island mentioned by Greek philosopher in his dialogues. Atlantis was island. island possessed advanced technology. Atlantis been metaphor for lost utopia. Atlantis is island first mentioned by Greek philosopher. Atlantis was civilization. Atlantis is legendary island mentioned in his dialogues. Atlantis is legendary island first mentioned by ancient philosopher in his dialogues. Atlantis is island mentioned. island was said to rich. Atlantis was how swallowed by sea. Atlantis is legendary island first mentioned in his dialogues. Atlantis is legendary island mentioned by ancient philosopher in his dialogues. Atlantis creation of Plato 's imagination. Atlantis is island first mentioned by philosopher in his dialogues. Atlantis is island first mentioned by ancient philosopher. Atlantis is legendary island mentioned by philosopher in his dialogues. Atlantis was large island located. Atlantis was swallowed by sea. Atlantis is island mentioned by ancient Greek philosopher in his dialogues. Atlantis is island mentioned by Greek philosopher. Atlantis is legendary island mentioned by Greek philosopher. Atlantis is island first mentioned by philosopher. Atlantis was how swallowed by sea in single day. Atlantis is legendary mentioned. Atlantis was advanced. Atlantis is island first mentioned by ancient philosopher in his dialogues. Atlantis is legendary island first mentioned by ancient philosopher. Atlantis is island mentioned by philosopher in his dialogues. Atlantis was Whether real place. Atlantis is legendary island first mentioned by Greek philosopher in his dialogues. Atlantis is island mentioned by ancient philosopher in his dialogues. Atlantis is island first mentioned by ancient Greek philosopher in his dialogues. Atlantis was island located beyond Pillars of Hercules. Atlantis is island mentioned by ancient philosopher. Atlantis is legendary island mentioned. Atlantis was real place. Atlantis was large island. Atlantis was real. Atlantis was powerful. Atlantis was island located. Atlantis is island first mentioned by Greek philosopher in his dialogues. Atlantis was large island located beyond Pillars of Hercules. Atlantis is legendary island. island was said to rich in resources. Atlantis was island According Plato. island was said rich in resources. Atlantis is island mentioned in his dialogues. Atlantis was island located beyond Pillars. Atlantis legend most famous aspect of is its destruction. Atlantis legend most famous aspect of is its sudden destruction.",
    "evaluation": 0
  },
  {
    "correct_answer": "The enduring appeal of Atlantis lies in its mystery and intrigue.",
    "retrieved_context": "Atlantis was how swallowed by sea in day. Atlantis is legendary island mentioned by ancient philosopher. Atlantis been metaphor. Atlantis disappearing beneath waves. Atlantis was powerful civilization. island possessed technology. Atlantis was place. Atlantis is island first mentioned in his dialogues. Atlantis was Whether place. Atlantis is legendary island first mentioned by Greek philosopher. Atlantis is island mentioned by ancient Greek philosopher. Atlantis was large island located beyond Pillars. Atlantis is legendary island first mentioned by philosopher in his dialogues. Atlantis is legendary island mentioned by philosopher. Atlantis was large located. Atlantis is legendary island mentioned by Greek philosopher in his dialogues. Atlantis is legendary island mentioned by ancient Greek philosopher. Atlantis is legendary island first mentioned by ancient Greek philosopher. Plato of imagination. Atlantis is island first mentioned. Atlantis is legendary island first mentioned. Atlantis is legendary island first mentioned by philosopher. Atlantis is legendary island first mentioned by ancient Greek philosopher in his dialogues. island was said. Atlantis been metaphor for utopia. Atlantis is legendary island mentioned by ancient Greek philosopher in his dialogues. Atlantis was swallowed by sea in day. Atlantis is island mentioned by philosopher. Atlantis is island first mentioned by ancient Greek philosopher. Atlantis was swallowed by sea in single day. island was said rich. Atlantis is island mentioned by Greek philosopher in his dialogues. Atlantis was island. island possessed advanced technology. Atlantis been metaphor for lost utopia. Atlantis is island first mentioned by Greek philosopher. Atlantis was civilization. Atlantis is legendary island mentioned in his dialogues. Atlantis is legendary island first mentioned by ancient philosopher in his dialogues. Atlantis is island mentioned. island was said to rich. Atlantis was how swallowed by sea. Atlantis is legendary island first mentioned in his dialogues. Atlantis is legendary island mentioned by ancient philosopher in his dialogues. Atlantis creation of Plato 's imagination. Atlantis is island first mentioned by philosopher in his dialogues. Atlantis is island first mentioned by ancient philosopher. Atlantis is legendary island mentioned by philosopher in his dialogues. Atlantis was large island located. Atlantis was swallowed by sea. Atlantis is island mentioned by ancient Greek philosopher in his dialogues. Atlantis is island mentioned by Greek philosopher. Atlantis is legendary island mentioned by Greek philosopher. Atlantis is island first mentioned by philosopher. Atlantis was how swallowed by sea in single day. Atlantis is legendary mentioned. Atlantis was advanced. Atlantis is island first mentioned by ancient philosopher in his dialogues. Atlantis is legendary island first mentioned by ancient philosopher. Atlantis is island mentioned by philosopher in his dialogues. Atlantis was Whether real place. Atlantis is legendary island first mentioned by Greek philosopher in his dialogues. Atlantis is island mentioned by ancient philosopher in his dialogues. Atlantis is island first mentioned by ancient Greek philosopher in his dialogues. Atlantis was island located beyond Pillars of Hercules. Atlantis is island mentioned by ancient philosopher. Atlantis is legendary island mentioned. Atlantis was real place. Atlantis was large island. Atlantis was real. Atlantis was powerful. Atlantis was island located. Atlantis is island first mentioned by Greek philosopher in his dialogues. Atlantis was large island located beyond Pillars of Hercules. Atlantis is legendary island. island was said to rich in resources. Atlantis was island According Plato. island was said rich in resources. Atlantis is island mentioned in his dialogues. Atlantis was island located beyond Pillars. Atlantis legend most famous aspect of is its destruction. Atlantis legend most famous aspect of is its sudden destruction.",
    "evaluation": 0
  },
  {
    "accuracy": "33.33%"
  }
]