[
  {
    "correct_answer": "Writing allows us to record and communicate information across time and space.",
    "retrieved_context": "writing systems have evolved From earliest pictographs. writing systems have evolved From earliest pictographs to alphabets. writing systems history of is From earliest symbols to complex alphabets journey. writing systems were pictographic with symbols. writing systems history of is From earliest symbols to complex alphabets used today fascinating journey. writing systems history of is From earliest pictographic symbols journey. writing systems history of is From earliest symbols used today fascinating journey. writing systems history of is From symbols to alphabets journey. writing systems history of is From symbols journey. writing systems history of is From earliest pictographic symbols to complex alphabets used today fascinating journey. writing systems history of is From pictographic symbols fascinating journey. writing systems have evolved From pictographs to alphabets of today. writing systems history of is From pictographic symbols journey. writing systems history of is From symbols to complex alphabets journey. writing systems history of is From symbols to complex alphabets fascinating journey. writing systems history of is From earliest pictographic symbols to complex alphabets fascinating journey. writing systems history of is From earliest symbols to alphabets fascinating journey. writing systems history of is From symbols to alphabets fascinating journey. writing systems have evolved From pictographs. writing systems have evolved From pictographs to sophisticated alphabets of today. writing systems history of is From earliest pictographic symbols to alphabets journey. writing systems history of is From earliest symbols to complex alphabets used today journey. writing systems history of is From pictographic symbols to alphabets fascinating journey. writing systems meet needs. writing systems history of is From earliest symbols to complex alphabets fascinating journey. writing systems history of is From earliest pictographic symbols to complex alphabets used today journey. writing systems history of is From pictographic symbols to alphabets used today fascinating journey. writing systems history of is From symbols to alphabets used today fascinating journey. writing systems history of is From symbols to complex alphabets used today fascinating journey. writing systems history of is fascinating journey. writing systems meet diverse needs. writing systems have evolved From earliest pictographs to sophisticated alphabets of today. writing systems history of is From earliest pictographic symbols used today journey. writing systems have evolved From earliest pictographs to alphabets of today. writing systems history of is From earliest pictographic symbols to alphabets used today journey. writing systems history of is From earliest pictographic symbols to alphabets used today fascinating journey. writing systems history of is From earliest symbols used today journey. writing systems have evolved From pictographs to sophisticated alphabets. writing systems history of is From earliest symbols to alphabets used today fascinating journey. writing systems history of is journey. writing systems history of is From earliest pictographic symbols to alphabets fascinating journey. writing systems history of is From symbols used today journey. writing systems history of is From symbols to alphabets used today journey. writing systems meet diverse needs of communication. writing systems meet needs of communication. writing systems history of is From earliest pictographic symbols used today fascinating journey. writing systems history of is From earliest symbols journey. writing systems history of is From pictographic symbols used today fascinating journey. writing systems history of is From symbols fascinating journey. writing systems were pictographic. writing systems history of is From earliest pictographic symbols fascinating journey. writing systems history of is From pictographic symbols to complex alphabets journey. writing systems history of is From symbols to complex alphabets used today journey. writing systems have evolved From pictographs to alphabets. writing systems have evolved From earliest pictographs to sophisticated alphabets. writing systems history of is From pictographic symbols to complex alphabets fascinating journey. writing systems meet diverse needs of human communication. writing systems history of is From pictographic symbols used today journey. writing systems history of is From earliest symbols fascinating journey. writing systems history of is From pictographic symbols to alphabets used today journey. writing systems history of is From earliest pictographic symbols to complex alphabets journey. writing systems history of is From earliest symbols to alphabets journey. writing systems history of is From pictographic symbols to complex alphabets used today journey. writing systems history of is From pictographic symbols to alphabets journey. writing systems history of is From symbols used today fascinating journey. writing systems meet needs of human communication. writing systems were primarily pictographic. writing systems history of is From earliest symbols to alphabets used today journey. writing systems history of is From pictographic symbols to complex alphabets used today fascinating journey. writing system reflects unique characteristics. writing system reflects characteristics of language. writing system reflects unique characteristics of language. writing system reflects characteristics. early writing systems were pictographic. early writing systems were primarily pictographic. early writing systems were primarily pictographic with symbols.",
    "evaluation": 0
  },
  {
    "correct_answer": "The development of writing systems is a crucial milestone in human culture and society.",
    "retrieved_context": "writing systems have evolved From earliest pictographs. writing systems have evolved From earliest pictographs to alphabets. writing systems history of is From earliest symbols to complex alphabets journey. writing systems were pictographic with symbols. writing systems history of is From earliest symbols to complex alphabets used today fascinating journey. writing systems history of is From earliest pictographic symbols journey. writing systems history of is From earliest symbols used today fascinating journey. writing systems history of is From symbols to alphabets journey. writing systems history of is From symbols journey. writing systems history of is From earliest pictographic symbols to complex alphabets used today fascinating journey. writing systems history of is From pictographic symbols fascinating journey. writing systems have evolved From pictographs to alphabets of today. writing systems history of is From pictographic symbols journey. writing systems history of is From symbols to complex alphabets journey. writing systems history of is From symbols to complex alphabets fascinating journey. writing systems history of is From earliest pictographic symbols to complex alphabets fascinating journey. writing systems history of is From earliest symbols to alphabets fascinating journey. writing systems history of is From symbols to alphabets fascinating journey. writing systems have evolved From pictographs. writing systems have evolved From pictographs to sophisticated alphabets of today. writing systems history of is From earliest pictographic symbols to alphabets journey. writing systems history of is From earliest symbols to complex alphabets used today journey. writing systems history of is From pictographic symbols to alphabets fascinating journey. writing systems meet needs. writing systems history of is From earliest symbols to complex alphabets fascinating journey. writing systems history of is From earliest pictographic symbols to complex alphabets used today journey. writing systems history of is From pictographic symbols to alphabets used today fascinating journey. writing systems history of is From symbols to alphabets used today fascinating journey. writing systems history of is From symbols to complex alphabets used today fascinating journey. writing systems history of is fascinating journey. writing systems meet diverse needs. writing systems have evolved From earliest pictographs to sophisticated alphabets of today. writing systems history of is From earliest pictographic symbols used today journey. writing systems have evolved From earliest pictographs to alphabets of today. writing systems history of is From earliest pictographic symbols to alphabets used today journey. writing systems history of is From earliest pictographic symbols to alphabets used today fascinating journey. writing systems history of is From earliest symbols used today journey. writing systems have evolved From pictographs to sophisticated alphabets. writing systems history of is From earliest symbols to alphabets used today fascinating journey. writing systems history of is journey. writing systems history of is From earliest pictographic symbols to alphabets fascinating journey. writing systems history of is From symbols used today journey. writing systems history of is From symbols to alphabets used today journey. writing systems meet diverse needs of communication. writing systems meet needs of communication. writing systems history of is From earliest pictographic symbols used today fascinating journey. writing systems history of is From earliest symbols journey. writing systems history of is From pictographic symbols used today fascinating journey. writing systems history of is From symbols fascinating journey. writing systems were pictographic. writing systems history of is From earliest pictographic symbols fascinating journey. writing systems history of is From pictographic symbols to complex alphabets journey. writing systems history of is From symbols to complex alphabets used today journey. writing systems have evolved From pictographs to alphabets. writing systems have evolved From earliest pictographs to sophisticated alphabets. writing systems history of is From pictographic symbols to complex alphabets fascinating journey. writing systems meet diverse needs of human communication. writing systems history of is From pictographic symbols used today journey. writing systems history of is From earliest symbols fascinating journey. writing systems history of is From pictographic symbols to alphabets used today journey. writing systems history of is From earliest pictographic symbols to complex alphabets journey. writing systems history of is From earliest symbols to alphabets journey. writing systems history of is From pictographic symbols to complex alphabets used today journey. writing systems history of is From pictographic symbols to alphabets journey. writing systems history of is From symbols used today fascinating journey. writing systems meet needs of human communication. writing systems were primarily pictographic. writing systems history of is From earliest symbols to alphabets used today journey. writing systems history of is From pictographic symbols to complex alphabets used today fascinating journey. early writing systems were pictographic. early writing systems were primarily pictographic. early writing systems were primarily pictographic with symbols. writing system reflects unique characteristics. writing system reflects characteristics of language. writing system reflects unique characteristics of language. writing system reflects characteristics.",
    "evaluation": 1
  },
  {
    "correct_answer": "Early writing systems were primarily pictographic, with symbols representing objects, ideas, or sounds.",
    "retrieved_context": "",
    "evaluation": 0
  },
  {
    "correct_answer": "Cuneiform was used by the ancient Sumerians in Mesopotamia for accounting and record-keeping.",
    "retrieved_context": "Cuneiform was initially used. Cuneiform consisted of symbols impressed. Cuneiform consisted of shaped symbols impressed. Cuneiform consisted of shaped symbols impressed on clay tablets. Cuneiform consisted of wedge shaped symbols. Cuneiform consisted of wedge shaped symbols impressed. Cuneiform consisted of wedge shaped symbols impressed on clay tablets. Cuneiform consisted of symbols impressed on clay tablets. Cuneiform consisted of shaped symbols. Cuneiform was used. Cuneiform consisted of symbols. cuneiform represent not just objects. cuneiform evolved Over time.",
    "evaluation": 0
  },
  {
    "correct_answer": "Hieroglyphics in ancient Egypt were used to record important religious and historical texts.",
    "retrieved_context": "writing system reflects characteristics of language. writing system reflects unique characteristics of language. hieroglyphics record important religious texts. hieroglyphics record texts. writing system reflects characteristics. hieroglyphics record religious texts. hieroglyphics record important texts. hieroglyphics were used In Egypt. writing system reflects unique characteristics. hieroglyphics were In ancient Egypt used as writing system. hieroglyphics were In Egypt used as writing system. hieroglyphics were used In ancient Egypt. hieroglyphics were used. hieroglyphics were used as writing system. Hieroglyphics consisted of symbols. Hieroglyphics consisted of intricate symbols.",
    "evaluation": 1
  },
  {
    "correct_answer": "Chinese characters are complex symbols representing words or morphemes.",
    "retrieved_context": "Chinese characters are symbols. Chinese characters are complex symbols. characters are complex symbols. characters are symbols.",
    "evaluation": 0
  },
  {
    "correct_answer": "The alphabet introduced a more efficient method of representing speech sounds.",
    "retrieved_context": "alphabet was later adapted by Greeks. alphabet originated in ancient Near East. alphabet originated in Near East.",
    "evaluation": 0
  },
  {
    "correct_answer": "The spread of the Greek alphabet laid the foundation for many modern writing systems.",
    "retrieved_context": "early writing systems were pictographic. early writing systems were primarily pictographic. early writing systems were primarily pictographic with symbols.",
    "evaluation": 0
  },
  {
    "correct_answer": "Writing systems are influenced by cultural, technological, and social factors.",
    "retrieved_context": "writing systems have evolved From earliest pictographs. writing systems have evolved From earliest pictographs to alphabets. writing systems history of is From earliest symbols to complex alphabets journey. writing systems were pictographic with symbols. writing systems history of is From earliest symbols to complex alphabets used today fascinating journey. writing systems history of is From earliest pictographic symbols journey. writing systems history of is From earliest symbols used today fascinating journey. writing systems history of is From symbols to alphabets journey. writing systems history of is From symbols journey. writing systems history of is From earliest pictographic symbols to complex alphabets used today fascinating journey. writing systems history of is From pictographic symbols fascinating journey. writing systems have evolved From pictographs to alphabets of today. writing systems history of is From pictographic symbols journey. writing systems history of is From symbols to complex alphabets journey. writing systems history of is From symbols to complex alphabets fascinating journey. writing systems history of is From earliest pictographic symbols to complex alphabets fascinating journey. writing systems history of is From earliest symbols to alphabets fascinating journey. writing systems history of is From symbols to alphabets fascinating journey. writing systems have evolved From pictographs. writing systems have evolved From pictographs to sophisticated alphabets of today. writing systems history of is From earliest pictographic symbols to alphabets journey. writing systems history of is From earliest symbols to complex alphabets used today journey. writing systems history of is From pictographic symbols to alphabets fascinating journey. writing systems meet needs. writing systems history of is From earliest symbols to complex alphabets fascinating journey. writing systems history of is From earliest pictographic symbols to complex alphabets used today journey. writing systems history of is From pictographic symbols to alphabets used today fascinating journey. writing systems history of is From symbols to alphabets used today fascinating journey. writing systems history of is From symbols to complex alphabets used today fascinating journey. writing systems history of is fascinating journey. writing systems meet diverse needs. writing systems have evolved From earliest pictographs to sophisticated alphabets of today. writing systems history of is From earliest pictographic symbols used today journey. writing systems have evolved From earliest pictographs to alphabets of today. writing systems history of is From earliest pictographic symbols to alphabets used today journey. writing systems history of is From earliest pictographic symbols to alphabets used today fascinating journey. writing systems history of is From earliest symbols used today journey. writing systems have evolved From pictographs to sophisticated alphabets. writing systems history of is From earliest symbols to alphabets used today fascinating journey. writing systems history of is journey. writing systems history of is From earliest pictographic symbols to alphabets fascinating journey. writing systems history of is From symbols used today journey. writing systems history of is From symbols to alphabets used today journey. writing systems meet diverse needs of communication. writing systems meet needs of communication. writing systems history of is From earliest pictographic symbols used today fascinating journey. writing systems history of is From earliest symbols journey. writing systems history of is From pictographic symbols used today fascinating journey. writing systems history of is From symbols fascinating journey. writing systems were pictographic. writing systems history of is From earliest pictographic symbols fascinating journey. writing systems history of is From pictographic symbols to complex alphabets journey. writing systems history of is From symbols to complex alphabets used today journey. writing systems have evolved From pictographs to alphabets. writing systems have evolved From earliest pictographs to sophisticated alphabets. writing systems history of is From pictographic symbols to complex alphabets fascinating journey. writing systems meet diverse needs of human communication. writing systems history of is From pictographic symbols used today journey. writing systems history of is From earliest symbols fascinating journey. writing systems history of is From pictographic symbols to alphabets used today journey. writing systems history of is From earliest pictographic symbols to complex alphabets journey. writing systems history of is From earliest symbols to alphabets journey. writing systems history of is From pictographic symbols to complex alphabets used today journey. writing systems history of is From pictographic symbols to alphabets journey. writing systems history of is From symbols used today fascinating journey. writing systems meet needs of human communication. writing systems were primarily pictographic. writing systems history of is From earliest symbols to alphabets used today journey. writing systems history of is From pictographic symbols to complex alphabets used today fascinating journey. early writing systems were pictographic. early writing systems were primarily pictographic. early writing systems were primarily pictographic with symbols. writing system reflects unique characteristics. writing system reflects characteristics of language. writing system reflects unique characteristics of language. writing system reflects characteristics.",
    "evaluation": 0
  },
  {
    "correct_answer": "Digital technology has transformed the way we write and communicate.",
    "retrieved_context": "digital technology has transformed way. digital technology has transformed way In era. way invention of alphabet. digital technology has transformed way with rise of computers. digital technology has transformed way with rise. digital technology has transformed way In modern era. technology has transformed way In modern era. technology has transformed way with rise. technology has transformed way with rise of computers. way invention of alphabet. technology has transformed way In era. technology has transformed way.",
    "evaluation": 0
  },
  {
    "correct_answer": "Unicode facilitates the global exchange of written texts in multiple languages and scripts.",
    "retrieved_context": "",
    "evaluation": 0
  },
  {
    "correct_answer": "New forms of communication are emerging in response to the changing needs of society.",
    "retrieved_context": "",
    "evaluation": 0
  },
  {
    "correct_answer": "Writing systems have played a crucial role in shaping human civilization and culture.",
    "retrieved_context": "writing systems have evolved From earliest pictographs. writing systems have evolved From earliest pictographs to alphabets. writing systems history of is From earliest symbols to complex alphabets journey. writing systems were pictographic with symbols. writing systems history of is From earliest symbols to complex alphabets used today fascinating journey. writing systems history of is From earliest pictographic symbols journey. writing systems history of is From earliest symbols used today fascinating journey. writing systems history of is From symbols to alphabets journey. writing systems history of is From symbols journey. writing systems history of is From earliest pictographic symbols to complex alphabets used today fascinating journey. writing systems history of is From pictographic symbols fascinating journey. writing systems have evolved From pictographs to alphabets of today. writing systems history of is From pictographic symbols journey. writing systems history of is From symbols to complex alphabets journey. writing systems history of is From symbols to complex alphabets fascinating journey. writing systems history of is From earliest pictographic symbols to complex alphabets fascinating journey. writing systems history of is From earliest symbols to alphabets fascinating journey. writing systems history of is From symbols to alphabets fascinating journey. writing systems have evolved From pictographs. writing systems have evolved From pictographs to sophisticated alphabets of today. writing systems history of is From earliest pictographic symbols to alphabets journey. writing systems history of is From earliest symbols to complex alphabets used today journey. writing systems history of is From pictographic symbols to alphabets fascinating journey. writing systems meet needs. writing systems history of is From earliest symbols to complex alphabets fascinating journey. writing systems history of is From earliest pictographic symbols to complex alphabets used today journey. writing systems history of is From pictographic symbols to alphabets used today fascinating journey. writing systems history of is From symbols to alphabets used today fascinating journey. writing systems history of is From symbols to complex alphabets used today fascinating journey. writing systems history of is fascinating journey. writing systems meet diverse needs. writing systems have evolved From earliest pictographs to sophisticated alphabets of today. writing systems history of is From earliest pictographic symbols used today journey. writing systems have evolved From earliest pictographs to alphabets of today. writing systems history of is From earliest pictographic symbols to alphabets used today journey. writing systems history of is From earliest pictographic symbols to alphabets used today fascinating journey. writing systems history of is From earliest symbols used today journey. writing systems have evolved From pictographs to sophisticated alphabets. writing systems history of is From earliest symbols to alphabets used today fascinating journey. writing systems history of is journey. writing systems history of is From earliest pictographic symbols to alphabets fascinating journey. writing systems history of is From symbols used today journey. writing systems history of is From symbols to alphabets used today journey. writing systems meet diverse needs of communication. writing systems meet needs of communication. writing systems history of is From earliest pictographic symbols used today fascinating journey. writing systems history of is From earliest symbols journey. writing systems history of is From pictographic symbols used today fascinating journey. writing systems history of is From symbols fascinating journey. writing systems were pictographic. writing systems history of is From earliest pictographic symbols fascinating journey. writing systems history of is From pictographic symbols to complex alphabets journey. writing systems history of is From symbols to complex alphabets used today journey. writing systems have evolved From pictographs to alphabets. writing systems have evolved From earliest pictographs to sophisticated alphabets. writing systems history of is From pictographic symbols to complex alphabets fascinating journey. writing systems meet diverse needs of human communication. writing systems history of is From pictographic symbols used today journey. writing systems history of is From earliest symbols fascinating journey. writing systems history of is From pictographic symbols to alphabets used today journey. writing systems history of is From earliest pictographic symbols to complex alphabets journey. writing systems history of is From earliest symbols to alphabets journey. writing systems history of is From pictographic symbols to complex alphabets used today journey. writing systems history of is From pictographic symbols to alphabets journey. writing systems history of is From symbols used today fascinating journey. writing systems meet needs of human communication. writing systems were primarily pictographic. writing systems history of is From earliest symbols to alphabets used today journey. writing systems history of is From pictographic symbols to complex alphabets used today fascinating journey. early writing systems were pictographic. early writing systems were primarily pictographic. early writing systems were primarily pictographic with symbols. writing system reflects unique characteristics. writing system reflects characteristics of language. writing system reflects unique characteristics of language. writing system reflects characteristics.",
    "evaluation": 0
  },
  {
    "correct_answer": "Writing systems have evolved to meet the diverse needs of human communication.",
    "retrieved_context": "writing systems have evolved From earliest pictographs. writing systems have evolved From earliest pictographs to alphabets. writing systems history of is From earliest symbols to complex alphabets journey. writing systems were pictographic with symbols. writing systems history of is From earliest symbols to complex alphabets used today fascinating journey. writing systems history of is From earliest pictographic symbols journey. writing systems history of is From earliest symbols used today fascinating journey. writing systems history of is From symbols to alphabets journey. writing systems history of is From symbols journey. writing systems history of is From earliest pictographic symbols to complex alphabets used today fascinating journey. writing systems history of is From pictographic symbols fascinating journey. writing systems have evolved From pictographs to alphabets of today. writing systems history of is From pictographic symbols journey. writing systems history of is From symbols to complex alphabets journey. writing systems history of is From symbols to complex alphabets fascinating journey. writing systems history of is From earliest pictographic symbols to complex alphabets fascinating journey. writing systems history of is From earliest symbols to alphabets fascinating journey. writing systems history of is From symbols to alphabets fascinating journey. writing systems have evolved From pictographs. writing systems have evolved From pictographs to sophisticated alphabets of today. writing systems history of is From earliest pictographic symbols to alphabets journey. writing systems history of is From earliest symbols to complex alphabets used today journey. writing systems history of is From pictographic symbols to alphabets fascinating journey. writing systems meet needs. writing systems history of is From earliest symbols to complex alphabets fascinating journey. writing systems history of is From earliest pictographic symbols to complex alphabets used today journey. writing systems history of is From pictographic symbols to alphabets used today fascinating journey. writing systems history of is From symbols to alphabets used today fascinating journey. writing systems history of is From symbols to complex alphabets used today fascinating journey. writing systems history of is fascinating journey. writing systems meet diverse needs. writing systems have evolved From earliest pictographs to sophisticated alphabets of today. writing systems history of is From earliest pictographic symbols used today journey. writing systems have evolved From earliest pictographs to alphabets of today. writing systems history of is From earliest pictographic symbols to alphabets used today journey. writing systems history of is From earliest pictographic symbols to alphabets used today fascinating journey. writing systems history of is From earliest symbols used today journey. writing systems have evolved From pictographs to sophisticated alphabets. writing systems history of is From earliest symbols to alphabets used today fascinating journey. writing systems history of is journey. writing systems history of is From earliest pictographic symbols to alphabets fascinating journey. writing systems history of is From symbols used today journey. writing systems history of is From symbols to alphabets used today journey. writing systems meet diverse needs of communication. writing systems meet needs of communication. writing systems history of is From earliest pictographic symbols used today fascinating journey. writing systems history of is From earliest symbols journey. writing systems history of is From pictographic symbols used today fascinating journey. writing systems history of is From symbols fascinating journey. writing systems were pictographic. writing systems history of is From earliest pictographic symbols fascinating journey. writing systems history of is From pictographic symbols to complex alphabets journey. writing systems history of is From symbols to complex alphabets used today journey. writing systems have evolved From pictographs to alphabets. writing systems have evolved From earliest pictographs to sophisticated alphabets. writing systems history of is From pictographic symbols to complex alphabets fascinating journey. writing systems meet diverse needs of human communication. writing systems history of is From pictographic symbols used today journey. writing systems history of is From earliest symbols fascinating journey. writing systems history of is From pictographic symbols to alphabets used today journey. writing systems history of is From earliest pictographic symbols to complex alphabets journey. writing systems history of is From earliest symbols to alphabets journey. writing systems history of is From pictographic symbols to complex alphabets used today journey. writing systems history of is From pictographic symbols to alphabets journey. writing systems history of is From symbols used today fascinating journey. writing systems meet needs of human communication. writing systems were primarily pictographic. writing systems history of is From earliest symbols to alphabets used today journey. writing systems history of is From pictographic symbols to complex alphabets used today fascinating journey. writing system reflects unique characteristics. writing system reflects characteristics of language. writing system reflects unique characteristics of language. writing system reflects characteristics. early writing systems were pictographic. early writing systems were primarily pictographic. early writing systems were primarily pictographic with symbols.",
    "evaluation": 1
  },
  {
    "correct_answer": "The legacy of ancient writing systems reminds us of the enduring power of words.",
    "retrieved_context": "early writing systems were pictographic. early writing systems were primarily pictographic. early writing systems were primarily pictographic with symbols. writing systems have evolved From earliest pictographs. writing systems have evolved From earliest pictographs to alphabets. writing systems history of is From earliest symbols to complex alphabets journey. writing systems were pictographic with symbols. writing systems history of is From earliest symbols to complex alphabets used today fascinating journey. writing systems history of is From earliest pictographic symbols journey. writing systems history of is From earliest symbols used today fascinating journey. writing systems history of is From symbols to alphabets journey. writing systems history of is From symbols journey. writing systems history of is From earliest pictographic symbols to complex alphabets used today fascinating journey. writing systems history of is From pictographic symbols fascinating journey. writing systems have evolved From pictographs to alphabets of today. writing systems history of is From pictographic symbols journey. writing systems history of is From symbols to complex alphabets journey. writing systems history of is From symbols to complex alphabets fascinating journey. writing systems history of is From earliest pictographic symbols to complex alphabets fascinating journey. writing systems history of is From earliest symbols to alphabets fascinating journey. writing systems history of is From symbols to alphabets fascinating journey. writing systems have evolved From pictographs. writing systems have evolved From pictographs to sophisticated alphabets of today. writing systems history of is From earliest pictographic symbols to alphabets journey. writing systems history of is From earliest symbols to complex alphabets used today journey. writing systems history of is From pictographic symbols to alphabets fascinating journey. writing systems meet needs. writing systems history of is From earliest symbols to complex alphabets fascinating journey. writing systems history of is From earliest pictographic symbols to complex alphabets used today journey. writing systems history of is From pictographic symbols to alphabets used today fascinating journey. writing systems history of is From symbols to alphabets used today fascinating journey. writing systems history of is From symbols to complex alphabets used today fascinating journey. writing systems history of is fascinating journey. writing systems meet diverse needs. writing systems have evolved From earliest pictographs to sophisticated alphabets of today. writing systems history of is From earliest pictographic symbols used today journey. writing systems have evolved From earliest pictographs to alphabets of today. writing systems history of is From earliest pictographic symbols to alphabets used today journey. writing systems history of is From earliest pictographic symbols to alphabets used today fascinating journey. writing systems history of is From earliest symbols used today journey. writing systems have evolved From pictographs to sophisticated alphabets. writing systems history of is From earliest symbols to alphabets used today fascinating journey. writing systems history of is journey. writing systems history of is From earliest pictographic symbols to alphabets fascinating journey. writing systems history of is From symbols used today journey. writing systems history of is From symbols to alphabets used today journey. writing systems meet diverse needs of communication. writing systems meet needs of communication. writing systems history of is From earliest pictographic symbols used today fascinating journey. writing systems history of is From earliest symbols journey. writing systems history of is From pictographic symbols used today fascinating journey. writing systems history of is From symbols fascinating journey. writing systems were pictographic. writing systems history of is From earliest pictographic symbols fascinating journey. writing systems history of is From pictographic symbols to complex alphabets journey. writing systems history of is From symbols to complex alphabets used today journey. writing systems have evolved From pictographs to alphabets. writing systems have evolved From earliest pictographs to sophisticated alphabets. writing systems history of is From pictographic symbols to complex alphabets fascinating journey. writing systems meet diverse needs of human communication. writing systems history of is From pictographic symbols used today journey. writing systems history of is From earliest symbols fascinating journey. writing systems history of is From pictographic symbols to alphabets used today journey. writing systems history of is From earliest pictographic symbols to complex alphabets journey. writing systems history of is From earliest symbols to alphabets journey. writing systems history of is From pictographic symbols to complex alphabets used today journey. writing systems history of is From pictographic symbols to alphabets journey. writing systems history of is From symbols used today fascinating journey. writing systems meet needs of human communication. writing systems were primarily pictographic. writing systems history of is From earliest symbols to alphabets used today journey. writing systems history of is From pictographic symbols to complex alphabets used today fascinating journey.",
    "evaluation": 0
  },
  {
    "accuracy": "20.00%"
  }
]