[
  {
    "correct_answer": "Laughter is a universal language.",
    "retrieved_context": "contagious laughter is interplay of processes. contagious laughter is complex interplay of psychological processes. contagious laughter is interplay. contagious laughter is complex interplay. atmosphere shared laughter teamwork. positive atmosphere shared laughter teamwork. shared laughter can create positive atmosphere. atmosphere laughter foster teamwork. shared laughter can create atmosphere In group settings. positive atmosphere shared laughter foster teamwork. shared laughter can create atmosphere.",
    "evaluation": 0
  },
  {
    "correct_answer": "Laughter brings people together in moments of joy and connection.",
    "retrieved_context": "atmosphere shared laughter teamwork. positive atmosphere shared laughter teamwork. shared laughter can create positive atmosphere. atmosphere laughter foster teamwork. shared laughter can create atmosphere In group settings. positive atmosphere shared laughter foster teamwork. shared laughter can create atmosphere. contagious laughter is interplay of processes. contagious laughter is complex interplay of psychological processes. contagious laughter is interplay. contagious laughter is complex interplay.",
    "evaluation": 1
  },
  {
    "correct_answer": "Contagious laughter is a powerful and instinctual response to humor or pleasure.",
    "retrieved_context": "contagious laughter is interplay of processes. contagious laughter is complex interplay of psychological processes. contagious laughter is interplay. contagious laughter is complex interplay. atmosphere shared laughter teamwork. positive atmosphere shared laughter teamwork. shared laughter can create positive atmosphere. atmosphere laughter foster teamwork. shared laughter can create atmosphere In group settings. positive atmosphere shared laughter foster teamwork. shared laughter can create atmosphere.",
    "evaluation": 0
  },
  {
    "correct_answer": "Contagious laughter is not only enjoyable but also contagious.",
    "retrieved_context": "contagious laughter is interplay of processes. contagious laughter is complex interplay of psychological processes. contagious laughter is interplay. contagious laughter is complex interplay. atmosphere shared laughter teamwork. positive atmosphere shared laughter teamwork. shared laughter can create positive atmosphere. atmosphere laughter foster teamwork. shared laughter can create atmosphere In group settings. positive atmosphere shared laughter foster teamwork. shared laughter can create atmosphere.",
    "evaluation": 0
  },
  {
    "correct_answer": "Laughter serves as a social bonding tool.",
    "retrieved_context": "atmosphere shared laughter teamwork. positive atmosphere shared laughter teamwork. shared laughter can create positive atmosphere. atmosphere laughter foster teamwork. shared laughter can create atmosphere In group settings. positive atmosphere shared laughter foster teamwork. shared laughter can create atmosphere. contagious laughter is interplay of processes. contagious laughter is complex interplay of psychological processes. contagious laughter is interplay. contagious laughter is complex interplay.",
    "evaluation": 1
  },
  {
    "correct_answer": "Laughter helps strengthen relationships.",
    "retrieved_context": "atmosphere shared laughter teamwork. positive atmosphere shared laughter teamwork. shared laughter can create positive atmosphere. atmosphere laughter foster teamwork. shared laughter can create atmosphere In group settings. positive atmosphere shared laughter foster teamwork. shared laughter can create atmosphere.",
    "evaluation": 0
  },
  {
    "correct_answer": "Laughter builds trust among individuals.",
    "retrieved_context": "atmosphere shared laughter teamwork. positive atmosphere shared laughter teamwork. shared laughter can create positive atmosphere. atmosphere laughter foster teamwork. shared laughter can create atmosphere In group settings. positive atmosphere shared laughter foster teamwork. shared laughter can create atmosphere.",
    "evaluation": 0
  },
  {
    "correct_answer": "Laughter creates a sense of unity among individuals.",
    "retrieved_context": "contagious laughter is interplay of processes. contagious laughter is complex interplay of psychological processes. contagious laughter is interplay. contagious laughter is complex interplay. atmosphere shared laughter teamwork. positive atmosphere shared laughter teamwork. shared laughter can create positive atmosphere. atmosphere laughter foster teamwork. shared laughter can create atmosphere In group settings. positive atmosphere shared laughter foster teamwork. shared laughter can create atmosphere.",
    "evaluation": 1
  },
  {
    "correct_answer": "When we hear someone else laugh, our brains interpret it as a positive social cue.",
    "retrieved_context": "contagious laughter is interplay of processes. contagious laughter is complex interplay of psychological processes. contagious laughter is interplay. contagious laughter is complex interplay. atmosphere shared laughter teamwork. positive atmosphere shared laughter teamwork. shared laughter can create positive atmosphere. atmosphere laughter foster teamwork. shared laughter can create atmosphere In group settings. positive atmosphere shared laughter foster teamwork. shared laughter can create atmosphere.",
    "evaluation": 0
  },
  {
    "correct_answer": "Laughter is a form of emotional contagion.",
    "retrieved_context": "contagious laughter is interplay of processes. contagious laughter is complex interplay of psychological processes. contagious laughter is interplay. contagious laughter is complex interplay. atmosphere shared laughter teamwork. positive atmosphere shared laughter teamwork. shared laughter can create positive atmosphere. atmosphere laughter foster teamwork. shared laughter can create atmosphere In group settings. positive atmosphere shared laughter foster teamwork. shared laughter can create atmosphere.",
    "evaluation": 0
  },
  {
    "correct_answer": "Mirror neurons are activated when we see or hear someone laughing.",
    "retrieved_context": "our mirror neurons causing us. us mirror their laughter similar feelings. us mirror their laughter feelings. our mirror neurons are activated. us mirror their laughter similar feelings of joy. us mirror their laughter feelings of joy. atmosphere shared laughter teamwork. positive atmosphere shared laughter teamwork. shared laughter can create positive atmosphere. atmosphere laughter foster teamwork. shared laughter can create atmosphere In group settings. positive atmosphere shared laughter foster teamwork. shared laughter can create atmosphere. contagious laughter is interplay of processes. contagious laughter is complex interplay of psychological processes. contagious laughter is interplay. contagious laughter is complex interplay.",
    "evaluation": 0
  },
  {
    "correct_answer": "Contagious laughter triggers areas of the brain associated with reward and emotion regulation.",
    "retrieved_context": "contagious laughter is interplay of processes. contagious laughter is complex interplay of psychological processes. contagious laughter is interplay. contagious laughter is complex interplay.",
    "evaluation": 0
  },
  {
    "correct_answer": "Laughter releases endorphins, which act as natural painkillers and mood elevators.",
    "retrieved_context": "contagious laughter is interplay of processes. contagious laughter is complex interplay of psychological processes. contagious laughter is interplay. contagious laughter is complex interplay.",
    "evaluation": 0
  },
  {
    "correct_answer": "Laughter can help reduce stress and boost immune function.",
    "retrieved_context": "contagious laughter is interplay of processes. contagious laughter is complex interplay of psychological processes. contagious laughter is interplay. contagious laughter is complex interplay.",
    "evaluation": 0
  },
  {
    "correct_answer": "Shared laughter in group settings can create a positive atmosphere and strengthen social bonds.",
    "retrieved_context": "atmosphere shared laughter teamwork. positive atmosphere shared laughter teamwork. shared laughter can create positive atmosphere. atmosphere laughter foster teamwork. shared laughter can create atmosphere In group settings. positive atmosphere shared laughter foster teamwork. shared laughter can create atmosphere. contagious laughter is interplay of processes. contagious laughter is complex interplay of psychological processes. contagious laughter is interplay. contagious laughter is complex interplay.",
    "evaluation": 1
  },
  {
    "accuracy": "26.67%"
  }
]