[
  {
    "correct_answer": "Conspiracy theories challenge official explanations of historical events.",
    "retrieved_context": "Conspiracy theories offering intriguing narratives. Conspiracy theories offering narratives. conspiracy theories are dismissed. conspiracy theories have become From claims. conspiracy theories have become staple of online discourse. conspiracy theories play role. conspiracy theories have become to allegations. conspiracy theories have become staple. conspiracy theories play role in discourse. conspiracy theories Overall play role in public discourse. conspiracy theories overwhelming majority of experts. conspiracy theories have become to allegations of global ring. conspiracy theories staple of online discourse. conspiracy theories have become From claims of flat Earth. conspiracy theories are While dismissed. conspiracy theories play role in shaping public discourse. conspiracy theories have become staple of discourse. conspiracy theories have become to allegations of ring. conspiracy theories are dismissed as outlandish. conspiracy theories play complex role. conspiracy theories have become From claims of Earth. conspiracy theories play role in shaping discourse. conspiracy theories have become to allegations of global pedophile ring. conspiracy theories have become to allegations of pedophile ring. numerous conspiracy theories is with people believing. moon landing hoax theory continues popular topic. moon landing hoax theory continues Despite scientific evidence to contrary. moon landing hoax theory continues to topic of discussion. moon landing hoax theory continues Despite overwhelming evidence. moon landing hoax theory be popular topic of discussion. moon landing hoax theory continues Despite overwhelming evidence to contrary. moon landing hoax theory continues Despite scientific evidence. moon landing hoax theory continues Despite overwhelming scientific evidence. moon landing hoax theory continues topic of discussion. moon landing hoax theory continues popular topic of discussion. moon landing hoax theory continues topic. moon landing hoax theory continues Despite evidence. moon landing hoax theory continues Despite evidence to contrary. moon landing hoax theory continues to popular topic. moon landing hoax theory continues to topic. moon landing hoax theory continues to popular topic of discussion. moon landing hoax theory continues Despite overwhelming scientific evidence to contrary.",
    "evaluation": 0
  },
  {
    "correct_answer": "Some conspiracy theories are dismissed as outlandish or baseless.",
    "retrieved_context": "Conspiracy theories offering intriguing narratives. Conspiracy theories offering narratives. conspiracy theories are dismissed. conspiracy theories have become From claims. conspiracy theories have become staple of online discourse. conspiracy theories play role. conspiracy theories have become to allegations. conspiracy theories have become staple. conspiracy theories play role in discourse. conspiracy theories Overall play role in public discourse. conspiracy theories overwhelming majority of experts. conspiracy theories have become to allegations of global ring. conspiracy theories staple of online discourse. conspiracy theories have become From claims of flat Earth. conspiracy theories are While dismissed. conspiracy theories play role in shaping public discourse. conspiracy theories have become staple of discourse. conspiracy theories have become to allegations of ring. conspiracy theories are dismissed as outlandish. conspiracy theories play complex role. conspiracy theories have become From claims of Earth. conspiracy theories play role in shaping discourse. conspiracy theories have become to allegations of global pedophile ring. conspiracy theories have become to allegations of pedophile ring. numerous conspiracy theories is with people believing. moon landing hoax theory continues popular topic. moon landing hoax theory continues Despite scientific evidence to contrary. moon landing hoax theory continues to topic of discussion. moon landing hoax theory continues Despite overwhelming evidence. moon landing hoax theory be popular topic of discussion. moon landing hoax theory continues Despite overwhelming evidence to contrary. moon landing hoax theory continues Despite scientific evidence. moon landing hoax theory continues Despite overwhelming scientific evidence. moon landing hoax theory continues topic of discussion. moon landing hoax theory continues popular topic of discussion. moon landing hoax theory continues topic. moon landing hoax theory continues Despite evidence. moon landing hoax theory continues Despite evidence to contrary. moon landing hoax theory continues to popular topic. moon landing hoax theory continues to topic. moon landing hoax theory continues to popular topic of discussion. moon landing hoax theory continues Despite overwhelming scientific evidence to contrary. alleged inconsistencies is in official accounts of attacks.",
    "evaluation": 1
  },
  {
    "correct_answer": "Conspiracy theories influence popular culture and public discourse.",
    "retrieved_context": "Conspiracy theories offering intriguing narratives. Conspiracy theories offering narratives. conspiracy theories are dismissed. conspiracy theories have become From claims. conspiracy theories have become staple of online discourse. conspiracy theories play role. conspiracy theories have become to allegations. conspiracy theories have become staple. conspiracy theories play role in discourse. conspiracy theories Overall play role in public discourse. conspiracy theories overwhelming majority of experts. conspiracy theories have become to allegations of global ring. conspiracy theories staple of online discourse. conspiracy theories have become From claims of flat Earth. conspiracy theories are While dismissed. conspiracy theories play role in shaping public discourse. conspiracy theories have become staple of discourse. conspiracy theories have become to allegations of ring. conspiracy theories are dismissed as outlandish. conspiracy theories play complex role. conspiracy theories have become From claims of Earth. conspiracy theories play role in shaping discourse. conspiracy theories have become to allegations of global pedophile ring. conspiracy theories have become to allegations of pedophile ring. numerous conspiracy theories is with people believing.",
    "evaluation": 1
  },
  {
    "correct_answer": "The moon landing hoax theory suggests the Apollo 11 mission was staged.",
    "retrieved_context": "moon landing hoax theory continues popular topic. moon landing hoax theory continues Despite scientific evidence to contrary. moon landing hoax theory continues to topic of discussion. moon landing hoax theory continues Despite overwhelming evidence. moon landing hoax theory be popular topic of discussion. moon landing hoax theory continues Despite overwhelming evidence to contrary. moon landing hoax theory continues Despite scientific evidence. moon landing hoax theory continues Despite overwhelming scientific evidence. moon landing hoax theory continues topic of discussion. moon landing hoax theory continues popular topic of discussion. moon landing hoax theory continues topic. moon landing hoax theory continues Despite evidence. moon landing hoax theory continues Despite evidence to contrary. moon landing hoax theory continues to popular topic. moon landing hoax theory continues to topic. moon landing hoax theory continues to popular topic of discussion. moon landing hoax theory continues Despite overwhelming scientific evidence to contrary. Apollo 11 mission is in 1969. moon landing was staged by United States government. Conspiracy theories offering intriguing narratives. Conspiracy theories offering narratives. conspiracy theories are dismissed. conspiracy theories have become From claims. conspiracy theories have become staple of online discourse. conspiracy theories play role. conspiracy theories have become to allegations. conspiracy theories have become staple. conspiracy theories play role in discourse. conspiracy theories Overall play role in public discourse. conspiracy theories overwhelming majority of experts. conspiracy theories have become to allegations of global ring. conspiracy theories staple of online discourse. conspiracy theories have become From claims of flat Earth. conspiracy theories are While dismissed. conspiracy theories play role in shaping public discourse. conspiracy theories have become staple of discourse. conspiracy theories have become to allegations of ring. conspiracy theories are dismissed as outlandish. conspiracy theories play complex role. conspiracy theories have become From claims of Earth. conspiracy theories play role in shaping discourse. conspiracy theories have become to allegations of global pedophile ring. conspiracy theories have become to allegations of pedophile ring.",
    "evaluation": 1
  },
  {
    "correct_answer": "Proponents of the moon landing hoax theory point to alleged discrepancies in evidence.",
    "retrieved_context": "moon landing hoax theory continues popular topic. moon landing hoax theory continues Despite scientific evidence to contrary. moon landing hoax theory continues to topic of discussion. moon landing hoax theory continues Despite overwhelming evidence. moon landing hoax theory be popular topic of discussion. moon landing hoax theory continues Despite overwhelming evidence to contrary. moon landing hoax theory continues Despite scientific evidence. moon landing hoax theory continues Despite overwhelming scientific evidence. moon landing hoax theory continues topic of discussion. moon landing hoax theory continues popular topic of discussion. moon landing hoax theory continues topic. moon landing hoax theory continues Despite evidence. moon landing hoax theory continues Despite evidence to contrary. moon landing hoax theory continues to popular topic. moon landing hoax theory continues to topic. moon landing hoax theory continues to popular topic of discussion. moon landing hoax theory continues Despite overwhelming scientific evidence to contrary. alleged discrepancies is in photographic evidence from mission. numerous conspiracy theories is with people believing. Conspiracy theories offering intriguing narratives. Conspiracy theories offering narratives. conspiracy theories are dismissed. conspiracy theories have become From claims. conspiracy theories have become staple of online discourse. conspiracy theories play role. conspiracy theories have become to allegations. conspiracy theories have become staple. conspiracy theories play role in discourse. conspiracy theories Overall play role in public discourse. conspiracy theories overwhelming majority of experts. conspiracy theories have become to allegations of global ring. conspiracy theories staple of online discourse. conspiracy theories have become From claims of flat Earth. conspiracy theories are While dismissed. conspiracy theories play role in shaping public discourse. conspiracy theories have become staple of discourse. conspiracy theories have become to allegations of ring. conspiracy theories are dismissed as outlandish. conspiracy theories play complex role. conspiracy theories have become From claims of Earth. conspiracy theories play role in shaping discourse. conspiracy theories have become to allegations of global pedophile ring. conspiracy theories have become to allegations of pedophile ring.",
    "evaluation": 0
  },
  {
    "correct_answer": "The JFK assassination conspiracy theory suggests a larger plot was at play.",
    "retrieved_context": "Conspiracy theories offering intriguing narratives. Conspiracy theories offering narratives. conspiracy theories are dismissed. conspiracy theories have become From claims. conspiracy theories have become staple of online discourse. conspiracy theories play role. conspiracy theories have become to allegations. conspiracy theories have become staple. conspiracy theories play role in discourse. conspiracy theories Overall play role in public discourse. conspiracy theories overwhelming majority of experts. conspiracy theories have become to allegations of global ring. conspiracy theories staple of online discourse. conspiracy theories have become From claims of flat Earth. conspiracy theories are While dismissed. conspiracy theories play role in shaping public discourse. conspiracy theories have become staple of discourse. conspiracy theories have become to allegations of ring. conspiracy theories are dismissed as outlandish. conspiracy theories play complex role. conspiracy theories have become From claims of Earth. conspiracy theories play role in shaping discourse. conspiracy theories have become to allegations of global pedophile ring. conspiracy theories have become to allegations of pedophile ring. numerous conspiracy theories is with people believing. assassination is in 1963. moon landing hoax theory continues popular topic. moon landing hoax theory continues Despite scientific evidence to contrary. moon landing hoax theory continues to topic of discussion. moon landing hoax theory continues Despite overwhelming evidence. moon landing hoax theory be popular topic of discussion. moon landing hoax theory continues Despite overwhelming evidence to contrary. moon landing hoax theory continues Despite scientific evidence. moon landing hoax theory continues Despite overwhelming scientific evidence. moon landing hoax theory continues topic of discussion. moon landing hoax theory continues popular topic of discussion. moon landing hoax theory continues topic. moon landing hoax theory continues Despite evidence. moon landing hoax theory continues Despite evidence to contrary. moon landing hoax theory continues to popular topic. moon landing hoax theory continues to topic. moon landing hoax theory continues to popular topic of discussion. moon landing hoax theory continues Despite overwhelming scientific evidence to contrary.",
    "evaluation": 0
  },
  {
    "correct_answer": "The Illuminati conspiracy theory alleges a secret society controls world events.",
    "retrieved_context": "Conspiracy theories offering intriguing narratives. Conspiracy theories offering narratives. conspiracy theories are dismissed. conspiracy theories have become From claims. conspiracy theories have become staple of online discourse. conspiracy theories play role. conspiracy theories have become to allegations. conspiracy theories have become staple. conspiracy theories play role in discourse. conspiracy theories Overall play role in public discourse. conspiracy theories overwhelming majority of experts. conspiracy theories have become to allegations of global ring. conspiracy theories staple of online discourse. conspiracy theories have become From claims of flat Earth. conspiracy theories are While dismissed. conspiracy theories play role in shaping public discourse. conspiracy theories have become staple of discourse. conspiracy theories have become to allegations of ring. conspiracy theories are dismissed as outlandish. conspiracy theories play complex role. conspiracy theories have become From claims of Earth. conspiracy theories play role in shaping discourse. conspiracy theories have become to allegations of global pedophile ring. conspiracy theories have become to allegations of pedophile ring. Illuminati are behind wide range of phenomena. control manipulate governments. Illuminati are behind range. Illuminati are behind wide range of phenomena from upheavals to celebrity deaths. control manipulate governments for its purposes. Illuminati are behind range from upheavals to celebrity deaths. Illuminati are behind wide range of global phenomena from upheavals to celebrity deaths. Illuminati are behind wide range from upheavals to celebrity deaths. Illuminati are behind range of global phenomena from political upheavals. control manipulate governments for its own purposes. Illuminati exert control over world events. Illuminati are behind wide range of phenomena from political upheavals to celebrity deaths. Illuminati are behind range of global phenomena from political upheavals to celebrity deaths. Illuminati are behind range of phenomena from political upheavals. Illuminati are behind wide range of global phenomena from political upheavals to celebrity deaths. Illuminati are behind wide range of global phenomena from political upheavals. Illuminati are behind wide range from political upheavals to celebrity deaths. Illuminati are behind wide range of global phenomena from upheavals. Illuminati are behind wide range from political upheavals. Illuminati are behind wide range of global phenomena. Illuminati are behind range from political upheavals to celebrity deaths. Illuminati are behind range of phenomena from upheavals to celebrity deaths. Illuminati are behind wide range of phenomena from upheavals. Illuminati are behind range of global phenomena from upheavals to celebrity deaths. Illuminati are behind range of phenomena from political upheavals to celebrity deaths. Illuminati are behind range from political upheavals. Illuminati are wide phenomena. control manipulate governments for its own nefarious purposes. Illuminati are behind wide range of phenomena from political upheavals. Illuminati exert control. Illuminati are behind wide range. Illuminati are behind range from upheavals. Illuminati are behind range of global phenomena. Illuminati are behind range of phenomena from upheavals. Illuminati are behind wide range from upheavals. Illuminati are behind range of phenomena. control manipulate governments for its nefarious purposes. Illuminati are behind range of global phenomena from upheavals. numerous conspiracy theories is with people believing.",
    "evaluation": 1
  },
  {
    "correct_answer": "There is no concrete evidence to support the existence of the Illuminati.",
    "retrieved_context": "Illuminati are behind wide range of phenomena. control manipulate governments. Illuminati are behind range. Illuminati are behind wide range of phenomena from upheavals to celebrity deaths. control manipulate governments for its purposes. Illuminati are behind range from upheavals to celebrity deaths. Illuminati are behind wide range of global phenomena from upheavals to celebrity deaths. Illuminati are behind wide range from upheavals to celebrity deaths. Illuminati are behind range of global phenomena from political upheavals. control manipulate governments for its own purposes. Illuminati exert control over world events. Illuminati are behind wide range of phenomena from political upheavals to celebrity deaths. Illuminati are behind range of global phenomena from political upheavals to celebrity deaths. Illuminati are behind range of phenomena from political upheavals. Illuminati are behind wide range of global phenomena from political upheavals to celebrity deaths. Illuminati are behind wide range of global phenomena from political upheavals. Illuminati are behind wide range from political upheavals to celebrity deaths. Illuminati are behind wide range of global phenomena from upheavals. Illuminati are behind wide range from political upheavals. Illuminati are behind wide range of global phenomena. Illuminati are behind range from political upheavals to celebrity deaths. Illuminati are behind range of phenomena from upheavals to celebrity deaths. Illuminati are behind wide range of phenomena from upheavals. Illuminati are behind range of global phenomena from upheavals to celebrity deaths. Illuminati are behind range of phenomena from political upheavals to celebrity deaths. Illuminati are behind range from political upheavals. Illuminati are wide phenomena. control manipulate governments for its own nefarious purposes. Illuminati are behind wide range of phenomena from political upheavals. Illuminati exert control. Illuminati are behind wide range. Illuminati are behind range from upheavals. Illuminati are behind range of global phenomena. Illuminati are behind range of phenomena from upheavals. Illuminati are behind wide range from upheavals. Illuminati are behind range of phenomena. control manipulate governments for its nefarious purposes. Illuminati are behind range of global phenomena from upheavals. moon landing hoax theory continues popular topic. moon landing hoax theory continues Despite scientific evidence to contrary. moon landing hoax theory continues to topic of discussion. moon landing hoax theory continues Despite overwhelming evidence. moon landing hoax theory be popular topic of discussion. moon landing hoax theory continues Despite overwhelming evidence to contrary. moon landing hoax theory continues Despite scientific evidence. moon landing hoax theory continues Despite overwhelming scientific evidence. moon landing hoax theory continues topic of discussion. moon landing hoax theory continues popular topic of discussion. moon landing hoax theory continues topic. moon landing hoax theory continues Despite evidence. moon landing hoax theory continues Despite evidence to contrary. moon landing hoax theory continues to popular topic. moon landing hoax theory continues to topic. moon landing hoax theory continues to popular topic of discussion. moon landing hoax theory continues Despite overwhelming scientific evidence to contrary.",
    "evaluation": 0
  },
  {
    "correct_answer": "Conspiracy theories about 9/11 suggest government involvement in the attacks.",
    "retrieved_context": "Conspiracy theories offering intriguing narratives. Conspiracy theories offering narratives. conspiracy theories are dismissed. conspiracy theories have become From claims. conspiracy theories have become staple of online discourse. conspiracy theories play role. conspiracy theories have become to allegations. conspiracy theories have become staple. conspiracy theories play role in discourse. conspiracy theories Overall play role in public discourse. conspiracy theories overwhelming majority of experts. conspiracy theories have become to allegations of global ring. conspiracy theories staple of online discourse. conspiracy theories have become From claims of flat Earth. conspiracy theories are While dismissed. conspiracy theories play role in shaping public discourse. conspiracy theories have become staple of discourse. conspiracy theories have become to allegations of ring. conspiracy theories are dismissed as outlandish. conspiracy theories play complex role. conspiracy theories have become From claims of Earth. conspiracy theories play role in shaping discourse. conspiracy theories have become to allegations of global pedophile ring. conspiracy theories have become to allegations of pedophile ring. numerous conspiracy theories is with people believing. moon landing hoax theory continues popular topic. moon landing hoax theory continues Despite scientific evidence to contrary. moon landing hoax theory continues to topic of discussion. moon landing hoax theory continues Despite overwhelming evidence. moon landing hoax theory be popular topic of discussion. moon landing hoax theory continues Despite overwhelming evidence to contrary. moon landing hoax theory continues Despite scientific evidence. moon landing hoax theory continues Despite overwhelming scientific evidence. moon landing hoax theory continues topic of discussion. moon landing hoax theory continues popular topic of discussion. moon landing hoax theory continues topic. moon landing hoax theory continues Despite evidence. moon landing hoax theory continues Despite evidence to contrary. moon landing hoax theory continues to popular topic. moon landing hoax theory continues to topic. moon landing hoax theory continues to popular topic of discussion. moon landing hoax theory continues Despite overwhelming scientific evidence to contrary.",
    "evaluation": 0
  },
  {
    "correct_answer": "Some conspiracy theories about 9/11 point to alleged inconsistencies in official accounts.",
    "retrieved_context": "Conspiracy theories offering intriguing narratives. Conspiracy theories offering narratives. conspiracy theories are dismissed. conspiracy theories have become From claims. conspiracy theories have become staple of online discourse. conspiracy theories play role. conspiracy theories have become to allegations. conspiracy theories have become staple. conspiracy theories play role in discourse. conspiracy theories Overall play role in public discourse. conspiracy theories overwhelming majority of experts. conspiracy theories have become to allegations of global ring. conspiracy theories staple of online discourse. conspiracy theories have become From claims of flat Earth. conspiracy theories are While dismissed. conspiracy theories play role in shaping public discourse. conspiracy theories have become staple of discourse. conspiracy theories have become to allegations of ring. conspiracy theories are dismissed as outlandish. conspiracy theories play complex role. conspiracy theories have become From claims of Earth. conspiracy theories play role in shaping discourse. conspiracy theories have become to allegations of global pedophile ring. conspiracy theories have become to allegations of pedophile ring. numerous conspiracy theories is with people believing. alleged inconsistencies is in official accounts of attacks.",
    "evaluation": 0
  },
  {
    "correct_answer": "The internet and social media have fueled the spread of conspiracy theories.",
    "retrieved_context": "Conspiracy theories offering intriguing narratives. Conspiracy theories offering narratives. conspiracy theories are dismissed. conspiracy theories have become From claims. conspiracy theories have become staple of online discourse. conspiracy theories play role. conspiracy theories have become to allegations. conspiracy theories have become staple. conspiracy theories play role in discourse. conspiracy theories Overall play role in public discourse. conspiracy theories overwhelming majority of experts. conspiracy theories have become to allegations of global ring. conspiracy theories staple of online discourse. conspiracy theories have become From claims of flat Earth. conspiracy theories are While dismissed. conspiracy theories play role in shaping public discourse. conspiracy theories have become staple of discourse. conspiracy theories have become to allegations of ring. conspiracy theories are dismissed as outlandish. conspiracy theories play complex role. conspiracy theories have become From claims of Earth. conspiracy theories play role in shaping discourse. conspiracy theories have become to allegations of global pedophile ring. conspiracy theories have become to allegations of pedophile ring. numerous conspiracy theories is with people believing. moon landing hoax theory continues popular topic. moon landing hoax theory continues Despite scientific evidence to contrary. moon landing hoax theory continues to topic of discussion. moon landing hoax theory continues Despite overwhelming evidence. moon landing hoax theory be popular topic of discussion. moon landing hoax theory continues Despite overwhelming evidence to contrary. moon landing hoax theory continues Despite scientific evidence. moon landing hoax theory continues Despite overwhelming scientific evidence. moon landing hoax theory continues topic of discussion. moon landing hoax theory continues popular topic of discussion. moon landing hoax theory continues topic. moon landing hoax theory continues Despite evidence. moon landing hoax theory continues Despite evidence to contrary. moon landing hoax theory continues to popular topic. moon landing hoax theory continues to topic. moon landing hoax theory continues to popular topic of discussion. moon landing hoax theory continues Despite overwhelming scientific evidence to contrary.",
    "evaluation": 0
  },
  {
    "correct_answer": "Conspiracy theories tap into societal anxieties and distrust of authority.",
    "retrieved_context": "Conspiracy theories offering intriguing narratives. Conspiracy theories offering narratives. conspiracy theories are dismissed. conspiracy theories have become From claims. conspiracy theories have become staple of online discourse. conspiracy theories play role. conspiracy theories have become to allegations. conspiracy theories have become staple. conspiracy theories play role in discourse. conspiracy theories Overall play role in public discourse. conspiracy theories overwhelming majority of experts. conspiracy theories have become to allegations of global ring. conspiracy theories staple of online discourse. conspiracy theories have become From claims of flat Earth. conspiracy theories are While dismissed. conspiracy theories play role in shaping public discourse. conspiracy theories have become staple of discourse. conspiracy theories have become to allegations of ring. conspiracy theories are dismissed as outlandish. conspiracy theories play complex role. conspiracy theories have become From claims of Earth. conspiracy theories play role in shaping discourse. conspiracy theories have become to allegations of global pedophile ring. conspiracy theories have become to allegations of pedophile ring. numerous conspiracy theories is with people believing.",
    "evaluation": 0
  },
  {
    "correct_answer": "Some conspiracy theories provide a sense of empowerment and community to believers.",
    "retrieved_context": "Conspiracy theories offering intriguing narratives. Conspiracy theories offering narratives. conspiracy theories are dismissed. conspiracy theories have become From claims. conspiracy theories have become staple of online discourse. conspiracy theories play role. conspiracy theories have become to allegations. conspiracy theories have become staple. conspiracy theories play role in discourse. conspiracy theories Overall play role in public discourse. conspiracy theories overwhelming majority of experts. conspiracy theories have become to allegations of global ring. conspiracy theories staple of online discourse. conspiracy theories have become From claims of flat Earth. conspiracy theories are While dismissed. conspiracy theories play role in shaping public discourse. conspiracy theories have become staple of discourse. conspiracy theories have become to allegations of ring. conspiracy theories are dismissed as outlandish. conspiracy theories play complex role. conspiracy theories have become From claims of Earth. conspiracy theories play role in shaping discourse. conspiracy theories have become to allegations of global pedophile ring. conspiracy theories have become to allegations of pedophile ring. numerous conspiracy theories is with people believing.",
    "evaluation": 0
  },
  {
    "correct_answer": "Conspiracy theories challenge official narratives and raise questions about power and truth.",
    "retrieved_context": "Conspiracy theories offering intriguing narratives. Conspiracy theories offering narratives. conspiracy theories are dismissed. conspiracy theories have become From claims. conspiracy theories have become staple of online discourse. conspiracy theories play role. conspiracy theories have become to allegations. conspiracy theories have become staple. conspiracy theories play role in discourse. conspiracy theories Overall play role in public discourse. conspiracy theories overwhelming majority of experts. conspiracy theories have become to allegations of global ring. conspiracy theories staple of online discourse. conspiracy theories have become From claims of flat Earth. conspiracy theories are While dismissed. conspiracy theories play role in shaping public discourse. conspiracy theories have become staple of discourse. conspiracy theories have become to allegations of ring. conspiracy theories are dismissed as outlandish. conspiracy theories play complex role. conspiracy theories have become From claims of Earth. conspiracy theories play role in shaping discourse. conspiracy theories have become to allegations of global pedophile ring. conspiracy theories have become to allegations of pedophile ring. numerous conspiracy theories is with people believing.",
    "evaluation": 0
  },
  {
    "correct_answer": "Examining famous conspiracy theories can provide insight into human desire for alternative explanations.",
    "retrieved_context": "Conspiracy theories offering intriguing narratives. Conspiracy theories offering narratives. conspiracy theories are dismissed. conspiracy theories have become From claims. conspiracy theories have become staple of online discourse. conspiracy theories play role. conspiracy theories have become to allegations. conspiracy theories have become staple. conspiracy theories play role in discourse. conspiracy theories Overall play role in public discourse. conspiracy theories overwhelming majority of experts. conspiracy theories have become to allegations of global ring. conspiracy theories staple of online discourse. conspiracy theories have become From claims of flat Earth. conspiracy theories are While dismissed. conspiracy theories play role in shaping public discourse. conspiracy theories have become staple of discourse. conspiracy theories have become to allegations of ring. conspiracy theories are dismissed as outlandish. conspiracy theories play complex role. conspiracy theories have become From claims of Earth. conspiracy theories play role in shaping discourse. conspiracy theories have become to allegations of global pedophile ring. conspiracy theories have become to allegations of pedophile ring. numerous conspiracy theories is with people believing.",
    "evaluation": 0
  },
  {
    "accuracy": "26.67%"
  }
]