[
  {
    "correct_answer": "Electricity is a significant discovery in human history.",
    "retrieved_context": "electricity has revolutionized way. way development of electrical engineering. electricity has revolutionized world in ways. crucial role is in driving industrialization. electricity has played crucial role in industrialization. electricity transformative effects of is its role. electricity has played role In terms of economy. electricity has played crucial role. electricity has played role. electricity has played crucial role in driving industrialization. electricity has revolutionized world. its role is in modernizing society. way development of engineering. way invention of computers. electricity has revolutionized world In conclusion. electricity has played role In terms. electricity has played role in industrialization. electricity transformative effects of is its role in society. electricity transformative effects of is its role in modernizing society. electricity has played role in driving industrialization.",
    "evaluation": 1
  },
  {
    "correct_answer": "Electricity powers homes and businesses.",
    "retrieved_context": "electricity has revolutionized way. way development of electrical engineering. electricity has revolutionized world in ways. crucial role is in driving industrialization. electricity has played crucial role in industrialization. electricity transformative effects of is its role. electricity has played role In terms of economy. electricity has played crucial role. electricity has played role. electricity has played crucial role in driving industrialization. electricity has revolutionized world. its role is in modernizing society. way development of engineering. way invention of computers. electricity has revolutionized world In conclusion. electricity has played role In terms. electricity has played role in industrialization. electricity transformative effects of is its role in society. electricity transformative effects of is its role in modernizing society. electricity has played role in driving industrialization. Electricity Revolutionized World Electricity.",
    "evaluation": 0
  },
  {
    "correct_answer": "Electricity drives technological advancements.",
    "retrieved_context": "",
    "evaluation": 0
  },
  {
    "correct_answer": "Electricity revolutionized the way people live.",
    "retrieved_context": "",
    "evaluation": 0
  },
  {
    "correct_answer": "Electricity revolutionized the way people work.",
    "retrieved_context": "",
    "evaluation": 0
  },
  {
    "correct_answer": "Electricity revolutionized the way people interact with each other.",
    "retrieved_context": "",
    "evaluation": 0
  },
  {
    "correct_answer": "Electricity modernized society.",
    "retrieved_context": "",
    "evaluation": 0
  },
  {
    "correct_answer": "Electricity made daily tasks easier and faster.",
    "retrieved_context": "electricity has revolutionized way. way development of electrical engineering. electricity has revolutionized world in ways. crucial role is in driving industrialization. electricity has played crucial role in industrialization. electricity transformative effects of is its role. electricity has played role In terms of economy. electricity has played crucial role. electricity has played role. electricity has played crucial role in driving industrialization. electricity has revolutionized world. its role is in modernizing society. way development of engineering. way invention of computers. electricity has revolutionized world In conclusion. electricity has played role In terms. electricity has played role in industrialization. electricity transformative effects of is its role in society. electricity transformative effects of is its role in modernizing society. electricity has played role in driving industrialization. Electricity Revolutionized World Electricity.",
    "evaluation": 0
  },
  {
    "correct_answer": "Electricity freed up time and energy for other activities.",
    "retrieved_context": "electricity has revolutionized way. way development of electrical engineering. electricity has revolutionized world in ways. crucial role is in driving industrialization. electricity has played crucial role in industrialization. electricity transformative effects of is its role. electricity has played role In terms of economy. electricity has played crucial role. electricity has played role. electricity has played crucial role in driving industrialization. electricity has revolutionized world. its role is in modernizing society. way development of engineering. way invention of computers. electricity has revolutionized world In conclusion. electricity has played role In terms. electricity has played role in industrialization. electricity transformative effects of is its role in society. electricity transformative effects of is its role in modernizing society. electricity has played role in driving industrialization. Electricity Revolutionized World Electricity.",
    "evaluation": 0
  },
  {
    "correct_answer": "Electric lighting reduced crime rates in cities.",
    "retrieved_context": "Electric lighting made it possible.",
    "evaluation": 0
  },
  {
    "correct_answer": "Electric heating and cooling systems regulate indoor temperatures.",
    "retrieved_context": "Electric heating systems have also made it easier. heating systems have made it easier. Electric appliances freed up time for people focus on other activities. Electric appliances freed up time people to focus on other activities leading. time appliances energy. Electric appliances freed up time people focus on other activities leading. Electric appliances freed up time people focus on other activities. Electric appliances freed up time for people focus on activities leading. Electric appliances freed up time for people to focus on other activities. Electric appliances freed up time people focus on activities leading. Electric appliances freed up time for people to focus on activities. Electric appliances freed up time for people to focus on activities leading. Electric appliances freed up time for people focus on activities leading to standard. Electric appliances freed up time people to focus on other activities. Electric appliances freed up time for people focus. Electric appliances freed up time people to focus on activities leading. Electric appliances freed up time people to focus. Electric appliances freed up time for people to focus on activities leading to standard. Electric appliances freed up time for people to focus on other activities leading. Electric appliances freed up time people focus on activities. Electric appliances freed up time for people focus on activities. Electric appliances freed up time people focus on other activities leading to standard. Electric appliances freed up time people to focus on activities leading to standard. Electric appliances freed up time people focus on activities leading to standard. Electric appliances freed up time for people focus on other activities leading. Electric appliances freed up time people focus. Electric appliances freed up time. Electric appliances freed up time people to focus on activities. Electric appliances freed up time for people to focus. electricity has revolutionized way. way development of electrical engineering. electricity has revolutionized world in ways. crucial role is in driving industrialization. electricity has played crucial role in industrialization. electricity transformative effects of is its role. electricity has played role In terms of economy. electricity has played crucial role. electricity has played role. electricity has played crucial role in driving industrialization. electricity has revolutionized world. its role is in modernizing society. way development of engineering. way invention of computers. electricity has revolutionized world In conclusion. electricity has played role In terms. electricity has played role in industrialization. electricity transformative effects of is its role in society. electricity transformative effects of is its role in modernizing society. electricity has played role in driving industrialization. Electricity Revolutionized World Electricity.",
    "evaluation": 0
  },
  {
    "correct_answer": "Electricity powers factories and manufacturing plants.",
    "retrieved_context": "electricity has revolutionized way. way development of electrical engineering. electricity has revolutionized world in ways. crucial role is in driving industrialization. electricity has played crucial role in industrialization. electricity transformative effects of is its role. electricity has played role In terms of economy. electricity has played crucial role. electricity has played role. electricity has played crucial role in driving industrialization. electricity has revolutionized world. its role is in modernizing society. way development of engineering. way invention of computers. electricity has revolutionized world In conclusion. electricity has played role In terms. electricity has played role in industrialization. electricity transformative effects of is its role in society. electricity transformative effects of is its role in modernizing society. electricity has played role in driving industrialization. Electricity Revolutionized World Electricity.",
    "evaluation": 0
  },
  {
    "correct_answer": "Electricity increased production efficiency and output.",
    "retrieved_context": "",
    "evaluation": 0
  },
  {
    "correct_answer": "Electricity facilitated global trade and communication.",
    "retrieved_context": "",
    "evaluation": 0
  },
  {
    "correct_answer": "Electricity paved the way for innovations in telecommunications, transportation, and computing.",
    "retrieved_context": "",
    "evaluation": 0
  },
  {
    "accuracy": "6.67%"
  }
]