[
  {
    "correct_answer": "Fashion trends reflect the values, beliefs, and attitudes of different eras.",
    "retrieved_context": "fashion trends have become with greater emphasis. fashion trends have become diverse. fashion trends have become In century. fashion trends have evolved continuously throughout history. century saw rapid changes in fashion trends. fashion trends have evolved In conclusion. century saw changes in fashion trends. fashion trends have become more diverse. century saw changes. fashion trends were influenced by religion. fashion trends have become with emphasis. fashion trends have become with greater emphasis on sustainability. century saw rapid changes. fashion trends were During Middle Ages heavily influenced by religion. fashion trends have become In 21st century. fashion trends have become with emphasis on sustainability. fashion trends were During Middle Ages influenced by religion. Fashion trends have always played role. Fashion trends have always played significant role. Fashion trends have played role in society.",
    "evaluation": 0
  },
  {
    "correct_answer": "Fashion has been influenced by culture, technology, politics, and economics.",
    "retrieved_context": "",
    "evaluation": 0
  },
  {
    "correct_answer": "Clothing in ancient civilizations symbolized status and identity.",
    "retrieved_context": "",
    "evaluation": 0
  },
  {
    "correct_answer": "Wealthy individuals in ancient times wore elaborate garments made from luxurious fabrics.",
    "retrieved_context": "",
    "evaluation": 0
  },
  {
    "correct_answer": "Common people in ancient times wore simpler clothing made from materials like linen and wool.",
    "retrieved_context": "",
    "evaluation": 0
  },
  {
    "correct_answer": "Fashion trends in the Middle Ages were influenced by religion and social hierarchy.",
    "retrieved_context": "",
    "evaluation": 0
  },
  {
    "correct_answer": "Nobles and royalty in the Middle Ages wore garments made from expensive fabrics like silk and velvet.",
    "retrieved_context": "",
    "evaluation": 0
  },
  {
    "correct_answer": "Peasants in the Middle Ages wore humble clothing made from rougher materials.",
    "retrieved_context": "",
    "evaluation": 0
  },
  {
    "correct_answer": "The Renaissance period saw a resurgence of interest in art, culture, and fashion.",
    "retrieved_context": "Renaissance period saw resurgence of interest in art. resurgence is in fashion. Renaissance period saw resurgence of interest. Renaissance period saw resurgence.",
    "evaluation": 0
  },
  {
    "correct_answer": "The Industrial Revolution brought about mass production of ready-to-wear clothing.",
    "retrieved_context": "",
    "evaluation": 0
  },
  {
    "correct_answer": "Department stores and fashion magazines democratized fashion in the 18th and 19th centuries.",
    "retrieved_context": "fashion has has powerful form of self expression. fashion has From ancient civilizations to modern era has powerful form of self expression. fashion has From ancient civilizations to modern era has powerful form. fashion has From ancient civilizations to era has form. fashion has has form of self expression. fashion has From civilizations has form of self expression. fashion has From ancient civilizations has form. fashion has From ancient civilizations to era has powerful form of self expression. fashion has From civilizations has form. fashion has From civilizations to era has form. fashion has has form. fashion has From ancient civilizations to modern era has form of self expression. fashion accessible to general population. fashion has From civilizations has powerful form. fashion accessible to population. fashion continues evolve. fashion has From civilizations to era has form of self expression. fashion has From ancient civilizations to era has powerful form. fashion rise of department stores. fashion has From ancient civilizations has powerful form of self expression. fashion been powerful expression. fashion has From ancient civilizations has form of self expression. fashion continues to evolve. fashion has From civilizations to modern era has powerful form of self expression. fashion has From civilizations to era has powerful form. fashion has From ancient civilizations has powerful form. fashion has From civilizations to modern era has form. fashion has From civilizations to modern era has powerful form. fashion has From civilizations has powerful form of self expression. fashion has has powerful form. fashion has evolved Throughout history. fashion has From ancient civilizations to modern era has form. fashion has From ancient civilizations to era has form of self expression. fashion has From civilizations to modern era has form of self expression. fashion has From civilizations to era has powerful form of self expression. fashion practices have gained traction as people become. fashion practices have gained traction. fashion practices have gained traction people become.",
    "evaluation": 0
  },
  {
    "correct_answer": "The Roaring Twenties marked a shift towards more relaxed and liberating clothing styles.",
    "retrieved_context": "Roaring Twenties marked shift towards relaxed clothing styles. Roaring Twenties marked shift towards clothing styles. Roaring Twenties marked shift towards more relaxed clothing styles. Roaring Twenties marked shift.",
    "evaluation": 1
  },
  {
    "correct_answer": "The Great Depression of the 1930s led to a more conservative approach to fashion.",
    "retrieved_context": "",
    "evaluation": 0
  },
  {
    "correct_answer": "The post-World War II era saw a resurgence of glamour and luxury in fashion.",
    "retrieved_context": "",
    "evaluation": 0
  },
  {
    "correct_answer": "The 1950s saw the rise of iconic fashion figures like Audrey Hepburn and Marilyn Monroe.",
    "retrieved_context": "1950s saw rise. rise further democratized fashion. 1950s saw rise of fashion figures like Audrey Hepburn. 1950s saw rise of iconic fashion figures like Audrey Hepburn. 1950s saw rise of iconic fashion figures. rise popularize designer brands. 1950s saw rise of fashion figures.",
    "evaluation": 0
  },
  {
    "accuracy": "6.67%"
  }
]