[
  {
    "correct_answer": "Spiders build intricate webs.",
    "retrieved_context": "spider webs intricate nature of is testament to ingenuity of remarkable creatures. spider webs intricate nature of is testament. spider webs intricate nature of is testament to ingenuity. spider webs intricate nature of is testament to ingenuity of creatures. Spiders are fascinating creatures. Spiders are known to adaptive. Spiders are creatures. Spiders are known highly adaptive. Spiders are known to highly adaptive. remarkable skill is in constructing. Spiders demonstrate skill. Spiders demonstrate remarkable skill. Spiders are known. remarkable skill Spiders precision. skill Spiders precision. Spiders are known adaptive. spiders build webs. webs serve as their homes. webs creating egg sacs. spiral lines are sticky thanks to special substance produced. web is sturdy effectively. spider make adjustments as needed. spiral lines are sticky thanks to adhesive substance produced. radial lines are in place. lines are sticky thanks. radial lines are in Once place. spider will begin in Once place. lines are sticky thanks to special substance produced. location is Once chosen. spiral lines are made by spider moving. spider will anchor strand of silk. prey becomes in web. radial lines are spaced at regular intervals. spider will feel vibrations transmitted. spider produce silk from glands. it test tension. spider lay down lines of web. spiral lines are sticky thanks to adhesive substance. spider produce silk from specialized glands located. spider produce silk. lines are spaced apart at intervals. prey becomes trapped. location is chosen. spiral lines are sticky thanks to substance. lines are sticky thanks to substance produced by spider. radial lines are spaced apart. spider will begin Once chosen. lines are made by spider moving in circular pattern. spiral lines are sticky thanks to substance produced by spider. lines are sticky thanks to adhesive substance. spider make adjustments. lines are in place. lines are sticky thanks to adhesive substance produced by spider. radial lines are spaced. it test tension of silk strands. spider lay down spiral lines. lines are sticky thanks to special substance produced by spider. lines are spaced apart at regular intervals. spiral lines are sticky thanks to adhesive substance produced by spider. spider will begin chosen. lines are sticky thanks to substance produced. lines are spaced. spider lay down lines. spiral lines are sticky thanks to substance produced. lines are sticky thanks to special adhesive substance. spider immobilize it. lines are sticky thanks to substance. lines are in Once place. spider will carefully construct radial lines. lines are sticky thanks to adhesive substance produced. spider builds web. spider will quickly move to prey. spiral lines are sticky thanks to special substance. lines are made by spider moving in pattern. spiral lines are made by spider moving in pattern. spider produce silk from glands located. spider will carefully construct radial lines of web. spiral lines are sticky thanks to special adhesive substance. spiral lines are made by spider moving in circular pattern. spider produce silk from specialized glands. spider produce silk from specialized glands located at rear of its abdomen. radial lines are spaced apart at intervals. spider selecting suitable location. spider produce silk from its spinnerets. web is sturdy. spider produce silk from glands located at rear of its abdomen. spiral lines are made by spider. spiral lines are sticky thanks to special substance produced by spider. silk produced by spiders. spider will feel vibrations transmitted through trap line. spider lay down spiral lines of web. spider produce silk from glands located at rear. spiral lines are sticky thanks to special adhesive substance produced. spider make adjustments needed. lines are spaced apart. spider will anchor strand. lines are sticky thanks to special adhesive substance produced by spider. spider will begin in place. lines are sticky thanks to special substance. spiral lines are sticky thanks. lines are made by spider. spiral lines are sticky thanks to special adhesive substance produced by spider. spider will anchor strand to surface. spider produce silk from specialized glands located at rear. lines are made by spider moving. spider selecting location. lines are sticky thanks to special adhesive substance produced.",
    "evaluation": 1
  },
  {
    "correct_answer": "Webs serve as homes and hunting grounds for spiders.",
    "retrieved_context": "spider webs intricate nature of is testament to ingenuity of remarkable creatures. spider webs intricate nature of is testament. spider webs intricate nature of is testament to ingenuity. spider webs intricate nature of is testament to ingenuity of creatures. Spiders are fascinating creatures. Spiders are known to adaptive. Spiders are creatures. Spiders are known highly adaptive. Spiders are known to highly adaptive. remarkable skill is in constructing. Spiders demonstrate skill. Spiders demonstrate remarkable skill. Spiders are known. remarkable skill Spiders precision. skill Spiders precision. Spiders are known adaptive. spiders build webs. webs serve as their homes. webs creating egg sacs. building webs creating egg sacs. spiral lines are sticky thanks to special substance produced. web is sturdy effectively. spider make adjustments as needed. spiral lines are sticky thanks to adhesive substance produced. radial lines are in place. lines are sticky thanks. radial lines are in Once place. spider will begin in Once place. lines are sticky thanks to special substance produced. location is Once chosen. spiral lines are made by spider moving. spider will anchor strand of silk. prey becomes in web. radial lines are spaced at regular intervals. spider will feel vibrations transmitted. spider produce silk from glands. it test tension. spider lay down lines of web. spiral lines are sticky thanks to adhesive substance. spider produce silk from specialized glands located. spider produce silk. lines are spaced apart at intervals. prey becomes trapped. location is chosen. spiral lines are sticky thanks to substance. lines are sticky thanks to substance produced by spider. radial lines are spaced apart. spider will begin Once chosen. lines are made by spider moving in circular pattern. spiral lines are sticky thanks to substance produced by spider. lines are sticky thanks to adhesive substance. spider make adjustments. lines are in place. lines are sticky thanks to adhesive substance produced by spider. radial lines are spaced. it test tension of silk strands. spider lay down spiral lines. lines are sticky thanks to special substance produced by spider. lines are spaced apart at regular intervals. spiral lines are sticky thanks to adhesive substance produced by spider. spider will begin chosen. lines are sticky thanks to substance produced. lines are spaced. spider lay down lines. spiral lines are sticky thanks to substance produced. lines are sticky thanks to special adhesive substance. spider immobilize it. lines are sticky thanks to substance. lines are in Once place. spider will carefully construct radial lines. lines are sticky thanks to adhesive substance produced. spider builds web. spider will quickly move to prey. spiral lines are sticky thanks to special substance. lines are made by spider moving in pattern. spiral lines are made by spider moving in pattern. spider produce silk from glands located. spider will carefully construct radial lines of web. spiral lines are sticky thanks to special adhesive substance. spiral lines are made by spider moving in circular pattern. spider produce silk from specialized glands. spider produce silk from specialized glands located at rear of its abdomen. radial lines are spaced apart at intervals. spider selecting suitable location. spider produce silk from its spinnerets. web is sturdy. spider produce silk from glands located at rear of its abdomen. spiral lines are made by spider. spiral lines are sticky thanks to special substance produced by spider. silk produced by spiders. spider will feel vibrations transmitted through trap line. spider lay down spiral lines of web. spider produce silk from glands located at rear. spiral lines are sticky thanks to special adhesive substance produced. spider make adjustments needed. lines are spaced apart. spider will anchor strand. lines are sticky thanks to special adhesive substance produced by spider. spider will begin in place. lines are sticky thanks to special substance. spiral lines are sticky thanks. lines are made by spider. spiral lines are sticky thanks to special adhesive substance produced by spider. spider will anchor strand to surface. spider produce silk from specialized glands located at rear. lines are made by spider moving. spider selecting location. lines are sticky thanks to special adhesive substance produced. webs serve as their homes. webs creating egg sacs.",
    "evaluation": 1
  },
  {
    "correct_answer": "Spiders catch prey efficiently using their webs.",
    "retrieved_context": "spider webs intricate nature of is testament to ingenuity of remarkable creatures. spider webs intricate nature of is testament. spider webs intricate nature of is testament to ingenuity. spider webs intricate nature of is testament to ingenuity of creatures. Spiders are fascinating creatures. Spiders are known to adaptive. Spiders are creatures. Spiders are known highly adaptive. Spiders are known to highly adaptive. remarkable skill is in constructing. Spiders demonstrate skill. Spiders demonstrate remarkable skill. Spiders are known. remarkable skill Spiders precision. skill Spiders precision. Spiders are known adaptive. spiders build webs. webs serve as their homes. webs creating egg sacs. spiral lines are sticky thanks to special substance produced. web is sturdy effectively. spider make adjustments as needed. spiral lines are sticky thanks to adhesive substance produced. radial lines are in place. lines are sticky thanks. radial lines are in Once place. spider will begin in Once place. lines are sticky thanks to special substance produced. location is Once chosen. spiral lines are made by spider moving. spider will anchor strand of silk. prey becomes in web. radial lines are spaced at regular intervals. spider will feel vibrations transmitted. spider produce silk from glands. it test tension. spider lay down lines of web. spiral lines are sticky thanks to adhesive substance. spider produce silk from specialized glands located. spider produce silk. lines are spaced apart at intervals. prey becomes trapped. location is chosen. spiral lines are sticky thanks to substance. lines are sticky thanks to substance produced by spider. radial lines are spaced apart. spider will begin Once chosen. lines are made by spider moving in circular pattern. spiral lines are sticky thanks to substance produced by spider. lines are sticky thanks to adhesive substance. spider make adjustments. lines are in place. lines are sticky thanks to adhesive substance produced by spider. radial lines are spaced. it test tension of silk strands. spider lay down spiral lines. lines are sticky thanks to special substance produced by spider. lines are spaced apart at regular intervals. spiral lines are sticky thanks to adhesive substance produced by spider. spider will begin chosen. lines are sticky thanks to substance produced. lines are spaced. spider lay down lines. spiral lines are sticky thanks to substance produced. lines are sticky thanks to special adhesive substance. spider immobilize it. lines are sticky thanks to substance. lines are in Once place. spider will carefully construct radial lines. lines are sticky thanks to adhesive substance produced. spider builds web. spider will quickly move to prey. spiral lines are sticky thanks to special substance. lines are made by spider moving in pattern. spiral lines are made by spider moving in pattern. spider produce silk from glands located. spider will carefully construct radial lines of web. spiral lines are sticky thanks to special adhesive substance. spiral lines are made by spider moving in circular pattern. spider produce silk from specialized glands. spider produce silk from specialized glands located at rear of its abdomen. radial lines are spaced apart at intervals. spider selecting suitable location. spider produce silk from its spinnerets. web is sturdy. spider produce silk from glands located at rear of its abdomen. spiral lines are made by spider. spiral lines are sticky thanks to special substance produced by spider. silk produced by spiders. spider will feel vibrations transmitted through trap line. spider lay down spiral lines of web. spider produce silk from glands located at rear. spiral lines are sticky thanks to special adhesive substance produced. spider make adjustments needed. lines are spaced apart. spider will anchor strand. lines are sticky thanks to special adhesive substance produced by spider. spider will begin in place. lines are sticky thanks to special substance. spiral lines are sticky thanks. lines are made by spider. spiral lines are sticky thanks to special adhesive substance produced by spider. spider will anchor strand to surface. spider produce silk from specialized glands located at rear. lines are made by spider moving. spider selecting location. lines are sticky thanks to special adhesive substance produced. prey becomes in web. web is sturdy effectively. web is sturdy. prey becomes trapped.",
    "evaluation": 1
  },
  {
    "correct_answer": "Spiders select suitable locations for web-building.",
    "retrieved_context": "spider webs intricate nature of is testament to ingenuity of remarkable creatures. spider webs intricate nature of is testament. spider webs intricate nature of is testament to ingenuity. spider webs intricate nature of is testament to ingenuity of creatures. Spiders are fascinating creatures. Spiders are known to adaptive. Spiders are creatures. Spiders are known highly adaptive. Spiders are known to highly adaptive. remarkable skill is in constructing. Spiders demonstrate skill. Spiders demonstrate remarkable skill. Spiders are known. remarkable skill Spiders precision. skill Spiders precision. Spiders are known adaptive. spiders build webs. webs serve as their homes. webs creating egg sacs. building webs creating egg sacs. spiral lines are sticky thanks to special substance produced. web is sturdy effectively. spider make adjustments as needed. spiral lines are sticky thanks to adhesive substance produced. radial lines are in place. lines are sticky thanks. radial lines are in Once place. spider will begin in Once place. lines are sticky thanks to special substance produced. location is Once chosen. spiral lines are made by spider moving. spider will anchor strand of silk. prey becomes in web. radial lines are spaced at regular intervals. spider will feel vibrations transmitted. spider produce silk from glands. it test tension. spider lay down lines of web. spiral lines are sticky thanks to adhesive substance. spider produce silk from specialized glands located. spider produce silk. lines are spaced apart at intervals. prey becomes trapped. location is chosen. spiral lines are sticky thanks to substance. lines are sticky thanks to substance produced by spider. radial lines are spaced apart. spider will begin Once chosen. lines are made by spider moving in circular pattern. spiral lines are sticky thanks to substance produced by spider. lines are sticky thanks to adhesive substance. spider make adjustments. lines are in place. lines are sticky thanks to adhesive substance produced by spider. radial lines are spaced. it test tension of silk strands. spider lay down spiral lines. lines are sticky thanks to special substance produced by spider. lines are spaced apart at regular intervals. spiral lines are sticky thanks to adhesive substance produced by spider. spider will begin chosen. lines are sticky thanks to substance produced. lines are spaced. spider lay down lines. spiral lines are sticky thanks to substance produced. lines are sticky thanks to special adhesive substance. spider immobilize it. lines are sticky thanks to substance. lines are in Once place. spider will carefully construct radial lines. lines are sticky thanks to adhesive substance produced. spider builds web. spider will quickly move to prey. spiral lines are sticky thanks to special substance. lines are made by spider moving in pattern. spiral lines are made by spider moving in pattern. spider produce silk from glands located. spider will carefully construct radial lines of web. spiral lines are sticky thanks to special adhesive substance. spiral lines are made by spider moving in circular pattern. spider produce silk from specialized glands. spider produce silk from specialized glands located at rear of its abdomen. radial lines are spaced apart at intervals. spider selecting suitable location. spider produce silk from its spinnerets. web is sturdy. spider produce silk from glands located at rear of its abdomen. spiral lines are made by spider. spiral lines are sticky thanks to special substance produced by spider. silk produced by spiders. spider will feel vibrations transmitted through trap line. spider lay down spiral lines of web. spider produce silk from glands located at rear. spiral lines are sticky thanks to special adhesive substance produced. spider make adjustments needed. lines are spaced apart. spider will anchor strand. lines are sticky thanks to special adhesive substance produced by spider. spider will begin in place. lines are sticky thanks to special substance. spiral lines are sticky thanks. lines are made by spider. spiral lines are sticky thanks to special adhesive substance produced by spider. spider will anchor strand to surface. spider produce silk from specialized glands located at rear. lines are made by spider moving. spider selecting location. lines are sticky thanks to special adhesive substance produced.",
    "evaluation": 1
  },
  {
    "correct_answer": "Spiders produce silk from spinnerets.",
    "retrieved_context": "spider webs intricate nature of is testament to ingenuity of remarkable creatures. spider webs intricate nature of is testament. spider webs intricate nature of is testament to ingenuity. spider webs intricate nature of is testament to ingenuity of creatures. silk produced is remarkable material incredibly strong. silk produced is remarkable material strong. silk produced is remarkable material. silk produced is material. Spiders are fascinating creatures. Spiders are known to adaptive. Spiders are creatures. Spiders are known highly adaptive. Spiders are known to highly adaptive. remarkable skill is in constructing. Spiders demonstrate skill. Spiders demonstrate remarkable skill. Spiders are known. remarkable skill Spiders precision. skill Spiders precision. Spiders are known adaptive. spiders build webs. webs serve as their homes. webs creating egg sacs. spiral lines are sticky thanks to special substance produced. web is sturdy effectively. spider make adjustments as needed. spiral lines are sticky thanks to adhesive substance produced. radial lines are in place. lines are sticky thanks. radial lines are in Once place. spider will begin in Once place. lines are sticky thanks to special substance produced. location is Once chosen. spiral lines are made by spider moving. spider will anchor strand of silk. prey becomes in web. radial lines are spaced at regular intervals. spider will feel vibrations transmitted. spider produce silk from glands. it test tension. spider lay down lines of web. spiral lines are sticky thanks to adhesive substance. spider produce silk from specialized glands located. spider produce silk. lines are spaced apart at intervals. prey becomes trapped. location is chosen. spiral lines are sticky thanks to substance. lines are sticky thanks to substance produced by spider. radial lines are spaced apart. spider will begin Once chosen. lines are made by spider moving in circular pattern. spiral lines are sticky thanks to substance produced by spider. lines are sticky thanks to adhesive substance. spider make adjustments. lines are in place. lines are sticky thanks to adhesive substance produced by spider. radial lines are spaced. it test tension of silk strands. spider lay down spiral lines. lines are sticky thanks to special substance produced by spider. lines are spaced apart at regular intervals. spiral lines are sticky thanks to adhesive substance produced by spider. spider will begin chosen. lines are sticky thanks to substance produced. lines are spaced. spider lay down lines. spiral lines are sticky thanks to substance produced. lines are sticky thanks to special adhesive substance. spider immobilize it. lines are sticky thanks to substance. lines are in Once place. spider will carefully construct radial lines. lines are sticky thanks to adhesive substance produced. spider builds web. spider will quickly move to prey. spiral lines are sticky thanks to special substance. lines are made by spider moving in pattern. spiral lines are made by spider moving in pattern. spider produce silk from glands located. spider will carefully construct radial lines of web. spiral lines are sticky thanks to special adhesive substance. spiral lines are made by spider moving in circular pattern. spider produce silk from specialized glands. spider produce silk from specialized glands located at rear of its abdomen. radial lines are spaced apart at intervals. spider selecting suitable location. spider produce silk from its spinnerets. web is sturdy. spider produce silk from glands located at rear of its abdomen. spiral lines are made by spider. spiral lines are sticky thanks to special substance produced by spider. silk produced by spiders. spider will feel vibrations transmitted through trap line. spider lay down spiral lines of web. spider produce silk from glands located at rear. spiral lines are sticky thanks to special adhesive substance produced. spider make adjustments needed. lines are spaced apart. spider will anchor strand. lines are sticky thanks to special adhesive substance produced by spider. spider will begin in place. lines are sticky thanks to special substance. spiral lines are sticky thanks. lines are made by spider. spiral lines are sticky thanks to special adhesive substance produced by spider. spider will anchor strand to surface. spider produce silk from specialized glands located at rear. lines are made by spider moving. spider selecting location. lines are sticky thanks to special adhesive substance produced.",
    "evaluation": 1
  },
  {
    "correct_answer": "Spider silk is strong and elastic.",
    "retrieved_context": "silk produced by spiders. spiders build webs. silk produced is remarkable material incredibly strong. silk produced is remarkable material strong. silk produced is remarkable material. silk produced is material. spider webs intricate nature of is testament to ingenuity of remarkable creatures. spider webs intricate nature of is testament. spider webs intricate nature of is testament to ingenuity. spider webs intricate nature of is testament to ingenuity of creatures.",
    "evaluation": 1
  },
  {
    "correct_answer": "Spider silk is composed of protein molecules.",
    "retrieved_context": "silk produced is remarkable material incredibly strong. silk produced is remarkable material strong. silk produced is remarkable material. silk produced is material. silk produced by spiders. spiders build webs. spider webs intricate nature of is testament to ingenuity of remarkable creatures. spider webs intricate nature of is testament. spider webs intricate nature of is testament to ingenuity. spider webs intricate nature of is testament to ingenuity of creatures.",
    "evaluation": 0
  },
  {
    "correct_answer": "Spiders can produce different types of silk.",
    "retrieved_context": "silk produced is remarkable material incredibly strong. silk produced is remarkable material strong. silk produced is remarkable material. silk produced is material. spider webs intricate nature of is testament to ingenuity of remarkable creatures. spider webs intricate nature of is testament. spider webs intricate nature of is testament to ingenuity. spider webs intricate nature of is testament to ingenuity of creatures. silk produced by spiders. spiders build webs. Spiders are fascinating creatures. Spiders are known to adaptive. Spiders are creatures. Spiders are known highly adaptive. Spiders are known to highly adaptive. remarkable skill is in constructing. Spiders demonstrate skill. Spiders demonstrate remarkable skill. Spiders are known. remarkable skill Spiders precision. skill Spiders precision. Spiders are known adaptive. spiders build webs. webs serve as their homes. webs creating egg sacs.",
    "evaluation": 0
  },
  {
    "correct_answer": "Spiders anchor silk strands to surfaces to build webs.",
    "retrieved_context": "spider webs intricate nature of is testament to ingenuity of remarkable creatures. spider webs intricate nature of is testament. spider webs intricate nature of is testament to ingenuity. spider webs intricate nature of is testament to ingenuity of creatures. Spiders are fascinating creatures. Spiders are known to adaptive. Spiders are creatures. Spiders are known highly adaptive. Spiders are known to highly adaptive. remarkable skill is in constructing. Spiders demonstrate skill. Spiders demonstrate remarkable skill. Spiders are known. remarkable skill Spiders precision. skill Spiders precision. Spiders are known adaptive. spiders build webs. webs serve as their homes. webs creating egg sacs.",
    "evaluation": 0
  },
  {
    "correct_answer": "Spiders construct radial lines as the framework of the web.",
    "retrieved_context": "spider webs intricate nature of is testament to ingenuity of remarkable creatures. spider webs intricate nature of is testament. spider webs intricate nature of is testament to ingenuity. spider webs intricate nature of is testament to ingenuity of creatures. Spiders are fascinating creatures. Spiders are known to adaptive. Spiders are creatures. Spiders are known highly adaptive. Spiders are known to highly adaptive. remarkable skill is in constructing. Spiders demonstrate skill. Spiders demonstrate remarkable skill. Spiders are known. remarkable skill Spiders precision. skill Spiders precision. Spiders are known adaptive. spiders build webs. webs serve as their homes. webs creating egg sacs. spiral lines are sticky thanks to special substance produced. web is sturdy effectively. spider make adjustments as needed. spiral lines are sticky thanks to adhesive substance produced. radial lines are in place. lines are sticky thanks. radial lines are in Once place. spider will begin in Once place. lines are sticky thanks to special substance produced. location is Once chosen. spiral lines are made by spider moving. spider will anchor strand of silk. prey becomes in web. radial lines are spaced at regular intervals. spider will feel vibrations transmitted. spider produce silk from glands. it test tension. spider lay down lines of web. spiral lines are sticky thanks to adhesive substance. spider produce silk from specialized glands located. spider produce silk. lines are spaced apart at intervals. prey becomes trapped. location is chosen. spiral lines are sticky thanks to substance. lines are sticky thanks to substance produced by spider. radial lines are spaced apart. spider will begin Once chosen. lines are made by spider moving in circular pattern. spiral lines are sticky thanks to substance produced by spider. lines are sticky thanks to adhesive substance. spider make adjustments. lines are in place. lines are sticky thanks to adhesive substance produced by spider. radial lines are spaced. it test tension of silk strands. spider lay down spiral lines. lines are sticky thanks to special substance produced by spider. lines are spaced apart at regular intervals. spiral lines are sticky thanks to adhesive substance produced by spider. spider will begin chosen. lines are sticky thanks to substance produced. lines are spaced. spider lay down lines. spiral lines are sticky thanks to substance produced. lines are sticky thanks to special adhesive substance. spider immobilize it. lines are sticky thanks to substance. lines are in Once place. spider will carefully construct radial lines. lines are sticky thanks to adhesive substance produced. spider builds web. spider will quickly move to prey. spiral lines are sticky thanks to special substance. lines are made by spider moving in pattern. spiral lines are made by spider moving in pattern. spider produce silk from glands located. spider will carefully construct radial lines of web. spiral lines are sticky thanks to special adhesive substance. spiral lines are made by spider moving in circular pattern. spider produce silk from specialized glands. spider produce silk from specialized glands located at rear of its abdomen. radial lines are spaced apart at intervals. spider selecting suitable location. spider produce silk from its spinnerets. web is sturdy. spider produce silk from glands located at rear of its abdomen. spiral lines are made by spider. spiral lines are sticky thanks to special substance produced by spider. silk produced by spiders. spider will feel vibrations transmitted through trap line. spider lay down spiral lines of web. spider produce silk from glands located at rear. spiral lines are sticky thanks to special adhesive substance produced. spider make adjustments needed. lines are spaced apart. spider will anchor strand. lines are sticky thanks to special adhesive substance produced by spider. spider will begin in place. lines are sticky thanks to special substance. spiral lines are sticky thanks. lines are made by spider. spiral lines are sticky thanks to special adhesive substance produced by spider. spider will anchor strand to surface. spider produce silk from specialized glands located at rear. lines are made by spider moving. spider selecting location. lines are sticky thanks to special adhesive substance produced.",
    "evaluation": 1
  },
  {
    "correct_answer": "Spiders lay down sticky spiral lines on the web.",
    "retrieved_context": "spider webs intricate nature of is testament to ingenuity of remarkable creatures. spider webs intricate nature of is testament. spider webs intricate nature of is testament to ingenuity. spider webs intricate nature of is testament to ingenuity of creatures. Spiders are fascinating creatures. Spiders are known to adaptive. Spiders are creatures. Spiders are known highly adaptive. Spiders are known to highly adaptive. remarkable skill is in constructing. Spiders demonstrate skill. Spiders demonstrate remarkable skill. Spiders are known. remarkable skill Spiders precision. skill Spiders precision. Spiders are known adaptive. spiders build webs. webs serve as their homes. webs creating egg sacs. spiral lines are sticky thanks to special substance produced. web is sturdy effectively. spider make adjustments as needed. spiral lines are sticky thanks to adhesive substance produced. radial lines are in place. lines are sticky thanks. radial lines are in Once place. spider will begin in Once place. lines are sticky thanks to special substance produced. location is Once chosen. spiral lines are made by spider moving. spider will anchor strand of silk. prey becomes in web. radial lines are spaced at regular intervals. spider will feel vibrations transmitted. spider produce silk from glands. it test tension. spider lay down lines of web. spiral lines are sticky thanks to adhesive substance. spider produce silk from specialized glands located. spider produce silk. lines are spaced apart at intervals. prey becomes trapped. location is chosen. spiral lines are sticky thanks to substance. lines are sticky thanks to substance produced by spider. radial lines are spaced apart. spider will begin Once chosen. lines are made by spider moving in circular pattern. spiral lines are sticky thanks to substance produced by spider. lines are sticky thanks to adhesive substance. spider make adjustments. lines are in place. lines are sticky thanks to adhesive substance produced by spider. radial lines are spaced. it test tension of silk strands. spider lay down spiral lines. lines are sticky thanks to special substance produced by spider. lines are spaced apart at regular intervals. spiral lines are sticky thanks to adhesive substance produced by spider. spider will begin chosen. lines are sticky thanks to substance produced. lines are spaced. spider lay down lines. spiral lines are sticky thanks to substance produced. lines are sticky thanks to special adhesive substance. spider immobilize it. lines are sticky thanks to substance. lines are in Once place. spider will carefully construct radial lines. lines are sticky thanks to adhesive substance produced. spider builds web. spider will quickly move to prey. spiral lines are sticky thanks to special substance. lines are made by spider moving in pattern. spiral lines are made by spider moving in pattern. spider produce silk from glands located. spider will carefully construct radial lines of web. spiral lines are sticky thanks to special adhesive substance. spiral lines are made by spider moving in circular pattern. spider produce silk from specialized glands. spider produce silk from specialized glands located at rear of its abdomen. radial lines are spaced apart at intervals. spider selecting suitable location. spider produce silk from its spinnerets. web is sturdy. spider produce silk from glands located at rear of its abdomen. spiral lines are made by spider. spiral lines are sticky thanks to special substance produced by spider. silk produced by spiders. spider will feel vibrations transmitted through trap line. spider lay down spiral lines of web. spider produce silk from glands located at rear. spiral lines are sticky thanks to special adhesive substance produced. spider make adjustments needed. lines are spaced apart. spider will anchor strand. lines are sticky thanks to special adhesive substance produced by spider. spider will begin in place. lines are sticky thanks to special substance. spiral lines are sticky thanks. lines are made by spider. spiral lines are sticky thanks to special adhesive substance produced by spider. spider will anchor strand to surface. spider produce silk from specialized glands located at rear. lines are made by spider moving. spider selecting location. lines are sticky thanks to special adhesive substance produced.",
    "evaluation": 1
  },
  {
    "correct_answer": "Spiders periodically test the tension of silk strands.",
    "retrieved_context": "spider webs intricate nature of is testament to ingenuity of remarkable creatures. spider webs intricate nature of is testament. spider webs intricate nature of is testament to ingenuity. spider webs intricate nature of is testament to ingenuity of creatures. Spiders are fascinating creatures. Spiders are known to adaptive. Spiders are creatures. Spiders are known highly adaptive. Spiders are known to highly adaptive. remarkable skill is in constructing. Spiders demonstrate skill. Spiders demonstrate remarkable skill. Spiders are known. remarkable skill Spiders precision. skill Spiders precision. Spiders are known adaptive. spiders build webs. webs serve as their homes. webs creating egg sacs. silk produced by spiders. spiders build webs.",
    "evaluation": 0
  },
  {
    "correct_answer": "Spiders have an innate sense of how to build webs.",
    "retrieved_context": "spider webs intricate nature of is testament to ingenuity of remarkable creatures. spider webs intricate nature of is testament. spider webs intricate nature of is testament to ingenuity. spider webs intricate nature of is testament to ingenuity of creatures. Spiders are fascinating creatures. Spiders are known to adaptive. Spiders are creatures. Spiders are known highly adaptive. Spiders are known to highly adaptive. remarkable skill is in constructing. Spiders demonstrate skill. Spiders demonstrate remarkable skill. Spiders are known. remarkable skill Spiders precision. skill Spiders precision. Spiders are known adaptive. spiders build webs. webs serve as their homes. webs creating egg sacs. building webs creating egg sacs. spiral lines are sticky thanks to special substance produced. web is sturdy effectively. spider make adjustments as needed. spiral lines are sticky thanks to adhesive substance produced. radial lines are in place. lines are sticky thanks. radial lines are in Once place. spider will begin in Once place. lines are sticky thanks to special substance produced. location is Once chosen. spiral lines are made by spider moving. spider will anchor strand of silk. prey becomes in web. radial lines are spaced at regular intervals. spider will feel vibrations transmitted. spider produce silk from glands. it test tension. spider lay down lines of web. spiral lines are sticky thanks to adhesive substance. spider produce silk from specialized glands located. spider produce silk. lines are spaced apart at intervals. prey becomes trapped. location is chosen. spiral lines are sticky thanks to substance. lines are sticky thanks to substance produced by spider. radial lines are spaced apart. spider will begin Once chosen. lines are made by spider moving in circular pattern. spiral lines are sticky thanks to substance produced by spider. lines are sticky thanks to adhesive substance. spider make adjustments. lines are in place. lines are sticky thanks to adhesive substance produced by spider. radial lines are spaced. it test tension of silk strands. spider lay down spiral lines. lines are sticky thanks to special substance produced by spider. lines are spaced apart at regular intervals. spiral lines are sticky thanks to adhesive substance produced by spider. spider will begin chosen. lines are sticky thanks to substance produced. lines are spaced. spider lay down lines. spiral lines are sticky thanks to substance produced. lines are sticky thanks to special adhesive substance. spider immobilize it. lines are sticky thanks to substance. lines are in Once place. spider will carefully construct radial lines. lines are sticky thanks to adhesive substance produced. spider builds web. spider will quickly move to prey. spiral lines are sticky thanks to special substance. lines are made by spider moving in pattern. spiral lines are made by spider moving in pattern. spider produce silk from glands located. spider will carefully construct radial lines of web. spiral lines are sticky thanks to special adhesive substance. spiral lines are made by spider moving in circular pattern. spider produce silk from specialized glands. spider produce silk from specialized glands located at rear of its abdomen. radial lines are spaced apart at intervals. spider selecting suitable location. spider produce silk from its spinnerets. web is sturdy. spider produce silk from glands located at rear of its abdomen. spiral lines are made by spider. spiral lines are sticky thanks to special substance produced by spider. silk produced by spiders. spider will feel vibrations transmitted through trap line. spider lay down spiral lines of web. spider produce silk from glands located at rear. spiral lines are sticky thanks to special adhesive substance produced. spider make adjustments needed. lines are spaced apart. spider will anchor strand. lines are sticky thanks to special adhesive substance produced by spider. spider will begin in place. lines are sticky thanks to special substance. spiral lines are sticky thanks. lines are made by spider. spiral lines are sticky thanks to special adhesive substance produced by spider. spider will anchor strand to surface. spider produce silk from specialized glands located at rear. lines are made by spider moving. spider selecting location. lines are sticky thanks to special adhesive substance produced.",
    "evaluation": 0
  },
  {
    "correct_answer": "Spiders place a trap line in the web to signal prey.",
    "retrieved_context": "spider webs intricate nature of is testament to ingenuity of remarkable creatures. spider webs intricate nature of is testament. spider webs intricate nature of is testament to ingenuity. spider webs intricate nature of is testament to ingenuity of creatures. Spiders are fascinating creatures. Spiders are known to adaptive. Spiders are creatures. Spiders are known highly adaptive. Spiders are known to highly adaptive. remarkable skill is in constructing. Spiders demonstrate skill. Spiders demonstrate remarkable skill. Spiders are known. remarkable skill Spiders precision. skill Spiders precision. Spiders are known adaptive. spiders build webs. webs serve as their homes. webs creating egg sacs. spiral lines are sticky thanks to special substance produced. web is sturdy effectively. spider make adjustments as needed. spiral lines are sticky thanks to adhesive substance produced. radial lines are in place. lines are sticky thanks. radial lines are in Once place. spider will begin in Once place. lines are sticky thanks to special substance produced. location is Once chosen. spiral lines are made by spider moving. spider will anchor strand of silk. prey becomes in web. radial lines are spaced at regular intervals. spider will feel vibrations transmitted. spider produce silk from glands. it test tension. spider lay down lines of web. spiral lines are sticky thanks to adhesive substance. spider produce silk from specialized glands located. spider produce silk. lines are spaced apart at intervals. prey becomes trapped. location is chosen. spiral lines are sticky thanks to substance. lines are sticky thanks to substance produced by spider. radial lines are spaced apart. spider will begin Once chosen. lines are made by spider moving in circular pattern. spiral lines are sticky thanks to substance produced by spider. lines are sticky thanks to adhesive substance. spider make adjustments. lines are in place. lines are sticky thanks to adhesive substance produced by spider. radial lines are spaced. it test tension of silk strands. spider lay down spiral lines. lines are sticky thanks to special substance produced by spider. lines are spaced apart at regular intervals. spiral lines are sticky thanks to adhesive substance produced by spider. spider will begin chosen. lines are sticky thanks to substance produced. lines are spaced. spider lay down lines. spiral lines are sticky thanks to substance produced. lines are sticky thanks to special adhesive substance. spider immobilize it. lines are sticky thanks to substance. lines are in Once place. spider will carefully construct radial lines. lines are sticky thanks to adhesive substance produced. spider builds web. spider will quickly move to prey. spiral lines are sticky thanks to special substance. lines are made by spider moving in pattern. spiral lines are made by spider moving in pattern. spider produce silk from glands located. spider will carefully construct radial lines of web. spiral lines are sticky thanks to special adhesive substance. spiral lines are made by spider moving in circular pattern. spider produce silk from specialized glands. spider produce silk from specialized glands located at rear of its abdomen. radial lines are spaced apart at intervals. spider selecting suitable location. spider produce silk from its spinnerets. web is sturdy. spider produce silk from glands located at rear of its abdomen. spiral lines are made by spider. spiral lines are sticky thanks to special substance produced by spider. silk produced by spiders. spider will feel vibrations transmitted through trap line. spider lay down spiral lines of web. spider produce silk from glands located at rear. spiral lines are sticky thanks to special adhesive substance produced. spider make adjustments needed. lines are spaced apart. spider will anchor strand. lines are sticky thanks to special adhesive substance produced by spider. spider will begin in place. lines are sticky thanks to special substance. spiral lines are sticky thanks. lines are made by spider. spiral lines are sticky thanks to special adhesive substance produced by spider. spider will anchor strand to surface. spider produce silk from specialized glands located at rear. lines are made by spider moving. spider selecting location. lines are sticky thanks to special adhesive substance produced.",
    "evaluation": 0
  },
  {
    "correct_answer": "Spiders immobilize prey with a bite and wrap it in silk.",
    "retrieved_context": "Spiders are fascinating creatures. Spiders are known to adaptive. Spiders are creatures. Spiders are known highly adaptive. Spiders are known to highly adaptive. remarkable skill is in constructing. Spiders demonstrate skill. Spiders demonstrate remarkable skill. Spiders are known. remarkable skill Spiders precision. skill Spiders precision. Spiders are known adaptive. spiders build webs. webs serve as their homes. webs creating egg sacs. spider webs intricate nature of is testament to ingenuity of remarkable creatures. spider webs intricate nature of is testament. spider webs intricate nature of is testament to ingenuity. spider webs intricate nature of is testament to ingenuity of creatures. spiral lines are sticky thanks to special substance produced. web is sturdy effectively. spider make adjustments as needed. spiral lines are sticky thanks to adhesive substance produced. radial lines are in place. lines are sticky thanks. radial lines are in Once place. spider will begin in Once place. lines are sticky thanks to special substance produced. location is Once chosen. spiral lines are made by spider moving. spider will anchor strand of silk. prey becomes in web. radial lines are spaced at regular intervals. spider will feel vibrations transmitted. spider produce silk from glands. it test tension. spider lay down lines of web. spiral lines are sticky thanks to adhesive substance. spider produce silk from specialized glands located. spider produce silk. lines are spaced apart at intervals. prey becomes trapped. location is chosen. spiral lines are sticky thanks to substance. lines are sticky thanks to substance produced by spider. radial lines are spaced apart. spider will begin Once chosen. lines are made by spider moving in circular pattern. spiral lines are sticky thanks to substance produced by spider. lines are sticky thanks to adhesive substance. spider make adjustments. lines are in place. lines are sticky thanks to adhesive substance produced by spider. radial lines are spaced. it test tension of silk strands. spider lay down spiral lines. lines are sticky thanks to special substance produced by spider. lines are spaced apart at regular intervals. spiral lines are sticky thanks to adhesive substance produced by spider. spider will begin chosen. lines are sticky thanks to substance produced. lines are spaced. spider lay down lines. spiral lines are sticky thanks to substance produced. lines are sticky thanks to special adhesive substance. spider immobilize it. lines are sticky thanks to substance. lines are in Once place. spider will carefully construct radial lines. lines are sticky thanks to adhesive substance produced. spider builds web. spider will quickly move to prey. spiral lines are sticky thanks to special substance. lines are made by spider moving in pattern. spiral lines are made by spider moving in pattern. spider produce silk from glands located. spider will carefully construct radial lines of web. spiral lines are sticky thanks to special adhesive substance. spiral lines are made by spider moving in circular pattern. spider produce silk from specialized glands. spider produce silk from specialized glands located at rear of its abdomen. radial lines are spaced apart at intervals. spider selecting suitable location. spider produce silk from its spinnerets. web is sturdy. spider produce silk from glands located at rear of its abdomen. spiral lines are made by spider. spiral lines are sticky thanks to special substance produced by spider. silk produced by spiders. spider will feel vibrations transmitted through trap line. spider lay down spiral lines of web. spider produce silk from glands located at rear. spiral lines are sticky thanks to special adhesive substance produced. spider make adjustments needed. lines are spaced apart. spider will anchor strand. lines are sticky thanks to special adhesive substance produced by spider. spider will begin in place. lines are sticky thanks to special substance. spiral lines are sticky thanks. lines are made by spider. spiral lines are sticky thanks to special adhesive substance produced by spider. spider will anchor strand to surface. spider produce silk from specialized glands located at rear. lines are made by spider moving. spider selecting location. lines are sticky thanks to special adhesive substance produced.",
    "evaluation": 0
  },
  {
    "accuracy": "53.33%"
  }
]