[
  {
    "correct_answer": "Storytelling is a form of communication used by humans for centuries.",
    "retrieved_context": "Storytelling is ancient form of communication. Storytelling Art of is ancient form of communication. Storytelling is form. Storytelling is ancient form. Storytelling Art of is form of communication. storytelling create world for audience inhabit. storytelling often involves use of symbolism. storytelling create narrative. storytelling art of is In conclusion form of communication. storytelling also relies on use of imagery. storytelling is art of using words. storytelling also relies on use of vivid imagery. storytelling create world. storytelling relies In structure. storytelling Furthermore involves use. storytelling create world audience inhabit. storytelling art of is form. use convey meanings. art is form. storytelling is art of words. art is versatile form. versatile form is In conclusion. storytelling art of is In conclusion form. storytelling art of is versatile form. art is versatile form In conclusion. storytelling art of is In conclusion versatile form. art is In conclusion versatile form of communication. storytelling is art. storytelling create world for audience to inhabit. use convey deeper meanings. storytelling art of is In conclusion versatile form of communication. storytelling is At its core art of words. storytelling is art At its core. art is In conclusion form of communication. storytelling is At its core art of using words. art is versatile and profound form of communication. storytelling create rich world. storytelling create world audience to inhabit. storytelling has ability to captivate. storytelling has ability captivate. effective storytelling create world audience to inhabit. effective storytelling create world. effective storytelling also relies In structure. use convey meanings. effective storytelling create world for audience inhabit. effective storytelling relies on use of vivid imagery. effective storytelling relies on use. effective storytelling create rich world. use convey deeper meanings. effective storytelling create world audience inhabit. effective storytelling relies on use of imagery. effective storytelling create world for audience to inhabit.",
    "evaluation": 1
  },
  {
    "correct_answer": "Storytelling conveys emotions and shares experiences.",
    "retrieved_context": "Storytelling is ancient form of communication. Storytelling Art of is ancient form of communication. Storytelling is form. Storytelling is ancient form. Storytelling Art of is form of communication. storytelling create world for audience inhabit. storytelling often involves use of symbolism. storytelling create narrative. storytelling art of is In conclusion form of communication. storytelling also relies on use of imagery. storytelling is art of using words. storytelling also relies on use of vivid imagery. storytelling create world. storytelling relies In structure. storytelling Furthermore involves use. storytelling create world audience inhabit. storytelling art of is form. use convey meanings. art is form. storytelling is art of words. art is versatile form. versatile form is In conclusion. storytelling art of is In conclusion form. storytelling art of is versatile form. art is versatile form In conclusion. storytelling art of is In conclusion versatile form. art is In conclusion versatile form of communication. storytelling is art. storytelling create world for audience to inhabit. use convey deeper meanings. storytelling art of is In conclusion versatile form of communication. storytelling is At its core art of words. storytelling is art At its core. art is In conclusion form of communication. storytelling is At its core art of using words. art is versatile and profound form of communication. storytelling create rich world. storytelling create world audience to inhabit. storytelling has ability to captivate. storytelling has ability captivate. effective storytelling create world audience to inhabit. effective storytelling create world. effective storytelling also relies In structure. use convey meanings. effective storytelling create world for audience inhabit. effective storytelling relies on use of vivid imagery. effective storytelling relies on use. effective storytelling create rich world. use convey deeper meanings. effective storytelling create world audience inhabit. effective storytelling relies on use of imagery. effective storytelling create world for audience to inhabit.",
    "evaluation": 0
  },
  {
    "correct_answer": "Storytelling passes down knowledge from generation to generation.",
    "retrieved_context": "Storytelling is ancient form of communication. Storytelling Art of is ancient form of communication. Storytelling is form. Storytelling is ancient form. Storytelling Art of is form of communication. storytelling create world for audience inhabit. storytelling often involves use of symbolism. storytelling create narrative. storytelling art of is In conclusion form of communication. storytelling also relies on use of imagery. storytelling is art of using words. storytelling also relies on use of vivid imagery. storytelling create world. storytelling relies In structure. storytelling Furthermore involves use. storytelling create world audience inhabit. storytelling art of is form. use convey meanings. art is form. storytelling is art of words. art is versatile form. versatile form is In conclusion. storytelling art of is In conclusion form. storytelling art of is versatile form. art is versatile form In conclusion. storytelling art of is In conclusion versatile form. art is In conclusion versatile form of communication. storytelling is art. storytelling create world for audience to inhabit. use convey deeper meanings. storytelling art of is In conclusion versatile form of communication. storytelling is At its core art of words. storytelling is art At its core. art is In conclusion form of communication. storytelling is At its core art of using words. art is versatile and profound form of communication. storytelling create rich world. storytelling create world audience to inhabit. storytelling has ability to captivate. storytelling has ability captivate. effective storytelling create world audience to inhabit. effective storytelling create world. effective storytelling also relies In structure. use convey meanings. effective storytelling create world for audience inhabit. effective storytelling relies on use of vivid imagery. effective storytelling relies on use. effective storytelling create rich world. use convey deeper meanings. effective storytelling create world audience inhabit. effective storytelling relies on use of imagery. effective storytelling create world for audience to inhabit.",
    "evaluation": 0
  },
  {
    "correct_answer": "Storytelling engages the audience through words, images, or sounds.",
    "retrieved_context": "effective storytelling create world audience to inhabit. effective storytelling create world. effective storytelling also relies In structure. use convey meanings. effective storytelling create world for audience inhabit. effective storytelling relies on use of vivid imagery. effective storytelling relies on use. effective storytelling create rich world. use convey deeper meanings. effective storytelling create world audience inhabit. effective storytelling relies on use of imagery. effective storytelling create world for audience to inhabit. Storytelling is ancient form of communication. Storytelling Art of is ancient form of communication. Storytelling is form. Storytelling is ancient form. Storytelling Art of is form of communication. storytelling create world for audience inhabit. storytelling often involves use of symbolism. storytelling create narrative. storytelling art of is In conclusion form of communication. storytelling also relies on use of imagery. storytelling is art of using words. storytelling also relies on use of vivid imagery. storytelling create world. storytelling relies In structure. storytelling Furthermore involves use. storytelling create world audience inhabit. storytelling art of is form. use convey meanings. art is form. storytelling is art of words. art is versatile form. versatile form is In conclusion. storytelling art of is In conclusion form. storytelling art of is versatile form. art is versatile form In conclusion. storytelling art of is In conclusion versatile form. art is In conclusion versatile form of communication. storytelling is art. storytelling create world for audience to inhabit. use convey deeper meanings. storytelling art of is In conclusion versatile form of communication. storytelling is At its core art of words. storytelling is art At its core. art is In conclusion form of communication. storytelling is At its core art of using words. art is versatile and profound form of communication. storytelling create rich world. storytelling create world audience to inhabit. storytelling has ability to captivate. storytelling has ability captivate.",
    "evaluation": 1
  },
  {
    "correct_answer": "Storytelling can captivate, inspire, and provoke thought.",
    "retrieved_context": "effective storytelling create world audience to inhabit. effective storytelling create world. effective storytelling also relies In structure. use convey meanings. effective storytelling create world for audience inhabit. effective storytelling relies on use of vivid imagery. effective storytelling relies on use. effective storytelling create rich world. use convey deeper meanings. effective storytelling create world audience inhabit. effective storytelling relies on use of imagery. effective storytelling create world for audience to inhabit. Storytelling is ancient form of communication. Storytelling Art of is ancient form of communication. Storytelling is form. Storytelling is ancient form. Storytelling Art of is form of communication. storytelling create world for audience inhabit. storytelling often involves use of symbolism. storytelling create narrative. storytelling art of is In conclusion form of communication. storytelling also relies on use of imagery. storytelling is art of using words. storytelling also relies on use of vivid imagery. storytelling create world. storytelling relies In structure. storytelling Furthermore involves use. storytelling create world audience inhabit. storytelling art of is form. use convey meanings. art is form. storytelling is art of words. art is versatile form. versatile form is In conclusion. storytelling art of is In conclusion form. storytelling art of is versatile form. art is versatile form In conclusion. storytelling art of is In conclusion versatile form. art is In conclusion versatile form of communication. storytelling is art. storytelling create world for audience to inhabit. use convey deeper meanings. storytelling art of is In conclusion versatile form of communication. storytelling is At its core art of words. storytelling is art At its core. art is In conclusion form of communication. storytelling is At its core art of using words. art is versatile and profound form of communication. storytelling create rich world. storytelling create world audience to inhabit. storytelling has ability to captivate. storytelling has ability captivate.",
    "evaluation": 0
  },
  {
    "correct_answer": "Storytelling creates a connection with the audience.",
    "retrieved_context": "Storytelling is ancient form of communication. Storytelling Art of is ancient form of communication. Storytelling is form. Storytelling is ancient form. Storytelling Art of is form of communication. storytelling create world for audience inhabit. storytelling often involves use of symbolism. storytelling create narrative. storytelling art of is In conclusion form of communication. storytelling also relies on use of imagery. storytelling is art of using words. storytelling also relies on use of vivid imagery. storytelling create world. storytelling relies In structure. storytelling Furthermore involves use. storytelling create world audience inhabit. storytelling art of is form. use convey meanings. art is form. storytelling is art of words. art is versatile form. versatile form is In conclusion. storytelling art of is In conclusion form. storytelling art of is versatile form. art is versatile form In conclusion. storytelling art of is In conclusion versatile form. art is In conclusion versatile form of communication. storytelling is art. storytelling create world for audience to inhabit. use convey deeper meanings. storytelling art of is In conclusion versatile form of communication. storytelling is At its core art of words. storytelling is art At its core. art is In conclusion form of communication. storytelling is At its core art of using words. art is versatile and profound form of communication. storytelling create rich world. storytelling create world audience to inhabit. storytelling has ability to captivate. storytelling has ability captivate. effective storytelling create world audience to inhabit. effective storytelling create world. effective storytelling also relies In structure. use convey meanings. effective storytelling create world for audience inhabit. effective storytelling relies on use of vivid imagery. effective storytelling relies on use. effective storytelling create rich world. use convey deeper meanings. effective storytelling create world audience inhabit. effective storytelling relies on use of imagery. effective storytelling create world for audience to inhabit.",
    "evaluation": 0
  },
  {
    "correct_answer": "Storytelling makes the audience care about characters and events.",
    "retrieved_context": "effective storytelling create world audience to inhabit. effective storytelling create world. effective storytelling also relies In structure. use convey meanings. effective storytelling create world for audience inhabit. effective storytelling relies on use of vivid imagery. effective storytelling relies on use. effective storytelling create rich world. use convey deeper meanings. effective storytelling create world audience inhabit. effective storytelling relies on use of imagery. effective storytelling create world for audience to inhabit. Storytelling is ancient form of communication. Storytelling Art of is ancient form of communication. Storytelling is form. Storytelling is ancient form. Storytelling Art of is form of communication. storytelling create world for audience inhabit. storytelling often involves use of symbolism. storytelling create narrative. storytelling art of is In conclusion form of communication. storytelling also relies on use of imagery. storytelling is art of using words. storytelling also relies on use of vivid imagery. storytelling create world. storytelling relies In structure. storytelling Furthermore involves use. storytelling create world audience inhabit. storytelling art of is form. use convey meanings. art is form. storytelling is art of words. art is versatile form. versatile form is In conclusion. storytelling art of is In conclusion form. storytelling art of is versatile form. art is versatile form In conclusion. storytelling art of is In conclusion versatile form. art is In conclusion versatile form of communication. storytelling is art. storytelling create world for audience to inhabit. use convey deeper meanings. storytelling art of is In conclusion versatile form of communication. storytelling is At its core art of words. storytelling is art At its core. art is In conclusion form of communication. storytelling is At its core art of using words. art is versatile and profound form of communication. storytelling create rich world. storytelling create world audience to inhabit. storytelling has ability to captivate. storytelling has ability captivate.",
    "evaluation": 0
  },
  {
    "correct_answer": "Storytelling creates empathy and emotional resonance.",
    "retrieved_context": "Storytelling is ancient form of communication. Storytelling Art of is ancient form of communication. Storytelling is form. Storytelling is ancient form. Storytelling Art of is form of communication. storytelling create world for audience inhabit. storytelling often involves use of symbolism. storytelling create narrative. storytelling art of is In conclusion form of communication. storytelling also relies on use of imagery. storytelling is art of using words. storytelling also relies on use of vivid imagery. storytelling create world. storytelling relies In structure. storytelling Furthermore involves use. storytelling create world audience inhabit. storytelling art of is form. use convey meanings. art is form. storytelling is art of words. art is versatile form. versatile form is In conclusion. storytelling art of is In conclusion form. storytelling art of is versatile form. art is versatile form In conclusion. storytelling art of is In conclusion versatile form. art is In conclusion versatile form of communication. storytelling is art. storytelling create world for audience to inhabit. use convey deeper meanings. storytelling art of is In conclusion versatile form of communication. storytelling is At its core art of words. storytelling is art At its core. art is In conclusion form of communication. storytelling is At its core art of using words. art is versatile and profound form of communication. storytelling create rich world. storytelling create world audience to inhabit. storytelling has ability to captivate. storytelling has ability captivate. effective storytelling create world audience to inhabit. effective storytelling create world. effective storytelling also relies In structure. use convey meanings. effective storytelling create world for audience inhabit. effective storytelling relies on use of vivid imagery. effective storytelling relies on use. effective storytelling create rich world. use convey deeper meanings. effective storytelling create world audience inhabit. effective storytelling relies on use of imagery. effective storytelling create world for audience to inhabit.",
    "evaluation": 0
  },
  {
    "correct_answer": "Storytelling uses structure and pacing to build tension.",
    "retrieved_context": "Storytelling is ancient form of communication. Storytelling Art of is ancient form of communication. Storytelling is form. Storytelling is ancient form. Storytelling Art of is form of communication. storytelling create world for audience inhabit. storytelling often involves use of symbolism. storytelling create narrative. storytelling art of is In conclusion form of communication. storytelling also relies on use of imagery. storytelling is art of using words. storytelling also relies on use of vivid imagery. storytelling create world. storytelling relies In structure. storytelling Furthermore involves use. storytelling create world audience inhabit. storytelling art of is form. use convey meanings. art is form. storytelling is art of words. art is versatile form. versatile form is In conclusion. storytelling art of is In conclusion form. storytelling art of is versatile form. art is versatile form In conclusion. storytelling art of is In conclusion versatile form. art is In conclusion versatile form of communication. storytelling is art. storytelling create world for audience to inhabit. use convey deeper meanings. storytelling art of is In conclusion versatile form of communication. storytelling is At its core art of words. storytelling is art At its core. art is In conclusion form of communication. storytelling is At its core art of using words. art is versatile and profound form of communication. storytelling create rich world. storytelling create world audience to inhabit. storytelling has ability to captivate. storytelling has ability captivate. effective storytelling create world audience to inhabit. effective storytelling create world. effective storytelling also relies In structure. use convey meanings. effective storytelling create world for audience inhabit. effective storytelling relies on use of vivid imagery. effective storytelling relies on use. effective storytelling create rich world. use convey deeper meanings. effective storytelling create world audience inhabit. effective storytelling relies on use of imagery. effective storytelling create world for audience to inhabit.",
    "evaluation": 0
  },
  {
    "correct_answer": "Storytelling has a clear beginning, middle, and end.",
    "retrieved_context": "Storytelling is ancient form of communication. Storytelling Art of is ancient form of communication. Storytelling is form. Storytelling is ancient form. Storytelling Art of is form of communication. storytelling create world for audience inhabit. storytelling often involves use of symbolism. storytelling create narrative. storytelling art of is In conclusion form of communication. storytelling also relies on use of imagery. storytelling is art of using words. storytelling also relies on use of vivid imagery. storytelling create world. storytelling relies In structure. storytelling Furthermore involves use. storytelling create world audience inhabit. storytelling art of is form. use convey meanings. art is form. storytelling is art of words. art is versatile form. versatile form is In conclusion. storytelling art of is In conclusion form. storytelling art of is versatile form. art is versatile form In conclusion. storytelling art of is In conclusion versatile form. art is In conclusion versatile form of communication. storytelling is art. storytelling create world for audience to inhabit. use convey deeper meanings. storytelling art of is In conclusion versatile form of communication. storytelling is At its core art of words. storytelling is art At its core. art is In conclusion form of communication. storytelling is At its core art of using words. art is versatile and profound form of communication. storytelling create rich world. storytelling create world audience to inhabit. storytelling has ability to captivate. storytelling has ability captivate. effective storytelling create world audience to inhabit. effective storytelling create world. effective storytelling also relies In structure. use convey meanings. effective storytelling create world for audience inhabit. effective storytelling relies on use of vivid imagery. effective storytelling relies on use. effective storytelling create rich world. use convey deeper meanings. effective storytelling create world audience inhabit. effective storytelling relies on use of imagery. effective storytelling create world for audience to inhabit.",
    "evaluation": 0
  },
  {
    "correct_answer": "Storytelling relies on vivid imagery and descriptive language.",
    "retrieved_context": "effective storytelling create world audience to inhabit. effective storytelling create world. effective storytelling also relies In structure. use convey meanings. effective storytelling create world for audience inhabit. effective storytelling relies on use of vivid imagery. effective storytelling relies on use. effective storytelling create rich world. use convey deeper meanings. effective storytelling create world audience inhabit. effective storytelling relies on use of imagery. effective storytelling create world for audience to inhabit. Storytelling is ancient form of communication. Storytelling Art of is ancient form of communication. Storytelling is form. Storytelling is ancient form. Storytelling Art of is form of communication. storytelling create world for audience inhabit. storytelling often involves use of symbolism. storytelling create narrative. storytelling art of is In conclusion form of communication. storytelling also relies on use of imagery. storytelling is art of using words. storytelling also relies on use of vivid imagery. storytelling create world. storytelling relies In structure. storytelling Furthermore involves use. storytelling create world audience inhabit. storytelling art of is form. use convey meanings. art is form. storytelling is art of words. art is versatile form. versatile form is In conclusion. storytelling art of is In conclusion form. storytelling art of is versatile form. art is versatile form In conclusion. storytelling art of is In conclusion versatile form. art is In conclusion versatile form of communication. storytelling is art. storytelling create world for audience to inhabit. use convey deeper meanings. storytelling art of is In conclusion versatile form of communication. storytelling is At its core art of words. storytelling is art At its core. art is In conclusion form of communication. storytelling is At its core art of using words. art is versatile and profound form of communication. storytelling create rich world. storytelling create world audience to inhabit. storytelling has ability to captivate. storytelling has ability captivate.",
    "evaluation": 1
  },
  {
    "correct_answer": "Storytelling transports the audience to another time and place.",
    "retrieved_context": "Storytelling is ancient form of communication. Storytelling Art of is ancient form of communication. Storytelling is form. Storytelling is ancient form. Storytelling Art of is form of communication. storytelling create world for audience inhabit. storytelling often involves use of symbolism. storytelling create narrative. storytelling art of is In conclusion form of communication. storytelling also relies on use of imagery. storytelling is art of using words. storytelling also relies on use of vivid imagery. storytelling create world. storytelling relies In structure. storytelling Furthermore involves use. storytelling create world audience inhabit. storytelling art of is form. use convey meanings. art is form. storytelling is art of words. art is versatile form. versatile form is In conclusion. storytelling art of is In conclusion form. storytelling art of is versatile form. art is versatile form In conclusion. storytelling art of is In conclusion versatile form. art is In conclusion versatile form of communication. storytelling is art. storytelling create world for audience to inhabit. use convey deeper meanings. storytelling art of is In conclusion versatile form of communication. storytelling is At its core art of words. storytelling is art At its core. art is In conclusion form of communication. storytelling is At its core art of using words. art is versatile and profound form of communication. storytelling create rich world. storytelling create world audience to inhabit. storytelling has ability to captivate. storytelling has ability captivate. effective storytelling create world audience to inhabit. effective storytelling create world. effective storytelling also relies In structure. use convey meanings. effective storytelling create world for audience inhabit. effective storytelling relies on use of vivid imagery. effective storytelling relies on use. effective storytelling create rich world. use convey deeper meanings. effective storytelling create world audience inhabit. effective storytelling relies on use of imagery. effective storytelling create world for audience to inhabit.",
    "evaluation": 0
  },
  {
    "correct_answer": "Storytelling involves symbolism and metaphor to convey deeper meanings.",
    "retrieved_context": "Storytelling is ancient form of communication. Storytelling Art of is ancient form of communication. Storytelling is form. Storytelling is ancient form. Storytelling Art of is form of communication. storytelling create world for audience inhabit. storytelling often involves use of symbolism. storytelling create narrative. storytelling art of is In conclusion form of communication. storytelling also relies on use of imagery. storytelling is art of using words. storytelling also relies on use of vivid imagery. storytelling create world. storytelling relies In structure. storytelling Furthermore involves use. storytelling create world audience inhabit. storytelling art of is form. use convey meanings. art is form. storytelling is art of words. art is versatile form. versatile form is In conclusion. storytelling art of is In conclusion form. storytelling art of is versatile form. art is versatile form In conclusion. storytelling art of is In conclusion versatile form. art is In conclusion versatile form of communication. storytelling is art. storytelling create world for audience to inhabit. use convey deeper meanings. storytelling art of is In conclusion versatile form of communication. storytelling is At its core art of words. storytelling is art At its core. art is In conclusion form of communication. storytelling is At its core art of using words. art is versatile and profound form of communication. storytelling create rich world. storytelling create world audience to inhabit. storytelling has ability to captivate. storytelling has ability captivate. effective storytelling create world audience to inhabit. effective storytelling create world. effective storytelling also relies In structure. use convey meanings. effective storytelling create world for audience inhabit. effective storytelling relies on use of vivid imagery. effective storytelling relies on use. effective storytelling create rich world. use convey deeper meanings. effective storytelling create world audience inhabit. effective storytelling relies on use of imagery. effective storytelling create world for audience to inhabit.",
    "evaluation": 0
  },
  {
    "correct_answer": "Storytelling fosters empathy and understanding among people.",
    "retrieved_context": "Storytelling is ancient form of communication. Storytelling Art of is ancient form of communication. Storytelling is form. Storytelling is ancient form. Storytelling Art of is form of communication. storytelling create world for audience inhabit. storytelling often involves use of symbolism. storytelling create narrative. storytelling art of is In conclusion form of communication. storytelling also relies on use of imagery. storytelling is art of using words. storytelling also relies on use of vivid imagery. storytelling create world. storytelling relies In structure. storytelling Furthermore involves use. storytelling create world audience inhabit. storytelling art of is form. use convey meanings. art is form. storytelling is art of words. art is versatile form. versatile form is In conclusion. storytelling art of is In conclusion form. storytelling art of is versatile form. art is versatile form In conclusion. storytelling art of is In conclusion versatile form. art is In conclusion versatile form of communication. storytelling is art. storytelling create world for audience to inhabit. use convey deeper meanings. storytelling art of is In conclusion versatile form of communication. storytelling is At its core art of words. storytelling is art At its core. art is In conclusion form of communication. storytelling is At its core art of using words. art is versatile and profound form of communication. storytelling create rich world. storytelling create world audience to inhabit. storytelling has ability to captivate. storytelling has ability captivate. effective storytelling create world audience to inhabit. effective storytelling create world. effective storytelling also relies In structure. use convey meanings. effective storytelling create world for audience inhabit. effective storytelling relies on use of vivid imagery. effective storytelling relies on use. effective storytelling create rich world. use convey deeper meanings. effective storytelling create world audience inhabit. effective storytelling relies on use of imagery. effective storytelling create world for audience to inhabit.",
    "evaluation": 0
  },
  {
    "correct_answer": "Storytelling helps bridge cultural divides and challenge stereotypes.",
    "retrieved_context": "Storytelling is ancient form of communication. Storytelling Art of is ancient form of communication. Storytelling is form. Storytelling is ancient form. Storytelling Art of is form of communication. storytelling create world for audience inhabit. storytelling often involves use of symbolism. storytelling create narrative. storytelling art of is In conclusion form of communication. storytelling also relies on use of imagery. storytelling is art of using words. storytelling also relies on use of vivid imagery. storytelling create world. storytelling relies In structure. storytelling Furthermore involves use. storytelling create world audience inhabit. storytelling art of is form. use convey meanings. art is form. storytelling is art of words. art is versatile form. versatile form is In conclusion. storytelling art of is In conclusion form. storytelling art of is versatile form. art is versatile form In conclusion. storytelling art of is In conclusion versatile form. art is In conclusion versatile form of communication. storytelling is art. storytelling create world for audience to inhabit. use convey deeper meanings. storytelling art of is In conclusion versatile form of communication. storytelling is At its core art of words. storytelling is art At its core. art is In conclusion form of communication. storytelling is At its core art of using words. art is versatile and profound form of communication. storytelling create rich world. storytelling create world audience to inhabit. storytelling has ability to captivate. storytelling has ability captivate. effective storytelling create world audience to inhabit. effective storytelling create world. effective storytelling also relies In structure. use convey meanings. effective storytelling create world for audience inhabit. effective storytelling relies on use of vivid imagery. effective storytelling relies on use. effective storytelling create rich world. use convey deeper meanings. effective storytelling create world audience inhabit. effective storytelling relies on use of imagery. effective storytelling create world for audience to inhabit.",
    "evaluation": 0
  },
  {
    "accuracy": "20.00%"
  }
]