[
  {
    "correct_answer": "Autonomous vehicles are also known as self-driving cars.",
    "retrieved_context": "autonomous vehicles operate in conditions. autonomous vehicles have potential In safety benefits. technology is in its early stages. autonomous vehicles become on our roads in not distant future. autonomous vehicles become on our roads in distant future. technology is in still its early stages. autonomous vehicles become sight. autonomous vehicles become on our roads. technology continues to improve. technology continues improve. autonomous vehicles are While equipped with technology. potential development of vehicles. technology is in While still its stages. autonomous vehicles become on our roads in too distant future. autonomous vehicles have potential In conclusion. autonomous vehicles could also lead to decrease in number of vehicles on road overall. potential development of autonomous vehicles. technology is in While its early stages. decrease is in number of vehicles on road overall. autonomous vehicles become on our roads in not too distant future. autonomous vehicles could lead to decrease in number of vehicles on road. autonomous vehicles Furthermore could also lead to decrease in number. autonomous vehicles are While equipped. autonomous vehicles Furthermore could also lead to decrease. autonomous vehicles could lead to decrease in number on road overall. autonomous vehicles have potential. technology is in While its stages. technology is in While still its early stages. technology is in its stages. autonomous vehicles are equipped. technology is in still its stages. autonomous vehicles become common sight. autonomous vehicles become on our roads in future. our roads is in not too distant future. autonomous vehicles are equipped with technology. autonomous vehicles could lead to decrease in number on road. autonomous vehicles Furthermore could also lead to decrease in number of vehicles. potential development of vehicles. potential development of autonomous vehicles. Autonomous vehicles have potential. Autonomous Vehicles Autonomous vehicles Future of been have topic of interest in recent years. Autonomous Vehicles Autonomous vehicles Future of been have topic of great interest in years. Autonomous Vehicles Autonomous vehicles Future of been have topic in recent years. Autonomous Vehicles Autonomous vehicles Future of been have topic of great interest. have topic is in recent years. Autonomous Vehicles Autonomous vehicles Future of been have topic of interest in years. Autonomous Vehicles Autonomous vehicles Future of been have topic. Autonomous Vehicles Autonomous vehicles Future of been have topic in years. Autonomous Vehicles Autonomous vehicles Future of been have topic of great interest in recent years. Autonomous Vehicles Autonomous vehicles Future of been have topic of interest. autonomous fleets could potentially replace individual car ownership for many people. autonomous fleets could replace car ownership for many people. autonomous fleets could potentially replace individual car ownership for people. autonomous fleets could potentially replace car ownership for people. technology is in its early stages. vehicles Furthermore could also lead to decrease in number of vehicles. vehicles are equipped. technology is in still its early stages. vehicles become on our roads in distant future. technology continues to improve. technology continues improve. vehicles have potential In conclusion. potential development of vehicles. technology is in While still its stages. vehicles become on our roads in future. vehicles become on our roads in not distant future. potential development of autonomous vehicles. technology is in While its early stages. vehicles are While equipped. vehicles are While equipped with technology. decrease is in number of vehicles on road overall. vehicles Furthermore could also lead to decrease in number of vehicles on road overall. vehicles become sight. vehicles could lead to decrease in number. vehicles could also lead to decrease. technology is in While its stages. technology is in While still its early stages. technology is in its stages. vehicles become on our roads in not too distant future. vehicles become on our roads in too distant future. vehicles are equipped with technology. vehicles could lead to decrease in number of vehicles on road. vehicles also have potential In safety benefits. technology is in still its stages. vehicles become on our roads. our roads is in not too distant future. vehicles become common sight. vehicles operate in conditions. vehicles could also lead to decrease in number on road. vehicles Furthermore could also lead to decrease in number on road overall. vehicles have potential. shared autonomous fleets could replace individual car ownership for people. shared autonomous fleets could replace car ownership for people. shared autonomous fleets could potentially replace individual car ownership for many people. shared autonomous fleets could replace car ownership for many people.",
    "evaluation": 0
  },
  {
    "correct_answer": "Autonomous vehicles have the potential to revolutionize transportation.",
    "retrieved_context": "autonomous vehicles operate in conditions. autonomous vehicles have potential In safety benefits. technology is in its early stages. autonomous vehicles become on our roads in not distant future. autonomous vehicles become on our roads in distant future. technology is in still its early stages. autonomous vehicles become sight. autonomous vehicles become on our roads. technology continues to improve. technology continues improve. autonomous vehicles are While equipped with technology. potential development of vehicles. technology is in While still its stages. autonomous vehicles become on our roads in too distant future. autonomous vehicles have potential In conclusion. autonomous vehicles could also lead to decrease in number of vehicles on road overall. potential development of autonomous vehicles. technology is in While its early stages. decrease is in number of vehicles on road overall. autonomous vehicles become on our roads in not too distant future. autonomous vehicles could lead to decrease in number of vehicles on road. autonomous vehicles Furthermore could also lead to decrease in number. autonomous vehicles are While equipped. autonomous vehicles Furthermore could also lead to decrease. autonomous vehicles could lead to decrease in number on road overall. autonomous vehicles have potential. technology is in While its stages. technology is in While still its early stages. technology is in its stages. autonomous vehicles are equipped. technology is in still its stages. autonomous vehicles become common sight. autonomous vehicles become on our roads in future. our roads is in not too distant future. autonomous vehicles are equipped with technology. autonomous vehicles could lead to decrease in number on road. autonomous vehicles Furthermore could also lead to decrease in number of vehicles. potential development of vehicles. potential development of autonomous vehicles. Autonomous vehicles have potential. Autonomous Vehicles Autonomous vehicles Future of been have topic of interest in recent years. Autonomous Vehicles Autonomous vehicles Future of been have topic of great interest in years. Autonomous Vehicles Autonomous vehicles Future of been have topic in recent years. Autonomous Vehicles Autonomous vehicles Future of been have topic of great interest. have topic is in recent years. Autonomous Vehicles Autonomous vehicles Future of been have topic of interest in years. Autonomous Vehicles Autonomous vehicles Future of been have topic. Autonomous Vehicles Autonomous vehicles Future of been have topic in years. Autonomous Vehicles Autonomous vehicles Future of been have topic of great interest in recent years. Autonomous Vehicles Autonomous vehicles Future of been have topic of interest. technology is in its early stages. vehicles Furthermore could also lead to decrease in number of vehicles. vehicles are equipped. technology is in still its early stages. vehicles become on our roads in distant future. technology continues to improve. technology continues improve. vehicles have potential In conclusion. potential development of vehicles. technology is in While still its stages. vehicles become on our roads in future. vehicles become on our roads in not distant future. potential development of autonomous vehicles. technology is in While its early stages. vehicles are While equipped. vehicles are While equipped with technology. decrease is in number of vehicles on road overall. vehicles Furthermore could also lead to decrease in number of vehicles on road overall. vehicles become sight. vehicles could lead to decrease in number. vehicles could also lead to decrease. technology is in While its stages. technology is in While still its early stages. technology is in its stages. vehicles become on our roads in not too distant future. vehicles become on our roads in too distant future. vehicles are equipped with technology. vehicles could lead to decrease in number of vehicles on road. vehicles also have potential In safety benefits. technology is in still its stages. vehicles become on our roads. our roads is in not too distant future. vehicles become common sight. vehicles operate in conditions. vehicles could also lead to decrease in number on road. vehicles Furthermore could also lead to decrease in number on road overall. vehicles have potential.",
    "evaluation": 1
  },
  {
    "correct_answer": "Autonomous vehicles promise increased safety, efficiency, and convenience.",
    "retrieved_context": "autonomous vehicles operate in conditions. autonomous vehicles have potential In safety benefits. technology is in its early stages. autonomous vehicles become on our roads in not distant future. autonomous vehicles become on our roads in distant future. technology is in still its early stages. autonomous vehicles become sight. autonomous vehicles become on our roads. technology continues to improve. technology continues improve. autonomous vehicles are While equipped with technology. potential development of vehicles. technology is in While still its stages. autonomous vehicles become on our roads in too distant future. autonomous vehicles have potential In conclusion. autonomous vehicles could also lead to decrease in number of vehicles on road overall. potential development of autonomous vehicles. technology is in While its early stages. decrease is in number of vehicles on road overall. autonomous vehicles become on our roads in not too distant future. autonomous vehicles could lead to decrease in number of vehicles on road. autonomous vehicles Furthermore could also lead to decrease in number. autonomous vehicles are While equipped. autonomous vehicles Furthermore could also lead to decrease. autonomous vehicles could lead to decrease in number on road overall. autonomous vehicles have potential. technology is in While its stages. technology is in While still its early stages. technology is in its stages. autonomous vehicles are equipped. technology is in still its stages. autonomous vehicles become common sight. autonomous vehicles become on our roads in future. our roads is in not too distant future. autonomous vehicles are equipped with technology. autonomous vehicles could lead to decrease in number on road. autonomous vehicles Furthermore could also lead to decrease in number of vehicles. potential development of vehicles. potential development of autonomous vehicles. Autonomous vehicles have potential. Autonomous Vehicles Autonomous vehicles Future of been have topic of interest in recent years. Autonomous Vehicles Autonomous vehicles Future of been have topic of great interest in years. Autonomous Vehicles Autonomous vehicles Future of been have topic in recent years. Autonomous Vehicles Autonomous vehicles Future of been have topic of great interest. have topic is in recent years. Autonomous Vehicles Autonomous vehicles Future of been have topic of interest in years. Autonomous Vehicles Autonomous vehicles Future of been have topic. Autonomous Vehicles Autonomous vehicles Future of been have topic in years. Autonomous Vehicles Autonomous vehicles Future of been have topic of great interest in recent years. Autonomous Vehicles Autonomous vehicles Future of been have topic of interest. technology is in its early stages. vehicles Furthermore could also lead to decrease in number of vehicles. vehicles are equipped. technology is in still its early stages. vehicles become on our roads in distant future. technology continues to improve. technology continues improve. vehicles have potential In conclusion. potential development of vehicles. technology is in While still its stages. vehicles become on our roads in future. vehicles become on our roads in not distant future. potential development of autonomous vehicles. technology is in While its early stages. vehicles are While equipped. vehicles are While equipped with technology. decrease is in number of vehicles on road overall. vehicles Furthermore could also lead to decrease in number of vehicles on road overall. vehicles become sight. vehicles could lead to decrease in number. vehicles could also lead to decrease. technology is in While its stages. technology is in While still its early stages. technology is in its stages. vehicles become on our roads in not too distant future. vehicles become on our roads in too distant future. vehicles are equipped with technology. vehicles could lead to decrease in number of vehicles on road. vehicles also have potential In safety benefits. technology is in still its stages. vehicles become on our roads. our roads is in not too distant future. vehicles become common sight. vehicles operate in conditions. vehicles could also lead to decrease in number on road. vehicles Furthermore could also lead to decrease in number on road overall. vehicles have potential. autonomous fleets could potentially replace individual car ownership for many people. autonomous fleets could replace car ownership for many people. autonomous fleets could potentially replace individual car ownership for people. autonomous fleets could potentially replace car ownership for people.",
    "evaluation": 0
  },
  {
    "correct_answer": "Significant progress has been made in the development of autonomous vehicles.",
    "retrieved_context": "Autonomous Vehicles Autonomous vehicles Future of been have topic of interest in recent years. Autonomous Vehicles Autonomous vehicles Future of been have topic of great interest in years. Autonomous Vehicles Autonomous vehicles Future of been have topic in recent years. Autonomous Vehicles Autonomous vehicles Future of been have topic of great interest. have topic is in recent years. Autonomous Vehicles Autonomous vehicles Future of been have topic of interest in years. Autonomous Vehicles Autonomous vehicles Future of been have topic. Autonomous Vehicles Autonomous vehicles Future of been have topic in years. Autonomous Vehicles Autonomous vehicles Future of been have topic of great interest in recent years. Autonomous Vehicles Autonomous vehicles Future of been have topic of interest. autonomous vehicles operate in conditions. autonomous vehicles have potential In safety benefits. technology is in its early stages. autonomous vehicles become on our roads in not distant future. autonomous vehicles become on our roads in distant future. technology is in still its early stages. autonomous vehicles become sight. autonomous vehicles become on our roads. technology continues to improve. technology continues improve. autonomous vehicles are While equipped with technology. potential development of vehicles. technology is in While still its stages. autonomous vehicles become on our roads in too distant future. autonomous vehicles have potential In conclusion. autonomous vehicles could also lead to decrease in number of vehicles on road overall. potential development of autonomous vehicles. technology is in While its early stages. decrease is in number of vehicles on road overall. autonomous vehicles become on our roads in not too distant future. autonomous vehicles could lead to decrease in number of vehicles on road. autonomous vehicles Furthermore could also lead to decrease in number. autonomous vehicles are While equipped. autonomous vehicles Furthermore could also lead to decrease. autonomous vehicles could lead to decrease in number on road overall. autonomous vehicles have potential. technology is in While its stages. technology is in While still its early stages. technology is in its stages. autonomous vehicles are equipped. technology is in still its stages. autonomous vehicles become common sight. autonomous vehicles become on our roads in future. our roads is in not too distant future. autonomous vehicles are equipped with technology. autonomous vehicles could lead to decrease in number on road. autonomous vehicles Furthermore could also lead to decrease in number of vehicles. potential development of vehicles. potential development of autonomous vehicles. Autonomous vehicles have potential. significant progress has has made in recent years. significant progress has has made in years. significant progress has has made. technology is in its early stages. vehicles Furthermore could also lead to decrease in number of vehicles. vehicles are equipped. technology is in still its early stages. vehicles become on our roads in distant future. technology continues to improve. technology continues improve. vehicles have potential In conclusion. potential development of vehicles. technology is in While still its stages. vehicles become on our roads in future. vehicles become on our roads in not distant future. potential development of autonomous vehicles. technology is in While its early stages. vehicles are While equipped. vehicles are While equipped with technology. decrease is in number of vehicles on road overall. vehicles Furthermore could also lead to decrease in number of vehicles on road overall. vehicles become sight. vehicles could lead to decrease in number. vehicles could also lead to decrease. technology is in While its stages. technology is in While still its early stages. technology is in its stages. vehicles become on our roads in not too distant future. vehicles become on our roads in too distant future. vehicles are equipped with technology. vehicles could lead to decrease in number of vehicles on road. vehicles also have potential In safety benefits. technology is in still its stages. vehicles become on our roads. our roads is in not too distant future. vehicles become common sight. vehicles operate in conditions. vehicles could also lead to decrease in number on road. vehicles Furthermore could also lead to decrease in number on road overall. vehicles have potential.",
    "evaluation": 0
  },
  {
    "correct_answer": "Experts believe autonomous vehicles will play a significant role in the future of transportation.",
    "retrieved_context": "autonomous vehicles operate in conditions. autonomous vehicles have potential In safety benefits. technology is in its early stages. autonomous vehicles become on our roads in not distant future. autonomous vehicles become on our roads in distant future. technology is in still its early stages. autonomous vehicles become sight. autonomous vehicles become on our roads. technology continues to improve. technology continues improve. autonomous vehicles are While equipped with technology. potential development of vehicles. technology is in While still its stages. autonomous vehicles become on our roads in too distant future. autonomous vehicles have potential In conclusion. autonomous vehicles could also lead to decrease in number of vehicles on road overall. potential development of autonomous vehicles. technology is in While its early stages. decrease is in number of vehicles on road overall. autonomous vehicles become on our roads in not too distant future. autonomous vehicles could lead to decrease in number of vehicles on road. autonomous vehicles Furthermore could also lead to decrease in number. autonomous vehicles are While equipped. autonomous vehicles Furthermore could also lead to decrease. autonomous vehicles could lead to decrease in number on road overall. autonomous vehicles have potential. technology is in While its stages. technology is in While still its early stages. technology is in its stages. autonomous vehicles are equipped. technology is in still its stages. autonomous vehicles become common sight. autonomous vehicles become on our roads in future. our roads is in not too distant future. autonomous vehicles are equipped with technology. autonomous vehicles could lead to decrease in number on road. autonomous vehicles Furthermore could also lead to decrease in number of vehicles. potential development of vehicles. potential development of autonomous vehicles. Autonomous vehicles have potential. Autonomous Vehicles Autonomous vehicles Future of been have topic of interest in recent years. Autonomous Vehicles Autonomous vehicles Future of been have topic of great interest in years. Autonomous Vehicles Autonomous vehicles Future of been have topic in recent years. Autonomous Vehicles Autonomous vehicles Future of been have topic of great interest. have topic is in recent years. Autonomous Vehicles Autonomous vehicles Future of been have topic of interest in years. Autonomous Vehicles Autonomous vehicles Future of been have topic. Autonomous Vehicles Autonomous vehicles Future of been have topic in years. Autonomous Vehicles Autonomous vehicles Future of been have topic of great interest in recent years. Autonomous Vehicles Autonomous vehicles Future of been have topic of interest.",
    "evaluation": 0
  },
  {
    "correct_answer": "Autonomous vehicles can greatly reduce the number of accidents on the road.",
    "retrieved_context": "autonomous vehicles operate in conditions. autonomous vehicles have potential In safety benefits. technology is in its early stages. autonomous vehicles become on our roads in not distant future. autonomous vehicles become on our roads in distant future. technology is in still its early stages. autonomous vehicles become sight. autonomous vehicles become on our roads. technology continues to improve. technology continues improve. autonomous vehicles are While equipped with technology. potential development of vehicles. technology is in While still its stages. autonomous vehicles become on our roads in too distant future. autonomous vehicles have potential In conclusion. autonomous vehicles could also lead to decrease in number of vehicles on road overall. potential development of autonomous vehicles. technology is in While its early stages. decrease is in number of vehicles on road overall. autonomous vehicles become on our roads in not too distant future. autonomous vehicles could lead to decrease in number of vehicles on road. autonomous vehicles Furthermore could also lead to decrease in number. autonomous vehicles are While equipped. autonomous vehicles Furthermore could also lead to decrease. autonomous vehicles could lead to decrease in number on road overall. autonomous vehicles have potential. technology is in While its stages. technology is in While still its early stages. technology is in its stages. autonomous vehicles are equipped. technology is in still its stages. autonomous vehicles become common sight. autonomous vehicles become on our roads in future. our roads is in not too distant future. autonomous vehicles are equipped with technology. autonomous vehicles could lead to decrease in number on road. autonomous vehicles Furthermore could also lead to decrease in number of vehicles. potential development of vehicles. potential development of autonomous vehicles. Autonomous vehicles have potential. Autonomous Vehicles Autonomous vehicles Future of been have topic of interest in recent years. Autonomous Vehicles Autonomous vehicles Future of been have topic of great interest in years. Autonomous Vehicles Autonomous vehicles Future of been have topic in recent years. Autonomous Vehicles Autonomous vehicles Future of been have topic of great interest. have topic is in recent years. Autonomous Vehicles Autonomous vehicles Future of been have topic of interest in years. Autonomous Vehicles Autonomous vehicles Future of been have topic. Autonomous Vehicles Autonomous vehicles Future of been have topic in years. Autonomous Vehicles Autonomous vehicles Future of been have topic of great interest in recent years. Autonomous Vehicles Autonomous vehicles Future of been have topic of interest.",
    "evaluation": 0
  },
  {
    "correct_answer": "Autonomous vehicles eliminate human error from the driving equation.",
    "retrieved_context": "autonomous vehicles operate in conditions. autonomous vehicles have potential In safety benefits. technology is in its early stages. autonomous vehicles become on our roads in not distant future. autonomous vehicles become on our roads in distant future. technology is in still its early stages. autonomous vehicles become sight. autonomous vehicles become on our roads. technology continues to improve. technology continues improve. autonomous vehicles are While equipped with technology. potential development of vehicles. technology is in While still its stages. autonomous vehicles become on our roads in too distant future. autonomous vehicles have potential In conclusion. autonomous vehicles could also lead to decrease in number of vehicles on road overall. potential development of autonomous vehicles. technology is in While its early stages. decrease is in number of vehicles on road overall. autonomous vehicles become on our roads in not too distant future. autonomous vehicles could lead to decrease in number of vehicles on road. autonomous vehicles Furthermore could also lead to decrease in number. autonomous vehicles are While equipped. autonomous vehicles Furthermore could also lead to decrease. autonomous vehicles could lead to decrease in number on road overall. autonomous vehicles have potential. technology is in While its stages. technology is in While still its early stages. technology is in its stages. autonomous vehicles are equipped. technology is in still its stages. autonomous vehicles become common sight. autonomous vehicles become on our roads in future. our roads is in not too distant future. autonomous vehicles are equipped with technology. autonomous vehicles could lead to decrease in number on road. autonomous vehicles Furthermore could also lead to decrease in number of vehicles. potential development of vehicles. potential development of autonomous vehicles. Autonomous vehicles have potential. Autonomous Vehicles Autonomous vehicles Future of been have topic of interest in recent years. Autonomous Vehicles Autonomous vehicles Future of been have topic of great interest in years. Autonomous Vehicles Autonomous vehicles Future of been have topic in recent years. Autonomous Vehicles Autonomous vehicles Future of been have topic of great interest. have topic is in recent years. Autonomous Vehicles Autonomous vehicles Future of been have topic of interest in years. Autonomous Vehicles Autonomous vehicles Future of been have topic. Autonomous Vehicles Autonomous vehicles Future of been have topic in years. Autonomous Vehicles Autonomous vehicles Future of been have topic of great interest in recent years. Autonomous Vehicles Autonomous vehicles Future of been have topic of interest. human error being factor. human error being with contributing factor. human error being with major contributing factor. human error being with factor. human error being major factor. human error being with major factor. human error being major contributing factor. human error being contributing factor.",
    "evaluation": 0
  },
  {
    "correct_answer": "Autonomous vehicles use sensors, cameras, and AI algorithms to monitor surroundings.",
    "retrieved_context": "autonomous vehicles operate in conditions. autonomous vehicles have potential In safety benefits. technology is in its early stages. autonomous vehicles become on our roads in not distant future. autonomous vehicles become on our roads in distant future. technology is in still its early stages. autonomous vehicles become sight. autonomous vehicles become on our roads. technology continues to improve. technology continues improve. autonomous vehicles are While equipped with technology. potential development of vehicles. technology is in While still its stages. autonomous vehicles become on our roads in too distant future. autonomous vehicles have potential In conclusion. autonomous vehicles could also lead to decrease in number of vehicles on road overall. potential development of autonomous vehicles. technology is in While its early stages. decrease is in number of vehicles on road overall. autonomous vehicles become on our roads in not too distant future. autonomous vehicles could lead to decrease in number of vehicles on road. autonomous vehicles Furthermore could also lead to decrease in number. autonomous vehicles are While equipped. autonomous vehicles Furthermore could also lead to decrease. autonomous vehicles could lead to decrease in number on road overall. autonomous vehicles have potential. technology is in While its stages. technology is in While still its early stages. technology is in its stages. autonomous vehicles are equipped. technology is in still its stages. autonomous vehicles become common sight. autonomous vehicles become on our roads in future. our roads is in not too distant future. autonomous vehicles are equipped with technology. autonomous vehicles could lead to decrease in number on road. autonomous vehicles Furthermore could also lead to decrease in number of vehicles. potential development of vehicles. potential development of autonomous vehicles. Autonomous vehicles have potential. Autonomous Vehicles Autonomous vehicles Future of been have topic of interest in recent years. Autonomous Vehicles Autonomous vehicles Future of been have topic of great interest in years. Autonomous Vehicles Autonomous vehicles Future of been have topic in recent years. Autonomous Vehicles Autonomous vehicles Future of been have topic of great interest. have topic is in recent years. Autonomous Vehicles Autonomous vehicles Future of been have topic of interest in years. Autonomous Vehicles Autonomous vehicles Future of been have topic. Autonomous Vehicles Autonomous vehicles Future of been have topic in years. Autonomous Vehicles Autonomous vehicles Future of been have topic of great interest in recent years. Autonomous Vehicles Autonomous vehicles Future of been have topic of interest. technology is in its early stages. vehicles Furthermore could also lead to decrease in number of vehicles. vehicles are equipped. technology is in still its early stages. vehicles become on our roads in distant future. technology continues to improve. technology continues improve. vehicles have potential In conclusion. potential development of vehicles. technology is in While still its stages. vehicles become on our roads in future. vehicles become on our roads in not distant future. potential development of autonomous vehicles. technology is in While its early stages. vehicles are While equipped. vehicles are While equipped with technology. decrease is in number of vehicles on road overall. vehicles Furthermore could also lead to decrease in number of vehicles on road overall. vehicles become sight. vehicles could lead to decrease in number. vehicles could also lead to decrease. technology is in While its stages. technology is in While still its early stages. technology is in its stages. vehicles become on our roads in not too distant future. vehicles become on our roads in too distant future. vehicles are equipped with technology. vehicles could lead to decrease in number of vehicles on road. vehicles also have potential In safety benefits. technology is in still its stages. vehicles become on our roads. our roads is in not too distant future. vehicles become common sight. vehicles operate in conditions. vehicles could also lead to decrease in number on road. vehicles Furthermore could also lead to decrease in number on road overall. vehicles have potential. autonomous fleets could potentially replace individual car ownership for many people. autonomous fleets could replace car ownership for many people. autonomous fleets could potentially replace individual car ownership for people. autonomous fleets could potentially replace car ownership for people.",
    "evaluation": 0
  },
  {
    "correct_answer": "Autonomous vehicles can react to potential hazards faster than human drivers.",
    "retrieved_context": "autonomous vehicles operate in conditions. autonomous vehicles have potential In safety benefits. technology is in its early stages. autonomous vehicles become on our roads in not distant future. autonomous vehicles become on our roads in distant future. technology is in still its early stages. autonomous vehicles become sight. autonomous vehicles become on our roads. technology continues to improve. technology continues improve. autonomous vehicles are While equipped with technology. potential development of vehicles. technology is in While still its stages. autonomous vehicles become on our roads in too distant future. autonomous vehicles have potential In conclusion. autonomous vehicles could also lead to decrease in number of vehicles on road overall. potential development of autonomous vehicles. technology is in While its early stages. decrease is in number of vehicles on road overall. autonomous vehicles become on our roads in not too distant future. autonomous vehicles could lead to decrease in number of vehicles on road. autonomous vehicles Furthermore could also lead to decrease in number. autonomous vehicles are While equipped. autonomous vehicles Furthermore could also lead to decrease. autonomous vehicles could lead to decrease in number on road overall. autonomous vehicles have potential. technology is in While its stages. technology is in While still its early stages. technology is in its stages. autonomous vehicles are equipped. technology is in still its stages. autonomous vehicles become common sight. autonomous vehicles become on our roads in future. our roads is in not too distant future. autonomous vehicles are equipped with technology. autonomous vehicles could lead to decrease in number on road. autonomous vehicles Furthermore could also lead to decrease in number of vehicles. potential development of vehicles. potential development of autonomous vehicles. Autonomous vehicles have potential. Autonomous Vehicles Autonomous vehicles Future of been have topic of interest in recent years. Autonomous Vehicles Autonomous vehicles Future of been have topic of great interest in years. Autonomous Vehicles Autonomous vehicles Future of been have topic in recent years. Autonomous Vehicles Autonomous vehicles Future of been have topic of great interest. have topic is in recent years. Autonomous Vehicles Autonomous vehicles Future of been have topic of interest in years. Autonomous Vehicles Autonomous vehicles Future of been have topic. Autonomous Vehicles Autonomous vehicles Future of been have topic in years. Autonomous Vehicles Autonomous vehicles Future of been have topic of great interest in recent years. Autonomous Vehicles Autonomous vehicles Future of been have topic of interest. technology is in its early stages. vehicles Furthermore could also lead to decrease in number of vehicles. vehicles are equipped. technology is in still its early stages. vehicles become on our roads in distant future. technology continues to improve. technology continues improve. vehicles have potential In conclusion. potential development of vehicles. technology is in While still its stages. vehicles become on our roads in future. vehicles become on our roads in not distant future. potential development of autonomous vehicles. technology is in While its early stages. vehicles are While equipped. vehicles are While equipped with technology. decrease is in number of vehicles on road overall. vehicles Furthermore could also lead to decrease in number of vehicles on road overall. vehicles become sight. vehicles could lead to decrease in number. vehicles could also lead to decrease. technology is in While its stages. technology is in While still its early stages. technology is in its stages. vehicles become on our roads in not too distant future. vehicles become on our roads in too distant future. vehicles are equipped with technology. vehicles could lead to decrease in number of vehicles on road. vehicles also have potential In safety benefits. technology is in still its stages. vehicles become on our roads. our roads is in not too distant future. vehicles become common sight. vehicles operate in conditions. vehicles could also lead to decrease in number on road. vehicles Furthermore could also lead to decrease in number on road overall. vehicles have potential. safety biggest challenges reliability.",
    "evaluation": 0
  },
  {
    "correct_answer": "Autonomous vehicles can optimize traffic flow in real-time.",
    "retrieved_context": "traffic flow can with traffic infrastructure can optimized in real time. traffic flow can with traffic infrastructure can optimized. traffic flow can can optimized. traffic flow can with traffic infrastructure can optimized in time. traffic flow can can optimized in real time. traffic flow can can optimized in time. autonomous vehicles operate in conditions. autonomous vehicles have potential In safety benefits. technology is in its early stages. autonomous vehicles become on our roads in not distant future. autonomous vehicles become on our roads in distant future. technology is in still its early stages. autonomous vehicles become sight. autonomous vehicles become on our roads. technology continues to improve. technology continues improve. autonomous vehicles are While equipped with technology. potential development of vehicles. technology is in While still its stages. autonomous vehicles become on our roads in too distant future. autonomous vehicles have potential In conclusion. autonomous vehicles could also lead to decrease in number of vehicles on road overall. potential development of autonomous vehicles. technology is in While its early stages. decrease is in number of vehicles on road overall. autonomous vehicles become on our roads in not too distant future. autonomous vehicles could lead to decrease in number of vehicles on road. autonomous vehicles Furthermore could also lead to decrease in number. autonomous vehicles are While equipped. autonomous vehicles Furthermore could also lead to decrease. autonomous vehicles could lead to decrease in number on road overall. autonomous vehicles have potential. technology is in While its stages. technology is in While still its early stages. technology is in its stages. autonomous vehicles are equipped. technology is in still its stages. autonomous vehicles become common sight. autonomous vehicles become on our roads in future. our roads is in not too distant future. autonomous vehicles are equipped with technology. autonomous vehicles could lead to decrease in number on road. autonomous vehicles Furthermore could also lead to decrease in number of vehicles. potential development of vehicles. potential development of autonomous vehicles. Autonomous vehicles have potential. Autonomous Vehicles Autonomous vehicles Future of been have topic of interest in recent years. Autonomous Vehicles Autonomous vehicles Future of been have topic of great interest in years. Autonomous Vehicles Autonomous vehicles Future of been have topic in recent years. Autonomous Vehicles Autonomous vehicles Future of been have topic of great interest. have topic is in recent years. Autonomous Vehicles Autonomous vehicles Future of been have topic of interest in years. Autonomous Vehicles Autonomous vehicles Future of been have topic. Autonomous Vehicles Autonomous vehicles Future of been have topic in years. Autonomous Vehicles Autonomous vehicles Future of been have topic of great interest in recent years. Autonomous Vehicles Autonomous vehicles Future of been have topic of interest.",
    "evaluation": 0
  },
  {
    "correct_answer": "Autonomous vehicles can reduce congestion and travel times.",
    "retrieved_context": "autonomous vehicles operate in conditions. autonomous vehicles have potential In safety benefits. technology is in its early stages. autonomous vehicles become on our roads in not distant future. autonomous vehicles become on our roads in distant future. technology is in still its early stages. autonomous vehicles become sight. autonomous vehicles become on our roads. technology continues to improve. technology continues improve. autonomous vehicles are While equipped with technology. potential development of vehicles. technology is in While still its stages. autonomous vehicles become on our roads in too distant future. autonomous vehicles have potential In conclusion. autonomous vehicles could also lead to decrease in number of vehicles on road overall. potential development of autonomous vehicles. technology is in While its early stages. decrease is in number of vehicles on road overall. autonomous vehicles become on our roads in not too distant future. autonomous vehicles could lead to decrease in number of vehicles on road. autonomous vehicles Furthermore could also lead to decrease in number. autonomous vehicles are While equipped. autonomous vehicles Furthermore could also lead to decrease. autonomous vehicles could lead to decrease in number on road overall. autonomous vehicles have potential. technology is in While its stages. technology is in While still its early stages. technology is in its stages. autonomous vehicles are equipped. technology is in still its stages. autonomous vehicles become common sight. autonomous vehicles become on our roads in future. our roads is in not too distant future. autonomous vehicles are equipped with technology. autonomous vehicles could lead to decrease in number on road. autonomous vehicles Furthermore could also lead to decrease in number of vehicles. potential development of vehicles. potential development of autonomous vehicles. Autonomous vehicles have potential. Autonomous Vehicles Autonomous vehicles Future of been have topic of interest in recent years. Autonomous Vehicles Autonomous vehicles Future of been have topic of great interest in years. Autonomous Vehicles Autonomous vehicles Future of been have topic in recent years. Autonomous Vehicles Autonomous vehicles Future of been have topic of great interest. have topic is in recent years. Autonomous Vehicles Autonomous vehicles Future of been have topic of interest in years. Autonomous Vehicles Autonomous vehicles Future of been have topic. Autonomous Vehicles Autonomous vehicles Future of been have topic in years. Autonomous Vehicles Autonomous vehicles Future of been have topic of great interest in recent years. Autonomous Vehicles Autonomous vehicles Future of been have topic of interest.",
    "evaluation": 0
  },
  {
    "correct_answer": "Autonomous vehicles could lead to a decrease in the number of vehicles on the road.",
    "retrieved_context": "",
    "evaluation": 0
  },
  {
    "correct_answer": "Autonomous vehicles offer convenience by allowing passengers to relax or work during commutes.",
    "retrieved_context": "autonomous vehicles operate in conditions. autonomous vehicles have potential In safety benefits. technology is in its early stages. autonomous vehicles become on our roads in not distant future. autonomous vehicles become on our roads in distant future. technology is in still its early stages. autonomous vehicles become sight. autonomous vehicles become on our roads. technology continues to improve. technology continues improve. autonomous vehicles are While equipped with technology. potential development of vehicles. technology is in While still its stages. autonomous vehicles become on our roads in too distant future. autonomous vehicles have potential In conclusion. autonomous vehicles could also lead to decrease in number of vehicles on road overall. potential development of autonomous vehicles. technology is in While its early stages. decrease is in number of vehicles on road overall. autonomous vehicles become on our roads in not too distant future. autonomous vehicles could lead to decrease in number of vehicles on road. autonomous vehicles Furthermore could also lead to decrease in number. autonomous vehicles are While equipped. autonomous vehicles Furthermore could also lead to decrease. autonomous vehicles could lead to decrease in number on road overall. autonomous vehicles have potential. technology is in While its stages. technology is in While still its early stages. technology is in its stages. autonomous vehicles are equipped. technology is in still its stages. autonomous vehicles become common sight. autonomous vehicles become on our roads in future. our roads is in not too distant future. autonomous vehicles are equipped with technology. autonomous vehicles could lead to decrease in number on road. autonomous vehicles Furthermore could also lead to decrease in number of vehicles. potential development of vehicles. potential development of autonomous vehicles. Autonomous vehicles have potential. Autonomous Vehicles Autonomous vehicles Future of been have topic of interest in recent years. Autonomous Vehicles Autonomous vehicles Future of been have topic of great interest in years. Autonomous Vehicles Autonomous vehicles Future of been have topic in recent years. Autonomous Vehicles Autonomous vehicles Future of been have topic of great interest. have topic is in recent years. Autonomous Vehicles Autonomous vehicles Future of been have topic of interest in years. Autonomous Vehicles Autonomous vehicles Future of been have topic. Autonomous Vehicles Autonomous vehicles Future of been have topic in years. Autonomous Vehicles Autonomous vehicles Future of been have topic of great interest in recent years. Autonomous Vehicles Autonomous vehicles Future of been have topic of interest. technology is in its early stages. vehicles Furthermore could also lead to decrease in number of vehicles. vehicles are equipped. technology is in still its early stages. vehicles become on our roads in distant future. technology continues to improve. technology continues improve. vehicles have potential In conclusion. potential development of vehicles. technology is in While still its stages. vehicles become on our roads in future. vehicles become on our roads in not distant future. potential development of autonomous vehicles. technology is in While its early stages. vehicles are While equipped. vehicles are While equipped with technology. decrease is in number of vehicles on road overall. vehicles Furthermore could also lead to decrease in number of vehicles on road overall. vehicles become sight. vehicles could lead to decrease in number. vehicles could also lead to decrease. technology is in While its stages. technology is in While still its early stages. technology is in its stages. vehicles become on our roads in not too distant future. vehicles become on our roads in too distant future. vehicles are equipped with technology. vehicles could lead to decrease in number of vehicles on road. vehicles also have potential In safety benefits. technology is in still its stages. vehicles become on our roads. our roads is in not too distant future. vehicles become common sight. vehicles operate in conditions. vehicles could also lead to decrease in number on road. vehicles Furthermore could also lead to decrease in number on road overall. vehicles have potential.",
    "evaluation": 0
  },
  {
    "correct_answer": "Autonomous vehicles provide mobility options for those unable to drive.",
    "retrieved_context": "autonomous vehicles operate in conditions. autonomous vehicles have potential In safety benefits. technology is in its early stages. autonomous vehicles become on our roads in not distant future. autonomous vehicles become on our roads in distant future. technology is in still its early stages. autonomous vehicles become sight. autonomous vehicles become on our roads. technology continues to improve. technology continues improve. autonomous vehicles are While equipped with technology. potential development of vehicles. technology is in While still its stages. autonomous vehicles become on our roads in too distant future. autonomous vehicles have potential In conclusion. autonomous vehicles could also lead to decrease in number of vehicles on road overall. potential development of autonomous vehicles. technology is in While its early stages. decrease is in number of vehicles on road overall. autonomous vehicles become on our roads in not too distant future. autonomous vehicles could lead to decrease in number of vehicles on road. autonomous vehicles Furthermore could also lead to decrease in number. autonomous vehicles are While equipped. autonomous vehicles Furthermore could also lead to decrease. autonomous vehicles could lead to decrease in number on road overall. autonomous vehicles have potential. technology is in While its stages. technology is in While still its early stages. technology is in its stages. autonomous vehicles are equipped. technology is in still its stages. autonomous vehicles become common sight. autonomous vehicles become on our roads in future. our roads is in not too distant future. autonomous vehicles are equipped with technology. autonomous vehicles could lead to decrease in number on road. autonomous vehicles Furthermore could also lead to decrease in number of vehicles. potential development of vehicles. potential development of autonomous vehicles. Autonomous vehicles have potential. Autonomous Vehicles Autonomous vehicles Future of been have topic of interest in recent years. Autonomous Vehicles Autonomous vehicles Future of been have topic of great interest in years. Autonomous Vehicles Autonomous vehicles Future of been have topic in recent years. Autonomous Vehicles Autonomous vehicles Future of been have topic of great interest. have topic is in recent years. Autonomous Vehicles Autonomous vehicles Future of been have topic of interest in years. Autonomous Vehicles Autonomous vehicles Future of been have topic. Autonomous Vehicles Autonomous vehicles Future of been have topic in years. Autonomous Vehicles Autonomous vehicles Future of been have topic of great interest in recent years. Autonomous Vehicles Autonomous vehicles Future of been have topic of interest. technology is in its early stages. vehicles Furthermore could also lead to decrease in number of vehicles. vehicles are equipped. technology is in still its early stages. vehicles become on our roads in distant future. technology continues to improve. technology continues improve. vehicles have potential In conclusion. potential development of vehicles. technology is in While still its stages. vehicles become on our roads in future. vehicles become on our roads in not distant future. potential development of autonomous vehicles. technology is in While its early stages. vehicles are While equipped. vehicles are While equipped with technology. decrease is in number of vehicles on road overall. vehicles Furthermore could also lead to decrease in number of vehicles on road overall. vehicles become sight. vehicles could lead to decrease in number. vehicles could also lead to decrease. technology is in While its stages. technology is in While still its early stages. technology is in its stages. vehicles become on our roads in not too distant future. vehicles become on our roads in too distant future. vehicles are equipped with technology. vehicles could lead to decrease in number of vehicles on road. vehicles also have potential In safety benefits. technology is in still its stages. vehicles become on our roads. our roads is in not too distant future. vehicles become common sight. vehicles operate in conditions. vehicles could also lead to decrease in number on road. vehicles Furthermore could also lead to decrease in number on road overall. vehicles have potential.",
    "evaluation": 0
  },
  {
    "correct_answer": "Challenges for autonomous vehicles include safety, regulations, and infrastructure.",
    "retrieved_context": "autonomous vehicles operate in conditions. autonomous vehicles have potential In safety benefits. technology is in its early stages. autonomous vehicles become on our roads in not distant future. autonomous vehicles become on our roads in distant future. technology is in still its early stages. autonomous vehicles become sight. autonomous vehicles become on our roads. technology continues to improve. technology continues improve. autonomous vehicles are While equipped with technology. potential development of vehicles. technology is in While still its stages. autonomous vehicles become on our roads in too distant future. autonomous vehicles have potential In conclusion. autonomous vehicles could also lead to decrease in number of vehicles on road overall. potential development of autonomous vehicles. technology is in While its early stages. decrease is in number of vehicles on road overall. autonomous vehicles become on our roads in not too distant future. autonomous vehicles could lead to decrease in number of vehicles on road. autonomous vehicles Furthermore could also lead to decrease in number. autonomous vehicles are While equipped. autonomous vehicles Furthermore could also lead to decrease. autonomous vehicles could lead to decrease in number on road overall. autonomous vehicles have potential. technology is in While its stages. technology is in While still its early stages. technology is in its stages. autonomous vehicles are equipped. technology is in still its stages. autonomous vehicles become common sight. autonomous vehicles become on our roads in future. our roads is in not too distant future. autonomous vehicles are equipped with technology. autonomous vehicles could lead to decrease in number on road. autonomous vehicles Furthermore could also lead to decrease in number of vehicles. potential development of vehicles. potential development of autonomous vehicles. Autonomous vehicles have potential. Autonomous Vehicles Autonomous vehicles Future of been have topic of interest in recent years. Autonomous Vehicles Autonomous vehicles Future of been have topic of great interest in years. Autonomous Vehicles Autonomous vehicles Future of been have topic in recent years. Autonomous Vehicles Autonomous vehicles Future of been have topic of great interest. have topic is in recent years. Autonomous Vehicles Autonomous vehicles Future of been have topic of interest in years. Autonomous Vehicles Autonomous vehicles Future of been have topic. Autonomous Vehicles Autonomous vehicles Future of been have topic in years. Autonomous Vehicles Autonomous vehicles Future of been have topic of great interest in recent years. Autonomous Vehicles Autonomous vehicles Future of been have topic of interest. challenges are still Despite many potential benefits of autonomous vehicles. challenges are Despite potential benefits of autonomous vehicles.",
    "evaluation": 0
  },
  {
    "accuracy": "6.67%"
  }
]