[
  {
    "correct_answer": "Coral reefs are often referred to as the 'rainforests of the sea' due to their incredible biodiversity.",
    "retrieved_context": "Coral reefs providing source for communities. Coral reefs providing source for coastal communities. Coral reefs support fisheries. Coral reefs are destinations for divers. Coral reefs play crucial role. Coral reefs are popular destinations. Coral reefs also play role. Coral reefs are destinations. Coral reefs are often referred. Coral reefs providing source of income. Coral reefs are often referred to to rainforests. Coral reefs support local fisheries. Coral reefs are vital to health of our oceans. Coral reefs are vital. Coral reefs are often referred to to rainforests of sea. Coral reefs providing source. Coral reefs are referred. Coral reefs providing source of income for communities. Coral reefs play role in supporting fisheries. Coral reefs providing source of income for coastal communities. Coral reefs providing food security. Coral reefs are vital to health. coral reefs promote management. coral reefs are ecosystems In conclusion. ecosystems provide habitat for vast array of organisms including fish. coral reefs raise awareness about importance of conservation. coral reefs contribute by sustainable fisheries. coral reefs are home to 25 % of marine species. ecosystems provide habitat for vast array including fish. ecosystems provide habitat for vast array of organisms. coral reefs also help By visitors. coral reefs act In regions prone. coral reefs are why important. coral reefs Furthermore are important for their role. coral reefs raise awareness about importance. coral reefs help By visitors to marine ecosystems. coral reefs act In regions. coral reefs are Furthermore important. coral reefs Pollution from based sources. coral reefs promote sustainable management of marine resources. coral reefs also help By attracting visitors. coral reefs are why so important. threats protect coral reefs for future generations. invaluable ecosystems is In conclusion. coral reefs contribute by fisheries. coral reefs contribute to global food security. coral reefs contribute to food security. coral reefs raise awareness about importance of marine conservation. ecosystems provide habitat for vast array of marine organisms including fish. coral reefs act In regions prone to hurricanes. coral reefs contribute In addition. coral reefs are facing numerous threats. coral reefs are facing threats. coral reefs Furthermore are important for their role in promoting tourism. coral reefs contribute by supporting sustainable fisheries. coral reefs help By visitors to ecosystems. coral reefs promote sustainable management. ecosystems provide habitat for array of marine organisms. ecosystems provide habitat for array of marine organisms including fish. coral reefs help By attracting visitors to marine ecosystems. coral reefs Furthermore are important for their role in tourism. coral reefs promote sustainable management of resources. coral reefs are invaluable ecosystems. ecosystems provide habitat for array including fish. ecosystems provide habitat for array. coral reefs promote management of marine resources. their role is in supporting marine biodiversity. coral reefs are important. ecosystems provide habitat. coral reefs act as barriers. coral reefs raise awareness. ecosystems provide habitat for array of organisms including fish. ecosystems provide habitat for array of organisms. coral reefs act as natural barriers. coral reefs are home. coral reefs promote management of resources. coral reefs are ecosystems. their role is in promoting tourism. coral reefs help By attracting visitors to ecosystems. ecosystems provide habitat for vast array of marine organisms. coral reefs are so important. coral reefs contribute by supporting fisheries. coral reefs are home to estimated 25 % of marine species. coral reefs Pollution from sources. ecosystems provide habitat for vast array. ecosystems are made up of animals. coral reefs Pollution from land based sources. ecosystems are made up of tiny animals. threats protect coral reefs. coral reefs are facing threats Despite their importance. corals expel algae. corals leading to death of coral colonies. corals leading to death.",
    "evaluation": 1
  },
  {
    "correct_answer": "Coral reefs are made up of tiny animals called coral polyps.",
    "retrieved_context": "Coral reefs providing source for communities. Coral reefs providing source for coastal communities. Coral reefs support fisheries. Coral reefs are destinations for divers. Coral reefs play crucial role. Coral reefs are popular destinations. Coral reefs also play role. Coral reefs are destinations. Coral reefs are often referred. Coral reefs providing source of income. Coral reefs are often referred to to rainforests. Coral reefs support local fisheries. Coral reefs are vital to health of our oceans. Coral reefs are vital. Coral reefs are often referred to to rainforests of sea. Coral reefs providing source. Coral reefs are referred. Coral reefs providing source of income for communities. Coral reefs play role in supporting fisheries. Coral reefs providing source of income for coastal communities. Coral reefs providing food security. Coral reefs are vital to health. coral reefs promote management. coral reefs are ecosystems In conclusion. ecosystems provide habitat for vast array of organisms including fish. coral reefs raise awareness about importance of conservation. coral reefs contribute by sustainable fisheries. coral reefs are home to 25 % of marine species. ecosystems provide habitat for vast array including fish. ecosystems provide habitat for vast array of organisms. coral reefs also help By visitors. coral reefs act In regions prone. coral reefs are why important. coral reefs Furthermore are important for their role. coral reefs raise awareness about importance. coral reefs help By visitors to marine ecosystems. coral reefs act In regions. coral reefs are Furthermore important. coral reefs Pollution from based sources. coral reefs promote sustainable management of marine resources. coral reefs also help By attracting visitors. coral reefs are why so important. threats protect coral reefs for future generations. invaluable ecosystems is In conclusion. coral reefs contribute by fisheries. coral reefs contribute to global food security. coral reefs contribute to food security. coral reefs raise awareness about importance of marine conservation. ecosystems provide habitat for vast array of marine organisms including fish. coral reefs act In regions prone to hurricanes. coral reefs contribute In addition. coral reefs are facing numerous threats. coral reefs are facing threats. coral reefs Furthermore are important for their role in promoting tourism. coral reefs contribute by supporting sustainable fisheries. coral reefs help By visitors to ecosystems. coral reefs promote sustainable management. ecosystems provide habitat for array of marine organisms. ecosystems provide habitat for array of marine organisms including fish. coral reefs help By attracting visitors to marine ecosystems. coral reefs Furthermore are important for their role in tourism. coral reefs promote sustainable management of resources. coral reefs are invaluable ecosystems. ecosystems provide habitat for array including fish. ecosystems provide habitat for array. coral reefs promote management of marine resources. their role is in supporting marine biodiversity. coral reefs are important. ecosystems provide habitat. coral reefs act as barriers. coral reefs raise awareness. ecosystems provide habitat for array of organisms including fish. ecosystems provide habitat for array of organisms. coral reefs act as natural barriers. coral reefs are home. coral reefs promote management of resources. coral reefs are ecosystems. their role is in promoting tourism. coral reefs help By attracting visitors to ecosystems. ecosystems provide habitat for vast array of marine organisms. coral reefs are so important. coral reefs contribute by supporting fisheries. coral reefs are home to estimated 25 % of marine species. coral reefs Pollution from sources. ecosystems provide habitat for vast array. ecosystems are made up of animals. coral reefs Pollution from land based sources. ecosystems are made up of tiny animals. threats protect coral reefs. coral reefs are facing threats Despite their importance. corals expel algae. corals leading to death of coral colonies. corals leading to death.",
    "evaluation": 0
  },
  {
    "correct_answer": "Coral polyps secrete calcium carbonate to form intricate structures.",
    "retrieved_context": "calcium carbonate form structures. calcium carbonate form intricate structures. corals expel algae. corals leading to death of coral colonies. corals leading to death. Coral reefs providing source for communities. Coral reefs providing source for coastal communities. Coral reefs support fisheries. Coral reefs are destinations for divers. Coral reefs play crucial role. Coral reefs are popular destinations. Coral reefs also play role. Coral reefs are destinations. Coral reefs are often referred. Coral reefs providing source of income. Coral reefs are often referred to to rainforests. Coral reefs support local fisheries. Coral reefs are vital to health of our oceans. Coral reefs are vital. Coral reefs are often referred to to rainforests of sea. Coral reefs providing source. Coral reefs are referred. Coral reefs providing source of income for communities. Coral reefs play role in supporting fisheries. Coral reefs providing source of income for coastal communities. Coral reefs providing food security. Coral reefs are vital to health. coral reefs promote management. coral reefs are ecosystems In conclusion. ecosystems provide habitat for vast array of organisms including fish. coral reefs raise awareness about importance of conservation. coral reefs contribute by sustainable fisheries. coral reefs are home to 25 % of marine species. ecosystems provide habitat for vast array including fish. ecosystems provide habitat for vast array of organisms. coral reefs also help By visitors. coral reefs act In regions prone. coral reefs are why important. coral reefs Furthermore are important for their role. coral reefs raise awareness about importance. coral reefs help By visitors to marine ecosystems. coral reefs act In regions. coral reefs are Furthermore important. coral reefs Pollution from based sources. coral reefs promote sustainable management of marine resources. coral reefs also help By attracting visitors. coral reefs are why so important. threats protect coral reefs for future generations. invaluable ecosystems is In conclusion. coral reefs contribute by fisheries. coral reefs contribute to global food security. coral reefs contribute to food security. coral reefs raise awareness about importance of marine conservation. ecosystems provide habitat for vast array of marine organisms including fish. coral reefs act In regions prone to hurricanes. coral reefs contribute In addition. coral reefs are facing numerous threats. coral reefs are facing threats. coral reefs Furthermore are important for their role in promoting tourism. coral reefs contribute by supporting sustainable fisheries. coral reefs help By visitors to ecosystems. coral reefs promote sustainable management. ecosystems provide habitat for array of marine organisms. ecosystems provide habitat for array of marine organisms including fish. coral reefs help By attracting visitors to marine ecosystems. coral reefs Furthermore are important for their role in tourism. coral reefs promote sustainable management of resources. coral reefs are invaluable ecosystems. ecosystems provide habitat for array including fish. ecosystems provide habitat for array. coral reefs promote management of marine resources. their role is in supporting marine biodiversity. coral reefs are important. ecosystems provide habitat. coral reefs act as barriers. coral reefs raise awareness. ecosystems provide habitat for array of organisms including fish. ecosystems provide habitat for array of organisms. coral reefs act as natural barriers. coral reefs are home. coral reefs promote management of resources. coral reefs are ecosystems. their role is in promoting tourism. coral reefs help By attracting visitors to ecosystems. ecosystems provide habitat for vast array of marine organisms. coral reefs are so important. coral reefs contribute by supporting fisheries. coral reefs are home to estimated 25 % of marine species. coral reefs Pollution from sources. ecosystems provide habitat for vast array. ecosystems are made up of animals. coral reefs Pollution from land based sources. ecosystems are made up of tiny animals. threats protect coral reefs. coral reefs are facing threats Despite their importance.",
    "evaluation": 0
  },
  {
    "correct_answer": "Coral reefs provide shelter and food for a wide variety of marine life.",
    "retrieved_context": "Coral reefs providing source for communities. Coral reefs providing source for coastal communities. Coral reefs support fisheries. Coral reefs are destinations for divers. Coral reefs play crucial role. Coral reefs are popular destinations. Coral reefs also play role. Coral reefs are destinations. Coral reefs are often referred. Coral reefs providing source of income. Coral reefs are often referred to to rainforests. Coral reefs support local fisheries. Coral reefs are vital to health of our oceans. Coral reefs are vital. Coral reefs are often referred to to rainforests of sea. Coral reefs providing source. Coral reefs are referred. Coral reefs providing source of income for communities. Coral reefs play role in supporting fisheries. Coral reefs providing source of income for coastal communities. Coral reefs providing food security. Coral reefs are vital to health. coral reefs promote management. coral reefs are ecosystems In conclusion. ecosystems provide habitat for vast array of organisms including fish. coral reefs raise awareness about importance of conservation. coral reefs contribute by sustainable fisheries. coral reefs are home to 25 % of marine species. ecosystems provide habitat for vast array including fish. ecosystems provide habitat for vast array of organisms. coral reefs also help By visitors. coral reefs act In regions prone. coral reefs are why important. coral reefs Furthermore are important for their role. coral reefs raise awareness about importance. coral reefs help By visitors to marine ecosystems. coral reefs act In regions. coral reefs are Furthermore important. coral reefs Pollution from based sources. coral reefs promote sustainable management of marine resources. coral reefs also help By attracting visitors. coral reefs are why so important. threats protect coral reefs for future generations. invaluable ecosystems is In conclusion. coral reefs contribute by fisheries. coral reefs contribute to global food security. coral reefs contribute to food security. coral reefs raise awareness about importance of marine conservation. ecosystems provide habitat for vast array of marine organisms including fish. coral reefs act In regions prone to hurricanes. coral reefs contribute In addition. coral reefs are facing numerous threats. coral reefs are facing threats. coral reefs Furthermore are important for their role in promoting tourism. coral reefs contribute by supporting sustainable fisheries. coral reefs help By visitors to ecosystems. coral reefs promote sustainable management. ecosystems provide habitat for array of marine organisms. ecosystems provide habitat for array of marine organisms including fish. coral reefs help By attracting visitors to marine ecosystems. coral reefs Furthermore are important for their role in tourism. coral reefs promote sustainable management of resources. coral reefs are invaluable ecosystems. ecosystems provide habitat for array including fish. ecosystems provide habitat for array. coral reefs promote management of marine resources. their role is in supporting marine biodiversity. coral reefs are important. ecosystems provide habitat. coral reefs act as barriers. coral reefs raise awareness. ecosystems provide habitat for array of organisms including fish. ecosystems provide habitat for array of organisms. coral reefs act as natural barriers. coral reefs are home. coral reefs promote management of resources. coral reefs are ecosystems. their role is in promoting tourism. coral reefs help By attracting visitors to ecosystems. ecosystems provide habitat for vast array of marine organisms. coral reefs are so important. coral reefs contribute by supporting fisheries. coral reefs are home to estimated 25 % of marine species. coral reefs Pollution from sources. ecosystems provide habitat for vast array. ecosystems are made up of animals. coral reefs Pollution from land based sources. ecosystems are made up of tiny animals. threats protect coral reefs. coral reefs are facing threats Despite their importance. corals expel algae. corals leading to death of coral colonies. corals leading to death.",
    "evaluation": 1
  },
  {
    "correct_answer": "Coral reefs cover less than 1% of the ocean floor.",
    "retrieved_context": "Coral reefs providing source for communities. Coral reefs providing source for coastal communities. Coral reefs support fisheries. Coral reefs are destinations for divers. Coral reefs play crucial role. Coral reefs are popular destinations. Coral reefs also play role. Coral reefs are destinations. Coral reefs are often referred. Coral reefs providing source of income. Coral reefs are often referred to to rainforests. Coral reefs support local fisheries. Coral reefs are vital to health of our oceans. Coral reefs are vital. Coral reefs are often referred to to rainforests of sea. Coral reefs providing source. Coral reefs are referred. Coral reefs providing source of income for communities. Coral reefs play role in supporting fisheries. Coral reefs providing source of income for coastal communities. Coral reefs providing food security. Coral reefs are vital to health. coral reefs promote management. coral reefs are ecosystems In conclusion. ecosystems provide habitat for vast array of organisms including fish. coral reefs raise awareness about importance of conservation. coral reefs contribute by sustainable fisheries. coral reefs are home to 25 % of marine species. ecosystems provide habitat for vast array including fish. ecosystems provide habitat for vast array of organisms. coral reefs also help By visitors. coral reefs act In regions prone. coral reefs are why important. coral reefs Furthermore are important for their role. coral reefs raise awareness about importance. coral reefs help By visitors to marine ecosystems. coral reefs act In regions. coral reefs are Furthermore important. coral reefs Pollution from based sources. coral reefs promote sustainable management of marine resources. coral reefs also help By attracting visitors. coral reefs are why so important. threats protect coral reefs for future generations. invaluable ecosystems is In conclusion. coral reefs contribute by fisheries. coral reefs contribute to global food security. coral reefs contribute to food security. coral reefs raise awareness about importance of marine conservation. ecosystems provide habitat for vast array of marine organisms including fish. coral reefs act In regions prone to hurricanes. coral reefs contribute In addition. coral reefs are facing numerous threats. coral reefs are facing threats. coral reefs Furthermore are important for their role in promoting tourism. coral reefs contribute by supporting sustainable fisheries. coral reefs help By visitors to ecosystems. coral reefs promote sustainable management. ecosystems provide habitat for array of marine organisms. ecosystems provide habitat for array of marine organisms including fish. coral reefs help By attracting visitors to marine ecosystems. coral reefs Furthermore are important for their role in tourism. coral reefs promote sustainable management of resources. coral reefs are invaluable ecosystems. ecosystems provide habitat for array including fish. ecosystems provide habitat for array. coral reefs promote management of marine resources. their role is in supporting marine biodiversity. coral reefs are important. ecosystems provide habitat. coral reefs act as barriers. coral reefs raise awareness. ecosystems provide habitat for array of organisms including fish. ecosystems provide habitat for array of organisms. coral reefs act as natural barriers. coral reefs are home. coral reefs promote management of resources. coral reefs are ecosystems. their role is in promoting tourism. coral reefs help By attracting visitors to ecosystems. ecosystems provide habitat for vast array of marine organisms. coral reefs are so important. coral reefs contribute by supporting fisheries. coral reefs are home to estimated 25 % of marine species. coral reefs Pollution from sources. ecosystems provide habitat for vast array. ecosystems are made up of animals. coral reefs Pollution from land based sources. ecosystems are made up of tiny animals. threats protect coral reefs. coral reefs are facing threats Despite their importance. corals expel algae. corals leading to death of coral colonies. corals leading to death.",
    "evaluation": 0
  },
  {
    "correct_answer": "Coral reefs are home to an estimated 25% of all marine species.",
    "retrieved_context": "Coral reefs providing source for communities. Coral reefs providing source for coastal communities. Coral reefs support fisheries. Coral reefs are destinations for divers. Coral reefs play crucial role. Coral reefs are popular destinations. Coral reefs also play role. Coral reefs are destinations. Coral reefs are often referred. Coral reefs providing source of income. Coral reefs are often referred to to rainforests. Coral reefs support local fisheries. Coral reefs are vital to health of our oceans. Coral reefs are vital. Coral reefs are often referred to to rainforests of sea. Coral reefs providing source. Coral reefs are referred. Coral reefs providing source of income for communities. Coral reefs play role in supporting fisheries. Coral reefs providing source of income for coastal communities. Coral reefs providing food security. Coral reefs are vital to health. coral reefs promote management. coral reefs are ecosystems In conclusion. ecosystems provide habitat for vast array of organisms including fish. coral reefs raise awareness about importance of conservation. coral reefs contribute by sustainable fisheries. coral reefs are home to 25 % of marine species. ecosystems provide habitat for vast array including fish. ecosystems provide habitat for vast array of organisms. coral reefs also help By visitors. coral reefs act In regions prone. coral reefs are why important. coral reefs Furthermore are important for their role. coral reefs raise awareness about importance. coral reefs help By visitors to marine ecosystems. coral reefs act In regions. coral reefs are Furthermore important. coral reefs Pollution from based sources. coral reefs promote sustainable management of marine resources. coral reefs also help By attracting visitors. coral reefs are why so important. threats protect coral reefs for future generations. invaluable ecosystems is In conclusion. coral reefs contribute by fisheries. coral reefs contribute to global food security. coral reefs contribute to food security. coral reefs raise awareness about importance of marine conservation. ecosystems provide habitat for vast array of marine organisms including fish. coral reefs act In regions prone to hurricanes. coral reefs contribute In addition. coral reefs are facing numerous threats. coral reefs are facing threats. coral reefs Furthermore are important for their role in promoting tourism. coral reefs contribute by supporting sustainable fisheries. coral reefs help By visitors to ecosystems. coral reefs promote sustainable management. ecosystems provide habitat for array of marine organisms. ecosystems provide habitat for array of marine organisms including fish. coral reefs help By attracting visitors to marine ecosystems. coral reefs Furthermore are important for their role in tourism. coral reefs promote sustainable management of resources. coral reefs are invaluable ecosystems. ecosystems provide habitat for array including fish. ecosystems provide habitat for array. coral reefs promote management of marine resources. their role is in supporting marine biodiversity. coral reefs are important. ecosystems provide habitat. coral reefs act as barriers. coral reefs raise awareness. ecosystems provide habitat for array of organisms including fish. ecosystems provide habitat for array of organisms. coral reefs act as natural barriers. coral reefs are home. coral reefs promote management of resources. coral reefs are ecosystems. their role is in promoting tourism. coral reefs help By attracting visitors to ecosystems. ecosystems provide habitat for vast array of marine organisms. coral reefs are so important. coral reefs contribute by supporting fisheries. coral reefs are home to estimated 25 % of marine species. coral reefs Pollution from sources. ecosystems provide habitat for vast array. ecosystems are made up of animals. coral reefs Pollution from land based sources. ecosystems are made up of tiny animals. threats protect coral reefs. coral reefs are facing threats Despite their importance. corals expel algae. corals leading to death of coral colonies. corals leading to death.",
    "evaluation": 1
  },
  {
    "correct_answer": "Coral reefs provide a habitat for fish, invertebrates, and plants.",
    "retrieved_context": "Coral reefs providing source for communities. Coral reefs providing source for coastal communities. Coral reefs support fisheries. Coral reefs are destinations for divers. Coral reefs play crucial role. Coral reefs are popular destinations. Coral reefs also play role. Coral reefs are destinations. Coral reefs are often referred. Coral reefs providing source of income. Coral reefs are often referred to to rainforests. Coral reefs support local fisheries. Coral reefs are vital to health of our oceans. Coral reefs are vital. Coral reefs are often referred to to rainforests of sea. Coral reefs providing source. Coral reefs are referred. Coral reefs providing source of income for communities. Coral reefs play role in supporting fisheries. Coral reefs providing source of income for coastal communities. Coral reefs providing food security. Coral reefs are vital to health. coral reefs promote management. coral reefs are ecosystems In conclusion. ecosystems provide habitat for vast array of organisms including fish. coral reefs raise awareness about importance of conservation. coral reefs contribute by sustainable fisheries. coral reefs are home to 25 % of marine species. ecosystems provide habitat for vast array including fish. ecosystems provide habitat for vast array of organisms. coral reefs also help By visitors. coral reefs act In regions prone. coral reefs are why important. coral reefs Furthermore are important for their role. coral reefs raise awareness about importance. coral reefs help By visitors to marine ecosystems. coral reefs act In regions. coral reefs are Furthermore important. coral reefs Pollution from based sources. coral reefs promote sustainable management of marine resources. coral reefs also help By attracting visitors. coral reefs are why so important. threats protect coral reefs for future generations. invaluable ecosystems is In conclusion. coral reefs contribute by fisheries. coral reefs contribute to global food security. coral reefs contribute to food security. coral reefs raise awareness about importance of marine conservation. ecosystems provide habitat for vast array of marine organisms including fish. coral reefs act In regions prone to hurricanes. coral reefs contribute In addition. coral reefs are facing numerous threats. coral reefs are facing threats. coral reefs Furthermore are important for their role in promoting tourism. coral reefs contribute by supporting sustainable fisheries. coral reefs help By visitors to ecosystems. coral reefs promote sustainable management. ecosystems provide habitat for array of marine organisms. ecosystems provide habitat for array of marine organisms including fish. coral reefs help By attracting visitors to marine ecosystems. coral reefs Furthermore are important for their role in tourism. coral reefs promote sustainable management of resources. coral reefs are invaluable ecosystems. ecosystems provide habitat for array including fish. ecosystems provide habitat for array. coral reefs promote management of marine resources. their role is in supporting marine biodiversity. coral reefs are important. ecosystems provide habitat. coral reefs act as barriers. coral reefs raise awareness. ecosystems provide habitat for array of organisms including fish. ecosystems provide habitat for array of organisms. coral reefs act as natural barriers. coral reefs are home. coral reefs promote management of resources. coral reefs are ecosystems. their role is in promoting tourism. coral reefs help By attracting visitors to ecosystems. ecosystems provide habitat for vast array of marine organisms. coral reefs are so important. coral reefs contribute by supporting fisheries. coral reefs are home to estimated 25 % of marine species. coral reefs Pollution from sources. ecosystems provide habitat for vast array. ecosystems are made up of animals. coral reefs Pollution from land based sources. ecosystems are made up of tiny animals. threats protect coral reefs. coral reefs are facing threats Despite their importance. corals expel algae. corals leading to death of coral colonies. corals leading to death.",
    "evaluation": 1
  },
  {
    "correct_answer": "Coral reefs offer hiding places, breeding grounds, and food sources for marine life.",
    "retrieved_context": "Coral reefs providing source for communities. Coral reefs providing source for coastal communities. Coral reefs support fisheries. Coral reefs are destinations for divers. Coral reefs play crucial role. Coral reefs are popular destinations. Coral reefs also play role. Coral reefs are destinations. Coral reefs are often referred. Coral reefs providing source of income. Coral reefs are often referred to to rainforests. Coral reefs support local fisheries. Coral reefs are vital to health of our oceans. Coral reefs are vital. Coral reefs are often referred to to rainforests of sea. Coral reefs providing source. Coral reefs are referred. Coral reefs providing source of income for communities. Coral reefs play role in supporting fisheries. Coral reefs providing source of income for coastal communities. Coral reefs providing food security. Coral reefs are vital to health. coral reefs promote management. coral reefs are ecosystems In conclusion. ecosystems provide habitat for vast array of organisms including fish. coral reefs raise awareness about importance of conservation. coral reefs contribute by sustainable fisheries. coral reefs are home to 25 % of marine species. ecosystems provide habitat for vast array including fish. ecosystems provide habitat for vast array of organisms. coral reefs also help By visitors. coral reefs act In regions prone. coral reefs are why important. coral reefs Furthermore are important for their role. coral reefs raise awareness about importance. coral reefs help By visitors to marine ecosystems. coral reefs act In regions. coral reefs are Furthermore important. coral reefs Pollution from based sources. coral reefs promote sustainable management of marine resources. coral reefs also help By attracting visitors. coral reefs are why so important. threats protect coral reefs for future generations. invaluable ecosystems is In conclusion. coral reefs contribute by fisheries. coral reefs contribute to global food security. coral reefs contribute to food security. coral reefs raise awareness about importance of marine conservation. ecosystems provide habitat for vast array of marine organisms including fish. coral reefs act In regions prone to hurricanes. coral reefs contribute In addition. coral reefs are facing numerous threats. coral reefs are facing threats. coral reefs Furthermore are important for their role in promoting tourism. coral reefs contribute by supporting sustainable fisheries. coral reefs help By visitors to ecosystems. coral reefs promote sustainable management. ecosystems provide habitat for array of marine organisms. ecosystems provide habitat for array of marine organisms including fish. coral reefs help By attracting visitors to marine ecosystems. coral reefs Furthermore are important for their role in tourism. coral reefs promote sustainable management of resources. coral reefs are invaluable ecosystems. ecosystems provide habitat for array including fish. ecosystems provide habitat for array. coral reefs promote management of marine resources. their role is in supporting marine biodiversity. coral reefs are important. ecosystems provide habitat. coral reefs act as barriers. coral reefs raise awareness. ecosystems provide habitat for array of organisms including fish. ecosystems provide habitat for array of organisms. coral reefs act as natural barriers. coral reefs are home. coral reefs promote management of resources. coral reefs are ecosystems. their role is in promoting tourism. coral reefs help By attracting visitors to ecosystems. ecosystems provide habitat for vast array of marine organisms. coral reefs are so important. coral reefs contribute by supporting fisheries. coral reefs are home to estimated 25 % of marine species. coral reefs Pollution from sources. ecosystems provide habitat for vast array. ecosystems are made up of animals. coral reefs Pollution from land based sources. ecosystems are made up of tiny animals. threats protect coral reefs. coral reefs are facing threats Despite their importance.",
    "evaluation": 1
  },
  {
    "correct_answer": "Coral reefs help dissipate wave energy, reducing the impact of storms.",
    "retrieved_context": "Coral reefs providing source for communities. Coral reefs providing source for coastal communities. Coral reefs support fisheries. Coral reefs are destinations for divers. Coral reefs play crucial role. Coral reefs are popular destinations. Coral reefs also play role. Coral reefs are destinations. Coral reefs are often referred. Coral reefs providing source of income. Coral reefs are often referred to to rainforests. Coral reefs support local fisheries. Coral reefs are vital to health of our oceans. Coral reefs are vital. Coral reefs are often referred to to rainforests of sea. Coral reefs providing source. Coral reefs are referred. Coral reefs providing source of income for communities. Coral reefs play role in supporting fisheries. Coral reefs providing source of income for coastal communities. Coral reefs providing food security. Coral reefs are vital to health. coral reefs promote management. coral reefs are ecosystems In conclusion. ecosystems provide habitat for vast array of organisms including fish. coral reefs raise awareness about importance of conservation. coral reefs contribute by sustainable fisheries. coral reefs are home to 25 % of marine species. ecosystems provide habitat for vast array including fish. ecosystems provide habitat for vast array of organisms. coral reefs also help By visitors. coral reefs act In regions prone. coral reefs are why important. coral reefs Furthermore are important for their role. coral reefs raise awareness about importance. coral reefs help By visitors to marine ecosystems. coral reefs act In regions. coral reefs are Furthermore important. coral reefs Pollution from based sources. coral reefs promote sustainable management of marine resources. coral reefs also help By attracting visitors. coral reefs are why so important. threats protect coral reefs for future generations. invaluable ecosystems is In conclusion. coral reefs contribute by fisheries. coral reefs contribute to global food security. coral reefs contribute to food security. coral reefs raise awareness about importance of marine conservation. ecosystems provide habitat for vast array of marine organisms including fish. coral reefs act In regions prone to hurricanes. coral reefs contribute In addition. coral reefs are facing numerous threats. coral reefs are facing threats. coral reefs Furthermore are important for their role in promoting tourism. coral reefs contribute by supporting sustainable fisheries. coral reefs help By visitors to ecosystems. coral reefs promote sustainable management. ecosystems provide habitat for array of marine organisms. ecosystems provide habitat for array of marine organisms including fish. coral reefs help By attracting visitors to marine ecosystems. coral reefs Furthermore are important for their role in tourism. coral reefs promote sustainable management of resources. coral reefs are invaluable ecosystems. ecosystems provide habitat for array including fish. ecosystems provide habitat for array. coral reefs promote management of marine resources. their role is in supporting marine biodiversity. coral reefs are important. ecosystems provide habitat. coral reefs act as barriers. coral reefs raise awareness. ecosystems provide habitat for array of organisms including fish. ecosystems provide habitat for array of organisms. coral reefs act as natural barriers. coral reefs are home. coral reefs promote management of resources. coral reefs are ecosystems. their role is in promoting tourism. coral reefs help By attracting visitors to ecosystems. ecosystems provide habitat for vast array of marine organisms. coral reefs are so important. coral reefs contribute by supporting fisheries. coral reefs are home to estimated 25 % of marine species. coral reefs Pollution from sources. ecosystems provide habitat for vast array. ecosystems are made up of animals. coral reefs Pollution from land based sources. ecosystems are made up of tiny animals. threats protect coral reefs. coral reefs are facing threats Despite their importance. corals expel algae. corals leading to death of coral colonies. corals leading to death.",
    "evaluation": 0
  },
  {
    "correct_answer": "Coral reefs act as natural barriers in regions prone to hurricanes and tsunamis.",
    "retrieved_context": "Coral reefs providing source for communities. Coral reefs providing source for coastal communities. Coral reefs support fisheries. Coral reefs are destinations for divers. Coral reefs play crucial role. Coral reefs are popular destinations. Coral reefs also play role. Coral reefs are destinations. Coral reefs are often referred. Coral reefs providing source of income. Coral reefs are often referred to to rainforests. Coral reefs support local fisheries. Coral reefs are vital to health of our oceans. Coral reefs are vital. Coral reefs are often referred to to rainforests of sea. Coral reefs providing source. Coral reefs are referred. Coral reefs providing source of income for communities. Coral reefs play role in supporting fisheries. Coral reefs providing source of income for coastal communities. Coral reefs providing food security. Coral reefs are vital to health. coral reefs promote management. coral reefs are ecosystems In conclusion. ecosystems provide habitat for vast array of organisms including fish. coral reefs raise awareness about importance of conservation. coral reefs contribute by sustainable fisheries. coral reefs are home to 25 % of marine species. ecosystems provide habitat for vast array including fish. ecosystems provide habitat for vast array of organisms. coral reefs also help By visitors. coral reefs act In regions prone. coral reefs are why important. coral reefs Furthermore are important for their role. coral reefs raise awareness about importance. coral reefs help By visitors to marine ecosystems. coral reefs act In regions. coral reefs are Furthermore important. coral reefs Pollution from based sources. coral reefs promote sustainable management of marine resources. coral reefs also help By attracting visitors. coral reefs are why so important. threats protect coral reefs for future generations. invaluable ecosystems is In conclusion. coral reefs contribute by fisheries. coral reefs contribute to global food security. coral reefs contribute to food security. coral reefs raise awareness about importance of marine conservation. ecosystems provide habitat for vast array of marine organisms including fish. coral reefs act In regions prone to hurricanes. coral reefs contribute In addition. coral reefs are facing numerous threats. coral reefs are facing threats. coral reefs Furthermore are important for their role in promoting tourism. coral reefs contribute by supporting sustainable fisheries. coral reefs help By visitors to ecosystems. coral reefs promote sustainable management. ecosystems provide habitat for array of marine organisms. ecosystems provide habitat for array of marine organisms including fish. coral reefs help By attracting visitors to marine ecosystems. coral reefs Furthermore are important for their role in tourism. coral reefs promote sustainable management of resources. coral reefs are invaluable ecosystems. ecosystems provide habitat for array including fish. ecosystems provide habitat for array. coral reefs promote management of marine resources. their role is in supporting marine biodiversity. coral reefs are important. ecosystems provide habitat. coral reefs act as barriers. coral reefs raise awareness. ecosystems provide habitat for array of organisms including fish. ecosystems provide habitat for array of organisms. coral reefs act as natural barriers. coral reefs are home. coral reefs promote management of resources. coral reefs are ecosystems. their role is in promoting tourism. coral reefs help By attracting visitors to ecosystems. ecosystems provide habitat for vast array of marine organisms. coral reefs are so important. coral reefs contribute by supporting fisheries. coral reefs are home to estimated 25 % of marine species. coral reefs Pollution from sources. ecosystems provide habitat for vast array. ecosystems are made up of animals. coral reefs Pollution from land based sources. ecosystems are made up of tiny animals. threats protect coral reefs. coral reefs are facing threats Despite their importance. corals expel algae. corals leading to death of coral colonies. corals leading to death.",
    "evaluation": 1
  },
  {
    "correct_answer": "Coral reefs support fisheries by providing food, shelter, and breeding grounds for fish.",
    "retrieved_context": "Coral reefs providing source for communities. Coral reefs providing source for coastal communities. Coral reefs support fisheries. Coral reefs are destinations for divers. Coral reefs play crucial role. Coral reefs are popular destinations. Coral reefs also play role. Coral reefs are destinations. Coral reefs are often referred. Coral reefs providing source of income. Coral reefs are often referred to to rainforests. Coral reefs support local fisheries. Coral reefs are vital to health of our oceans. Coral reefs are vital. Coral reefs are often referred to to rainforests of sea. Coral reefs providing source. Coral reefs are referred. Coral reefs providing source of income for communities. Coral reefs play role in supporting fisheries. Coral reefs providing source of income for coastal communities. Coral reefs providing food security. Coral reefs are vital to health. coral reefs promote management. coral reefs are ecosystems In conclusion. ecosystems provide habitat for vast array of organisms including fish. coral reefs raise awareness about importance of conservation. coral reefs contribute by sustainable fisheries. coral reefs are home to 25 % of marine species. ecosystems provide habitat for vast array including fish. ecosystems provide habitat for vast array of organisms. coral reefs also help By visitors. coral reefs act In regions prone. coral reefs are why important. coral reefs Furthermore are important for their role. coral reefs raise awareness about importance. coral reefs help By visitors to marine ecosystems. coral reefs act In regions. coral reefs are Furthermore important. coral reefs Pollution from based sources. coral reefs promote sustainable management of marine resources. coral reefs also help By attracting visitors. coral reefs are why so important. threats protect coral reefs for future generations. invaluable ecosystems is In conclusion. coral reefs contribute by fisheries. coral reefs contribute to global food security. coral reefs contribute to food security. coral reefs raise awareness about importance of marine conservation. ecosystems provide habitat for vast array of marine organisms including fish. coral reefs act In regions prone to hurricanes. coral reefs contribute In addition. coral reefs are facing numerous threats. coral reefs are facing threats. coral reefs Furthermore are important for their role in promoting tourism. coral reefs contribute by supporting sustainable fisheries. coral reefs help By visitors to ecosystems. coral reefs promote sustainable management. ecosystems provide habitat for array of marine organisms. ecosystems provide habitat for array of marine organisms including fish. coral reefs help By attracting visitors to marine ecosystems. coral reefs Furthermore are important for their role in tourism. coral reefs promote sustainable management of resources. coral reefs are invaluable ecosystems. ecosystems provide habitat for array including fish. ecosystems provide habitat for array. coral reefs promote management of marine resources. their role is in supporting marine biodiversity. coral reefs are important. ecosystems provide habitat. coral reefs act as barriers. coral reefs raise awareness. ecosystems provide habitat for array of organisms including fish. ecosystems provide habitat for array of organisms. coral reefs act as natural barriers. coral reefs are home. coral reefs promote management of resources. coral reefs are ecosystems. their role is in promoting tourism. coral reefs help By attracting visitors to ecosystems. ecosystems provide habitat for vast array of marine organisms. coral reefs are so important. coral reefs contribute by supporting fisheries. coral reefs are home to estimated 25 % of marine species. coral reefs Pollution from sources. ecosystems provide habitat for vast array. ecosystems are made up of animals. coral reefs Pollution from land based sources. ecosystems are made up of tiny animals. threats protect coral reefs. coral reefs are facing threats Despite their importance.",
    "evaluation": 1
  },
  {
    "correct_answer": "Coral reefs support local fisheries and provide a source of income for coastal communities.",
    "retrieved_context": "Coral reefs providing source for communities. Coral reefs providing source for coastal communities. Coral reefs support fisheries. Coral reefs are destinations for divers. Coral reefs play crucial role. Coral reefs are popular destinations. Coral reefs also play role. Coral reefs are destinations. Coral reefs are often referred. Coral reefs providing source of income. Coral reefs are often referred to to rainforests. Coral reefs support local fisheries. Coral reefs are vital to health of our oceans. Coral reefs are vital. Coral reefs are often referred to to rainforests of sea. Coral reefs providing source. Coral reefs are referred. Coral reefs providing source of income for communities. Coral reefs play role in supporting fisheries. Coral reefs providing source of income for coastal communities. Coral reefs providing food security. Coral reefs are vital to health. coral reefs promote management. coral reefs are ecosystems In conclusion. ecosystems provide habitat for vast array of organisms including fish. coral reefs raise awareness about importance of conservation. coral reefs contribute by sustainable fisheries. coral reefs are home to 25 % of marine species. ecosystems provide habitat for vast array including fish. ecosystems provide habitat for vast array of organisms. coral reefs also help By visitors. coral reefs act In regions prone. coral reefs are why important. coral reefs Furthermore are important for their role. coral reefs raise awareness about importance. coral reefs help By visitors to marine ecosystems. coral reefs act In regions. coral reefs are Furthermore important. coral reefs Pollution from based sources. coral reefs promote sustainable management of marine resources. coral reefs also help By attracting visitors. coral reefs are why so important. threats protect coral reefs for future generations. invaluable ecosystems is In conclusion. coral reefs contribute by fisheries. coral reefs contribute to global food security. coral reefs contribute to food security. coral reefs raise awareness about importance of marine conservation. ecosystems provide habitat for vast array of marine organisms including fish. coral reefs act In regions prone to hurricanes. coral reefs contribute In addition. coral reefs are facing numerous threats. coral reefs are facing threats. coral reefs Furthermore are important for their role in promoting tourism. coral reefs contribute by supporting sustainable fisheries. coral reefs help By visitors to ecosystems. coral reefs promote sustainable management. ecosystems provide habitat for array of marine organisms. ecosystems provide habitat for array of marine organisms including fish. coral reefs help By attracting visitors to marine ecosystems. coral reefs Furthermore are important for their role in tourism. coral reefs promote sustainable management of resources. coral reefs are invaluable ecosystems. ecosystems provide habitat for array including fish. ecosystems provide habitat for array. coral reefs promote management of marine resources. their role is in supporting marine biodiversity. coral reefs are important. ecosystems provide habitat. coral reefs act as barriers. coral reefs raise awareness. ecosystems provide habitat for array of organisms including fish. ecosystems provide habitat for array of organisms. coral reefs act as natural barriers. coral reefs are home. coral reefs promote management of resources. coral reefs are ecosystems. their role is in promoting tourism. coral reefs help By attracting visitors to ecosystems. ecosystems provide habitat for vast array of marine organisms. coral reefs are so important. coral reefs contribute by supporting fisheries. coral reefs are home to estimated 25 % of marine species. coral reefs Pollution from sources. ecosystems provide habitat for vast array. ecosystems are made up of animals. coral reefs Pollution from land based sources. ecosystems are made up of tiny animals. threats protect coral reefs. coral reefs are facing threats Despite their importance.",
    "evaluation": 1
  },
  {
    "correct_answer": "Coral reefs contribute to global food security by supporting sustainable fisheries.",
    "retrieved_context": "Coral reefs providing source for communities. Coral reefs providing source for coastal communities. Coral reefs support fisheries. Coral reefs are destinations for divers. Coral reefs play crucial role. Coral reefs are popular destinations. Coral reefs also play role. Coral reefs are destinations. Coral reefs are often referred. Coral reefs providing source of income. Coral reefs are often referred to to rainforests. Coral reefs support local fisheries. Coral reefs are vital to health of our oceans. Coral reefs are vital. Coral reefs are often referred to to rainforests of sea. Coral reefs providing source. Coral reefs are referred. Coral reefs providing source of income for communities. Coral reefs play role in supporting fisheries. Coral reefs providing source of income for coastal communities. Coral reefs providing food security. Coral reefs are vital to health. coral reefs promote management. coral reefs are ecosystems In conclusion. ecosystems provide habitat for vast array of organisms including fish. coral reefs raise awareness about importance of conservation. coral reefs contribute by sustainable fisheries. coral reefs are home to 25 % of marine species. ecosystems provide habitat for vast array including fish. ecosystems provide habitat for vast array of organisms. coral reefs also help By visitors. coral reefs act In regions prone. coral reefs are why important. coral reefs Furthermore are important for their role. coral reefs raise awareness about importance. coral reefs help By visitors to marine ecosystems. coral reefs act In regions. coral reefs are Furthermore important. coral reefs Pollution from based sources. coral reefs promote sustainable management of marine resources. coral reefs also help By attracting visitors. coral reefs are why so important. threats protect coral reefs for future generations. invaluable ecosystems is In conclusion. coral reefs contribute by fisheries. coral reefs contribute to global food security. coral reefs contribute to food security. coral reefs raise awareness about importance of marine conservation. ecosystems provide habitat for vast array of marine organisms including fish. coral reefs act In regions prone to hurricanes. coral reefs contribute In addition. coral reefs are facing numerous threats. coral reefs are facing threats. coral reefs Furthermore are important for their role in promoting tourism. coral reefs contribute by supporting sustainable fisheries. coral reefs help By visitors to ecosystems. coral reefs promote sustainable management. ecosystems provide habitat for array of marine organisms. ecosystems provide habitat for array of marine organisms including fish. coral reefs help By attracting visitors to marine ecosystems. coral reefs Furthermore are important for their role in tourism. coral reefs promote sustainable management of resources. coral reefs are invaluable ecosystems. ecosystems provide habitat for array including fish. ecosystems provide habitat for array. coral reefs promote management of marine resources. their role is in supporting marine biodiversity. coral reefs are important. ecosystems provide habitat. coral reefs act as barriers. coral reefs raise awareness. ecosystems provide habitat for array of organisms including fish. ecosystems provide habitat for array of organisms. coral reefs act as natural barriers. coral reefs are home. coral reefs promote management of resources. coral reefs are ecosystems. their role is in promoting tourism. coral reefs help By attracting visitors to ecosystems. ecosystems provide habitat for vast array of marine organisms. coral reefs are so important. coral reefs contribute by supporting fisheries. coral reefs are home to estimated 25 % of marine species. coral reefs Pollution from sources. ecosystems provide habitat for vast array. ecosystems are made up of animals. coral reefs Pollution from land based sources. ecosystems are made up of tiny animals. threats protect coral reefs. coral reefs are facing threats Despite their importance.",
    "evaluation": 1
  },
  {
    "correct_answer": "Coral reefs are popular destinations for divers and snorkelers.",
    "retrieved_context": "Coral reefs providing source for communities. Coral reefs providing source for coastal communities. Coral reefs support fisheries. Coral reefs are destinations for divers. Coral reefs play crucial role. Coral reefs are popular destinations. Coral reefs also play role. Coral reefs are destinations. Coral reefs are often referred. Coral reefs providing source of income. Coral reefs are often referred to to rainforests. Coral reefs support local fisheries. Coral reefs are vital to health of our oceans. Coral reefs are vital. Coral reefs are often referred to to rainforests of sea. Coral reefs providing source. Coral reefs are referred. Coral reefs providing source of income for communities. Coral reefs play role in supporting fisheries. Coral reefs providing source of income for coastal communities. Coral reefs providing food security. Coral reefs are vital to health. coral reefs promote management. coral reefs are ecosystems In conclusion. ecosystems provide habitat for vast array of organisms including fish. coral reefs raise awareness about importance of conservation. coral reefs contribute by sustainable fisheries. coral reefs are home to 25 % of marine species. ecosystems provide habitat for vast array including fish. ecosystems provide habitat for vast array of organisms. coral reefs also help By visitors. coral reefs act In regions prone. coral reefs are why important. coral reefs Furthermore are important for their role. coral reefs raise awareness about importance. coral reefs help By visitors to marine ecosystems. coral reefs act In regions. coral reefs are Furthermore important. coral reefs Pollution from based sources. coral reefs promote sustainable management of marine resources. coral reefs also help By attracting visitors. coral reefs are why so important. threats protect coral reefs for future generations. invaluable ecosystems is In conclusion. coral reefs contribute by fisheries. coral reefs contribute to global food security. coral reefs contribute to food security. coral reefs raise awareness about importance of marine conservation. ecosystems provide habitat for vast array of marine organisms including fish. coral reefs act In regions prone to hurricanes. coral reefs contribute In addition. coral reefs are facing numerous threats. coral reefs are facing threats. coral reefs Furthermore are important for their role in promoting tourism. coral reefs contribute by supporting sustainable fisheries. coral reefs help By visitors to ecosystems. coral reefs promote sustainable management. ecosystems provide habitat for array of marine organisms. ecosystems provide habitat for array of marine organisms including fish. coral reefs help By attracting visitors to marine ecosystems. coral reefs Furthermore are important for their role in tourism. coral reefs promote sustainable management of resources. coral reefs are invaluable ecosystems. ecosystems provide habitat for array including fish. ecosystems provide habitat for array. coral reefs promote management of marine resources. their role is in supporting marine biodiversity. coral reefs are important. ecosystems provide habitat. coral reefs act as barriers. coral reefs raise awareness. ecosystems provide habitat for array of organisms including fish. ecosystems provide habitat for array of organisms. coral reefs act as natural barriers. coral reefs are home. coral reefs promote management of resources. coral reefs are ecosystems. their role is in promoting tourism. coral reefs help By attracting visitors to ecosystems. ecosystems provide habitat for vast array of marine organisms. coral reefs are so important. coral reefs contribute by supporting fisheries. coral reefs are home to estimated 25 % of marine species. coral reefs Pollution from sources. ecosystems provide habitat for vast array. ecosystems are made up of animals. coral reefs Pollution from land based sources. ecosystems are made up of tiny animals. threats protect coral reefs. coral reefs are facing threats Despite their importance. corals expel algae. corals leading to death of coral colonies. corals leading to death.",
    "evaluation": 1
  },
  {
    "correct_answer": "Coral reefs attract millions of tourists each year and support local economies.",
    "retrieved_context": "Coral reefs providing source for communities. Coral reefs providing source for coastal communities. Coral reefs support fisheries. Coral reefs are destinations for divers. Coral reefs play crucial role. Coral reefs are popular destinations. Coral reefs also play role. Coral reefs are destinations. Coral reefs are often referred. Coral reefs providing source of income. Coral reefs are often referred to to rainforests. Coral reefs support local fisheries. Coral reefs are vital to health of our oceans. Coral reefs are vital. Coral reefs are often referred to to rainforests of sea. Coral reefs providing source. Coral reefs are referred. Coral reefs providing source of income for communities. Coral reefs play role in supporting fisheries. Coral reefs providing source of income for coastal communities. Coral reefs providing food security. Coral reefs are vital to health. coral reefs promote management. coral reefs are ecosystems In conclusion. ecosystems provide habitat for vast array of organisms including fish. coral reefs raise awareness about importance of conservation. coral reefs contribute by sustainable fisheries. coral reefs are home to 25 % of marine species. ecosystems provide habitat for vast array including fish. ecosystems provide habitat for vast array of organisms. coral reefs also help By visitors. coral reefs act In regions prone. coral reefs are why important. coral reefs Furthermore are important for their role. coral reefs raise awareness about importance. coral reefs help By visitors to marine ecosystems. coral reefs act In regions. coral reefs are Furthermore important. coral reefs Pollution from based sources. coral reefs promote sustainable management of marine resources. coral reefs also help By attracting visitors. coral reefs are why so important. threats protect coral reefs for future generations. invaluable ecosystems is In conclusion. coral reefs contribute by fisheries. coral reefs contribute to global food security. coral reefs contribute to food security. coral reefs raise awareness about importance of marine conservation. ecosystems provide habitat for vast array of marine organisms including fish. coral reefs act In regions prone to hurricanes. coral reefs contribute In addition. coral reefs are facing numerous threats. coral reefs are facing threats. coral reefs Furthermore are important for their role in promoting tourism. coral reefs contribute by supporting sustainable fisheries. coral reefs help By visitors to ecosystems. coral reefs promote sustainable management. ecosystems provide habitat for array of marine organisms. ecosystems provide habitat for array of marine organisms including fish. coral reefs help By attracting visitors to marine ecosystems. coral reefs Furthermore are important for their role in tourism. coral reefs promote sustainable management of resources. coral reefs are invaluable ecosystems. ecosystems provide habitat for array including fish. ecosystems provide habitat for array. coral reefs promote management of marine resources. their role is in supporting marine biodiversity. coral reefs are important. ecosystems provide habitat. coral reefs act as barriers. coral reefs raise awareness. ecosystems provide habitat for array of organisms including fish. ecosystems provide habitat for array of organisms. coral reefs act as natural barriers. coral reefs are home. coral reefs promote management of resources. coral reefs are ecosystems. their role is in promoting tourism. coral reefs help By attracting visitors to ecosystems. ecosystems provide habitat for vast array of marine organisms. coral reefs are so important. coral reefs contribute by supporting fisheries. coral reefs are home to estimated 25 % of marine species. coral reefs Pollution from sources. ecosystems provide habitat for vast array. ecosystems are made up of animals. coral reefs Pollution from land based sources. ecosystems are made up of tiny animals. threats protect coral reefs. coral reefs are facing threats Despite their importance. corals expel algae. corals leading to death of coral colonies. corals leading to death.",
    "evaluation": 0
  },
  {
    "accuracy": "66.67%"
  }
]