[
  {
    "correct_answer": "Body language is a form of communication.",
    "retrieved_context": "rapport create sense of connection between individuals. body language is form In conclusion. rapport build connections with others. rapport build connections. body language can play crucial role. body language is powerful form. body language establish rapport. body language can convey wide range of emotions. rapport create sense of connection. rapport create sense. body language can convey range From expressions. body language can convey range From expressions to gestures. body language can signal attraction between individuals. body language can help In settings. body language can convey range From facial expressions to gestures. body language can convey range. attraction romantic language intimacy. body language Additionally can signal attraction. body language can convey wide range. body language can convey range From facial expressions. body language can help In social settings. body language can also play role Beyond emotions. body language can also play role Beyond conveying emotions. body language can also play role in nonverbal communication. body language project confidence. powerful form is In conclusion. body language is In conclusion powerful form of communication. body language is form. body language can also play role. body language is powerful and versatile form of communication. body language can convey range of emotions. body language is In conclusion form of communication. Body language is form. powerful form is In conclusion. Body language is powerful form. Body language is powerful form of communication. attraction romantic language intimacy. romantic body language can signal attraction between individuals. romantic body language can signal attraction.",
    "evaluation": 1
  },
  {
    "correct_answer": "Individuals use body language daily.",
    "retrieved_context": "rapport create sense of connection between individuals. body language is form In conclusion. rapport build connections with others. rapport build connections. body language can play crucial role. body language is powerful form. body language establish rapport. body language can convey wide range of emotions. rapport create sense of connection. rapport create sense. body language can convey range From expressions. body language can convey range From expressions to gestures. body language can signal attraction between individuals. body language can help In settings. body language can convey range From facial expressions to gestures. body language can convey range. attraction romantic language intimacy. body language Additionally can signal attraction. body language can convey wide range. body language can convey range From facial expressions. body language can help In social settings. body language can also play role Beyond emotions. body language can also play role Beyond conveying emotions. body language can also play role in nonverbal communication. body language project confidence. powerful form is In conclusion. body language is In conclusion powerful form of communication. body language is form. body language can also play role. body language is powerful and versatile form of communication. body language can convey range of emotions. body language is In conclusion form of communication. Body language is form. powerful form is In conclusion. Body language is powerful form. Body language is powerful form of communication. attraction romantic language intimacy. romantic body language can signal attraction between individuals. romantic body language can signal attraction. their communication skills deepen their understanding. their communication skills deepen their understanding of those around them. their communication skills deepen their understanding of those. cultural cues distance during interaction known. individuals can better understand dynamics of their interactions. individuals may use body language For instance. individuals can enhance clarity By gestures. individuals can better understand dynamics By mindful of their own posture. individuals can gain insight By attention to subtle cues. individuals can better understand dynamics of their social interactions. individuals can better understand dynamics mindful. cultural cues distance during interaction. individuals can gain insight into emotions. individuals navigate situations. individuals social situations with ease. individuals navigate situations with greater ease. individuals can better understand dynamics By mindful of their posture. individuals may use body language in settings. individuals use on daily basis. individuals navigate social situations with ease. individuals can understand dynamics By mindful. individuals navigate social situations with greater ease. individuals can enhance clarity By incorporating gestures. individuals can enhance clarity By gestures into their interactions. individuals may use body language. individuals adjust accordingly their own behavior. cultural cues distance during interaction known as proxemics. individuals can improve their ability connect. individuals navigate situations with ease. individuals navigate social situations. individuals may use body language in professional settings. individuals can enhance clarity By incorporating gestures into their interactions. individuals can improve their ability to connect. individuals use on basis. individuals can gain insight. individuals can better understand dynamics mindful of their own posture. individuals can gain insight By attention. individuals can better understand dynamics mindful of their posture. individuals can improve their ability to connect with others. cultural cues distance between individuals. individuals can gain insight into emotions of those around them. individuals adjust accordingly their behavior. individuals can improve their ability connect with others. individuals can enhance clarity. individuals can gain insight into emotions of those. individuals can understand dynamics. individuals social situations with greater ease. individuals can gain insight By paying attention to cues. individuals can gain insight By paying attention to subtle cues. individuals can enhance clarity of their communication. individuals can gain insight By paying attention. individuals can gain insight By attention to cues.",
    "evaluation": 1
  },
  {
    "correct_answer": "Facial expressions convey emotions.",
    "retrieved_context": "",
    "evaluation": 0
  },
  {
    "correct_answer": "Smiling is associated with happiness.",
    "retrieved_context": "smile is often associated. smile is For example associated with happiness. smile is associated For example. smile is For example often associated with happiness. smile is associated with happiness. smile is associated.",
    "evaluation": 1
  },
  {
    "correct_answer": "Furrowed brow may indicate confusion.",
    "retrieved_context": "furrowed brow may indicate confusion. brow may indicate confusion. nodding can indicate agreement. eye contact may suggest discomfort. smile is often associated. smile is For example associated with happiness. smile is associated For example. smile is For example often associated with happiness. smile is associated with happiness. smile is associated. clarity individuals effectiveness.",
    "evaluation": 1
  },
  {
    "correct_answer": "Gestures convey messages without words.",
    "retrieved_context": "gestures can convey range without need for words. gestures can convey wide range. gestures can convey range of messages. gestures can convey wide range of messages. gestures can convey range. gestures can convey range without need. rapport create sense of connection between individuals. body language is form In conclusion. rapport build connections with others. rapport build connections. body language can play crucial role. body language is powerful form. body language establish rapport. body language can convey wide range of emotions. rapport create sense of connection. rapport create sense. body language can convey range From expressions. body language can convey range From expressions to gestures. body language can signal attraction between individuals. body language can help In settings. body language can convey range From facial expressions to gestures. body language can convey range. attraction romantic language intimacy. body language Additionally can signal attraction. body language can convey wide range. body language can convey range From facial expressions. body language can help In social settings. body language can also play role Beyond emotions. body language can also play role Beyond conveying emotions. body language can also play role in nonverbal communication. body language project confidence. powerful form is In conclusion. body language is In conclusion powerful form of communication. body language is form. body language can also play role. body language is powerful and versatile form of communication. body language can convey range of emotions. body language is In conclusion form of communication. Body language is form. powerful form is In conclusion. Body language is powerful form. Body language is powerful form of communication.",
    "evaluation": 1
  },
  {
    "correct_answer": "Crossing arms may signal defensiveness.",
    "retrieved_context": "individuals can better understand dynamics of their interactions. individuals may use body language For instance. individuals can enhance clarity By gestures. individuals can better understand dynamics By mindful of their own posture. individuals can gain insight By attention to subtle cues. individuals can better understand dynamics of their social interactions. individuals can better understand dynamics mindful. individuals navigate situations. individuals can gain insight into emotions. individuals social situations with ease. individuals navigate situations with greater ease. individuals can better understand dynamics By mindful of their posture. individuals may use body language in settings. individuals use on daily basis. individuals navigate social situations with ease. individuals can understand dynamics By mindful. individuals navigate social situations with greater ease. individuals can enhance clarity By incorporating gestures. individuals can enhance clarity By gestures into their interactions. individuals may use body language. individuals adjust accordingly their own behavior. individuals can improve their ability connect. individuals navigate situations with ease. individuals navigate social situations. individuals may use body language in professional settings. individuals can enhance clarity By incorporating gestures into their interactions. important cues distance during interaction known as proxemics. individuals can improve their ability to connect. individuals use on basis. individuals can gain insight. individuals can better understand dynamics mindful of their own posture. individuals can gain insight By attention. individuals can better understand dynamics mindful of their posture. individuals can improve their ability to connect with others. individuals can gain insight into emotions of those around them. important cues distance during interaction known. important cues distance between individuals. individuals adjust accordingly their behavior. individuals can improve their ability connect with others. important cues distance during interaction. individuals can enhance clarity. individuals can gain insight into emotions of those. individuals can understand dynamics. individuals social situations with greater ease. individuals can gain insight By paying attention to cues. individuals can gain insight By paying attention to subtle cues. individuals can enhance clarity of their communication. individuals can gain insight By paying attention. individuals can gain insight By attention to cues. individuals can better understand dynamics of their interactions. individuals may use body language For instance. individuals can enhance clarity By gestures. individuals can better understand dynamics By mindful of their own posture. individuals can gain insight By attention to subtle cues. individuals can better understand dynamics of their social interactions. individuals can better understand dynamics mindful. individuals navigate situations. individuals can gain insight into emotions. individuals social situations with ease. individuals navigate situations with greater ease. cues make up significant portion of communication. individuals can better understand dynamics By mindful of their posture. individuals may use body language in settings. cues distance between individuals. individuals use on daily basis. cues distance during interaction known. individuals navigate social situations with ease. individuals can understand dynamics By mindful. individuals navigate social situations with greater ease. individuals can enhance clarity By incorporating gestures. individuals can enhance clarity By gestures into their interactions. individuals may use body language. cues distance during interaction. individuals adjust accordingly their own behavior. individuals can improve their ability connect. individuals navigate situations with ease. individuals navigate social situations. individuals may use body language in professional settings. individuals can enhance clarity By incorporating gestures into their interactions. individuals can improve their ability to connect. individuals use on basis. individuals can gain insight. cues make up significant portion. individuals can better understand dynamics mindful of their own posture. individuals can gain insight By attention. individuals can better understand dynamics mindful of their posture. individuals can improve their ability to connect with others. individuals can gain insight into emotions of those around them. cues distance during interaction known as proxemics. cues make up portion. individuals adjust accordingly their behavior. individuals can improve their ability connect with others. cues make up portion with studies. individuals can enhance clarity. individuals can gain insight into emotions of those. individuals can understand dynamics. cues make up portion with studies estimating. individuals social situations with greater ease. individuals can gain insight By paying attention to cues. individuals can gain insight By paying attention to subtle cues. individuals can enhance clarity of their communication. cues make up portion of communication. cues significant portion of communication. individuals can gain insight By paying attention. individuals can gain insight By attention to cues.",
    "evaluation": 0
  },
  {
    "correct_answer": "Nodding can indicate agreement.",
    "retrieved_context": "nodding can indicate agreement. nonverbal cues make up portion with studies. nonverbal cues make up portion. nonverbal cues portion of communication. nonverbal cues make up portion of communication. nonverbal cues make up portion with studies estimating. nonverbal cues make up significant portion of communication. nonverbal cues make up significant portion.",
    "evaluation": 1
  },
  {
    "correct_answer": "Posture reveals thoughts and feelings.",
    "retrieved_context": "",
    "evaluation": 0
  },
  {
    "correct_answer": "Standing up straight signals confidence.",
    "retrieved_context": "individuals can better understand dynamics of their interactions. individuals may use body language For instance. individuals can enhance clarity By gestures. individuals can better understand dynamics By mindful of their own posture. individuals can gain insight By attention to subtle cues. individuals can better understand dynamics of their social interactions. individuals can better understand dynamics mindful. individuals navigate situations. individuals can gain insight into emotions. individuals social situations with ease. individuals navigate situations with greater ease. individuals can better understand dynamics By mindful of their posture. individuals may use body language in settings. individuals use on daily basis. individuals navigate social situations with ease. individuals can understand dynamics By mindful. individuals navigate social situations with greater ease. individuals can enhance clarity By incorporating gestures. individuals can enhance clarity By gestures into their interactions. individuals may use body language. individuals adjust accordingly their own behavior. individuals can improve their ability connect. individuals navigate situations with ease. individuals navigate social situations. individuals may use body language in professional settings. individuals can enhance clarity By incorporating gestures into their interactions. important cues distance during interaction known as proxemics. individuals can improve their ability to connect. individuals use on basis. individuals can gain insight. individuals can better understand dynamics mindful of their own posture. individuals can gain insight By attention. individuals can better understand dynamics mindful of their posture. individuals can improve their ability to connect with others. individuals can gain insight into emotions of those around them. important cues distance during interaction known. important cues distance between individuals. individuals adjust accordingly their behavior. individuals can improve their ability connect with others. important cues distance during interaction. individuals can enhance clarity. individuals can gain insight into emotions of those. individuals can understand dynamics. individuals social situations with greater ease. individuals can gain insight By paying attention to cues. individuals can gain insight By paying attention to subtle cues. individuals can enhance clarity of their communication. individuals can gain insight By paying attention. individuals can gain insight By attention to cues. individuals can better understand dynamics of their interactions. individuals may use body language For instance. individuals can enhance clarity By gestures. individuals can better understand dynamics By mindful of their own posture. individuals can gain insight By attention to subtle cues. individuals can better understand dynamics of their social interactions. individuals can better understand dynamics mindful. individuals navigate situations. individuals can gain insight into emotions. individuals social situations with ease. individuals navigate situations with greater ease. cues make up significant portion of communication. individuals can better understand dynamics By mindful of their posture. individuals may use body language in settings. cues distance between individuals. individuals use on daily basis. cues distance during interaction known. individuals navigate social situations with ease. individuals can understand dynamics By mindful. individuals navigate social situations with greater ease. individuals can enhance clarity By incorporating gestures. individuals can enhance clarity By gestures into their interactions. individuals may use body language. cues distance during interaction. individuals adjust accordingly their own behavior. individuals can improve their ability connect. individuals navigate situations with ease. individuals navigate social situations. individuals may use body language in professional settings. individuals can enhance clarity By incorporating gestures into their interactions. individuals can improve their ability to connect. individuals use on basis. individuals can gain insight. cues make up significant portion. individuals can better understand dynamics mindful of their own posture. individuals can gain insight By attention. individuals can better understand dynamics mindful of their posture. individuals can improve their ability to connect with others. individuals can gain insight into emotions of those around them. cues distance during interaction known as proxemics. cues make up portion. individuals adjust accordingly their behavior. individuals can improve their ability connect with others. cues make up portion with studies. individuals can enhance clarity. individuals can gain insight into emotions of those. individuals can understand dynamics. cues make up portion with studies estimating. individuals social situations with greater ease. individuals can gain insight By paying attention to cues. individuals can gain insight By paying attention to subtle cues. individuals can enhance clarity of their communication. cues make up portion of communication. cues significant portion of communication. individuals can gain insight By paying attention. individuals can gain insight By attention to cues. nonverbal cues make up portion with studies. nonverbal cues make up portion. nonverbal cues portion of communication. nonverbal cues make up portion of communication. nonverbal cues make up portion with studies estimating. nonverbal cues make up significant portion of communication. nonverbal cues make up significant portion.",
    "evaluation": 0
  },
  {
    "correct_answer": "Slouching may suggest insecurity.",
    "retrieved_context": "slouching may suggest insecurity. attraction romantic language intimacy. romantic body language can signal attraction between individuals. romantic body language can signal attraction. rapport create sense of connection between individuals. body language is form In conclusion. rapport build connections with others. rapport build connections. body language can play crucial role. body language is powerful form. body language establish rapport. body language can convey wide range of emotions. rapport create sense of connection. rapport create sense. body language can convey range From expressions. body language can convey range From expressions to gestures. body language can signal attraction between individuals. body language can help In settings. body language can convey range From facial expressions to gestures. body language can convey range. attraction romantic language intimacy. body language Additionally can signal attraction. body language can convey wide range. body language can convey range From facial expressions. body language can help In social settings. body language can also play role Beyond emotions. body language can also play role Beyond conveying emotions. body language can also play role in nonverbal communication. body language project confidence. powerful form is In conclusion. body language is In conclusion powerful form of communication. body language is form. body language can also play role. body language is powerful and versatile form of communication. body language can convey range of emotions. body language is In conclusion form of communication.",
    "evaluation": 0
  },
  {
    "correct_answer": "Maintaining eye contact signals attentiveness.",
    "retrieved_context": "avoiding eye contact may suggest discomfort. eye contact may suggest discomfort. attentiveness maintaining eye contact. attentiveness maintaining eye contact during conversation. attentiveness maintaining eye contact For example. eye contact may suggest discomfort. attentiveness maintaining engagement.",
    "evaluation": 1
  },
  {
    "correct_answer": "Avoiding eye contact may suggest discomfort.",
    "retrieved_context": "avoiding eye contact may suggest discomfort. eye contact may suggest discomfort. furrowed brow may indicate confusion. slouching may suggest insecurity. nonverbal cues make up portion with studies. nonverbal cues make up portion. nonverbal cues portion of communication. nonverbal cues make up portion of communication. nonverbal cues make up portion with studies estimating. nonverbal cues make up significant portion of communication. nonverbal cues make up significant portion.",
    "evaluation": 1
  },
  {
    "correct_answer": "Proxemics conveys cultural and personal cues.",
    "retrieved_context": "cultural cues distance during interaction known. individuals can better understand dynamics of their interactions. individuals may use body language For instance. individuals can enhance clarity By gestures. individuals can better understand dynamics By mindful of their own posture. individuals can gain insight By attention to subtle cues. individuals can better understand dynamics of their social interactions. individuals can better understand dynamics mindful. cultural cues distance during interaction. individuals can gain insight into emotions. individuals navigate situations. individuals social situations with ease. individuals navigate situations with greater ease. individuals can better understand dynamics By mindful of their posture. individuals may use body language in settings. individuals use on daily basis. individuals navigate social situations with ease. individuals can understand dynamics By mindful. individuals navigate social situations with greater ease. individuals can enhance clarity By incorporating gestures. individuals can enhance clarity By gestures into their interactions. individuals may use body language. individuals adjust accordingly their own behavior. cultural cues distance during interaction known as proxemics. individuals can improve their ability connect. individuals navigate situations with ease. individuals navigate social situations. individuals may use body language in professional settings. individuals can enhance clarity By incorporating gestures into their interactions. individuals can improve their ability to connect. individuals use on basis. individuals can gain insight. individuals can better understand dynamics mindful of their own posture. individuals can gain insight By attention. individuals can better understand dynamics mindful of their posture. individuals can improve their ability to connect with others. cultural cues distance between individuals. individuals can gain insight into emotions of those around them. individuals adjust accordingly their behavior. individuals can improve their ability connect with others. individuals can enhance clarity. individuals can gain insight into emotions of those. individuals can understand dynamics. individuals social situations with greater ease. individuals can gain insight By paying attention to cues. individuals can gain insight By paying attention to subtle cues. individuals can enhance clarity of their communication. individuals can gain insight By paying attention. individuals can gain insight By attention to cues. individuals can better understand dynamics of their interactions. individuals may use body language For instance. individuals can enhance clarity By gestures. individuals can better understand dynamics By mindful of their own posture. individuals can gain insight By attention to subtle cues. individuals can better understand dynamics of their social interactions. individuals can better understand dynamics mindful. important cultural cues distance during interaction known. important cultural cues distance during interaction known as proxemics. individuals navigate situations. individuals can gain insight into emotions. individuals social situations with ease. individuals navigate situations with greater ease. individuals can better understand dynamics By mindful of their posture. individuals may use body language in settings. individuals use on daily basis. individuals navigate social situations with ease. individuals can understand dynamics By mindful. individuals navigate social situations with greater ease. individuals can enhance clarity By incorporating gestures. individuals can enhance clarity By gestures into their interactions. individuals may use body language. individuals adjust accordingly their own behavior. individuals can improve their ability connect. individuals navigate situations with ease. individuals navigate social situations. individuals may use body language in professional settings. important cultural cues distance during interaction. individuals can enhance clarity By incorporating gestures into their interactions. important cultural cues distance between individuals. individuals can improve their ability to connect. individuals use on basis. individuals can gain insight. individuals can better understand dynamics mindful of their own posture. individuals can gain insight By attention. individuals can better understand dynamics mindful of their posture. individuals can improve their ability to connect with others. individuals can gain insight into emotions of those around them. individuals adjust accordingly their behavior. individuals can improve their ability connect with others. individuals can enhance clarity. individuals can gain insight into emotions of those. individuals can understand dynamics. individuals social situations with greater ease. individuals can gain insight By paying attention to cues. individuals can gain insight By paying attention to subtle cues. individuals can enhance clarity of their communication. individuals can gain insight By paying attention. individuals can gain insight By attention to cues. nonverbal cues make up portion with studies. nonverbal cues make up portion. nonverbal cues portion of communication. nonverbal cues make up portion of communication. nonverbal cues make up portion with studies estimating. nonverbal cues make up significant portion of communication. nonverbal cues make up significant portion. attraction romantic language intimacy. romantic body language can signal attraction between individuals. romantic body language can signal attraction. individuals can better understand dynamics of their interactions. individuals may use body language For instance. individuals can enhance clarity By gestures. individuals can better understand dynamics By mindful of their own posture. individuals can gain insight By attention to subtle cues. individuals can better understand dynamics of their social interactions. individuals can better understand dynamics mindful. individuals navigate situations. individuals can gain insight into emotions. individuals social situations with ease. individuals navigate situations with greater ease. individuals can better understand dynamics By mindful of their posture. individuals may use body language in settings. individuals use on daily basis. individuals navigate social situations with ease. individuals can understand dynamics By mindful. individuals navigate social situations with greater ease. individuals can enhance clarity By incorporating gestures. individuals can enhance clarity By gestures into their interactions. individuals may use body language. individuals adjust accordingly their own behavior. individuals can improve their ability connect. individuals navigate situations with ease. individuals navigate social situations. individuals may use body language in professional settings. individuals can enhance clarity By incorporating gestures into their interactions. important cues distance during interaction known as proxemics. individuals can improve their ability to connect. individuals use on basis. individuals can gain insight. individuals can better understand dynamics mindful of their own posture. individuals can gain insight By attention. individuals can better understand dynamics mindful of their posture. individuals can improve their ability to connect with others. individuals can gain insight into emotions of those around them. important cues distance during interaction known. important cues distance between individuals. individuals adjust accordingly their behavior. individuals can improve their ability connect with others. important cues distance during interaction. individuals can enhance clarity. individuals can gain insight into emotions of those. individuals can understand dynamics. individuals social situations with greater ease. individuals can gain insight By paying attention to cues. individuals can gain insight By paying attention to subtle cues. individuals can enhance clarity of their communication. individuals can gain insight By paying attention. individuals can gain insight By attention to cues.",
    "evaluation": 1
  },
  {
    "correct_answer": "Body language can help navigate social situations.",
    "retrieved_context": "rapport create sense of connection between individuals. body language is form In conclusion. rapport build connections with others. rapport build connections. body language can play crucial role. body language is powerful form. body language establish rapport. body language can convey wide range of emotions. rapport create sense of connection. rapport create sense. body language can convey range From expressions. body language can convey range From expressions to gestures. body language can signal attraction between individuals. body language can help In settings. body language can convey range From facial expressions to gestures. body language can convey range. attraction romantic language intimacy. body language Additionally can signal attraction. body language can convey wide range. body language can convey range From facial expressions. body language can help In social settings. body language can also play role Beyond emotions. body language can also play role Beyond conveying emotions. body language can also play role in nonverbal communication. body language project confidence. powerful form is In conclusion. body language is In conclusion powerful form of communication. body language is form. body language can also play role. body language is powerful and versatile form of communication. body language can convey range of emotions. body language is In conclusion form of communication. Body language is form. powerful form is In conclusion. Body language is powerful form. Body language is powerful form of communication. attraction romantic language intimacy. romantic body language can signal attraction between individuals. romantic body language can signal attraction. social situations is with greater ease.",
    "evaluation": 0
  },
  {
    "accuracy": "60.00%"
  }
]