[
  {
    "correct_answer": "Tornadoes are powerful and destructive natural phenomena on Earth.",
    "retrieved_context": "Tornadoes form in thunderstorms. Tornadoes form in severe thunderstorms. Tornadoes are classified. tornadoes pose threat across United States. tornadoes continue Despite advances in technology capabilities. tornadoes pose threat. tornadoes continue Despite advances. advances is in technology capabilities. tornadoes pose threat to communities. tornadoes task due nature of storms. tornadoes pose significant threat. tornadoes complex task due rapid nature of storms. tornadoes complex task due rapid nature. tornadoes remains complex task. tornadoes pose threat to communities across United States. tornadoes pose significant threat to communities. tornadoes pose significant threat across United States. tornadoes task due nature. tornadoes remains task. tornadoes pose significant threat to communities across United States. tornado weakens as inflow of warm air. tornado weakens as inflow. tornado weakens In stage. tornado weakens as inflow of air. tornado weakens as inflow of warm moist air. stage is known. stage is known as dust whirl stage. tornado weakens In dissipating stage. tornado weakens as inflow of moist air. Forecasting tornadoes complex task due rapid nature of storms. Forecasting tornadoes remains task. Forecasting tornadoes remains complex task. Forecasting tornadoes task due rapid nature. Forecasting tornadoes complex and challenging task due nature of storms. Forecasting tornadoes task due nature.",
    "evaluation": 0
  },
  {
    "correct_answer": "Tornadoes can cause immense damage to buildings, trees, and anything in their path.",
    "retrieved_context": "Tornadoes form in thunderstorms. Tornadoes form in severe thunderstorms. Tornadoes are classified. tornadoes pose threat across United States. tornadoes continue Despite advances in technology capabilities. tornadoes pose threat. tornadoes continue Despite advances. advances is in technology capabilities. tornadoes pose threat to communities. tornadoes task due nature of storms. tornadoes pose significant threat. tornadoes complex task due rapid nature of storms. tornadoes complex task due rapid nature. tornadoes remains complex task. tornadoes pose threat to communities across United States. tornadoes pose significant threat to communities. tornadoes pose significant threat across United States. tornadoes task due nature. tornadoes remains task. tornadoes pose significant threat to communities across United States. Forecasting tornadoes complex task due rapid nature of storms. Forecasting tornadoes remains task. Forecasting tornadoes remains complex task. Forecasting tornadoes task due rapid nature. Forecasting tornadoes complex and challenging task due nature of storms. Forecasting tornadoes task due nature. tornado weakens as inflow of warm air. tornado weakens as inflow. tornado weakens In stage. tornado weakens as inflow of air. tornado weakens as inflow of warm moist air. stage is known. stage is known as dust whirl stage. tornado weakens In dissipating stage. tornado weakens as inflow of moist air.",
    "evaluation": 0
  },
  {
    "correct_answer": "Tornadoes form in severe thunderstorms when specific atmospheric conditions are present.",
    "retrieved_context": "Tornadoes form in thunderstorms. Tornadoes form in severe thunderstorms. Tornadoes are classified. tornadoes pose threat across United States. tornadoes continue Despite advances in technology capabilities. tornadoes pose threat. tornadoes continue Despite advances. advances is in technology capabilities. tornadoes pose threat to communities. tornadoes task due nature of storms. tornadoes pose significant threat. tornadoes complex task due rapid nature of storms. tornadoes complex task due rapid nature. tornadoes remains complex task. tornadoes pose threat to communities across United States. tornadoes pose significant threat to communities. tornadoes pose significant threat across United States. tornadoes task due nature. tornadoes remains task. tornadoes pose significant threat to communities across United States. Forecasting tornadoes complex task due rapid nature of storms. Forecasting tornadoes remains task. Forecasting tornadoes remains complex task. Forecasting tornadoes task due rapid nature. Forecasting tornadoes complex and challenging task due nature of storms. Forecasting tornadoes task due nature.",
    "evaluation": 0
  },
  {
    "correct_answer": "Wind shear is a key ingredient for tornado formation.",
    "retrieved_context": "Wind shear creates rotating column of air known. Wind shear creates column known as mesocyclone within thunderstorm. Wind shear creates column of air known. Wind shear creates column of air known as mesocyclone. Wind shear creates rotating column of air known as mesocyclone. Wind shear creates rotating column of air. Wind shear creates rotating column known as mesocyclone. Wind shear creates column. Wind shear creates column known as mesocyclone. Wind shear creates column of air known as mesocyclone within thunderstorm. Wind shear creates rotating column of air known as mesocyclone within thunderstorm. Wind shear creates column of air. Wind shear creates rotating column known. Wind shear creates column known. Wind shear creates rotating column known as mesocyclone within thunderstorm. Wind shear creates rotating column. Tornadoes form in thunderstorms. Tornadoes form in severe thunderstorms. Tornadoes are classified. tornadoes pose threat across United States. tornadoes continue Despite advances in technology capabilities. tornadoes pose threat. tornadoes continue Despite advances. advances is in technology capabilities. tornadoes pose threat to communities. tornadoes task due nature of storms. tornadoes pose significant threat. tornadoes complex task due rapid nature of storms. tornadoes complex task due rapid nature. tornadoes remains complex task. tornadoes pose threat to communities across United States. tornadoes pose significant threat to communities. tornadoes pose significant threat across United States. tornadoes task due nature. tornadoes remains task. tornadoes pose significant threat to communities across United States. tornado weakens as inflow of warm air. tornado weakens as inflow. tornado weakens In stage. tornado weakens as inflow of air. tornado weakens as inflow of warm moist air. stage is known. stage is known as dust whirl stage. tornado weakens In dissipating stage. tornado weakens as inflow of moist air. Forecasting tornadoes complex task due rapid nature of storms. Forecasting tornadoes remains task. Forecasting tornadoes remains complex task. Forecasting tornadoes task due rapid nature. Forecasting tornadoes complex and challenging task due nature of storms. Forecasting tornadoes task due nature.",
    "evaluation": 0
  },
  {
    "correct_answer": "Wind shear creates a rotating column of air known as a mesocyclone within a thunderstorm.",
    "retrieved_context": "",
    "evaluation": 0
  },
  {
    "correct_answer": "Instability in the atmosphere is another important factor in tornado formation.",
    "retrieved_context": "Tornadoes form in thunderstorms. Tornadoes form in severe thunderstorms. Tornadoes are classified. tornadoes pose threat across United States. tornadoes continue Despite advances in technology capabilities. tornadoes pose threat. tornadoes continue Despite advances. advances is in technology capabilities. tornadoes pose threat to communities. tornadoes task due nature of storms. tornadoes pose significant threat. tornadoes complex task due rapid nature of storms. tornadoes complex task due rapid nature. tornadoes remains complex task. tornadoes pose threat to communities across United States. tornadoes pose significant threat to communities. tornadoes pose significant threat across United States. tornadoes task due nature. tornadoes remains task. tornadoes pose significant threat to communities across United States. tornado weakens as inflow of warm air. tornado weakens as inflow. tornado weakens In stage. tornado weakens as inflow of air. tornado weakens as inflow of warm moist air. stage is known. stage is known as dust whirl stage. tornado weakens In dissipating stage. tornado weakens as inflow of moist air. Forecasting tornadoes complex task due rapid nature of storms. Forecasting tornadoes remains task. Forecasting tornadoes remains complex task. Forecasting tornadoes task due rapid nature. Forecasting tornadoes complex and challenging task due nature of storms. Forecasting tornadoes task due nature.",
    "evaluation": 0
  },
  {
    "correct_answer": "Instability occurs when warm, moist air near the surface is overlaid by cooler, drier air aloft.",
    "retrieved_context": "instability is in atmosphere. moist air is overlaid aloft by cooler air. air is overlaid aloft by air. air is when overlaid by drier air aloft. moist air is overlaid aloft by air. air is when overlaid by cooler drier air aloft. air is overlaid aloft by cooler air. air is when overlaid by cooler air. air is when overlaid by air. moist air is when overlaid by air aloft. air is when overlaid by cooler drier air. moist air is overlaid aloft by cooler drier air. moist air is when overlaid by air. moist air is when overlaid by drier air. moist air is when overlaid by cooler air aloft. air is overlaid by cooler drier air. moist air is overlaid aloft by drier air. moist air is when overlaid by cooler drier air. moist air is when overlaid by cooler air. air is when overlaid by air aloft. moist air is when overlaid by drier air aloft. air is when overlaid by drier air. air is when overlaid by cooler air aloft. moist air is when overlaid by cooler drier air aloft. air is overlaid aloft by drier air.",
    "evaluation": 1
  },
  {
    "correct_answer": "A trigger mechanism, such as a cold front, dry line, or outflow boundary, is needed for tornado formation.",
    "retrieved_context": "Tornadoes form in thunderstorms. Tornadoes form in severe thunderstorms. Tornadoes are classified. tornadoes pose threat across United States. tornadoes continue Despite advances in technology capabilities. tornadoes pose threat. tornadoes continue Despite advances. advances is in technology capabilities. tornadoes pose threat to communities. tornadoes task due nature of storms. tornadoes pose significant threat. tornadoes complex task due rapid nature of storms. tornadoes complex task due rapid nature. tornadoes remains complex task. tornadoes pose threat to communities across United States. tornadoes pose significant threat to communities. tornadoes pose significant threat across United States. tornadoes task due nature. tornadoes remains task. tornadoes pose significant threat to communities across United States. Forecasting tornadoes complex task due rapid nature of storms. Forecasting tornadoes remains task. Forecasting tornadoes remains complex task. Forecasting tornadoes task due rapid nature. Forecasting tornadoes complex and challenging task due nature of storms. Forecasting tornadoes task due nature. tornado weakens as inflow of warm air. tornado weakens as inflow. tornado weakens In stage. tornado weakens as inflow of air. tornado weakens as inflow of warm moist air. stage is known. stage is known as dust whirl stage. tornado weakens In dissipating stage. tornado weakens as inflow of moist air.",
    "evaluation": 0
  },
  {
    "correct_answer": "Tornadoes go through stages of development: dust whirl stage, mature stage, and dissipating stage.",
    "retrieved_context": "Tornadoes form in thunderstorms. Tornadoes form in severe thunderstorms. Tornadoes are classified. tornadoes pose threat across United States. tornadoes continue Despite advances in technology capabilities. tornadoes pose threat. tornadoes continue Despite advances. advances is in technology capabilities. tornadoes pose threat to communities. tornadoes task due nature of storms. tornadoes pose significant threat. tornadoes complex task due rapid nature of storms. tornadoes complex task due rapid nature. tornadoes remains complex task. tornadoes pose threat to communities across United States. tornadoes pose significant threat to communities. tornadoes pose significant threat across United States. tornadoes task due nature. tornadoes remains task. tornadoes pose significant threat to communities across United States. Forecasting tornadoes complex task due rapid nature of storms. Forecasting tornadoes remains task. Forecasting tornadoes remains complex task. Forecasting tornadoes task due rapid nature. Forecasting tornadoes complex and challenging task due nature of storms. Forecasting tornadoes task due nature. tornado weakens as inflow of warm air. tornado weakens as inflow. tornado weakens In stage. tornado weakens as inflow of air. tornado weakens as inflow of warm moist air. stage is known. stage is known as dust whirl stage. tornado weakens In dissipating stage. tornado weakens as inflow of moist air. EF5 tornadoes cause destruction. EF5 tornadoes cause catastrophic destruction. EF5 tornadoes can have wind speeds.",
    "evaluation": 0
  },
  {
    "correct_answer": "Tornadoes are classified using the Enhanced Fujita (EF) scale.",
    "retrieved_context": "EF0 tornadoes cause damage. damage violent columns of air. EF0 tornadoes cause minor damage. damage assign rating. EF0 tornadoes have wind speeds of 65 85 mph. EF0 tornadoes typically have wind speeds. EF5 tornadoes cause destruction. EF5 tornadoes cause catastrophic destruction. EF5 tornadoes can have wind speeds. Forecasting tornadoes complex task due rapid nature of storms. Forecasting tornadoes remains task. Forecasting tornadoes remains complex task. Forecasting tornadoes task due rapid nature. Forecasting tornadoes complex and challenging task due nature of storms. Forecasting tornadoes task due nature. Tornadoes form in thunderstorms. Tornadoes form in severe thunderstorms. Tornadoes are classified. tornadoes pose threat across United States. tornadoes continue Despite advances in technology capabilities. tornadoes pose threat. tornadoes continue Despite advances. advances is in technology capabilities. tornadoes pose threat to communities. tornadoes task due nature of storms. tornadoes pose significant threat. tornadoes complex task due rapid nature of storms. tornadoes complex task due rapid nature. tornadoes remains complex task. tornadoes pose threat to communities across United States. tornadoes pose significant threat to communities. tornadoes pose significant threat across United States. tornadoes task due nature. tornadoes remains task. tornadoes pose significant threat to communities across United States. tornado weakens as inflow of warm air. tornado weakens as inflow. tornado weakens In stage. tornado weakens as inflow of air. tornado weakens as inflow of warm moist air. stage is known. stage is known as dust whirl stage. tornado weakens In dissipating stage. tornado weakens as inflow of moist air.",
    "evaluation": 0
  },
  {
    "correct_answer": "The EF scale ranges from EF0 (weakest) to EF5 (strongest).",
    "retrieved_context": "EF scale takes into account. EF5 tornadoes cause destruction. EF5 tornadoes cause catastrophic destruction. EF5 tornadoes can have wind speeds. EF0 tornadoes cause damage. damage violent columns of air. EF0 tornadoes cause minor damage. damage assign rating. EF0 tornadoes have wind speeds of 65 85 mph. EF0 tornadoes typically have wind speeds. important factor is in tornado formation. destructive power underscores importance in face of natural disasters. destructive power underscores importance in face. importance destructive power of storms. destructive power underscores importance of preparedness in face of natural disasters. destructive power underscores importance of preparedness. destructive power underscores importance of preparedness in face. destructive power underscores importance of preparedness in face of disasters. importance is in face of natural disasters. destructive power underscores importance in face of disasters. destructive power underscores importance. advances is in technology capabilities.",
    "evaluation": 0
  },
  {
    "correct_answer": "Forecasting tornadoes is complex due to their rapid and unpredictable nature.",
    "retrieved_context": "Forecasting tornadoes complex task due rapid nature of storms. Forecasting tornadoes remains task. Forecasting tornadoes remains complex task. Forecasting tornadoes task due rapid nature. Forecasting tornadoes complex and challenging task due nature of storms. Forecasting tornadoes task due nature. Tornadoes form in thunderstorms. Tornadoes form in severe thunderstorms. Tornadoes are classified. tornadoes pose threat across United States. tornadoes continue Despite advances in technology capabilities. tornadoes pose threat. tornadoes continue Despite advances. advances is in technology capabilities. tornadoes pose threat to communities. tornadoes task due nature of storms. tornadoes pose significant threat. tornadoes complex task due rapid nature of storms. tornadoes complex task due rapid nature. tornadoes remains complex task. tornadoes pose threat to communities across United States. tornadoes pose significant threat to communities. tornadoes pose significant threat across United States. tornadoes task due nature. tornadoes remains task. tornadoes pose significant threat to communities across United States.",
    "evaluation": 1
  },
  {
    "correct_answer": "Meteorologists use weather radar, satellite imagery, and ground observations to monitor atmospheric conditions for tornado development.",
    "retrieved_context": "Forecasting tornadoes complex task due rapid nature of storms. Forecasting tornadoes remains task. Forecasting tornadoes remains complex task. Forecasting tornadoes task due rapid nature. Forecasting tornadoes complex and challenging task due nature of storms. Forecasting tornadoes task due nature. Meteorologists use combination of tools including weather radar. Meteorologists use combination of tools. Meteorologists use combination. Meteorologists use combination including weather radar. Tornadoes form in thunderstorms. Tornadoes form in severe thunderstorms. Tornadoes are classified. tornadoes pose threat across United States. tornadoes continue Despite advances in technology capabilities. tornadoes pose threat. tornadoes continue Despite advances. advances is in technology capabilities. tornadoes pose threat to communities. tornadoes task due nature of storms. tornadoes pose significant threat. tornadoes complex task due rapid nature of storms. tornadoes complex task due rapid nature. tornadoes remains complex task. tornadoes pose threat to communities across United States. tornadoes pose significant threat to communities. tornadoes pose significant threat across United States. tornadoes task due nature. tornadoes remains task. tornadoes pose significant threat to communities across United States.",
    "evaluation": 0
  },
  {
    "correct_answer": "Doppler radar is instrumental in detecting rotation within thunderstorms and issuing tornado warnings.",
    "retrieved_context": "Doppler radar issuing tornado warnings. Doppler radar issuing tornado warnings to public. Doppler radar is instrumental in rotation. Doppler radar is instrumental in rotation within thunderstorms. Doppler radar is instrumental. Doppler radar is instrumental in detecting rotation. Doppler radar is instrumental within thunderstorms. Doppler radar issuing timely tornado warnings. Doppler radar is instrumental in particular. Doppler radar is instrumental in detecting rotation within thunderstorms.",
    "evaluation": 1
  },
  {
    "correct_answer": "Despite advances in technology, tornadoes continue to pose a significant threat to communities.",
    "retrieved_context": "Tornadoes form in thunderstorms. Tornadoes form in severe thunderstorms. Tornadoes are classified. tornadoes pose threat across United States. tornadoes continue Despite advances in technology capabilities. tornadoes pose threat. tornadoes continue Despite advances. advances is in technology capabilities. tornadoes pose threat to communities. tornadoes task due nature of storms. tornadoes pose significant threat. tornadoes complex task due rapid nature of storms. tornadoes complex task due rapid nature. tornadoes remains complex task. tornadoes pose threat to communities across United States. tornadoes pose significant threat to communities. tornadoes pose significant threat across United States. tornadoes task due nature. tornadoes remains task. tornadoes pose significant threat to communities across United States. Forecasting tornadoes complex task due rapid nature of storms. Forecasting tornadoes remains task. Forecasting tornadoes remains complex task. Forecasting tornadoes task due rapid nature. Forecasting tornadoes complex and challenging task due nature of storms. Forecasting tornadoes task due nature.",
    "evaluation": 1
  },
  {
    "accuracy": "26.67%"
  }
]