[
  {
    "correct_answer": "Satellites are objects that orbit around a larger body in space.",
    "retrieved_context": "satellites work types of satellites. satellites work different types. satellites orbit for example. satellites are complex tools In conclusion. satellites play role in providing connectivity. satellites have enabled us. satellites orbit at speed. satellites are launched In case. satellites are used. satellites have enabled to communicate across continents. satellites orbit at same speed. satellites are revolutionizing satellite industry by reducing costs. satellites play role in connectivity. satellites have enabled communicate. satellites play role In telecommunications. satellites play role in especially remote areas. satellites are launched. satellites are launched into orbit. satellites play role in especially areas. satellites perform specific functions. types satellites future. satellites are commonly used. satellites are In case launched around our planet. satellites are In case launched into orbit. types satellites future of satellite technology. satellites play role in global connectivity. satellites orbit as Earth 's rotation. satellites play role in providing global connectivity. satellites are launched around our planet. satellites play role in remote areas. types satellites their uses. different types satellites their uses. satellites are revolutionizing satellite industry by costs. satellites are In case of Earth launched around our planet. satellites are launched In case of Earth. satellites have enabled communicate across continents. satellites are launched into orbit around our planet. satellites play role. satellites play crucial role. different types satellites future of satellite technology. satellites are In case launched into orbit around our planet. satellites maneuver more efficiently in space. satellites are revolutionizing satellite industry. satellites work different types of satellites. satellites play role in areas. satellites more capable than before. us communicate across continents. satellites work types. satellites more capable than ever before. different types satellites future. satellites have enabled to communicate. satellites perform functions. satellites are In case of Earth launched into orbit. satellites are In case of Earth launched into orbit around our planet. Satellites have wide range of uses across various industries. principles laws of motion. Satellites are launched into orbits. principles technology By harnessing. Satellites have range. Satellites have wide range of uses. Satellites have range of uses across industries. Satellites operate based principles of physics. Satellites operate based particularly laws. Satellites are launched depending depending their intended purpose. Satellites are powered by panels. Satellites have range of uses. Satellites are incredible pieces. Satellites are launched into specific orbits. Satellites have wide range of uses across industries. Satellites operate based particularly laws of motion. Satellites operate based principles. Satellites are launched depending depending their purpose. Satellites are powered by solar panels. Satellites operate based laws of motion. Satellites are launched. Satellites are pieces. Satellites operate based laws. Satellites have range of uses across various industries. Satellites have wide range. Satellites are pieces of technology. Small satellites are revolutionizing satellite industry by reducing costs. Small satellites are revolutionizing satellite industry by costs. Small satellites are revolutionizing satellite industry. Earth orbit satellites orbit closer on hand. Earth orbit satellites are used for tasks. Earth orbit satellites are used. Earth orbit satellites are used for tasks like Earth observation. Earth orbit satellites orbit closer on other hand. research satellites are used. research satellites study Earth 's climate. Scientific research satellites are used. Scientific research satellites study Earth 's climate.",
    "evaluation": 0
  },
  {
    "correct_answer": "Communication satellites relay signals for television, internet, and phone calls.",
    "retrieved_context": "satellites work types of satellites. satellites work different types. satellites orbit for example. satellites are complex tools In conclusion. satellites play role in providing connectivity. satellites have enabled us. satellites orbit at speed. satellites are launched In case. satellites are used. satellites have enabled to communicate across continents. satellites orbit at same speed. satellites are revolutionizing satellite industry by reducing costs. satellites play role in connectivity. satellites have enabled communicate. satellites play role In telecommunications. satellites play role in especially remote areas. satellites are launched. satellites are launched into orbit. satellites play role in especially areas. satellites perform specific functions. types satellites future. satellites are commonly used. satellites are In case launched around our planet. satellites are In case launched into orbit. types satellites future of satellite technology. satellites play role in global connectivity. satellites orbit as Earth 's rotation. satellites play role in providing global connectivity. satellites are launched around our planet. satellites play role in remote areas. types satellites their uses. different types satellites their uses. satellites are revolutionizing satellite industry by costs. satellites are In case of Earth launched around our planet. satellites are launched In case of Earth. satellites have enabled communicate across continents. satellites are launched into orbit around our planet. satellites play role. satellites play crucial role. different types satellites future of satellite technology. satellites are In case launched into orbit around our planet. satellites maneuver more efficiently in space. satellites are revolutionizing satellite industry. satellites work different types of satellites. satellites play role in areas. satellites more capable than before. us communicate across continents. satellites work types. satellites more capable than ever before. different types satellites future. satellites have enabled to communicate. satellites perform functions. satellites are In case of Earth launched into orbit. satellites are In case of Earth launched into orbit around our planet. Satellites have wide range of uses across various industries. principles laws of motion. Satellites are launched into orbits. principles technology By harnessing. Satellites have range. Satellites have wide range of uses. Satellites have range of uses across industries. Satellites operate based principles of physics. Satellites operate based particularly laws. Satellites are launched depending depending their intended purpose. Satellites are powered by panels. Satellites have range of uses. Satellites are incredible pieces. Satellites are launched into specific orbits. Satellites have wide range of uses across industries. Satellites operate based particularly laws of motion. Satellites operate based principles. Satellites are launched depending depending their purpose. Satellites are powered by solar panels. Satellites operate based laws of motion. Satellites are launched. Satellites are pieces. Satellites operate based laws. Satellites have range of uses across various industries. Satellites have wide range. Satellites are pieces of technology. satellite has primary function. satellite must achieve balance. Earth of gravity. satellite must achieve balance stay in orbit. satellite must achieve balance To stay around Earth. satellite must achieve balance To stay in orbit around Earth. satellite must achieve right balance. satellite must achieve right balance between its speed. satellite stay around Earth. satellite must achieve balance To stay in orbit. satellite must achieve balance stay in orbit around Earth. satellite is simply object At its core. satellite must achieve balance stay. satellite is object. Earth has climate providing for environmental monitoring. satellite must achieve balance between its speed. satellite must achieve balance stay around Earth. satellite is simply object. Earth as rotation. satellite must achieve balance To stay. satellite stay in orbit. research satellites are used. research satellites study Earth 's climate. Geostationary satellites orbit at same speed. Geostationary satellites orbit as Earth 's rotation. Geostationary satellites orbit at speed. Geostationary satellites orbit for example. Small satellites are revolutionizing satellite industry by reducing costs. Small satellites are revolutionizing satellite industry by costs. Small satellites are revolutionizing satellite industry.",
    "evaluation": 0
  },
  {
    "correct_answer": "Weather satellites are equipped with sensors and cameras to monitor weather patterns.",
    "retrieved_context": "our planet 's weather patterns provide data. our planet 's weather patterns provide data for meteorologists. Weather satellites are on hand equipped with sensors. Weather satellites are equipped with sensors. Weather satellites monitor our planet 's weather patterns. our planet 's weather patterns provide valuable data. Weather satellites are equipped on other hand. Weather satellites are on other hand equipped with sensors. Weather satellites are equipped. Weather satellites are equipped on hand. satellites work types of satellites. satellites work different types. satellites orbit for example. satellites are complex tools In conclusion. satellites play role in providing connectivity. satellites have enabled us. satellites orbit at speed. satellites are launched In case. satellites are used. satellites have enabled to communicate across continents. satellites orbit at same speed. satellites are revolutionizing satellite industry by reducing costs. satellites play role in connectivity. satellites have enabled communicate. satellites play role In telecommunications. satellites play role in especially remote areas. satellites are launched. satellites are launched into orbit. satellites play role in especially areas. satellites perform specific functions. types satellites future. satellites are commonly used. satellites are In case launched around our planet. satellites are In case launched into orbit. types satellites future of satellite technology. satellites play role in global connectivity. satellites orbit as Earth 's rotation. satellites play role in providing global connectivity. satellites are launched around our planet. satellites play role in remote areas. types satellites their uses. different types satellites their uses. satellites are revolutionizing satellite industry by costs. satellites are In case of Earth launched around our planet. satellites are launched In case of Earth. satellites have enabled communicate across continents. satellites are launched into orbit around our planet. satellites play role. satellites play crucial role. different types satellites future of satellite technology. satellites are In case launched into orbit around our planet. satellites maneuver more efficiently in space. satellites are revolutionizing satellite industry. satellites work different types of satellites. satellites play role in areas. satellites more capable than before. us communicate across continents. satellites work types. satellites more capable than ever before. different types satellites future. satellites have enabled to communicate. satellites perform functions. satellites are In case of Earth launched into orbit. satellites are In case of Earth launched into orbit around our planet. Satellites have wide range of uses across various industries. principles laws of motion. Satellites are launched into orbits. principles technology By harnessing. Satellites have range. Satellites have wide range of uses. Satellites have range of uses across industries. Satellites operate based principles of physics. Satellites operate based particularly laws. Satellites are launched depending depending their intended purpose. Satellites are powered by panels. Satellites have range of uses. Satellites are incredible pieces. Satellites are launched into specific orbits. Satellites have wide range of uses across industries. Satellites operate based particularly laws of motion. Satellites operate based principles. Satellites are launched depending depending their purpose. Satellites are powered by solar panels. Satellites operate based laws of motion. Satellites are launched. Satellites are pieces. Satellites operate based laws. Satellites have range of uses across various industries. Satellites have wide range. Satellites are pieces of technology. research satellites are used. research satellites study Earth 's climate. our planet 's weather patterns provide data for meteorologists. our planet 's weather patterns provide valuable data. our planet 's weather patterns provide data. meteorologists track storms.",
    "evaluation": 1
  },
  {
    "correct_answer": "Satellites operate based on the laws of motion and gravity.",
    "retrieved_context": "satellites work types of satellites. satellites work different types. satellites orbit for example. satellites are complex tools In conclusion. satellites play role in providing connectivity. satellites have enabled us. satellites orbit at speed. satellites are launched In case. satellites are used. satellites have enabled to communicate across continents. satellites orbit at same speed. satellites are revolutionizing satellite industry by reducing costs. satellites play role in connectivity. satellites have enabled communicate. satellites play role In telecommunications. satellites play role in especially remote areas. satellites are launched. satellites are launched into orbit. satellites play role in especially areas. satellites perform specific functions. types satellites future. satellites are commonly used. satellites are In case launched around our planet. satellites are In case launched into orbit. types satellites future of satellite technology. satellites play role in global connectivity. satellites orbit as Earth 's rotation. satellites play role in providing global connectivity. satellites are launched around our planet. satellites play role in remote areas. types satellites their uses. different types satellites their uses. satellites are revolutionizing satellite industry by costs. satellites are In case of Earth launched around our planet. satellites are launched In case of Earth. satellites have enabled communicate across continents. satellites are launched into orbit around our planet. satellites play role. satellites play crucial role. different types satellites future of satellite technology. satellites are In case launched into orbit around our planet. satellites maneuver more efficiently in space. satellites are revolutionizing satellite industry. satellites work different types of satellites. satellites play role in areas. satellites more capable than before. us communicate across continents. satellites work types. satellites more capable than ever before. different types satellites future. satellites have enabled to communicate. satellites perform functions. satellites are In case of Earth launched into orbit. satellites are In case of Earth launched into orbit around our planet. Satellites have wide range of uses across various industries. principles laws of motion. Satellites are launched into orbits. principles technology By harnessing. Satellites have range. Satellites have wide range of uses. Satellites have range of uses across industries. Satellites operate based principles of physics. Satellites operate based particularly laws. Satellites are launched depending depending their intended purpose. Satellites are powered by panels. Satellites have range of uses. Satellites are incredible pieces. Satellites are launched into specific orbits. Satellites have wide range of uses across industries. Satellites operate based particularly laws of motion. Satellites operate based principles. Satellites are launched depending depending their purpose. Satellites are powered by solar panels. Satellites operate based laws of motion. Satellites are launched. Satellites are pieces. Satellites operate based laws. Satellites have range of uses across various industries. Satellites have wide range. Satellites are pieces of technology. research satellites are used. research satellites study Earth 's climate. Earth orbit satellites orbit closer on hand. Earth orbit satellites are used for tasks. Earth orbit satellites are used. Earth orbit satellites are used for tasks like Earth observation. Earth orbit satellites orbit closer on other hand. Scientific research satellites are used. Scientific research satellites study Earth 's climate.",
    "evaluation": 1
  },
  {
    "correct_answer": "Satellites must achieve the right balance between speed and Earth's gravity to stay in orbit.",
    "retrieved_context": "Earth orbit satellites orbit closer on hand. Earth orbit satellites are used for tasks. Earth orbit satellites are used. Earth orbit satellites are used for tasks like Earth observation. Earth orbit satellites orbit closer on other hand. satellites work types of satellites. satellites work different types. satellites orbit for example. satellites are complex tools In conclusion. satellites play role in providing connectivity. satellites have enabled us. satellites orbit at speed. satellites are launched In case. satellites are used. satellites have enabled to communicate across continents. satellites orbit at same speed. satellites are revolutionizing satellite industry by reducing costs. satellites play role in connectivity. satellites have enabled communicate. satellites play role In telecommunications. satellites play role in especially remote areas. satellites are launched. satellites are launched into orbit. satellites play role in especially areas. satellites perform specific functions. types satellites future. satellites are commonly used. satellites are In case launched around our planet. satellites are In case launched into orbit. types satellites future of satellite technology. satellites play role in global connectivity. satellites orbit as Earth 's rotation. satellites play role in providing global connectivity. satellites are launched around our planet. satellites play role in remote areas. types satellites their uses. different types satellites their uses. satellites are revolutionizing satellite industry by costs. satellites are In case of Earth launched around our planet. satellites are launched In case of Earth. satellites have enabled communicate across continents. satellites are launched into orbit around our planet. satellites play role. satellites play crucial role. different types satellites future of satellite technology. satellites are In case launched into orbit around our planet. satellites maneuver more efficiently in space. satellites are revolutionizing satellite industry. satellites work different types of satellites. satellites play role in areas. satellites more capable than before. us communicate across continents. satellites work types. satellites more capable than ever before. different types satellites future. satellites have enabled to communicate. satellites perform functions. satellites are In case of Earth launched into orbit. satellites are In case of Earth launched into orbit around our planet. Satellites have wide range of uses across various industries. principles laws of motion. Satellites are launched into orbits. principles technology By harnessing. Satellites have range. Satellites have wide range of uses. Satellites have range of uses across industries. Satellites operate based principles of physics. Satellites operate based particularly laws. Satellites are launched depending depending their intended purpose. Satellites are powered by panels. Satellites have range of uses. Satellites are incredible pieces. Satellites are launched into specific orbits. Satellites have wide range of uses across industries. Satellites operate based particularly laws of motion. Satellites operate based principles. Satellites are launched depending depending their purpose. Satellites are powered by solar panels. Satellites operate based laws of motion. Satellites are launched. Satellites are pieces. Satellites operate based laws. Satellites have range of uses across various industries. Satellites have wide range. Satellites are pieces of technology. Low Earth orbit satellites are used for tasks. Low Earth orbit satellites orbit on hand. Low Earth orbit satellites are used. Low Earth orbit satellites orbit on other hand. Low Earth orbit satellites are used for tasks like Earth observation.",
    "evaluation": 0
  },
  {
    "correct_answer": "Satellites are launched into specific orbits like low Earth orbit or geostationary orbit.",
    "retrieved_context": "Low Earth orbit satellites are used for tasks. Low Earth orbit satellites orbit on hand. Low Earth orbit satellites are used. Low Earth orbit satellites orbit on other hand. Low Earth orbit satellites are used for tasks like Earth observation. Earth orbit satellites orbit closer on hand. Earth orbit satellites are used for tasks. Earth orbit satellites are used. Earth orbit satellites are used for tasks like Earth observation. Earth orbit satellites orbit closer on other hand. Geostationary satellites orbit at same speed. Geostationary satellites orbit as Earth 's rotation. Geostationary satellites orbit at speed. Geostationary satellites orbit for example. satellites work types of satellites. satellites work different types. satellites orbit for example. satellites are complex tools In conclusion. satellites play role in providing connectivity. satellites have enabled us. satellites orbit at speed. satellites are launched In case. satellites are used. satellites have enabled to communicate across continents. satellites orbit at same speed. satellites are revolutionizing satellite industry by reducing costs. satellites play role in connectivity. satellites have enabled communicate. satellites play role In telecommunications. satellites play role in especially remote areas. satellites are launched. satellites are launched into orbit. satellites play role in especially areas. satellites perform specific functions. types satellites future. satellites are commonly used. satellites are In case launched around our planet. satellites are In case launched into orbit. types satellites future of satellite technology. satellites play role in global connectivity. satellites orbit as Earth 's rotation. satellites play role in providing global connectivity. satellites are launched around our planet. satellites play role in remote areas. types satellites their uses. different types satellites their uses. satellites are revolutionizing satellite industry by costs. satellites are In case of Earth launched around our planet. satellites are launched In case of Earth. satellites have enabled communicate across continents. satellites are launched into orbit around our planet. satellites play role. satellites play crucial role. different types satellites future of satellite technology. satellites are In case launched into orbit around our planet. satellites maneuver more efficiently in space. satellites are revolutionizing satellite industry. satellites work different types of satellites. satellites play role in areas. satellites more capable than before. us communicate across continents. satellites work types. satellites more capable than ever before. different types satellites future. satellites have enabled to communicate. satellites perform functions. satellites are In case of Earth launched into orbit. satellites are In case of Earth launched into orbit around our planet. Satellites have wide range of uses across various industries. principles laws of motion. Satellites are launched into orbits. principles technology By harnessing. Satellites have range. Satellites have wide range of uses. Satellites have range of uses across industries. Satellites operate based principles of physics. Satellites operate based particularly laws. Satellites are launched depending depending their intended purpose. Satellites are powered by panels. Satellites have range of uses. Satellites are incredible pieces. Satellites are launched into specific orbits. Satellites have wide range of uses across industries. Satellites operate based particularly laws of motion. Satellites operate based principles. Satellites are launched depending depending their purpose. Satellites are powered by solar panels. Satellites operate based laws of motion. Satellites are launched. Satellites are pieces. Satellites operate based laws. Satellites have range of uses across various industries. Satellites have wide range. Satellites are pieces of technology. Small satellites are revolutionizing satellite industry by reducing costs. Small satellites are revolutionizing satellite industry by costs. Small satellites are revolutionizing satellite industry.",
    "evaluation": 0
  },
  {
    "correct_answer": "The key components of a satellite include the payload and the bus.",
    "retrieved_context": "satellites work types of satellites. satellites work different types. satellites orbit for example. satellites are complex tools In conclusion. satellites play role in providing connectivity. satellites have enabled us. satellites orbit at speed. satellites are launched In case. satellites are used. satellites have enabled to communicate across continents. satellites orbit at same speed. satellites are revolutionizing satellite industry by reducing costs. satellites play role in connectivity. satellites have enabled communicate. satellites play role In telecommunications. satellites play role in especially remote areas. satellites are launched. satellites are launched into orbit. satellites play role in especially areas. satellites perform specific functions. types satellites future. satellites are commonly used. satellites are In case launched around our planet. satellites are In case launched into orbit. types satellites future of satellite technology. satellites play role in global connectivity. satellites orbit as Earth 's rotation. satellites play role in providing global connectivity. satellites are launched around our planet. satellites play role in remote areas. types satellites their uses. different types satellites their uses. satellites are revolutionizing satellite industry by costs. satellites are In case of Earth launched around our planet. satellites are launched In case of Earth. satellites have enabled communicate across continents. satellites are launched into orbit around our planet. satellites play role. satellites play crucial role. different types satellites future of satellite technology. satellites are In case launched into orbit around our planet. satellites maneuver more efficiently in space. satellites are revolutionizing satellite industry. satellites work different types of satellites. satellites play role in areas. satellites more capable than before. us communicate across continents. satellites work types. satellites more capable than ever before. different types satellites future. satellites have enabled to communicate. satellites perform functions. satellites are In case of Earth launched into orbit. satellites are In case of Earth launched into orbit around our planet. Satellites have wide range of uses across various industries. principles laws of motion. Satellites are launched into orbits. principles technology By harnessing. Satellites have range. Satellites have wide range of uses. Satellites have range of uses across industries. Satellites operate based principles of physics. Satellites operate based particularly laws. Satellites are launched depending depending their intended purpose. Satellites are powered by panels. Satellites have range of uses. Satellites are incredible pieces. Satellites are launched into specific orbits. Satellites have wide range of uses across industries. Satellites operate based particularly laws of motion. Satellites operate based principles. Satellites are launched depending depending their purpose. Satellites are powered by solar panels. Satellites operate based laws of motion. Satellites are launched. Satellites are pieces. Satellites operate based laws. Satellites have range of uses across various industries. Satellites have wide range. Satellites are pieces of technology. satellite has primary function. satellite must achieve balance. Earth of gravity. satellite must achieve balance stay in orbit. satellite must achieve balance To stay around Earth. satellite must achieve balance To stay in orbit around Earth. satellite must achieve right balance. satellite must achieve right balance between its speed. satellite stay around Earth. satellite must achieve balance To stay in orbit. satellite must achieve balance stay in orbit around Earth. satellite is simply object At its core. satellite must achieve balance stay. satellite is object. Earth has climate providing for environmental monitoring. satellite must achieve balance between its speed. satellite must achieve balance stay around Earth. satellite is simply object. Earth as rotation. satellite must achieve balance To stay. satellite stay in orbit. satellites satellite industry known as CubeSats. Earth orbit satellites orbit closer on hand. Earth orbit satellites are used for tasks. Earth orbit satellites are used. Earth orbit satellites are used for tasks like Earth observation. Earth orbit satellites orbit closer on other hand.",
    "evaluation": 0
  },
  {
    "correct_answer": "Satellites are powered by solar panels that convert sunlight into electricity.",
    "retrieved_context": "satellites work types of satellites. satellites work different types. satellites orbit for example. satellites are complex tools In conclusion. satellites play role in providing connectivity. satellites have enabled us. satellites orbit at speed. satellites are launched In case. satellites are used. satellites have enabled to communicate across continents. satellites orbit at same speed. satellites are revolutionizing satellite industry by reducing costs. satellites play role in connectivity. satellites have enabled communicate. satellites play role In telecommunications. satellites play role in especially remote areas. satellites are launched. satellites are launched into orbit. satellites play role in especially areas. satellites perform specific functions. types satellites future. satellites are commonly used. satellites are In case launched around our planet. satellites are In case launched into orbit. types satellites future of satellite technology. satellites play role in global connectivity. satellites orbit as Earth 's rotation. satellites play role in providing global connectivity. satellites are launched around our planet. satellites play role in remote areas. types satellites their uses. different types satellites their uses. satellites are revolutionizing satellite industry by costs. satellites are In case of Earth launched around our planet. satellites are launched In case of Earth. satellites have enabled communicate across continents. satellites are launched into orbit around our planet. satellites play role. satellites play crucial role. different types satellites future of satellite technology. satellites are In case launched into orbit around our planet. satellites maneuver more efficiently in space. satellites are revolutionizing satellite industry. satellites work different types of satellites. satellites play role in areas. satellites more capable than before. us communicate across continents. satellites work types. satellites more capable than ever before. different types satellites future. satellites have enabled to communicate. satellites perform functions. satellites are In case of Earth launched into orbit. satellites are In case of Earth launched into orbit around our planet. Satellites have wide range of uses across various industries. principles laws of motion. Satellites are launched into orbits. principles technology By harnessing. Satellites have range. Satellites have wide range of uses. Satellites have range of uses across industries. Satellites operate based principles of physics. Satellites operate based particularly laws. Satellites are launched depending depending their intended purpose. Satellites are powered by panels. Satellites have range of uses. Satellites are incredible pieces. Satellites are launched into specific orbits. Satellites have wide range of uses across industries. Satellites operate based particularly laws of motion. Satellites operate based principles. Satellites are launched depending depending their purpose. Satellites are powered by solar panels. Satellites operate based laws of motion. Satellites are launched. Satellites are pieces. Satellites operate based laws. Satellites have range of uses across various industries. Satellites have wide range. Satellites are pieces of technology. research satellites are used. research satellites study Earth 's climate. Earth orbit satellites orbit closer on hand. Earth orbit satellites are used for tasks. Earth orbit satellites are used. Earth orbit satellites are used for tasks like Earth observation. Earth orbit satellites orbit closer on other hand. Small satellites are revolutionizing satellite industry by reducing costs. Small satellites are revolutionizing satellite industry by costs. Small satellites are revolutionizing satellite industry. Scientific research satellites are used. Scientific research satellites study Earth 's climate.",
    "evaluation": 1
  },
  {
    "correct_answer": "Communication with satellites is typically done through radio signals.",
    "retrieved_context": "satellites work types of satellites. satellites work different types. satellites orbit for example. satellites are complex tools In conclusion. satellites play role in providing connectivity. satellites have enabled us. satellites orbit at speed. satellites are launched In case. satellites are used. satellites have enabled to communicate across continents. satellites orbit at same speed. satellites are revolutionizing satellite industry by reducing costs. satellites play role in connectivity. satellites have enabled communicate. satellites play role In telecommunications. satellites play role in especially remote areas. satellites are launched. satellites are launched into orbit. satellites play role in especially areas. satellites perform specific functions. types satellites future. satellites are commonly used. satellites are In case launched around our planet. satellites are In case launched into orbit. types satellites future of satellite technology. satellites play role in global connectivity. satellites orbit as Earth 's rotation. satellites play role in providing global connectivity. satellites are launched around our planet. satellites play role in remote areas. types satellites their uses. different types satellites their uses. satellites are revolutionizing satellite industry by costs. satellites are In case of Earth launched around our planet. satellites are launched In case of Earth. satellites have enabled communicate across continents. satellites are launched into orbit around our planet. satellites play role. satellites play crucial role. different types satellites future of satellite technology. satellites are In case launched into orbit around our planet. satellites maneuver more efficiently in space. satellites are revolutionizing satellite industry. satellites work different types of satellites. satellites play role in areas. satellites more capable than before. us communicate across continents. satellites work types. satellites more capable than ever before. different types satellites future. satellites have enabled to communicate. satellites perform functions. satellites are In case of Earth launched into orbit. satellites are In case of Earth launched into orbit around our planet. Satellites have wide range of uses across various industries. principles laws of motion. Satellites are launched into orbits. principles technology By harnessing. Satellites have range. Satellites have wide range of uses. Satellites have range of uses across industries. Satellites operate based principles of physics. Satellites operate based particularly laws. Satellites are launched depending depending their intended purpose. Satellites are powered by panels. Satellites have range of uses. Satellites are incredible pieces. Satellites are launched into specific orbits. Satellites have wide range of uses across industries. Satellites operate based particularly laws of motion. Satellites operate based principles. Satellites are launched depending depending their purpose. Satellites are powered by solar panels. Satellites operate based laws of motion. Satellites are launched. Satellites are pieces. Satellites operate based laws. Satellites have range of uses across various industries. Satellites have wide range. Satellites are pieces of technology. research satellites are used. research satellites study Earth 's climate. satellite has primary function. satellite must achieve balance. Earth of gravity. satellite must achieve balance stay in orbit. satellite must achieve balance To stay around Earth. satellite must achieve balance To stay in orbit around Earth. satellite must achieve right balance. satellite must achieve right balance between its speed. satellite stay around Earth. satellite must achieve balance To stay in orbit. satellite must achieve balance stay in orbit around Earth. satellite is simply object At its core. satellite must achieve balance stay. satellite is object. Earth has climate providing for environmental monitoring. satellite must achieve balance between its speed. satellite must achieve balance stay around Earth. satellite is simply object. Earth as rotation. satellite must achieve balance To stay. satellite stay in orbit.",
    "evaluation": 0
  },
  {
    "correct_answer": "Geostationary satellites orbit at the same speed as Earth's rotation.",
    "retrieved_context": "Geostationary satellites orbit at same speed. Geostationary satellites orbit as Earth 's rotation. Geostationary satellites orbit at speed. Geostationary satellites orbit for example. Earth orbit satellites orbit closer on hand. Earth orbit satellites are used for tasks. Earth orbit satellites are used. Earth orbit satellites are used for tasks like Earth observation. Earth orbit satellites orbit closer on other hand. satellites work types of satellites. satellites work different types. satellites orbit for example. satellites are complex tools In conclusion. satellites play role in providing connectivity. satellites have enabled us. satellites orbit at speed. satellites are launched In case. satellites are used. satellites have enabled to communicate across continents. satellites orbit at same speed. satellites are revolutionizing satellite industry by reducing costs. satellites play role in connectivity. satellites have enabled communicate. satellites play role In telecommunications. satellites play role in especially remote areas. satellites are launched. satellites are launched into orbit. satellites play role in especially areas. satellites perform specific functions. types satellites future. satellites are commonly used. satellites are In case launched around our planet. satellites are In case launched into orbit. types satellites future of satellite technology. satellites play role in global connectivity. satellites orbit as Earth 's rotation. satellites play role in providing global connectivity. satellites are launched around our planet. satellites play role in remote areas. types satellites their uses. different types satellites their uses. satellites are revolutionizing satellite industry by costs. satellites are In case of Earth launched around our planet. satellites are launched In case of Earth. satellites have enabled communicate across continents. satellites are launched into orbit around our planet. satellites play role. satellites play crucial role. different types satellites future of satellite technology. satellites are In case launched into orbit around our planet. satellites maneuver more efficiently in space. satellites are revolutionizing satellite industry. satellites work different types of satellites. satellites play role in areas. satellites more capable than before. us communicate across continents. satellites work types. satellites more capable than ever before. different types satellites future. satellites have enabled to communicate. satellites perform functions. satellites are In case of Earth launched into orbit. satellites are In case of Earth launched into orbit around our planet. Satellites have wide range of uses across various industries. principles laws of motion. Satellites are launched into orbits. principles technology By harnessing. Satellites have range. Satellites have wide range of uses. Satellites have range of uses across industries. Satellites operate based principles of physics. Satellites operate based particularly laws. Satellites are launched depending depending their intended purpose. Satellites are powered by panels. Satellites have range of uses. Satellites are incredible pieces. Satellites are launched into specific orbits. Satellites have wide range of uses across industries. Satellites operate based particularly laws of motion. Satellites operate based principles. Satellites are launched depending depending their purpose. Satellites are powered by solar panels. Satellites operate based laws of motion. Satellites are launched. Satellites are pieces. Satellites operate based laws. Satellites have range of uses across various industries. Satellites have wide range. Satellites are pieces of technology. Low Earth orbit satellites are used for tasks. Low Earth orbit satellites orbit on hand. Low Earth orbit satellites are used. Low Earth orbit satellites orbit on other hand. Low Earth orbit satellites are used for tasks like Earth observation.",
    "evaluation": 1
  },
  {
    "correct_answer": "Low Earth orbit satellites are used for Earth observation and remote sensing.",
    "retrieved_context": "Low Earth orbit satellites are used for tasks. Low Earth orbit satellites orbit on hand. Low Earth orbit satellites are used. Low Earth orbit satellites orbit on other hand. Low Earth orbit satellites are used for tasks like Earth observation. Earth orbit satellites orbit closer on hand. Earth orbit satellites are used for tasks. Earth orbit satellites are used. Earth orbit satellites are used for tasks like Earth observation. Earth orbit satellites orbit closer on other hand. Small satellites are revolutionizing satellite industry by reducing costs. Small satellites are revolutionizing satellite industry by costs. Small satellites are revolutionizing satellite industry. research satellites are used. research satellites study Earth 's climate. satellites work types of satellites. satellites work different types. satellites orbit for example. satellites are complex tools In conclusion. satellites play role in providing connectivity. satellites have enabled us. satellites orbit at speed. satellites are launched In case. satellites are used. satellites have enabled to communicate across continents. satellites orbit at same speed. satellites are revolutionizing satellite industry by reducing costs. satellites play role in connectivity. satellites have enabled communicate. satellites play role In telecommunications. satellites play role in especially remote areas. satellites are launched. satellites are launched into orbit. satellites play role in especially areas. satellites perform specific functions. types satellites future. satellites are commonly used. satellites are In case launched around our planet. satellites are In case launched into orbit. types satellites future of satellite technology. satellites play role in global connectivity. satellites orbit as Earth 's rotation. satellites play role in providing global connectivity. satellites are launched around our planet. satellites play role in remote areas. types satellites their uses. different types satellites their uses. satellites are revolutionizing satellite industry by costs. satellites are In case of Earth launched around our planet. satellites are launched In case of Earth. satellites have enabled communicate across continents. satellites are launched into orbit around our planet. satellites play role. satellites play crucial role. different types satellites future of satellite technology. satellites are In case launched into orbit around our planet. satellites maneuver more efficiently in space. satellites are revolutionizing satellite industry. satellites work different types of satellites. satellites play role in areas. satellites more capable than before. us communicate across continents. satellites work types. satellites more capable than ever before. different types satellites future. satellites have enabled to communicate. satellites perform functions. satellites are In case of Earth launched into orbit. satellites are In case of Earth launched into orbit around our planet. Satellites have wide range of uses across various industries. principles laws of motion. Satellites are launched into orbits. principles technology By harnessing. Satellites have range. Satellites have wide range of uses. Satellites have range of uses across industries. Satellites operate based principles of physics. Satellites operate based particularly laws. Satellites are launched depending depending their intended purpose. Satellites are powered by panels. Satellites have range of uses. Satellites are incredible pieces. Satellites are launched into specific orbits. Satellites have wide range of uses across industries. Satellites operate based particularly laws of motion. Satellites operate based principles. Satellites are launched depending depending their purpose. Satellites are powered by solar panels. Satellites operate based laws of motion. Satellites are launched. Satellites are pieces. Satellites operate based laws. Satellites have range of uses across various industries. Satellites have wide range. Satellites are pieces of technology. Scientific research satellites are used. Scientific research satellites study Earth 's climate.",
    "evaluation": 1
  },
  {
    "correct_answer": "Satellites play a crucial role in providing global connectivity in telecommunications.",
    "retrieved_context": "satellites work types of satellites. satellites work different types. satellites orbit for example. satellites are complex tools In conclusion. satellites play role in providing connectivity. satellites have enabled us. satellites orbit at speed. satellites are launched In case. satellites are used. satellites have enabled to communicate across continents. satellites orbit at same speed. satellites are revolutionizing satellite industry by reducing costs. satellites play role in connectivity. satellites have enabled communicate. satellites play role In telecommunications. satellites play role in especially remote areas. satellites are launched. satellites are launched into orbit. satellites play role in especially areas. satellites perform specific functions. types satellites future. satellites are commonly used. satellites are In case launched around our planet. satellites are In case launched into orbit. types satellites future of satellite technology. satellites play role in global connectivity. satellites orbit as Earth 's rotation. satellites play role in providing global connectivity. satellites are launched around our planet. satellites play role in remote areas. types satellites their uses. different types satellites their uses. satellites are revolutionizing satellite industry by costs. satellites are In case of Earth launched around our planet. satellites are launched In case of Earth. satellites have enabled communicate across continents. satellites are launched into orbit around our planet. satellites play role. satellites play crucial role. different types satellites future of satellite technology. satellites are In case launched into orbit around our planet. satellites maneuver more efficiently in space. satellites are revolutionizing satellite industry. satellites work different types of satellites. satellites play role in areas. satellites more capable than before. us communicate across continents. satellites work types. satellites more capable than ever before. different types satellites future. satellites have enabled to communicate. satellites perform functions. satellites are In case of Earth launched into orbit. satellites are In case of Earth launched into orbit around our planet. Satellites have wide range of uses across various industries. principles laws of motion. Satellites are launched into orbits. principles technology By harnessing. Satellites have range. Satellites have wide range of uses. Satellites have range of uses across industries. Satellites operate based principles of physics. Satellites operate based particularly laws. Satellites are launched depending depending their intended purpose. Satellites are powered by panels. Satellites have range of uses. Satellites are incredible pieces. Satellites are launched into specific orbits. Satellites have wide range of uses across industries. Satellites operate based particularly laws of motion. Satellites operate based principles. Satellites are launched depending depending their purpose. Satellites are powered by solar panels. Satellites operate based laws of motion. Satellites are launched. Satellites are pieces. Satellites operate based laws. Satellites have range of uses across various industries. Satellites have wide range. Satellites are pieces of technology. satellite has primary function. satellite must achieve balance. Earth of gravity. satellite must achieve balance stay in orbit. satellite must achieve balance To stay around Earth. satellite must achieve balance To stay in orbit around Earth. satellite must achieve right balance. satellite must achieve right balance between its speed. satellite stay around Earth. satellite must achieve balance To stay in orbit. satellite must achieve balance stay in orbit around Earth. satellite is simply object At its core. satellite must achieve balance stay. satellite is object. Earth has climate providing for environmental monitoring. satellite must achieve balance between its speed. satellite must achieve balance stay around Earth. satellite is simply object. Earth as rotation. satellite must achieve balance To stay. satellite stay in orbit. research satellites are used. research satellites study Earth 's climate. Geostationary satellites orbit at same speed. Geostationary satellites orbit as Earth 's rotation. Geostationary satellites orbit at speed. Geostationary satellites orbit for example.",
    "evaluation": 1
  },
  {
    "correct_answer": "Weather satellites help track storms and monitor climate patterns.",
    "retrieved_context": "our planet 's weather patterns provide data. our planet 's weather patterns provide data for meteorologists. Weather satellites are on hand equipped with sensors. Weather satellites are equipped with sensors. Weather satellites monitor our planet 's weather patterns. our planet 's weather patterns provide valuable data. Weather satellites are equipped on other hand. Weather satellites are on other hand equipped with sensors. Weather satellites are equipped. Weather satellites are equipped on hand. satellites work types of satellites. satellites work different types. satellites orbit for example. satellites are complex tools In conclusion. satellites play role in providing connectivity. satellites have enabled us. satellites orbit at speed. satellites are launched In case. satellites are used. satellites have enabled to communicate across continents. satellites orbit at same speed. satellites are revolutionizing satellite industry by reducing costs. satellites play role in connectivity. satellites have enabled communicate. satellites play role In telecommunications. satellites play role in especially remote areas. satellites are launched. satellites are launched into orbit. satellites play role in especially areas. satellites perform specific functions. types satellites future. satellites are commonly used. satellites are In case launched around our planet. satellites are In case launched into orbit. types satellites future of satellite technology. satellites play role in global connectivity. satellites orbit as Earth 's rotation. satellites play role in providing global connectivity. satellites are launched around our planet. satellites play role in remote areas. types satellites their uses. different types satellites their uses. satellites are revolutionizing satellite industry by costs. satellites are In case of Earth launched around our planet. satellites are launched In case of Earth. satellites have enabled communicate across continents. satellites are launched into orbit around our planet. satellites play role. satellites play crucial role. different types satellites future of satellite technology. satellites are In case launched into orbit around our planet. satellites maneuver more efficiently in space. satellites are revolutionizing satellite industry. satellites work different types of satellites. satellites play role in areas. satellites more capable than before. us communicate across continents. satellites work types. satellites more capable than ever before. different types satellites future. satellites have enabled to communicate. satellites perform functions. satellites are In case of Earth launched into orbit. satellites are In case of Earth launched into orbit around our planet. Satellites have wide range of uses across various industries. principles laws of motion. Satellites are launched into orbits. principles technology By harnessing. Satellites have range. Satellites have wide range of uses. Satellites have range of uses across industries. Satellites operate based principles of physics. Satellites operate based particularly laws. Satellites are launched depending depending their intended purpose. Satellites are powered by panels. Satellites have range of uses. Satellites are incredible pieces. Satellites are launched into specific orbits. Satellites have wide range of uses across industries. Satellites operate based particularly laws of motion. Satellites operate based principles. Satellites are launched depending depending their purpose. Satellites are powered by solar panels. Satellites operate based laws of motion. Satellites are launched. Satellites are pieces. Satellites operate based laws. Satellites have range of uses across various industries. Satellites have wide range. Satellites are pieces of technology. research satellites are used. research satellites study Earth 's climate. Scientific research satellites are used. Scientific research satellites study Earth 's climate. Geostationary satellites orbit at same speed. Geostationary satellites orbit as Earth 's rotation. Geostationary satellites orbit at speed. Geostationary satellites orbit for example.",
    "evaluation": 0
  },
  {
    "correct_answer": "Scientific research satellites are used to study the Earth's climate and land cover.",
    "retrieved_context": "Scientific research satellites are used. Scientific research satellites study Earth 's climate. research satellites are used. research satellites study Earth 's climate. our planet 's weather patterns provide data. our planet 's weather patterns provide data for meteorologists. Weather satellites are on hand equipped with sensors. Weather satellites are equipped with sensors. Weather satellites monitor our planet 's weather patterns. our planet 's weather patterns provide valuable data. Weather satellites are equipped on other hand. Weather satellites are on other hand equipped with sensors. Weather satellites are equipped. Weather satellites are equipped on hand. satellites work types of satellites. satellites work different types. satellites orbit for example. satellites are complex tools In conclusion. satellites play role in providing connectivity. satellites have enabled us. satellites orbit at speed. satellites are launched In case. satellites are used. satellites have enabled to communicate across continents. satellites orbit at same speed. satellites are revolutionizing satellite industry by reducing costs. satellites play role in connectivity. satellites have enabled communicate. satellites play role In telecommunications. satellites play role in especially remote areas. satellites are launched. satellites are launched into orbit. satellites play role in especially areas. satellites perform specific functions. types satellites future. satellites are commonly used. satellites are In case launched around our planet. satellites are In case launched into orbit. types satellites future of satellite technology. satellites play role in global connectivity. satellites orbit as Earth 's rotation. satellites play role in providing global connectivity. satellites are launched around our planet. satellites play role in remote areas. types satellites their uses. different types satellites their uses. satellites are revolutionizing satellite industry by costs. satellites are In case of Earth launched around our planet. satellites are launched In case of Earth. satellites have enabled communicate across continents. satellites are launched into orbit around our planet. satellites play role. satellites play crucial role. different types satellites future of satellite technology. satellites are In case launched into orbit around our planet. satellites maneuver more efficiently in space. satellites are revolutionizing satellite industry. satellites work different types of satellites. satellites play role in areas. satellites more capable than before. us communicate across continents. satellites work types. satellites more capable than ever before. different types satellites future. satellites have enabled to communicate. satellites perform functions. satellites are In case of Earth launched into orbit. satellites are In case of Earth launched into orbit around our planet. Satellites have wide range of uses across various industries. principles laws of motion. Satellites are launched into orbits. principles technology By harnessing. Satellites have range. Satellites have wide range of uses. Satellites have range of uses across industries. Satellites operate based principles of physics. Satellites operate based particularly laws. Satellites are launched depending depending their intended purpose. Satellites are powered by panels. Satellites have range of uses. Satellites are incredible pieces. Satellites are launched into specific orbits. Satellites have wide range of uses across industries. Satellites operate based particularly laws of motion. Satellites operate based principles. Satellites are launched depending depending their purpose. Satellites are powered by solar panels. Satellites operate based laws of motion. Satellites are launched. Satellites are pieces. Satellites operate based laws. Satellites have range of uses across various industries. Satellites have wide range. Satellites are pieces of technology. Earth orbit satellites orbit closer on hand. Earth orbit satellites are used for tasks. Earth orbit satellites are used. Earth orbit satellites are used for tasks like Earth observation. Earth orbit satellites orbit closer on other hand. satellite has primary function. satellite must achieve balance. Earth of gravity. satellite must achieve balance stay in orbit. satellite must achieve balance To stay around Earth. satellite must achieve balance To stay in orbit around Earth. satellite must achieve right balance. satellite must achieve right balance between its speed. satellite stay around Earth. satellite must achieve balance To stay in orbit. satellite must achieve balance stay in orbit around Earth. satellite is simply object At its core. satellite must achieve balance stay. satellite is object. Earth has climate providing for environmental monitoring. satellite must achieve balance between its speed. satellite must achieve balance stay around Earth. satellite is simply object. Earth as rotation. satellite must achieve balance To stay. satellite stay in orbit.",
    "evaluation": 1
  },
  {
    "correct_answer": "Advancements in miniaturization and propulsion are making satellites more capable and affordable.",
    "retrieved_context": "Small satellites satellite industry known as CubeSats. research satellites are used. research satellites study Earth 's climate. Small satellites are revolutionizing satellite industry by reducing costs. Small satellites are revolutionizing satellite industry by costs. Small satellites are revolutionizing satellite industry. satellites satellite industry known as CubeSats. satellites work types of satellites. satellites work different types. satellites orbit for example. satellites are complex tools In conclusion. satellites play role in providing connectivity. satellites have enabled us. satellites orbit at speed. satellites are launched In case. satellites are used. satellites have enabled to communicate across continents. satellites orbit at same speed. satellites are revolutionizing satellite industry by reducing costs. satellites play role in connectivity. satellites have enabled communicate. satellites play role In telecommunications. satellites play role in especially remote areas. satellites are launched. satellites are launched into orbit. satellites play role in especially areas. satellites perform specific functions. types satellites future. satellites are commonly used. satellites are In case launched around our planet. satellites are In case launched into orbit. types satellites future of satellite technology. satellites play role in global connectivity. satellites orbit as Earth 's rotation. satellites play role in providing global connectivity. satellites are launched around our planet. satellites play role in remote areas. types satellites their uses. different types satellites their uses. satellites are revolutionizing satellite industry by costs. satellites are In case of Earth launched around our planet. satellites are launched In case of Earth. satellites have enabled communicate across continents. satellites are launched into orbit around our planet. satellites play role. satellites play crucial role. different types satellites future of satellite technology. satellites are In case launched into orbit around our planet. satellites maneuver more efficiently in space. satellites are revolutionizing satellite industry. satellites work different types of satellites. satellites play role in areas. satellites more capable than before. us communicate across continents. satellites work types. satellites more capable than ever before. different types satellites future. satellites have enabled to communicate. satellites perform functions. satellites are In case of Earth launched into orbit. satellites are In case of Earth launched into orbit around our planet. Satellites have wide range of uses across various industries. principles laws of motion. Satellites are launched into orbits. principles technology By harnessing. Satellites have range. Satellites have wide range of uses. Satellites have range of uses across industries. Satellites operate based principles of physics. Satellites operate based particularly laws. Satellites are launched depending depending their intended purpose. Satellites are powered by panels. Satellites have range of uses. Satellites are incredible pieces. Satellites are launched into specific orbits. Satellites have wide range of uses across industries. Satellites operate based particularly laws of motion. Satellites operate based principles. Satellites are launched depending depending their purpose. Satellites are powered by solar panels. Satellites operate based laws of motion. Satellites are launched. Satellites are pieces. Satellites operate based laws. Satellites have range of uses across various industries. Satellites have wide range. Satellites are pieces of technology.",
    "evaluation": 0
  },
  {
    "accuracy": "46.67%"
  }
]