[
  {
    "correct_answer": "Film editing is an essential aspect of the filmmaking process.",
    "retrieved_context": "Film editing is aspect. Film editing is essential aspect. Film editing is aspect of filmmaking process. film editing art of is process. film editing most important aspects of is use. use can enhance mood. film editing art of is Overall complex process. film editing art of is complex process. film editing art of is Overall process. film editor can elevate film from collection. film editor can elevate film. film will will built. film editor can elevate film from collection of shots. film editor can elevate film from mere collection of shots. film editor can elevate film from mere collection. skilled film editor can elevate film. skilled film editor can elevate film from mere collection of shots. film will will built. skilled film editor can elevate film from collection of shots. skilled film editor can elevate film from mere collection. skilled film editor can elevate film from collection. editing process begins with assembly of raw footage known. editing process begins with assembly known as cut. editing process begins with assembly of footage known as rough cut. editing process begins with assembly of footage. editing process begins with assembly of raw footage known as rough cut. editing process begins with assembly known. editing process begins with assembly of raw footage known as cut. editing process begins with assembly of footage known as cut. editing process begins with assembly. editing process begins with assembly of footage known. editing process begins with assembly known as rough cut. editing process begins with assembly of raw footage.",
    "evaluation": 1
  },
  {
    "correct_answer": "Film editing involves selecting and arranging shots in a film.",
    "retrieved_context": "Film editing is aspect. Film editing is essential aspect. Film editing is aspect of filmmaking process. film editing art of is process. film editing most important aspects of is use. use can enhance mood. film editing art of is Overall complex process. film editing art of is complex process. film editing art of is Overall process. film editor can elevate film from collection. film editor can elevate film. film will will built. film editor can elevate film from collection of shots. film editor can elevate film from mere collection of shots. film editor can elevate film from mere collection. skilled film editor can elevate film. skilled film editor can elevate film from mere collection of shots. film will will built. skilled film editor can elevate film from collection of shots. skilled film editor can elevate film from mere collection. skilled film editor can elevate film from collection. film will will built.",
    "evaluation": 0
  },
  {
    "correct_answer": "Film editing creates a cohesive and engaging narrative.",
    "retrieved_context": "Film editing is aspect. Film editing is essential aspect. Film editing is aspect of filmmaking process. film editing art of is process. film editing most important aspects of is use. use can enhance mood. film editing art of is Overall complex process. film editing art of is complex process. film editing art of is Overall process. film editor can elevate film from collection. film editor can elevate film. film will will built. film editor can elevate film from collection of shots. film editor can elevate film from mere collection of shots. film editor can elevate film from mere collection. skilled film editor can elevate film. skilled film editor can elevate film from mere collection of shots. film will will built. skilled film editor can elevate film from collection of shots. skilled film editor can elevate film from mere collection. skilled film editor can elevate film from collection.",
    "evaluation": 0
  },
  {
    "correct_answer": "Film editing is often referred to as the 'invisible art'.",
    "retrieved_context": "Film editing is aspect. Film editing is essential aspect. Film editing is aspect of filmmaking process. film editing art of is process. film editing most important aspects of is use. use can enhance mood. film editing art of is Overall complex process. film editing art of is complex process. film editing art of is Overall process. film editor can elevate film from collection. film editor can elevate film. film will will built. film editor can elevate film from collection of shots. film editor can elevate film from mere collection of shots. film editor can elevate film from mere collection. skilled film editor can elevate film. skilled film editor can elevate film from mere collection of shots. film will will built. skilled film editor can elevate film from collection of shots. skilled film editor can elevate film from mere collection. skilled film editor can elevate film from collection. film will will built.",
    "evaluation": 0
  },
  {
    "correct_answer": "Editing transforms raw footage into a compelling cinematic experience.",
    "retrieved_context": "Film editing is aspect. Film editing is essential aspect. Film editing is aspect of filmmaking process. film editing art of is process. film editing most important aspects of is use. use can enhance mood. film editing art of is Overall complex process. film editing art of is complex process. film editing art of is Overall process. film editor can elevate film from collection. film editor can elevate film. film will will built. film editor can elevate film from collection of shots. film editor can elevate film from mere collection of shots. film editor can elevate film from mere collection. skilled film editor can elevate film. skilled film editor can elevate film from mere collection of shots. film will will built. skilled film editor can elevate film from collection of shots. skilled film editor can elevate film from mere collection. skilled film editor can elevate film from collection.",
    "evaluation": 1
  },
  {
    "correct_answer": "A film editor shapes the story by deciding what shots to include.",
    "retrieved_context": "film editor can elevate film from collection. film editor can elevate film. film will will built. film editor can elevate film from collection of shots. film editor can elevate film from mere collection of shots. film editor can elevate film from mere collection. skilled film editor can elevate film. skilled film editor can elevate film from mere collection of shots. film will will built. skilled film editor can elevate film from collection of shots. skilled film editor can elevate film from mere collection. skilled film editor can elevate film from collection. Film editing is aspect. Film editing is essential aspect. Film editing is aspect of filmmaking process. film editing art of is process. film editing most important aspects of is use. use can enhance mood. film editing art of is Overall complex process. film editing art of is complex process. film editing art of is Overall process. editors challenge their expectations leading to dynamic viewing experience. editors can engage audience 's curiosity. editors challenge their expectations leading to viewing experience. editors challenge their expectations. editors challenge their expectations leading to more dynamic viewing experience. editors have power. editors challenge their expectations leading. editor create suspense. editor selects During stage. stage requires keen eye. suspense convey ideas through juxtaposition. stage requires eye. audience understand spatial relationships between characters. suspense convey complex ideas. editor can evoke emotions in audience. editor can evoke different emotions. editor refines cut by tuning. stage requires eye for detail. stage requires keen eye for detail. editor enhance overall impact of scene. cut serves as foundation. editor enhance overall impact. editor refines cut editing progresses. suspense convey ideas. editor refines cut by fine tuning. suspense convey ideas through visual juxtaposition. editor enhance impact. editor refines cut. editor can evoke emotions. audience has senses. audience has curiosity. audience follow action. editor refines cut As editing progresses. editor refines rough cut. audience understand relationships. suspense build tension. audience understand spatial relationships. editor build tension. audience understand relationships between characters. editor enhance impact of scene.",
    "evaluation": 1
  },
  {
    "correct_answer": "A film editor decides the order in which shots appear.",
    "retrieved_context": "film editor can elevate film from collection. film editor can elevate film. film will will built. film editor can elevate film from collection of shots. film editor can elevate film from mere collection of shots. film editor can elevate film from mere collection. Film editing is aspect. Film editing is essential aspect. Film editing is aspect of filmmaking process. film editing art of is process. film editing most important aspects of is use. use can enhance mood. film editing art of is Overall complex process. film editing art of is complex process. film editing art of is Overall process. skilled film editor can elevate film. skilled film editor can elevate film from mere collection of shots. film will will built. skilled film editor can elevate film from collection of shots. skilled film editor can elevate film from mere collection. skilled film editor can elevate film from collection. film will will built. editors challenge their expectations leading to dynamic viewing experience. editors can engage audience 's curiosity. editors challenge their expectations leading to viewing experience. editors challenge their expectations. editors challenge their expectations leading to more dynamic viewing experience. editors have power. editors challenge their expectations leading.",
    "evaluation": 0
  },
  {
    "correct_answer": "A film editor manipulates timing, pace, and rhythm to evoke emotions.",
    "retrieved_context": "film editor can elevate film from collection. film editor can elevate film. film will will built. film editor can elevate film from collection of shots. film editor can elevate film from mere collection of shots. film editor can elevate film from mere collection. Film editing is aspect. Film editing is essential aspect. Film editing is aspect of filmmaking process. film editing art of is process. film editing most important aspects of is use. use can enhance mood. film editing art of is Overall complex process. film editing art of is complex process. film editing art of is Overall process. skilled film editor can elevate film. skilled film editor can elevate film from mere collection of shots. film will will built. skilled film editor can elevate film from collection of shots. skilled film editor can elevate film from mere collection. skilled film editor can elevate film from collection. editor create suspense. editor selects During stage. stage requires keen eye. suspense convey ideas through juxtaposition. stage requires eye. audience understand spatial relationships between characters. suspense convey complex ideas. editor can evoke emotions in audience. editor can evoke different emotions. editor refines cut by tuning. stage requires eye for detail. stage requires keen eye for detail. editor enhance overall impact of scene. cut serves as foundation. editor enhance overall impact. editor refines cut editing progresses. suspense convey ideas. editor refines cut by fine tuning. suspense convey ideas through visual juxtaposition. editor enhance impact. editor refines cut. editor can evoke emotions. audience has senses. audience has curiosity. audience follow action. editor refines cut As editing progresses. editor refines rough cut. audience understand relationships. suspense build tension. audience understand spatial relationships. editor build tension. audience understand relationships between characters. editor enhance impact of scene. editors challenge their expectations leading to dynamic viewing experience. editors can engage audience 's curiosity. editors challenge their expectations leading to viewing experience. editors challenge their expectations. editors challenge their expectations leading to more dynamic viewing experience. editors have power. editors challenge their expectations leading.",
    "evaluation": 1
  },
  {
    "correct_answer": "The editing process starts with the assembly of raw footage.",
    "retrieved_context": "Film editing is aspect. Film editing is essential aspect. Film editing is aspect of filmmaking process.",
    "evaluation": 0
  },
  {
    "correct_answer": "The rough cut serves as the foundation for the final film.",
    "retrieved_context": "final film will will built.",
    "evaluation": 0
  },
  {
    "correct_answer": "Film editors refine the rough cut by fine-tuning pacing and trimming footage.",
    "retrieved_context": "Film editing is aspect. Film editing is essential aspect. Film editing is aspect of filmmaking process. film editing art of is process. film editing most important aspects of is use. use can enhance mood. film editing art of is Overall complex process. film editing art of is complex process. film editing art of is Overall process. film editor can elevate film from collection. film editor can elevate film. film will will built. film editor can elevate film from collection of shots. film editor can elevate film from mere collection of shots. film editor can elevate film from mere collection. skilled film editor can elevate film. skilled film editor can elevate film from mere collection of shots. film will will built. skilled film editor can elevate film from collection of shots. skilled film editor can elevate film from mere collection. skilled film editor can elevate film from collection.",
    "evaluation": 0
  },
  {
    "correct_answer": "Continuity editing techniques maintain spatial and temporal coherence.",
    "retrieved_context": "synchronization create harmonious blend of audio. suspense convey ideas through juxtaposition. suspense convey complex ideas. editing requires careful synchronization with elements of film. editing requires careful synchronization with visual elements. synchronization create blend of audio. careful synchronization create blend. careful synchronization create harmonious blend. careful synchronization create harmonious blend of audio. editing create suspense. suspense convey ideas. editing requires synchronization. editing requires synchronization with visual elements. careful synchronization is with visual elements of film. editing is essential process. suspense convey ideas through visual juxtaposition. editing requires synchronization with elements of film. synchronization create harmonious blend. editing requires synchronization with elements. editing requires synchronization with visual elements of film. editing requires careful synchronization. editing requires careful synchronization with elements. careful synchronization create blend of audio. synchronization create blend. editing requires careful synchronization with visual elements of film. suspense build tension. editing process begins with assembly of raw footage known. editing process begins with assembly known as cut. editing process begins with assembly of footage known as rough cut. editing process begins with assembly of footage. editing process begins with assembly of raw footage known as rough cut. editing process begins with assembly known. editing process begins with assembly of raw footage known as cut. editing process begins with assembly of footage known as cut. editing process begins with assembly. editing process begins with assembly of footage known. editing process begins with assembly known as rough cut. editing process begins with assembly of raw footage. Film editing is aspect. Film editing is essential aspect. Film editing is aspect of filmmaking process. film editing art of is process. film editing most important aspects of is use. use can enhance mood. film editing art of is Overall complex process. film editing art of is complex process. film editing art of is Overall process. suspense convey ideas through visual juxtaposition. suspense convey ideas through juxtaposition. parallel editing create suspense. suspense convey ideas. suspense convey complex ideas. suspense build tension. continuity create sense of visual coherence. continuity create sense. continuity create sense of coherence.",
    "evaluation": 0
  },
  {
    "correct_answer": "Creative editing techniques convey meaning and evoke emotions.",
    "retrieved_context": "synchronization create harmonious blend of audio. suspense convey ideas through juxtaposition. suspense convey complex ideas. editing requires careful synchronization with elements of film. editing requires careful synchronization with visual elements. synchronization create blend of audio. careful synchronization create blend. careful synchronization create harmonious blend. careful synchronization create harmonious blend of audio. editing create suspense. suspense convey ideas. editing requires synchronization. editing requires synchronization with visual elements. careful synchronization is with visual elements of film. editing is essential process. suspense convey ideas through visual juxtaposition. editing requires synchronization with elements of film. synchronization create harmonious blend. editing requires synchronization with elements. editing requires synchronization with visual elements of film. editing requires careful synchronization. editing requires careful synchronization with elements. careful synchronization create blend of audio. synchronization create blend. editing requires careful synchronization with visual elements of film. suspense build tension. synchronization create harmonious blend of audio. synchronization create blend of audio. careful synchronization create blend. careful synchronization create harmonious blend. careful synchronization create harmonious blend of audio. Sound editing requires synchronization with visual elements of film. Sound editing requires careful synchronization with elements. Sound editing requires synchronization with visual elements. Sound editing requires careful synchronization with visual elements of film. Sound editing requires synchronization with elements. careful synchronization is with visual elements of film. Sound editing requires careful synchronization with elements of film. synchronization create harmonious blend. Sound editing requires careful synchronization with visual elements. careful synchronization create blend of audio. synchronization create blend. Sound editing requires synchronization with elements of film. Sound editing requires careful synchronization. Sound editing requires synchronization. Film editing is aspect. Film editing is essential aspect. Film editing is aspect of filmmaking process.",
    "evaluation": 0
  },
  {
    "correct_answer": "Film editors manipulate time and space using techniques like flashbacks.",
    "retrieved_context": "Film editing is aspect. Film editing is essential aspect. Film editing is aspect of filmmaking process. film editing art of is process. film editing most important aspects of is use. use can enhance mood. film editing art of is Overall complex process. film editing art of is complex process. film editing art of is Overall process. film editor can elevate film from collection. film editor can elevate film. film will will built. film editor can elevate film from collection of shots. film editor can elevate film from mere collection of shots. film editor can elevate film from mere collection. skilled film editor can elevate film. skilled film editor can elevate film from mere collection of shots. film will will built. skilled film editor can elevate film from collection of shots. skilled film editor can elevate film from mere collection. skilled film editor can elevate film from collection.",
    "evaluation": 0
  },
  {
    "correct_answer": "Sound design impacts the emotional impact of a scene.",
    "retrieved_context": "mood use tension. mood sound effects tension of scene. mood effects atmosphere. sound effects can enhance mood. mood use of music. synchronization create harmonious blend of audio. synchronization create blend of audio. careful synchronization create blend. careful synchronization create harmonious blend. careful synchronization create harmonious blend of audio. Sound editing requires synchronization with visual elements of film. Sound editing requires careful synchronization with elements. Sound editing requires synchronization with visual elements. Sound editing requires careful synchronization with visual elements of film. Sound editing requires synchronization with elements. careful synchronization is with visual elements of film. Sound editing requires careful synchronization with elements of film. synchronization create harmonious blend. Sound editing requires careful synchronization with visual elements. careful synchronization create blend of audio. synchronization create blend. Sound editing requires synchronization with elements of film. Sound editing requires careful synchronization. Sound editing requires synchronization. mood use tension. mood sound effects tension of scene. mood effects atmosphere. effects can enhance mood. effects enhance storytelling. mood use of music. visual effects enhance storytelling.",
    "evaluation": 0
  },
  {
    "accuracy": "26.67%"
  }
]