[
  {
    "correct_answer": "Music streaming services revolutionized music consumption.",
    "retrieved_context": "music streaming services have benefited artists On hand. music streaming services have had impact In conclusion. artists have embraced streaming platforms way to connect with fans. music streaming services have had profound impact on music industry. music streaming services most significant impacts of is shift. music streaming services Furthermore have made music more accessible. music streaming services have had impact on music industry. music streaming services have had impact. music streaming services have also benefited established artists. music streaming services have also benefited artists On other hand. music streaming services Furthermore have made music more accessible to wider audience. music streaming services criticism of is their impact. music streaming services have transformed From listener 's perspective. artists have embraced streaming platforms as way to connect. artists have embraced streaming platforms way to connect. artists have embraced streaming platforms as way to connect with fans. artists understand better their audience. artists have embraced streaming platforms way connect with fans. music streaming services have made music accessible. music streaming services have made music more accessible to audience. artists share their music. artists have embraced streaming platforms as way connect. artists have embraced streaming platforms as way connect with fans. music streaming services shape future. artists listeners genres. music streaming services have benefited artists. music streaming services criticism of is their impact on artist compensation. music streaming services have changed way artists. music streaming services have had profound impact. artists have embraced streaming platforms. artists have embraced streaming platforms way connect. music streaming services Furthermore have made music accessible to wider audience. music streaming services shape future of music industry. music streaming services Furthermore have made music accessible to audience. Music streaming services have also democratized music industry.",
    "evaluation": 1
  },
  {
    "correct_answer": "Platforms like Spotify, Apple Music, and Pandora provide extensive song libraries.",
    "retrieved_context": "music streaming services have benefited artists On hand. music streaming services have had impact In conclusion. artists have embraced streaming platforms way to connect with fans. music streaming services have had profound impact on music industry. music streaming services most significant impacts of is shift. music streaming services Furthermore have made music more accessible. music streaming services have had impact on music industry. music streaming services have had impact. music streaming services have also benefited established artists. music streaming services have also benefited artists On other hand. music streaming services Furthermore have made music more accessible to wider audience. music streaming services criticism of is their impact. music streaming services have transformed From listener 's perspective. artists have embraced streaming platforms as way to connect. artists have embraced streaming platforms way to connect. artists have embraced streaming platforms as way to connect with fans. artists understand better their audience. artists have embraced streaming platforms way connect with fans. music streaming services have made music accessible. music streaming services have made music more accessible to audience. artists share their music. artists have embraced streaming platforms as way connect. artists have embraced streaming platforms as way connect with fans. music streaming services shape future. artists listeners genres. music streaming services have benefited artists. music streaming services criticism of is their impact on artist compensation. music streaming services have changed way artists. music streaming services have had profound impact. artists have embraced streaming platforms. artists have embraced streaming platforms way connect. music streaming services Furthermore have made music accessible to wider audience. music streaming services shape future of music industry. music streaming services Furthermore have made music accessible to audience. Music streaming services have also democratized music industry. music formats dominated market. music formats dominated market In past.",
    "evaluation": 0
  },
  {
    "correct_answer": "Shift from physical music formats to online platforms due to streaming services.",
    "retrieved_context": "music streaming services have benefited artists On hand. music streaming services have had impact In conclusion. artists have embraced streaming platforms way to connect with fans. music streaming services have had profound impact on music industry. music streaming services most significant impacts of is shift. music streaming services Furthermore have made music more accessible. music streaming services have had impact on music industry. music streaming services have had impact. music streaming services have also benefited established artists. music streaming services have also benefited artists On other hand. music streaming services Furthermore have made music more accessible to wider audience. music streaming services criticism of is their impact. music streaming services have transformed From listener 's perspective. artists have embraced streaming platforms as way to connect. artists have embraced streaming platforms way to connect. artists have embraced streaming platforms as way to connect with fans. artists understand better their audience. artists have embraced streaming platforms way connect with fans. music streaming services have made music accessible. music streaming services have made music more accessible to audience. artists share their music. artists have embraced streaming platforms as way connect. artists have embraced streaming platforms as way connect with fans. music streaming services shape future. artists listeners genres. music streaming services have benefited artists. music streaming services criticism of is their impact on artist compensation. music streaming services have changed way artists. music streaming services have had profound impact. artists have embraced streaming platforms. artists have embraced streaming platforms way connect. music streaming services Furthermore have made music accessible to wider audience. music streaming services shape future of music industry. music streaming services Furthermore have made music accessible to audience. Music streaming services have also democratized music industry. physical music formats dominated market In past. physical music formats dominated market. music formats dominated market. music formats dominated market In past.",
    "evaluation": 1
  },
  {
    "correct_answer": "Decline in physical music sales due to the rise of streaming services.",
    "retrieved_context": "music streaming services have benefited artists On hand. music streaming services have had impact In conclusion. artists have embraced streaming platforms way to connect with fans. music streaming services have had profound impact on music industry. music streaming services most significant impacts of is shift. music streaming services Furthermore have made music more accessible. music streaming services have had impact on music industry. music streaming services have had impact. music streaming services have also benefited established artists. music streaming services have also benefited artists On other hand. music streaming services Furthermore have made music more accessible to wider audience. music streaming services criticism of is their impact. music streaming services have transformed From listener 's perspective. artists have embraced streaming platforms as way to connect. artists have embraced streaming platforms way to connect. artists have embraced streaming platforms as way to connect with fans. artists understand better their audience. artists have embraced streaming platforms way connect with fans. music streaming services have made music accessible. music streaming services have made music more accessible to audience. artists share their music. artists have embraced streaming platforms as way connect. artists have embraced streaming platforms as way connect with fans. music streaming services shape future. artists listeners genres. music streaming services have benefited artists. music streaming services criticism of is their impact on artist compensation. music streaming services have changed way artists. music streaming services have had profound impact. artists have embraced streaming platforms. artists have embraced streaming platforms way connect. music streaming services Furthermore have made music accessible to wider audience. music streaming services shape future of music industry. music streaming services Furthermore have made music accessible to audience. Music streaming services have also democratized music industry.",
    "evaluation": 0
  },
  {
    "correct_answer": "Streaming services offer opportunities for artists to reach a global audience.",
    "retrieved_context": "music streaming services have benefited artists On hand. music streaming services have had impact In conclusion. artists have embraced streaming platforms way to connect with fans. music streaming services have had profound impact on music industry. music streaming services most significant impacts of is shift. music streaming services Furthermore have made music more accessible. music streaming services have had impact on music industry. music streaming services have had impact. music streaming services have also benefited established artists. music streaming services have also benefited artists On other hand. music streaming services Furthermore have made music more accessible to wider audience. music streaming services criticism of is their impact. music streaming services have transformed From listener 's perspective. artists have embraced streaming platforms as way to connect. artists have embraced streaming platforms way to connect. artists have embraced streaming platforms as way to connect with fans. artists understand better their audience. artists have embraced streaming platforms way connect with fans. music streaming services have made music accessible. music streaming services have made music more accessible to audience. artists share their music. artists have embraced streaming platforms as way connect. artists have embraced streaming platforms as way connect with fans. music streaming services shape future. artists listeners genres. music streaming services have benefited artists. music streaming services criticism of is their impact on artist compensation. music streaming services have changed way artists. music streaming services have had profound impact. artists have embraced streaming platforms. artists have embraced streaming platforms way connect. music streaming services Furthermore have made music accessible to wider audience. music streaming services shape future of music industry. music streaming services Furthermore have made music accessible to audience. Music streaming services have also democratized music industry. streaming services offer different model. streaming services offer model. streaming services offer model based royalties.",
    "evaluation": 1
  },
  {
    "correct_answer": "Streaming platforms democratize the music industry for independent artists.",
    "retrieved_context": "music streaming services have benefited artists On hand. music streaming services have had impact In conclusion. artists have embraced streaming platforms way to connect with fans. music streaming services have had profound impact on music industry. music streaming services most significant impacts of is shift. music streaming services Furthermore have made music more accessible. music streaming services have had impact on music industry. music streaming services have had impact. music streaming services have also benefited established artists. music streaming services have also benefited artists On other hand. music streaming services Furthermore have made music more accessible to wider audience. music streaming services criticism of is their impact. music streaming services have transformed From listener 's perspective. artists have embraced streaming platforms as way to connect. artists have embraced streaming platforms way to connect. artists have embraced streaming platforms as way to connect with fans. artists understand better their audience. artists have embraced streaming platforms way connect with fans. music streaming services have made music accessible. music streaming services have made music more accessible to audience. artists share their music. artists have embraced streaming platforms as way connect. artists have embraced streaming platforms as way connect with fans. music streaming services shape future. artists listeners genres. music streaming services have benefited artists. music streaming services criticism of is their impact on artist compensation. music streaming services have changed way artists. music streaming services have had profound impact. artists have embraced streaming platforms. artists have embraced streaming platforms way connect. music streaming services Furthermore have made music accessible to wider audience. music streaming services shape future of music industry. music streaming services Furthermore have made music accessible to audience. Music streaming services have also democratized music industry.",
    "evaluation": 1
  },
  {
    "correct_answer": "Artists earn royalties based on the number of streams on music streaming services.",
    "retrieved_context": "music streaming services have benefited artists On hand. music streaming services have had impact In conclusion. artists have embraced streaming platforms way to connect with fans. music streaming services have had profound impact on music industry. music streaming services most significant impacts of is shift. music streaming services Furthermore have made music more accessible. music streaming services have had impact on music industry. music streaming services have had impact. music streaming services have also benefited established artists. music streaming services have also benefited artists On other hand. music streaming services Furthermore have made music more accessible to wider audience. music streaming services criticism of is their impact. music streaming services have transformed From listener 's perspective. artists have embraced streaming platforms as way to connect. artists have embraced streaming platforms way to connect. artists have embraced streaming platforms as way to connect with fans. artists understand better their audience. artists have embraced streaming platforms way connect with fans. music streaming services have made music accessible. music streaming services have made music more accessible to audience. artists share their music. artists have embraced streaming platforms as way connect. artists have embraced streaming platforms as way connect with fans. music streaming services shape future. artists listeners genres. music streaming services have benefited artists. music streaming services criticism of is their impact on artist compensation. music streaming services have changed way artists. music streaming services have had profound impact. artists have embraced streaming platforms. artists have embraced streaming platforms way connect. music streaming services Furthermore have made music accessible to wider audience. music streaming services shape future of music industry. music streaming services Furthermore have made music accessible to audience. Music streaming services have also democratized music industry.",
    "evaluation": 0
  },
  {
    "correct_answer": "Critics argue that the current royalty system is unfair to lesser-known artists.",
    "retrieved_context": "artists share their music. artists have embraced streaming platforms as way to connect. artists have embraced streaming platforms way to connect with fans. artists have embraced streaming platforms. artists have embraced streaming platforms as way connect. artists have embraced streaming platforms way connect. artists have embraced streaming platforms as way connect with fans. artists have embraced streaming platforms way to connect. artists have embraced streaming platforms as way to connect with fans. current royalty system is unfair. artists understand better their audience. artists listeners genres. current royalty system is unfair to artists. artists have embraced streaming platforms way connect with fans. artists share their music. artists have embraced streaming platforms as way to connect. artists have embraced streaming platforms way to connect with fans. artists have embraced streaming platforms. artists have embraced streaming platforms as way connect. artists have embraced streaming platforms way connect. artists have embraced streaming platforms as way connect with fans. royalty system is unfair. artists have embraced streaming platforms way to connect. artists have embraced streaming platforms as way to connect with fans. royalty system is unfair to artists. artists understand better their audience. artists listeners genres. artists have embraced streaming platforms way connect with fans. platforms have changed way music. low royalty rates paid by streaming platforms. platforms have leveled playing field. low royalty rates paid by platforms. low royalty rates paid have led to debates. low royalty rates paid have led to debates about compensation. low royalty rates paid have led to especially those. low royalty rates paid have led to debates about fair compensation. low royalty rates paid have led to those. low royalty rates paid have led to debates about fair compensation for artists. low royalty rates paid have led to debates about compensation for artists. platforms have changed way music. platforms have leveled playing field. royalty rates paid by streaming platforms. royalty rates paid by platforms.",
    "evaluation": 0
  },
  {
    "correct_answer": "Established artists benefit from streaming platforms as a new revenue stream.",
    "retrieved_context": "",
    "evaluation": 0
  },
  {
    "correct_answer": "Streaming services provide valuable data and analytics for artists.",
    "retrieved_context": "music streaming services have benefited artists On hand. music streaming services have had impact In conclusion. artists have embraced streaming platforms way to connect with fans. music streaming services have had profound impact on music industry. music streaming services most significant impacts of is shift. music streaming services Furthermore have made music more accessible. music streaming services have had impact on music industry. music streaming services have had impact. music streaming services have also benefited established artists. music streaming services have also benefited artists On other hand. music streaming services Furthermore have made music more accessible to wider audience. music streaming services criticism of is their impact. music streaming services have transformed From listener 's perspective. artists have embraced streaming platforms as way to connect. artists have embraced streaming platforms way to connect. artists have embraced streaming platforms as way to connect with fans. artists understand better their audience. artists have embraced streaming platforms way connect with fans. music streaming services have made music accessible. music streaming services have made music more accessible to audience. artists share their music. artists have embraced streaming platforms as way connect. artists have embraced streaming platforms as way connect with fans. music streaming services shape future. artists listeners genres. music streaming services have benefited artists. music streaming services criticism of is their impact on artist compensation. music streaming services have changed way artists. music streaming services have had profound impact. artists have embraced streaming platforms. artists have embraced streaming platforms way connect. music streaming services Furthermore have made music accessible to wider audience. music streaming services shape future of music industry. music streaming services Furthermore have made music accessible to audience. Music streaming services have also democratized music industry. streaming services offer different model. streaming services offer model. streaming services offer model based royalties. Streaming services offer valuable data. Streaming services offer data.",
    "evaluation": 1
  },
  {
    "correct_answer": "Listeners can easily discover new artists and genres through streaming services.",
    "retrieved_context": "music streaming services have benefited artists On hand. music streaming services have had impact In conclusion. artists have embraced streaming platforms way to connect with fans. music streaming services have had profound impact on music industry. music streaming services most significant impacts of is shift. music streaming services Furthermore have made music more accessible. music streaming services have had impact on music industry. music streaming services have had impact. music streaming services have also benefited established artists. music streaming services have also benefited artists On other hand. music streaming services Furthermore have made music more accessible to wider audience. music streaming services criticism of is their impact. music streaming services have transformed From listener 's perspective. artists have embraced streaming platforms as way to connect. artists have embraced streaming platforms way to connect. artists have embraced streaming platforms as way to connect with fans. artists understand better their audience. artists have embraced streaming platforms way connect with fans. music streaming services have made music accessible. music streaming services have made music more accessible to audience. artists share their music. artists have embraced streaming platforms as way connect. artists have embraced streaming platforms as way connect with fans. music streaming services shape future. artists listeners genres. music streaming services have benefited artists. music streaming services criticism of is their impact on artist compensation. music streaming services have changed way artists. music streaming services have had profound impact. artists have embraced streaming platforms. artists have embraced streaming platforms way connect. music streaming services Furthermore have made music accessible to wider audience. music streaming services shape future of music industry. music streaming services Furthermore have made music accessible to audience. Music streaming services have also democratized music industry.",
    "evaluation": 0
  },
  {
    "correct_answer": "Personalized playlists and recommendations enhance the music listening experience.",
    "retrieved_context": "",
    "evaluation": 0
  },
  {
    "correct_answer": "Music streaming services have made music more accessible to a wider audience.",
    "retrieved_context": "",
    "evaluation": 0
  },
  {
    "correct_answer": "Listeners can stream individual tracks and create personalized playlists.",
    "retrieved_context": "music streaming services have benefited artists On hand. music streaming services have had impact In conclusion. artists have embraced streaming platforms way to connect with fans. music streaming services have had profound impact on music industry. music streaming services most significant impacts of is shift. music streaming services Furthermore have made music more accessible. music streaming services have had impact on music industry. music streaming services have had impact. music streaming services have also benefited established artists. music streaming services have also benefited artists On other hand. music streaming services Furthermore have made music more accessible to wider audience. music streaming services criticism of is their impact. music streaming services have transformed From listener 's perspective. artists have embraced streaming platforms as way to connect. artists have embraced streaming platforms way to connect. artists have embraced streaming platforms as way to connect with fans. artists understand better their audience. artists have embraced streaming platforms way connect with fans. music streaming services have made music accessible. music streaming services have made music more accessible to audience. artists share their music. artists have embraced streaming platforms as way connect. artists have embraced streaming platforms as way connect with fans. music streaming services shape future. artists listeners genres. music streaming services have benefited artists. music streaming services criticism of is their impact on artist compensation. music streaming services have changed way artists. music streaming services have had profound impact. artists have embraced streaming platforms. artists have embraced streaming platforms way connect. music streaming services Furthermore have made music accessible to wider audience. music streaming services shape future of music industry. music streaming services Furthermore have made music accessible to audience. Music streaming services have also democratized music industry.",
    "evaluation": 0
  },
  {
    "correct_answer": "Challenges include concerns about the sustainability of the music business model.",
    "retrieved_context": "",
    "evaluation": 0
  },
  {
    "accuracy": "33.33%"
  }
]