[
  {
    "correct_answer": "Libraries are considered the backbone of society.",
    "retrieved_context": "libraries now offer digital collections making. libraries play role In conclusion. libraries provide resources From early literacy programs for children to adult education classes. individuals reach their potential. resources libraries support. libraries cater to interests. valuable services libraries support. lives fostering sense of community. collections libraries resources. libraries Moreover play role by access to diverse range of viewpoints. libraries help By literacy. libraries provide resources. libraries uphold principles of freedom. role remains In digital world. individuals can come together engage. libraries cater to varied interests. digital collections libraries online resources. libraries help By promoting literacy. libraries help By collecting books. individuals can come to engage in discussions. libraries play multifaceted role. libraries contribute to fabric. libraries offering educational programs. libraries play role in promoting freedom. role remains In world. libraries play role by providing access to diverse range of viewpoints. libraries play role by access to range. libraries play role in promoting intellectual freedom. libraries Moreover play vital role. libraries provide resources From early literacy programs. libraries play role in society. individuals have right. libraries safeguard our memory. individuals can come together to engage. individuals engage in discourse. libraries cater to interests of their patrons. valuable resources libraries support. libraries play role by providing access to range. libraries uphold principles of freedom ensuring. libraries play crucial role. libraries provide resources From literacy programs for children to adult education classes. libraries provide resources From literacy programs for children. services libraries support. libraries help By books. libraries provide resources From early literacy programs for children to education classes. individuals can come together engage in discussions. libraries lives of individuals. libraries play role In access to resources. libraries provide resources From literacy programs. libraries uphold principles. libraries safeguard our collective memory. libraries offer collections In physical resources. individuals engage in democratic discourse. libraries provide services. libraries provide services As repositories. libraries play role by access to range of viewpoints. collections many libraries online resources. libraries uphold principles As bastions. libraries uphold principles of intellectual freedom. libraries play role. libraries contribute to social fabric. role remains important. individuals explore their cultural identity. libraries Furthermore play key role. libraries play role by access to diverse range. libraries enrich lives. libraries cater to varied interests of their patrons. libraries contribute to social fabric of society. digital collections libraries resources. libraries offer collections making. libraries play role by access. individuals explore their identity. libraries play role In providing access to resources. individuals reach their full potential. individuals engage in discussions. libraries play role by providing access to diverse range. role is in society. libraries provide resources From early literacy programs for children. libraries provide valuable resources. libraries play role in intellectual freedom. libraries play role by providing access to range of viewpoints. individuals can access computers. libraries contribute to fabric of society. libraries uphold principles As bastions of intellectual freedom. libraries provide resources From literacy programs for children to education classes. lives fostering sense. libraries uphold principles of intellectual freedom ensuring. libraries offering programs. libraries provide services As repositories of information. libraries provide valuable services. libraries now offer collections. libraries Moreover play role in freedom. role remains crucial. libraries enrich lives of individuals. libraries offer digital collections. libraries Moreover play role by providing access. libraries uphold principles As bastions of freedom. role remains In increasingly digital world. Libraries serve as educational institutions. Libraries also serve as institutions. Libraries attend events. Libraries participate in activities. Libraries serving as repositories. Libraries serve as gathering spaces. Libraries serving as valuable repositories. Libraries serve as community hubs. Libraries serve as cultural institutions. Libraries serve as vital institutions. Libraries participate in cultural activities. Libraries serve as spaces. Libraries serve as vital educational institutions. Libraries serving as repositories of knowledge. Libraries serving as valuable repositories of knowledge. many libraries now offer collections making. collections many libraries online resources. digital collections libraries resources. digital collections libraries online resources. collections libraries resources. many libraries now offer collections In physical resources. many libraries offer digital collections. resources libraries support. many libraries now offer digital collections making. many libraries offer collections. many libraries now offer collections In resources. archives help By books. archives help By collecting books.",
    "evaluation": 0
  },
  {
    "correct_answer": "Libraries serve as repositories of knowledge, culture, and information.",
    "retrieved_context": "many libraries now offer collections making. collections many libraries online resources. digital collections libraries resources. digital collections libraries online resources. collections libraries resources. many libraries now offer collections In physical resources. many libraries offer digital collections. resources libraries support. many libraries now offer digital collections making. many libraries offer collections. many libraries now offer collections In resources. libraries now offer digital collections making. libraries play role In conclusion. libraries provide resources From early literacy programs for children to adult education classes. individuals reach their potential. resources libraries support. libraries cater to interests. valuable services libraries support. lives fostering sense of community. collections libraries resources. libraries Moreover play role by access to diverse range of viewpoints. libraries help By literacy. libraries provide resources. libraries uphold principles of freedom. role remains In digital world. individuals can come together engage. libraries cater to varied interests. digital collections libraries online resources. libraries help By promoting literacy. libraries help By collecting books. individuals can come to engage in discussions. libraries play multifaceted role. libraries contribute to fabric. libraries offering educational programs. libraries play role in promoting freedom. role remains In world. libraries play role by providing access to diverse range of viewpoints. libraries play role by access to range. libraries play role in promoting intellectual freedom. libraries Moreover play vital role. libraries provide resources From early literacy programs. libraries play role in society. individuals have right. libraries safeguard our memory. individuals can come together to engage. individuals engage in discourse. libraries cater to interests of their patrons. valuable resources libraries support. libraries play role by providing access to range. libraries uphold principles of freedom ensuring. libraries play crucial role. libraries provide resources From literacy programs for children to adult education classes. libraries provide resources From literacy programs for children. services libraries support. libraries help By books. libraries provide resources From early literacy programs for children to education classes. individuals can come together engage in discussions. libraries lives of individuals. libraries play role In access to resources. libraries provide resources From literacy programs. libraries uphold principles. libraries safeguard our collective memory. libraries offer collections In physical resources. individuals engage in democratic discourse. libraries provide services. libraries provide services As repositories. libraries play role by access to range of viewpoints. collections many libraries online resources. libraries uphold principles As bastions. libraries uphold principles of intellectual freedom. libraries play role. libraries contribute to social fabric. role remains important. individuals explore their cultural identity. libraries Furthermore play key role. libraries play role by access to diverse range. libraries enrich lives. libraries cater to varied interests of their patrons. libraries contribute to social fabric of society. digital collections libraries resources. libraries offer collections making. libraries play role by access. individuals explore their identity. libraries play role In providing access to resources. individuals reach their full potential. individuals engage in discussions. libraries play role by providing access to diverse range. role is in society. libraries provide resources From early literacy programs for children. libraries provide valuable resources. libraries play role in intellectual freedom. libraries play role by providing access to range of viewpoints. individuals can access computers. libraries contribute to fabric of society. libraries uphold principles As bastions of intellectual freedom. libraries provide resources From literacy programs for children to education classes. lives fostering sense. libraries uphold principles of intellectual freedom ensuring. libraries offering programs. libraries provide services As repositories of information. libraries provide valuable services. libraries now offer collections. libraries Moreover play role in freedom. role remains crucial. libraries enrich lives of individuals. libraries offer digital collections. libraries Moreover play role by providing access. libraries uphold principles As bastions of freedom. role remains In increasingly digital world. Libraries serve as educational institutions. Libraries also serve as institutions. Libraries attend events. Libraries participate in activities. Libraries serving as repositories. Libraries serve as gathering spaces. Libraries serving as valuable repositories. Libraries serve as community hubs. Libraries serve as cultural institutions. Libraries serve as vital institutions. Libraries participate in cultural activities. Libraries serve as spaces. Libraries serve as vital educational institutions. Libraries serving as repositories of knowledge. Libraries serving as valuable repositories of knowledge.",
    "evaluation": 1
  },
  {
    "correct_answer": "Libraries provide access to books and resources.",
    "retrieved_context": "libraries now offer digital collections making. libraries play role In conclusion. libraries provide resources From early literacy programs for children to adult education classes. individuals reach their potential. resources libraries support. libraries cater to interests. valuable services libraries support. lives fostering sense of community. collections libraries resources. libraries Moreover play role by access to diverse range of viewpoints. libraries help By literacy. libraries provide resources. libraries uphold principles of freedom. role remains In digital world. individuals can come together engage. libraries cater to varied interests. digital collections libraries online resources. libraries help By promoting literacy. libraries help By collecting books. individuals can come to engage in discussions. libraries play multifaceted role. libraries contribute to fabric. libraries offering educational programs. libraries play role in promoting freedom. role remains In world. libraries play role by providing access to diverse range of viewpoints. libraries play role by access to range. libraries play role in promoting intellectual freedom. libraries Moreover play vital role. libraries provide resources From early literacy programs. libraries play role in society. individuals have right. libraries safeguard our memory. individuals can come together to engage. individuals engage in discourse. libraries cater to interests of their patrons. valuable resources libraries support. libraries play role by providing access to range. libraries uphold principles of freedom ensuring. libraries play crucial role. libraries provide resources From literacy programs for children to adult education classes. libraries provide resources From literacy programs for children. services libraries support. libraries help By books. libraries provide resources From early literacy programs for children to education classes. individuals can come together engage in discussions. libraries lives of individuals. libraries play role In access to resources. libraries provide resources From literacy programs. libraries uphold principles. libraries safeguard our collective memory. libraries offer collections In physical resources. individuals engage in democratic discourse. libraries provide services. libraries provide services As repositories. libraries play role by access to range of viewpoints. collections many libraries online resources. libraries uphold principles As bastions. libraries uphold principles of intellectual freedom. libraries play role. libraries contribute to social fabric. role remains important. individuals explore their cultural identity. libraries Furthermore play key role. libraries play role by access to diverse range. libraries enrich lives. libraries cater to varied interests of their patrons. libraries contribute to social fabric of society. digital collections libraries resources. libraries offer collections making. libraries play role by access. individuals explore their identity. libraries play role In providing access to resources. individuals reach their full potential. individuals engage in discussions. libraries play role by providing access to diverse range. role is in society. libraries provide resources From early literacy programs for children. libraries provide valuable resources. libraries play role in intellectual freedom. libraries play role by providing access to range of viewpoints. individuals can access computers. libraries contribute to fabric of society. libraries uphold principles As bastions of intellectual freedom. libraries provide resources From literacy programs for children to education classes. lives fostering sense. libraries uphold principles of intellectual freedom ensuring. libraries offering programs. libraries provide services As repositories of information. libraries provide valuable services. libraries now offer collections. libraries Moreover play role in freedom. role remains crucial. libraries enrich lives of individuals. libraries offer digital collections. libraries Moreover play role by providing access. libraries uphold principles As bastions of freedom. role remains In increasingly digital world. Libraries serve as educational institutions. Libraries also serve as institutions. Libraries attend events. Libraries participate in activities. Libraries serving as repositories. Libraries serve as gathering spaces. Libraries serving as valuable repositories. Libraries serve as community hubs. Libraries serve as cultural institutions. Libraries serve as vital institutions. Libraries participate in cultural activities. Libraries serve as spaces. Libraries serve as vital educational institutions. Libraries serving as repositories of knowledge. Libraries serving as valuable repositories of knowledge. many libraries now offer collections making. collections many libraries online resources. digital collections libraries resources. digital collections libraries online resources. collections libraries resources. many libraries now offer collections In physical resources. many libraries offer digital collections. resources libraries support. many libraries now offer digital collections making. many libraries offer collections. many libraries now offer collections In resources. resources libraries support.",
    "evaluation": 1
  },
  {
    "correct_answer": "Libraries offer educational programs and community services.",
    "retrieved_context": "libraries now offer digital collections making. libraries play role In conclusion. libraries provide resources From early literacy programs for children to adult education classes. individuals reach their potential. resources libraries support. libraries cater to interests. valuable services libraries support. lives fostering sense of community. collections libraries resources. libraries Moreover play role by access to diverse range of viewpoints. libraries help By literacy. libraries provide resources. libraries uphold principles of freedom. role remains In digital world. individuals can come together engage. libraries cater to varied interests. digital collections libraries online resources. libraries help By promoting literacy. libraries help By collecting books. individuals can come to engage in discussions. libraries play multifaceted role. libraries contribute to fabric. libraries offering educational programs. libraries play role in promoting freedom. role remains In world. libraries play role by providing access to diverse range of viewpoints. libraries play role by access to range. libraries play role in promoting intellectual freedom. libraries Moreover play vital role. libraries provide resources From early literacy programs. libraries play role in society. individuals have right. libraries safeguard our memory. individuals can come together to engage. individuals engage in discourse. libraries cater to interests of their patrons. valuable resources libraries support. libraries play role by providing access to range. libraries uphold principles of freedom ensuring. libraries play crucial role. libraries provide resources From literacy programs for children to adult education classes. libraries provide resources From literacy programs for children. services libraries support. libraries help By books. libraries provide resources From early literacy programs for children to education classes. individuals can come together engage in discussions. libraries lives of individuals. libraries play role In access to resources. libraries provide resources From literacy programs. libraries uphold principles. libraries safeguard our collective memory. libraries offer collections In physical resources. individuals engage in democratic discourse. libraries provide services. libraries provide services As repositories. libraries play role by access to range of viewpoints. collections many libraries online resources. libraries uphold principles As bastions. libraries uphold principles of intellectual freedom. libraries play role. libraries contribute to social fabric. role remains important. individuals explore their cultural identity. libraries Furthermore play key role. libraries play role by access to diverse range. libraries enrich lives. libraries cater to varied interests of their patrons. libraries contribute to social fabric of society. digital collections libraries resources. libraries offer collections making. libraries play role by access. individuals explore their identity. libraries play role In providing access to resources. individuals reach their full potential. individuals engage in discussions. libraries play role by providing access to diverse range. role is in society. libraries provide resources From early literacy programs for children. libraries provide valuable resources. libraries play role in intellectual freedom. libraries play role by providing access to range of viewpoints. individuals can access computers. libraries contribute to fabric of society. libraries uphold principles As bastions of intellectual freedom. libraries provide resources From literacy programs for children to education classes. lives fostering sense. libraries uphold principles of intellectual freedom ensuring. libraries offering programs. libraries provide services As repositories of information. libraries provide valuable services. libraries now offer collections. libraries Moreover play role in freedom. role remains crucial. libraries enrich lives of individuals. libraries offer digital collections. libraries Moreover play role by providing access. libraries uphold principles As bastions of freedom. role remains In increasingly digital world. Libraries serve as educational institutions. Libraries also serve as institutions. Libraries attend events. Libraries participate in activities. Libraries serving as repositories. Libraries serve as gathering spaces. Libraries serving as valuable repositories. Libraries serve as community hubs. Libraries serve as cultural institutions. Libraries serve as vital institutions. Libraries participate in cultural activities. Libraries serve as spaces. Libraries serve as vital educational institutions. Libraries serving as repositories of knowledge. Libraries serving as valuable repositories of knowledge. many libraries now offer collections making. collections many libraries online resources. digital collections libraries resources. digital collections libraries online resources. collections libraries resources. many libraries now offer collections In physical resources. many libraries offer digital collections. resources libraries support. many libraries now offer digital collections making. many libraries offer collections. many libraries now offer collections In resources.",
    "evaluation": 1
  },
  {
    "correct_answer": "Libraries cater to varied interests and needs of patrons.",
    "retrieved_context": "many libraries now offer collections making. collections many libraries online resources. digital collections libraries resources. digital collections libraries online resources. collections libraries resources. many libraries now offer collections In physical resources. many libraries offer digital collections. resources libraries support. many libraries now offer digital collections making. many libraries offer collections. many libraries now offer collections In resources. libraries now offer digital collections making. libraries play role In conclusion. libraries provide resources From early literacy programs for children to adult education classes. individuals reach their potential. resources libraries support. libraries cater to interests. valuable services libraries support. lives fostering sense of community. collections libraries resources. libraries Moreover play role by access to diverse range of viewpoints. libraries help By literacy. libraries provide resources. libraries uphold principles of freedom. role remains In digital world. individuals can come together engage. libraries cater to varied interests. digital collections libraries online resources. libraries help By promoting literacy. libraries help By collecting books. individuals can come to engage in discussions. libraries play multifaceted role. libraries contribute to fabric. libraries offering educational programs. libraries play role in promoting freedom. role remains In world. libraries play role by providing access to diverse range of viewpoints. libraries play role by access to range. libraries play role in promoting intellectual freedom. libraries Moreover play vital role. libraries provide resources From early literacy programs. libraries play role in society. individuals have right. libraries safeguard our memory. individuals can come together to engage. individuals engage in discourse. libraries cater to interests of their patrons. valuable resources libraries support. libraries play role by providing access to range. libraries uphold principles of freedom ensuring. libraries play crucial role. libraries provide resources From literacy programs for children to adult education classes. libraries provide resources From literacy programs for children. services libraries support. libraries help By books. libraries provide resources From early literacy programs for children to education classes. individuals can come together engage in discussions. libraries lives of individuals. libraries play role In access to resources. libraries provide resources From literacy programs. libraries uphold principles. libraries safeguard our collective memory. libraries offer collections In physical resources. individuals engage in democratic discourse. libraries provide services. libraries provide services As repositories. libraries play role by access to range of viewpoints. collections many libraries online resources. libraries uphold principles As bastions. libraries uphold principles of intellectual freedom. libraries play role. libraries contribute to social fabric. role remains important. individuals explore their cultural identity. libraries Furthermore play key role. libraries play role by access to diverse range. libraries enrich lives. libraries cater to varied interests of their patrons. libraries contribute to social fabric of society. digital collections libraries resources. libraries offer collections making. libraries play role by access. individuals explore their identity. libraries play role In providing access to resources. individuals reach their full potential. individuals engage in discussions. libraries play role by providing access to diverse range. role is in society. libraries provide resources From early literacy programs for children. libraries provide valuable resources. libraries play role in intellectual freedom. libraries play role by providing access to range of viewpoints. individuals can access computers. libraries contribute to fabric of society. libraries uphold principles As bastions of intellectual freedom. libraries provide resources From literacy programs for children to education classes. lives fostering sense. libraries uphold principles of intellectual freedom ensuring. libraries offering programs. libraries provide services As repositories of information. libraries provide valuable services. libraries now offer collections. libraries Moreover play role in freedom. role remains crucial. libraries enrich lives of individuals. libraries offer digital collections. libraries Moreover play role by providing access. libraries uphold principles As bastions of freedom. role remains In increasingly digital world. Libraries serve as educational institutions. Libraries also serve as institutions. Libraries attend events. Libraries participate in activities. Libraries serving as repositories. Libraries serve as gathering spaces. Libraries serving as valuable repositories. Libraries serve as community hubs. Libraries serve as cultural institutions. Libraries serve as vital institutions. Libraries participate in cultural activities. Libraries serve as spaces. Libraries serve as vital educational institutions. Libraries serving as repositories of knowledge. Libraries serving as valuable repositories of knowledge.",
    "evaluation": 1
  },
  {
    "correct_answer": "Libraries provide access to physical and digital collections.",
    "retrieved_context": "digital collections libraries resources. digital collections libraries online resources. resources libraries support. libraries now offer digital collections making. libraries play role In conclusion. libraries provide resources From early literacy programs for children to adult education classes. individuals reach their potential. resources libraries support. libraries cater to interests. valuable services libraries support. lives fostering sense of community. collections libraries resources. libraries Moreover play role by access to diverse range of viewpoints. libraries help By literacy. libraries provide resources. libraries uphold principles of freedom. role remains In digital world. individuals can come together engage. libraries cater to varied interests. digital collections libraries online resources. libraries help By promoting literacy. libraries help By collecting books. individuals can come to engage in discussions. libraries play multifaceted role. libraries contribute to fabric. libraries offering educational programs. libraries play role in promoting freedom. role remains In world. libraries play role by providing access to diverse range of viewpoints. libraries play role by access to range. libraries play role in promoting intellectual freedom. libraries Moreover play vital role. libraries provide resources From early literacy programs. libraries play role in society. individuals have right. libraries safeguard our memory. individuals can come together to engage. individuals engage in discourse. libraries cater to interests of their patrons. valuable resources libraries support. libraries play role by providing access to range. libraries uphold principles of freedom ensuring. libraries play crucial role. libraries provide resources From literacy programs for children to adult education classes. libraries provide resources From literacy programs for children. services libraries support. libraries help By books. libraries provide resources From early literacy programs for children to education classes. individuals can come together engage in discussions. libraries lives of individuals. libraries play role In access to resources. libraries provide resources From literacy programs. libraries uphold principles. libraries safeguard our collective memory. libraries offer collections In physical resources. individuals engage in democratic discourse. libraries provide services. libraries provide services As repositories. libraries play role by access to range of viewpoints. collections many libraries online resources. libraries uphold principles As bastions. libraries uphold principles of intellectual freedom. libraries play role. libraries contribute to social fabric. role remains important. individuals explore their cultural identity. libraries Furthermore play key role. libraries play role by access to diverse range. libraries enrich lives. libraries cater to varied interests of their patrons. libraries contribute to social fabric of society. digital collections libraries resources. libraries offer collections making. libraries play role by access. individuals explore their identity. libraries play role In providing access to resources. individuals reach their full potential. individuals engage in discussions. libraries play role by providing access to diverse range. role is in society. libraries provide resources From early literacy programs for children. libraries provide valuable resources. libraries play role in intellectual freedom. libraries play role by providing access to range of viewpoints. individuals can access computers. libraries contribute to fabric of society. libraries uphold principles As bastions of intellectual freedom. libraries provide resources From literacy programs for children to education classes. lives fostering sense. libraries uphold principles of intellectual freedom ensuring. libraries offering programs. libraries provide services As repositories of information. libraries provide valuable services. libraries now offer collections. libraries Moreover play role in freedom. role remains crucial. libraries enrich lives of individuals. libraries offer digital collections. libraries Moreover play role by providing access. libraries uphold principles As bastions of freedom. role remains In increasingly digital world. Libraries serve as educational institutions. Libraries also serve as institutions. Libraries attend events. Libraries participate in activities. Libraries serving as repositories. Libraries serve as gathering spaces. Libraries serving as valuable repositories. Libraries serve as community hubs. Libraries serve as cultural institutions. Libraries serve as vital institutions. Libraries participate in cultural activities. Libraries serve as spaces. Libraries serve as vital educational institutions. Libraries serving as repositories of knowledge. Libraries serving as valuable repositories of knowledge. collections many libraries online resources. collections libraries resources. resources libraries support. many libraries now offer collections making. collections many libraries online resources. digital collections libraries resources. digital collections libraries online resources. collections libraries resources. many libraries now offer collections In physical resources. many libraries offer digital collections. resources libraries support. many libraries now offer digital collections making. many libraries offer collections. many libraries now offer collections In resources.",
    "evaluation": 1
  },
  {
    "correct_answer": "Libraries support lifelong learning and literacy initiatives.",
    "retrieved_context": "",
    "evaluation": 0
  },
  {
    "correct_answer": "Libraries help empower individuals to reach their full potential.",
    "retrieved_context": "libraries now offer digital collections making. libraries play role In conclusion. libraries provide resources From early literacy programs for children to adult education classes. individuals reach their potential. resources libraries support. libraries cater to interests. valuable services libraries support. lives fostering sense of community. collections libraries resources. libraries Moreover play role by access to diverse range of viewpoints. libraries help By literacy. libraries provide resources. libraries uphold principles of freedom. role remains In digital world. individuals can come together engage. libraries cater to varied interests. digital collections libraries online resources. libraries help By promoting literacy. libraries help By collecting books. individuals can come to engage in discussions. libraries play multifaceted role. libraries contribute to fabric. libraries offering educational programs. libraries play role in promoting freedom. role remains In world. libraries play role by providing access to diverse range of viewpoints. libraries play role by access to range. libraries play role in promoting intellectual freedom. libraries Moreover play vital role. libraries provide resources From early literacy programs. libraries play role in society. individuals have right. libraries safeguard our memory. individuals can come together to engage. individuals engage in discourse. libraries cater to interests of their patrons. valuable resources libraries support. libraries play role by providing access to range. libraries uphold principles of freedom ensuring. libraries play crucial role. libraries provide resources From literacy programs for children to adult education classes. libraries provide resources From literacy programs for children. services libraries support. libraries help By books. libraries provide resources From early literacy programs for children to education classes. individuals can come together engage in discussions. libraries lives of individuals. libraries play role In access to resources. libraries provide resources From literacy programs. libraries uphold principles. libraries safeguard our collective memory. libraries offer collections In physical resources. individuals engage in democratic discourse. libraries provide services. libraries provide services As repositories. libraries play role by access to range of viewpoints. collections many libraries online resources. libraries uphold principles As bastions. libraries uphold principles of intellectual freedom. libraries play role. libraries contribute to social fabric. role remains important. individuals explore their cultural identity. libraries Furthermore play key role. libraries play role by access to diverse range. libraries enrich lives. libraries cater to varied interests of their patrons. libraries contribute to social fabric of society. digital collections libraries resources. libraries offer collections making. libraries play role by access. individuals explore their identity. libraries play role In providing access to resources. individuals reach their full potential. individuals engage in discussions. libraries play role by providing access to diverse range. role is in society. libraries provide resources From early literacy programs for children. libraries provide valuable resources. libraries play role in intellectual freedom. libraries play role by providing access to range of viewpoints. individuals can access computers. libraries contribute to fabric of society. libraries uphold principles As bastions of intellectual freedom. libraries provide resources From literacy programs for children to education classes. lives fostering sense. libraries uphold principles of intellectual freedom ensuring. libraries offering programs. libraries provide services As repositories of information. libraries provide valuable services. libraries now offer collections. libraries Moreover play role in freedom. role remains crucial. libraries enrich lives of individuals. libraries offer digital collections. libraries Moreover play role by providing access. libraries uphold principles As bastions of freedom. role remains In increasingly digital world. Libraries serve as educational institutions. Libraries also serve as institutions. Libraries attend events. Libraries participate in activities. Libraries serving as repositories. Libraries serve as gathering spaces. Libraries serving as valuable repositories. Libraries serve as community hubs. Libraries serve as cultural institutions. Libraries serve as vital institutions. Libraries participate in cultural activities. Libraries serve as spaces. Libraries serve as vital educational institutions. Libraries serving as repositories of knowledge. Libraries serving as valuable repositories of knowledge. many libraries now offer collections making. collections many libraries online resources. digital collections libraries resources. digital collections libraries online resources. collections libraries resources. many libraries now offer collections In physical resources. many libraries offer digital collections. resources libraries support. many libraries now offer digital collections making. many libraries offer collections. many libraries now offer collections In resources. valuable resources libraries support. their literacy skills participate in digital economy. their literacy skills participate in economy.",
    "evaluation": 1
  },
  {
    "correct_answer": "Libraries bridge the digital divide by providing access to technology.",
    "retrieved_context": "",
    "evaluation": 0
  },
  {
    "correct_answer": "Libraries serve as community hubs for digital literacy skills.",
    "retrieved_context": "their digital literacy skills participate in economy. their digital literacy skills participate in digital economy. their literacy skills participate in digital economy. their literacy skills participate in economy.",
    "evaluation": 0
  },
  {
    "correct_answer": "Libraries foster a sense of community and social connection.",
    "retrieved_context": "libraries now offer digital collections making. libraries play role In conclusion. libraries provide resources From early literacy programs for children to adult education classes. individuals reach their potential. resources libraries support. libraries cater to interests. valuable services libraries support. lives fostering sense of community. collections libraries resources. libraries Moreover play role by access to diverse range of viewpoints. libraries help By literacy. libraries provide resources. libraries uphold principles of freedom. role remains In digital world. individuals can come together engage. libraries cater to varied interests. digital collections libraries online resources. libraries help By promoting literacy. libraries help By collecting books. individuals can come to engage in discussions. libraries play multifaceted role. libraries contribute to fabric. libraries offering educational programs. libraries play role in promoting freedom. role remains In world. libraries play role by providing access to diverse range of viewpoints. libraries play role by access to range. libraries play role in promoting intellectual freedom. libraries Moreover play vital role. libraries provide resources From early literacy programs. libraries play role in society. individuals have right. libraries safeguard our memory. individuals can come together to engage. individuals engage in discourse. libraries cater to interests of their patrons. valuable resources libraries support. libraries play role by providing access to range. libraries uphold principles of freedom ensuring. libraries play crucial role. libraries provide resources From literacy programs for children to adult education classes. libraries provide resources From literacy programs for children. services libraries support. libraries help By books. libraries provide resources From early literacy programs for children to education classes. individuals can come together engage in discussions. libraries lives of individuals. libraries play role In access to resources. libraries provide resources From literacy programs. libraries uphold principles. libraries safeguard our collective memory. libraries offer collections In physical resources. individuals engage in democratic discourse. libraries provide services. libraries provide services As repositories. libraries play role by access to range of viewpoints. collections many libraries online resources. libraries uphold principles As bastions. libraries uphold principles of intellectual freedom. libraries play role. libraries contribute to social fabric. role remains important. individuals explore their cultural identity. libraries Furthermore play key role. libraries play role by access to diverse range. libraries enrich lives. libraries cater to varied interests of their patrons. libraries contribute to social fabric of society. digital collections libraries resources. libraries offer collections making. libraries play role by access. individuals explore their identity. libraries play role In providing access to resources. individuals reach their full potential. individuals engage in discussions. libraries play role by providing access to diverse range. role is in society. libraries provide resources From early literacy programs for children. libraries provide valuable resources. libraries play role in intellectual freedom. libraries play role by providing access to range of viewpoints. individuals can access computers. libraries contribute to fabric of society. libraries uphold principles As bastions of intellectual freedom. libraries provide resources From literacy programs for children to education classes. lives fostering sense. libraries uphold principles of intellectual freedom ensuring. libraries offering programs. libraries provide services As repositories of information. libraries provide valuable services. libraries now offer collections. libraries Moreover play role in freedom. role remains crucial. libraries enrich lives of individuals. libraries offer digital collections. libraries Moreover play role by providing access. libraries uphold principles As bastions of freedom. role remains In increasingly digital world. Libraries serve as educational institutions. Libraries also serve as institutions. Libraries attend events. Libraries participate in activities. Libraries serving as repositories. Libraries serve as gathering spaces. Libraries serving as valuable repositories. Libraries serve as community hubs. Libraries serve as cultural institutions. Libraries serve as vital institutions. Libraries participate in cultural activities. Libraries serve as spaces. Libraries serve as vital educational institutions. Libraries serving as repositories of knowledge. Libraries serving as valuable repositories of knowledge. many libraries now offer collections making. collections many libraries online resources. digital collections libraries resources. digital collections libraries online resources. collections libraries resources. many libraries now offer collections In physical resources. many libraries offer digital collections. resources libraries support. many libraries now offer digital collections making. many libraries offer collections. many libraries now offer collections In resources.",
    "evaluation": 1
  },
  {
    "correct_answer": "Libraries preserve and promote cultural heritage.",
    "retrieved_context": "cultural artifacts help By books. cultural artifacts help By collecting books. other cultural artifacts help By collecting books. other cultural artifacts help By books. libraries now offer digital collections making. libraries play role In conclusion. libraries provide resources From early literacy programs for children to adult education classes. individuals reach their potential. resources libraries support. libraries cater to interests. valuable services libraries support. lives fostering sense of community. collections libraries resources. libraries Moreover play role by access to diverse range of viewpoints. libraries help By literacy. libraries provide resources. libraries uphold principles of freedom. role remains In digital world. individuals can come together engage. libraries cater to varied interests. digital collections libraries online resources. libraries help By promoting literacy. libraries help By collecting books. individuals can come to engage in discussions. libraries play multifaceted role. libraries contribute to fabric. libraries offering educational programs. libraries play role in promoting freedom. role remains In world. libraries play role by providing access to diverse range of viewpoints. libraries play role by access to range. libraries play role in promoting intellectual freedom. libraries Moreover play vital role. libraries provide resources From early literacy programs. libraries play role in society. individuals have right. libraries safeguard our memory. individuals can come together to engage. individuals engage in discourse. libraries cater to interests of their patrons. valuable resources libraries support. libraries play role by providing access to range. libraries uphold principles of freedom ensuring. libraries play crucial role. libraries provide resources From literacy programs for children to adult education classes. libraries provide resources From literacy programs for children. services libraries support. libraries help By books. libraries provide resources From early literacy programs for children to education classes. individuals can come together engage in discussions. libraries lives of individuals. libraries play role In access to resources. libraries provide resources From literacy programs. libraries uphold principles. libraries safeguard our collective memory. libraries offer collections In physical resources. individuals engage in democratic discourse. libraries provide services. libraries provide services As repositories. libraries play role by access to range of viewpoints. collections many libraries online resources. libraries uphold principles As bastions. libraries uphold principles of intellectual freedom. libraries play role. libraries contribute to social fabric. role remains important. individuals explore their cultural identity. libraries Furthermore play key role. libraries play role by access to diverse range. libraries enrich lives. libraries cater to varied interests of their patrons. libraries contribute to social fabric of society. digital collections libraries resources. libraries offer collections making. libraries play role by access. individuals explore their identity. libraries play role In providing access to resources. individuals reach their full potential. individuals engage in discussions. libraries play role by providing access to diverse range. role is in society. libraries provide resources From early literacy programs for children. libraries provide valuable resources. libraries play role in intellectual freedom. libraries play role by providing access to range of viewpoints. individuals can access computers. libraries contribute to fabric of society. libraries uphold principles As bastions of intellectual freedom. libraries provide resources From literacy programs for children to education classes. lives fostering sense. libraries uphold principles of intellectual freedom ensuring. libraries offering programs. libraries provide services As repositories of information. libraries provide valuable services. libraries now offer collections. libraries Moreover play role in freedom. role remains crucial. libraries enrich lives of individuals. libraries offer digital collections. libraries Moreover play role by providing access. libraries uphold principles As bastions of freedom. role remains In increasingly digital world. Libraries serve as educational institutions. Libraries also serve as institutions. Libraries attend events. Libraries participate in activities. Libraries serving as repositories. Libraries serve as gathering spaces. Libraries serving as valuable repositories. Libraries serve as community hubs. Libraries serve as cultural institutions. Libraries serve as vital institutions. Libraries participate in cultural activities. Libraries serve as spaces. Libraries serve as vital educational institutions. Libraries serving as repositories of knowledge. Libraries serving as valuable repositories of knowledge. many libraries now offer collections making. collections many libraries online resources. digital collections libraries resources. digital collections libraries online resources. collections libraries resources. many libraries now offer collections In physical resources. many libraries offer digital collections. resources libraries support. many libraries now offer digital collections making. many libraries offer collections. many libraries now offer collections In resources. archives help By books. archives help By collecting books.",
    "evaluation": 1
  },
  {
    "correct_answer": "Libraries promote intellectual freedom and democracy.",
    "retrieved_context": "libraries now offer digital collections making. libraries play role In conclusion. libraries provide resources From early literacy programs for children to adult education classes. individuals reach their potential. resources libraries support. libraries cater to interests. valuable services libraries support. lives fostering sense of community. collections libraries resources. libraries Moreover play role by access to diverse range of viewpoints. libraries help By literacy. libraries provide resources. libraries uphold principles of freedom. role remains In digital world. individuals can come together engage. libraries cater to varied interests. digital collections libraries online resources. libraries help By promoting literacy. libraries help By collecting books. individuals can come to engage in discussions. libraries play multifaceted role. libraries contribute to fabric. libraries offering educational programs. libraries play role in promoting freedom. role remains In world. libraries play role by providing access to diverse range of viewpoints. libraries play role by access to range. libraries play role in promoting intellectual freedom. libraries Moreover play vital role. libraries provide resources From early literacy programs. libraries play role in society. individuals have right. libraries safeguard our memory. individuals can come together to engage. individuals engage in discourse. libraries cater to interests of their patrons. valuable resources libraries support. libraries play role by providing access to range. libraries uphold principles of freedom ensuring. libraries play crucial role. libraries provide resources From literacy programs for children to adult education classes. libraries provide resources From literacy programs for children. services libraries support. libraries help By books. libraries provide resources From early literacy programs for children to education classes. individuals can come together engage in discussions. libraries lives of individuals. libraries play role In access to resources. libraries provide resources From literacy programs. libraries uphold principles. libraries safeguard our collective memory. libraries offer collections In physical resources. individuals engage in democratic discourse. libraries provide services. libraries provide services As repositories. libraries play role by access to range of viewpoints. collections many libraries online resources. libraries uphold principles As bastions. libraries uphold principles of intellectual freedom. libraries play role. libraries contribute to social fabric. role remains important. individuals explore their cultural identity. libraries Furthermore play key role. libraries play role by access to diverse range. libraries enrich lives. libraries cater to varied interests of their patrons. libraries contribute to social fabric of society. digital collections libraries resources. libraries offer collections making. libraries play role by access. individuals explore their identity. libraries play role In providing access to resources. individuals reach their full potential. individuals engage in discussions. libraries play role by providing access to diverse range. role is in society. libraries provide resources From early literacy programs for children. libraries provide valuable resources. libraries play role in intellectual freedom. libraries play role by providing access to range of viewpoints. individuals can access computers. libraries contribute to fabric of society. libraries uphold principles As bastions of intellectual freedom. libraries provide resources From literacy programs for children to education classes. lives fostering sense. libraries uphold principles of intellectual freedom ensuring. libraries offering programs. libraries provide services As repositories of information. libraries provide valuable services. libraries now offer collections. libraries Moreover play role in freedom. role remains crucial. libraries enrich lives of individuals. libraries offer digital collections. libraries Moreover play role by providing access. libraries uphold principles As bastions of freedom. role remains In increasingly digital world. Libraries serve as educational institutions. Libraries also serve as institutions. Libraries attend events. Libraries participate in activities. Libraries serving as repositories. Libraries serve as gathering spaces. Libraries serving as valuable repositories. Libraries serve as community hubs. Libraries serve as cultural institutions. Libraries serve as vital institutions. Libraries participate in cultural activities. Libraries serve as spaces. Libraries serve as vital educational institutions. Libraries serving as repositories of knowledge. Libraries serving as valuable repositories of knowledge. many libraries now offer collections making. collections many libraries online resources. digital collections libraries resources. digital collections libraries online resources. collections libraries resources. many libraries now offer collections In physical resources. many libraries offer digital collections. resources libraries support. many libraries now offer digital collections making. many libraries offer collections. many libraries now offer collections In resources.",
    "evaluation": 1
  },
  {
    "correct_answer": "Libraries uphold principles of intellectual freedom, censorship, and privacy.",
    "retrieved_context": "libraries now offer digital collections making. libraries play role In conclusion. libraries provide resources From early literacy programs for children to adult education classes. individuals reach their potential. resources libraries support. libraries cater to interests. valuable services libraries support. lives fostering sense of community. collections libraries resources. libraries Moreover play role by access to diverse range of viewpoints. libraries help By literacy. libraries provide resources. libraries uphold principles of freedom. role remains In digital world. individuals can come together engage. libraries cater to varied interests. digital collections libraries online resources. libraries help By promoting literacy. libraries help By collecting books. individuals can come to engage in discussions. libraries play multifaceted role. libraries contribute to fabric. libraries offering educational programs. libraries play role in promoting freedom. role remains In world. libraries play role by providing access to diverse range of viewpoints. libraries play role by access to range. libraries play role in promoting intellectual freedom. libraries Moreover play vital role. libraries provide resources From early literacy programs. libraries play role in society. individuals have right. libraries safeguard our memory. individuals can come together to engage. individuals engage in discourse. libraries cater to interests of their patrons. valuable resources libraries support. libraries play role by providing access to range. libraries uphold principles of freedom ensuring. libraries play crucial role. libraries provide resources From literacy programs for children to adult education classes. libraries provide resources From literacy programs for children. services libraries support. libraries help By books. libraries provide resources From early literacy programs for children to education classes. individuals can come together engage in discussions. libraries lives of individuals. libraries play role In access to resources. libraries provide resources From literacy programs. libraries uphold principles. libraries safeguard our collective memory. libraries offer collections In physical resources. individuals engage in democratic discourse. libraries provide services. libraries provide services As repositories. libraries play role by access to range of viewpoints. collections many libraries online resources. libraries uphold principles As bastions. libraries uphold principles of intellectual freedom. libraries play role. libraries contribute to social fabric. role remains important. individuals explore their cultural identity. libraries Furthermore play key role. libraries play role by access to diverse range. libraries enrich lives. libraries cater to varied interests of their patrons. libraries contribute to social fabric of society. digital collections libraries resources. libraries offer collections making. libraries play role by access. individuals explore their identity. libraries play role In providing access to resources. individuals reach their full potential. individuals engage in discussions. libraries play role by providing access to diverse range. role is in society. libraries provide resources From early literacy programs for children. libraries provide valuable resources. libraries play role in intellectual freedom. libraries play role by providing access to range of viewpoints. individuals can access computers. libraries contribute to fabric of society. libraries uphold principles As bastions of intellectual freedom. libraries provide resources From literacy programs for children to education classes. lives fostering sense. libraries uphold principles of intellectual freedom ensuring. libraries offering programs. libraries provide services As repositories of information. libraries provide valuable services. libraries now offer collections. libraries Moreover play role in freedom. role remains crucial. libraries enrich lives of individuals. libraries offer digital collections. libraries Moreover play role by providing access. libraries uphold principles As bastions of freedom. role remains In increasingly digital world. Libraries serve as educational institutions. Libraries also serve as institutions. Libraries attend events. Libraries participate in activities. Libraries serving as repositories. Libraries serve as gathering spaces. Libraries serving as valuable repositories. Libraries serve as community hubs. Libraries serve as cultural institutions. Libraries serve as vital institutions. Libraries participate in cultural activities. Libraries serve as spaces. Libraries serve as vital educational institutions. Libraries serving as repositories of knowledge. Libraries serving as valuable repositories of knowledge.",
    "evaluation": 0
  },
  {
    "correct_answer": "Libraries empower individuals to engage in democratic discourse.",
    "retrieved_context": "libraries now offer digital collections making. libraries play role In conclusion. libraries provide resources From early literacy programs for children to adult education classes. individuals reach their potential. resources libraries support. libraries cater to interests. valuable services libraries support. lives fostering sense of community. collections libraries resources. libraries Moreover play role by access to diverse range of viewpoints. libraries help By literacy. libraries provide resources. libraries uphold principles of freedom. role remains In digital world. individuals can come together engage. libraries cater to varied interests. digital collections libraries online resources. libraries help By promoting literacy. libraries help By collecting books. individuals can come to engage in discussions. libraries play multifaceted role. libraries contribute to fabric. libraries offering educational programs. libraries play role in promoting freedom. role remains In world. libraries play role by providing access to diverse range of viewpoints. libraries play role by access to range. libraries play role in promoting intellectual freedom. libraries Moreover play vital role. libraries provide resources From early literacy programs. libraries play role in society. individuals have right. libraries safeguard our memory. individuals can come together to engage. individuals engage in discourse. libraries cater to interests of their patrons. valuable resources libraries support. libraries play role by providing access to range. libraries uphold principles of freedom ensuring. libraries play crucial role. libraries provide resources From literacy programs for children to adult education classes. libraries provide resources From literacy programs for children. services libraries support. libraries help By books. libraries provide resources From early literacy programs for children to education classes. individuals can come together engage in discussions. libraries lives of individuals. libraries play role In access to resources. libraries provide resources From literacy programs. libraries uphold principles. libraries safeguard our collective memory. libraries offer collections In physical resources. individuals engage in democratic discourse. libraries provide services. libraries provide services As repositories. libraries play role by access to range of viewpoints. collections many libraries online resources. libraries uphold principles As bastions. libraries uphold principles of intellectual freedom. libraries play role. libraries contribute to social fabric. role remains important. individuals explore their cultural identity. libraries Furthermore play key role. libraries play role by access to diverse range. libraries enrich lives. libraries cater to varied interests of their patrons. libraries contribute to social fabric of society. digital collections libraries resources. libraries offer collections making. libraries play role by access. individuals explore their identity. libraries play role In providing access to resources. individuals reach their full potential. individuals engage in discussions. libraries play role by providing access to diverse range. role is in society. libraries provide resources From early literacy programs for children. libraries provide valuable resources. libraries play role in intellectual freedom. libraries play role by providing access to range of viewpoints. individuals can access computers. libraries contribute to fabric of society. libraries uphold principles As bastions of intellectual freedom. libraries provide resources From literacy programs for children to education classes. lives fostering sense. libraries uphold principles of intellectual freedom ensuring. libraries offering programs. libraries provide services As repositories of information. libraries provide valuable services. libraries now offer collections. libraries Moreover play role in freedom. role remains crucial. libraries enrich lives of individuals. libraries offer digital collections. libraries Moreover play role by providing access. libraries uphold principles As bastions of freedom. role remains In increasingly digital world. Libraries serve as educational institutions. Libraries also serve as institutions. Libraries attend events. Libraries participate in activities. Libraries serving as repositories. Libraries serve as gathering spaces. Libraries serving as valuable repositories. Libraries serve as community hubs. Libraries serve as cultural institutions. Libraries serve as vital institutions. Libraries participate in cultural activities. Libraries serve as spaces. Libraries serve as vital educational institutions. Libraries serving as repositories of knowledge. Libraries serving as valuable repositories of knowledge. many libraries now offer collections making. collections many libraries online resources. digital collections libraries resources. digital collections libraries online resources. collections libraries resources. many libraries now offer collections In physical resources. many libraries offer digital collections. resources libraries support. many libraries now offer digital collections making. many libraries offer collections. many libraries now offer collections In resources.",
    "evaluation": 1
  },
  {
    "accuracy": "66.67%"
  }
]