[
  {
    "correct_answer": "Fairytales are a beloved form of storytelling for centuries.",
    "retrieved_context": "Fairytales been beloved storytelling. fairytales well known collections of is Brothers Grimm 's Grimm 's Fairy Tales. famous fairytale is with ancient origins.",
    "evaluation": 0
  },
  {
    "correct_answer": "Fairytales often feature fantastical creatures.",
    "retrieved_context": "fantastical creatures tales moral lessons. fantastical creatures tales protagonists. fantastical creatures tales heroic protagonists. fantastical creatures tales lessons. Fairytales been beloved storytelling. fairytales well known collections of is Brothers Grimm 's Grimm 's Fairy Tales. famous fairytale is with ancient origins.",
    "evaluation": 1
  },
  {
    "correct_answer": "Fairytales often feature heroic protagonists.",
    "retrieved_context": "famous fairytale is with ancient origins. Fairytales been beloved storytelling. fairytales well known collections of is Brothers Grimm 's Grimm 's Fairy Tales.",
    "evaluation": 0
  },
  {
    "correct_answer": "Fairytales often feature moral lessons.",
    "retrieved_context": "Fairytales been beloved storytelling. fairytales well known collections of is Brothers Grimm 's Grimm 's Fairy Tales. famous fairytale is with ancient origins.",
    "evaluation": 0
  },
  {
    "correct_answer": "The Brothers Grimm collected and published 'Grimm's Fairy Tales' in the early 19th century.",
    "retrieved_context": "",
    "evaluation": 0
  },
  {
    "correct_answer": "The Brothers Grimm gathered stories from peasants and villagers.",
    "retrieved_context": "Brothers Grimm has Fairy Tales.",
    "evaluation": 0
  },
  {
    "correct_answer": "The earliest known version of Cinderella can be traced back to ancient Greece.",
    "retrieved_context": "tale collected by Brothers Grimm. Cinderella is tale.",
    "evaluation": 0
  },
  {
    "correct_answer": "Charles Perrault published a version of Cinderella in 1697.",
    "retrieved_context": "Perrault 's version introduced iconic elements. Perrault 's version introduced elements. tale collected by Brothers Grimm. Cinderella is tale. version can can found. version can can traced back to Greece. version can can traced back. version can can traced. Perrault has version. version can can traced back to ancient Greece. version can can found in works of Roman poet. version can can found in works. version can can found in works of poet.",
    "evaluation": 0
  },
  {
    "correct_answer": "The story of Snow White can be found in folklore from various cultures.",
    "retrieved_context": "",
    "evaluation": 0
  },
  {
    "correct_answer": "The most well-known version of Snow White was collected by the Brothers Grimm.",
    "retrieved_context": "Brothers Grimm has Fairy Tales.",
    "evaluation": 0
  },
  {
    "correct_answer": "Hansel and Gretel is a classic fairytale collected by the Brothers Grimm.",
    "retrieved_context": "",
    "evaluation": 0
  },
  {
    "correct_answer": "The story of Hansel and Gretel is believed to have originated from European folklore.",
    "retrieved_context": "",
    "evaluation": 0
  },
  {
    "correct_answer": "The origins of Beauty and the Beast can be traced back to ancient myths.",
    "retrieved_context": "",
    "evaluation": 0
  },
  {
    "correct_answer": "The earliest known version of Beauty and the Beast can be found in the works of the Roman poet Ovid.",
    "retrieved_context": "earliest known version can can traced back to Greece. earliest known version can can found in works. earliest known version can can traced back. earliest known version can can found. earliest known version can can found in works of Roman poet. earliest known version can can traced. earliest known version can can traced back to ancient Greece. earliest known version can can found in works of poet. earliest version can can found in works of poet. earliest version can can traced back to Greece. earliest version can can traced back to ancient Greece. earliest version can can traced. earliest version can can found. earliest version can can found in works of Roman poet. earliest version can can traced back. earliest version can can found in works.",
    "evaluation": 0
  },
  {
    "correct_answer": "Beauty and the Beast explores the theme of love and transformation.",
    "retrieved_context": "",
    "evaluation": 0
  },
  {
    "accuracy": "6.67%"
  }
]