[
  {
    "correct_answer": "Bees are crucial pollinators in agriculture.",
    "retrieved_context": "Bees are highly effective pollinators. Bees are pollinators. Bees are effective pollinators due their foraging behavior. Bees are effective pollinators. Bees are pollinators due their behavior. Bees is in Agriculture Bees. bees are responsible for one third grown worldwide. bees are Furthermore essential. bees collect nectar. bees are responsible for one third. bees Furthermore are essential for survival of other wildlife species. role is in agriculture. bees are responsible for pollinating one third of food crops grown worldwide. bees are responsible for pollinating one third grown worldwide. bees are responsible for pollinating one third of food crops. bees are responsible for one third of food crops. role Role of Bees in Agriculture Bees. bees play role in agriculture contributing to success. bees play role in agriculture as pollinators. bees are essential for survival. bees play role in agriculture contributing to success of crop production. bees are responsible. bees play vital role. bees maintain biodiversity. bees play role In conclusion. role Role of Bees. bees play role in agriculture contributing. bees functions of is pollination. bees are responsible for one third of food crops grown worldwide. bees collect nectar from flowers. bees are responsible for one third grown. bees play role in agriculture as pollinators contributing to success. bees are essential. bees play role in agriculture as pollinators contributing to success of crop production. bees is in agriculture. bees play role in agriculture as pollinators contributing. bees play role. bees are responsible for one third of food crops grown. bees are responsible for pollinating one third. bees are responsible for pollinating one third of food crops grown. nectar bees pollen. bees are responsible for pollinating one third grown. bees are essential for survival of wildlife species. bees also play role In crop pollination.",
    "evaluation": 1
  },
  {
    "correct_answer": "Bees contribute significantly to crop production.",
    "retrieved_context": "",
    "evaluation": 0
  },
  {
    "correct_answer": "Bees are responsible for pollinating fruits, vegetables, and nuts.",
    "retrieved_context": "Bees are highly effective pollinators. Bees are pollinators. Bees are effective pollinators due their foraging behavior. Bees are effective pollinators. Bees are pollinators due their behavior. Bees is in Agriculture Bees. bees are responsible for one third grown worldwide. bees are Furthermore essential. bees collect nectar. bees are responsible for one third. bees Furthermore are essential for survival of other wildlife species. role is in agriculture. bees are responsible for pollinating one third of food crops grown worldwide. bees are responsible for pollinating one third grown worldwide. bees are responsible for pollinating one third of food crops. bees are responsible for one third of food crops. role Role of Bees in Agriculture Bees. bees play role in agriculture contributing to success. bees play role in agriculture as pollinators. bees are essential for survival. bees play role in agriculture contributing to success of crop production. bees are responsible. bees play vital role. bees maintain biodiversity. bees play role In conclusion. role Role of Bees. bees play role in agriculture contributing. bees functions of is pollination. bees are responsible for one third of food crops grown worldwide. bees collect nectar from flowers. bees are responsible for one third grown. bees play role in agriculture as pollinators contributing to success. bees are essential. bees play role in agriculture as pollinators contributing to success of crop production. bees is in agriculture. bees play role in agriculture as pollinators contributing. bees play role. bees are responsible for one third of food crops grown. bees are responsible for pollinating one third. bees are responsible for pollinating one third of food crops grown. nectar bees pollen. bees are responsible for pollinating one third grown. bees are essential for survival of wildlife species. bees also play role In crop pollination. bee habitats promote farming practices. bee habitats promote sustainable farming practices. bee habitats reduce pesticide use.",
    "evaluation": 0
  },
  {
    "correct_answer": "Pollination is a primary function of bees in agriculture.",
    "retrieved_context": "Pollination is process transferred from male organs to female reproductive organs leading. Pollination is process transferred from organs to female organs leading to fertilization. Pollination is process transferred from male organs to reproductive organs leading to fertilization. Pollination is process transferred from reproductive organs of flower to female reproductive organs leading to fertilization. Pollination is process transferred from male reproductive organs to female organs leading to fertilization. Pollination is process transferred from male reproductive organs of flower to female organs leading. Pollination is process transferred from male organs to female reproductive organs leading to fertilization. Pollination is process transferred from organs to female reproductive organs. Pollination is process transferred from reproductive organs of flower. Pollination is process transferred from male reproductive organs to female organs leading. Pollination is process transferred from male organs to female reproductive organs. Pollination is process transferred from male organs to reproductive organs. Pollination is process transferred from male organs of flower to reproductive organs. Pollination is process transferred from male reproductive organs of flower to reproductive organs leading. Pollination is process transferred from male organs to reproductive organs leading. Pollination is process transferred from male organs of flower to female reproductive organs. Pollination is process transferred from reproductive organs to female organs leading to fertilization. Pollination is process transferred from organs of flower to female reproductive organs leading to fertilization. Pollination is process transferred from male organs of flower to organs leading to fertilization. Pollination is process transferred from male reproductive organs to organs. Pollination is process transferred from male reproductive organs of flower to organs. Pollination is process transferred from reproductive organs of flower to female organs leading to fertilization. Pollination is process transferred from organs to female reproductive organs leading. Pollination is process transferred from male organs of flower to female organs. Pollination is process transferred from male organs of flower to organs. Pollination is process transferred from male reproductive organs of flower to female reproductive organs. Pollination is process transferred from male reproductive organs to organs leading. Pollination is process transferred from male organs to organs leading. Pollination is process transferred from reproductive organs of flower to female organs. Pollination is process transferred from male reproductive organs of flower. Pollination is process transferred from male reproductive organs to reproductive organs leading. Pollination is process transferred to organs leading. Pollination is process transferred from male reproductive organs of flower to reproductive organs leading to fertilization. Pollination is process transferred from reproductive organs of flower to reproductive organs leading. Pollination is process transferred from male organs to female organs leading to fertilization. Pollination is process transferred to reproductive organs leading to fertilization. Pollination is process transferred from reproductive organs of flower to organs leading. Pollination is process transferred from organs of flower to reproductive organs leading. Pollination is process transferred from male reproductive organs of flower to female reproductive organs leading. Pollination is process transferred from organs of flower to female organs. Pollination is process transferred from organs of flower. Pollination is process transferred from reproductive organs to female reproductive organs leading to fertilization. Pollination is process transferred from reproductive organs to female reproductive organs. Pollination is process transferred from organs of flower to reproductive organs leading to fertilization. Pollination is process transferred from male organs to female organs leading. Pollination is process transferred from male reproductive organs to female reproductive organs leading to fertilization. Pollination is process. Pollination is process transferred from male organs of flower. Pollination is process transferred to organs. Pollination is process transferred from male reproductive organs of flower to female reproductive organs leading to fertilization. Pollination is process transferred from male organs of flower to reproductive organs leading. Pollination is process transferred from male organs of flower to female organs leading to fertilization. Pollination is process transferred from male organs of flower to female reproductive organs leading. Pollination is process transferred from organs of flower to female organs leading to fertilization. Pollination is process transferred from organs to female organs. Pollination is process transferred to organs leading to fertilization. Pollination is process transferred from reproductive organs to organs leading. Pollination is process transferred from male reproductive organs to female reproductive organs leading. Pollination is process transferred from reproductive organs to female organs. Pollination is process transferred to female reproductive organs leading. Pollination is process transferred from male reproductive organs to organs leading to fertilization. Pollination is process transferred to reproductive organs leading. Pollination is process transferred from male reproductive organs of flower to reproductive organs. Pollination is process transferred from male reproductive organs to reproductive organs. Pollination is process transferred from reproductive organs to reproductive organs leading. Pollination is process transferred from male reproductive organs of flower to female organs leading to fertilization. Pollination is process transferred from reproductive organs of flower to female reproductive organs leading. Pollination is process transferred from reproductive organs. Pollination is process transferred to female reproductive organs leading to fertilization. Pollination is process transferred to female organs leading to fertilization. Pollination is process transferred from organs to organs leading to fertilization. Pollination is process transferred from organs to organs. Pollination is process transferred to reproductive organs. Pollination is process transferred to female organs leading. Pollination is process transferred from male reproductive organs to female reproductive organs. Pollination is process transferred to female reproductive organs. Pollination is process transferred from organs to organs leading. Pollination is process transferred from organs to reproductive organs. Pollination is process transferred from male reproductive organs of flower to organs leading to fertilization. Pollination is process transferred from male organs to organs leading to fertilization. Pollination is process transferred. Pollination is process transferred from organs to female organs leading. Pollination is process transferred from male reproductive organs to female organs. Pollination is process transferred from organs to reproductive organs leading to fertilization. Pollination is process transferred from organs of flower to organs leading to fertilization. Pollination is process transferred from male organs of flower to organs leading. Pollination is process transferred from organs to female reproductive organs leading to fertilization. Pollination is process transferred from reproductive organs of flower to female organs leading. Pollination is process transferred from reproductive organs of flower to organs. Pollination is process transferred from organs to reproductive organs leading. Pollination is process transferred from reproductive organs to reproductive organs. Pollination is process transferred from male reproductive organs. Pollination is process transferred from organs of flower to organs leading. Pollination is process transferred from reproductive organs of flower to reproductive organs leading to fertilization. Pollination is process transferred from organs. Pollination is process transferred from reproductive organs to organs leading to fertilization. Pollination is process transferred from reproductive organs of flower to organs leading to fertilization. Pollination is process transferred from male organs of flower to female organs leading. Pollination is process transferred from reproductive organs to female organs leading. Pollination is process transferred from organs of flower to female reproductive organs. Pollination is process transferred from reproductive organs to organs. Pollination is process transferred from male reproductive organs of flower to organs leading. Pollination is process transferred to female organs. Pollination is process transferred from organs of flower to female reproductive organs leading. Pollination is process transferred from male organs. Pollination is process transferred from organs of flower to female organs leading. Pollination is process transferred from male organs to female organs. Pollination is process transferred from reproductive organs of flower to reproductive organs. Pollination is process transferred from male reproductive organs to reproductive organs leading to fertilization. Pollination is process transferred from male reproductive organs of flower to female organs. Pollination is process transferred from male organs of flower to reproductive organs leading to fertilization. Pollination is process transferred from organs of flower to reproductive organs. Pollination is process transferred from reproductive organs to reproductive organs leading to fertilization. Pollination is process transferred from male organs of flower to female reproductive organs leading to fertilization. Pollination is process transferred from male organs to organs. Pollination is process transferred from reproductive organs of flower to female reproductive organs. Pollination is process transferred from reproductive organs to female reproductive organs leading. Pollination is process transferred from organs of flower to organs. Bees are highly effective pollinators. Bees are pollinators. Bees are effective pollinators due their foraging behavior. Bees are effective pollinators. Bees are pollinators due their behavior. Bees is in Agriculture Bees.",
    "evaluation": 1
  },
  {
    "correct_answer": "Bees facilitate cross-pollination and increase genetic diversity.",
    "retrieved_context": "",
    "evaluation": 0
  },
  {
    "correct_answer": "Crops like almonds, apples, cherries, and blueberries depend on bees for pollination.",
    "retrieved_context": "",
    "evaluation": 0
  },
  {
    "correct_answer": "Bees are estimated to pollinate one-third of food crops worldwide.",
    "retrieved_context": "Bees are highly effective pollinators. Bees are pollinators. Bees are effective pollinators due their foraging behavior. Bees are effective pollinators. Bees are pollinators due their behavior. Bees is in Agriculture Bees.",
    "evaluation": 0
  },
  {
    "correct_answer": "Bee pollination services have immense economic value.",
    "retrieved_context": "bee habitats promote farming practices. bee habitats promote sustainable farming practices. bee habitats reduce pesticide use.",
    "evaluation": 0
  },
  {
    "correct_answer": "Bees help maintain biodiversity and ecosystem stability.",
    "retrieved_context": "bee habitats promote farming practices. bee habitats promote sustainable farming practices. bee habitats reduce pesticide use.",
    "evaluation": 0
  },
  {
    "correct_answer": "The decline of bee populations poses a threat to food security.",
    "retrieved_context": "",
    "evaluation": 0
  },
  {
    "correct_answer": "Factors contributing to bee decline include habitat loss, pesticide use, and climate change.",
    "retrieved_context": "bee habitats promote farming practices. bee habitats promote sustainable farming practices. bee habitats reduce pesticide use.",
    "evaluation": 0
  },
  {
    "correct_answer": "Conservation efforts are needed to protect and restore bee habitats.",
    "retrieved_context": "bee habitats promote farming practices. bee habitats promote sustainable farming practices. bee habitats reduce pesticide use.",
    "evaluation": 0
  },
  {
    "correct_answer": "Farmers can support bee populations by planting bee-friendly flowers.",
    "retrieved_context": "bee habitats promote farming practices. bee habitats promote sustainable farming practices. bee habitats reduce pesticide use.",
    "evaluation": 0
  },
  {
    "correct_answer": "Governments can promote bee conservation through legislation and incentives.",
    "retrieved_context": "bee habitats promote farming practices. bee habitats promote sustainable farming practices. bee habitats reduce pesticide use.",
    "evaluation": 0
  },
  {
    "correct_answer": "Recognizing the importance of bees in agriculture is crucial for a sustainable future.",
    "retrieved_context": "Bees are highly effective pollinators. Bees are pollinators. Bees are effective pollinators due their foraging behavior. Bees are effective pollinators. Bees are pollinators due their behavior. Bees is in Agriculture Bees.",
    "evaluation": 0
  },
  {
    "accuracy": "13.33%"
  }
]