[
  {
    "correct_answer": "People collect items like stamps, coins, or vintage memorabilia.",
    "retrieved_context": "individuals must consider factors. individuals feel to past. individuals items such stamps. individuals building their collections. Collecting items allows individuals. individuals finding joy objects. individuals must consider ensure. individuals feel sense of nostalgia. individuals feel sense. individuals must consider to ensure. individuals express their identity. individuals connect with their past. individuals must consider factors. individuals feel to past. individuals items such stamps. collecting things can also serve for individuals. collecting things serves for Whether nostalgia. individuals building their collections. collecting things serves as pursuit for many individuals. individuals finding joy objects. individuals must consider ensure. collecting things serves as meaningful pursuit for many individuals. collecting things serves for nostalgia. collecting things serves as pursuit for individuals. individuals feel sense of nostalgia. individuals feel sense. individuals must consider to ensure. individuals express their identity. collecting things serves as meaningful pursuit for individuals. individuals connect with their past. sense provide source of motivation. sense is in their lives. sense provide source individuals continue. sense provide source individuals to continue. sense Completing collection. sense provide source for individuals continue. sense provide source. sense pursuit of collecting. sense can boost self esteem. sense provide source for individuals to continue. collectors often derive sense. collectors often derive sense of pride. Collectors may view their collections. Collecting can provide individuals with sense. sense can boost self esteem. sense provide source for individuals to continue. sense is in their lives. Collecting can provide individuals with sense of order in their lives. sense provide source. individuals building their collections. individuals feel sense of nostalgia. individuals feel sense. sense Completing collection. individuals express their identity. individuals must consider factors. sense provide source individuals continue. Collecting can provide individuals with sense of order. individuals must consider ensure. Collecting can provide individuals. Collecting can provide individuals with sense in their lives. individuals must consider to ensure. individuals connect with their past. individuals feel to past. individuals items such stamps. sense provide source of motivation. Collecting can provide individuals with sense of adventure. sense provide source individuals to continue. individuals finding joy objects. sense provide source for individuals continue. sense pursuit of collecting.",
    "evaluation": 0
  },
  {
    "correct_answer": "Collecting can be a reflection of human nature.",
    "retrieved_context": "individuals must consider factors. individuals feel to past. individuals items such stamps. collecting things can also serve for individuals. collecting things serves for Whether nostalgia. individuals building their collections. collecting things serves as pursuit for many individuals. individuals finding joy objects. individuals must consider ensure. collecting things serves as meaningful pursuit for many individuals. collecting things serves for nostalgia. collecting things serves as pursuit for individuals. individuals feel sense of nostalgia. individuals feel sense. individuals must consider to ensure. individuals express their identity. collecting things serves as meaningful pursuit for individuals. individuals connect with their past. Collecting can provide individuals with sense. sense can boost self esteem. sense provide source for individuals to continue. sense is in their lives. Collecting can provide individuals with sense of order in their lives. sense provide source. individuals building their collections. individuals feel sense of nostalgia. individuals feel sense. sense Completing collection. individuals express their identity. individuals must consider factors. sense provide source individuals continue. Collecting can provide individuals with sense of order. individuals must consider ensure. Collecting can provide individuals. Collecting can provide individuals with sense in their lives. individuals must consider to ensure. individuals connect with their past. individuals feel to past. individuals items such stamps. sense provide source of motivation. Collecting can provide individuals with sense of adventure. sense provide source individuals to continue. individuals finding joy objects. sense provide source for individuals continue. sense pursuit of collecting. way celebrate their favorite artists. collecting can Furthermore can also way. way express their love for music. collecting can serve In way. way celebrate their artists. collecting can offer source of novelty in their lives. individuals building their collections. individuals feel sense of nostalgia. individuals feel sense. individuals express their identity. collecting Moreover can also offer source. collecting can can way. source is in their lives. individuals must consider factors. collecting can can also way. individuals must consider ensure. collecting can offer individuals. individuals must consider to ensure. individuals connect with their past. collecting can Furthermore can way. individuals items such stamps. individuals feel to past. collecting Moreover can also offer source of novelty. way express their love. individuals finding joy objects. collecting Moreover can offer source in their lives. individuals must consider factors. individuals feel to past. individuals items such stamps. individuals building their collections. Collecting items allows individuals. individuals finding joy objects. individuals must consider ensure. individuals feel sense of nostalgia. individuals feel sense. individuals must consider to ensure. individuals express their identity. individuals connect with their past. sense provide source of motivation. sense is in their lives. sense provide source individuals continue. sense provide source individuals to continue. sense Completing collection. sense provide source for individuals continue. sense provide source. sense pursuit of collecting. sense can boost self esteem. sense provide source for individuals to continue. collectors often derive sense. collectors often derive sense of pride. Collectors may view their collections.",
    "evaluation": 0
  },
  {
    "correct_answer": "Collecting can trigger fond memories and emotions.",
    "retrieved_context": "individuals must consider factors. individuals feel to past. individuals items such stamps. collecting things can also serve for individuals. collecting things serves for Whether nostalgia. individuals building their collections. collecting things serves as pursuit for many individuals. individuals finding joy objects. individuals must consider ensure. collecting things serves as meaningful pursuit for many individuals. collecting things serves for nostalgia. collecting things serves as pursuit for individuals. individuals feel sense of nostalgia. individuals feel sense. individuals must consider to ensure. individuals express their identity. collecting things serves as meaningful pursuit for individuals. individuals connect with their past. Collecting can provide individuals with sense. sense can boost self esteem. sense provide source for individuals to continue. sense is in their lives. Collecting can provide individuals with sense of order in their lives. sense provide source. individuals building their collections. individuals feel sense of nostalgia. individuals feel sense. sense Completing collection. individuals express their identity. individuals must consider factors. sense provide source individuals continue. Collecting can provide individuals with sense of order. individuals must consider ensure. Collecting can provide individuals. Collecting can provide individuals with sense in their lives. individuals must consider to ensure. individuals connect with their past. individuals feel to past. individuals items such stamps. sense provide source of motivation. Collecting can provide individuals with sense of adventure. sense provide source individuals to continue. individuals finding joy objects. sense provide source for individuals continue. sense pursuit of collecting. way celebrate their favorite artists. collecting can Furthermore can also way. way express their love for music. collecting can serve In way. way celebrate their artists. collecting can offer source of novelty in their lives. individuals building their collections. individuals feel sense of nostalgia. individuals feel sense. individuals express their identity. collecting Moreover can also offer source. collecting can can way. source is in their lives. individuals must consider factors. collecting can can also way. individuals must consider ensure. collecting can offer individuals. individuals must consider to ensure. individuals connect with their past. collecting can Furthermore can way. individuals items such stamps. individuals feel to past. collecting Moreover can also offer source of novelty. way express their love. individuals finding joy objects. collecting Moreover can offer source in their lives. individuals must consider factors. individuals feel to past. individuals items such stamps. individuals building their collections. Collecting items allows individuals. individuals finding joy objects. individuals must consider ensure. individuals feel sense of nostalgia. individuals feel sense. individuals must consider to ensure. individuals express their identity. individuals connect with their past. sense provide source of motivation. sense is in their lives. sense provide source individuals continue. sense provide source individuals to continue. sense Completing collection. sense provide source for individuals continue. sense provide source. sense pursuit of collecting. sense can boost self esteem. sense provide source for individuals to continue. collectors often derive sense. collectors often derive sense of pride. Collectors may view their collections.",
    "evaluation": 1
  },
  {
    "correct_answer": "A person who collects antique furniture may appreciate craftsmanship and history.",
    "retrieved_context": "individuals must consider factors. individuals feel to past. individuals items such stamps. individuals building their collections. Collecting items allows individuals. individuals finding joy objects. individuals must consider ensure. individuals feel sense of nostalgia. individuals feel sense. individuals must consider to ensure. individuals express their identity. individuals connect with their past. individuals must consider factors. individuals feel to past. individuals items such stamps. collecting things can also serve for individuals. collecting things serves for Whether nostalgia. individuals building their collections. collecting things serves as pursuit for many individuals. individuals finding joy objects. individuals must consider ensure. collecting things serves as meaningful pursuit for many individuals. collecting things serves for nostalgia. collecting things serves as pursuit for individuals. individuals feel sense of nostalgia. individuals feel sense. individuals must consider to ensure. individuals express their identity. collecting things serves as meaningful pursuit for individuals. individuals connect with their past. Collecting can provide individuals with sense. sense can boost self esteem. sense provide source for individuals to continue. sense is in their lives. Collecting can provide individuals with sense of order in their lives. sense provide source. individuals building their collections. individuals feel sense of nostalgia. individuals feel sense. sense Completing collection. individuals express their identity. individuals must consider factors. sense provide source individuals continue. Collecting can provide individuals with sense of order. individuals must consider ensure. Collecting can provide individuals. Collecting can provide individuals with sense in their lives. individuals must consider to ensure. individuals connect with their past. individuals feel to past. individuals items such stamps. sense provide source of motivation. Collecting can provide individuals with sense of adventure. sense provide source individuals to continue. individuals finding joy objects. sense provide source for individuals continue. sense pursuit of collecting. way celebrate their favorite artists. collecting can Furthermore can also way. way express their love for music. collecting can serve In way. way celebrate their artists. collecting can offer source of novelty in their lives. individuals building their collections. individuals feel sense of nostalgia. individuals feel sense. individuals express their identity. collecting Moreover can also offer source. collecting can can way. source is in their lives. individuals must consider factors. collecting can can also way. individuals must consider ensure. collecting can offer individuals. individuals must consider to ensure. individuals connect with their past. collecting can Furthermore can way. individuals items such stamps. individuals feel to past. collecting Moreover can also offer source of novelty. way express their love. individuals finding joy objects. collecting Moreover can offer source in their lives.",
    "evaluation": 0
  },
  {
    "correct_answer": "Collecting allows individuals to express their identity and interests.",
    "retrieved_context": "Collecting can provide individuals with sense. sense can boost self esteem. sense provide source for individuals to continue. sense is in their lives. Collecting can provide individuals with sense of order in their lives. sense provide source. individuals building their collections. individuals feel sense of nostalgia. individuals feel sense. sense Completing collection. individuals express their identity. individuals must consider factors. sense provide source individuals continue. Collecting can provide individuals with sense of order. individuals must consider ensure. Collecting can provide individuals. Collecting can provide individuals with sense in their lives. individuals must consider to ensure. individuals connect with their past. individuals feel to past. individuals items such stamps. sense provide source of motivation. Collecting can provide individuals with sense of adventure. sense provide source individuals to continue. individuals finding joy objects. sense provide source for individuals continue. sense pursuit of collecting. way celebrate their favorite artists. collecting can Furthermore can also way. way express their love for music. collecting can serve In way. way celebrate their artists. collecting can offer source of novelty in their lives. individuals building their collections. individuals feel sense of nostalgia. individuals feel sense. individuals express their identity. collecting Moreover can also offer source. collecting can can way. source is in their lives. individuals must consider factors. collecting can can also way. individuals must consider ensure. collecting can offer individuals. individuals must consider to ensure. individuals connect with their past. collecting can Furthermore can way. individuals items such stamps. individuals feel to past. collecting Moreover can also offer source of novelty. way express their love. individuals finding joy objects. collecting Moreover can offer source in their lives. individuals must consider factors. individuals feel to past. individuals items such stamps. collecting things can also serve for individuals. collecting things serves for Whether nostalgia. individuals building their collections. collecting things serves as pursuit for many individuals. individuals finding joy objects. individuals must consider ensure. collecting things serves as meaningful pursuit for many individuals. collecting things serves for nostalgia. collecting things serves as pursuit for individuals. individuals feel sense of nostalgia. individuals feel sense. individuals must consider to ensure. individuals express their identity. collecting things serves as meaningful pursuit for individuals. individuals connect with their past. individuals must consider factors. individuals feel to past. individuals items such stamps. individuals building their collections. Collecting items allows individuals. individuals finding joy objects. individuals must consider ensure. individuals feel sense of nostalgia. individuals feel sense. individuals must consider to ensure. individuals express their identity. individuals connect with their past. sense provide source of motivation. sense is in their lives. sense provide source individuals continue. sense provide source individuals to continue. sense Completing collection. sense provide source for individuals continue. sense provide source. sense pursuit of collecting. sense can boost self esteem. sense provide source for individuals to continue. collectors often derive sense. collectors often derive sense of pride. Collectors may view their collections.",
    "evaluation": 1
  },
  {
    "correct_answer": "Music enthusiasts may collect vinyl records or concert memorabilia.",
    "retrieved_context": "music enthusiast may collect vinyl records. music enthusiast may collect vinyl records For instance. sense provide source of motivation. sense is in their lives. sense provide source individuals continue. sense provide source individuals to continue. sense Completing collection. sense provide source for individuals continue. sense provide source. sense pursuit of collecting. sense can boost self esteem. sense provide source for individuals to continue. collectors often derive sense. collectors often derive sense of pride. Collectors may view their collections. individuals must consider factors. individuals feel to past. individuals items such stamps. individuals building their collections. Collecting items allows individuals. individuals finding joy objects. individuals must consider ensure. individuals feel sense of nostalgia. individuals feel sense. individuals must consider to ensure. individuals express their identity. individuals connect with their past.",
    "evaluation": 0
  },
  {
    "correct_answer": "Collecting can provide a sense of accomplishment and fulfillment.",
    "retrieved_context": "individuals must consider factors. individuals feel to past. individuals items such stamps. collecting things can also serve for individuals. collecting things serves for Whether nostalgia. individuals building their collections. collecting things serves as pursuit for many individuals. individuals finding joy objects. individuals must consider ensure. collecting things serves as meaningful pursuit for many individuals. collecting things serves for nostalgia. collecting things serves as pursuit for individuals. individuals feel sense of nostalgia. individuals feel sense. individuals must consider to ensure. individuals express their identity. collecting things serves as meaningful pursuit for individuals. individuals connect with their past. Collecting can provide individuals with sense. sense can boost self esteem. sense provide source for individuals to continue. sense is in their lives. Collecting can provide individuals with sense of order in their lives. sense provide source. individuals building their collections. individuals feel sense of nostalgia. individuals feel sense. sense Completing collection. individuals express their identity. individuals must consider factors. sense provide source individuals continue. Collecting can provide individuals with sense of order. individuals must consider ensure. Collecting can provide individuals. Collecting can provide individuals with sense in their lives. individuals must consider to ensure. individuals connect with their past. individuals feel to past. individuals items such stamps. sense provide source of motivation. Collecting can provide individuals with sense of adventure. sense provide source individuals to continue. individuals finding joy objects. sense provide source for individuals continue. sense pursuit of collecting. way celebrate their favorite artists. collecting can Furthermore can also way. way express their love for music. collecting can serve In way. way celebrate their artists. collecting can offer source of novelty in their lives. individuals building their collections. individuals feel sense of nostalgia. individuals feel sense. individuals express their identity. collecting Moreover can also offer source. collecting can can way. source is in their lives. individuals must consider factors. collecting can can also way. individuals must consider ensure. collecting can offer individuals. individuals must consider to ensure. individuals connect with their past. collecting can Furthermore can way. individuals items such stamps. individuals feel to past. collecting Moreover can also offer source of novelty. way express their love. individuals finding joy objects. collecting Moreover can offer source in their lives. individuals must consider factors. individuals feel to past. individuals items such stamps. individuals building their collections. Collecting items allows individuals. individuals finding joy objects. individuals must consider ensure. individuals feel sense of nostalgia. individuals feel sense. individuals must consider to ensure. individuals express their identity. individuals connect with their past. sense provide source of motivation. sense is in their lives. sense provide source individuals continue. sense provide source individuals to continue. sense Completing collection. sense provide source for individuals continue. sense provide source. sense pursuit of collecting. sense can boost self esteem. sense provide source for individuals to continue. collectors often derive sense. collectors often derive sense of pride.",
    "evaluation": 0
  },
  {
    "correct_answer": "Collectors derive pride and fulfillment from completing sets or finding unique pieces.",
    "retrieved_context": "sense provide source of motivation. sense is in their lives. sense provide source individuals continue. sense provide source individuals to continue. sense Completing collection. sense provide source for individuals continue. sense provide source. sense pursuit of collecting. sense can boost self esteem. sense provide source for individuals to continue. collectors often derive sense. collectors often derive sense of pride. Collectors may view their collections. Collecting can provide individuals with sense. sense can boost self esteem. sense provide source for individuals to continue. sense is in their lives. Collecting can provide individuals with sense of order in their lives. sense provide source. individuals building their collections. individuals feel sense of nostalgia. individuals feel sense. sense Completing collection. individuals express their identity. individuals must consider factors. sense provide source individuals continue. Collecting can provide individuals with sense of order. individuals must consider ensure. Collecting can provide individuals. Collecting can provide individuals with sense in their lives. individuals must consider to ensure. individuals connect with their past. individuals feel to past. individuals items such stamps. sense provide source of motivation. Collecting can provide individuals with sense of adventure. sense provide source individuals to continue. individuals finding joy objects. sense provide source for individuals continue. sense pursuit of collecting. way celebrate their favorite artists. collecting can Furthermore can also way. way express their love for music. collecting can serve In way. way celebrate their artists. collecting can offer source of novelty in their lives. individuals building their collections. individuals feel sense of nostalgia. individuals feel sense. individuals express their identity. collecting Moreover can also offer source. collecting can can way. source is in their lives. individuals must consider factors. collecting can can also way. individuals must consider ensure. collecting can offer individuals. individuals must consider to ensure. individuals connect with their past. collecting can Furthermore can way. individuals items such stamps. individuals feel to past. collecting Moreover can also offer source of novelty. way express their love. individuals finding joy objects. collecting Moreover can offer source in their lives. individuals must consider factors. individuals feel to past. individuals items such stamps. individuals building their collections. Collecting items allows individuals. individuals finding joy objects. individuals must consider ensure. individuals feel sense of nostalgia. individuals feel sense. individuals must consider to ensure. individuals express their identity. individuals connect with their past.",
    "evaluation": 0
  },
  {
    "correct_answer": "Collecting can serve as a form of investment.",
    "retrieved_context": "Collecting can provide individuals with sense. sense can boost self esteem. sense provide source for individuals to continue. sense is in their lives. Collecting can provide individuals with sense of order in their lives. sense provide source. individuals building their collections. individuals feel sense of nostalgia. individuals feel sense. sense Completing collection. individuals express their identity. individuals must consider factors. sense provide source individuals continue. Collecting can provide individuals with sense of order. individuals must consider ensure. Collecting can provide individuals. Collecting can provide individuals with sense in their lives. individuals must consider to ensure. individuals connect with their past. individuals feel to past. individuals items such stamps. sense provide source of motivation. Collecting can provide individuals with sense of adventure. sense provide source individuals to continue. individuals finding joy objects. sense provide source for individuals continue. sense pursuit of collecting. way celebrate their favorite artists. collecting can Furthermore can also way. way express their love for music. collecting can serve In way. way celebrate their artists. collecting can offer source of novelty in their lives. individuals building their collections. individuals feel sense of nostalgia. individuals feel sense. individuals express their identity. collecting Moreover can also offer source. collecting can can way. source is in their lives. individuals must consider factors. collecting can can also way. individuals must consider ensure. collecting can offer individuals. individuals must consider to ensure. individuals connect with their past. collecting can Furthermore can way. individuals items such stamps. individuals feel to past. collecting Moreover can also offer source of novelty. way express their love. individuals finding joy objects. collecting Moreover can offer source in their lives. individuals must consider factors. individuals feel to past. individuals items such stamps. collecting things can also serve for individuals. collecting things serves for Whether nostalgia. individuals building their collections. collecting things serves as pursuit for many individuals. individuals finding joy objects. individuals must consider ensure. collecting things serves as meaningful pursuit for many individuals. collecting things serves for nostalgia. collecting things serves as pursuit for individuals. individuals feel sense of nostalgia. individuals feel sense. individuals must consider to ensure. individuals express their identity. collecting things serves as meaningful pursuit for individuals. individuals connect with their past. individuals must consider factors. individuals feel to past. individuals items such stamps. individuals building their collections. Collecting items allows individuals. individuals finding joy objects. individuals must consider ensure. individuals feel sense of nostalgia. individuals feel sense. individuals must consider to ensure. individuals express their identity. individuals connect with their past. sense provide source of motivation. sense is in their lives. sense provide source individuals continue. sense provide source individuals to continue. sense Completing collection. sense provide source for individuals continue. sense provide source. sense pursuit of collecting. sense can boost self esteem. sense provide source for individuals to continue. collectors often derive sense. collectors often derive sense of pride. Collectors may view their collections.",
    "evaluation": 0
  },
  {
    "correct_answer": "Artwork, rare books, or vintage cars can appreciate in value over time.",
    "retrieved_context": "sense provide source of motivation. sense is in their lives. sense provide source individuals continue. sense provide source individuals to continue. sense Completing collection. sense provide source for individuals continue. sense provide source. sense pursuit of collecting. sense can boost self esteem. sense provide source for individuals to continue. collectors often derive sense. collectors often derive sense of pride. Collectors may view their collections.",
    "evaluation": 0
  },
  {
    "correct_answer": "Collecting can be linked to psychological motivations and behaviors.",
    "retrieved_context": "individuals must consider factors. individuals feel to past. individuals items such stamps. collecting things can also serve for individuals. collecting things serves for Whether nostalgia. individuals building their collections. collecting things serves as pursuit for many individuals. individuals finding joy objects. individuals must consider ensure. collecting things serves as meaningful pursuit for many individuals. collecting things serves for nostalgia. collecting things serves as pursuit for individuals. individuals feel sense of nostalgia. individuals feel sense. individuals must consider to ensure. individuals express their identity. collecting things serves as meaningful pursuit for individuals. individuals connect with their past. Collecting can provide individuals with sense. sense can boost self esteem. sense provide source for individuals to continue. sense is in their lives. Collecting can provide individuals with sense of order in their lives. sense provide source. individuals building their collections. individuals feel sense of nostalgia. individuals feel sense. sense Completing collection. individuals express their identity. individuals must consider factors. sense provide source individuals continue. Collecting can provide individuals with sense of order. individuals must consider ensure. Collecting can provide individuals. Collecting can provide individuals with sense in their lives. individuals must consider to ensure. individuals connect with their past. individuals feel to past. individuals items such stamps. sense provide source of motivation. Collecting can provide individuals with sense of adventure. sense provide source individuals to continue. individuals finding joy objects. sense provide source for individuals continue. sense pursuit of collecting. way celebrate their favorite artists. collecting can Furthermore can also way. way express their love for music. collecting can serve In way. way celebrate their artists. collecting can offer source of novelty in their lives. individuals building their collections. individuals feel sense of nostalgia. individuals feel sense. individuals express their identity. collecting Moreover can also offer source. collecting can can way. source is in their lives. individuals must consider factors. collecting can can also way. individuals must consider ensure. collecting can offer individuals. individuals must consider to ensure. individuals connect with their past. collecting can Furthermore can way. individuals items such stamps. individuals feel to past. collecting Moreover can also offer source of novelty. way express their love. individuals finding joy objects. collecting Moreover can offer source in their lives. individuals must consider factors. individuals feel to past. individuals items such stamps. individuals building their collections. Collecting items allows individuals. individuals finding joy objects. individuals must consider ensure. individuals feel sense of nostalgia. individuals feel sense. individuals must consider to ensure. individuals express their identity. individuals connect with their past.",
    "evaluation": 1
  },
  {
    "correct_answer": "Collecting can satisfy the human need for completion and closure.",
    "retrieved_context": "individuals must consider factors. individuals feel to past. individuals items such stamps. collecting things can also serve for individuals. collecting things serves for Whether nostalgia. individuals building their collections. collecting things serves as pursuit for many individuals. individuals finding joy objects. individuals must consider ensure. collecting things serves as meaningful pursuit for many individuals. collecting things serves for nostalgia. collecting things serves as pursuit for individuals. individuals feel sense of nostalgia. individuals feel sense. individuals must consider to ensure. individuals express their identity. collecting things serves as meaningful pursuit for individuals. individuals connect with their past. Collecting can provide individuals with sense. sense can boost self esteem. sense provide source for individuals to continue. sense is in their lives. Collecting can provide individuals with sense of order in their lives. sense provide source. individuals building their collections. individuals feel sense of nostalgia. individuals feel sense. sense Completing collection. individuals express their identity. individuals must consider factors. sense provide source individuals continue. Collecting can provide individuals with sense of order. individuals must consider ensure. Collecting can provide individuals. Collecting can provide individuals with sense in their lives. individuals must consider to ensure. individuals connect with their past. individuals feel to past. individuals items such stamps. sense provide source of motivation. Collecting can provide individuals with sense of adventure. sense provide source individuals to continue. individuals finding joy objects. sense provide source for individuals continue. sense pursuit of collecting. way celebrate their favorite artists. collecting can Furthermore can also way. way express their love for music. collecting can serve In way. way celebrate their artists. collecting can offer source of novelty in their lives. individuals building their collections. individuals feel sense of nostalgia. individuals feel sense. individuals express their identity. collecting Moreover can also offer source. collecting can can way. source is in their lives. individuals must consider factors. collecting can can also way. individuals must consider ensure. collecting can offer individuals. individuals must consider to ensure. individuals connect with their past. collecting can Furthermore can way. individuals items such stamps. individuals feel to past. collecting Moreover can also offer source of novelty. way express their love. individuals finding joy objects. collecting Moreover can offer source in their lives. individuals must consider factors. individuals feel to past. individuals items such stamps. individuals building their collections. Collecting items allows individuals. individuals finding joy objects. individuals must consider ensure. individuals feel sense of nostalgia. individuals feel sense. individuals must consider to ensure. individuals express their identity. individuals connect with their past. sense provide source of motivation. sense is in their lives. sense provide source individuals continue. sense provide source individuals to continue. sense Completing collection. sense provide source for individuals continue. sense provide source. sense pursuit of collecting. sense can boost self esteem. sense provide source for individuals to continue. collectors often derive sense. collectors often derive sense of pride.",
    "evaluation": 0
  },
  {
    "correct_answer": "Collecting can offer individuals a source of novelty and excitement.",
    "retrieved_context": "individuals must consider factors. individuals feel to past. individuals items such stamps. collecting things can also serve for individuals. collecting things serves for Whether nostalgia. individuals building their collections. collecting things serves as pursuit for many individuals. individuals finding joy objects. individuals must consider ensure. collecting things serves as meaningful pursuit for many individuals. collecting things serves for nostalgia. collecting things serves as pursuit for individuals. individuals feel sense of nostalgia. individuals feel sense. individuals must consider to ensure. individuals express their identity. collecting things serves as meaningful pursuit for individuals. individuals connect with their past. Collecting can provide individuals with sense. sense can boost self esteem. sense provide source for individuals to continue. sense is in their lives. Collecting can provide individuals with sense of order in their lives. sense provide source. individuals building their collections. individuals feel sense of nostalgia. individuals feel sense. sense Completing collection. individuals express their identity. individuals must consider factors. sense provide source individuals continue. Collecting can provide individuals with sense of order. individuals must consider ensure. Collecting can provide individuals. Collecting can provide individuals with sense in their lives. individuals must consider to ensure. individuals connect with their past. individuals feel to past. individuals items such stamps. sense provide source of motivation. Collecting can provide individuals with sense of adventure. sense provide source individuals to continue. individuals finding joy objects. sense provide source for individuals continue. sense pursuit of collecting. way celebrate their favorite artists. collecting can Furthermore can also way. way express their love for music. collecting can serve In way. way celebrate their artists. collecting can offer source of novelty in their lives. individuals building their collections. individuals feel sense of nostalgia. individuals feel sense. individuals express their identity. collecting Moreover can also offer source. collecting can can way. source is in their lives. individuals must consider factors. collecting can can also way. individuals must consider ensure. collecting can offer individuals. individuals must consider to ensure. individuals connect with their past. collecting can Furthermore can way. individuals items such stamps. individuals feel to past. collecting Moreover can also offer source of novelty. way express their love. individuals finding joy objects. collecting Moreover can offer source in their lives. individuals must consider factors. individuals feel to past. individuals items such stamps. individuals building their collections. Collecting items allows individuals. individuals finding joy objects. individuals must consider ensure. individuals feel sense of nostalgia. individuals feel sense. individuals must consider to ensure. individuals express their identity. individuals connect with their past. sense provide source of motivation. sense is in their lives. sense provide source individuals continue. sense provide source individuals to continue. sense Completing collection. sense provide source for individuals continue. sense provide source. sense pursuit of collecting. sense can boost self esteem. sense provide source for individuals to continue. collectors often derive sense. collectors often derive sense of pride. Collectors may view their collections.",
    "evaluation": 1
  },
  {
    "correct_answer": "Collecting can provide a sense of adventure and exploration.",
    "retrieved_context": "individuals must consider factors. individuals feel to past. individuals items such stamps. collecting things can also serve for individuals. collecting things serves for Whether nostalgia. individuals building their collections. collecting things serves as pursuit for many individuals. individuals finding joy objects. individuals must consider ensure. collecting things serves as meaningful pursuit for many individuals. collecting things serves for nostalgia. collecting things serves as pursuit for individuals. individuals feel sense of nostalgia. individuals feel sense. individuals must consider to ensure. individuals express their identity. collecting things serves as meaningful pursuit for individuals. individuals connect with their past. Collecting can provide individuals with sense. sense can boost self esteem. sense provide source for individuals to continue. sense is in their lives. Collecting can provide individuals with sense of order in their lives. sense provide source. individuals building their collections. individuals feel sense of nostalgia. individuals feel sense. sense Completing collection. individuals express their identity. individuals must consider factors. sense provide source individuals continue. Collecting can provide individuals with sense of order. individuals must consider ensure. Collecting can provide individuals. Collecting can provide individuals with sense in their lives. individuals must consider to ensure. individuals connect with their past. individuals feel to past. individuals items such stamps. sense provide source of motivation. Collecting can provide individuals with sense of adventure. sense provide source individuals to continue. individuals finding joy objects. sense provide source for individuals continue. sense pursuit of collecting. way celebrate their favorite artists. collecting can Furthermore can also way. way express their love for music. collecting can serve In way. way celebrate their artists. collecting can offer source of novelty in their lives. individuals building their collections. individuals feel sense of nostalgia. individuals feel sense. individuals express their identity. collecting Moreover can also offer source. collecting can can way. source is in their lives. individuals must consider factors. collecting can can also way. individuals must consider ensure. collecting can offer individuals. individuals must consider to ensure. individuals connect with their past. collecting can Furthermore can way. individuals items such stamps. individuals feel to past. collecting Moreover can also offer source of novelty. way express their love. individuals finding joy objects. collecting Moreover can offer source in their lives. individuals must consider factors. individuals feel to past. individuals items such stamps. individuals building their collections. Collecting items allows individuals. individuals finding joy objects. individuals must consider ensure. individuals feel sense of nostalgia. individuals feel sense. individuals must consider to ensure. individuals express their identity. individuals connect with their past. sense provide source of motivation. sense is in their lives. sense provide source individuals continue. sense provide source individuals to continue. sense Completing collection. sense provide source for individuals continue. sense provide source. sense pursuit of collecting. sense can boost self esteem. sense provide source for individuals to continue. collectors often derive sense. collectors often derive sense of pride.",
    "evaluation": 1
  },
  {
    "correct_answer": "Collecting serves as a meaningful and rewarding pursuit for many individuals.",
    "retrieved_context": "individuals must consider factors. individuals feel to past. individuals items such stamps. collecting things can also serve for individuals. collecting things serves for Whether nostalgia. individuals building their collections. collecting things serves as pursuit for many individuals. individuals finding joy objects. individuals must consider ensure. collecting things serves as meaningful pursuit for many individuals. collecting things serves for nostalgia. collecting things serves as pursuit for individuals. individuals feel sense of nostalgia. individuals feel sense. individuals must consider to ensure. individuals express their identity. collecting things serves as meaningful pursuit for individuals. individuals connect with their past. Collecting can provide individuals with sense. sense can boost self esteem. sense provide source for individuals to continue. sense is in their lives. Collecting can provide individuals with sense of order in their lives. sense provide source. individuals building their collections. individuals feel sense of nostalgia. individuals feel sense. sense Completing collection. individuals express their identity. individuals must consider factors. sense provide source individuals continue. Collecting can provide individuals with sense of order. individuals must consider ensure. Collecting can provide individuals. Collecting can provide individuals with sense in their lives. individuals must consider to ensure. individuals connect with their past. individuals feel to past. individuals items such stamps. sense provide source of motivation. Collecting can provide individuals with sense of adventure. sense provide source individuals to continue. individuals finding joy objects. sense provide source for individuals continue. sense pursuit of collecting. way celebrate their favorite artists. collecting can Furthermore can also way. way express their love for music. collecting can serve In way. way celebrate their artists. collecting can offer source of novelty in their lives. individuals building their collections. individuals feel sense of nostalgia. individuals feel sense. individuals express their identity. collecting Moreover can also offer source. collecting can can way. source is in their lives. individuals must consider factors. collecting can can also way. individuals must consider ensure. collecting can offer individuals. individuals must consider to ensure. individuals connect with their past. collecting can Furthermore can way. individuals items such stamps. individuals feel to past. collecting Moreover can also offer source of novelty. way express their love. individuals finding joy objects. collecting Moreover can offer source in their lives. individuals must consider factors. individuals feel to past. individuals items such stamps. individuals building their collections. Collecting items allows individuals. individuals finding joy objects. individuals must consider ensure. individuals feel sense of nostalgia. individuals feel sense. individuals must consider to ensure. individuals express their identity. individuals connect with their past. sense provide source of motivation. sense is in their lives. sense provide source individuals continue. sense provide source individuals to continue. sense Completing collection. sense provide source for individuals continue. sense provide source. sense pursuit of collecting. sense can boost self esteem. sense provide source for individuals to continue. collectors often derive sense. collectors often derive sense of pride. Collectors may view their collections.",
    "evaluation": 1
  },
  {
    "accuracy": "40.00%"
  }
]