[
  {
    "correct_answer": "Ants are fascinating creatures.",
    "retrieved_context": "ants constructing their nests. ants will mobilize in response. ants also demonstrate impressive engineering abilities. ants will mobilize in response to flooding. ants create complex societies. ants build their colonies. ants create societies. ants exhibit adaptability in responding to changes. ants demonstrate engineering abilities. ants highlighting roles of types. ants Furthermore exhibit remarkable adaptability. ants highlighting roles of types of ants. ants exhibit adaptability. ants thrive together in harmony. ants also demonstrate engineering abilities In their teamwork skills. ants highlighting roles. ants will quickly mobilize For example. ants exhibit adaptability in responding. ants relocate their nest. ants exhibit adaptability in responding to changes in their environment. ants highlighting roles of different types of ants. ants highlighting roles of different types. Ants are creatures. Ants are fascinating creatures. ant species build structures. ant species build elaborate structures. ants ' ingenuity is in utilizing resources.",
    "evaluation": 1
  },
  {
    "correct_answer": "Ants have mastered the art of cooperation and organization.",
    "retrieved_context": "ants ' ingenuity is in utilizing resources. ants constructing their nests. ants will mobilize in response. ants also demonstrate impressive engineering abilities. ants will mobilize in response to flooding. ants create complex societies. ants build their colonies. ants create societies. ants exhibit adaptability in responding to changes. ants demonstrate engineering abilities. ants highlighting roles of types. ants Furthermore exhibit remarkable adaptability. ants highlighting roles of types of ants. ants exhibit adaptability. ants thrive together in harmony. ants also demonstrate engineering abilities In their teamwork skills. ants highlighting roles. ants will quickly mobilize For example. ants exhibit adaptability in responding. ants relocate their nest. ants exhibit adaptability in responding to changes in their environment. ants highlighting roles of different types of ants. ants highlighting roles of different types. Ants are creatures. Ants are fascinating creatures. ant species build structures. ant species build elaborate structures. tunnels serve as passageways ants to move around. tunnels serve as passageways ants to move. soil ants other materials. worker ants will deposit soil. tunnels serve as passageways for ants to move around. worker ants building new chamber. tunnels serve as passageways for ants move around. worker ants will deposit soil in location. tunnels serve as passageways for ants to move. worker ants will deposit soil in specific location. tunnels serve as passageways ants move around. soil ants materials. worker ants construct new nest structure. worker ants building chamber. tunnels serve as passageways for ants move. worker ants will deposit soil following pheromone trails. tunnels serve as passageways ants move. worker ants construct nest structure. worker ants creating underground tunnels. worker ants will deposit soil For example. Worker ants constructing their nests. Worker ants are backbone. backbone tasks such foraging for food. Worker ants are backbone of colony. Worker ants exhibit coordination. colony has chances of survival. remarkable coordination ants teamwork. Worker ants exhibit remarkable coordination. coordination ants teamwork.",
    "evaluation": 1
  },
  {
    "correct_answer": "Ant colonies serve as the central hub for ants to live, work, and thrive together.",
    "retrieved_context": "Ant colonies serve as example of nature 's ingenuity. Ant colonies serve as remarkable example. Ant colonies consist of queen. queen each with distinct responsibilities. Ant colonies typically consist of each with distinct responsibilities. Ant colonies typically consist of each with responsibilities. Ant colonies consist of each. Ant colonies serve as remarkable example of nature 's ingenuity. Ant colonies serve as example. tunnels serve as passageways ants to move around. tunnels serve as passageways ants to move. soil ants other materials. worker ants will deposit soil. tunnels serve as passageways for ants to move around. worker ants building new chamber. tunnels serve as passageways for ants move around. worker ants will deposit soil in location. tunnels serve as passageways for ants to move. worker ants will deposit soil in specific location. tunnels serve as passageways ants move around. soil ants materials. worker ants construct new nest structure. worker ants building chamber. tunnels serve as passageways for ants move. worker ants will deposit soil following pheromone trails. tunnels serve as passageways ants move. worker ants construct nest structure. worker ants creating underground tunnels. worker ants will deposit soil For example. Worker ants constructing their nests. Worker ants are backbone. backbone tasks such foraging for food. Worker ants are backbone of colony. Worker ants exhibit coordination. colony has chances of survival. remarkable coordination ants teamwork. Worker ants exhibit remarkable coordination. coordination ants teamwork.",
    "evaluation": 0
  },
  {
    "correct_answer": "Ant colonies are highly structured and organized societies.",
    "retrieved_context": "Ant colonies serve as example of nature 's ingenuity. Ant colonies serve as remarkable example. Ant colonies consist of queen. queen each with distinct responsibilities. Ant colonies typically consist of each with distinct responsibilities. Ant colonies typically consist of each with responsibilities. Ant colonies consist of each. Ant colonies serve as remarkable example of nature 's ingenuity. Ant colonies serve as example. ant species build structures. ant species build elaborate structures. ants ' ingenuity is in utilizing resources. ant has role. ant has specific role. ants constructing their nests. ants will mobilize in response. ants also demonstrate impressive engineering abilities. ants will mobilize in response to flooding. ants create complex societies. ants build their colonies. ants create societies. ants exhibit adaptability in responding to changes. ants demonstrate engineering abilities. ants highlighting roles of types. ants Furthermore exhibit remarkable adaptability. ants highlighting roles of types of ants. ants exhibit adaptability. ants thrive together in harmony. ants also demonstrate engineering abilities In their teamwork skills. ants highlighting roles. ants will quickly mobilize For example. ants exhibit adaptability in responding. ants relocate their nest. ants exhibit adaptability in responding to changes in their environment. ants highlighting roles of different types of ants. ants highlighting roles of different types.",
    "evaluation": 1
  },
  {
    "correct_answer": "Each ant in a colony has a specific role to play.",
    "retrieved_context": "Ant colonies serve as example of nature 's ingenuity. Ant colonies serve as remarkable example. Ant colonies consist of queen. queen each with distinct responsibilities. Ant colonies typically consist of each with distinct responsibilities. Ant colonies typically consist of each with responsibilities. Ant colonies consist of each. Ant colonies serve as remarkable example of nature 's ingenuity. Ant colonies serve as example. ant species build structures. ant species build elaborate structures. ants ' ingenuity is in utilizing resources. ants constructing their nests. ants will mobilize in response. ants also demonstrate impressive engineering abilities. ants will mobilize in response to flooding. ants create complex societies. ants build their colonies. ants create societies. ants exhibit adaptability in responding to changes. ants demonstrate engineering abilities. ants highlighting roles of types. ants Furthermore exhibit remarkable adaptability. ants highlighting roles of types of ants. ants exhibit adaptability. ants thrive together in harmony. ants also demonstrate engineering abilities In their teamwork skills. ants highlighting roles. ants will quickly mobilize For example. ants exhibit adaptability in responding. ants relocate their nest. ants exhibit adaptability in responding to changes in their environment. ants highlighting roles of different types of ants. ants highlighting roles of different types. Ants are creatures. Ants are fascinating creatures.",
    "evaluation": 1
  },
  {
    "correct_answer": "Ant colonies typically consist of a queen, male ants, worker ants, and soldier ants.",
    "retrieved_context": "tunnels serve as passageways ants to move around. tunnels serve as passageways ants to move. soil ants other materials. worker ants will deposit soil. tunnels serve as passageways for ants to move around. worker ants building new chamber. tunnels serve as passageways for ants move around. worker ants will deposit soil in location. tunnels serve as passageways for ants to move. worker ants will deposit soil in specific location. tunnels serve as passageways ants move around. soil ants materials. worker ants construct new nest structure. worker ants building chamber. tunnels serve as passageways for ants move. worker ants will deposit soil following pheromone trails. tunnels serve as passageways ants move. worker ants construct nest structure. worker ants creating underground tunnels. worker ants will deposit soil For example. Worker ants constructing their nests. Worker ants are backbone. backbone tasks such foraging for food. Worker ants are backbone of colony. Worker ants exhibit coordination. colony has chances of survival. remarkable coordination ants teamwork. Worker ants exhibit remarkable coordination. coordination ants teamwork. Ant colonies serve as example of nature 's ingenuity. Ant colonies serve as remarkable example. Ant colonies consist of queen. queen each with distinct responsibilities. Ant colonies typically consist of each with distinct responsibilities. Ant colonies typically consist of each with responsibilities. Ant colonies consist of each. Ant colonies serve as remarkable example of nature 's ingenuity. Ant colonies serve as example. ants constructing their nests. ants will mobilize in response. ants also demonstrate impressive engineering abilities. ants will mobilize in response to flooding. ants create complex societies. ants build their colonies. ants create societies. ants exhibit adaptability in responding to changes. ants demonstrate engineering abilities. ants highlighting roles of types. ants Furthermore exhibit remarkable adaptability. ants highlighting roles of types of ants. ants exhibit adaptability. ants thrive together in harmony. ants also demonstrate engineering abilities In their teamwork skills. ants highlighting roles. ants will quickly mobilize For example. ants exhibit adaptability in responding. ants relocate their nest. ants exhibit adaptability in responding to changes in their environment. ants highlighting roles of different types of ants. ants highlighting roles of different types. Ants are creatures. Ants are fascinating creatures. Soldier ants are tasked on other hand. Soldier ants are tasked. Soldier ants are tasked on hand.",
    "evaluation": 0
  },
  {
    "correct_answer": "The queen ant is responsible for laying eggs.",
    "retrieved_context": "queen ant is heart of colony. queen ant ensuring continuity. colony has chances of survival. queen ant is heart. queen ant ensuring continuity of ant population. ant species build structures. ant species build elaborate structures. ants constructing their nests. ants will mobilize in response. ants also demonstrate impressive engineering abilities. ants will mobilize in response to flooding. ants create complex societies. ants build their colonies. ants create societies. ants exhibit adaptability in responding to changes. ants demonstrate engineering abilities. ants highlighting roles of types. ants Furthermore exhibit remarkable adaptability. ants highlighting roles of types of ants. ants exhibit adaptability. ants thrive together in harmony. ants also demonstrate engineering abilities In their teamwork skills. ants highlighting roles. ants will quickly mobilize For example. ants exhibit adaptability in responding. ants relocate their nest. ants exhibit adaptability in responding to changes in their environment. ants highlighting roles of different types of ants. ants highlighting roles of different types. Ants are creatures. Ants are fascinating creatures.",
    "evaluation": 0
  },
  {
    "correct_answer": "Worker ants cater to the queen's needs and maintain the nest.",
    "retrieved_context": "tunnels serve as passageways ants to move around. tunnels serve as passageways ants to move. soil ants other materials. worker ants will deposit soil. tunnels serve as passageways for ants to move around. worker ants building new chamber. tunnels serve as passageways for ants move around. worker ants will deposit soil in location. tunnels serve as passageways for ants to move. worker ants will deposit soil in specific location. tunnels serve as passageways ants move around. soil ants materials. worker ants construct new nest structure. worker ants building chamber. tunnels serve as passageways for ants move. worker ants will deposit soil following pheromone trails. tunnels serve as passageways ants move. worker ants construct nest structure. worker ants creating underground tunnels. worker ants will deposit soil For example. Worker ants constructing their nests. Worker ants are backbone. backbone tasks such foraging for food. Worker ants are backbone of colony. Worker ants exhibit coordination. colony has chances of survival. remarkable coordination ants teamwork. Worker ants exhibit remarkable coordination. coordination ants teamwork. ants ' ingenuity is in utilizing resources. queen ant is heart of colony. queen ant ensuring continuity. colony has chances of survival. queen ant is heart. queen ant ensuring continuity of ant population. ants constructing their nests. ants will mobilize in response. ants also demonstrate impressive engineering abilities. ants will mobilize in response to flooding. ants create complex societies. ants build their colonies. ants create societies. ants exhibit adaptability in responding to changes. ants demonstrate engineering abilities. ants highlighting roles of types. ants Furthermore exhibit remarkable adaptability. ants highlighting roles of types of ants. ants exhibit adaptability. ants thrive together in harmony. ants also demonstrate engineering abilities In their teamwork skills. ants highlighting roles. ants will quickly mobilize For example. ants exhibit adaptability in responding. ants relocate their nest. ants exhibit adaptability in responding to changes in their environment. ants highlighting roles of different types of ants. ants highlighting roles of different types. Ants are creatures. Ants are fascinating creatures.",
    "evaluation": 0
  },
  {
    "correct_answer": "Worker ants perform tasks like foraging for food and caring for the young.",
    "retrieved_context": "tunnels serve as passageways ants to move around. tunnels serve as passageways ants to move. soil ants other materials. worker ants will deposit soil. tunnels serve as passageways for ants to move around. worker ants building new chamber. tunnels serve as passageways for ants move around. worker ants will deposit soil in location. tunnels serve as passageways for ants to move. worker ants will deposit soil in specific location. tunnels serve as passageways ants move around. soil ants materials. worker ants construct new nest structure. worker ants building chamber. tunnels serve as passageways for ants move. worker ants will deposit soil following pheromone trails. tunnels serve as passageways ants move. worker ants construct nest structure. worker ants creating underground tunnels. worker ants will deposit soil For example. Worker ants constructing their nests. Worker ants are backbone. backbone tasks such foraging for food. Worker ants are backbone of colony. Worker ants exhibit coordination. colony has chances of survival. remarkable coordination ants teamwork. Worker ants exhibit remarkable coordination. coordination ants teamwork. ants ' ingenuity is in utilizing resources. ants constructing their nests. ants will mobilize in response. ants also demonstrate impressive engineering abilities. ants will mobilize in response to flooding. ants create complex societies. ants build their colonies. ants create societies. ants exhibit adaptability in responding to changes. ants demonstrate engineering abilities. ants highlighting roles of types. ants Furthermore exhibit remarkable adaptability. ants highlighting roles of types of ants. ants exhibit adaptability. ants thrive together in harmony. ants also demonstrate engineering abilities In their teamwork skills. ants highlighting roles. ants will quickly mobilize For example. ants exhibit adaptability in responding. ants relocate their nest. ants exhibit adaptability in responding to changes in their environment. ants highlighting roles of different types of ants. ants highlighting roles of different types. Ants are creatures. Ants are fascinating creatures.",
    "evaluation": 0
  },
  {
    "correct_answer": "Soldier ants defend the colony from external threats.",
    "retrieved_context": "Soldier ants are tasked on other hand. Soldier ants are tasked. Soldier ants are tasked on hand. Ant colonies serve as example of nature 's ingenuity. Ant colonies serve as remarkable example. Ant colonies consist of queen. queen each with distinct responsibilities. Ant colonies typically consist of each with distinct responsibilities. Ant colonies typically consist of each with responsibilities. Ant colonies consist of each. Ant colonies serve as remarkable example of nature 's ingenuity. Ant colonies serve as example. ants constructing their nests. ants will mobilize in response. ants also demonstrate impressive engineering abilities. ants will mobilize in response to flooding. ants create complex societies. ants build their colonies. ants create societies. ants exhibit adaptability in responding to changes. ants demonstrate engineering abilities. ants highlighting roles of types. ants Furthermore exhibit remarkable adaptability. ants highlighting roles of types of ants. ants exhibit adaptability. ants thrive together in harmony. ants also demonstrate engineering abilities In their teamwork skills. ants highlighting roles. ants will quickly mobilize For example. ants exhibit adaptability in responding. ants relocate their nest. ants exhibit adaptability in responding to changes in their environment. ants highlighting roles of different types of ants. ants highlighting roles of different types. Ants are creatures. Ants are fascinating creatures. tunnels serve as passageways ants to move around. tunnels serve as passageways ants to move. soil ants other materials. worker ants will deposit soil. tunnels serve as passageways for ants to move around. worker ants building new chamber. tunnels serve as passageways for ants move around. worker ants will deposit soil in location. tunnels serve as passageways for ants to move. worker ants will deposit soil in specific location. tunnels serve as passageways ants move around. soil ants materials. worker ants construct new nest structure. worker ants building chamber. tunnels serve as passageways for ants move. worker ants will deposit soil following pheromone trails. tunnels serve as passageways ants move. worker ants construct nest structure. worker ants creating underground tunnels. worker ants will deposit soil For example. Worker ants constructing their nests. Worker ants are backbone. backbone tasks such foraging for food. Worker ants are backbone of colony. Worker ants exhibit coordination. colony has chances of survival. remarkable coordination ants teamwork. Worker ants exhibit remarkable coordination. coordination ants teamwork. ant species build structures. ant species build elaborate structures. ants ' ingenuity is in utilizing resources.",
    "evaluation": 0
  },
  {
    "correct_answer": "Ants use a variety of materials to build their nests, such as soil, leaves, twigs, and pebbles.",
    "retrieved_context": "ants ' ingenuity is in utilizing resources. ants constructing their nests. ants will mobilize in response. ants also demonstrate impressive engineering abilities. ants will mobilize in response to flooding. ants create complex societies. ants build their colonies. ants create societies. ants exhibit adaptability in responding to changes. ants demonstrate engineering abilities. ants highlighting roles of types. ants Furthermore exhibit remarkable adaptability. ants highlighting roles of types of ants. ants exhibit adaptability. ants thrive together in harmony. ants also demonstrate engineering abilities In their teamwork skills. ants highlighting roles. ants will quickly mobilize For example. ants exhibit adaptability in responding. ants relocate their nest. ants exhibit adaptability in responding to changes in their environment. ants highlighting roles of different types of ants. ants highlighting roles of different types. Ants are creatures. Ants are fascinating creatures.",
    "evaluation": 0
  },
  {
    "correct_answer": "Worker ants excavate the soil and create tunnels and chambers underground.",
    "retrieved_context": "tunnels serve as passageways ants to move around. tunnels serve as passageways ants to move. soil ants other materials. worker ants will deposit soil. tunnels serve as passageways for ants to move around. worker ants building new chamber. tunnels serve as passageways for ants move around. worker ants will deposit soil in location. tunnels serve as passageways for ants to move. worker ants will deposit soil in specific location. tunnels serve as passageways ants move around. soil ants materials. worker ants construct new nest structure. worker ants building chamber. tunnels serve as passageways for ants move. worker ants will deposit soil following pheromone trails. tunnels serve as passageways ants move. worker ants construct nest structure. worker ants creating underground tunnels. worker ants will deposit soil For example. Worker ants constructing their nests. Worker ants are backbone. backbone tasks such foraging for food. Worker ants are backbone of colony. Worker ants exhibit coordination. colony has chances of survival. remarkable coordination ants teamwork. Worker ants exhibit remarkable coordination. coordination ants teamwork.",
    "evaluation": 1
  },
  {
    "correct_answer": "Ants communicate with each other using chemical signals called pheromones.",
    "retrieved_context": "ants constructing their nests. ants will mobilize in response. ants also demonstrate impressive engineering abilities. ants will mobilize in response to flooding. ants create complex societies. ants build their colonies. ants create societies. ants exhibit adaptability in responding to changes. ants demonstrate engineering abilities. ants highlighting roles of types. ants Furthermore exhibit remarkable adaptability. ants highlighting roles of types of ants. ants exhibit adaptability. ants thrive together in harmony. ants also demonstrate engineering abilities In their teamwork skills. ants highlighting roles. ants will quickly mobilize For example. ants exhibit adaptability in responding. ants relocate their nest. ants exhibit adaptability in responding to changes in their environment. ants highlighting roles of different types of ants. ants highlighting roles of different types. Ants are creatures. Ants are fascinating creatures. ants ' ingenuity is in utilizing resources. ant species build structures. ant species build elaborate structures.",
    "evaluation": 0
  },
  {
    "correct_answer": "Ants demonstrate impressive engineering abilities when constructing their nests.",
    "retrieved_context": "ants ' ingenuity is in utilizing resources. ants constructing their nests. ants will mobilize in response. ants also demonstrate impressive engineering abilities. ants will mobilize in response to flooding. ants create complex societies. ants build their colonies. ants create societies. ants exhibit adaptability in responding to changes. ants demonstrate engineering abilities. ants highlighting roles of types. ants Furthermore exhibit remarkable adaptability. ants highlighting roles of types of ants. ants exhibit adaptability. ants thrive together in harmony. ants also demonstrate engineering abilities In their teamwork skills. ants highlighting roles. ants will quickly mobilize For example. ants exhibit adaptability in responding. ants relocate their nest. ants exhibit adaptability in responding to changes in their environment. ants highlighting roles of different types of ants. ants highlighting roles of different types. Ants are creatures. Ants are fascinating creatures. ant species build structures. ant species build elaborate structures. tunnels serve as passageways ants to move around. tunnels serve as passageways ants to move. soil ants other materials. worker ants will deposit soil. tunnels serve as passageways for ants to move around. worker ants building new chamber. tunnels serve as passageways for ants move around. worker ants will deposit soil in location. tunnels serve as passageways for ants to move. worker ants will deposit soil in specific location. tunnels serve as passageways ants move around. soil ants materials. worker ants construct new nest structure. worker ants building chamber. tunnels serve as passageways for ants move. worker ants will deposit soil following pheromone trails. tunnels serve as passageways ants move. worker ants construct nest structure. worker ants creating underground tunnels. worker ants will deposit soil For example. Worker ants constructing their nests. Worker ants are backbone. backbone tasks such foraging for food. Worker ants are backbone of colony. Worker ants exhibit coordination. colony has chances of survival. remarkable coordination ants teamwork. Worker ants exhibit remarkable coordination. coordination ants teamwork. Ant colonies serve as example of nature 's ingenuity. Ant colonies serve as remarkable example. Ant colonies consist of queen. queen each with distinct responsibilities. Ant colonies typically consist of each with distinct responsibilities. Ant colonies typically consist of each with responsibilities. Ant colonies consist of each. Ant colonies serve as remarkable example of nature 's ingenuity. Ant colonies serve as example.",
    "evaluation": 1
  },
  {
    "correct_answer": "Ants exhibit remarkable adaptability in responding to changes in their environment.",
    "retrieved_context": "ants ' ingenuity is in utilizing resources. ants constructing their nests. ants will mobilize in response. ants also demonstrate impressive engineering abilities. ants will mobilize in response to flooding. ants create complex societies. ants build their colonies. ants create societies. ants exhibit adaptability in responding to changes. ants demonstrate engineering abilities. ants highlighting roles of types. ants Furthermore exhibit remarkable adaptability. ants highlighting roles of types of ants. ants exhibit adaptability. ants thrive together in harmony. ants also demonstrate engineering abilities In their teamwork skills. ants highlighting roles. ants will quickly mobilize For example. ants exhibit adaptability in responding. ants relocate their nest. ants exhibit adaptability in responding to changes in their environment. ants highlighting roles of different types of ants. ants highlighting roles of different types. Ants are creatures. Ants are fascinating creatures.",
    "evaluation": 1
  },
  {
    "accuracy": "46.67%"
  }
]