[
  {
    "correct_answer": "Architecture shapes the way we live, work, and interact with one another.",
    "retrieved_context": "Architecture has has recognized as powerful force. Architecture has has long recognized. Architecture has has recognized. Architecture has has long recognized as force. Architecture has has recognized as force. Architecture has has long recognized as powerful force. architecture plays role In public spaces. architecture Furthermore can influence development of society. society of values. society architecture impact. architecture has played role From ancient civilizations to cities. architecture can have significant impact on environment. crucial role is in defining. architecture has played role From civilizations to cities. architecture can also influence economic development. architecture has played role From ancient civilizations. architecture has potential. architecture also plays crucial role. architecture has played role From ancient civilizations to modern cities. architecture can also have significant impact. architecture influences society. architecture can influence development. architecture Furthermore can also influence economic development of society. architecture is force. architecture is force In conclusion. impact design of homes. architecture can also have impact on environment. architecture is powerful shapes. architecture influences aspect of society. architecture is powerful force. architecture also plays role In spaces. architecture has played role From civilizations to modern cities. architecture plays role. powerful force is In conclusion. architecture has played role From civilizations. architecture Moreover can also have impact. architects reduce carbon footprint of built environment. architects reduce carbon footprint of environment. carbon footprint mitigate effects. carbon footprint mitigate effects of climate change. architects reduce carbon footprint. investment buildings tourism. designed buildings can attract investment. buildings can attract investment. buildings have become tourist attractions. buildings serve as symbols. buildings also shape Beyond their symbolic value. buildings serve as symbols of society 's values. buildings shape Beyond just their symbolic value. buildings have become For example. buildings have become major tourist attractions. investment buildings tourism. buildings also shape Beyond their value. buildings shape Beyond just their value. sense houses designed with quality materials. sense houses well designed with quality materials. design can convey sense depending depending architectural style chosen. design can convey sense depending depending style chosen. design account for portion of global energy consumption. sense houses well designed with high quality materials. design account for portion. design can convey sense. sense houses designed with high quality materials. design can convey sense depending depending architectural style. design account for portion of energy consumption. design can have impact on quality of life. design can convey sense of authority. design can have profound impact on quality of life of residents. sense houses designed. sense design of buildings. design can have impact. design can have impact on quality. profound impact design of homes. design account for large portion of energy consumption. impact design of homes. design account for large portion of global energy consumption. design account for large portion. design can have profound impact. design can have profound impact on quality. design can have impact on quality of life of residents. design can convey sense depending depending style. sense houses well designed. design can have profound impact on quality of life.",
    "evaluation": 1
  },
  {
    "correct_answer": "Architecture influences society through the design of public spaces.",
    "retrieved_context": "Public buildings serve as symbols. Public buildings serve as symbols of society 's values. public buildings also shape Beyond their symbolic value. public buildings shape Beyond just their symbolic value. public buildings also shape Beyond just their value. public buildings shape Beyond their value. investment buildings tourism. designed buildings can attract investment. Architecture has has recognized as powerful force. Architecture has has long recognized. Architecture has has recognized. Architecture has has long recognized as force. Architecture has has recognized as force. Architecture has has long recognized as powerful force. architecture plays role In public spaces. architecture Furthermore can influence development of society. society of values. society architecture impact. architecture has played role From ancient civilizations to cities. architecture can have significant impact on environment. crucial role is in defining. architecture has played role From civilizations to cities. architecture can also influence economic development. architecture has played role From ancient civilizations. architecture has potential. architecture also plays crucial role. architecture has played role From ancient civilizations to modern cities. architecture can also have significant impact. architecture influences society. architecture can influence development. architecture Furthermore can also influence economic development of society. architecture is force. architecture is force In conclusion. impact design of homes. architecture can also have impact on environment. architecture is powerful shapes. architecture influences aspect of society. architecture is powerful force. architecture also plays role In spaces. architecture has played role From civilizations to modern cities. architecture plays role. powerful force is In conclusion. architecture has played role From civilizations. architecture Moreover can also have impact. buildings can attract investment. buildings have become tourist attractions. buildings serve as symbols. buildings also shape Beyond their symbolic value. buildings serve as symbols of society 's values. buildings shape Beyond just their symbolic value. buildings have become For example. buildings have become major tourist attractions. investment buildings tourism. buildings also shape Beyond their value. buildings shape Beyond just their value. architects reduce carbon footprint of built environment. architects reduce carbon footprint of environment. carbon footprint mitigate effects. carbon footprint mitigate effects of climate change. architects reduce carbon footprint.",
    "evaluation": 1
  },
  {
    "correct_answer": "Public buildings serve as symbols of a society's values and priorities.",
    "retrieved_context": "Public buildings serve as symbols. Public buildings serve as symbols of society 's values. public buildings also shape Beyond their symbolic value. public buildings shape Beyond just their symbolic value. public buildings also shape Beyond just their value. public buildings shape Beyond their value. iconic buildings have become For example. iconic buildings have become major tourist attractions. iconic buildings have become tourist attractions. buildings can attract investment. buildings have become tourist attractions. buildings serve as symbols. buildings also shape Beyond their symbolic value. buildings serve as symbols of society 's values. buildings shape Beyond just their symbolic value. buildings have become For example. buildings have become major tourist attractions. investment buildings tourism. buildings also shape Beyond their value. buildings shape Beyond just their value. sense houses designed. sense design of buildings. sense houses well designed. sense houses designed with high quality materials. sense houses designed with quality materials. government building is with grand columns. government building may project sense of power. sense houses well designed with quality materials. government building may project sense For example. government building may project sense. sense houses well designed with high quality materials. investment buildings tourism. designed buildings can attract investment.",
    "evaluation": 1
  },
  {
    "correct_answer": "The design of public buildings can convey a sense of authority, tradition, or modernity.",
    "retrieved_context": "Public buildings serve as symbols. Public buildings serve as symbols of society 's values. public buildings also shape Beyond their symbolic value. public buildings shape Beyond just their symbolic value. public buildings also shape Beyond just their value. public buildings shape Beyond their value. investment buildings tourism. designed buildings can attract investment. iconic buildings have become For example. iconic buildings have become major tourist attractions. iconic buildings have become tourist attractions. buildings can attract investment. buildings have become tourist attractions. buildings serve as symbols. buildings also shape Beyond their symbolic value. buildings serve as symbols of society 's values. buildings shape Beyond just their symbolic value. buildings have become For example. buildings have become major tourist attractions. investment buildings tourism. buildings also shape Beyond their value. buildings shape Beyond just their value. sense houses designed. sense design of buildings. sense houses well designed. sense houses designed with high quality materials. sense houses designed with quality materials. government building is with grand columns. government building may project sense of power. sense houses well designed with quality materials. government building may project sense For example. government building may project sense. sense houses well designed with high quality materials.",
    "evaluation": 0
  },
  {
    "correct_answer": "Public buildings shape how people interact with their surroundings.",
    "retrieved_context": "Public buildings serve as symbols. Public buildings serve as symbols of society 's values. public buildings also shape Beyond their symbolic value. public buildings shape Beyond just their symbolic value. public buildings also shape Beyond just their value. public buildings shape Beyond their value. buildings can attract investment. buildings have become tourist attractions. buildings serve as symbols. buildings also shape Beyond their symbolic value. buildings serve as symbols of society 's values. buildings shape Beyond just their symbolic value. buildings have become For example. buildings have become major tourist attractions. investment buildings tourism. buildings also shape Beyond their value. buildings shape Beyond just their value. sense houses designed. sense design of buildings. sense houses well designed. sense houses designed with high quality materials. sense houses designed with quality materials. government building is with grand columns. government building may project sense of power. sense houses well designed with quality materials. government building may project sense For example. government building may project sense. sense houses well designed with high quality materials. iconic buildings have become For example. iconic buildings have become major tourist attractions. iconic buildings have become tourist attractions. investment buildings tourism. designed buildings can attract investment.",
    "evaluation": 0
  },
  {
    "correct_answer": "The layout of a city influences how people move through urban spaces.",
    "retrieved_context": "buildings can attract investment. buildings have become tourist attractions. buildings serve as symbols. buildings also shape Beyond their symbolic value. buildings serve as symbols of society 's values. buildings shape Beyond just their symbolic value. buildings have become For example. buildings have become major tourist attractions. investment buildings tourism. buildings also shape Beyond their value. buildings shape Beyond just their value. Public buildings serve as symbols. Public buildings serve as symbols of society 's values. public buildings also shape Beyond their symbolic value. public buildings shape Beyond just their symbolic value. public buildings also shape Beyond just their value. public buildings shape Beyond their value.",
    "evaluation": 0
  },
  {
    "correct_answer": "Well-designed parks can encourage social interaction and community engagement.",
    "retrieved_context": "designed park is with seating. social interaction well designed park community engagement. iconic buildings have become For example. iconic buildings have become major tourist attractions. iconic buildings have become tourist attractions.",
    "evaluation": 1
  },
  {
    "correct_answer": "Architecture shapes the built environment of residential areas.",
    "retrieved_context": "investment buildings tourism. designed buildings can attract investment. Architecture has has recognized as powerful force. Architecture has has long recognized. Architecture has has recognized. Architecture has has long recognized as force. Architecture has has recognized as force. Architecture has has long recognized as powerful force. architecture plays role In public spaces. architecture Furthermore can influence development of society. society of values. society architecture impact. architecture has played role From ancient civilizations to cities. architecture can have significant impact on environment. crucial role is in defining. architecture has played role From civilizations to cities. architecture can also influence economic development. architecture has played role From ancient civilizations. architecture has potential. architecture also plays crucial role. architecture has played role From ancient civilizations to modern cities. architecture can also have significant impact. architecture influences society. architecture can influence development. architecture Furthermore can also influence economic development of society. architecture is force. architecture is force In conclusion. impact design of homes. architecture can also have impact on environment. architecture is powerful shapes. architecture influences aspect of society. architecture is powerful force. architecture also plays role In spaces. architecture has played role From civilizations to modern cities. architecture plays role. powerful force is In conclusion. architecture has played role From civilizations. architecture Moreover can also have impact. buildings can attract investment. buildings have become tourist attractions. buildings serve as symbols. buildings also shape Beyond their symbolic value. buildings serve as symbols of society 's values. buildings shape Beyond just their symbolic value. buildings have become For example. buildings have become major tourist attractions. investment buildings tourism. buildings also shape Beyond their value. buildings shape Beyond just their value. architects reduce carbon footprint of built environment. architects reduce carbon footprint of environment. carbon footprint mitigate effects. carbon footprint mitigate effects of climate change. architects reduce carbon footprint. Public buildings serve as symbols. Public buildings serve as symbols of society 's values. public buildings also shape Beyond their symbolic value. public buildings shape Beyond just their symbolic value. public buildings also shape Beyond just their value. public buildings shape Beyond their value.",
    "evaluation": 0
  },
  {
    "correct_answer": "The design of homes and neighborhoods impacts the quality of life of residents.",
    "retrieved_context": "dilapidated housing can contribute to social isolation. dilapidated housing can contribute to isolation. sense houses designed. sense design of buildings. sense houses well designed. sense houses designed with high quality materials. sense houses designed with quality materials. houses can promote sense. sense houses well designed with quality materials. houses can promote sense among residents. houses can promote sense of pride. houses can promote sense For example. sense houses well designed with high quality materials. housing can contribute to isolation. housing can contribute to social isolation.",
    "evaluation": 0
  },
  {
    "correct_answer": "Well-designed houses can promote a sense of pride and ownership among residents.",
    "retrieved_context": "sense houses designed. sense design of buildings. sense houses well designed. sense houses designed with high quality materials. sense houses designed with quality materials. houses can promote sense. sense houses well designed with quality materials. houses can promote sense among residents. houses can promote sense of pride. houses can promote sense For example. sense houses well designed with high quality materials. investment buildings tourism. designed buildings can attract investment. iconic buildings have become For example. iconic buildings have become major tourist attractions. iconic buildings have become tourist attractions. housing can contribute to isolation. housing can contribute to social isolation.",
    "evaluation": 1
  },
  {
    "correct_answer": "Architecture influences the economic development of a society.",
    "retrieved_context": "Architecture has has recognized as powerful force. Architecture has has long recognized. Architecture has has recognized. Architecture has has long recognized as force. Architecture has has recognized as force. Architecture has has long recognized as powerful force. architecture plays role In public spaces. architecture Furthermore can influence development of society. society of values. society architecture impact. architecture has played role From ancient civilizations to cities. architecture can have significant impact on environment. crucial role is in defining. architecture has played role From civilizations to cities. architecture can also influence economic development. architecture has played role From ancient civilizations. architecture has potential. architecture also plays crucial role. architecture has played role From ancient civilizations to modern cities. architecture can also have significant impact. architecture influences society. architecture can influence development. architecture Furthermore can also influence economic development of society. architecture is force. architecture is force In conclusion. impact design of homes. architecture can also have impact on environment. architecture is powerful shapes. architecture influences aspect of society. architecture is powerful force. architecture also plays role In spaces. architecture has played role From civilizations to modern cities. architecture plays role. powerful force is In conclusion. architecture has played role From civilizations. architecture Moreover can also have impact. architects reduce carbon footprint of built environment. architects reduce carbon footprint of environment. carbon footprint mitigate effects. carbon footprint mitigate effects of climate change. architects reduce carbon footprint. investment buildings tourism. designed buildings can attract investment.",
    "evaluation": 1
  },
  {
    "correct_answer": "Well-designed buildings can attract investment and tourism, boosting the local economy.",
    "retrieved_context": "investment buildings tourism. designed buildings can attract investment. iconic buildings have become For example. iconic buildings have become major tourist attractions. iconic buildings have become tourist attractions. buildings can attract investment. buildings have become tourist attractions. buildings serve as symbols. buildings also shape Beyond their symbolic value. buildings serve as symbols of society 's values. buildings shape Beyond just their symbolic value. buildings have become For example. buildings have become major tourist attractions. investment buildings tourism. buildings also shape Beyond their value. buildings shape Beyond just their value. Public buildings serve as symbols. Public buildings serve as symbols of society 's values. public buildings also shape Beyond their symbolic value. public buildings shape Beyond just their symbolic value. public buildings also shape Beyond just their value. public buildings shape Beyond their value.",
    "evaluation": 1
  },
  {
    "correct_answer": "Architecture can influence the environment and sustainability.",
    "retrieved_context": "Architecture has has recognized as powerful force. Architecture has has long recognized. Architecture has has recognized. Architecture has has long recognized as force. Architecture has has recognized as force. Architecture has has long recognized as powerful force. architecture plays role In public spaces. architecture Furthermore can influence development of society. society of values. society architecture impact. architecture has played role From ancient civilizations to cities. architecture can have significant impact on environment. crucial role is in defining. architecture has played role From civilizations to cities. architecture can also influence economic development. architecture has played role From ancient civilizations. architecture has potential. architecture also plays crucial role. architecture has played role From ancient civilizations to modern cities. architecture can also have significant impact. architecture influences society. architecture can influence development. architecture Furthermore can also influence economic development of society. architecture is force. architecture is force In conclusion. impact design of homes. architecture can also have impact on environment. architecture is powerful shapes. architecture influences aspect of society. architecture is powerful force. architecture also plays role In spaces. architecture has played role From civilizations to modern cities. architecture plays role. powerful force is In conclusion. architecture has played role From civilizations. architecture Moreover can also have impact. architects reduce carbon footprint of built environment. architects reduce carbon footprint of environment. carbon footprint mitigate effects. carbon footprint mitigate effects of climate change. architects reduce carbon footprint. investment buildings tourism. designed buildings can attract investment.",
    "evaluation": 1
  },
  {
    "correct_answer": "Designing energy-efficient buildings can help reduce the carbon footprint of the built environment.",
    "retrieved_context": "carbon footprint mitigate effects. carbon footprint mitigate effects of climate change. investment buildings tourism. designed buildings can attract investment. buildings can attract investment. buildings have become tourist attractions. buildings serve as symbols. buildings also shape Beyond their symbolic value. buildings serve as symbols of society 's values. buildings shape Beyond just their symbolic value. buildings have become For example. buildings have become major tourist attractions. investment buildings tourism. buildings also shape Beyond their value. buildings shape Beyond just their value. iconic buildings have become For example. iconic buildings have become major tourist attractions. iconic buildings have become tourist attractions.",
    "evaluation": 0
  },
  {
    "correct_answer": "Green spaces and urban forests can improve air quality and provide habitat for wildlife.",
    "retrieved_context": "air quality provide habitat. air quality provide habitat for wildlife. air quality reduce urban heat islands. air quality reduce heat islands. carbon footprint mitigate effects. carbon footprint mitigate effects of climate change.",
    "evaluation": 0
  },
  {
    "accuracy": "53.33%"
  }
]