[
  {
    "correct_answer": "The human body has defense mechanisms to protect itself against harmful pathogens.",
    "retrieved_context": "barriers reducing burden. body has own tissues leading to tissue damage. body is equipped with immune system. body is equipped with sophisticated system. body is In conclusion equipped with sophisticated system. barriers enter body. body is In conclusion equipped with system. physical barriers reducing burden on immune system. pathogens breach barriers. physical barriers reducing burden on system. body is equipped. barriers play role in preventing infections. physical barriers play crucial role. body is equipped In conclusion. physical barriers reducing burden. body fights infections. physical barriers play role in preventing infections. pathogens invade body. barriers reducing burden on immune system. barriers reducing burden on system. body is In conclusion equipped with immune system. barriers play role in infections. physical barriers play role. physical barriers play role in infections. physical barriers enter body. body is equipped with sophisticated immune system. body to own tissues. body is equipped with system. barriers play role. pathogens breach physical barriers. body is In conclusion equipped with sophisticated immune system. barriers play crucial role. pathogens environment of stomach. body is complex system. pathogens prevents them. many pathogens acidic environment of stomach. defense mechanisms protect itself. various defense mechanisms protect itself.",
    "evaluation": 1
  },
  {
    "correct_answer": "The immune system fights off infections to restore health.",
    "retrieved_context": "response involves complex interplay. immune system is comprised of network of cells. response is regulated process. response is process. infection restore health. immune system also relies on cells. immune system mistakenly attacks body 's tissues leading to tissue damage. immune system mount response. immune system kicks into action. immune system relies In blood cells. response involves complex interplay of cells. immune system responds with targeted defense mechanism. immune system attacks body 's own tissues. immune system key features of is its ability. response is regulated process carefully balanced. immune system mistakenly attacks body 's tissues. immune system fight off infection. immune system fights infections. immune system is comprised. response can become dysregulated. immune system encounters pathogen for time. response can become In cases. immune system is comprised of network. cells are responsible. immune system responds with more targeted defense mechanism. response regulate activity. immune system is comprised of complex network of cells. cells are responsible For example. immune system relies on specialized cells. immune system also relies on other cells. immune system attacks body 's own tissues leading to tissue damage. response involves interplay of cells. response involves interplay. immune system responds with defense mechanism. immune system encounters pathogen. immune system also relies on other specialized cells. response regulate activity of immune cells. response regulate activity of cells. immune system attacks body 's own tissues leading. immune system is comprised of complex network. response is tightly regulated process. immune system mount faster response. immune system mistakenly attacks body 's tissues leading. immune system relies In white blood cells. response is regulated balanced. immune system encounters pathogen for first time. immune response is tightly regulated process. immune response regulate activity. immune response regulate activity of cells. immune response can become dysregulated. immune response involves complex interplay of cells. immune response involves interplay. immune response is regulated process balanced. immune response involves interplay of cells. immune response is tightly regulated process carefully balanced. immune response is regulated process. immune response is process. immune response can become In cases. immune response regulate activity of immune cells. immune response involves complex interplay.",
    "evaluation": 1
  },
  {
    "correct_answer": "The immune response involves coordinated responses of cells, tissues, and organs.",
    "retrieved_context": "immune response is tightly regulated process. immune response regulate activity. immune response regulate activity of cells. immune response can become dysregulated. immune response involves complex interplay of cells. immune response involves interplay. immune response is regulated process balanced. immune response involves interplay of cells. immune response is tightly regulated process carefully balanced. immune response is regulated process. immune response is process. immune response can become In cases. immune response regulate activity of immune cells. immune response involves complex interplay. response involves complex interplay. immune system is comprised of network of cells. response is regulated process. response is process. infection restore health. immune system also relies on cells. immune system mistakenly attacks body 's tissues leading to tissue damage. immune system mount response. immune system kicks into action. immune system relies In blood cells. response involves complex interplay of cells. immune system responds with targeted defense mechanism. immune system attacks body 's own tissues. immune system key features of is its ability. response is regulated process carefully balanced. immune system mistakenly attacks body 's tissues. immune system fight off infection. immune system fights infections. immune system is comprised. response can become dysregulated. immune system encounters pathogen for time. response can become In cases. immune system is comprised of network. cells are responsible. immune system responds with more targeted defense mechanism. response regulate activity. immune system is comprised of complex network of cells. cells are responsible For example. immune system relies on specialized cells. immune system also relies on other cells. immune system attacks body 's own tissues leading to tissue damage. response involves interplay of cells. response involves interplay. immune system responds with defense mechanism. immune system encounters pathogen. immune system also relies on other specialized cells. response regulate activity of immune cells. response regulate activity of cells. immune system attacks body 's own tissues leading. immune system is comprised of complex network. response is tightly regulated process. immune system mount faster response. immune system mistakenly attacks body 's tissues leading. immune system relies In white blood cells. response is regulated balanced. immune system encounters pathogen for first time.",
    "evaluation": 1
  },
  {
    "correct_answer": "Physical barriers prevent pathogens from entering the body.",
    "retrieved_context": "barriers reducing burden. body has own tissues leading to tissue damage. body is equipped with immune system. body is equipped with sophisticated system. body is In conclusion equipped with sophisticated system. barriers enter body. body is In conclusion equipped with system. physical barriers reducing burden on immune system. pathogens breach barriers. physical barriers reducing burden on system. body is equipped. barriers play role in preventing infections. physical barriers play crucial role. body is equipped In conclusion. physical barriers reducing burden. body fights infections. physical barriers play role in preventing infections. pathogens invade body. barriers reducing burden on immune system. barriers reducing burden on system. body is In conclusion equipped with immune system. barriers play role in infections. physical barriers play role. physical barriers play role in infections. physical barriers enter body. body is equipped with sophisticated immune system. body to own tissues. body is equipped with system. barriers play role. pathogens breach physical barriers. body is In conclusion equipped with sophisticated immune system. barriers play crucial role. pathogens environment of stomach. body is complex system. pathogens prevents them. immune system is comprised of network of cells. system encounters pathogen for time. immune system mistakenly attacks body 's tissues leading to tissue damage. body is equipped with sophisticated system. body is In conclusion equipped with sophisticated system. immune system kicks into action. system kicks into action. body is In conclusion equipped with system. system also relies on cells. system is comprised of network. immune system responds with targeted defense mechanism. immune system mistakenly attacks body 's tissues. system mistakenly attacks body 's tissues. system is comprised of network of cells. system mount faster response. system also relies on specialized cells. physical barriers play role. system relies on other specialized cells. immune system responds with defense mechanism. system mount response. immune system is comprised of complex network. immune system mount faster response. immune system relies In white blood cells. system is comprised of complex network. body has own tissues leading to tissue damage. system relies In white blood cells. immune system also relies on cells. system fights infections. immune system fight off infection. system relies on other cells. immune system is comprised. physical barriers play crucial role. immune system encounters pathogen for time. system attacks body 's own tissues leading. physical barriers play role in preventing infections. immune system responds with more targeted defense mechanism. immune system relies on specialized cells. body to own tissues. system responds with targeted defense mechanism. body is In conclusion equipped with sophisticated immune system. system features of is its ability. physical barriers reducing burden on immune system. immune system attacks body 's own tissues. immune system key features of is its ability. physical barriers reducing burden on system. immune system fights infections. body is equipped In conclusion. system attacks body 's own tissues. physical barriers reducing burden. immune system is comprised of network. system encounters pathogen. immune system attacks body 's own tissues leading to tissue damage. body is In conclusion equipped with immune system. system relies In blood cells. physical barriers enter body. body is equipped with sophisticated immune system. immune system encounters pathogen. immune system attacks body 's own tissues leading. immune system mistakenly attacks body 's tissues leading. system responds with more targeted defense mechanism. body is complex system. system is comprised of complex network of cells. immune system encounters pathogen for first time. system attacks body 's own tissues leading to tissue damage. system encounters pathogen for first time. body is equipped with immune system. immune system mount response. immune system relies In blood cells. body is equipped. system is comprised. system fight off infection. body fights infections. system mistakenly attacks body 's tissues leading to tissue damage. system responds with defense mechanism. immune system is comprised of complex network of cells. immune system also relies on other cells. physical barriers play role in infections. body is equipped with system. immune system also relies on other specialized cells. system mistakenly attacks body 's tissues leading. many pathogens acidic environment of stomach.",
    "evaluation": 1
  },
  {
    "correct_answer": "The skin acts as a protective barrier against pathogens.",
    "retrieved_context": "barriers reducing burden. body has own tissues leading to tissue damage. body is equipped with immune system. body is equipped with sophisticated system. body is In conclusion equipped with sophisticated system. barriers enter body. body is In conclusion equipped with system. physical barriers reducing burden on immune system. pathogens breach barriers. physical barriers reducing burden on system. body is equipped. barriers play role in preventing infections. physical barriers play crucial role. body is equipped In conclusion. physical barriers reducing burden. body fights infections. physical barriers play role in preventing infections. pathogens invade body. barriers reducing burden on immune system. barriers reducing burden on system. body is In conclusion equipped with immune system. barriers play role in infections. physical barriers play role. physical barriers play role in infections. physical barriers enter body. body is equipped with sophisticated immune system. body to own tissues. body is equipped with system. barriers play role. pathogens breach physical barriers. body is In conclusion equipped with sophisticated immune system. barriers play crucial role. pathogens environment of stomach. body is complex system. pathogens prevents them. many pathogens acidic environment of stomach. response involves complex interplay. immune system is comprised of network of cells. response is regulated process. response is process. infection restore health. immune system also relies on cells. immune system mistakenly attacks body 's tissues leading to tissue damage. immune system mount response. immune system kicks into action. immune system relies In blood cells. response involves complex interplay of cells. immune system responds with targeted defense mechanism. immune system attacks body 's own tissues. immune system key features of is its ability. response is regulated process carefully balanced. immune system mistakenly attacks body 's tissues. immune system fight off infection. immune system fights infections. immune system is comprised. response can become dysregulated. immune system encounters pathogen for time. response can become In cases. immune system is comprised of network. cells are responsible. immune system responds with more targeted defense mechanism. response regulate activity. immune system is comprised of complex network of cells. cells are responsible For example. immune system relies on specialized cells. immune system also relies on other cells. immune system attacks body 's own tissues leading to tissue damage. response involves interplay of cells. response involves interplay. immune system responds with defense mechanism. immune system encounters pathogen. immune system also relies on other specialized cells. response regulate activity of immune cells. response regulate activity of cells. immune system attacks body 's own tissues leading. immune system is comprised of complex network. response is tightly regulated process. immune system mount faster response. immune system mistakenly attacks body 's tissues leading. immune system relies In white blood cells. response is regulated balanced. immune system encounters pathogen for first time.",
    "evaluation": 0
  },
  {
    "correct_answer": "Mucous membranes produce mucus to trap pathogens.",
    "retrieved_context": "mucous membranes produce mucus. mucus mucous membranes in respiratory tracts. mucous membranes is in respiratory tracts. mucus membranes in tracts. mucus mucous membranes in respiratory tracts. mucus membranes in tracts. barriers reducing burden. body has own tissues leading to tissue damage. body is equipped with immune system. body is equipped with sophisticated system. body is In conclusion equipped with sophisticated system. barriers enter body. body is In conclusion equipped with system. physical barriers reducing burden on immune system. pathogens breach barriers. physical barriers reducing burden on system. body is equipped. barriers play role in preventing infections. physical barriers play crucial role. body is equipped In conclusion. physical barriers reducing burden. body fights infections. physical barriers play role in preventing infections. pathogens invade body. barriers reducing burden on immune system. barriers reducing burden on system. body is In conclusion equipped with immune system. barriers play role in infections. physical barriers play role. physical barriers play role in infections. physical barriers enter body. body is equipped with sophisticated immune system. body to own tissues. body is equipped with system. barriers play role. pathogens breach physical barriers. body is In conclusion equipped with sophisticated immune system. barriers play crucial role. pathogens environment of stomach. body is complex system. pathogens prevents them. many pathogens acidic environment of stomach.",
    "evaluation": 0
  },
  {
    "correct_answer": "The acidic environment of the stomach can kill pathogens.",
    "retrieved_context": "barriers reducing burden. body has own tissues leading to tissue damage. body is equipped with immune system. body is equipped with sophisticated system. body is In conclusion equipped with sophisticated system. barriers enter body. body is In conclusion equipped with system. physical barriers reducing burden on immune system. pathogens breach barriers. physical barriers reducing burden on system. body is equipped. barriers play role in preventing infections. physical barriers play crucial role. body is equipped In conclusion. physical barriers reducing burden. body fights infections. physical barriers play role in preventing infections. pathogens invade body. barriers reducing burden on immune system. barriers reducing burden on system. body is In conclusion equipped with immune system. barriers play role in infections. physical barriers play role. physical barriers play role in infections. physical barriers enter body. body is equipped with sophisticated immune system. body to own tissues. body is equipped with system. barriers play role. pathogens breach physical barriers. body is In conclusion equipped with sophisticated immune system. barriers play crucial role. pathogens environment of stomach. body is complex system. pathogens prevents them. pathogens breach barriers. acidic environment can kill many pathogens. many pathogens acidic environment of stomach. pathogens breach physical barriers. pathogens invade body. acidic environment can kill pathogens In addition. acidic environment can kill pathogens. pathogens environment of stomach. pathogens prevents them. many pathogens acidic environment of stomach.",
    "evaluation": 1
  },
  {
    "correct_answer": "White blood cells are key players in the immune response.",
    "retrieved_context": "immune response is tightly regulated process. immune response regulate activity. immune response regulate activity of cells. immune response can become dysregulated. immune response involves complex interplay of cells. immune response involves interplay. immune response is regulated process balanced. immune response involves interplay of cells. immune response is tightly regulated process carefully balanced. immune response is regulated process. immune response is process. immune response can become In cases. immune response regulate activity of immune cells. immune response involves complex interplay. response involves complex interplay. immune system is comprised of network of cells. response is regulated process. response is process. infection restore health. immune system also relies on cells. immune system mistakenly attacks body 's tissues leading to tissue damage. immune system mount response. immune system kicks into action. immune system relies In blood cells. response involves complex interplay of cells. immune system responds with targeted defense mechanism. immune system attacks body 's own tissues. immune system key features of is its ability. response is regulated process carefully balanced. immune system mistakenly attacks body 's tissues. immune system fight off infection. immune system fights infections. immune system is comprised. response can become dysregulated. immune system encounters pathogen for time. response can become In cases. immune system is comprised of network. cells are responsible. immune system responds with more targeted defense mechanism. response regulate activity. immune system is comprised of complex network of cells. cells are responsible For example. immune system relies on specialized cells. immune system also relies on other cells. immune system attacks body 's own tissues leading to tissue damage. response involves interplay of cells. response involves interplay. immune system responds with defense mechanism. immune system encounters pathogen. immune system also relies on other specialized cells. response regulate activity of immune cells. response regulate activity of cells. immune system attacks body 's own tissues leading. immune system is comprised of complex network. response is tightly regulated process. immune system mount faster response. immune system mistakenly attacks body 's tissues leading. immune system relies In white blood cells. response is regulated balanced. immune system encounters pathogen for first time.",
    "evaluation": 1
  },
  {
    "correct_answer": "Neutrophils are the first responders to infections.",
    "retrieved_context": "Neutrophils are responders to infection. Neutrophils are most abundant type. infection restore health. Neutrophils are first responders. Neutrophils are type. Neutrophils are abundant type of white blood cells. Neutrophils are most abundant type of blood cells. Neutrophils are responders. Neutrophils are abundant type. barriers reducing burden. body has own tissues leading to tissue damage. body is equipped with immune system. body is equipped with sophisticated system. body is In conclusion equipped with sophisticated system. barriers enter body. body is In conclusion equipped with system. physical barriers reducing burden on immune system. pathogens breach barriers. physical barriers reducing burden on system. body is equipped. barriers play role in preventing infections. physical barriers play crucial role. body is equipped In conclusion. physical barriers reducing burden. body fights infections. physical barriers play role in preventing infections. pathogens invade body. barriers reducing burden on immune system. barriers reducing burden on system. body is In conclusion equipped with immune system. barriers play role in infections. physical barriers play role. physical barriers play role in infections. physical barriers enter body. body is equipped with sophisticated immune system. body to own tissues. body is equipped with system. barriers play role. pathogens breach physical barriers. body is In conclusion equipped with sophisticated immune system. barriers play crucial role. pathogens environment of stomach. body is complex system. pathogens prevents them. infection restore health. inflammation can contribute to development of conditions. inflammation can also contribute to development.",
    "evaluation": 1
  },
  {
    "correct_answer": "Macrophages patrol the body and alert other immune cells.",
    "retrieved_context": "immune response is tightly regulated process. immune response regulate activity. immune response regulate activity of cells. immune response can become dysregulated. immune response involves complex interplay of cells. immune response involves interplay. immune response is regulated process balanced. immune response involves interplay of cells. immune response is tightly regulated process carefully balanced. immune response is regulated process. immune response is process. immune response can become In cases. immune response regulate activity of immune cells. immune response involves complex interplay. molecules protect body against infections. molecules protect body. Cytokines are signaling molecules. response involves complex interplay. immune system is comprised of network of cells. response is regulated process. response is process. infection restore health. immune system also relies on cells. immune system mistakenly attacks body 's tissues leading to tissue damage. immune system mount response. immune system kicks into action. immune system relies In blood cells. response involves complex interplay of cells. immune system responds with targeted defense mechanism. immune system attacks body 's own tissues. immune system key features of is its ability. response is regulated process carefully balanced. immune system mistakenly attacks body 's tissues. immune system fight off infection. immune system fights infections. immune system is comprised. response can become dysregulated. immune system encounters pathogen for time. response can become In cases. immune system is comprised of network. cells are responsible. immune system responds with more targeted defense mechanism. response regulate activity. immune system is comprised of complex network of cells. cells are responsible For example. immune system relies on specialized cells. immune system also relies on other cells. immune system attacks body 's own tissues leading to tissue damage. response involves interplay of cells. response involves interplay. immune system responds with defense mechanism. immune system encounters pathogen. immune system also relies on other specialized cells. response regulate activity of immune cells. response regulate activity of cells. immune system attacks body 's own tissues leading. immune system is comprised of complex network. response is tightly regulated process. immune system mount faster response. immune system mistakenly attacks body 's tissues leading. immune system relies In white blood cells. response is regulated balanced. immune system encounters pathogen for first time.",
    "evaluation": 0
  },
  {
    "correct_answer": "Lymphocytes mount a targeted immune response.",
    "retrieved_context": "",
    "evaluation": 0
  },
  {
    "correct_answer": "Dendritic cells present antigens to T cells for a specific immune response.",
    "retrieved_context": "dendritic cells are responsible For example. dendritic cells are responsible. T cells attack cells. T cells directly attack infected cells. cells are responsible For example. cells are responsible. immune response is tightly regulated process. immune response regulate activity. immune response regulate activity of cells. immune response can become dysregulated. immune response involves complex interplay of cells. immune response involves interplay. immune response is regulated process balanced. immune response involves interplay of cells. immune response is tightly regulated process carefully balanced. immune response is regulated process. immune response is process. immune response can become In cases. immune response regulate activity of immune cells. immune response involves complex interplay. response involves complex interplay. immune system is comprised of network of cells. response is regulated process. response is process. infection restore health. immune system also relies on cells. immune system mistakenly attacks body 's tissues leading to tissue damage. immune system mount response. immune system kicks into action. immune system relies In blood cells. response involves complex interplay of cells. immune system responds with targeted defense mechanism. immune system attacks body 's own tissues. immune system key features of is its ability. response is regulated process carefully balanced. immune system mistakenly attacks body 's tissues. immune system fight off infection. immune system fights infections. immune system is comprised. response can become dysregulated. immune system encounters pathogen for time. response can become In cases. immune system is comprised of network. cells are responsible. immune system responds with more targeted defense mechanism. response regulate activity. immune system is comprised of complex network of cells. cells are responsible For example. immune system relies on specialized cells. immune system also relies on other cells. immune system attacks body 's own tissues leading to tissue damage. response involves interplay of cells. response involves interplay. immune system responds with defense mechanism. immune system encounters pathogen. immune system also relies on other specialized cells. response regulate activity of immune cells. response regulate activity of cells. immune system attacks body 's own tissues leading. immune system is comprised of complex network. response is tightly regulated process. immune system mount faster response. immune system mistakenly attacks body 's tissues leading. immune system relies In white blood cells. response is regulated balanced. immune system encounters pathogen for first time.",
    "evaluation": 0
  },
  {
    "correct_answer": "Natural killer cells can directly kill infected cells.",
    "retrieved_context": "cells are responsible For example. cells are responsible.",
    "evaluation": 0
  },
  {
    "correct_answer": "Complement proteins enhance the ability of antibodies to destroy pathogens.",
    "retrieved_context": "Complement proteins are group. Complement proteins are group of proteins. barriers reducing burden. body has own tissues leading to tissue damage. body is equipped with immune system. body is equipped with sophisticated system. body is In conclusion equipped with sophisticated system. barriers enter body. body is In conclusion equipped with system. physical barriers reducing burden on immune system. pathogens breach barriers. physical barriers reducing burden on system. body is equipped. barriers play role in preventing infections. physical barriers play crucial role. body is equipped In conclusion. physical barriers reducing burden. body fights infections. physical barriers play role in preventing infections. pathogens invade body. barriers reducing burden on immune system. barriers reducing burden on system. body is In conclusion equipped with immune system. barriers play role in infections. physical barriers play role. physical barriers play role in infections. physical barriers enter body. body is equipped with sophisticated immune system. body to own tissues. body is equipped with system. barriers play role. pathogens breach physical barriers. body is In conclusion equipped with sophisticated immune system. barriers play crucial role. pathogens environment of stomach. body is complex system. pathogens prevents them. response involves complex interplay. immune system is comprised of network of cells. response is regulated process. response is process. infection restore health. immune system also relies on cells. immune system mistakenly attacks body 's tissues leading to tissue damage. immune system mount response. immune system kicks into action. immune system relies In blood cells. response involves complex interplay of cells. immune system responds with targeted defense mechanism. immune system attacks body 's own tissues. immune system key features of is its ability. response is regulated process carefully balanced. immune system mistakenly attacks body 's tissues. immune system fight off infection. immune system fights infections. immune system is comprised. response can become dysregulated. immune system encounters pathogen for time. response can become In cases. immune system is comprised of network. cells are responsible. immune system responds with more targeted defense mechanism. response regulate activity. immune system is comprised of complex network of cells. cells are responsible For example. immune system relies on specialized cells. immune system also relies on other cells. immune system attacks body 's own tissues leading to tissue damage. response involves interplay of cells. response involves interplay. immune system responds with defense mechanism. immune system encounters pathogen. immune system also relies on other specialized cells. response regulate activity of immune cells. response regulate activity of cells. immune system attacks body 's own tissues leading. immune system is comprised of complex network. response is tightly regulated process. immune system mount faster response. immune system mistakenly attacks body 's tissues leading. immune system relies In white blood cells. response is regulated balanced. immune system encounters pathogen for first time. immune response is tightly regulated process. immune response regulate activity. immune response regulate activity of cells. immune response can become dysregulated. immune response involves complex interplay of cells. immune response involves interplay. immune response is regulated process balanced. immune response involves interplay of cells. immune response is tightly regulated process carefully balanced. immune response is regulated process. immune response is process. immune response can become In cases. immune response regulate activity of immune cells. immune response involves complex interplay. many pathogens acidic environment of stomach.",
    "evaluation": 0
  },
  {
    "correct_answer": "Cytokines coordinate the immune response and regulate immune cell activity.",
    "retrieved_context": "molecules protect body against infections. molecules protect body. Cytokines are signaling molecules. immune response is tightly regulated process. immune response regulate activity. immune response regulate activity of cells. immune response can become dysregulated. immune response involves complex interplay of cells. immune response involves interplay. immune response is regulated process balanced. immune response involves interplay of cells. immune response is tightly regulated process carefully balanced. immune response is regulated process. immune response is process. immune response can become In cases. immune response regulate activity of immune cells. immune response involves complex interplay.",
    "evaluation": 1
  },
  {
    "accuracy": "53.33%"
  }
]