[
  {
    "correct_answer": "Consumer behavior is a study area within psychology.",
    "retrieved_context": "Consumer behavior is complex and fascinating area of study within field of psychology. Consumer behavior is area. Consumer behavior is complex area. Consumer behavior is complex area of study within field. complex area is In conclusion. Consumer behavior is area of study. consumer behavior psychology of is In conclusion complex area of study. consumer behavior psychology of is In conclusion complex area. consumer behavior psychology of is complex area. consumer behavior psychology of is In conclusion area. complex area is In conclusion. consumer behavior psychology of is area. consumer behavior psychology of is In conclusion area of study. consumer may For example may motivated. consumer may may intrinsically motivated. consumer may may motivated. consumer may For example may intrinsically motivated. consumer may engage while often driven. consumer purchase product. consumer purchase product because it aligns. consumer may engage often driven. consumer purchase product it aligns with their values. consumer purchase product it aligns. consumer may engage For example. consumer may perceive luxury brand. luxury brand be of quality. luxury brand be of higher quality. consumer may engage in information search. consumer may engage in extensive information search. consumer purchase product because it aligns with their values. consumer may engage while driven. consumer may perceive luxury brand For instance. consumer may engage driven.",
    "evaluation": 1
  },
  {
    "correct_answer": "Understanding consumer purchasing decisions is crucial for businesses.",
    "retrieved_context": "Consumer behavior is complex and fascinating area of study within field of psychology. Consumer behavior is area. Consumer behavior is complex area. Consumer behavior is complex area of study within field. complex area is In conclusion. Consumer behavior is area of study. consumer behavior psychology of is In conclusion complex area of study. consumer behavior psychology of is In conclusion complex area. consumer behavior psychology of is complex area. consumer behavior psychology of is In conclusion area. complex area is In conclusion. consumer behavior psychology of is area. consumer behavior psychology of is In conclusion area of study.",
    "evaluation": 0
  },
  {
    "correct_answer": "Motivation influences consumer behavior.",
    "retrieved_context": "Consumer behavior is complex and fascinating area of study within field of psychology. Consumer behavior is area. Consumer behavior is complex area. Consumer behavior is complex area of study within field. complex area is In conclusion. Consumer behavior is area of study. consumer behavior psychology of is In conclusion complex area of study. consumer behavior psychology of is In conclusion complex area. consumer behavior psychology of is complex area. consumer behavior psychology of is In conclusion area. complex area is In conclusion. consumer behavior psychology of is area. consumer behavior psychology of is In conclusion area of study. Motivation plays role. Motivation plays role in consumer behavior. consumer behavior psychology of is In conclusion complex area of study. consumer behavior psychology of is In conclusion complex area. consumer behavior psychology of is complex area. significant role is in consumer behavior. consumer behavior psychology of is In conclusion area. Motivation plays significant role. consumer behavior psychology of is area. consumer behavior psychology of is In conclusion area of study. motivation is while influenced by external factors. motivation refers influenced by external factors. motivation is while influenced by factors like social norms. motivation is while influenced by factors like norms. motivation is influenced peer pressure by factors like social norms. motivation is while influenced by external factors like norms. motivation refers influenced by factors like social norms. motivation is influenced by external factors like social norms. motivation is while influenced by external factors like social norms. motivation is while influenced by factors. motivation is influenced by external factors like norms. motivation is influenced by factors like norms. factors may also influence their decision. motivation refers influenced by external factors like norms. motivation refers to internal factors. motivation refers influenced by factors like norms. motivation refers influenced by factors. motivation is influenced by external factors. factors can better understand their target audience. motivation refers to factors.",
    "evaluation": 1
  },
  {
    "correct_answer": "Consumers are driven by intrinsic and extrinsic motivations.",
    "retrieved_context": "Intrinsic motivation refers influenced by factors. Intrinsic motivation refers while influenced by factors like norms. Intrinsic motivation refers while influenced by external factors. Intrinsic motivation refers influenced by factors like social norms. Intrinsic motivation refers while influenced by external factors like norms. Intrinsic motivation refers to internal factors. Intrinsic motivation refers to factors. Intrinsic motivation refers while influenced by factors like social norms. Intrinsic motivation refers influenced by external factors like norms. Intrinsic motivation refers influenced by factors like norms. Intrinsic motivation refers influenced by external factors. factors can better understand their target audience. factors may also influence their decision. Intrinsic motivation refers while influenced by factors. extrinsic motivation is influenced peer pressure by external factors like social norms. extrinsic motivation is while influenced by external factors. extrinsic motivation is while influenced by external factors like norms. extrinsic motivation is while influenced by external factors like social norms. extrinsic motivation is while influenced by factors like social norms. extrinsic motivation is while influenced by factors like norms. extrinsic motivation is influenced peer pressure by external factors like norms. extrinsic motivation is influenced peer pressure by factors like norms. extrinsic motivation is influenced by factors. extrinsic motivation is influenced peer pressure by external factors. factors can better understand their target audience. extrinsic motivation is while influenced by factors. factors may also influence their decision. extrinsic motivation is influenced peer pressure by factors like social norms. consumers making decisions while cultures may focus more. consumers making decisions individualistic cultures may focus more on preferences. consumers making decisions cultures may focus on personal preferences. consumers making decisions while individualistic cultures may focus more on preferences. relationships consumers from cultures. consumers making decisions while cultures may focus more on personal preferences. consumers making decisions. consumers making decisions while individualistic cultures may focus on personal preferences. consumers making decisions while individualistic cultures may focus on preferences. relationships consumers from collectivist cultures. consumers making decisions while individualistic cultures may focus more on personal preferences. consumers making decisions while individualistic cultures may focus more. consumers make certain purchasing decisions. consumers making decisions individualistic cultures may focus. consumers may prioritize relationships. consumers perceive product. consumers making decisions while cultures may focus on preferences. consumers may prioritize relationships For example. consumers making decisions while individualistic cultures may focus. consumers making decisions cultures may focus. consumers making decisions cultures may focus more on personal preferences. social relationships consumers from collectivist cultures. consumers making decisions individualistic cultures may focus more on personal preferences. consumers making decisions individualistic cultures may focus on preferences. consumers may prioritize social relationships. social relationships consumers from cultures. consumers making decisions individualistic cultures may focus on personal preferences. consumers making decisions while cultures may focus on personal preferences. consumers making decisions cultures may focus on preferences. consumers making decisions individualistic cultures may focus more. consumers making decisions while cultures may focus. consumers making decisions while cultures may focus more on preferences. consumers make certain decisions. consumers making decisions cultures may focus more on preferences. consumers making decisions cultures may focus more. consumers making purchasing decisions. relationships consumers group harmony. social relationships consumers group harmony. Consumers making decisions. Consumers develop attitudes based their past experiences. Consumers go through stages. Consumers are driven by intrinsic motivations. attitudes making purchase. Consumers go through several stages. Consumers develop attitudes. attitudes may deter consumers. Consumers making purchasing decisions. attitudes are more likely. Consumers making purchasing decision. attitudes are likely. Consumers making purchasing decision including problem recognition. Consumers are driven by motivations. attitudes result in purchase intentions. Consumer behavior is complex and fascinating area of study within field of psychology. Consumer behavior is area. Consumer behavior is complex area. Consumer behavior is complex area of study within field. complex area is In conclusion. Consumer behavior is area of study. consumer behavior psychology of is In conclusion complex area of study. consumer behavior psychology of is In conclusion complex area. consumer behavior psychology of is complex area. consumer behavior psychology of is In conclusion area. complex area is In conclusion. consumer behavior psychology of is area. consumer behavior psychology of is In conclusion area of study.",
    "evaluation": 1
  },
  {
    "correct_answer": "Intrinsic motivation includes personal preferences and values.",
    "retrieved_context": "Intrinsic motivation refers influenced by factors. Intrinsic motivation refers while influenced by factors like norms. Intrinsic motivation refers while influenced by external factors. Intrinsic motivation refers influenced by factors like social norms. Intrinsic motivation refers while influenced by external factors like norms. Intrinsic motivation refers to internal factors. Intrinsic motivation refers to factors. Intrinsic motivation refers while influenced by factors like social norms. Intrinsic motivation refers influenced by external factors like norms. Intrinsic motivation refers influenced by factors like norms. Intrinsic motivation refers influenced by external factors. factors can better understand their target audience. factors may also influence their decision. Intrinsic motivation refers while influenced by factors. Motivation plays role. Motivation plays role in consumer behavior. consumer behavior psychology of is In conclusion complex area of study. consumer behavior psychology of is In conclusion complex area. consumer behavior psychology of is complex area. significant role is in consumer behavior. consumer behavior psychology of is In conclusion area. Motivation plays significant role. consumer behavior psychology of is area. consumer behavior psychology of is In conclusion area of study. motivation is while influenced by external factors. motivation refers influenced by external factors. motivation is while influenced by factors like social norms. motivation is while influenced by factors like norms. motivation is influenced peer pressure by factors like social norms. motivation is while influenced by external factors like norms. motivation refers influenced by factors like social norms. motivation is influenced by external factors like social norms. motivation is while influenced by external factors like social norms. motivation is while influenced by factors. motivation is influenced by external factors like norms. motivation is influenced by factors like norms. factors may also influence their decision. motivation refers influenced by external factors like norms. motivation refers to internal factors. motivation refers influenced by factors like norms. motivation refers influenced by factors. motivation is influenced by external factors. factors can better understand their target audience. motivation refers to factors. extrinsic motivation is influenced peer pressure by external factors like social norms. extrinsic motivation is while influenced by external factors. extrinsic motivation is while influenced by external factors like norms. extrinsic motivation is while influenced by external factors like social norms. extrinsic motivation is while influenced by factors like social norms. extrinsic motivation is while influenced by factors like norms. extrinsic motivation is influenced peer pressure by external factors like norms. extrinsic motivation is influenced peer pressure by factors like norms. extrinsic motivation is influenced by factors. extrinsic motivation is influenced peer pressure by external factors. factors can better understand their target audience. extrinsic motivation is while influenced by factors. factors may also influence their decision. extrinsic motivation is influenced peer pressure by factors like social norms.",
    "evaluation": 0
  },
  {
    "correct_answer": "Extrinsic motivation is influenced by external factors like social norms.",
    "retrieved_context": "extrinsic motivation is influenced peer pressure by external factors like social norms. extrinsic motivation is while influenced by external factors. extrinsic motivation is while influenced by external factors like norms. extrinsic motivation is while influenced by external factors like social norms. extrinsic motivation is while influenced by factors like social norms. extrinsic motivation is while influenced by factors like norms. extrinsic motivation is influenced peer pressure by external factors like norms. extrinsic motivation is influenced peer pressure by factors like norms. extrinsic motivation is influenced by factors. extrinsic motivation is influenced peer pressure by external factors. factors can better understand their target audience. extrinsic motivation is while influenced by factors. factors may also influence their decision. extrinsic motivation is influenced peer pressure by factors like social norms. Intrinsic motivation refers influenced by factors. Intrinsic motivation refers while influenced by factors like norms. Intrinsic motivation refers while influenced by external factors. Intrinsic motivation refers influenced by factors like social norms. Intrinsic motivation refers while influenced by external factors like norms. Intrinsic motivation refers to internal factors. Intrinsic motivation refers to factors. Intrinsic motivation refers while influenced by factors like social norms. Intrinsic motivation refers influenced by external factors like norms. Intrinsic motivation refers influenced by factors like norms. Intrinsic motivation refers influenced by external factors. factors can better understand their target audience. factors may also influence their decision. Intrinsic motivation refers while influenced by factors. Motivation plays role. Motivation plays role in consumer behavior. consumer behavior psychology of is In conclusion complex area of study. consumer behavior psychology of is In conclusion complex area. consumer behavior psychology of is complex area. significant role is in consumer behavior. consumer behavior psychology of is In conclusion area. Motivation plays significant role. consumer behavior psychology of is area. consumer behavior psychology of is In conclusion area of study.",
    "evaluation": 1
  },
  {
    "correct_answer": "Perception shapes consumer behavior.",
    "retrieved_context": "Consumer behavior is complex and fascinating area of study within field of psychology. Consumer behavior is area. Consumer behavior is complex area. Consumer behavior is complex area of study within field. complex area is In conclusion. Consumer behavior is area of study. consumer behavior psychology of is In conclusion complex area of study. consumer behavior psychology of is In conclusion complex area. consumer behavior psychology of is complex area. consumer behavior psychology of is In conclusion area. complex area is In conclusion. consumer behavior psychology of is area. consumer behavior psychology of is In conclusion area of study. Perception is influenced by factors. factors may also influence their decision. factors can better understand their target audience. consumer preferences differences making processes. making processes are complex. consumer preferences differences processes. consumer preferences differences decision making processes. processes are complex.",
    "evaluation": 0
  },
  {
    "correct_answer": "Consumer perception is influenced by marketing messages.",
    "retrieved_context": "Consumer behavior is complex and fascinating area of study within field of psychology. Consumer behavior is area. Consumer behavior is complex area. Consumer behavior is complex area of study within field. complex area is In conclusion. Consumer behavior is area of study. consumer behavior psychology of is In conclusion complex area of study. consumer behavior psychology of is In conclusion complex area. consumer behavior psychology of is complex area. consumer behavior psychology of is In conclusion area. complex area is In conclusion. consumer behavior psychology of is area. consumer behavior psychology of is In conclusion area of study. consumer preferences differences making processes. making processes are complex. consumer preferences differences processes. consumer preferences differences decision making processes. processes are complex.",
    "evaluation": 0
  },
  {
    "correct_answer": "Attitudes impact consumer behavior.",
    "retrieved_context": "Consumer behavior is complex and fascinating area of study within field of psychology. Consumer behavior is area. Consumer behavior is complex area. Consumer behavior is complex area of study within field. complex area is In conclusion. Consumer behavior is area of study. consumer behavior psychology of is In conclusion complex area of study. consumer behavior psychology of is In conclusion complex area. consumer behavior psychology of is complex area. consumer behavior psychology of is In conclusion area. complex area is In conclusion. consumer behavior psychology of is area. consumer behavior psychology of is In conclusion area of study. Attitudes are combination of beliefs. crucial role is in consumer behavior. Attitudes also play role in consumer behavior. Attitudes also play crucial role. Attitudes are combination. Attitudes play crucial role in consumer behavior. Attitudes play role. consumers making decisions while cultures may focus more. consumers making decisions individualistic cultures may focus more on preferences. consumers making decisions cultures may focus on personal preferences. consumers making decisions while individualistic cultures may focus more on preferences. attitudes are likely. consumers making decisions while cultures may focus more on personal preferences. consumers making decisions. consumers making decisions while individualistic cultures may focus on personal preferences. consumers making decisions while individualistic cultures may focus on preferences. consumers making decisions while individualistic cultures may focus more on personal preferences. consumers making decisions while individualistic cultures may focus more. consumers make certain purchasing decisions. consumers making decisions individualistic cultures may focus. attitudes may deter consumers. consumers perceive product. consumers making decisions while cultures may focus on preferences. consumers may prioritize relationships. consumers may prioritize relationships For example. consumers making decisions cultures may focus. consumers making decisions while individualistic cultures may focus. consumers making decisions cultures may focus more on personal preferences. consumers making decisions individualistic cultures may focus more on personal preferences. consumers making decisions individualistic cultures may focus on preferences. consumers may prioritize social relationships. consumers making decisions individualistic cultures may focus on personal preferences. consumers making decisions while cultures may focus on personal preferences. consumers making decisions cultures may focus on preferences. consumers making decisions individualistic cultures may focus more. consumers making decisions while cultures may focus. attitudes making purchase. consumers making decisions while cultures may focus more on preferences. consumers make certain decisions. consumers making decisions cultures may focus more on preferences. consumers making decisions cultures may focus more. attitudes result in purchase intentions. consumers making purchasing decisions. attitudes are more likely.",
    "evaluation": 1
  },
  {
    "correct_answer": "Attitudes are a combination of beliefs, feelings, and behaviors.",
    "retrieved_context": "Attitudes are combination of beliefs. crucial role is in consumer behavior. Attitudes also play role in consumer behavior. Attitudes also play crucial role. Attitudes are combination. Attitudes play crucial role in consumer behavior. Attitudes play role. consumers making decisions while cultures may focus more. consumers making decisions individualistic cultures may focus more on preferences. consumers making decisions cultures may focus on personal preferences. consumers making decisions while individualistic cultures may focus more on preferences. attitudes are likely. consumers making decisions while cultures may focus more on personal preferences. consumers making decisions. consumers making decisions while individualistic cultures may focus on personal preferences. consumers making decisions while individualistic cultures may focus on preferences. consumers making decisions while individualistic cultures may focus more on personal preferences. consumers making decisions while individualistic cultures may focus more. consumers make certain purchasing decisions. consumers making decisions individualistic cultures may focus. attitudes may deter consumers. consumers perceive product. consumers making decisions while cultures may focus on preferences. consumers may prioritize relationships. consumers may prioritize relationships For example. consumers making decisions cultures may focus. consumers making decisions while individualistic cultures may focus. consumers making decisions cultures may focus more on personal preferences. consumers making decisions individualistic cultures may focus more on personal preferences. consumers making decisions individualistic cultures may focus on preferences. consumers may prioritize social relationships. consumers making decisions individualistic cultures may focus on personal preferences. consumers making decisions while cultures may focus on personal preferences. consumers making decisions cultures may focus on preferences. consumers making decisions individualistic cultures may focus more. consumers making decisions while cultures may focus. attitudes making purchase. consumers making decisions while cultures may focus more on preferences. consumers make certain decisions. consumers making decisions cultures may focus more on preferences. consumers making decisions cultures may focus more. attitudes result in purchase intentions. consumers making purchasing decisions. attitudes are more likely. Positive attitudes result in purchase intentions. Positive attitudes are more likely. Positive attitudes are likely. consumers making decisions while cultures may focus more. consumers making decisions individualistic cultures may focus more on preferences. consumers making decisions cultures may focus on personal preferences. consumers making decisions while individualistic cultures may focus more on preferences. consumers making decisions while cultures may focus more on personal preferences. consumers making decisions. consumers making decisions while individualistic cultures may focus on personal preferences. consumers making decisions while individualistic cultures may focus on preferences. consumers making decisions while individualistic cultures may focus more on personal preferences. consumers making decisions while individualistic cultures may focus more. consumers make certain purchasing decisions. consumers making decisions individualistic cultures may focus. consumers may prioritize relationships. consumers perceive product. consumers making decisions while cultures may focus on preferences. consumers may prioritize relationships For example. consumers making decisions while individualistic cultures may focus. consumers making decisions cultures may focus. consumers making decisions cultures may focus more on personal preferences. consumers making decisions individualistic cultures may focus more on personal preferences. consumers making decisions individualistic cultures may focus on preferences. consumers may prioritize social relationships. consumers making decisions individualistic cultures may focus on personal preferences. consumers making decisions while cultures may focus on personal preferences. consumers making decisions cultures may focus on preferences. consumers making decisions individualistic cultures may focus more. consumers making decisions while cultures may focus. consumers making decisions while cultures may focus more on preferences. negative attitudes making purchase. consumers make certain decisions. consumers making decisions cultures may focus more on preferences. consumers making decisions cultures may focus more. consumers making purchasing decisions. negative attitudes may deter consumers. behavior is complex study.",
    "evaluation": 0
  },
  {
    "correct_answer": "Decision-making processes involve cognitive, emotional, and behavioral factors.",
    "retrieved_context": "psychological factors can understand their target audience. psychology is complex area. psychology is In conclusion complex area of study. psychology is area. psychology is complex study. complex area is In conclusion. psychology is complex and multifaceted area In conclusion. psychology is In conclusion area of study.",
    "evaluation": 0
  },
  {
    "correct_answer": "Consumers go through stages like problem recognition and information search.",
    "retrieved_context": "Consumer behavior is complex and fascinating area of study within field of psychology. Consumer behavior is area. Consumer behavior is complex area. Consumer behavior is complex area of study within field. complex area is In conclusion. Consumer behavior is area of study. consumer behavior psychology of is In conclusion complex area of study. consumer behavior psychology of is In conclusion complex area. consumer behavior psychology of is complex area. consumer behavior psychology of is In conclusion area. complex area is In conclusion. consumer behavior psychology of is area. consumer behavior psychology of is In conclusion area of study. consumers making decisions while cultures may focus more. consumers making decisions individualistic cultures may focus more on preferences. consumers making decisions cultures may focus on personal preferences. consumers making decisions while individualistic cultures may focus more on preferences. relationships consumers from cultures. consumers making decisions while cultures may focus more on personal preferences. consumers making decisions. consumers making decisions while individualistic cultures may focus on personal preferences. consumers making decisions while individualistic cultures may focus on preferences. relationships consumers from collectivist cultures. consumers making decisions while individualistic cultures may focus more on personal preferences. consumers making decisions while individualistic cultures may focus more. consumers make certain purchasing decisions. consumers making decisions individualistic cultures may focus. consumers may prioritize relationships. consumers perceive product. consumers making decisions while cultures may focus on preferences. consumers may prioritize relationships For example. consumers making decisions while individualistic cultures may focus. consumers making decisions cultures may focus. consumers making decisions cultures may focus more on personal preferences. social relationships consumers from collectivist cultures. consumers making decisions individualistic cultures may focus more on personal preferences. consumers making decisions individualistic cultures may focus on preferences. consumers may prioritize social relationships. social relationships consumers from cultures. consumers making decisions individualistic cultures may focus on personal preferences. consumers making decisions while cultures may focus on personal preferences. consumers making decisions cultures may focus on preferences. consumers making decisions individualistic cultures may focus more. consumers making decisions while cultures may focus. consumers making decisions while cultures may focus more on preferences. consumers make certain decisions. consumers making decisions cultures may focus more on preferences. consumers making decisions cultures may focus more. consumers making purchasing decisions. relationships consumers group harmony. social relationships consumers group harmony. Consumers making decisions. Consumers develop attitudes based their past experiences. Consumers go through stages. Consumers are driven by intrinsic motivations. attitudes making purchase. Consumers go through several stages. Consumers develop attitudes. attitudes may deter consumers. Consumers making purchasing decisions. attitudes are more likely. Consumers making purchasing decision. attitudes are likely. Consumers making purchasing decision including problem recognition. Consumers are driven by motivations. attitudes result in purchase intentions.",
    "evaluation": 0
  },
  {
    "correct_answer": "Cultural factors influence consumer preferences and decision-making.",
    "retrieved_context": "Cultural factors also play role. Cultural factors also play role in consumer behavior. Cultural factors also play significant role in consumer behavior. significant role is in consumer behavior. Cultural factors also play significant role.",
    "evaluation": 1
  },
  {
    "correct_answer": "Culture includes values, beliefs, customs, and norms.",
    "retrieved_context": "cultures may focus on preferences. cultures may focus on personal preferences. Culture encompasses values. Cultural factors also play role. Cultural factors also play role in consumer behavior. Cultural factors also play significant role in consumer behavior. significant role is in consumer behavior. Cultural factors also play significant role.",
    "evaluation": 0
  },
  {
    "correct_answer": "Businesses can tailor marketing strategies based on psychological factors.",
    "retrieved_context": "marketing strategies influence consumer attitudes. marketing strategies influence consumer attitudes through advertisements. consumer behavior psychology of is In conclusion complex area of study. their marketing strategies influence consumer behavior. consumer behavior psychology of is In conclusion complex area. consumer behavior psychology of is complex area. consumer behavior psychology of is In conclusion area. consumer behavior psychology of is area. consumer behavior psychology of is In conclusion area of study. psychological factors can understand their target audience.",
    "evaluation": 0
  },
  {
    "accuracy": "40.00%"
  }
]