[
  {
    "correct_answer": "AI revolutionized the way we live and work.",
    "retrieved_context": "AI may displace jobs. AI is impacting employment. AI can improve safety. certain jobs displace workers. AI may displace certain jobs. AI can improve workplace safety. AI can improve safety In addition. AI has potential. jobs displace workers. skills technologies expertise. AI technologies become widespread. AI technologies continue advance at rapid pace. AI technologies can complement skills. human skills technologies expertise. AI technologies continue advance. AI technologies advance at pace. AI technologies can complement human skills. AI technologies continue to advance. AI technologies continue to advance at rapid pace. AI technologies continue advance at pace. AI technologies become more widespread. AI technologies continue to advance at pace. AI technologies advance at rapid pace. Artificial intelligence has revolutionized way. artificial intelligence impact of is In conclusion issue. complex issue is In conclusion. artificial intelligence impact of is issue. artificial intelligence impact of is In conclusion complex issue. artificial intelligence impact of is complex issue.",
    "evaluation": 0
  },
  {
    "correct_answer": "AI brings significant changes in various industries.",
    "retrieved_context": "skills technologies expertise. AI technologies become widespread. AI technologies continue advance at rapid pace. AI technologies can complement skills. human skills technologies expertise. AI technologies continue advance. AI technologies advance at pace. AI technologies can complement human skills. AI technologies continue to advance. AI technologies continue to advance at rapid pace. AI technologies continue advance at pace. AI technologies become more widespread. AI technologies continue to advance at pace. AI technologies advance at rapid pace. AI may displace jobs. AI is impacting employment. AI can improve safety. certain jobs displace workers. AI may displace certain jobs. AI can improve workplace safety. AI can improve safety In addition. AI has potential. jobs displace workers.",
    "evaluation": 1
  },
  {
    "correct_answer": "There is a concern about AI's impact on employment.",
    "retrieved_context": "AI may displace jobs. AI is impacting employment. AI can improve safety. certain jobs displace workers. AI may displace certain jobs. AI can improve workplace safety. AI can improve safety In addition. AI has potential. jobs displace workers. skills technologies expertise. AI technologies become widespread. AI technologies continue advance at rapid pace. AI technologies can complement skills. human skills technologies expertise. AI technologies continue advance. AI technologies advance at pace. AI technologies can complement human skills. AI technologies continue to advance. AI technologies continue to advance at rapid pace. AI technologies continue advance at pace. AI technologies become more widespread. AI technologies continue to advance at pace. AI technologies advance at rapid pace.",
    "evaluation": 1
  },
  {
    "correct_answer": "AI technologies advance rapidly.",
    "retrieved_context": "skills technologies expertise. AI technologies become widespread. AI technologies continue advance at rapid pace. AI technologies can complement skills. human skills technologies expertise. AI technologies continue advance. AI technologies advance at pace. AI technologies can complement human skills. AI technologies continue to advance. AI technologies continue to advance at rapid pace. AI technologies continue advance at pace. AI technologies become more widespread. AI technologies continue to advance at pace. AI technologies advance at rapid pace. AI may displace jobs. AI is impacting employment. AI can improve safety. certain jobs displace workers. AI may displace certain jobs. AI can improve workplace safety. AI can improve safety In addition. AI has potential. jobs displace workers. technological advancements have led to automation resulting in creation. technological advancements have led to automation of tasks resulting. technological advancements have led to automation resulting. technological advancements have led to automation of tasks resulting in creation of new industries. technological advancements have led to automation resulting in creation of new industries. technological advancements have led to automation of various tasks resulting in creation of new industries. technological advancements have led to automation of tasks. technological advancements have led to automation of various tasks. technological advancements have led to automation of various tasks resulting in creation. technological advancements have led to automation. technological advancements have led to automation of various tasks resulting. technological advancements have led Throughout history. technological advancements have led to automation of tasks resulting in creation of industries. technological advancements have led to automation of tasks resulting in creation. technological advancements have led to automation of various tasks resulting in creation of industries. technological advancements have led to automation resulting in creation of industries. Artificial intelligence has revolutionized way.",
    "evaluation": 1
  },
  {
    "correct_answer": "There is fear of automation replacing human workers.",
    "retrieved_context": "fear is AI technologies continue. fear is As AI technologies continue.",
    "evaluation": 0
  },
  {
    "correct_answer": "AI automates repetitive and routine jobs.",
    "retrieved_context": "repetitive jobs is in sectors such manufacturing. AI may displace jobs. AI is impacting employment. AI can improve safety. certain jobs displace workers. AI may displace certain jobs. AI can improve workplace safety. AI can improve safety In addition. AI has potential. jobs displace workers. workers can enhance their productivity leading to better outcomes. workers can enhance their productivity leading. workers are equipped with skills. automation learning replace workers. workers perform more effectively and efficiently their jobs. workers can enhance their productivity leading to outcomes. automation learning replace human workers. workers can enhance their productivity leading to outcomes for businesses. automation learning leading to job displacement. workers can enhance their productivity leading to better outcomes for businesses. workers can enhance their productivity. workers are equipped with skills needed. workers are equipped. automation learning leading to widespread job displacement. skills technologies expertise. AI technologies become widespread. AI technologies continue advance at rapid pace. AI technologies can complement skills. human skills technologies expertise. AI technologies continue advance. AI technologies advance at pace. AI technologies can complement human skills. AI technologies continue to advance. AI technologies continue to advance at rapid pace. AI technologies continue advance at pace. AI technologies become more widespread. AI technologies continue to advance at pace. AI technologies advance at rapid pace.",
    "evaluation": 0
  },
  {
    "correct_answer": "Low-skilled workers are at risk of displacement by AI.",
    "retrieved_context": "AI may displace jobs. AI is impacting employment. AI can improve safety. certain jobs displace workers. AI may displace certain jobs. AI can improve workplace safety. AI can improve safety In addition. AI has potential. jobs displace workers. skills technologies expertise. AI technologies become widespread. AI technologies continue advance at rapid pace. AI technologies can complement skills. human skills technologies expertise. AI technologies continue advance. AI technologies advance at pace. AI technologies can complement human skills. AI technologies continue to advance. AI technologies continue to advance at rapid pace. AI technologies continue advance at pace. AI technologies become more widespread. AI technologies continue to advance at pace. AI technologies advance at rapid pace.",
    "evaluation": 0
  },
  {
    "correct_answer": "Automation has historical precedence.",
    "retrieved_context": "workers can enhance their productivity leading to better outcomes. workers can enhance their productivity leading. workers are equipped with skills. automation learning replace workers. workers perform more effectively and efficiently their jobs. workers can enhance their productivity leading to outcomes. automation learning replace human workers. workers can enhance their productivity leading to outcomes for businesses. automation learning leading to job displacement. workers can enhance their productivity leading to better outcomes for businesses. workers can enhance their productivity. workers are equipped with skills needed. workers are equipped. automation learning leading to widespread job displacement.",
    "evaluation": 0
  },
  {
    "correct_answer": "AI can create new jobs in emerging fields.",
    "retrieved_context": "new job opportunities augment capabilities. new job opportunities augment human capabilities. new job opportunities enhance productivity. skills technologies expertise. AI technologies become widespread. AI technologies continue advance at rapid pace. AI technologies can complement skills. human skills technologies expertise. AI technologies continue advance. AI technologies advance at pace. AI technologies can complement human skills. AI technologies continue to advance. AI technologies continue to advance at rapid pace. AI technologies continue advance at pace. AI technologies become more widespread. AI technologies continue to advance at pace. AI technologies advance at rapid pace. AI may displace jobs. AI is impacting employment. AI can improve safety. certain jobs displace workers. AI may displace certain jobs. AI can improve workplace safety. AI can improve safety In addition. AI has potential. jobs displace workers.",
    "evaluation": 0
  },
  {
    "correct_answer": "AI enhances productivity and efficiency in the workplace.",
    "retrieved_context": "AI may displace jobs. AI is impacting employment. AI can improve safety. certain jobs displace workers. AI may displace certain jobs. AI can improve workplace safety. AI can improve safety In addition. AI has potential. jobs displace workers.",
    "evaluation": 0
  },
  {
    "correct_answer": "AI-powered tools can streamline processes.",
    "retrieved_context": "skills technologies expertise. AI technologies become widespread. AI technologies continue advance at rapid pace. AI technologies can complement skills. human skills technologies expertise. AI technologies continue advance. AI technologies advance at pace. AI technologies can complement human skills. AI technologies continue to advance. AI technologies continue to advance at rapid pace. AI technologies continue advance at pace. AI technologies become more widespread. AI technologies continue to advance at pace. AI technologies advance at rapid pace. AI may displace jobs. AI is impacting employment. AI can improve safety. certain jobs displace workers. AI may displace certain jobs. AI can improve workplace safety. AI can improve safety In addition. AI has potential. jobs displace workers.",
    "evaluation": 0
  },
  {
    "correct_answer": "AI can improve workplace safety.",
    "retrieved_context": "AI may displace jobs. AI is impacting employment. AI can improve safety. certain jobs displace workers. AI may displace certain jobs. AI can improve workplace safety. AI can improve safety In addition. AI has potential. jobs displace workers. skills technologies expertise. AI technologies become widespread. AI technologies continue advance at rapid pace. AI technologies can complement skills. human skills technologies expertise. AI technologies continue advance. AI technologies advance at pace. AI technologies can complement human skills. AI technologies continue to advance. AI technologies continue to advance at rapid pace. AI technologies continue advance at pace. AI technologies become more widespread. AI technologies continue to advance at pace. AI technologies advance at rapid pace.",
    "evaluation": 1
  },
  {
    "correct_answer": "AI augments human capabilities.",
    "retrieved_context": "AI may displace jobs. AI is impacting employment. AI can improve safety. certain jobs displace workers. AI may displace certain jobs. AI can improve workplace safety. AI can improve safety In addition. AI has potential. jobs displace workers. skills technologies expertise. AI technologies become widespread. AI technologies continue advance at rapid pace. AI technologies can complement skills. human skills technologies expertise. AI technologies continue advance. AI technologies advance at pace. AI technologies can complement human skills. AI technologies continue to advance. AI technologies continue to advance at rapid pace. AI technologies continue advance at pace. AI technologies become more widespread. AI technologies continue to advance at pace. AI technologies advance at rapid pace.",
    "evaluation": 0
  },
  {
    "correct_answer": "AI technologies complement human skills.",
    "retrieved_context": "skills technologies expertise. AI technologies become widespread. AI technologies continue advance at rapid pace. AI technologies can complement skills. human skills technologies expertise. AI technologies continue advance. AI technologies advance at pace. AI technologies can complement human skills. AI technologies continue to advance. AI technologies continue to advance at rapid pace. AI technologies continue advance at pace. AI technologies become more widespread. AI technologies continue to advance at pace. AI technologies advance at rapid pace. human skills technologies expertise. AI may displace jobs. AI is impacting employment. AI can improve safety. certain jobs displace workers. AI may displace certain jobs. AI can improve workplace safety. AI can improve safety In addition. AI has potential. jobs displace workers. Artificial intelligence has revolutionized way.",
    "evaluation": 1
  },
  {
    "correct_answer": "There are concerns about social and economic implications of automation.",
    "retrieved_context": "technological advancements have led to automation resulting in creation. technological advancements have led to automation of tasks resulting. technological advancements have led to automation resulting. technological advancements have led to automation of tasks resulting in creation of new industries. technological advancements have led to automation resulting in creation of new industries. technological advancements have led to automation of various tasks resulting in creation of new industries. technological advancements have led to automation of tasks. technological advancements have led to automation of various tasks. technological advancements have led to automation of various tasks resulting in creation. technological advancements have led to automation. technological advancements have led to automation of various tasks resulting. technological advancements have led Throughout history. technological advancements have led to automation of tasks resulting in creation of industries. technological advancements have led to automation of tasks resulting in creation. technological advancements have led to automation of various tasks resulting in creation of industries. technological advancements have led to automation resulting in creation of industries.",
    "evaluation": 0
  },
  {
    "accuracy": "33.33%"
  }
]