[
  {
    "correct_answer": "Forensic science is the application of scientific methods and techniques to solve crimes and legal issues.",
    "retrieved_context": "Forensic science also involves use of technology. use aid in analysis. Forensic science involves use of advanced technology. Forensic science involves use. use aid in analysis of evidence. forensic science art of is In conclusion powerful tool. forensic science art of is tool in fight against crime. forensic science art of is In conclusion tool in fight against crime. forensic science art of is In conclusion powerful tool in fight. forensic science art of is tool in fight. forensic science art of is In conclusion powerful tool in fight against crime. forensic science art of is In conclusion tool in fight. powerful tool is In conclusion. forensic science art of is In conclusion tool. powerful tool is in fight against crime. forensic science aspects of is collection of physical evidence. forensic science art of is tool. forensic science key aspects of is collection. forensic science important aspect of is interpretation. forensic science aspects of is collection of evidence. forensic science art of is powerful tool. forensic science aspect of is interpretation of evidence. forensic science art of is powerful tool in fight. forensic science art of is powerful tool in fight against crime. complex data draw logical conclusions. Forensic scientists analyze data based evidence available. Forensic scientists analyze data based evidence available to them. data draw conclusions. evidence can range from fingerprints. Forensic scientists analyze data. complex data draw conclusions. Forensic scientists must must meticulous. evidence is handled in controlled manner. evidence is handled in manner. Forensic scientists analyze data based evidence. evidence draw conclusions. Forensic scientists analyze complex data. evidence is handled. Forensic scientists must must meticulous in their work. evidence can range from fingerprints to firearms. Forensic scientists must must able. data draw logical conclusions. forensic scientists examining physical characteristics. forensic scientists uncover truth behind even challenging cases. forensic scientists uncover truth. forensic scientists examining physical characteristics of evidence. evidence can range from fingerprints. forensic scientists can determine details. details collecting relevant evidence. forensic scientists examining characteristics. forensic scientists are able By combining principles with techniques. forensic scientists play role In analyzing evidence. forensic scientists also play role In physical evidence. forensic scientists are able By scientific principles. forensic scientists are able By principles. forensic scientists play role In analyzing physical evidence. forensic scientists are able By principles with investigative techniques. evidence is handled in manner. forensic scientists are able By combining principles with investigative techniques. evidence is handled. forensic scientists are able By combining principles. forensic scientists uncover truth behind even most challenging cases. forensic scientists uncover truth behind most challenging cases. forensic scientists can reconstruct events. forensic scientists are able. forensic scientists uncover truth behind cases. evidence is handled in controlled manner. forensic scientists are able By combining scientific principles. forensic scientists are able By scientific principles with investigative techniques. evidence draw conclusions. forensic scientists also play role in crime scene investigation. forensic scientists uncover truth behind even cases. evidence can range from fingerprints to firearms. forensic scientists also play crucial role. forensic scientists are able By principles with techniques. physical evidence draw conclusions. forensic scientists uncover truth behind challenging cases. forensic scientists play role. forensic scientists examining characteristics of evidence. forensic scientists are able By combining scientific principles with investigative techniques. combining scientific principles is with investigative techniques. forensic scientists are able By combining scientific principles with techniques. forensic scientists can determine important details. forensic scientists play role In evidence. forensic scientists are able By scientific principles with techniques.",
    "evaluation": 1
  },
  {
    "correct_answer": "Forensic science plays a crucial role in the criminal justice system.",
    "retrieved_context": "Forensic science also involves use of technology. use aid in analysis. Forensic science involves use of advanced technology. Forensic science involves use. use aid in analysis of evidence. forensic science art of is In conclusion powerful tool. forensic science art of is tool in fight against crime. forensic science art of is In conclusion tool in fight against crime. forensic science art of is In conclusion powerful tool in fight. forensic science art of is tool in fight. forensic science art of is In conclusion powerful tool in fight against crime. forensic science art of is In conclusion tool in fight. powerful tool is In conclusion. forensic science art of is In conclusion tool. powerful tool is in fight against crime. forensic science aspects of is collection of physical evidence. forensic science art of is tool. forensic science key aspects of is collection. forensic science important aspect of is interpretation. forensic science aspects of is collection of evidence. forensic science art of is powerful tool. forensic science aspect of is interpretation of evidence. forensic science art of is powerful tool in fight. forensic science art of is powerful tool in fight against crime. complex data draw logical conclusions. Forensic scientists analyze data based evidence available. Forensic scientists analyze data based evidence available to them. data draw conclusions. evidence can range from fingerprints. Forensic scientists analyze data. complex data draw conclusions. Forensic scientists must must meticulous. evidence is handled in controlled manner. evidence is handled in manner. Forensic scientists analyze data based evidence. evidence draw conclusions. Forensic scientists analyze complex data. evidence is handled. Forensic scientists must must meticulous in their work. evidence can range from fingerprints to firearms. Forensic scientists must must able. data draw logical conclusions. forensic scientists examining physical characteristics. forensic scientists uncover truth behind even challenging cases. forensic scientists uncover truth. forensic scientists examining physical characteristics of evidence. evidence can range from fingerprints. forensic scientists can determine details. details collecting relevant evidence. forensic scientists examining characteristics. forensic scientists are able By combining principles with techniques. forensic scientists play role In analyzing evidence. forensic scientists also play role In physical evidence. forensic scientists are able By scientific principles. forensic scientists are able By principles. forensic scientists play role In analyzing physical evidence. forensic scientists are able By principles with investigative techniques. evidence is handled in manner. forensic scientists are able By combining principles with investigative techniques. evidence is handled. forensic scientists are able By combining principles. forensic scientists uncover truth behind even most challenging cases. forensic scientists uncover truth behind most challenging cases. forensic scientists can reconstruct events. forensic scientists are able. forensic scientists uncover truth behind cases. evidence is handled in controlled manner. forensic scientists are able By combining scientific principles. forensic scientists are able By scientific principles with investigative techniques. evidence draw conclusions. forensic scientists also play role in crime scene investigation. forensic scientists uncover truth behind even cases. evidence can range from fingerprints to firearms. forensic scientists also play crucial role. forensic scientists are able By principles with techniques. physical evidence draw conclusions. forensic scientists uncover truth behind challenging cases. forensic scientists play role. forensic scientists examining characteristics of evidence. forensic scientists are able By combining scientific principles with investigative techniques. combining scientific principles is with investigative techniques. forensic scientists are able By combining scientific principles with techniques. forensic scientists can determine important details. forensic scientists play role In evidence. forensic scientists are able By scientific principles with techniques.",
    "evaluation": 1
  },
  {
    "correct_answer": "Forensic science combines various scientific disciplines such as biology, chemistry, physics, and mathematics.",
    "retrieved_context": "Forensic science also involves use of technology. use aid in analysis. Forensic science involves use of advanced technology. Forensic science involves use. use aid in analysis of evidence. forensic science art of is In conclusion powerful tool. forensic science art of is tool in fight against crime. forensic science art of is In conclusion tool in fight against crime. forensic science art of is In conclusion powerful tool in fight. forensic science art of is tool in fight. forensic science art of is In conclusion powerful tool in fight against crime. forensic science art of is In conclusion tool in fight. powerful tool is In conclusion. forensic science art of is In conclusion tool. powerful tool is in fight against crime. forensic science aspects of is collection of physical evidence. forensic science art of is tool. forensic science key aspects of is collection. forensic science important aspect of is interpretation. forensic science aspects of is collection of evidence. forensic science art of is powerful tool. forensic science aspect of is interpretation of evidence. forensic science art of is powerful tool in fight. forensic science art of is powerful tool in fight against crime. complex data draw logical conclusions. Forensic scientists analyze data based evidence available. Forensic scientists analyze data based evidence available to them. data draw conclusions. evidence can range from fingerprints. Forensic scientists analyze data. complex data draw conclusions. Forensic scientists must must meticulous. evidence is handled in controlled manner. evidence is handled in manner. Forensic scientists analyze data based evidence. evidence draw conclusions. Forensic scientists analyze complex data. evidence is handled. Forensic scientists must must meticulous in their work. evidence can range from fingerprints to firearms. Forensic scientists must must able. data draw logical conclusions. forensic scientists examining physical characteristics. forensic scientists uncover truth behind even challenging cases. forensic scientists uncover truth. forensic scientists examining physical characteristics of evidence. evidence can range from fingerprints. forensic scientists can determine details. details collecting relevant evidence. forensic scientists examining characteristics. forensic scientists are able By combining principles with techniques. forensic scientists play role In analyzing evidence. forensic scientists also play role In physical evidence. forensic scientists are able By scientific principles. forensic scientists are able By principles. forensic scientists play role In analyzing physical evidence. forensic scientists are able By principles with investigative techniques. evidence is handled in manner. forensic scientists are able By combining principles with investigative techniques. evidence is handled. forensic scientists are able By combining principles. forensic scientists uncover truth behind even most challenging cases. forensic scientists uncover truth behind most challenging cases. forensic scientists can reconstruct events. forensic scientists are able. forensic scientists uncover truth behind cases. evidence is handled in controlled manner. forensic scientists are able By combining scientific principles. forensic scientists are able By scientific principles with investigative techniques. evidence draw conclusions. forensic scientists also play role in crime scene investigation. forensic scientists uncover truth behind even cases. evidence can range from fingerprints to firearms. forensic scientists also play crucial role. forensic scientists are able By principles with techniques. physical evidence draw conclusions. forensic scientists uncover truth behind challenging cases. forensic scientists play role. forensic scientists examining characteristics of evidence. forensic scientists are able By combining scientific principles with investigative techniques. combining scientific principles is with investigative techniques. forensic scientists are able By combining scientific principles with techniques. forensic scientists can determine important details. forensic scientists play role In evidence. forensic scientists are able By scientific principles with techniques. science aspects of is collection of evidence. forensic science art of is In conclusion powerful tool. forensic science art of is tool in fight against crime. evidence can range from fingerprints. various scientific disciplines analyze evidence. forensic science art of is In conclusion tool in fight against crime. science art of is In conclusion tool in fight against crime. science art of is In conclusion tool. forensic science art of is In conclusion powerful tool in fight. forensic science art of is tool in fight. science art of is In conclusion tool in fight. science key aspects of is collection. science involves use of advanced technology. forensic science art of is In conclusion powerful tool in fight against crime. various scientific disciplines art of science. science art of is In conclusion powerful tool in fight. forensic science art of is In conclusion tool in fight. evidence is handled in manner. science art of is powerful tool. science important aspect of is interpretation. evidence is handled. science also involves use of technology. forensic science art of is In conclusion tool. science art of is tool in fight. forensic science aspects of is collection of physical evidence. forensic science art of is tool. forensic science key aspects of is collection. science key aspects of is collection of physical evidence. forensic science important aspect of is interpretation. evidence is handled in controlled manner. forensic science aspects of is collection of evidence. forensic science art of is powerful tool. evidence draw conclusions. forensic science aspect of is interpretation of evidence. science important aspect of is interpretation of evidence. evidence can range from fingerprints to firearms. forensic science art of is powerful tool in fight. various scientific disciplines art of forensic science. science art of is powerful tool in fight against crime. physical evidence draw conclusions. science art of is In conclusion powerful tool. science art of is powerful tool in fight. science art of is tool in fight against crime. science involves use. science art of is In conclusion powerful tool in fight against crime. forensic science art of is powerful tool in fight against crime. various scientific disciplines analyze physical evidence. science art of is tool. science aspects of is collection of evidence. forensic science art of is In conclusion powerful tool. forensic science art of is tool in fight against crime. evidence can range from fingerprints. forensic science art of is In conclusion tool in fight against crime. science art of is In conclusion tool in fight against crime. science art of is In conclusion tool. forensic science art of is In conclusion powerful tool in fight. forensic science art of is tool in fight. science art of is In conclusion tool in fight. scientific disciplines art of forensic science. science key aspects of is collection. science involves use of advanced technology. forensic science art of is In conclusion powerful tool in fight against crime. science art of is In conclusion powerful tool in fight. forensic science art of is In conclusion tool in fight. scientific disciplines analyze evidence. science art of is powerful tool. evidence is handled in manner. science important aspect of is interpretation. evidence is handled. science also involves use of technology. forensic science art of is In conclusion tool. science art of is tool in fight. forensic science aspects of is collection of physical evidence. forensic science art of is tool. forensic science key aspects of is collection. science key aspects of is collection of physical evidence. forensic science important aspect of is interpretation. evidence is handled in controlled manner. scientific disciplines analyze physical evidence. forensic science aspects of is collection of evidence. forensic science art of is powerful tool. evidence draw conclusions. forensic science aspect of is interpretation of evidence. science important aspect of is interpretation of evidence. evidence can range from fingerprints to firearms. forensic science art of is powerful tool in fight. scientific disciplines art of science. science art of is powerful tool in fight against crime. physical evidence draw conclusions. science art of is In conclusion powerful tool. science art of is powerful tool in fight. science art of is tool in fight against crime. science involves use. science art of is In conclusion powerful tool in fight against crime. forensic science art of is powerful tool in fight against crime. science art of is tool. science aspects of is collection of evidence. forensic science art of is In conclusion powerful tool. forensic science art of is tool in fight against crime. evidence can range from fingerprints. forensic science art of is In conclusion tool in fight against crime. science art of is In conclusion tool in fight against crime. science art of is In conclusion tool. forensic science art of is In conclusion powerful tool in fight. forensic science art of is tool in fight. science art of is In conclusion tool in fight. science key aspects of is collection. science involves use of advanced technology. forensic science art of is In conclusion powerful tool in fight against crime. science art of is In conclusion powerful tool in fight. forensic science art of is In conclusion tool in fight. evidence is handled in manner. various disciplines art of science. science art of is powerful tool. science important aspect of is interpretation. evidence is handled. science also involves use of technology. forensic science art of is In conclusion tool. science art of is tool in fight. various disciplines art of forensic science. forensic science aspects of is collection of physical evidence. forensic science art of is tool. forensic science key aspects of is collection. science key aspects of is collection of physical evidence. forensic science important aspect of is interpretation. evidence is handled in controlled manner. forensic science aspects of is collection of evidence. forensic science art of is powerful tool. evidence draw conclusions. forensic science aspect of is interpretation of evidence. science important aspect of is interpretation of evidence. evidence can range from fingerprints to firearms. various disciplines analyze physical evidence. forensic science art of is powerful tool in fight. science art of is powerful tool in fight against crime. physical evidence draw conclusions. science art of is In conclusion powerful tool. various disciplines analyze evidence. science art of is powerful tool in fight. science art of is tool in fight against crime. science involves use. science art of is In conclusion powerful tool in fight against crime. forensic science art of is powerful tool in fight against crime. science art of is tool.",
    "evaluation": 0
  },
  {
    "correct_answer": "Forensic science analyzes physical evidence to draw conclusions for court.",
    "retrieved_context": "Forensic science also involves use of technology. use aid in analysis. Forensic science involves use of advanced technology. Forensic science involves use. use aid in analysis of evidence. forensic science art of is In conclusion powerful tool. forensic science art of is tool in fight against crime. forensic science art of is In conclusion tool in fight against crime. forensic science art of is In conclusion powerful tool in fight. forensic science art of is tool in fight. forensic science art of is In conclusion powerful tool in fight against crime. forensic science art of is In conclusion tool in fight. powerful tool is In conclusion. forensic science art of is In conclusion tool. powerful tool is in fight against crime. forensic science aspects of is collection of physical evidence. forensic science art of is tool. forensic science key aspects of is collection. forensic science important aspect of is interpretation. forensic science aspects of is collection of evidence. forensic science art of is powerful tool. forensic science aspect of is interpretation of evidence. forensic science art of is powerful tool in fight. forensic science art of is powerful tool in fight against crime. physical evidence draw conclusions. complex data draw logical conclusions. Forensic scientists analyze data based evidence available. Forensic scientists analyze data based evidence available to them. data draw conclusions. evidence can range from fingerprints. Forensic scientists analyze data. complex data draw conclusions. Forensic scientists must must meticulous. evidence is handled in controlled manner. evidence is handled in manner. Forensic scientists analyze data based evidence. evidence draw conclusions. Forensic scientists analyze complex data. evidence is handled. Forensic scientists must must meticulous in their work. evidence can range from fingerprints to firearms. Forensic scientists must must able. data draw logical conclusions. forensic scientists examining physical characteristics. forensic scientists uncover truth behind even challenging cases. forensic scientists uncover truth. forensic scientists examining physical characteristics of evidence. evidence can range from fingerprints. forensic scientists can determine details. details collecting relevant evidence. forensic scientists examining characteristics. forensic scientists are able By combining principles with techniques. forensic scientists play role In analyzing evidence. forensic scientists also play role In physical evidence. forensic scientists are able By scientific principles. forensic scientists are able By principles. forensic scientists play role In analyzing physical evidence. forensic scientists are able By principles with investigative techniques. evidence is handled in manner. forensic scientists are able By combining principles with investigative techniques. evidence is handled. forensic scientists are able By combining principles. forensic scientists uncover truth behind even most challenging cases. forensic scientists uncover truth behind most challenging cases. forensic scientists can reconstruct events. forensic scientists are able. forensic scientists uncover truth behind cases. evidence is handled in controlled manner. forensic scientists are able By combining scientific principles. forensic scientists are able By scientific principles with investigative techniques. evidence draw conclusions. forensic scientists also play role in crime scene investigation. forensic scientists uncover truth behind even cases. evidence can range from fingerprints to firearms. forensic scientists also play crucial role. forensic scientists are able By principles with techniques. physical evidence draw conclusions. forensic scientists uncover truth behind challenging cases. forensic scientists play role. forensic scientists examining characteristics of evidence. forensic scientists are able By combining scientific principles with investigative techniques. combining scientific principles is with investigative techniques. forensic scientists are able By combining scientific principles with techniques. forensic scientists can determine important details. forensic scientists play role In evidence. forensic scientists are able By scientific principles with techniques.",
    "evaluation": 1
  },
  {
    "correct_answer": "Physical evidence in forensic science can include fingerprints, DNA samples, firearms, and tool marks.",
    "retrieved_context": "physical evidence draw conclusions. Forensic science also involves use of technology. use aid in analysis. Forensic science involves use of advanced technology. Forensic science involves use. use aid in analysis of evidence. forensic science art of is In conclusion powerful tool. forensic science art of is tool in fight against crime. forensic science art of is In conclusion tool in fight against crime. forensic science art of is In conclusion powerful tool in fight. forensic science art of is tool in fight. forensic science art of is In conclusion powerful tool in fight against crime. forensic science art of is In conclusion tool in fight. powerful tool is In conclusion. forensic science art of is In conclusion tool. powerful tool is in fight against crime. forensic science aspects of is collection of physical evidence. forensic science art of is tool. forensic science key aspects of is collection. forensic science important aspect of is interpretation. forensic science aspects of is collection of evidence. forensic science art of is powerful tool. forensic science aspect of is interpretation of evidence. forensic science art of is powerful tool in fight. forensic science art of is powerful tool in fight against crime. complex data draw logical conclusions. Forensic scientists analyze data based evidence available. Forensic scientists analyze data based evidence available to them. data draw conclusions. evidence can range from fingerprints. Forensic scientists analyze data. complex data draw conclusions. Forensic scientists must must meticulous. evidence is handled in controlled manner. evidence is handled in manner. Forensic scientists analyze data based evidence. evidence draw conclusions. Forensic scientists analyze complex data. evidence is handled. Forensic scientists must must meticulous in their work. evidence can range from fingerprints to firearms. Forensic scientists must must able. data draw logical conclusions.",
    "evaluation": 0
  },
  {
    "correct_answer": "Forensic scientists use microscopy, spectroscopy, chromatography, and DNA profiling to analyze evidence.",
    "retrieved_context": "complex data draw logical conclusions. Forensic scientists analyze data based evidence available. Forensic scientists analyze data based evidence available to them. data draw conclusions. evidence can range from fingerprints. Forensic scientists analyze data. complex data draw conclusions. Forensic scientists must must meticulous. evidence is handled in controlled manner. evidence is handled in manner. Forensic scientists analyze data based evidence. evidence draw conclusions. Forensic scientists analyze complex data. evidence is handled. Forensic scientists must must meticulous in their work. evidence can range from fingerprints to firearms. Forensic scientists must must able. data draw logical conclusions. forensic scientists examining physical characteristics. forensic scientists uncover truth behind even challenging cases. forensic scientists uncover truth. forensic scientists examining physical characteristics of evidence. evidence can range from fingerprints. forensic scientists can determine details. details collecting relevant evidence. forensic scientists examining characteristics. forensic scientists are able By combining principles with techniques. forensic scientists play role In analyzing evidence. forensic scientists also play role In physical evidence. forensic scientists are able By scientific principles. forensic scientists are able By principles. forensic scientists play role In analyzing physical evidence. forensic scientists are able By principles with investigative techniques. evidence is handled in manner. forensic scientists are able By combining principles with investigative techniques. evidence is handled. forensic scientists are able By combining principles. forensic scientists uncover truth behind even most challenging cases. forensic scientists uncover truth behind most challenging cases. forensic scientists can reconstruct events. forensic scientists are able. forensic scientists uncover truth behind cases. evidence is handled in controlled manner. forensic scientists are able By combining scientific principles. forensic scientists are able By scientific principles with investigative techniques. evidence draw conclusions. forensic scientists also play role in crime scene investigation. forensic scientists uncover truth behind even cases. evidence can range from fingerprints to firearms. forensic scientists also play crucial role. forensic scientists are able By principles with techniques. physical evidence draw conclusions. forensic scientists uncover truth behind challenging cases. forensic scientists play role. forensic scientists examining characteristics of evidence. forensic scientists are able By combining scientific principles with investigative techniques. combining scientific principles is with investigative techniques. forensic scientists are able By combining scientific principles with techniques. forensic scientists can determine important details. forensic scientists play role In evidence. forensic scientists are able By scientific principles with techniques. Forensic science also involves use of technology. use aid in analysis. Forensic science involves use of advanced technology. Forensic science involves use. use aid in analysis of evidence. forensic science art of is In conclusion powerful tool. forensic science art of is tool in fight against crime. forensic science art of is In conclusion tool in fight against crime. forensic science art of is In conclusion powerful tool in fight. forensic science art of is tool in fight. forensic science art of is In conclusion powerful tool in fight against crime. forensic science art of is In conclusion tool in fight. powerful tool is In conclusion. forensic science art of is In conclusion tool. powerful tool is in fight against crime. forensic science aspects of is collection of physical evidence. forensic science art of is tool. forensic science key aspects of is collection. forensic science important aspect of is interpretation. forensic science aspects of is collection of evidence. forensic science art of is powerful tool. forensic science aspect of is interpretation of evidence. forensic science art of is powerful tool in fight. forensic science art of is powerful tool in fight against crime. spectrometry identify drugs. spectrometry identify drugs in sample.",
    "evaluation": 0
  },
  {
    "correct_answer": "Forensic scientists determine details like suspect identity, cause of death, and presence of substances at a crime scene.",
    "retrieved_context": "complex data draw logical conclusions. Forensic scientists analyze data based evidence available. Forensic scientists analyze data based evidence available to them. data draw conclusions. evidence can range from fingerprints. Forensic scientists analyze data. complex data draw conclusions. Forensic scientists must must meticulous. evidence is handled in controlled manner. evidence is handled in manner. Forensic scientists analyze data based evidence. evidence draw conclusions. Forensic scientists analyze complex data. evidence is handled. Forensic scientists must must meticulous in their work. evidence can range from fingerprints to firearms. Forensic scientists must must able. data draw logical conclusions. forensic scientists examining physical characteristics. forensic scientists uncover truth behind even challenging cases. forensic scientists uncover truth. forensic scientists examining physical characteristics of evidence. evidence can range from fingerprints. forensic scientists can determine details. details collecting relevant evidence. forensic scientists examining characteristics. forensic scientists are able By combining principles with techniques. forensic scientists play role In analyzing evidence. forensic scientists also play role In physical evidence. forensic scientists are able By scientific principles. forensic scientists are able By principles. forensic scientists play role In analyzing physical evidence. forensic scientists are able By principles with investigative techniques. evidence is handled in manner. forensic scientists are able By combining principles with investigative techniques. evidence is handled. forensic scientists are able By combining principles. forensic scientists uncover truth behind even most challenging cases. forensic scientists uncover truth behind most challenging cases. forensic scientists can reconstruct events. forensic scientists are able. forensic scientists uncover truth behind cases. evidence is handled in controlled manner. forensic scientists are able By combining scientific principles. forensic scientists are able By scientific principles with investigative techniques. evidence draw conclusions. forensic scientists also play role in crime scene investigation. forensic scientists uncover truth behind even cases. evidence can range from fingerprints to firearms. forensic scientists also play crucial role. forensic scientists are able By principles with techniques. physical evidence draw conclusions. forensic scientists uncover truth behind challenging cases. forensic scientists play role. forensic scientists examining characteristics of evidence. forensic scientists are able By combining scientific principles with investigative techniques. combining scientific principles is with investigative techniques. forensic scientists are able By combining scientific principles with techniques. forensic scientists can determine important details. forensic scientists play role In evidence. forensic scientists are able By scientific principles with techniques. Forensic science also involves use of technology. use aid in analysis. Forensic science involves use of advanced technology. Forensic science involves use. use aid in analysis of evidence. forensic science art of is In conclusion powerful tool. forensic science art of is tool in fight against crime. forensic science art of is In conclusion tool in fight against crime. forensic science art of is In conclusion powerful tool in fight. forensic science art of is tool in fight. forensic science art of is In conclusion powerful tool in fight against crime. forensic science art of is In conclusion tool in fight. powerful tool is In conclusion. forensic science art of is In conclusion tool. powerful tool is in fight against crime. forensic science aspects of is collection of physical evidence. forensic science art of is tool. forensic science key aspects of is collection. forensic science important aspect of is interpretation. forensic science aspects of is collection of evidence. forensic science art of is powerful tool. forensic science aspect of is interpretation of evidence. forensic science art of is powerful tool in fight. forensic science art of is powerful tool in fight against crime. physical evidence draw conclusions.",
    "evaluation": 0
  },
  {
    "correct_answer": "Forensic science uses advanced technology like scanning electron microscopes and mass spectrometry.",
    "retrieved_context": "Forensic science also involves use of technology. use aid in analysis. Forensic science involves use of advanced technology. Forensic science involves use. use aid in analysis of evidence. forensic science art of is In conclusion powerful tool. forensic science art of is tool in fight against crime. forensic science art of is In conclusion tool in fight against crime. forensic science art of is In conclusion powerful tool in fight. forensic science art of is tool in fight. forensic science art of is In conclusion powerful tool in fight against crime. forensic science art of is In conclusion tool in fight. powerful tool is In conclusion. forensic science art of is In conclusion tool. powerful tool is in fight against crime. forensic science aspects of is collection of physical evidence. forensic science art of is tool. forensic science key aspects of is collection. forensic science important aspect of is interpretation. forensic science aspects of is collection of evidence. forensic science art of is powerful tool. forensic science aspect of is interpretation of evidence. forensic science art of is powerful tool in fight. forensic science art of is powerful tool in fight against crime. complex data draw logical conclusions. Forensic scientists analyze data based evidence available. Forensic scientists analyze data based evidence available to them. data draw conclusions. evidence can range from fingerprints. Forensic scientists analyze data. complex data draw conclusions. Forensic scientists must must meticulous. evidence is handled in controlled manner. evidence is handled in manner. Forensic scientists analyze data based evidence. evidence draw conclusions. Forensic scientists analyze complex data. evidence is handled. Forensic scientists must must meticulous in their work. evidence can range from fingerprints to firearms. Forensic scientists must must able. data draw logical conclusions. forensic scientists examining physical characteristics. forensic scientists uncover truth behind even challenging cases. forensic scientists uncover truth. forensic scientists examining physical characteristics of evidence. evidence can range from fingerprints. forensic scientists can determine details. details collecting relevant evidence. forensic scientists examining characteristics. forensic scientists are able By combining principles with techniques. forensic scientists play role In analyzing evidence. forensic scientists also play role In physical evidence. forensic scientists are able By scientific principles. forensic scientists are able By principles. forensic scientists play role In analyzing physical evidence. forensic scientists are able By principles with investigative techniques. evidence is handled in manner. forensic scientists are able By combining principles with investigative techniques. evidence is handled. forensic scientists are able By combining principles. forensic scientists uncover truth behind even most challenging cases. forensic scientists uncover truth behind most challenging cases. forensic scientists can reconstruct events. forensic scientists are able. forensic scientists uncover truth behind cases. evidence is handled in controlled manner. forensic scientists are able By combining scientific principles. forensic scientists are able By scientific principles with investigative techniques. evidence draw conclusions. forensic scientists also play role in crime scene investigation. forensic scientists uncover truth behind even cases. evidence can range from fingerprints to firearms. forensic scientists also play crucial role. forensic scientists are able By principles with techniques. physical evidence draw conclusions. forensic scientists uncover truth behind challenging cases. forensic scientists play role. forensic scientists examining characteristics of evidence. forensic scientists are able By combining scientific principles with investigative techniques. combining scientific principles is with investigative techniques. forensic scientists are able By combining scientific principles with techniques. forensic scientists can determine important details. forensic scientists play role In evidence. forensic scientists are able By scientific principles with techniques. mass spectrometry identify drugs in sample. mass spectrometry identify drugs. electron microscopes examine trace evidence. spectrometry identify drugs. spectrometry identify drugs in sample.",
    "evaluation": 1
  },
  {
    "correct_answer": "Forensic scientists document and preserve crime scenes, collect evidence, and reconstruct events.",
    "retrieved_context": "complex data draw logical conclusions. Forensic scientists analyze data based evidence available. Forensic scientists analyze data based evidence available to them. data draw conclusions. evidence can range from fingerprints. Forensic scientists analyze data. complex data draw conclusions. Forensic scientists must must meticulous. evidence is handled in controlled manner. evidence is handled in manner. Forensic scientists analyze data based evidence. evidence draw conclusions. Forensic scientists analyze complex data. evidence is handled. Forensic scientists must must meticulous in their work. evidence can range from fingerprints to firearms. Forensic scientists must must able. data draw logical conclusions. forensic scientists examining physical characteristics. forensic scientists uncover truth behind even challenging cases. forensic scientists uncover truth. forensic scientists examining physical characteristics of evidence. evidence can range from fingerprints. forensic scientists can determine details. details collecting relevant evidence. forensic scientists examining characteristics. forensic scientists are able By combining principles with techniques. forensic scientists play role In analyzing evidence. forensic scientists also play role In physical evidence. forensic scientists are able By scientific principles. forensic scientists are able By principles. forensic scientists play role In analyzing physical evidence. forensic scientists are able By principles with investigative techniques. evidence is handled in manner. forensic scientists are able By combining principles with investigative techniques. evidence is handled. forensic scientists are able By combining principles. forensic scientists uncover truth behind even most challenging cases. forensic scientists uncover truth behind most challenging cases. forensic scientists can reconstruct events. forensic scientists are able. forensic scientists uncover truth behind cases. evidence is handled in controlled manner. forensic scientists are able By combining scientific principles. forensic scientists are able By scientific principles with investigative techniques. evidence draw conclusions. forensic scientists also play role in crime scene investigation. forensic scientists uncover truth behind even cases. evidence can range from fingerprints to firearms. forensic scientists also play crucial role. forensic scientists are able By principles with techniques. physical evidence draw conclusions. forensic scientists uncover truth behind challenging cases. forensic scientists play role. forensic scientists examining characteristics of evidence. forensic scientists are able By combining scientific principles with investigative techniques. combining scientific principles is with investigative techniques. forensic scientists are able By combining scientific principles with techniques. forensic scientists can determine important details. forensic scientists play role In evidence. forensic scientists are able By scientific principles with techniques. Forensic science also involves use of technology. use aid in analysis. Forensic science involves use of advanced technology. Forensic science involves use. use aid in analysis of evidence. forensic science art of is In conclusion powerful tool. forensic science art of is tool in fight against crime. forensic science art of is In conclusion tool in fight against crime. forensic science art of is In conclusion powerful tool in fight. forensic science art of is tool in fight. forensic science art of is In conclusion powerful tool in fight against crime. forensic science art of is In conclusion tool in fight. powerful tool is In conclusion. forensic science art of is In conclusion tool. powerful tool is in fight against crime. forensic science aspects of is collection of physical evidence. forensic science art of is tool. forensic science key aspects of is collection. forensic science important aspect of is interpretation. forensic science aspects of is collection of evidence. forensic science art of is powerful tool. forensic science aspect of is interpretation of evidence. forensic science art of is powerful tool in fight. forensic science art of is powerful tool in fight against crime.",
    "evaluation": 0
  },
  {
    "correct_answer": "Forensic scientists interpret evidence and present findings in court.",
    "retrieved_context": "complex data draw logical conclusions. Forensic scientists analyze data based evidence available. Forensic scientists analyze data based evidence available to them. data draw conclusions. evidence can range from fingerprints. Forensic scientists analyze data. complex data draw conclusions. Forensic scientists must must meticulous. evidence is handled in controlled manner. evidence is handled in manner. Forensic scientists analyze data based evidence. evidence draw conclusions. Forensic scientists analyze complex data. evidence is handled. Forensic scientists must must meticulous in their work. evidence can range from fingerprints to firearms. Forensic scientists must must able. data draw logical conclusions. forensic scientists examining physical characteristics. forensic scientists uncover truth behind even challenging cases. forensic scientists uncover truth. forensic scientists examining physical characteristics of evidence. evidence can range from fingerprints. forensic scientists can determine details. details collecting relevant evidence. forensic scientists examining characteristics. forensic scientists are able By combining principles with techniques. forensic scientists play role In analyzing evidence. forensic scientists also play role In physical evidence. forensic scientists are able By scientific principles. forensic scientists are able By principles. forensic scientists play role In analyzing physical evidence. forensic scientists are able By principles with investigative techniques. evidence is handled in manner. forensic scientists are able By combining principles with investigative techniques. evidence is handled. forensic scientists are able By combining principles. forensic scientists uncover truth behind even most challenging cases. forensic scientists uncover truth behind most challenging cases. forensic scientists can reconstruct events. forensic scientists are able. forensic scientists uncover truth behind cases. evidence is handled in controlled manner. forensic scientists are able By combining scientific principles. forensic scientists are able By scientific principles with investigative techniques. evidence draw conclusions. forensic scientists also play role in crime scene investigation. forensic scientists uncover truth behind even cases. evidence can range from fingerprints to firearms. forensic scientists also play crucial role. forensic scientists are able By principles with techniques. physical evidence draw conclusions. forensic scientists uncover truth behind challenging cases. forensic scientists play role. forensic scientists examining characteristics of evidence. forensic scientists are able By combining scientific principles with investigative techniques. combining scientific principles is with investigative techniques. forensic scientists are able By combining scientific principles with techniques. forensic scientists can determine important details. forensic scientists play role In evidence. forensic scientists are able By scientific principles with techniques. Forensic science also involves use of technology. use aid in analysis. Forensic science involves use of advanced technology. Forensic science involves use. use aid in analysis of evidence. forensic science art of is In conclusion powerful tool. forensic science art of is tool in fight against crime. forensic science art of is In conclusion tool in fight against crime. forensic science art of is In conclusion powerful tool in fight. forensic science art of is tool in fight. forensic science art of is In conclusion powerful tool in fight against crime. forensic science art of is In conclusion tool in fight. powerful tool is In conclusion. forensic science art of is In conclusion tool. powerful tool is in fight against crime. forensic science aspects of is collection of physical evidence. forensic science art of is tool. forensic science key aspects of is collection. forensic science important aspect of is interpretation. forensic science aspects of is collection of evidence. forensic science art of is powerful tool. forensic science aspect of is interpretation of evidence. forensic science art of is powerful tool in fight. forensic science art of is powerful tool in fight against crime.",
    "evaluation": 0
  },
  {
    "correct_answer": "Forensic scientists must analyze complex data and communicate findings effectively.",
    "retrieved_context": "complex data draw logical conclusions. Forensic scientists analyze data based evidence available. Forensic scientists analyze data based evidence available to them. data draw conclusions. evidence can range from fingerprints. Forensic scientists analyze data. complex data draw conclusions. Forensic scientists must must meticulous. evidence is handled in controlled manner. evidence is handled in manner. Forensic scientists analyze data based evidence. evidence draw conclusions. Forensic scientists analyze complex data. evidence is handled. Forensic scientists must must meticulous in their work. evidence can range from fingerprints to firearms. Forensic scientists must must able. data draw logical conclusions. forensic scientists examining physical characteristics. forensic scientists uncover truth behind even challenging cases. forensic scientists uncover truth. forensic scientists examining physical characteristics of evidence. evidence can range from fingerprints. forensic scientists can determine details. details collecting relevant evidence. forensic scientists examining characteristics. forensic scientists are able By combining principles with techniques. forensic scientists play role In analyzing evidence. forensic scientists also play role In physical evidence. forensic scientists are able By scientific principles. forensic scientists are able By principles. forensic scientists play role In analyzing physical evidence. forensic scientists are able By principles with investigative techniques. evidence is handled in manner. forensic scientists are able By combining principles with investigative techniques. evidence is handled. forensic scientists are able By combining principles. forensic scientists uncover truth behind even most challenging cases. forensic scientists uncover truth behind most challenging cases. forensic scientists can reconstruct events. forensic scientists are able. forensic scientists uncover truth behind cases. evidence is handled in controlled manner. forensic scientists are able By combining scientific principles. forensic scientists are able By scientific principles with investigative techniques. evidence draw conclusions. forensic scientists also play role in crime scene investigation. forensic scientists uncover truth behind even cases. evidence can range from fingerprints to firearms. forensic scientists also play crucial role. forensic scientists are able By principles with techniques. physical evidence draw conclusions. forensic scientists uncover truth behind challenging cases. forensic scientists play role. forensic scientists examining characteristics of evidence. forensic scientists are able By combining scientific principles with investigative techniques. combining scientific principles is with investigative techniques. forensic scientists are able By combining scientific principles with techniques. forensic scientists can determine important details. forensic scientists play role In evidence. forensic scientists are able By scientific principles with techniques. Forensic science also involves use of technology. use aid in analysis. Forensic science involves use of advanced technology. Forensic science involves use. use aid in analysis of evidence. forensic science art of is In conclusion powerful tool. forensic science art of is tool in fight against crime. forensic science art of is In conclusion tool in fight against crime. forensic science art of is In conclusion powerful tool in fight. forensic science art of is tool in fight. forensic science art of is In conclusion powerful tool in fight against crime. forensic science art of is In conclusion tool in fight. powerful tool is In conclusion. forensic science art of is In conclusion tool. powerful tool is in fight against crime. forensic science aspects of is collection of physical evidence. forensic science art of is tool. forensic science key aspects of is collection. forensic science important aspect of is interpretation. forensic science aspects of is collection of evidence. forensic science art of is powerful tool. forensic science aspect of is interpretation of evidence. forensic science art of is powerful tool in fight. forensic science art of is powerful tool in fight against crime.",
    "evaluation": 1
  },
  {
    "correct_answer": "Forensic scientists require technical expertise, critical thinking skills, and attention to detail.",
    "retrieved_context": "complex data draw logical conclusions. Forensic scientists analyze data based evidence available. Forensic scientists analyze data based evidence available to them. data draw conclusions. evidence can range from fingerprints. Forensic scientists analyze data. complex data draw conclusions. Forensic scientists must must meticulous. evidence is handled in controlled manner. evidence is handled in manner. Forensic scientists analyze data based evidence. evidence draw conclusions. Forensic scientists analyze complex data. evidence is handled. Forensic scientists must must meticulous in their work. evidence can range from fingerprints to firearms. Forensic scientists must must able. data draw logical conclusions. forensic scientists examining physical characteristics. forensic scientists uncover truth behind even challenging cases. forensic scientists uncover truth. forensic scientists examining physical characteristics of evidence. evidence can range from fingerprints. forensic scientists can determine details. details collecting relevant evidence. forensic scientists examining characteristics. forensic scientists are able By combining principles with techniques. forensic scientists play role In analyzing evidence. forensic scientists also play role In physical evidence. forensic scientists are able By scientific principles. forensic scientists are able By principles. forensic scientists play role In analyzing physical evidence. forensic scientists are able By principles with investigative techniques. evidence is handled in manner. forensic scientists are able By combining principles with investigative techniques. evidence is handled. forensic scientists are able By combining principles. forensic scientists uncover truth behind even most challenging cases. forensic scientists uncover truth behind most challenging cases. forensic scientists can reconstruct events. forensic scientists are able. forensic scientists uncover truth behind cases. evidence is handled in controlled manner. forensic scientists are able By combining scientific principles. forensic scientists are able By scientific principles with investigative techniques. evidence draw conclusions. forensic scientists also play role in crime scene investigation. forensic scientists uncover truth behind even cases. evidence can range from fingerprints to firearms. forensic scientists also play crucial role. forensic scientists are able By principles with techniques. physical evidence draw conclusions. forensic scientists uncover truth behind challenging cases. forensic scientists play role. forensic scientists examining characteristics of evidence. forensic scientists are able By combining scientific principles with investigative techniques. combining scientific principles is with investigative techniques. forensic scientists are able By combining scientific principles with techniques. forensic scientists can determine important details. forensic scientists play role In evidence. forensic scientists are able By scientific principles with techniques. Forensic science also involves use of technology. use aid in analysis. Forensic science involves use of advanced technology. Forensic science involves use. use aid in analysis of evidence. forensic science art of is In conclusion powerful tool. forensic science art of is tool in fight against crime. forensic science art of is In conclusion tool in fight against crime. forensic science art of is In conclusion powerful tool in fight. forensic science art of is tool in fight. forensic science art of is In conclusion powerful tool in fight against crime. forensic science art of is In conclusion tool in fight. powerful tool is In conclusion. forensic science art of is In conclusion tool. powerful tool is in fight against crime. forensic science aspects of is collection of physical evidence. forensic science art of is tool. forensic science key aspects of is collection. forensic science important aspect of is interpretation. forensic science aspects of is collection of evidence. forensic science art of is powerful tool. forensic science aspect of is interpretation of evidence. forensic science art of is powerful tool in fight. forensic science art of is powerful tool in fight against crime.",
    "evaluation": 0
  },
  {
    "correct_answer": "Forensic scientists must meticulously document every step of the analysis process.",
    "retrieved_context": "complex data draw logical conclusions. Forensic scientists analyze data based evidence available. Forensic scientists analyze data based evidence available to them. data draw conclusions. evidence can range from fingerprints. Forensic scientists analyze data. complex data draw conclusions. Forensic scientists must must meticulous. evidence is handled in controlled manner. evidence is handled in manner. Forensic scientists analyze data based evidence. evidence draw conclusions. Forensic scientists analyze complex data. evidence is handled. Forensic scientists must must meticulous in their work. evidence can range from fingerprints to firearms. Forensic scientists must must able. data draw logical conclusions. forensic scientists examining physical characteristics. forensic scientists uncover truth behind even challenging cases. forensic scientists uncover truth. forensic scientists examining physical characteristics of evidence. evidence can range from fingerprints. forensic scientists can determine details. details collecting relevant evidence. forensic scientists examining characteristics. forensic scientists are able By combining principles with techniques. forensic scientists play role In analyzing evidence. forensic scientists also play role In physical evidence. forensic scientists are able By scientific principles. forensic scientists are able By principles. forensic scientists play role In analyzing physical evidence. forensic scientists are able By principles with investigative techniques. evidence is handled in manner. forensic scientists are able By combining principles with investigative techniques. evidence is handled. forensic scientists are able By combining principles. forensic scientists uncover truth behind even most challenging cases. forensic scientists uncover truth behind most challenging cases. forensic scientists can reconstruct events. forensic scientists are able. forensic scientists uncover truth behind cases. evidence is handled in controlled manner. forensic scientists are able By combining scientific principles. forensic scientists are able By scientific principles with investigative techniques. evidence draw conclusions. forensic scientists also play role in crime scene investigation. forensic scientists uncover truth behind even cases. evidence can range from fingerprints to firearms. forensic scientists also play crucial role. forensic scientists are able By principles with techniques. physical evidence draw conclusions. forensic scientists uncover truth behind challenging cases. forensic scientists play role. forensic scientists examining characteristics of evidence. forensic scientists are able By combining scientific principles with investigative techniques. combining scientific principles is with investigative techniques. forensic scientists are able By combining scientific principles with techniques. forensic scientists can determine important details. forensic scientists play role In evidence. forensic scientists are able By scientific principles with techniques. Forensic science also involves use of technology. use aid in analysis. Forensic science involves use of advanced technology. Forensic science involves use. use aid in analysis of evidence. forensic science art of is In conclusion powerful tool. forensic science art of is tool in fight against crime. forensic science art of is In conclusion tool in fight against crime. forensic science art of is In conclusion powerful tool in fight. forensic science art of is tool in fight. forensic science art of is In conclusion powerful tool in fight against crime. forensic science art of is In conclusion tool in fight. powerful tool is In conclusion. forensic science art of is In conclusion tool. powerful tool is in fight against crime. forensic science aspects of is collection of physical evidence. forensic science art of is tool. forensic science key aspects of is collection. forensic science important aspect of is interpretation. forensic science aspects of is collection of evidence. forensic science art of is powerful tool. forensic science aspect of is interpretation of evidence. forensic science art of is powerful tool in fight. forensic science art of is powerful tool in fight against crime.",
    "evaluation": 0
  },
  {
    "correct_answer": "Forensic scientists must handle and process evidence in a controlled and consistent manner.",
    "retrieved_context": "complex data draw logical conclusions. Forensic scientists analyze data based evidence available. Forensic scientists analyze data based evidence available to them. data draw conclusions. evidence can range from fingerprints. Forensic scientists analyze data. complex data draw conclusions. Forensic scientists must must meticulous. evidence is handled in controlled manner. evidence is handled in manner. Forensic scientists analyze data based evidence. evidence draw conclusions. Forensic scientists analyze complex data. evidence is handled. Forensic scientists must must meticulous in their work. evidence can range from fingerprints to firearms. Forensic scientists must must able. data draw logical conclusions. forensic scientists examining physical characteristics. forensic scientists uncover truth behind even challenging cases. forensic scientists uncover truth. forensic scientists examining physical characteristics of evidence. evidence can range from fingerprints. forensic scientists can determine details. details collecting relevant evidence. forensic scientists examining characteristics. forensic scientists are able By combining principles with techniques. forensic scientists play role In analyzing evidence. forensic scientists also play role In physical evidence. forensic scientists are able By scientific principles. forensic scientists are able By principles. forensic scientists play role In analyzing physical evidence. forensic scientists are able By principles with investigative techniques. evidence is handled in manner. forensic scientists are able By combining principles with investigative techniques. evidence is handled. forensic scientists are able By combining principles. forensic scientists uncover truth behind even most challenging cases. forensic scientists uncover truth behind most challenging cases. forensic scientists can reconstruct events. forensic scientists are able. forensic scientists uncover truth behind cases. evidence is handled in controlled manner. forensic scientists are able By combining scientific principles. forensic scientists are able By scientific principles with investigative techniques. evidence draw conclusions. forensic scientists also play role in crime scene investigation. forensic scientists uncover truth behind even cases. evidence can range from fingerprints to firearms. forensic scientists also play crucial role. forensic scientists are able By principles with techniques. physical evidence draw conclusions. forensic scientists uncover truth behind challenging cases. forensic scientists play role. forensic scientists examining characteristics of evidence. forensic scientists are able By combining scientific principles with investigative techniques. combining scientific principles is with investigative techniques. forensic scientists are able By combining scientific principles with techniques. forensic scientists can determine important details. forensic scientists play role In evidence. forensic scientists are able By scientific principles with techniques. Forensic science also involves use of technology. use aid in analysis. Forensic science involves use of advanced technology. Forensic science involves use. use aid in analysis of evidence.",
    "evaluation": 1
  },
  {
    "correct_answer": "The art of forensic science is a powerful tool in the fight against crime and injustice.",
    "retrieved_context": "Forensic science also involves use of technology. use aid in analysis. Forensic science involves use of advanced technology. Forensic science involves use. use aid in analysis of evidence. forensic science art of is In conclusion powerful tool. forensic science art of is tool in fight against crime. forensic science art of is In conclusion tool in fight against crime. forensic science art of is In conclusion powerful tool in fight. forensic science art of is tool in fight. forensic science art of is In conclusion powerful tool in fight against crime. forensic science art of is In conclusion tool in fight. powerful tool is In conclusion. forensic science art of is In conclusion tool. powerful tool is in fight against crime. forensic science aspects of is collection of physical evidence. forensic science art of is tool. forensic science key aspects of is collection. forensic science important aspect of is interpretation. forensic science aspects of is collection of evidence. forensic science art of is powerful tool. forensic science aspect of is interpretation of evidence. forensic science art of is powerful tool in fight. forensic science art of is powerful tool in fight against crime. complex data draw logical conclusions. Forensic scientists analyze data based evidence available. Forensic scientists analyze data based evidence available to them. data draw conclusions. evidence can range from fingerprints. Forensic scientists analyze data. complex data draw conclusions. Forensic scientists must must meticulous. evidence is handled in controlled manner. evidence is handled in manner. Forensic scientists analyze data based evidence. evidence draw conclusions. Forensic scientists analyze complex data. evidence is handled. Forensic scientists must must meticulous in their work. evidence can range from fingerprints to firearms. Forensic scientists must must able. data draw logical conclusions. forensic scientists examining physical characteristics. forensic scientists uncover truth behind even challenging cases. forensic scientists uncover truth. forensic scientists examining physical characteristics of evidence. evidence can range from fingerprints. forensic scientists can determine details. details collecting relevant evidence. forensic scientists examining characteristics. forensic scientists are able By combining principles with techniques. forensic scientists play role In analyzing evidence. forensic scientists also play role In physical evidence. forensic scientists are able By scientific principles. forensic scientists are able By principles. forensic scientists play role In analyzing physical evidence. forensic scientists are able By principles with investigative techniques. evidence is handled in manner. forensic scientists are able By combining principles with investigative techniques. evidence is handled. forensic scientists are able By combining principles. forensic scientists uncover truth behind even most challenging cases. forensic scientists uncover truth behind most challenging cases. forensic scientists can reconstruct events. forensic scientists are able. forensic scientists uncover truth behind cases. evidence is handled in controlled manner. forensic scientists are able By combining scientific principles. forensic scientists are able By scientific principles with investigative techniques. evidence draw conclusions. forensic scientists also play role in crime scene investigation. forensic scientists uncover truth behind even cases. evidence can range from fingerprints to firearms. forensic scientists also play crucial role. forensic scientists are able By principles with techniques. physical evidence draw conclusions. forensic scientists uncover truth behind challenging cases. forensic scientists play role. forensic scientists examining characteristics of evidence. forensic scientists are able By combining scientific principles with investigative techniques. combining scientific principles is with investigative techniques. forensic scientists are able By combining scientific principles with techniques. forensic scientists can determine important details. forensic scientists play role In evidence. forensic scientists are able By scientific principles with techniques.",
    "evaluation": 1
  },
  {
    "accuracy": "46.67%"
  }
]