[
  {
    "correct_answer": "Human cloning is a controversial topic.",
    "retrieved_context": "human cloning raises profound questions. human cloning is used ethically. human cloning raises questions. human cloning promise for medical progress. human cloning is used. human cloning raises moral questions about sanctity of life. human cloning raises moral questions about sanctity. questions sanctity of life. human cloning raises moral questions. human cloning implications for medicine. human cloning raises profound moral questions. human cloning promise for progress. human cloning raises profound moral questions about sanctity of life. human cloning raises profound moral questions about sanctity. human cloning have implications for medicine. human cloning raises questions about sanctity. human cloning have positive implications. human cloning raises questions In concerns. human cloning holds promise for progress. human cloning holds promise. human cloning raises questions about sanctity of life. human cloning have positive implications for medicine. human cloning have implications. human cloning holds promise for medical progress. human cloning raises profound questions about sanctity. human cloning raises profound questions about sanctity of life. human cloning raises questions In concerns about individuality. Human Cloning Human cloning Ethics of is topic. Human Cloning Human cloning Ethics of is controversial topic. cloning raises questions In concerns about individuality. cloning holds promise for progress. cloning is seen. cloning raises questions about sanctity of life. cloning undermines inherent uniqueness of individual. cloning undermines uniqueness of individual. questions sanctity of life. cloning is From perspective seen as endeavor. cloning raises questions. cloning is used. cloning holds promise for medical progress. cloning have implications for medicine. cloning is seen From perspective. cloning raises profound questions about sanctity. cloning raises moral questions about sanctity of life. cloning is used ethically. cloning raises profound moral questions about sanctity of life. cloning raises profound questions. cloning raises moral questions about sanctity. cloning have positive implications for medicine. cloning be used for nefarious purposes. cloning have positive implications. cloning implications for medicine. cloning raises questions In concerns. cloning holds promise. cloning raises questions about sanctity. cloning have implications. cloning raises profound moral questions about sanctity. cloning is seen as endeavor. cloning raises profound moral questions. cloning be used for purposes. cloning promise for progress. cloning raises profound questions about sanctity of life. cloning is From perspective seen as hubristic endeavor. cloning is seen as hubristic endeavor. cloning promise for medical progress. cloning raises moral questions.",
    "evaluation": 1
  },
  {
    "correct_answer": "Human cloning raises complex ethical questions.",
    "retrieved_context": "human cloning raises profound questions. human cloning is used ethically. human cloning raises questions. human cloning promise for medical progress. human cloning is used. human cloning raises moral questions about sanctity of life. human cloning raises moral questions about sanctity. questions sanctity of life. human cloning raises moral questions. human cloning implications for medicine. human cloning raises profound moral questions. human cloning promise for progress. human cloning raises profound moral questions about sanctity of life. human cloning raises profound moral questions about sanctity. human cloning have implications for medicine. human cloning raises questions about sanctity. human cloning have positive implications. human cloning raises questions In concerns. human cloning holds promise for progress. human cloning holds promise. human cloning raises questions about sanctity of life. human cloning have positive implications for medicine. human cloning have implications. human cloning holds promise for medical progress. human cloning raises profound questions about sanctity. human cloning raises profound questions about sanctity of life. human cloning raises questions In concerns about individuality. Human Cloning Human cloning Ethics of is topic. Human Cloning Human cloning Ethics of is controversial topic.",
    "evaluation": 1
  },
  {
    "correct_answer": "Human cloning manipulates genetic material.",
    "retrieved_context": "human cloning raises profound questions. human cloning is used ethically. human cloning raises questions. human cloning promise for medical progress. human cloning is used. human cloning raises moral questions about sanctity of life. human cloning raises moral questions about sanctity. questions sanctity of life. human cloning raises moral questions. human cloning implications for medicine. human cloning raises profound moral questions. human cloning promise for progress. human cloning raises profound moral questions about sanctity of life. human cloning raises profound moral questions about sanctity. human cloning have implications for medicine. human cloning raises questions about sanctity. human cloning have positive implications. human cloning raises questions In concerns. human cloning holds promise for progress. human cloning holds promise. human cloning raises questions about sanctity of life. human cloning have positive implications for medicine. human cloning have implications. human cloning holds promise for medical progress. human cloning raises profound questions about sanctity. human cloning raises profound questions about sanctity of life. human cloning raises questions In concerns about individuality. Human Cloning Human cloning Ethics of is topic. Human Cloning Human cloning Ethics of is controversial topic. cloning raises questions In concerns about individuality. cloning holds promise for progress. cloning is seen. cloning raises questions about sanctity of life. cloning undermines inherent uniqueness of individual. cloning undermines uniqueness of individual. questions sanctity of life. cloning is From perspective seen as endeavor. cloning raises questions. cloning is used. cloning holds promise for medical progress. cloning have implications for medicine. cloning is seen From perspective. cloning raises profound questions about sanctity. cloning raises moral questions about sanctity of life. cloning is used ethically. cloning raises profound moral questions about sanctity of life. cloning raises profound questions. cloning raises moral questions about sanctity. cloning have positive implications for medicine. cloning be used for nefarious purposes. cloning have positive implications. cloning implications for medicine. cloning raises questions In concerns. cloning holds promise. cloning raises questions about sanctity. cloning have implications. cloning raises profound moral questions about sanctity. cloning is seen as endeavor. cloning raises profound moral questions. cloning be used for purposes. cloning promise for progress. cloning raises profound questions about sanctity of life. cloning is From perspective seen as hubristic endeavor. cloning is seen as hubristic endeavor. cloning promise for medical progress. cloning raises moral questions. Cloning technology could could used.",
    "evaluation": 0
  },
  {
    "correct_answer": "Cloning creates genetically identical copies of individuals.",
    "retrieved_context": "cloning raises questions In concerns about individuality. cloning holds promise for progress. cloning is seen. cloning raises questions about sanctity of life. cloning undermines inherent uniqueness of individual. cloning undermines uniqueness of individual. questions sanctity of life. cloning is From perspective seen as endeavor. cloning raises questions. cloning is used. cloning holds promise for medical progress. cloning have implications for medicine. cloning is seen From perspective. cloning raises profound questions about sanctity. cloning raises moral questions about sanctity of life. cloning is used ethically. cloning raises profound moral questions about sanctity of life. cloning raises profound questions. cloning raises moral questions about sanctity. cloning have positive implications for medicine. cloning be used for nefarious purposes. cloning have positive implications. cloning implications for medicine. cloning raises questions In concerns. cloning holds promise. cloning raises questions about sanctity. cloning have implications. cloning raises profound moral questions about sanctity. cloning is seen as endeavor. cloning raises profound moral questions. cloning be used for purposes. cloning promise for progress. cloning raises profound questions about sanctity of life. cloning is From perspective seen as hubristic endeavor. cloning is seen as hubristic endeavor. cloning promise for medical progress. cloning raises moral questions. human cloning raises profound questions. human cloning is used ethically. human cloning raises questions. human cloning promise for medical progress. human cloning is used. human cloning raises moral questions about sanctity of life. human cloning raises moral questions about sanctity. questions sanctity of life. human cloning raises moral questions. human cloning implications for medicine. human cloning raises profound moral questions. human cloning promise for progress. human cloning raises profound moral questions about sanctity of life. human cloning raises profound moral questions about sanctity. human cloning have implications for medicine. human cloning raises questions about sanctity. human cloning have positive implications. human cloning raises questions In concerns. human cloning holds promise for progress. human cloning holds promise. human cloning raises questions about sanctity of life. human cloning have positive implications for medicine. human cloning have implications. human cloning holds promise for medical progress. human cloning raises profound questions about sanctity. human cloning raises profound questions about sanctity of life. human cloning raises questions In concerns about individuality. Human Cloning Human cloning Ethics of is topic. Human Cloning Human cloning Ethics of is controversial topic. Cloning technology could could used.",
    "evaluation": 0
  },
  {
    "correct_answer": "Cloning sparks fascination among scientists.",
    "retrieved_context": "cloning raises questions In concerns about individuality. cloning holds promise for progress. cloning is seen. cloning raises questions about sanctity of life. cloning undermines inherent uniqueness of individual. cloning undermines uniqueness of individual. questions sanctity of life. cloning is From perspective seen as endeavor. cloning raises questions. cloning is used. cloning holds promise for medical progress. cloning have implications for medicine. cloning is seen From perspective. cloning raises profound questions about sanctity. cloning raises moral questions about sanctity of life. cloning is used ethically. cloning raises profound moral questions about sanctity of life. cloning raises profound questions. cloning raises moral questions about sanctity. cloning have positive implications for medicine. cloning be used for nefarious purposes. cloning have positive implications. cloning implications for medicine. cloning raises questions In concerns. cloning holds promise. cloning raises questions about sanctity. cloning have implications. cloning raises profound moral questions about sanctity. cloning is seen as endeavor. cloning raises profound moral questions. cloning be used for purposes. cloning promise for progress. cloning raises profound questions about sanctity of life. cloning is From perspective seen as hubristic endeavor. cloning is seen as hubristic endeavor. cloning promise for medical progress. cloning raises moral questions. human cloning raises profound questions. human cloning is used ethically. human cloning raises questions. human cloning promise for medical progress. human cloning is used. human cloning raises moral questions about sanctity of life. human cloning raises moral questions about sanctity. questions sanctity of life. human cloning raises moral questions. human cloning implications for medicine. human cloning raises profound moral questions. human cloning promise for progress. human cloning raises profound moral questions about sanctity of life. human cloning raises profound moral questions about sanctity. human cloning have implications for medicine. human cloning raises questions about sanctity. human cloning have positive implications. human cloning raises questions In concerns. human cloning holds promise for progress. human cloning holds promise. human cloning raises questions about sanctity of life. human cloning have positive implications for medicine. human cloning have implications. human cloning holds promise for medical progress. human cloning raises profound questions about sanctity. human cloning raises profound questions about sanctity of life. human cloning raises questions In concerns about individuality.",
    "evaluation": 0
  },
  {
    "correct_answer": "Cloning raises concerns about individuality.",
    "retrieved_context": "human cloning raises profound questions. human cloning is used ethically. human cloning raises questions. human cloning promise for medical progress. human cloning is used. human cloning raises moral questions about sanctity of life. human cloning raises moral questions about sanctity. questions sanctity of life. human cloning raises moral questions. human cloning implications for medicine. human cloning raises profound moral questions. human cloning promise for progress. human cloning raises profound moral questions about sanctity of life. human cloning raises profound moral questions about sanctity. human cloning have implications for medicine. human cloning raises questions about sanctity. human cloning have positive implications. human cloning raises questions In concerns. human cloning holds promise for progress. human cloning holds promise. human cloning raises questions about sanctity of life. human cloning have positive implications for medicine. human cloning have implications. human cloning holds promise for medical progress. human cloning raises profound questions about sanctity. human cloning raises profound questions about sanctity of life. human cloning raises questions In concerns about individuality.",
    "evaluation": 1
  },
  {
    "correct_answer": "Cloning raises concerns about personal identity.",
    "retrieved_context": "human cloning raises profound questions. human cloning is used ethically. human cloning raises questions. human cloning promise for medical progress. human cloning is used. human cloning raises moral questions about sanctity of life. human cloning raises moral questions about sanctity. questions sanctity of life. human cloning raises moral questions. human cloning implications for medicine. human cloning raises profound moral questions. human cloning promise for progress. human cloning raises profound moral questions about sanctity of life. human cloning raises profound moral questions about sanctity. human cloning have implications for medicine. human cloning raises questions about sanctity. human cloning have positive implications. human cloning raises questions In concerns. human cloning holds promise for progress. human cloning holds promise. human cloning raises questions about sanctity of life. human cloning have positive implications for medicine. human cloning have implications. human cloning holds promise for medical progress. human cloning raises profound questions about sanctity. human cloning raises profound questions about sanctity of life. human cloning raises questions In concerns about individuality. cloning raises questions In concerns about individuality. cloning holds promise for progress. cloning is seen. cloning raises questions about sanctity of life. cloning undermines inherent uniqueness of individual. cloning undermines uniqueness of individual. questions sanctity of life. cloning is From perspective seen as endeavor. cloning raises questions. cloning is used. cloning holds promise for medical progress. cloning have implications for medicine. cloning is seen From perspective. cloning raises profound questions about sanctity. cloning raises moral questions about sanctity of life. cloning is used ethically. cloning raises profound moral questions about sanctity of life. cloning raises profound questions. cloning raises moral questions about sanctity. cloning have positive implications for medicine. cloning be used for nefarious purposes. cloning have positive implications. cloning implications for medicine. cloning raises questions In concerns. cloning holds promise. cloning raises questions about sanctity. cloning have implications. cloning raises profound moral questions about sanctity. cloning is seen as endeavor. cloning raises profound moral questions. cloning be used for purposes. cloning promise for progress. cloning raises profound questions about sanctity of life. cloning is From perspective seen as hubristic endeavor. cloning is seen as hubristic endeavor. cloning promise for medical progress. cloning raises moral questions.",
    "evaluation": 0
  },
  {
    "correct_answer": "Cloning undermines the uniqueness of individuals.",
    "retrieved_context": "human cloning raises profound questions. human cloning is used ethically. human cloning raises questions. human cloning promise for medical progress. human cloning is used. human cloning raises moral questions about sanctity of life. human cloning raises moral questions about sanctity. questions sanctity of life. human cloning raises moral questions. human cloning implications for medicine. human cloning raises profound moral questions. human cloning promise for progress. human cloning raises profound moral questions about sanctity of life. human cloning raises profound moral questions about sanctity. human cloning have implications for medicine. human cloning raises questions about sanctity. human cloning have positive implications. human cloning raises questions In concerns. human cloning holds promise for progress. human cloning holds promise. human cloning raises questions about sanctity of life. human cloning have positive implications for medicine. human cloning have implications. human cloning holds promise for medical progress. human cloning raises profound questions about sanctity. human cloning raises profound questions about sanctity of life. human cloning raises questions In concerns about individuality. cloning raises questions In concerns about individuality. cloning holds promise for progress. cloning is seen. cloning raises questions about sanctity of life. cloning undermines inherent uniqueness of individual. cloning undermines uniqueness of individual. questions sanctity of life. cloning is From perspective seen as endeavor. cloning raises questions. cloning is used. cloning holds promise for medical progress. cloning have implications for medicine. cloning is seen From perspective. cloning raises profound questions about sanctity. cloning raises moral questions about sanctity of life. cloning is used ethically. cloning raises profound moral questions about sanctity of life. cloning raises profound questions. cloning raises moral questions about sanctity. cloning have positive implications for medicine. cloning be used for nefarious purposes. cloning have positive implications. cloning implications for medicine. cloning raises questions In concerns. cloning holds promise. cloning raises questions about sanctity. cloning have implications. cloning raises profound moral questions about sanctity. cloning is seen as endeavor. cloning raises profound moral questions. cloning be used for purposes. cloning promise for progress. cloning raises profound questions about sanctity of life. cloning is From perspective seen as hubristic endeavor. cloning is seen as hubristic endeavor. cloning promise for medical progress. cloning raises moral questions.",
    "evaluation": 1
  },
  {
    "correct_answer": "Cloning could be misused for creating designer babies.",
    "retrieved_context": "human cloning raises profound questions. human cloning is used ethically. human cloning raises questions. human cloning promise for medical progress. human cloning is used. human cloning raises moral questions about sanctity of life. human cloning raises moral questions about sanctity. questions sanctity of life. human cloning raises moral questions. human cloning implications for medicine. human cloning raises profound moral questions. human cloning promise for progress. human cloning raises profound moral questions about sanctity of life. human cloning raises profound moral questions about sanctity. human cloning have implications for medicine. human cloning raises questions about sanctity. human cloning have positive implications. human cloning raises questions In concerns. human cloning holds promise for progress. human cloning holds promise. human cloning raises questions about sanctity of life. human cloning have positive implications for medicine. human cloning have implications. human cloning holds promise for medical progress. human cloning raises profound questions about sanctity. human cloning raises profound questions about sanctity of life. human cloning raises questions In concerns about individuality. cloning raises questions In concerns about individuality. cloning holds promise for progress. cloning is seen. cloning raises questions about sanctity of life. cloning undermines inherent uniqueness of individual. cloning undermines uniqueness of individual. questions sanctity of life. cloning is From perspective seen as endeavor. cloning raises questions. cloning is used. cloning holds promise for medical progress. cloning have implications for medicine. cloning is seen From perspective. cloning raises profound questions about sanctity. cloning raises moral questions about sanctity of life. cloning is used ethically. cloning raises profound moral questions about sanctity of life. cloning raises profound questions. cloning raises moral questions about sanctity. cloning have positive implications for medicine. cloning be used for nefarious purposes. cloning have positive implications. cloning implications for medicine. cloning raises questions In concerns. cloning holds promise. cloning raises questions about sanctity. cloning have implications. cloning raises profound moral questions about sanctity. cloning is seen as endeavor. cloning raises profound moral questions. cloning be used for purposes. cloning promise for progress. cloning raises profound questions about sanctity of life. cloning is From perspective seen as hubristic endeavor. cloning is seen as hubristic endeavor. cloning promise for medical progress. cloning raises moral questions. Human Cloning Human cloning Ethics of is topic. Human Cloning Human cloning Ethics of is controversial topic. creating designer babies is with specific traits.",
    "evaluation": 0
  },
  {
    "correct_answer": "Cloning could be misused for unethical experiments.",
    "retrieved_context": "human cloning raises profound questions. human cloning is used ethically. human cloning raises questions. human cloning promise for medical progress. human cloning is used. human cloning raises moral questions about sanctity of life. human cloning raises moral questions about sanctity. questions sanctity of life. human cloning raises moral questions. human cloning implications for medicine. human cloning raises profound moral questions. human cloning promise for progress. human cloning raises profound moral questions about sanctity of life. human cloning raises profound moral questions about sanctity. human cloning have implications for medicine. human cloning raises questions about sanctity. human cloning have positive implications. human cloning raises questions In concerns. human cloning holds promise for progress. human cloning holds promise. human cloning raises questions about sanctity of life. human cloning have positive implications for medicine. human cloning have implications. human cloning holds promise for medical progress. human cloning raises profound questions about sanctity. human cloning raises profound questions about sanctity of life. human cloning raises questions In concerns about individuality. cloning raises questions In concerns about individuality. cloning holds promise for progress. cloning is seen. cloning raises questions about sanctity of life. cloning undermines inherent uniqueness of individual. cloning undermines uniqueness of individual. questions sanctity of life. cloning is From perspective seen as endeavor. cloning raises questions. cloning is used. cloning holds promise for medical progress. cloning have implications for medicine. cloning is seen From perspective. cloning raises profound questions about sanctity. cloning raises moral questions about sanctity of life. cloning is used ethically. cloning raises profound moral questions about sanctity of life. cloning raises profound questions. cloning raises moral questions about sanctity. cloning have positive implications for medicine. cloning be used for nefarious purposes. cloning have positive implications. cloning implications for medicine. cloning raises questions In concerns. cloning holds promise. cloning raises questions about sanctity. cloning have implications. cloning raises profound moral questions about sanctity. cloning is seen as endeavor. cloning raises profound moral questions. cloning be used for purposes. cloning promise for progress. cloning raises profound questions about sanctity of life. cloning is From perspective seen as hubristic endeavor. cloning is seen as hubristic endeavor. cloning promise for medical progress. cloning raises moral questions.",
    "evaluation": 0
  },
  {
    "correct_answer": "Cloning raises moral and religious questions.",
    "retrieved_context": "human cloning raises profound questions. human cloning is used ethically. human cloning raises questions. human cloning promise for medical progress. human cloning is used. human cloning raises moral questions about sanctity of life. human cloning raises moral questions about sanctity. questions sanctity of life. human cloning raises moral questions. human cloning implications for medicine. human cloning raises profound moral questions. human cloning promise for progress. human cloning raises profound moral questions about sanctity of life. human cloning raises profound moral questions about sanctity. human cloning have implications for medicine. human cloning raises questions about sanctity. human cloning have positive implications. human cloning raises questions In concerns. human cloning holds promise for progress. human cloning holds promise. human cloning raises questions about sanctity of life. human cloning have positive implications for medicine. human cloning have implications. human cloning holds promise for medical progress. human cloning raises profound questions about sanctity. human cloning raises profound questions about sanctity of life. human cloning raises questions In concerns about individuality. cloning raises questions In concerns about individuality. cloning holds promise for progress. cloning is seen. cloning raises questions about sanctity of life. cloning undermines inherent uniqueness of individual. cloning undermines uniqueness of individual. questions sanctity of life. cloning is From perspective seen as endeavor. cloning raises questions. cloning is used. cloning holds promise for medical progress. cloning have implications for medicine. cloning is seen From perspective. cloning raises profound questions about sanctity. cloning raises moral questions about sanctity of life. cloning is used ethically. cloning raises profound moral questions about sanctity of life. cloning raises profound questions. cloning raises moral questions about sanctity. cloning have positive implications for medicine. cloning be used for nefarious purposes. cloning have positive implications. cloning implications for medicine. cloning raises questions In concerns. cloning holds promise. cloning raises questions about sanctity. cloning have implications. cloning raises profound moral questions about sanctity. cloning is seen as endeavor. cloning raises profound moral questions. cloning be used for purposes. cloning promise for progress. cloning raises profound questions about sanctity of life. cloning is From perspective seen as hubristic endeavor. cloning is seen as hubristic endeavor. cloning promise for medical progress. cloning raises moral questions. Human Cloning Human cloning Ethics of is topic. Human Cloning Human cloning Ethics of is controversial topic.",
    "evaluation": 1
  },
  {
    "correct_answer": "Cloning challenges the boundaries between humans and the divine.",
    "retrieved_context": "human cloning raises profound questions. human cloning is used ethically. human cloning raises questions. human cloning promise for medical progress. human cloning is used. human cloning raises moral questions about sanctity of life. human cloning raises moral questions about sanctity. questions sanctity of life. human cloning raises moral questions. human cloning implications for medicine. human cloning raises profound moral questions. human cloning promise for progress. human cloning raises profound moral questions about sanctity of life. human cloning raises profound moral questions about sanctity. human cloning have implications for medicine. human cloning raises questions about sanctity. human cloning have positive implications. human cloning raises questions In concerns. human cloning holds promise for progress. human cloning holds promise. human cloning raises questions about sanctity of life. human cloning have positive implications for medicine. human cloning have implications. human cloning holds promise for medical progress. human cloning raises profound questions about sanctity. human cloning raises profound questions about sanctity of life. human cloning raises questions In concerns about individuality. cloning raises questions In concerns about individuality. cloning holds promise for progress. cloning is seen. cloning raises questions about sanctity of life. cloning undermines inherent uniqueness of individual. cloning undermines uniqueness of individual. questions sanctity of life. cloning is From perspective seen as endeavor. cloning raises questions. cloning is used. cloning holds promise for medical progress. cloning have implications for medicine. cloning is seen From perspective. cloning raises profound questions about sanctity. cloning raises moral questions about sanctity of life. cloning is used ethically. cloning raises profound moral questions about sanctity of life. cloning raises profound questions. cloning raises moral questions about sanctity. cloning have positive implications for medicine. cloning be used for nefarious purposes. cloning have positive implications. cloning implications for medicine. cloning raises questions In concerns. cloning holds promise. cloning raises questions about sanctity. cloning have implications. cloning raises profound moral questions about sanctity. cloning is seen as endeavor. cloning raises profound moral questions. cloning be used for purposes. cloning promise for progress. cloning raises profound questions about sanctity of life. cloning is From perspective seen as hubristic endeavor. cloning is seen as hubristic endeavor. cloning promise for medical progress. cloning raises moral questions. Human Cloning Human cloning Ethics of is topic. Human Cloning Human cloning Ethics of is controversial topic.",
    "evaluation": 0
  },
  {
    "correct_answer": "Cloning could have positive implications for medicine.",
    "retrieved_context": "",
    "evaluation": 0
  },
  {
    "correct_answer": "Cloning could revolutionize healthcare.",
    "retrieved_context": "human cloning raises profound questions. human cloning is used ethically. human cloning raises questions. human cloning promise for medical progress. human cloning is used. human cloning raises moral questions about sanctity of life. human cloning raises moral questions about sanctity. questions sanctity of life. human cloning raises moral questions. human cloning implications for medicine. human cloning raises profound moral questions. human cloning promise for progress. human cloning raises profound moral questions about sanctity of life. human cloning raises profound moral questions about sanctity. human cloning have implications for medicine. human cloning raises questions about sanctity. human cloning have positive implications. human cloning raises questions In concerns. human cloning holds promise for progress. human cloning holds promise. human cloning raises questions about sanctity of life. human cloning have positive implications for medicine. human cloning have implications. human cloning holds promise for medical progress. human cloning raises profound questions about sanctity. human cloning raises profound questions about sanctity of life. human cloning raises questions In concerns about individuality.",
    "evaluation": 0
  },
  {
    "correct_answer": "Cloning raises complex ethical considerations.",
    "retrieved_context": "human cloning raises profound questions. human cloning is used ethically. human cloning raises questions. human cloning promise for medical progress. human cloning is used. human cloning raises moral questions about sanctity of life. human cloning raises moral questions about sanctity. questions sanctity of life. human cloning raises moral questions. human cloning implications for medicine. human cloning raises profound moral questions. human cloning promise for progress. human cloning raises profound moral questions about sanctity of life. human cloning raises profound moral questions about sanctity. human cloning have implications for medicine. human cloning raises questions about sanctity. human cloning have positive implications. human cloning raises questions In concerns. human cloning holds promise for progress. human cloning holds promise. human cloning raises questions about sanctity of life. human cloning have positive implications for medicine. human cloning have implications. human cloning holds promise for medical progress. human cloning raises profound questions about sanctity. human cloning raises profound questions about sanctity of life. human cloning raises questions In concerns about individuality.",
    "evaluation": 1
  },
  {
    "accuracy": "40.00%"
  }
]