[
  {
    "correct_answer": "Music is an integral part of human culture.",
    "retrieved_context": "music stimulates brain. music influencing language skills. cognitive functions related to problem-solving skills. music improve cognitive functions. cognitive functions related to pattern recognition. music has been integral. music influencing problem-solving skills. music impact on language development. music evoke emotional responses. music influencing memory. music involves sound patterns. emotional responses ranging from excitement. music influence cognitive abilities. cognitive functions related to spatial reasoning. emotional responses ranging from sadness. music serving as entertainment. music tool for cognitive development. sound patterns are components. music enhance memory retention. music part of culture. rhythms are components. emotional responses ranging from joy. brain involved in memory formation. brain involved in retrieval. music involves rhythms. music serving as expression. music impact on emotional development. music enhance recall. music serving as communication. emotional responses ranging from nostalgia. music influencing emotional intelligence. tool for ages. music therapy used as tool. tool for individuals. tool help disorders. playing an instrument requires discipline. playing an instrument requires concentration. playing an instrument requires coordination. rhythms are components.",
    "evaluation": 1
  },
  {
    "correct_answer": "Music serves as a form of entertainment.",
    "retrieved_context": "music stimulates brain. music influencing language skills. cognitive functions related to problem-solving skills. music improve cognitive functions. cognitive functions related to pattern recognition. music has been integral. music influencing problem-solving skills. music impact on language development. music evoke emotional responses. music influencing memory. music involves sound patterns. emotional responses ranging from excitement. music influence cognitive abilities. cognitive functions related to spatial reasoning. emotional responses ranging from sadness. music serving as entertainment. music tool for cognitive development. sound patterns are components. music enhance memory retention. music part of culture. rhythms are components. emotional responses ranging from joy. brain involved in memory formation. brain involved in retrieval. music involves rhythms. music serving as expression. music impact on emotional development. music enhance recall. music serving as communication. emotional responses ranging from nostalgia. music influencing emotional intelligence. tool for ages. music therapy used as tool. tool for individuals. tool help disorders. playing an instrument requires discipline. playing an instrument requires concentration. playing an instrument requires coordination. rhythms are components.",
    "evaluation": 1
  },
  {
    "correct_answer": "Music serves as a means of communication.",
    "retrieved_context": "music stimulates brain. music influencing language skills. cognitive functions related to problem-solving skills. music improve cognitive functions. cognitive functions related to pattern recognition. music has been integral. music influencing problem-solving skills. music impact on language development. music evoke emotional responses. music influencing memory. music involves sound patterns. emotional responses ranging from excitement. music influence cognitive abilities. cognitive functions related to spatial reasoning. emotional responses ranging from sadness. music serving as entertainment. music tool for cognitive development. sound patterns are components. music enhance memory retention. music part of culture. rhythms are components. emotional responses ranging from joy. brain involved in memory formation. brain involved in retrieval. music involves rhythms. music serving as expression. music impact on emotional development. music enhance recall. music serving as communication. emotional responses ranging from nostalgia. music influencing emotional intelligence. tool for ages. music therapy used as tool. tool for individuals. tool help disorders. playing an instrument requires discipline. playing an instrument requires concentration. playing an instrument requires coordination. rhythms are components. music stimulates brain. music influencing language skills. music improve cognitive functions. music has been integral. music influencing problem-solving skills. music impact on language development. music evoke emotional responses. music influencing memory. music involves sound patterns. music influence cognitive abilities. music serving as entertainment. music tool for cognitive development. music enhance memory retention. music part of culture. passive listening not limited to music. music involves rhythms. music serving as expression. music impact on emotional development. music enhance recall. music serving as communication. music influencing emotional intelligence.",
    "evaluation": 1
  },
  {
    "correct_answer": "Music serves as a means of expression.",
    "retrieved_context": "music stimulates brain. music influencing language skills. cognitive functions related to problem-solving skills. music improve cognitive functions. cognitive functions related to pattern recognition. music has been integral. music influencing problem-solving skills. music impact on language development. music evoke emotional responses. music influencing memory. music involves sound patterns. emotional responses ranging from excitement. music influence cognitive abilities. cognitive functions related to spatial reasoning. emotional responses ranging from sadness. music serving as entertainment. music tool for cognitive development. sound patterns are components. music enhance memory retention. music part of culture. rhythms are components. emotional responses ranging from joy. brain involved in memory formation. brain involved in retrieval. music involves rhythms. music serving as expression. music impact on emotional development. music enhance recall. music serving as communication. emotional responses ranging from nostalgia. music influencing emotional intelligence. tool for ages. music therapy used as tool. tool for individuals. tool help disorders. playing an instrument requires discipline. playing an instrument requires concentration. playing an instrument requires coordination. rhythms are components.",
    "evaluation": 1
  },
  {
    "correct_answer": "Music can enhance memory.",
    "retrieved_context": "tool for ages. music therapy used as tool. tool for individuals. tool help disorders. music stimulates brain. music influencing language skills. cognitive functions related to problem-solving skills. music improve cognitive functions. cognitive functions related to pattern recognition. music has been integral. music influencing problem-solving skills. music impact on language development. music evoke emotional responses. music influencing memory. music involves sound patterns. emotional responses ranging from excitement. music influence cognitive abilities. cognitive functions related to spatial reasoning. emotional responses ranging from sadness. music serving as entertainment. music tool for cognitive development. sound patterns are components. music enhance memory retention. music part of culture. rhythms are components. emotional responses ranging from joy. brain involved in memory formation. brain involved in retrieval. music involves rhythms. music serving as expression. music impact on emotional development. music enhance recall. music serving as communication. emotional responses ranging from nostalgia. music influencing emotional intelligence. playing an instrument requires discipline. playing an instrument requires concentration. playing an instrument requires coordination. rhythms are components.",
    "evaluation": 1
  },
  {
    "correct_answer": "Listening to music can improve memory retention.",
    "retrieved_context": "tool for ages. music therapy used as tool. tool for individuals. tool help disorders. music stimulates brain. music influencing language skills. cognitive functions related to problem-solving skills. music improve cognitive functions. cognitive functions related to pattern recognition. music has been integral. music influencing problem-solving skills. music impact on language development. music evoke emotional responses. music influencing memory. music involves sound patterns. emotional responses ranging from excitement. music influence cognitive abilities. cognitive functions related to spatial reasoning. emotional responses ranging from sadness. music serving as entertainment. music tool for cognitive development. sound patterns are components. music enhance memory retention. music part of culture. rhythms are components. emotional responses ranging from joy. brain involved in memory formation. brain involved in retrieval. music involves rhythms. music serving as expression. music impact on emotional development. music enhance recall. music serving as communication. emotional responses ranging from nostalgia. music influencing emotional intelligence. playing an instrument requires discipline. playing an instrument requires concentration. playing an instrument requires coordination.",
    "evaluation": 1
  },
  {
    "correct_answer": "Listening to music can improve memory recall.",
    "retrieved_context": "tool for ages. music therapy used as tool. tool for individuals. tool help disorders. music stimulates brain. music influencing language skills. cognitive functions related to problem-solving skills. music improve cognitive functions. cognitive functions related to pattern recognition. music has been integral. music influencing problem-solving skills. music impact on language development. music evoke emotional responses. music influencing memory. music involves sound patterns. emotional responses ranging from excitement. music influence cognitive abilities. cognitive functions related to spatial reasoning. emotional responses ranging from sadness. music serving as entertainment. music tool for cognitive development. sound patterns are components. music enhance memory retention. music part of culture. rhythms are components. emotional responses ranging from joy. brain involved in memory formation. brain involved in retrieval. music involves rhythms. music serving as expression. music impact on emotional development. music enhance recall. music serving as communication. emotional responses ranging from nostalgia. music influencing emotional intelligence. playing an instrument requires discipline. playing an instrument requires concentration. playing an instrument requires coordination.",
    "evaluation": 1
  },
  {
    "correct_answer": "Music stimulates multiple areas of the brain.",
    "retrieved_context": "tool for ages. music therapy used as tool. tool for individuals. tool help disorders. music stimulates brain. music influencing language skills. cognitive functions related to problem-solving skills. music improve cognitive functions. cognitive functions related to pattern recognition. music has been integral. music influencing problem-solving skills. music impact on language development. music evoke emotional responses. music influencing memory. music involves sound patterns. emotional responses ranging from excitement. music influence cognitive abilities. cognitive functions related to spatial reasoning. emotional responses ranging from sadness. music serving as entertainment. music tool for cognitive development. sound patterns are components. music enhance memory retention. music part of culture. rhythms are components. emotional responses ranging from joy. brain involved in memory formation. brain involved in retrieval. music involves rhythms. music serving as expression. music impact on emotional development. music enhance recall. music serving as communication. emotional responses ranging from nostalgia. music influencing emotional intelligence. playing an instrument requires discipline. playing an instrument requires concentration. playing an instrument requires coordination. rhythms are components. brain involved in memory formation. brain involved in retrieval. sound patterns are components.",
    "evaluation": 1
  },
  {
    "correct_answer": "Music can enhance language skills.",
    "retrieved_context": "tool for ages. music therapy used as tool. tool for individuals. tool help disorders. music stimulates brain. music influencing language skills. cognitive functions related to problem-solving skills. music improve cognitive functions. cognitive functions related to pattern recognition. music has been integral. music influencing problem-solving skills. music impact on language development. music evoke emotional responses. music influencing memory. music involves sound patterns. emotional responses ranging from excitement. music influence cognitive abilities. cognitive functions related to spatial reasoning. emotional responses ranging from sadness. music serving as entertainment. music tool for cognitive development. sound patterns are components. music enhance memory retention. music part of culture. rhythms are components. emotional responses ranging from joy. brain involved in memory formation. brain involved in retrieval. music involves rhythms. music serving as expression. music impact on emotional development. music enhance recall. music serving as communication. emotional responses ranging from nostalgia. music influencing emotional intelligence. playing an instrument requires discipline. playing an instrument requires concentration. playing an instrument requires coordination.",
    "evaluation": 1
  },
  {
    "correct_answer": "Exposure to music from a young age can improve language development.",
    "retrieved_context": "tool for ages. music therapy used as tool. tool for individuals. tool help disorders. music stimulates brain. music influencing language skills. cognitive functions related to problem-solving skills. music improve cognitive functions. cognitive functions related to pattern recognition. music has been integral. music influencing problem-solving skills. music impact on language development. music evoke emotional responses. music influencing memory. music involves sound patterns. emotional responses ranging from excitement. music influence cognitive abilities. cognitive functions related to spatial reasoning. emotional responses ranging from sadness. music serving as entertainment. music tool for cognitive development. sound patterns are components. music enhance memory retention. music part of culture. rhythms are components. emotional responses ranging from joy. brain involved in memory formation. brain involved in retrieval. music involves rhythms. music serving as expression. music impact on emotional development. music enhance recall. music serving as communication. emotional responses ranging from nostalgia. music influencing emotional intelligence. playing an instrument requires discipline. playing an instrument requires concentration. playing an instrument requires coordination.",
    "evaluation": 1
  },
  {
    "correct_answer": "Music involves processing sound patterns and rhythms.",
    "retrieved_context": "music stimulates brain. music influencing language skills. cognitive functions related to problem-solving skills. music improve cognitive functions. cognitive functions related to pattern recognition. music has been integral. music influencing problem-solving skills. music impact on language development. music evoke emotional responses. music influencing memory. music involves sound patterns. emotional responses ranging from excitement. music influence cognitive abilities. cognitive functions related to spatial reasoning. emotional responses ranging from sadness. music serving as entertainment. music tool for cognitive development. sound patterns are components. music enhance memory retention. music part of culture. rhythms are components. emotional responses ranging from joy. brain involved in memory formation. brain involved in retrieval. music involves rhythms. music serving as expression. music impact on emotional development. music enhance recall. music serving as communication. emotional responses ranging from nostalgia. music influencing emotional intelligence. sound patterns are components. rhythms are components. tool for ages. music therapy used as tool. tool for individuals. tool help disorders. playing an instrument requires discipline. playing an instrument requires concentration. playing an instrument requires coordination.",
    "evaluation": 1
  },
  {
    "correct_answer": "Music can enhance problem-solving skills.",
    "retrieved_context": "tool for ages. music therapy used as tool. tool for individuals. tool help disorders. music stimulates brain. music influencing language skills. cognitive functions related to problem-solving skills. music improve cognitive functions. cognitive functions related to pattern recognition. music has been integral. music influencing problem-solving skills. music impact on language development. music evoke emotional responses. music influencing memory. music involves sound patterns. emotional responses ranging from excitement. music influence cognitive abilities. cognitive functions related to spatial reasoning. emotional responses ranging from sadness. music serving as entertainment. music tool for cognitive development. sound patterns are components. music enhance memory retention. music part of culture. rhythms are components. emotional responses ranging from joy. brain involved in memory formation. brain involved in retrieval. music involves rhythms. music serving as expression. music impact on emotional development. music enhance recall. music serving as communication. emotional responses ranging from nostalgia. music influencing emotional intelligence. playing an instrument requires discipline. playing an instrument requires concentration. playing an instrument requires coordination.",
    "evaluation": 1
  },
  {
    "correct_answer": "Engaging with music requires critical thinking.",
    "retrieved_context": "tool for ages. music therapy used as tool. tool for individuals. tool help disorders. music stimulates brain. music influencing language skills. cognitive functions related to problem-solving skills. music improve cognitive functions. cognitive functions related to pattern recognition. music has been integral. music influencing problem-solving skills. music impact on language development. music evoke emotional responses. music influencing memory. music involves sound patterns. emotional responses ranging from excitement. music influence cognitive abilities. cognitive functions related to spatial reasoning. emotional responses ranging from sadness. music serving as entertainment. music tool for cognitive development. sound patterns are components. music enhance memory retention. music part of culture. rhythms are components. emotional responses ranging from joy. brain involved in memory formation. brain involved in retrieval. music involves rhythms. music serving as expression. music impact on emotional development. music enhance recall. music serving as communication. emotional responses ranging from nostalgia. music influencing emotional intelligence. playing an instrument requires discipline. playing an instrument requires concentration. playing an instrument requires coordination. music stimulates brain. music influencing language skills. music improve cognitive functions. music has been integral. music influencing problem-solving skills. music impact on language development. music evoke emotional responses. music influencing memory. music involves sound patterns. music influence cognitive abilities. music serving as entertainment. music tool for cognitive development. music enhance memory retention. music part of culture. passive listening not limited to music. music involves rhythms. music serving as expression. music impact on emotional development. music enhance recall. music serving as communication. music influencing emotional intelligence.",
    "evaluation": 0
  },
  {
    "correct_answer": "Engaging with music requires analytical skills.",
    "retrieved_context": "tool for ages. music therapy used as tool. tool for individuals. tool help disorders. playing an instrument requires discipline. playing an instrument requires concentration. playing an instrument requires coordination. music stimulates brain. music influencing language skills. cognitive functions related to problem-solving skills. music improve cognitive functions. cognitive functions related to pattern recognition. music has been integral. music influencing problem-solving skills. music impact on language development. music evoke emotional responses. music influencing memory. music involves sound patterns. emotional responses ranging from excitement. music influence cognitive abilities. cognitive functions related to spatial reasoning. emotional responses ranging from sadness. music serving as entertainment. music tool for cognitive development. sound patterns are components. music enhance memory retention. music part of culture. rhythms are components. emotional responses ranging from joy. brain involved in memory formation. brain involved in retrieval. music involves rhythms. music serving as expression. music impact on emotional development. music enhance recall. music serving as communication. emotional responses ranging from nostalgia. music influencing emotional intelligence. skills transfer to areas.",
    "evaluation": 0
  },
  {
    "correct_answer": "Music can evoke strong emotional responses.",
    "retrieved_context": "tool for ages. music therapy used as tool. tool for individuals. tool help disorders. emotional responses ranging from sadness. emotional responses ranging from excitement. emotional responses ranging from joy. emotional responses ranging from nostalgia. music stimulates brain. music influencing language skills. cognitive functions related to problem-solving skills. music improve cognitive functions. cognitive functions related to pattern recognition. music has been integral. music influencing problem-solving skills. music impact on language development. music evoke emotional responses. music influencing memory. music involves sound patterns. emotional responses ranging from excitement. music influence cognitive abilities. cognitive functions related to spatial reasoning. emotional responses ranging from sadness. music serving as entertainment. music tool for cognitive development. sound patterns are components. music enhance memory retention. music part of culture. rhythms are components. emotional responses ranging from joy. brain involved in memory formation. brain involved in retrieval. music involves rhythms. music serving as expression. music impact on emotional development. music enhance recall. music serving as communication. emotional responses ranging from nostalgia. music influencing emotional intelligence.",
    "evaluation": 1
  },
  {
    "accuracy": "86.67%"
  }
]