[
  {
    "correct_answer": "Volunteerism fosters a sense of community in society.",
    "retrieved_context": "volunteerism provides opportunities for development. volunteerism enhances well-being. community strengthens bonds. volunteerism provides opportunities for growth. volunteerism boosts self-esteem. volunteerism has personal benefits. volunteerism promotes social responsibility. volunteerism addresses needs. volunteerism improves mental health. volunteerism provides fulfillment. volunteerism is an essential aspect of civic engagement. volunteerism provides purpose. volunteerism fosters community. community promotes unity. volunteerism provides opportunities for self-discovery. volunteerism plays a crucial role in society. individuals take an active role in issues. individuals explore passions. individuals make a difference in world. volunteers provide support. volunteers make place. volunteers inspire actions. individuals build relationships. volunteers provide services. volunteers support healthcare. volunteers address challenges. volunteers help to build compassionate. individuals forge connections. individuals contribute to well-being. volunteers support environmental conservation. individuals form friendships. individuals expand skill set. volunteers support elderly. volunteers support organizations. volunteers contribute to disaster relief. volunteers support homeless. volunteers support social justice. volunteers dedicate skills. volunteers create change. volunteers make a positive impact on individuals. volunteers demonstrate commitment. volunteers support education. individuals develop belonging. volunteers help to build inclusive. volunteers dedicate resources. volunteers contribute to projects. volunteers dedicate time. individuals inspire actions. volunteers contribute to initiatives. volunteers support causes. individuals come together to work towards goal. volunteers lead to citizenry. individuals gain experience. volunteers support disabilities. volunteers make a positive impact on world. volunteers create society. individuals share interests. volunteers make a positive impact on communities. volunteers benefit good. individuals share values. volunteers support populations. community promotes unity. community strengthens bonds.",
    "evaluation": 1
  },
  {
    "correct_answer": "Volunteers dedicate their time, skills, and resources to support causes and organizations.",
    "retrieved_context": "individuals take an active role in issues. individuals explore passions. individuals make a difference in world. volunteers provide support. volunteers make place. volunteers inspire actions. individuals build relationships. volunteers provide services. volunteers support healthcare. volunteers address challenges. volunteers help to build compassionate. individuals forge connections. individuals contribute to well-being. volunteers support environmental conservation. individuals form friendships. individuals expand skill set. volunteers support elderly. volunteers support organizations. volunteers contribute to disaster relief. volunteers support homeless. volunteers support social justice. volunteers dedicate skills. volunteers create change. volunteers make a positive impact on individuals. volunteers demonstrate commitment. volunteers support education. individuals develop belonging. volunteers help to build inclusive. volunteers dedicate resources. volunteers contribute to projects. volunteers dedicate time. individuals inspire actions. volunteers contribute to initiatives. volunteers support causes. individuals come together to work towards goal. volunteers lead to citizenry. individuals gain experience. volunteers support disabilities. volunteers make a positive impact on world. volunteers create society. individuals share interests. volunteers make a positive impact on communities. volunteers benefit good. individuals share values. volunteers support populations. volunteerism provides opportunities for development. volunteerism enhances well-being. community strengthens bonds. volunteerism provides opportunities for growth. volunteerism boosts self-esteem. volunteerism has personal benefits. volunteerism promotes social responsibility. volunteerism addresses needs. volunteerism improves mental health. volunteerism provides fulfillment. volunteerism is an essential aspect of civic engagement. volunteerism provides purpose. volunteerism fosters community. community promotes unity. volunteerism provides opportunities for self-discovery. volunteerism plays a crucial role in society.",
    "evaluation": 1
  },
  {
    "correct_answer": "Volunteerism promotes social responsibility.",
    "retrieved_context": "volunteerism provides opportunities for development. volunteerism enhances well-being. community strengthens bonds. volunteerism provides opportunities for growth. volunteerism boosts self-esteem. volunteerism has personal benefits. volunteerism promotes social responsibility. volunteerism addresses needs. volunteerism improves mental health. volunteerism provides fulfillment. volunteerism is an essential aspect of civic engagement. volunteerism provides purpose. volunteerism fosters community. community promotes unity. volunteerism provides opportunities for self-discovery. volunteerism plays a crucial role in society. individuals take an active role in issues. individuals explore passions. individuals make a difference in world. volunteers provide support. volunteers make place. volunteers inspire actions. individuals build relationships. volunteers provide services. volunteers support healthcare. volunteers address challenges. volunteers help to build compassionate. individuals forge connections. individuals contribute to well-being. volunteers support environmental conservation. individuals form friendships. individuals expand skill set. volunteers support elderly. volunteers support organizations. volunteers contribute to disaster relief. volunteers support homeless. volunteers support social justice. volunteers dedicate skills. volunteers create change. volunteers make a positive impact on individuals. volunteers demonstrate commitment. volunteers support education. individuals develop belonging. volunteers help to build inclusive. volunteers dedicate resources. volunteers contribute to projects. volunteers dedicate time. individuals inspire actions. volunteers contribute to initiatives. volunteers support causes. individuals come together to work towards goal. volunteers lead to citizenry. individuals gain experience. volunteers support disabilities. volunteers make a positive impact on world. volunteers create society. individuals share interests. volunteers make a positive impact on communities. volunteers benefit good. individuals share values. volunteers support populations.",
    "evaluation": 1
  },
  {
    "correct_answer": "Volunteers encourage individuals to take an active role in addressing social issues.",
    "retrieved_context": "individuals take an active role in issues. individuals explore passions. individuals make a difference in world. volunteers provide support. volunteers make place. volunteers inspire actions. individuals build relationships. volunteers provide services. volunteers support healthcare. volunteers address challenges. volunteers help to build compassionate. individuals forge connections. individuals contribute to well-being. volunteers support environmental conservation. individuals form friendships. individuals expand skill set. volunteers support elderly. volunteers support organizations. volunteers contribute to disaster relief. volunteers support homeless. volunteers support social justice. volunteers dedicate skills. volunteers create change. volunteers make a positive impact on individuals. volunteers demonstrate commitment. volunteers support education. individuals develop belonging. volunteers help to build inclusive. volunteers dedicate resources. volunteers contribute to projects. volunteers dedicate time. individuals inspire actions. volunteers contribute to initiatives. volunteers support causes. individuals come together to work towards goal. volunteers lead to citizenry. individuals gain experience. volunteers support disabilities. volunteers make a positive impact on world. volunteers create society. individuals share interests. volunteers make a positive impact on communities. volunteers benefit good. individuals share values. volunteers support populations. volunteerism provides opportunities for development. volunteerism enhances well-being. community strengthens bonds. volunteerism provides opportunities for growth. volunteerism boosts self-esteem. volunteerism has personal benefits. volunteerism promotes social responsibility. volunteerism addresses needs. volunteerism improves mental health. volunteerism provides fulfillment. volunteerism is an essential aspect of civic engagement. volunteerism provides purpose. volunteerism fosters community. community promotes unity. volunteerism provides opportunities for self-discovery. volunteerism plays a crucial role in society. community promotes unity. community strengthens bonds.",
    "evaluation": 0
  },
  {
    "correct_answer": "Volunteers support causes such as education, healthcare, environmental conservation, and social justice.",
    "retrieved_context": "volunteerism provides opportunities for development. volunteerism enhances well-being. community strengthens bonds. volunteerism provides opportunities for growth. volunteerism boosts self-esteem. volunteerism has personal benefits. volunteerism promotes social responsibility. volunteerism addresses needs. volunteerism improves mental health. volunteerism provides fulfillment. volunteerism is an essential aspect of civic engagement. volunteerism provides purpose. volunteerism fosters community. community promotes unity. volunteerism provides opportunities for self-discovery. volunteerism plays a crucial role in society. individuals take an active role in issues. individuals explore passions. individuals make a difference in world. volunteers provide support. volunteers make place. volunteers inspire actions. individuals build relationships. volunteers provide services. volunteers support healthcare. volunteers address challenges. volunteers help to build compassionate. individuals forge connections. individuals contribute to well-being. volunteers support environmental conservation. individuals form friendships. individuals expand skill set. volunteers support elderly. volunteers support organizations. volunteers contribute to disaster relief. volunteers support homeless. volunteers support social justice. volunteers dedicate skills. volunteers create change. volunteers make a positive impact on individuals. volunteers demonstrate commitment. volunteers support education. individuals develop belonging. volunteers help to build inclusive. volunteers dedicate resources. volunteers contribute to projects. volunteers dedicate time. individuals inspire actions. volunteers contribute to initiatives. volunteers support causes. individuals come together to work towards goal. volunteers lead to citizenry. individuals gain experience. volunteers support disabilities. volunteers make a positive impact on world. volunteers create society. individuals share interests. volunteers make a positive impact on communities. volunteers benefit good. individuals share values. volunteers support populations.",
    "evaluation": 1
  },
  {
    "correct_answer": "Volunteerism addresses critical needs within society.",
    "retrieved_context": "volunteerism provides opportunities for development. volunteerism enhances well-being. community strengthens bonds. volunteerism provides opportunities for growth. volunteerism boosts self-esteem. volunteerism has personal benefits. volunteerism promotes social responsibility. volunteerism addresses needs. volunteerism improves mental health. volunteerism provides fulfillment. volunteerism is an essential aspect of civic engagement. volunteerism provides purpose. volunteerism fosters community. community promotes unity. volunteerism provides opportunities for self-discovery. volunteerism plays a crucial role in society. individuals take an active role in issues. individuals explore passions. individuals make a difference in world. volunteers provide support. volunteers make place. volunteers inspire actions. individuals build relationships. volunteers provide services. volunteers support healthcare. volunteers address challenges. volunteers help to build compassionate. individuals forge connections. individuals contribute to well-being. volunteers support environmental conservation. individuals form friendships. individuals expand skill set. volunteers support elderly. volunteers support organizations. volunteers contribute to disaster relief. volunteers support homeless. volunteers support social justice. volunteers dedicate skills. volunteers create change. volunteers make a positive impact on individuals. volunteers demonstrate commitment. volunteers support education. individuals develop belonging. volunteers help to build inclusive. volunteers dedicate resources. volunteers contribute to projects. volunteers dedicate time. individuals inspire actions. volunteers contribute to initiatives. volunteers support causes. individuals come together to work towards goal. volunteers lead to citizenry. individuals gain experience. volunteers support disabilities. volunteers make a positive impact on world. volunteers create society. individuals share interests. volunteers make a positive impact on communities. volunteers benefit good. individuals share values. volunteers support populations.",
    "evaluation": 1
  },
  {
    "correct_answer": "Volunteers provide essential services and support to vulnerable populations.",
    "retrieved_context": "individuals take an active role in issues. individuals explore passions. individuals make a difference in world. volunteers provide support. volunteers make place. volunteers inspire actions. individuals build relationships. volunteers provide services. volunteers support healthcare. volunteers address challenges. volunteers help to build compassionate. individuals forge connections. individuals contribute to well-being. volunteers support environmental conservation. individuals form friendships. individuals expand skill set. volunteers support elderly. volunteers support organizations. volunteers contribute to disaster relief. volunteers support homeless. volunteers support social justice. volunteers dedicate skills. volunteers create change. volunteers make a positive impact on individuals. volunteers demonstrate commitment. volunteers support education. individuals develop belonging. volunteers help to build inclusive. volunteers dedicate resources. volunteers contribute to projects. volunteers dedicate time. individuals inspire actions. volunteers contribute to initiatives. volunteers support causes. individuals come together to work towards goal. volunteers lead to citizenry. individuals gain experience. volunteers support disabilities. volunteers make a positive impact on world. volunteers create society. individuals share interests. volunteers make a positive impact on communities. volunteers benefit good. individuals share values. volunteers support populations. volunteerism provides opportunities for development. volunteerism enhances well-being. community strengthens bonds. volunteerism provides opportunities for growth. volunteerism boosts self-esteem. volunteerism has personal benefits. volunteerism promotes social responsibility. volunteerism addresses needs. volunteerism improves mental health. volunteerism provides fulfillment. volunteerism is an essential aspect of civic engagement. volunteerism provides purpose. volunteerism fosters community. community promotes unity. volunteerism provides opportunities for self-discovery. volunteerism plays a crucial role in society.",
    "evaluation": 1
  },
  {
    "correct_answer": "Volunteers contribute to disaster relief efforts and environmental conservation projects.",
    "retrieved_context": "individuals take an active role in issues. individuals explore passions. individuals make a difference in world. volunteers provide support. volunteers make place. volunteers inspire actions. individuals build relationships. volunteers provide services. volunteers support healthcare. volunteers address challenges. volunteers help to build compassionate. individuals forge connections. individuals contribute to well-being. volunteers support environmental conservation. individuals form friendships. individuals expand skill set. volunteers support elderly. volunteers support organizations. volunteers contribute to disaster relief. volunteers support homeless. volunteers support social justice. volunteers dedicate skills. volunteers create change. volunteers make a positive impact on individuals. volunteers demonstrate commitment. volunteers support education. individuals develop belonging. volunteers help to build inclusive. volunteers dedicate resources. volunteers contribute to projects. volunteers dedicate time. individuals inspire actions. volunteers contribute to initiatives. volunteers support causes. individuals come together to work towards goal. volunteers lead to citizenry. individuals gain experience. volunteers support disabilities. volunteers make a positive impact on world. volunteers create society. individuals share interests. volunteers make a positive impact on communities. volunteers benefit good. individuals share values. volunteers support populations. volunteerism provides opportunities for development. volunteerism enhances well-being. community strengthens bonds. volunteerism provides opportunities for growth. volunteerism boosts self-esteem. volunteerism has personal benefits. volunteerism promotes social responsibility. volunteerism addresses needs. volunteerism improves mental health. volunteerism provides fulfillment. volunteerism is an essential aspect of civic engagement. volunteerism provides purpose. volunteerism fosters community. community promotes unity. volunteerism provides opportunities for self-discovery. volunteerism plays a crucial role in society.",
    "evaluation": 1
  },
  {
    "correct_answer": "Volunteering provides opportunities for personal growth and skill development.",
    "retrieved_context": "volunteerism provides opportunities for development. volunteerism enhances well-being. community strengthens bonds. volunteerism provides opportunities for growth. volunteerism boosts self-esteem. volunteerism has personal benefits. volunteerism promotes social responsibility. volunteerism addresses needs. volunteerism improves mental health. volunteerism provides fulfillment. volunteerism is an essential aspect of civic engagement. volunteerism provides purpose. volunteerism fosters community. community promotes unity. volunteerism provides opportunities for self-discovery. volunteerism plays a crucial role in society. individuals take an active role in issues. individuals explore passions. individuals make a difference in world. volunteers provide support. volunteers make place. volunteers inspire actions. individuals build relationships. volunteers provide services. volunteers support healthcare. volunteers address challenges. volunteers help to build compassionate. individuals forge connections. individuals contribute to well-being. volunteers support environmental conservation. individuals form friendships. individuals expand skill set. volunteers support elderly. volunteers support organizations. volunteers contribute to disaster relief. volunteers support homeless. volunteers support social justice. volunteers dedicate skills. volunteers create change. volunteers make a positive impact on individuals. volunteers demonstrate commitment. volunteers support education. individuals develop belonging. volunteers help to build inclusive. volunteers dedicate resources. volunteers contribute to projects. volunteers dedicate time. individuals inspire actions. volunteers contribute to initiatives. volunteers support causes. individuals come together to work towards goal. volunteers lead to citizenry. individuals gain experience. volunteers support disabilities. volunteers make a positive impact on world. volunteers create society. individuals share interests. volunteers make a positive impact on communities. volunteers benefit good. individuals share values. volunteers support populations.",
    "evaluation": 1
  },
  {
    "correct_answer": "Volunteering can boost self-esteem and improve mental health.",
    "retrieved_context": "volunteerism provides opportunities for development. volunteerism enhances well-being. community strengthens bonds. volunteerism provides opportunities for growth. volunteerism boosts self-esteem. volunteerism has personal benefits. volunteerism promotes social responsibility. volunteerism addresses needs. volunteerism improves mental health. volunteerism provides fulfillment. volunteerism is an essential aspect of civic engagement. volunteerism provides purpose. volunteerism fosters community. community promotes unity. volunteerism provides opportunities for self-discovery. volunteerism plays a crucial role in society. individuals take an active role in issues. individuals explore passions. individuals make a difference in world. volunteers provide support. volunteers make place. volunteers inspire actions. individuals build relationships. volunteers provide services. volunteers support healthcare. volunteers address challenges. volunteers help to build compassionate. individuals forge connections. individuals contribute to well-being. volunteers support environmental conservation. individuals form friendships. individuals expand skill set. volunteers support elderly. volunteers support organizations. volunteers contribute to disaster relief. volunteers support homeless. volunteers support social justice. volunteers dedicate skills. volunteers create change. volunteers make a positive impact on individuals. volunteers demonstrate commitment. volunteers support education. individuals develop belonging. volunteers help to build inclusive. volunteers dedicate resources. volunteers contribute to projects. volunteers dedicate time. individuals inspire actions. volunteers contribute to initiatives. volunteers support causes. individuals come together to work towards goal. volunteers lead to citizenry. individuals gain experience. volunteers support disabilities. volunteers make a positive impact on world. volunteers create society. individuals share interests. volunteers make a positive impact on communities. volunteers benefit good. individuals share values. volunteers support populations.",
    "evaluation": 1
  },
  {
    "correct_answer": "Volunteerism is a vital component of a healthy society.",
    "retrieved_context": "volunteerism provides opportunities for development. volunteerism enhances well-being. community strengthens bonds. volunteerism provides opportunities for growth. volunteerism boosts self-esteem. volunteerism has personal benefits. volunteerism promotes social responsibility. volunteerism addresses needs. volunteerism improves mental health. volunteerism provides fulfillment. volunteerism is an essential aspect of civic engagement. volunteerism provides purpose. volunteerism fosters community. community promotes unity. volunteerism provides opportunities for self-discovery. volunteerism plays a crucial role in society. individuals take an active role in issues. individuals explore passions. individuals make a difference in world. volunteers provide support. volunteers make place. volunteers inspire actions. individuals build relationships. volunteers provide services. volunteers support healthcare. volunteers address challenges. volunteers help to build compassionate. individuals forge connections. individuals contribute to well-being. volunteers support environmental conservation. individuals form friendships. individuals expand skill set. volunteers support elderly. volunteers support organizations. volunteers contribute to disaster relief. volunteers support homeless. volunteers support social justice. volunteers dedicate skills. volunteers create change. volunteers make a positive impact on individuals. volunteers demonstrate commitment. volunteers support education. individuals develop belonging. volunteers help to build inclusive. volunteers dedicate resources. volunteers contribute to projects. volunteers dedicate time. individuals inspire actions. volunteers contribute to initiatives. volunteers support causes. individuals come together to work towards goal. volunteers lead to citizenry. individuals gain experience. volunteers support disabilities. volunteers make a positive impact on world. volunteers create society. individuals share interests. volunteers make a positive impact on communities. volunteers benefit good. individuals share values. volunteers support populations.",
    "evaluation": 1
  },
  {
    "correct_answer": "Volunteers play a crucial role in creating positive change.",
    "retrieved_context": "individuals take an active role in issues. individuals explore passions. individuals make a difference in world. volunteers provide support. volunteers make place. volunteers inspire actions. individuals build relationships. volunteers provide services. volunteers support healthcare. volunteers address challenges. volunteers help to build compassionate. individuals forge connections. individuals contribute to well-being. volunteers support environmental conservation. individuals form friendships. individuals expand skill set. volunteers support elderly. volunteers support organizations. volunteers contribute to disaster relief. volunteers support homeless. volunteers support social justice. volunteers dedicate skills. volunteers create change. volunteers make a positive impact on individuals. volunteers demonstrate commitment. volunteers support education. individuals develop belonging. volunteers help to build inclusive. volunteers dedicate resources. volunteers contribute to projects. volunteers dedicate time. individuals inspire actions. volunteers contribute to initiatives. volunteers support causes. individuals come together to work towards goal. volunteers lead to citizenry. individuals gain experience. volunteers support disabilities. volunteers make a positive impact on world. volunteers create society. individuals share interests. volunteers make a positive impact on communities. volunteers benefit good. individuals share values. volunteers support populations. volunteerism provides opportunities for development. volunteerism enhances well-being. community strengthens bonds. volunteerism provides opportunities for growth. volunteerism boosts self-esteem. volunteerism has personal benefits. volunteerism promotes social responsibility. volunteerism addresses needs. volunteerism improves mental health. volunteerism provides fulfillment. volunteerism is an essential aspect of civic engagement. volunteerism provides purpose. volunteerism fosters community. community promotes unity. volunteerism provides opportunities for self-discovery. volunteerism plays a crucial role in society.",
    "evaluation": 1
  },
  {
    "correct_answer": "Volunteers contribute to the well-being of their communities.",
    "retrieved_context": "individuals take an active role in issues. individuals explore passions. individuals make a difference in world. volunteers provide support. volunteers make place. volunteers inspire actions. individuals build relationships. volunteers provide services. volunteers support healthcare. volunteers address challenges. volunteers help to build compassionate. individuals forge connections. individuals contribute to well-being. volunteers support environmental conservation. individuals form friendships. individuals expand skill set. volunteers support elderly. volunteers support organizations. volunteers contribute to disaster relief. volunteers support homeless. volunteers support social justice. volunteers dedicate skills. volunteers create change. volunteers make a positive impact on individuals. volunteers demonstrate commitment. volunteers support education. individuals develop belonging. volunteers help to build inclusive. volunteers dedicate resources. volunteers contribute to projects. volunteers dedicate time. individuals inspire actions. volunteers contribute to initiatives. volunteers support causes. individuals come together to work towards goal. volunteers lead to citizenry. individuals gain experience. volunteers support disabilities. volunteers make a positive impact on world. volunteers create society. individuals share interests. volunteers make a positive impact on communities. volunteers benefit good. individuals share values. volunteers support populations. volunteerism provides opportunities for development. volunteerism enhances well-being. community strengthens bonds. volunteerism provides opportunities for growth. volunteerism boosts self-esteem. volunteerism has personal benefits. volunteerism promotes social responsibility. volunteerism addresses needs. volunteerism improves mental health. volunteerism provides fulfillment. volunteerism is an essential aspect of civic engagement. volunteerism provides purpose. volunteerism fosters community. community promotes unity. volunteerism provides opportunities for self-discovery. volunteerism plays a crucial role in society. community promotes unity. community strengthens bonds. individuals take an active role in issues. individuals contribute to well-being. individuals explore passions. individuals gain experience. individuals form friendships. individuals make a difference in world. individuals develop belonging. individuals expand skill set. individuals build relationships. individuals share values. individuals share interests. individuals inspire actions. individuals forge connections. individuals come together to work towards goal.",
    "evaluation": 1
  },
  {
    "correct_answer": "Volunteerism should be encouraged as an essential aspect of civic engagement.",
    "retrieved_context": "volunteerism provides opportunities for development. volunteerism enhances well-being. community strengthens bonds. volunteerism provides opportunities for growth. volunteerism boosts self-esteem. volunteerism has personal benefits. volunteerism promotes social responsibility. volunteerism addresses needs. volunteerism improves mental health. volunteerism provides fulfillment. volunteerism is an essential aspect of civic engagement. volunteerism provides purpose. volunteerism fosters community. community promotes unity. volunteerism provides opportunities for self-discovery. volunteerism plays a crucial role in society. individuals take an active role in issues. individuals explore passions. individuals make a difference in world. volunteers provide support. volunteers make place. volunteers inspire actions. individuals build relationships. volunteers provide services. volunteers support healthcare. volunteers address challenges. volunteers help to build compassionate. individuals forge connections. individuals contribute to well-being. volunteers support environmental conservation. individuals form friendships. individuals expand skill set. volunteers support elderly. volunteers support organizations. volunteers contribute to disaster relief. volunteers support homeless. volunteers support social justice. volunteers dedicate skills. volunteers create change. volunteers make a positive impact on individuals. volunteers demonstrate commitment. volunteers support education. individuals develop belonging. volunteers help to build inclusive. volunteers dedicate resources. volunteers contribute to projects. volunteers dedicate time. individuals inspire actions. volunteers contribute to initiatives. volunteers support causes. individuals come together to work towards goal. volunteers lead to citizenry. individuals gain experience. volunteers support disabilities. volunteers make a positive impact on world. volunteers create society. individuals share interests. volunteers make a positive impact on communities. volunteers benefit good. individuals share values. volunteers support populations.",
    "evaluation": 1
  },
  {
    "correct_answer": "Volunteerism helps to build a more compassionate and inclusive society.",
    "retrieved_context": "volunteerism provides opportunities for development. volunteerism enhances well-being. community strengthens bonds. volunteerism provides opportunities for growth. volunteerism boosts self-esteem. volunteerism has personal benefits. volunteerism promotes social responsibility. volunteerism addresses needs. volunteerism improves mental health. volunteerism provides fulfillment. volunteerism is an essential aspect of civic engagement. volunteerism provides purpose. volunteerism fosters community. community promotes unity. volunteerism provides opportunities for self-discovery. volunteerism plays a crucial role in society. individuals take an active role in issues. individuals explore passions. individuals make a difference in world. volunteers provide support. volunteers make place. volunteers inspire actions. individuals build relationships. volunteers provide services. volunteers support healthcare. volunteers address challenges. volunteers help to build compassionate. individuals forge connections. individuals contribute to well-being. volunteers support environmental conservation. individuals form friendships. individuals expand skill set. volunteers support elderly. volunteers support organizations. volunteers contribute to disaster relief. volunteers support homeless. volunteers support social justice. volunteers dedicate skills. volunteers create change. volunteers make a positive impact on individuals. volunteers demonstrate commitment. volunteers support education. individuals develop belonging. volunteers help to build inclusive. volunteers dedicate resources. volunteers contribute to projects. volunteers dedicate time. individuals inspire actions. volunteers contribute to initiatives. volunteers support causes. individuals come together to work towards goal. volunteers lead to citizenry. individuals gain experience. volunteers support disabilities. volunteers make a positive impact on world. volunteers create society. individuals share interests. volunteers make a positive impact on communities. volunteers benefit good. individuals share values. volunteers support populations.",
    "evaluation": 1
  },
  {
    "accuracy": "93.33%"
  }
]