[
  {
    "correct_answer": "Water is crucial for the development of civilization.",
    "retrieved_context": "civilization harnessed benefit. water generating hydroelectric power. hydroelectric power providing renewable energy. water essential for drinking. industrial revolution occurred in 18th century. water used to irrigate crops. armies to conquer territories. water facing pollution. water allowed armies. water facing scarcity. water essential for transportation. industrial revolution led to production processes. water played a crucial role in development. water essential for trade. water significance in shaping course. agriculture foundation of early civilizations. industrial revolution led to mechanization. water vital for agriculture. water importance for human survival. exchange of ideas. water shaping environment. water driving innovation. water facing climate change. water facilitating exchange. water source of power. water essential for industry. exchange of goods. water essential for cooking. water significance in sustaining life. industrial revolution led to modern industry. water critical for modern societies. industrial revolution occurred in 19th century. water promoting progress. water harnessed during industrial revolution. hydroelectric power providing clean energy. water played a strategic role in military campaigns. water driving technological advancements. human survival dependent on water. water essential for sanitation. irrigation systems include terraced fields. terraced fields constructed by inca empire. irrigation systems include canals. canals constructed in mesopotamia. watermills used in ancient times. watermills to power mechanical devices. watermills to grind grain.",
    "evaluation": 1
  },
  {
    "correct_answer": "Water is essential for human survival.",
    "retrieved_context": "water generating hydroelectric power. hydroelectric power providing renewable energy. water essential for drinking. industrial revolution occurred in 18th century. water used to irrigate crops. armies to conquer territories. water facing pollution. water allowed armies. water facing scarcity. water essential for transportation. industrial revolution led to production processes. water played a crucial role in development. water essential for trade. water significance in shaping course. agriculture foundation of early civilizations. industrial revolution led to mechanization. water vital for agriculture. water importance for human survival. exchange of ideas. water shaping environment. water driving innovation. water facing climate change. water facilitating exchange. water source of power. water essential for industry. exchange of goods. water essential for cooking. water significance in sustaining life. industrial revolution led to modern industry. water critical for modern societies. industrial revolution occurred in 19th century. water promoting progress. water harnessed during industrial revolution. hydroelectric power providing clean energy. water played a strategic role in military campaigns. water driving technological advancements. human survival dependent on water. water essential for sanitation. water generating hydroelectric power. water essential for drinking. water used to irrigate crops. water facing pollution. water allowed armies. water facing scarcity. water essential for transportation. water played a crucial role in development. water essential for trade. water significance in shaping course. water vital for agriculture. water importance for human survival. water shaping environment. water driving innovation. water facing climate change. water facilitating exchange. water source of power. water essential for industry. water essential for cooking. water significance in sustaining life. water critical for modern societies. water promoting progress. water harnessed during industrial revolution. water played a strategic role in military campaigns. water driving technological advancements. human survival dependent on water. water essential for sanitation. watermills used in ancient times. watermills to power mechanical devices. watermills to grind grain. irrigation systems include terraced fields. terraced fields constructed by inca empire. irrigation systems include canals. canals constructed in mesopotamia. waterwheels to saw wood. waterwheels to power mechanical devices. waterwheels used in ancient times.",
    "evaluation": 1
  },
  {
    "correct_answer": "Water is important for drinking.",
    "retrieved_context": "water generating hydroelectric power. hydroelectric power providing renewable energy. water essential for drinking. industrial revolution occurred in 18th century. water used to irrigate crops. armies to conquer territories. water facing pollution. water allowed armies. water facing scarcity. water essential for transportation. industrial revolution led to production processes. water played a crucial role in development. water essential for trade. water significance in shaping course. agriculture foundation of early civilizations. industrial revolution led to mechanization. water vital for agriculture. water importance for human survival. exchange of ideas. water shaping environment. water driving innovation. water facing climate change. water facilitating exchange. water source of power. water essential for industry. exchange of goods. water essential for cooking. water significance in sustaining life. industrial revolution led to modern industry. water critical for modern societies. industrial revolution occurred in 19th century. water promoting progress. water harnessed during industrial revolution. hydroelectric power providing clean energy. water played a strategic role in military campaigns. water driving technological advancements. human survival dependent on water. water essential for sanitation. watermills used in ancient times. watermills to power mechanical devices. watermills to grind grain. irrigation systems include terraced fields. terraced fields constructed by inca empire. irrigation systems include canals. canals constructed in mesopotamia. natural highways enabled movement. natural highways enabled spread. natural highways enabled expansion. rivers served as natural highways. importance cannot be overstated.",
    "evaluation": 1
  },
  {
    "correct_answer": "Water is important for cooking.",
    "retrieved_context": "water generating hydroelectric power. hydroelectric power providing renewable energy. water essential for drinking. industrial revolution occurred in 18th century. water used to irrigate crops. armies to conquer territories. water facing pollution. water allowed armies. water facing scarcity. water essential for transportation. industrial revolution led to production processes. water played a crucial role in development. water essential for trade. water significance in shaping course. agriculture foundation of early civilizations. industrial revolution led to mechanization. water vital for agriculture. water importance for human survival. exchange of ideas. water shaping environment. water driving innovation. water facing climate change. water facilitating exchange. water source of power. water essential for industry. exchange of goods. water essential for cooking. water significance in sustaining life. industrial revolution led to modern industry. water critical for modern societies. industrial revolution occurred in 19th century. water promoting progress. water harnessed during industrial revolution. hydroelectric power providing clean energy. water played a strategic role in military campaigns. water driving technological advancements. human survival dependent on water. water essential for sanitation. irrigation systems include terraced fields. terraced fields constructed by inca empire. irrigation systems include canals. canals constructed in mesopotamia. watermills used in ancient times. watermills to power mechanical devices. watermills to grind grain. surplus food enabled complex societies. surplus food enabled population centers. surplus food enabled trade networks.",
    "evaluation": 1
  },
  {
    "correct_answer": "Water is important for sanitation.",
    "retrieved_context": "water generating hydroelectric power. hydroelectric power providing renewable energy. water essential for drinking. industrial revolution occurred in 18th century. water used to irrigate crops. armies to conquer territories. water facing pollution. water allowed armies. water facing scarcity. water essential for transportation. industrial revolution led to production processes. water played a crucial role in development. water essential for trade. water significance in shaping course. agriculture foundation of early civilizations. industrial revolution led to mechanization. water vital for agriculture. water importance for human survival. exchange of ideas. water shaping environment. water driving innovation. water facing climate change. water facilitating exchange. water source of power. water essential for industry. exchange of goods. water essential for cooking. water significance in sustaining life. industrial revolution led to modern industry. water critical for modern societies. industrial revolution occurred in 19th century. water promoting progress. water harnessed during industrial revolution. hydroelectric power providing clean energy. water played a strategic role in military campaigns. water driving technological advancements. human survival dependent on water. water essential for sanitation. irrigation systems include terraced fields. terraced fields constructed by inca empire. irrigation systems include canals. canals constructed in mesopotamia. importance cannot be overstated. watermills used in ancient times. watermills to power mechanical devices. watermills to grind grain. canals constructed in mesopotamia.",
    "evaluation": 1
  },
  {
    "correct_answer": "Early human settlements were established near sources of water.",
    "retrieved_context": "sources include rivers. sources include lakes. sources include oceans. natural highways enabled movement. settlements established near sources. natural highways enabled spread. natural highways enabled expansion. settlements served as natural highways. water generating hydroelectric power. hydroelectric power providing renewable energy. water essential for drinking. industrial revolution occurred in 18th century. water used to irrigate crops. armies to conquer territories. water facing pollution. water allowed armies. water facing scarcity. water essential for transportation. industrial revolution led to production processes. water played a crucial role in development. water essential for trade. water significance in shaping course. agriculture foundation of early civilizations. industrial revolution led to mechanization. water vital for agriculture. water importance for human survival. exchange of ideas. water shaping environment. water driving innovation. water facing climate change. water facilitating exchange. water source of power. water essential for industry. exchange of goods. water essential for cooking. water significance in sustaining life. industrial revolution led to modern industry. water critical for modern societies. industrial revolution occurred in 19th century. water promoting progress. water harnessed during industrial revolution. hydroelectric power providing clean energy. water played a strategic role in military campaigns. water driving technological advancements. human survival dependent on water. water essential for sanitation. irrigation systems include terraced fields. terraced fields constructed by inca empire. irrigation systems include canals. canals constructed in mesopotamia.",
    "evaluation": 1
  },
  {
    "correct_answer": "Access to water was crucial for the survival of early civilizations.",
    "retrieved_context": "water generating hydroelectric power. hydroelectric power providing renewable energy. water essential for drinking. industrial revolution occurred in 18th century. water used to irrigate crops. armies to conquer territories. water facing pollution. water allowed armies. water facing scarcity. water essential for transportation. industrial revolution led to production processes. water played a crucial role in development. water essential for trade. water significance in shaping course. agriculture foundation of early civilizations. industrial revolution led to mechanization. water vital for agriculture. water importance for human survival. exchange of ideas. water shaping environment. water driving innovation. water facing climate change. water facilitating exchange. water source of power. water essential for industry. exchange of goods. water essential for cooking. water significance in sustaining life. industrial revolution led to modern industry. water critical for modern societies. industrial revolution occurred in 19th century. water promoting progress. water harnessed during industrial revolution. hydroelectric power providing clean energy. water played a strategic role in military campaigns. water driving technological advancements. human survival dependent on water. water essential for sanitation. irrigation systems include terraced fields. terraced fields constructed by inca empire. irrigation systems include canals. canals constructed in mesopotamia. civilization harnessed benefit. watermills used in ancient times. watermills to power mechanical devices. watermills to grind grain.",
    "evaluation": 1
  },
  {
    "correct_answer": "The availability of water determined the success of settlements.",
    "retrieved_context": "sources include rivers. sources include lakes. sources include oceans. natural highways enabled movement. settlements established near sources. natural highways enabled spread. natural highways enabled expansion. settlements served as natural highways. irrigation systems include terraced fields. terraced fields constructed by inca empire. irrigation systems include canals. canals constructed in mesopotamia. water generating hydroelectric power. hydroelectric power providing renewable energy. water essential for drinking. industrial revolution occurred in 18th century. water used to irrigate crops. armies to conquer territories. water facing pollution. water allowed armies. water facing scarcity. water essential for transportation. industrial revolution led to production processes. water played a crucial role in development. water essential for trade. water significance in shaping course. agriculture foundation of early civilizations. industrial revolution led to mechanization. water vital for agriculture. water importance for human survival. exchange of ideas. water shaping environment. water driving innovation. water facing climate change. water facilitating exchange. water source of power. water essential for industry. exchange of goods. water essential for cooking. water significance in sustaining life. industrial revolution led to modern industry. water critical for modern societies. industrial revolution occurred in 19th century. water promoting progress. water harnessed during industrial revolution. hydroelectric power providing clean energy. water played a strategic role in military campaigns. water driving technological advancements. human survival dependent on water. water essential for sanitation.",
    "evaluation": 1
  },
  {
    "correct_answer": "Water is vital for agriculture.",
    "retrieved_context": "agriculture foundation of early civilizations. irrigation systems include terraced fields. terraced fields constructed by inca empire. irrigation systems include canals. canals constructed in mesopotamia. water generating hydroelectric power. hydroelectric power providing renewable energy. water essential for drinking. industrial revolution occurred in 18th century. water used to irrigate crops. armies to conquer territories. water facing pollution. water allowed armies. water facing scarcity. water essential for transportation. industrial revolution led to production processes. water played a crucial role in development. water essential for trade. water significance in shaping course. agriculture foundation of early civilizations. industrial revolution led to mechanization. water vital for agriculture. water importance for human survival. exchange of ideas. water shaping environment. water driving innovation. water facing climate change. water facilitating exchange. water source of power. water essential for industry. exchange of goods. water essential for cooking. water significance in sustaining life. industrial revolution led to modern industry. water critical for modern societies. industrial revolution occurred in 19th century. water promoting progress. water harnessed during industrial revolution. hydroelectric power providing clean energy. water played a strategic role in military campaigns. water driving technological advancements. human survival dependent on water. water essential for sanitation. watermills used in ancient times. watermills to power mechanical devices. watermills to grind grain.",
    "evaluation": 1
  },
  {
    "correct_answer": "Water is used to irrigate crops.",
    "retrieved_context": "irrigation systems include terraced fields. terraced fields constructed by inca empire. irrigation systems include canals. canals constructed in mesopotamia. agriculture foundation of early civilizations. water generating hydroelectric power. hydroelectric power providing renewable energy. water essential for drinking. industrial revolution occurred in 18th century. water used to irrigate crops. armies to conquer territories. water facing pollution. water allowed armies. water facing scarcity. water essential for transportation. industrial revolution led to production processes. water played a crucial role in development. water essential for trade. water significance in shaping course. agriculture foundation of early civilizations. industrial revolution led to mechanization. water vital for agriculture. water importance for human survival. exchange of ideas. water shaping environment. water driving innovation. water facing climate change. water facilitating exchange. water source of power. water essential for industry. exchange of goods. water essential for cooking. water significance in sustaining life. industrial revolution led to modern industry. water critical for modern societies. industrial revolution occurred in 19th century. water promoting progress. water harnessed during industrial revolution. hydroelectric power providing clean energy. water played a strategic role in military campaigns. water driving technological advancements. human survival dependent on water. water essential for sanitation. irrigate using streams. watermills used in ancient times. watermills to power mechanical devices. watermills to grind grain.",
    "evaluation": 1
  },
  {
    "correct_answer": "Water allows societies to cultivate larger areas of land.",
    "retrieved_context": "irrigation systems include terraced fields. terraced fields constructed by inca empire. irrigation systems include canals. canals constructed in mesopotamia. agriculture foundation of early civilizations. water generating hydroelectric power. hydroelectric power providing renewable energy. water essential for drinking. industrial revolution occurred in 18th century. water used to irrigate crops. armies to conquer territories. water facing pollution. water allowed armies. water facing scarcity. water essential for transportation. industrial revolution led to production processes. water played a crucial role in development. water essential for trade. water significance in shaping course. agriculture foundation of early civilizations. industrial revolution led to mechanization. water vital for agriculture. water importance for human survival. exchange of ideas. water shaping environment. water driving innovation. water facing climate change. water facilitating exchange. water source of power. water essential for industry. exchange of goods. water essential for cooking. water significance in sustaining life. industrial revolution led to modern industry. water critical for modern societies. industrial revolution occurred in 19th century. water promoting progress. water harnessed during industrial revolution. hydroelectric power providing clean energy. water played a strategic role in military campaigns. water driving technological advancements. human survival dependent on water. water essential for sanitation. societies produce surplus food. surplus food enabled complex societies. surplus food enabled trade networks. surplus food enabled population centers. societies cultivate land.",
    "evaluation": 0
  },
  {
    "correct_answer": "Water has been essential for transportation and trade.",
    "retrieved_context": "water generating hydroelectric power. hydroelectric power providing renewable energy. water essential for drinking. industrial revolution occurred in 18th century. water used to irrigate crops. armies to conquer territories. water facing pollution. water allowed armies. water facing scarcity. water essential for transportation. industrial revolution led to production processes. water played a crucial role in development. water essential for trade. water significance in shaping course. agriculture foundation of early civilizations. industrial revolution led to mechanization. water vital for agriculture. water importance for human survival. exchange of ideas. water shaping environment. water driving innovation. water facing climate change. water facilitating exchange. water source of power. water essential for industry. exchange of goods. water essential for cooking. water significance in sustaining life. industrial revolution led to modern industry. water critical for modern societies. industrial revolution occurred in 19th century. water promoting progress. water harnessed during industrial revolution. hydroelectric power providing clean energy. water played a strategic role in military campaigns. water driving technological advancements. human survival dependent on water. water essential for sanitation. maritime trade routes fostered exchange of silk. maritime trade routes connected distant civilizations. maritime trade routes fostered exchange of spices. maritime trade routes fostered exchange of precious metals. watermills used in ancient times. watermills to power mechanical devices. watermills to grind grain. irrigation systems include terraced fields. terraced fields constructed by inca empire. irrigation systems include canals. canals constructed in mesopotamia. waterwheels to saw wood. waterwheels to power mechanical devices. waterwheels used in ancient times.",
    "evaluation": 1
  },
  {
    "correct_answer": "Rivers and seas have served as natural highways for trade.",
    "retrieved_context": "natural highways enabled movement. natural highways enabled spread. natural highways enabled expansion. maritime trade routes fostered exchange of silk. maritime trade routes connected distant civilizations. maritime trade routes fostered exchange of spices. maritime trade routes fostered exchange of precious metals. natural highways enabled movement. natural highways enabled spread. natural highways enabled expansion. rivers served as natural highways. canals constructed in mesopotamia. sources include rivers. sources include lakes. sources include oceans. natural highways enabled movement. settlements established near sources. natural highways enabled spread. natural highways enabled expansion. settlements served as natural highways.",
    "evaluation": 1
  },
  {
    "correct_answer": "Water has been a source of power for industry and innovation.",
    "retrieved_context": "hydroelectric power providing renewable energy. hydroelectric power providing clean energy. water generating hydroelectric power. hydroelectric power providing renewable energy. water essential for drinking. industrial revolution occurred in 18th century. water used to irrigate crops. armies to conquer territories. water facing pollution. water allowed armies. water facing scarcity. water essential for transportation. industrial revolution led to production processes. water played a crucial role in development. water essential for trade. water significance in shaping course. agriculture foundation of early civilizations. industrial revolution led to mechanization. water vital for agriculture. water importance for human survival. exchange of ideas. water shaping environment. water driving innovation. water facing climate change. water facilitating exchange. water source of power. water essential for industry. exchange of goods. water essential for cooking. water significance in sustaining life. industrial revolution led to modern industry. water critical for modern societies. industrial revolution occurred in 19th century. water promoting progress. water harnessed during industrial revolution. hydroelectric power providing clean energy. water played a strategic role in military campaigns. water driving technological advancements. human survival dependent on water. water essential for sanitation. watermills used in ancient times. watermills to power mechanical devices. watermills to grind grain.",
    "evaluation": 1
  },
  {
    "correct_answer": "Watermills and waterwheels were used in ancient times for various purposes.",
    "retrieved_context": "waterwheels to saw wood. waterwheels to power mechanical devices. waterwheels used in ancient times. watermills used in ancient times. watermills to power mechanical devices. watermills to grind grain. hydroelectric power providing renewable energy. hydroelectric power providing clean energy. irrigation systems include terraced fields. terraced fields constructed by inca empire. irrigation systems include canals. canals constructed in mesopotamia.",
    "evaluation": 1
  },
  {
    "accuracy": "93.33%"
  }
]