[
  {
    "correct_answer": "Magic tricks captivate audiences for centuries.",
    "retrieved_context": "magic tricks captivating audiences. magic tricks defy logic. magic tricks challenge perceptions. magic tricks testament to enduring appeal. magic tricks testament to power of imagination. magic tricks testament to unknown. magicians perform illusions. sleight of hand used to mystify. magicians use innovative techniques. magicians perform in marketplaces. magicians incorporate drama. magicians throughout history. magicians associated with witchcraft. magicians believed to have supernatural powers. illusions used to entertain. magicians incorporate theatrics. magicians incorporate suspense. history is fascinating journey. magicians use cutting-edge technology. magicians use knowledge. knowledge of optics. magicians use sleight of hand. magicians in ancient greece. magicians associated with religious ceremonies. magicians associated with occult. magicians use misdirection. magicians incorporate comedy. magicians incorporate storytelling. magicians in rome. magicians popularized stage effects. knowledge of geometry. history dates back to ancient times. magicians perform in public squares. entertainment of all ages. art of magic form of entertainment. entertainment captivate audiences. art of magic evolving into dynamic. art of magic evolving into diverse. entertainment of all ages. entertainment captivate audiences.",
    "evaluation": 0
  },
  {
    "correct_answer": "Magic tricks defy logic and challenge perceptions of reality.",
    "retrieved_context": "magic tricks captivating audiences. magic tricks defy logic. magic tricks challenge perceptions. magic tricks testament to enduring appeal. magic tricks testament to power of imagination. magic tricks testament to unknown. elaborate illusions baffled audiences. mind-boggling illusions amazed world. entertainment of all ages. art of magic form of entertainment. entertainment captivate audiences. art of magic evolving into dynamic. art of magic evolving into diverse. illusions used to entertain. magicians perform illusions. sleight of hand used to mystify. magicians use innovative techniques. magicians perform in marketplaces. magicians incorporate drama. magicians throughout history. magicians associated with witchcraft. magicians believed to have supernatural powers. illusions used to entertain. magicians incorporate theatrics. magicians incorporate suspense. history is fascinating journey. magicians use cutting-edge technology. magicians use knowledge. knowledge of optics. magicians use sleight of hand. magicians in ancient greece. magicians associated with religious ceremonies. magicians associated with occult. magicians use misdirection. magicians incorporate comedy. magicians incorporate storytelling. magicians in rome. magicians popularized stage effects. knowledge of geometry. history dates back to ancient times. magicians perform in public squares.",
    "evaluation": 1
  },
  {
    "correct_answer": "Magic tricks date back to ancient times.",
    "retrieved_context": "magic tricks captivating audiences. magic tricks defy logic. magic tricks challenge perceptions. magic tricks testament to enduring appeal. magic tricks testament to power of imagination. magic tricks testament to unknown. magicians perform illusions. sleight of hand used to mystify. magicians use innovative techniques. magicians perform in marketplaces. magicians incorporate drama. magicians throughout history. magicians associated with witchcraft. magicians believed to have supernatural powers. illusions used to entertain. magicians incorporate theatrics. magicians incorporate suspense. history is fascinating journey. magicians use cutting-edge technology. magicians use knowledge. knowledge of optics. magicians use sleight of hand. magicians in ancient greece. magicians associated with religious ceremonies. magicians associated with occult. magicians use misdirection. magicians incorporate comedy. magicians incorporate storytelling. magicians in rome. magicians popularized stage effects. knowledge of geometry. history dates back to ancient times. magicians perform in public squares. entertainment of all ages. art of magic form of entertainment. entertainment captivate audiences. art of magic evolving into dynamic. art of magic evolving into diverse. illusions used to entertain.",
    "evaluation": 1
  },
  {
    "correct_answer": "Illusions and sleight of hand entertain and mystify people.",
    "retrieved_context": "illusions used to entertain. elaborate illusions baffled audiences. entertainment of all ages. art of magic form of entertainment. entertainment captivate audiences. art of magic evolving into dynamic. art of magic evolving into diverse. magic tricks captivating audiences. magic tricks defy logic. magic tricks challenge perceptions. magic tricks testament to enduring appeal. magic tricks testament to power of imagination. magic tricks testament to unknown. mind-boggling illusions amazed world.",
    "evaluation": 1
  },
  {
    "correct_answer": "Ancient Egypt has early records of magic tricks.",
    "retrieved_context": "ancient egypt skilled in art of illusion. magic tricks captivating audiences. magic tricks defy logic. magic tricks challenge perceptions. magic tricks testament to enduring appeal. magic tricks testament to power of imagination. magic tricks testament to unknown. entertainment of all ages. art of magic form of entertainment. entertainment captivate audiences. art of magic evolving into dynamic. art of magic evolving into diverse. magicians perform illusions. sleight of hand used to mystify. magicians use innovative techniques. magicians perform in marketplaces. magicians incorporate drama. magicians throughout history. magicians associated with witchcraft. magicians believed to have supernatural powers. illusions used to entertain. magicians incorporate theatrics. magicians incorporate suspense. history is fascinating journey. magicians use cutting-edge technology. magicians use knowledge. knowledge of optics. magicians use sleight of hand. magicians in ancient greece. magicians associated with religious ceremonies. magicians associated with occult. magicians use misdirection. magicians incorporate comedy. magicians incorporate storytelling. magicians in rome. magicians popularized stage effects. knowledge of geometry. history dates back to ancient times. magicians perform in public squares.",
    "evaluation": 0
  },
  {
    "correct_answer": "Magicians in ancient Egypt used sleight of hand and misdirection.",
    "retrieved_context": "magicians perform illusions. sleight of hand used to mystify. magicians use innovative techniques. magicians perform in marketplaces. magicians incorporate drama. magicians throughout history. magicians associated with witchcraft. magicians believed to have supernatural powers. illusions used to entertain. magicians incorporate theatrics. magicians incorporate suspense. history is fascinating journey. magicians use cutting-edge technology. magicians use knowledge. knowledge of optics. magicians use sleight of hand. magicians in ancient greece. magicians associated with religious ceremonies. magicians associated with occult. magicians use misdirection. magicians incorporate comedy. magicians incorporate storytelling. magicians in rome. magicians popularized stage effects. knowledge of geometry. history dates back to ancient times. magicians perform in public squares. ancient egypt skilled in art of illusion. sleight of hand used to mystify. entertainment of all ages. art of magic form of entertainment. entertainment captivate audiences. art of magic evolving into dynamic. art of magic evolving into diverse. magic tricks captivating audiences. magic tricks defy logic. magic tricks challenge perceptions. magic tricks testament to enduring appeal. magic tricks testament to power of imagination. magic tricks testament to unknown.",
    "evaluation": 0
  },
  {
    "correct_answer": "Magic tricks were used in religious ceremonies in ancient Egypt.",
    "retrieved_context": "magic tricks captivating audiences. magic tricks defy logic. magic tricks challenge perceptions. magic tricks testament to enduring appeal. magic tricks testament to power of imagination. magic tricks testament to unknown. ancient egypt skilled in art of illusion. entertainment of all ages. art of magic form of entertainment. entertainment captivate audiences. art of magic evolving into dynamic. art of magic evolving into diverse. magicians perform illusions. sleight of hand used to mystify. magicians use innovative techniques. magicians perform in marketplaces. magicians incorporate drama. magicians throughout history. magicians associated with witchcraft. magicians believed to have supernatural powers. illusions used to entertain. magicians incorporate theatrics. magicians incorporate suspense. history is fascinating journey. magicians use cutting-edge technology. magicians use knowledge. knowledge of optics. magicians use sleight of hand. magicians in ancient greece. magicians associated with religious ceremonies. magicians associated with occult. magicians use misdirection. magicians incorporate comedy. magicians incorporate storytelling. magicians in rome. magicians popularized stage effects. knowledge of geometry. history dates back to ancient times. magicians perform in public squares.",
    "evaluation": 0
  },
  {
    "correct_answer": "Ancient Egyptians used props like cups and balls in magic tricks.",
    "retrieved_context": "ancient egypt skilled in art of illusion. magic tricks captivating audiences. magic tricks defy logic. magic tricks challenge perceptions. magic tricks testament to enduring appeal. magic tricks testament to power of imagination. magic tricks testament to unknown. entertainment of all ages. art of magic form of entertainment. entertainment captivate audiences. art of magic evolving into dynamic. art of magic evolving into diverse. magicians perform illusions. sleight of hand used to mystify. magicians use innovative techniques. magicians perform in marketplaces. magicians incorporate drama. magicians throughout history. magicians associated with witchcraft. magicians believed to have supernatural powers. illusions used to entertain. magicians incorporate theatrics. magicians incorporate suspense. history is fascinating journey. magicians use cutting-edge technology. magicians use knowledge. knowledge of optics. magicians use sleight of hand. magicians in ancient greece. magicians associated with religious ceremonies. magicians associated with occult. magicians use misdirection. magicians incorporate comedy. magicians incorporate storytelling. magicians in rome. magicians popularized stage effects. knowledge of geometry. history dates back to ancient times. magicians perform in public squares.",
    "evaluation": 0
  },
  {
    "correct_answer": "Magicians in ancient Greece and Rome incorporated storytelling into performances.",
    "retrieved_context": "magicians perform illusions. sleight of hand used to mystify. magicians use innovative techniques. magicians perform in marketplaces. magicians incorporate drama. magicians throughout history. magicians associated with witchcraft. magicians believed to have supernatural powers. illusions used to entertain. magicians incorporate theatrics. magicians incorporate suspense. history is fascinating journey. magicians use cutting-edge technology. magicians use knowledge. knowledge of optics. magicians use sleight of hand. magicians in ancient greece. magicians associated with religious ceremonies. magicians associated with occult. magicians use misdirection. magicians incorporate comedy. magicians incorporate storytelling. magicians in rome. magicians popularized stage effects. knowledge of geometry. history dates back to ancient times. magicians perform in public squares. entertainment of all ages. art of magic form of entertainment. entertainment captivate audiences. art of magic evolving into dynamic. art of magic evolving into diverse.",
    "evaluation": 0
  },
  {
    "correct_answer": "Magicians in ancient Greece and Rome performed in public squares.",
    "retrieved_context": "magicians perform illusions. sleight of hand used to mystify. magicians use innovative techniques. magicians perform in marketplaces. magicians incorporate drama. magicians throughout history. magicians associated with witchcraft. magicians believed to have supernatural powers. illusions used to entertain. magicians incorporate theatrics. magicians incorporate suspense. history is fascinating journey. magicians use cutting-edge technology. magicians use knowledge. knowledge of optics. magicians use sleight of hand. magicians in ancient greece. magicians associated with religious ceremonies. magicians associated with occult. magicians use misdirection. magicians incorporate comedy. magicians incorporate storytelling. magicians in rome. magicians popularized stage effects. knowledge of geometry. history dates back to ancient times. magicians perform in public squares. entertainment of all ages. art of magic form of entertainment. entertainment captivate audiences. art of magic evolving into dynamic. art of magic evolving into diverse. ancient egypt skilled in art of illusion.",
    "evaluation": 1
  },
  {
    "correct_answer": "Magic tricks in the Middle Ages had a mysterious and mystical quality.",
    "retrieved_context": "magic tricks captivating audiences. magic tricks defy logic. magic tricks challenge perceptions. magic tricks testament to enduring appeal. magic tricks testament to power of imagination. magic tricks testament to unknown. entertainment of all ages. art of magic form of entertainment. entertainment captivate audiences. art of magic evolving into dynamic. art of magic evolving into diverse. magicians perform illusions. sleight of hand used to mystify. magicians use innovative techniques. magicians perform in marketplaces. magicians incorporate drama. magicians throughout history. magicians associated with witchcraft. magicians believed to have supernatural powers. illusions used to entertain. magicians incorporate theatrics. magicians incorporate suspense. history is fascinating journey. magicians use cutting-edge technology. magicians use knowledge. knowledge of optics. magicians use sleight of hand. magicians in ancient greece. magicians associated with religious ceremonies. magicians associated with occult. magicians use misdirection. magicians incorporate comedy. magicians incorporate storytelling. magicians in rome. magicians popularized stage effects. knowledge of geometry. history dates back to ancient times. magicians perform in public squares.",
    "evaluation": 0
  },
  {
    "correct_answer": "Magicians in the Middle Ages were associated with witchcraft and the occult.",
    "retrieved_context": "magicians perform illusions. sleight of hand used to mystify. magicians use innovative techniques. magicians perform in marketplaces. magicians incorporate drama. magicians throughout history. magicians associated with witchcraft. magicians believed to have supernatural powers. illusions used to entertain. magicians incorporate theatrics. magicians incorporate suspense. history is fascinating journey. magicians use cutting-edge technology. magicians use knowledge. knowledge of optics. magicians use sleight of hand. magicians in ancient greece. magicians associated with religious ceremonies. magicians associated with occult. magicians use misdirection. magicians incorporate comedy. magicians incorporate storytelling. magicians in rome. magicians popularized stage effects. knowledge of geometry. history dates back to ancient times. magicians perform in public squares. entertainment of all ages. art of magic form of entertainment. entertainment captivate audiences. art of magic evolving into dynamic. art of magic evolving into diverse. resurgence of interest. renaissance period saw resurgence.",
    "evaluation": 0
  },
  {
    "correct_answer": "Props like wands and crystal balls were common in magic performances in the Middle Ages.",
    "retrieved_context": "entertainment of all ages. art of magic form of entertainment. entertainment captivate audiences. art of magic evolving into dynamic. art of magic evolving into diverse. magicians perform illusions. sleight of hand used to mystify. magicians use innovative techniques. magicians perform in marketplaces. magicians incorporate drama. magicians throughout history. magicians associated with witchcraft. magicians believed to have supernatural powers. illusions used to entertain. magicians incorporate theatrics. magicians incorporate suspense. history is fascinating journey. magicians use cutting-edge technology. magicians use knowledge. knowledge of optics. magicians use sleight of hand. magicians in ancient greece. magicians associated with religious ceremonies. magicians associated with occult. magicians use misdirection. magicians incorporate comedy. magicians incorporate storytelling. magicians in rome. magicians popularized stage effects. knowledge of geometry. history dates back to ancient times. magicians perform in public squares. magic tricks captivating audiences. magic tricks defy logic. magic tricks challenge perceptions. magic tricks testament to enduring appeal. magic tricks testament to power of imagination. magic tricks testament to unknown.",
    "evaluation": 0
  },
  {
    "correct_answer": "The Renaissance period saw a resurgence of interest in magic tricks.",
    "retrieved_context": "resurgence of interest. renaissance period saw resurgence. magic tricks captivating audiences. magic tricks defy logic. magic tricks challenge perceptions. magic tricks testament to enduring appeal. magic tricks testament to power of imagination. magic tricks testament to unknown. entertainment of all ages. art of magic form of entertainment. entertainment captivate audiences. art of magic evolving into dynamic. art of magic evolving into diverse. magicians perform illusions. sleight of hand used to mystify. magicians use innovative techniques. magicians perform in marketplaces. magicians incorporate drama. magicians throughout history. magicians associated with witchcraft. magicians believed to have supernatural powers. illusions used to entertain. magicians incorporate theatrics. magicians incorporate suspense. history is fascinating journey. magicians use cutting-edge technology. magicians use knowledge. knowledge of optics. magicians use sleight of hand. magicians in ancient greece. magicians associated with religious ceremonies. magicians associated with occult. magicians use misdirection. magicians incorporate comedy. magicians incorporate storytelling. magicians in rome. magicians popularized stage effects. knowledge of geometry. history dates back to ancient times. magicians perform in public squares. illusions used to entertain.",
    "evaluation": 1
  },
  {
    "correct_answer": "Magicians in the Renaissance used science and mathematics in their performances.",
    "retrieved_context": "magicians perform illusions. sleight of hand used to mystify. magicians use innovative techniques. magicians perform in marketplaces. magicians incorporate drama. magicians throughout history. magicians associated with witchcraft. magicians believed to have supernatural powers. illusions used to entertain. magicians incorporate theatrics. magicians incorporate suspense. history is fascinating journey. magicians use cutting-edge technology. magicians use knowledge. knowledge of optics. magicians use sleight of hand. magicians in ancient greece. magicians associated with religious ceremonies. magicians associated with occult. magicians use misdirection. magicians incorporate comedy. magicians incorporate storytelling. magicians in rome. magicians popularized stage effects. knowledge of geometry. history dates back to ancient times. magicians perform in public squares. resurgence of interest. renaissance period saw resurgence. entertainment of all ages. art of magic form of entertainment. entertainment captivate audiences. art of magic evolving into dynamic. art of magic evolving into diverse. magic tricks captivating audiences. magic tricks defy logic. magic tricks challenge perceptions. magic tricks testament to enduring appeal. magic tricks testament to power of imagination. magic tricks testament to unknown.",
    "evaluation": 0
  },
  {
    "accuracy": "33.33%"
  }
]