[
  {
    "correct_answer": "Tattooing is a form of art.",
    "retrieved_context": "process ensures client. tattooing highlight significance. art combines skill. cultures around the world. tattooing form of self-expression. process ensures artist. art combines creativity. acceptance in society. tattooing evoke emotions. tattooing growing acceptance. tattooing tell story. tattooing recognize artistry. tattooing appreciated for appeal. tattooing is a form of art. tattooing recognize meanings. history dates back years. tattooing involves the process. tattooing become mainstream. tattooing has history. process inserting ink. tattooing practiced in cultures. art combines expression. tattooing played role. art combines expression. art combines skill. art combines creativity. ink into the skin. artist understand vision. vision bring ideas. artist work collaboratively client. artists are skilled professionals. professionals use vision. professionals use expertise.",
    "evaluation": 1
  },
  {
    "correct_answer": "Tattooing involves inserting ink into the skin.",
    "retrieved_context": "process ensures client. tattooing highlight significance. art combines skill. cultures around the world. tattooing form of self-expression. process ensures artist. art combines creativity. acceptance in society. tattooing evoke emotions. tattooing growing acceptance. tattooing tell story. tattooing recognize artistry. tattooing appreciated for appeal. tattooing is a form of art. tattooing recognize meanings. history dates back years. tattooing involves the process. tattooing become mainstream. tattooing has history. process inserting ink. tattooing practiced in cultures. art combines expression. tattooing played role. ink into the skin. art combines expression. art combines skill. art combines creativity. symbols of spirituality. symbols of status. symbols of protection. symbol of strength. symbol of resilience. artist understand vision. vision bring ideas. artist work collaboratively client.",
    "evaluation": 1
  },
  {
    "correct_answer": "Tattoos are viewed as body decorations by some.",
    "retrieved_context": "process ensures client. tattooing highlight significance. art combines skill. cultures around the world. tattooing form of self-expression. process ensures artist. art combines creativity. acceptance in society. tattooing evoke emotions. tattooing growing acceptance. tattooing tell story. tattooing recognize artistry. tattooing appreciated for appeal. tattooing is a form of art. tattooing recognize meanings. history dates back years. tattooing involves the process. tattooing become mainstream. tattooing has history. process inserting ink. tattooing practiced in cultures. art combines expression. tattooing played role. symbols of spirituality. symbols of status. symbols of protection. art combines expression. art combines skill. art combines creativity. symbol of strength. symbol of resilience.",
    "evaluation": 0
  },
  {
    "correct_answer": "Tattoos hold deeper meanings for those who wear them.",
    "retrieved_context": "process ensures client. tattooing highlight significance. art combines skill. cultures around the world. tattooing form of self-expression. process ensures artist. art combines creativity. acceptance in society. tattooing evoke emotions. tattooing growing acceptance. tattooing tell story. tattooing recognize artistry. tattooing appreciated for appeal. tattooing is a form of art. tattooing recognize meanings. history dates back years. tattooing involves the process. tattooing become mainstream. tattooing has history. process inserting ink. tattooing practiced in cultures. art combines expression. tattooing played role. symbols of spirituality. symbols of status. symbols of protection. symbol of strength. symbol of resilience. ink into the skin.",
    "evaluation": 0
  },
  {
    "correct_answer": "Tattooing has been practiced for centuries.",
    "retrieved_context": "process ensures client. tattooing highlight significance. art combines skill. cultures around the world. tattooing form of self-expression. process ensures artist. art combines creativity. acceptance in society. tattooing evoke emotions. tattooing growing acceptance. tattooing tell story. tattooing recognize artistry. tattooing appreciated for appeal. tattooing is a form of art. tattooing recognize meanings. history dates back years. tattooing involves the process. tattooing become mainstream. tattooing has history. process inserting ink. tattooing practiced in cultures. art combines expression. tattooing played role. ink into the skin. art combines expression. art combines skill. art combines creativity.",
    "evaluation": 0
  },
  {
    "correct_answer": "Tattooed mummies have been found in ancient Egypt, Asia, and Europe.",
    "retrieved_context": "mummies found in egypt. mummies found in asia. mummies found in europe. process ensures client. tattooing highlight significance. art combines skill. cultures around the world. tattooing form of self-expression. process ensures artist. art combines creativity. acceptance in society. tattooing evoke emotions. tattooing growing acceptance. tattooing tell story. tattooing recognize artistry. tattooing appreciated for appeal. tattooing is a form of art. tattooing recognize meanings. history dates back years. tattooing involves the process. tattooing become mainstream. tattooing has history. process inserting ink. tattooing practiced in cultures. art combines expression. tattooing played role. cultures around the world.",
    "evaluation": 0
  },
  {
    "correct_answer": "Tattoos were used as symbols of status in many indigenous cultures.",
    "retrieved_context": "process ensures client. tattooing highlight significance. art combines skill. cultures around the world. tattooing form of self-expression. process ensures artist. art combines creativity. acceptance in society. tattooing evoke emotions. tattooing growing acceptance. tattooing tell story. tattooing recognize artistry. tattooing appreciated for appeal. tattooing is a form of art. tattooing recognize meanings. history dates back years. tattooing involves the process. tattooing become mainstream. tattooing has history. process inserting ink. tattooing practiced in cultures. art combines expression. tattooing played role. indigenous used as symbols. symbols of spirituality. symbols of status. symbols of protection. cultures around the world. symbols of spirituality. symbols of status. symbols of protection. symbol of strength. symbol of resilience. ink into the skin.",
    "evaluation": 1
  },
  {
    "correct_answer": "In Polynesian cultures, tattoos were a rite of passage.",
    "retrieved_context": "polynesian seen as rite. polynesian connect with ancestors. process ensures client. tattooing highlight significance. art combines skill. cultures around the world. tattooing form of self-expression. process ensures artist. art combines creativity. acceptance in society. tattooing evoke emotions. tattooing growing acceptance. tattooing tell story. tattooing recognize artistry. tattooing appreciated for appeal. tattooing is a form of art. tattooing recognize meanings. history dates back years. tattooing involves the process. tattooing become mainstream. tattooing has history. process inserting ink. tattooing practiced in cultures. art combines expression. tattooing played role. ink into the skin. cultures around the world. indigenous used as symbols. symbols of spirituality. symbols of status. symbols of protection.",
    "evaluation": 0
  },
  {
    "correct_answer": "In Japan, tattoos were associated with the criminal underworld.",
    "retrieved_context": "process ensures client. tattooing highlight significance. art combines skill. cultures around the world. tattooing form of self-expression. process ensures artist. art combines creativity. acceptance in society. tattooing evoke emotions. tattooing growing acceptance. tattooing tell story. tattooing recognize artistry. tattooing appreciated for appeal. tattooing is a form of art. tattooing recognize meanings. history dates back years. tattooing involves the process. tattooing become mainstream. tattooing has history. process inserting ink. tattooing practiced in cultures. art combines expression. tattooing played role. japan associated with underworld. japan associated with criminal. ink into the skin. art combines expression. art combines skill. art combines creativity.",
    "evaluation": 1
  },
  {
    "correct_answer": "Tattoo artists bring clients' ideas to life.",
    "retrieved_context": "process ensures client. tattooing highlight significance. art combines skill. cultures around the world. tattooing form of self-expression. process ensures artist. art combines creativity. acceptance in society. tattooing evoke emotions. tattooing growing acceptance. tattooing tell story. tattooing recognize artistry. tattooing appreciated for appeal. tattooing is a form of art. tattooing recognize meanings. history dates back years. tattooing involves the process. tattooing become mainstream. tattooing has history. process inserting ink. tattooing practiced in cultures. art combines expression. tattooing played role. artists are skilled professionals. professionals use vision. professionals use expertise. art combines expression. art combines skill. art combines creativity. artist understand vision. vision bring ideas. artist work collaboratively client. designs are person. designs symbolized tradition. designs or images. designs symbolized strength. designs symbolized courage. ink into the skin.",
    "evaluation": 1
  },
  {
    "correct_answer": "Communication is key in the tattooing process.",
    "retrieved_context": "process ensures client. tattooing highlight significance. art combines skill. cultures around the world. tattooing form of self-expression. process ensures artist. art combines creativity. acceptance in society. tattooing evoke emotions. tattooing growing acceptance. tattooing tell story. tattooing recognize artistry. tattooing appreciated for appeal. tattooing is a form of art. tattooing recognize meanings. history dates back years. tattooing involves the process. tattooing become mainstream. tattooing has history. process inserting ink. tattooing practiced in cultures. art combines expression. tattooing played role. process ensures artist. communication key in process. process inserting ink. process ensures client. ink into the skin. art combines expression. art combines skill. art combines creativity.",
    "evaluation": 1
  },
  {
    "correct_answer": "Getting a tattoo can be a transformative experience.",
    "retrieved_context": "process ensures client. tattooing highlight significance. art combines skill. cultures around the world. tattooing form of self-expression. process ensures artist. art combines creativity. acceptance in society. tattooing evoke emotions. tattooing growing acceptance. tattooing tell story. tattooing recognize artistry. tattooing appreciated for appeal. tattooing is a form of art. tattooing recognize meanings. history dates back years. tattooing involves the process. tattooing become mainstream. tattooing has history. process inserting ink. tattooing practiced in cultures. art combines expression. tattooing played role. ink into the skin. experience requires trust. experience transformative people. experience requires commitment. art combines expression. art combines skill. art combines creativity.",
    "evaluation": 0
  },
  {
    "correct_answer": "Tattoos have become more accepted in mainstream society.",
    "retrieved_context": "process ensures client. tattooing highlight significance. art combines skill. cultures around the world. tattooing form of self-expression. process ensures artist. art combines creativity. acceptance in society. tattooing evoke emotions. tattooing growing acceptance. tattooing tell story. tattooing recognize artistry. tattooing appreciated for appeal. tattooing is a form of art. tattooing recognize meanings. history dates back years. tattooing involves the process. tattooing become mainstream. tattooing has history. process inserting ink. tattooing practiced in cultures. art combines expression. tattooing played role. ink into the skin. acceptance in society. cultures around the world.",
    "evaluation": 1
  },
  {
    "correct_answer": "Tattoos can hold deep personal meanings.",
    "retrieved_context": "process ensures client. tattooing highlight significance. art combines skill. cultures around the world. tattooing form of self-expression. process ensures artist. art combines creativity. acceptance in society. tattooing evoke emotions. tattooing growing acceptance. tattooing tell story. tattooing recognize artistry. tattooing appreciated for appeal. tattooing is a form of art. tattooing recognize meanings. history dates back years. tattooing involves the process. tattooing become mainstream. tattooing has history. process inserting ink. tattooing practiced in cultures. art combines expression. tattooing played role. ink into the skin. symbols of spirituality. symbols of status. symbols of protection. symbol of strength. symbol of resilience. art combines expression. art combines skill. art combines creativity.",
    "evaluation": 0
  },
  {
    "correct_answer": "Tattooing combines technical skill, creativity, and personal expression.",
    "retrieved_context": "process ensures client. tattooing highlight significance. art combines skill. cultures around the world. tattooing form of self-expression. process ensures artist. art combines creativity. acceptance in society. tattooing evoke emotions. tattooing growing acceptance. tattooing tell story. tattooing recognize artistry. tattooing appreciated for appeal. tattooing is a form of art. tattooing recognize meanings. history dates back years. tattooing involves the process. tattooing become mainstream. tattooing has history. process inserting ink. tattooing practiced in cultures. art combines expression. tattooing played role. art combines expression. art combines skill. art combines creativity. ink into the skin. designs are person. designs symbolized tradition. designs or images. designs symbolized strength. designs symbolized courage.",
    "evaluation": 1
  },
  {
    "accuracy": "53.33%"
  }
]