[
  {
    "correct_answer": "Butterflies undergo a remarkable transformation throughout their life cycle.",
    "retrieved_context": "butterfly play role in pollination. butterfly focus on mate. butterfly reach adulthood. butterfly have lifespan. lifespan of weeks. food source for birds. butterfly contribute to ecosystem. butterfly contribute to biodiversity. butterfly focus on reproducing. food source for reptiles. butterfly are creatures. mouthparts are called proboscis. butterfly use mouthparts. butterfly help plants. butterfly are insects. lifespan of days. butterfly ready for flight. butterfly undergo transformation. butterfly feed on nectar. transformation throughout life cycle. butterfly serve as food source. nectar from flowers. food source for insects. life cycle is journey. journey filled with stages. life cycle is filled with beauty. journey filled with transformations. life cycle is filled with wonder. caterpillar stops eating. caterpillar have spines. caterpillar maintain balance. caterpillar spend time feeding. shell is called chrysalis. appearance of twigs. caterpillar are essential to ecosystem. appearance of leaves. spines for protection. caterpillar mimic appearance. caterpillar play role in pollination. caterpillar have hairs. caterpillar undergoes metamorphosis. caterpillar spend time growing. caterpillar shed skin. caterpillar forms shell. balance of plant populations. hairs for protection. caterpillar reach point. caterpillar are eaters. wings are pumped with fluid.",
    "evaluation": 1
  },
  {
    "correct_answer": "Female butterflies lay their eggs on specific host plants.",
    "retrieved_context": "host plants provide food. butterfly play role in pollination. butterfly focus on mate. butterfly reach adulthood. butterfly have lifespan. lifespan of weeks. food source for birds. butterfly contribute to ecosystem. butterfly contribute to biodiversity. butterfly focus on reproducing. food source for reptiles. butterfly are creatures. mouthparts are called proboscis. butterfly use mouthparts. butterfly help plants. butterfly are insects. lifespan of days. butterfly ready for flight. butterfly undergo transformation. butterfly feed on nectar. transformation throughout life cycle. butterfly serve as food source. nectar from flowers. food source for insects. caterpillar stops eating. caterpillar have spines. caterpillar maintain balance. caterpillar spend time feeding. shell is called chrysalis. appearance of twigs. caterpillar are essential to ecosystem. appearance of leaves. spines for protection. caterpillar mimic appearance. caterpillar play role in pollination. caterpillar have hairs. caterpillar undergoes metamorphosis. caterpillar spend time growing. caterpillar shed skin. caterpillar forms shell. balance of plant populations. hairs for protection. caterpillar reach point. caterpillar are eaters. caterpillar are essential to ecosystem. caterpillar mimic appearance. caterpillar stops eating. caterpillar play role in pollination. caterpillar have spines. caterpillar maintain balance. caterpillar spend time feeding. caterpillar have hairs. caterpillar are eaters. caterpillar reach point. larva is known as caterpillar. caterpillar undergoes metamorphosis. caterpillar spend time growing. caterpillar shed skin. caterpillar forms shell.",
    "evaluation": 0
  },
  {
    "correct_answer": "Butterfly eggs are usually laid on the underside of leaves.",
    "retrieved_context": "butterfly play role in pollination. butterfly focus on mate. butterfly reach adulthood. butterfly have lifespan. lifespan of weeks. food source for birds. butterfly contribute to ecosystem. butterfly contribute to biodiversity. butterfly focus on reproducing. food source for reptiles. butterfly are creatures. mouthparts are called proboscis. butterfly use mouthparts. butterfly help plants. butterfly are insects. lifespan of days. butterfly ready for flight. butterfly undergo transformation. butterfly feed on nectar. transformation throughout life cycle. butterfly serve as food source. nectar from flowers. food source for insects. caterpillar stops eating. caterpillar have spines. caterpillar maintain balance. caterpillar spend time feeding. shell is called chrysalis. appearance of twigs. caterpillar are essential to ecosystem. appearance of leaves. spines for protection. caterpillar mimic appearance. caterpillar play role in pollination. caterpillar have hairs. caterpillar undergoes metamorphosis. caterpillar spend time growing. caterpillar shed skin. caterpillar forms shell. balance of plant populations. hairs for protection. caterpillar reach point. caterpillar are eaters. egg hatches into larva. larva is known as caterpillar. caterpillar are essential to ecosystem. caterpillar mimic appearance. caterpillar stops eating. caterpillar play role in pollination. caterpillar have spines. caterpillar maintain balance. caterpillar spend time feeding. caterpillar have hairs. caterpillar are eaters. caterpillar reach point. larva is known as caterpillar. caterpillar undergoes metamorphosis. caterpillar spend time growing. caterpillar shed skin. caterpillar forms shell.",
    "evaluation": 0
  },
  {
    "correct_answer": "The size, shape, and color of butterfly eggs vary depending on the species.",
    "retrieved_context": "butterfly play role in pollination. butterfly focus on mate. butterfly reach adulthood. butterfly have lifespan. lifespan of weeks. food source for birds. butterfly contribute to ecosystem. butterfly contribute to biodiversity. butterfly focus on reproducing. food source for reptiles. butterfly are creatures. mouthparts are called proboscis. butterfly use mouthparts. butterfly help plants. butterfly are insects. lifespan of days. butterfly ready for flight. butterfly undergo transformation. butterfly feed on nectar. transformation throughout life cycle. butterfly serve as food source. nectar from flowers. food source for insects. egg hatches into larva. larva is known as caterpillar. caterpillar stops eating. caterpillar have spines. caterpillar maintain balance. caterpillar spend time feeding. shell is called chrysalis. appearance of twigs. caterpillar are essential to ecosystem. appearance of leaves. spines for protection. caterpillar mimic appearance. caterpillar play role in pollination. caterpillar have hairs. caterpillar undergoes metamorphosis. caterpillar spend time growing. caterpillar shed skin. caterpillar forms shell. balance of plant populations. hairs for protection. caterpillar reach point. caterpillar are eaters.",
    "evaluation": 0
  },
  {
    "correct_answer": "After hatching, a tiny larva, known as a caterpillar, emerges.",
    "retrieved_context": "caterpillar stops eating. caterpillar have spines. caterpillar maintain balance. caterpillar spend time feeding. shell is called chrysalis. appearance of twigs. caterpillar are essential to ecosystem. appearance of leaves. spines for protection. caterpillar mimic appearance. caterpillar play role in pollination. caterpillar have hairs. caterpillar undergoes metamorphosis. caterpillar spend time growing. caterpillar shed skin. caterpillar forms shell. balance of plant populations. hairs for protection. caterpillar reach point. caterpillar are eaters. caterpillar are essential to ecosystem. caterpillar mimic appearance. caterpillar stops eating. caterpillar play role in pollination. caterpillar have spines. caterpillar maintain balance. caterpillar spend time feeding. caterpillar have hairs. caterpillar are eaters. caterpillar reach point. larva is known as caterpillar. caterpillar undergoes metamorphosis. caterpillar spend time growing. caterpillar shed skin. caterpillar forms shell. butterfly play role in pollination. butterfly focus on mate. butterfly reach adulthood. butterfly have lifespan. lifespan of weeks. food source for birds. butterfly contribute to ecosystem. butterfly contribute to biodiversity. butterfly focus on reproducing. food source for reptiles. butterfly are creatures. mouthparts are called proboscis. butterfly use mouthparts. butterfly help plants. butterfly are insects. lifespan of days. butterfly ready for flight. butterfly undergo transformation. butterfly feed on nectar. transformation throughout life cycle. butterfly serve as food source. nectar from flowers. food source for insects.",
    "evaluation": 0
  },
  {
    "correct_answer": "Caterpillars are voracious eaters and spend most of their time feeding on leaves.",
    "retrieved_context": "caterpillar stops eating. caterpillar have spines. caterpillar maintain balance. caterpillar spend time feeding. shell is called chrysalis. appearance of twigs. caterpillar are essential to ecosystem. appearance of leaves. spines for protection. caterpillar mimic appearance. caterpillar play role in pollination. caterpillar have hairs. caterpillar undergoes metamorphosis. caterpillar spend time growing. caterpillar shed skin. caterpillar forms shell. balance of plant populations. hairs for protection. caterpillar reach point. caterpillar are eaters. caterpillar are essential to ecosystem. caterpillar mimic appearance. caterpillar stops eating. caterpillar play role in pollination. caterpillar have spines. caterpillar maintain balance. caterpillar spend time feeding. caterpillar have hairs. caterpillar are eaters. caterpillar reach point. larva is known as caterpillar. caterpillar undergoes metamorphosis. caterpillar spend time growing. caterpillar shed skin. caterpillar forms shell. butterfly play role in pollination. butterfly focus on mate. butterfly reach adulthood. butterfly have lifespan. lifespan of weeks. food source for birds. butterfly contribute to ecosystem. butterfly contribute to biodiversity. butterfly focus on reproducing. food source for reptiles. butterfly are creatures. mouthparts are called proboscis. butterfly use mouthparts. butterfly help plants. butterfly are insects. lifespan of days. butterfly ready for flight. butterfly undergo transformation. butterfly feed on nectar. transformation throughout life cycle. butterfly serve as food source. nectar from flowers. food source for insects.",
    "evaluation": 1
  },
  {
    "correct_answer": "Caterpillars shed their skin several times as they grow.",
    "retrieved_context": "caterpillar stops eating. caterpillar have spines. caterpillar maintain balance. caterpillar spend time feeding. shell is called chrysalis. appearance of twigs. caterpillar are essential to ecosystem. appearance of leaves. spines for protection. caterpillar mimic appearance. caterpillar play role in pollination. caterpillar have hairs. caterpillar undergoes metamorphosis. caterpillar spend time growing. caterpillar shed skin. caterpillar forms shell. balance of plant populations. hairs for protection. caterpillar reach point. caterpillar are eaters. caterpillar are essential to ecosystem. caterpillar mimic appearance. caterpillar stops eating. caterpillar play role in pollination. caterpillar have spines. caterpillar maintain balance. caterpillar spend time feeding. caterpillar have hairs. caterpillar are eaters. caterpillar reach point. larva is known as caterpillar. caterpillar undergoes metamorphosis. caterpillar spend time growing. caterpillar shed skin. caterpillar forms shell. butterfly play role in pollination. butterfly focus on mate. butterfly reach adulthood. butterfly have lifespan. lifespan of weeks. food source for birds. butterfly contribute to ecosystem. butterfly contribute to biodiversity. butterfly focus on reproducing. food source for reptiles. butterfly are creatures. mouthparts are called proboscis. butterfly use mouthparts. butterfly help plants. butterfly are insects. lifespan of days. butterfly ready for flight. butterfly undergo transformation. butterfly feed on nectar. transformation throughout life cycle. butterfly serve as food source. nectar from flowers. food source for insects.",
    "evaluation": 1
  },
  {
    "correct_answer": "Caterpillars come in a variety of shapes, sizes, and colors.",
    "retrieved_context": "caterpillar stops eating. caterpillar have spines. caterpillar maintain balance. caterpillar spend time feeding. shell is called chrysalis. appearance of twigs. caterpillar are essential to ecosystem. appearance of leaves. spines for protection. caterpillar mimic appearance. caterpillar play role in pollination. caterpillar have hairs. caterpillar undergoes metamorphosis. caterpillar spend time growing. caterpillar shed skin. caterpillar forms shell. balance of plant populations. hairs for protection. caterpillar reach point. caterpillar are eaters. caterpillar are essential to ecosystem. caterpillar mimic appearance. caterpillar stops eating. caterpillar play role in pollination. caterpillar have spines. caterpillar maintain balance. caterpillar spend time feeding. caterpillar have hairs. caterpillar are eaters. caterpillar reach point. larva is known as caterpillar. caterpillar undergoes metamorphosis. caterpillar spend time growing. caterpillar shed skin. caterpillar forms shell. butterfly play role in pollination. butterfly focus on mate. butterfly reach adulthood. butterfly have lifespan. lifespan of weeks. food source for birds. butterfly contribute to ecosystem. butterfly contribute to biodiversity. butterfly focus on reproducing. food source for reptiles. butterfly are creatures. mouthparts are called proboscis. butterfly use mouthparts. butterfly help plants. butterfly are insects. lifespan of days. butterfly ready for flight. butterfly undergo transformation. butterfly feed on nectar. transformation throughout life cycle. butterfly serve as food source. nectar from flowers. food source for insects.",
    "evaluation": 0
  },
  {
    "correct_answer": "Caterpillars play a crucial role in pollination and maintaining plant populations.",
    "retrieved_context": "caterpillar stops eating. caterpillar have spines. caterpillar maintain balance. caterpillar spend time feeding. shell is called chrysalis. appearance of twigs. caterpillar are essential to ecosystem. appearance of leaves. spines for protection. caterpillar mimic appearance. caterpillar play role in pollination. caterpillar have hairs. caterpillar undergoes metamorphosis. caterpillar spend time growing. caterpillar shed skin. caterpillar forms shell. balance of plant populations. hairs for protection. caterpillar reach point. caterpillar are eaters. host plants provide food.",
    "evaluation": 1
  },
  {
    "correct_answer": "The caterpillar attaches itself to a leaf or stem and forms a chrysalis.",
    "retrieved_context": "caterpillar stops eating. caterpillar have spines. caterpillar maintain balance. caterpillar spend time feeding. shell is called chrysalis. appearance of twigs. caterpillar are essential to ecosystem. appearance of leaves. spines for protection. caterpillar mimic appearance. caterpillar play role in pollination. caterpillar have hairs. caterpillar undergoes metamorphosis. caterpillar spend time growing. caterpillar shed skin. caterpillar forms shell. balance of plant populations. hairs for protection. caterpillar reach point. caterpillar are eaters. caterpillar are essential to ecosystem. caterpillar mimic appearance. caterpillar stops eating. caterpillar play role in pollination. caterpillar have spines. caterpillar maintain balance. caterpillar spend time feeding. caterpillar have hairs. caterpillar are eaters. caterpillar reach point. larva is known as caterpillar. caterpillar undergoes metamorphosis. caterpillar spend time growing. caterpillar shed skin. caterpillar forms shell. butterfly play role in pollination. butterfly focus on mate. butterfly reach adulthood. butterfly have lifespan. lifespan of weeks. food source for birds. butterfly contribute to ecosystem. butterfly contribute to biodiversity. butterfly focus on reproducing. food source for reptiles. butterfly are creatures. mouthparts are called proboscis. butterfly use mouthparts. butterfly help plants. butterfly are insects. lifespan of days. butterfly ready for flight. butterfly undergo transformation. butterfly feed on nectar. transformation throughout life cycle. butterfly serve as food source. nectar from flowers. food source for insects.",
    "evaluation": 0
  },
  {
    "correct_answer": "Inside the chrysalis, the caterpillar undergoes metamorphosis.",
    "retrieved_context": "caterpillar stops eating. caterpillar have spines. caterpillar maintain balance. caterpillar spend time feeding. shell is called chrysalis. appearance of twigs. caterpillar are essential to ecosystem. appearance of leaves. spines for protection. caterpillar mimic appearance. caterpillar play role in pollination. caterpillar have hairs. caterpillar undergoes metamorphosis. caterpillar spend time growing. caterpillar shed skin. caterpillar forms shell. balance of plant populations. hairs for protection. caterpillar reach point. caterpillar are eaters. caterpillar are essential to ecosystem. caterpillar mimic appearance. caterpillar stops eating. caterpillar play role in pollination. caterpillar have spines. caterpillar maintain balance. caterpillar spend time feeding. caterpillar have hairs. caterpillar are eaters. caterpillar reach point. larva is known as caterpillar. caterpillar undergoes metamorphosis. caterpillar spend time growing. caterpillar shed skin. caterpillar forms shell. butterfly play role in pollination. butterfly focus on mate. butterfly reach adulthood. butterfly have lifespan. lifespan of weeks. food source for birds. butterfly contribute to ecosystem. butterfly contribute to biodiversity. butterfly focus on reproducing. food source for reptiles. butterfly are creatures. mouthparts are called proboscis. butterfly use mouthparts. butterfly help plants. butterfly are insects. lifespan of days. butterfly ready for flight. butterfly undergo transformation. butterfly feed on nectar. transformation throughout life cycle. butterfly serve as food source. nectar from flowers. food source for insects.",
    "evaluation": 1
  },
  {
    "correct_answer": "During metamorphosis, the caterpillar's body undergoes significant changes.",
    "retrieved_context": "caterpillar stops eating. caterpillar have spines. caterpillar maintain balance. caterpillar spend time feeding. shell is called chrysalis. appearance of twigs. caterpillar are essential to ecosystem. appearance of leaves. spines for protection. caterpillar mimic appearance. caterpillar play role in pollination. caterpillar have hairs. caterpillar undergoes metamorphosis. caterpillar spend time growing. caterpillar shed skin. caterpillar forms shell. balance of plant populations. hairs for protection. caterpillar reach point. caterpillar are eaters. caterpillar are essential to ecosystem. caterpillar mimic appearance. caterpillar stops eating. caterpillar play role in pollination. caterpillar have spines. caterpillar maintain balance. caterpillar spend time feeding. caterpillar have hairs. caterpillar are eaters. caterpillar reach point. larva is known as caterpillar. caterpillar undergoes metamorphosis. caterpillar spend time growing. caterpillar shed skin. caterpillar forms shell. butterfly play role in pollination. butterfly focus on mate. butterfly reach adulthood. butterfly have lifespan. lifespan of weeks. food source for birds. butterfly contribute to ecosystem. butterfly contribute to biodiversity. butterfly focus on reproducing. food source for reptiles. butterfly are creatures. mouthparts are called proboscis. butterfly use mouthparts. butterfly help plants. butterfly are insects. lifespan of days. butterfly ready for flight. butterfly undergo transformation. butterfly feed on nectar. transformation throughout life cycle. butterfly serve as food source. nectar from flowers. food source for insects. organs dissolve into substance. substance is tissues.",
    "evaluation": 1
  },
  {
    "correct_answer": "The adult butterfly emerges from the chrysalis after metamorphosis is complete.",
    "retrieved_context": "butterfly play role in pollination. butterfly focus on mate. butterfly reach adulthood. butterfly have lifespan. lifespan of weeks. food source for birds. butterfly contribute to ecosystem. butterfly contribute to biodiversity. butterfly focus on reproducing. food source for reptiles. butterfly are creatures. mouthparts are called proboscis. butterfly use mouthparts. butterfly help plants. butterfly are insects. lifespan of days. butterfly ready for flight. butterfly undergo transformation. butterfly feed on nectar. transformation throughout life cycle. butterfly serve as food source. nectar from flowers. food source for insects. caterpillar stops eating. caterpillar have spines. caterpillar maintain balance. caterpillar spend time feeding. shell is called chrysalis. appearance of twigs. caterpillar are essential to ecosystem. appearance of leaves. spines for protection. caterpillar mimic appearance. caterpillar play role in pollination. caterpillar have hairs. caterpillar undergoes metamorphosis. caterpillar spend time growing. caterpillar shed skin. caterpillar forms shell. balance of plant populations. hairs for protection. caterpillar reach point. caterpillar are eaters. caterpillar are essential to ecosystem. caterpillar mimic appearance. caterpillar stops eating. caterpillar play role in pollination. caterpillar have spines. caterpillar maintain balance. caterpillar spend time feeding. caterpillar have hairs. caterpillar are eaters. caterpillar reach point. larva is known as caterpillar. caterpillar undergoes metamorphosis. caterpillar spend time growing. caterpillar shed skin. caterpillar forms shell.",
    "evaluation": 0
  },
  {
    "correct_answer": "Adult butterflies feed on nectar from flowers using their proboscis.",
    "retrieved_context": "nectar from flowers. butterfly play role in pollination. butterfly focus on mate. butterfly reach adulthood. butterfly have lifespan. lifespan of weeks. food source for birds. butterfly contribute to ecosystem. butterfly contribute to biodiversity. butterfly focus on reproducing. food source for reptiles. butterfly are creatures. mouthparts are called proboscis. butterfly use mouthparts. butterfly help plants. butterfly are insects. lifespan of days. butterfly ready for flight. butterfly undergo transformation. butterfly feed on nectar. transformation throughout life cycle. butterfly serve as food source. nectar from flowers. food source for insects. caterpillar stops eating. caterpillar have spines. caterpillar maintain balance. caterpillar spend time feeding. shell is called chrysalis. appearance of twigs. caterpillar are essential to ecosystem. appearance of leaves. spines for protection. caterpillar mimic appearance. caterpillar play role in pollination. caterpillar have hairs. caterpillar undergoes metamorphosis. caterpillar spend time growing. caterpillar shed skin. caterpillar forms shell. balance of plant populations. hairs for protection. caterpillar reach point. caterpillar are eaters.",
    "evaluation": 1
  },
  {
    "correct_answer": "Butterflies play a crucial role in pollination and serve as a food source for other animals.",
    "retrieved_context": "butterfly play role in pollination. butterfly focus on mate. butterfly reach adulthood. butterfly have lifespan. lifespan of weeks. food source for birds. butterfly contribute to ecosystem. butterfly contribute to biodiversity. butterfly focus on reproducing. food source for reptiles. butterfly are creatures. mouthparts are called proboscis. butterfly use mouthparts. butterfly help plants. butterfly are insects. lifespan of days. butterfly ready for flight. butterfly undergo transformation. butterfly feed on nectar. transformation throughout life cycle. butterfly serve as food source. nectar from flowers. food source for insects. caterpillar stops eating. caterpillar have spines. caterpillar maintain balance. caterpillar spend time feeding. shell is called chrysalis. appearance of twigs. caterpillar are essential to ecosystem. appearance of leaves. spines for protection. caterpillar mimic appearance. caterpillar play role in pollination. caterpillar have hairs. caterpillar undergoes metamorphosis. caterpillar spend time growing. caterpillar shed skin. caterpillar forms shell. balance of plant populations. hairs for protection. caterpillar reach point. caterpillar are eaters. nectar from flowers.",
    "evaluation": 1
  },
  {
    "accuracy": "53.33%"
  }
]