[
  {
    "correct_answer": "VR technology has rapidly evolved in recent years.",
    "retrieved_context": "virtual reality caters to diverse. virtual reality creates engaging. virtual reality is 21st century. virtual reality requires software. virtual reality benefits disabilities. virtual reality requires resources. virtual reality promotes creativity. virtual reality fosters understanding. virtual reality affects outcomes. virtual reality helps students concepts. virtual reality enhances knowledge. virtual reality increases motivation. virtual reality is innovative. virtual reality allows learning at pace. virtual reality helps students visualize. virtual reality increases engagement. virtual reality provides collaborations. virtual reality has safety. virtual reality provides growth. virtual reality requires budgets. virtual reality provides simulations. virtual reality requires content. virtual reality requires equipment. virtual reality has cost. virtual reality requires guidelines. virtual reality affects well-being. virtual reality is becoming widespread. virtual reality is hands-on. virtual reality is effective. virtual reality is becoming affordable. virtual reality causes disorientation. virtual reality requires training. virtual reality facilitates learning. virtual reality is accessible. virtual reality democratizes access. virtual reality enhances skills. virtual reality fosters subjects. virtual reality requires infrastructure. virtual reality requires teachers. virtual reality causes eye strain. virtual reality benefits learning difficulties. virtual reality helps students theories. virtual reality has risks. virtual reality has health. virtual reality is teaching. virtual reality provides alternative. virtual reality provides opportunities. virtual reality revolutionizes field. virtual reality creates immersive. virtual reality provides field trips. virtual reality requires safeguards. virtual reality caters to learning styles. virtual reality is interactive. virtual reality benefits visual learners. virtual reality promotes critical thinking. virtual reality requires support. virtual reality requires instructors. virtual reality caters to preferences. virtual reality enhances development. virtual reality enhances programs. virtual reality enhances environments. virtual reality is inclusive. virtual reality offers possibilities for education. virtual reality has evolved technology. virtual reality causes motion sickness. virtual reality requires hardware. virtual reality is approach. virtual reality requires practices. virtual reality benefits kinesthetic learners.",
    "evaluation": 0
  },
  {
    "correct_answer": "Virtual reality offers new possibilities for various industries, including education.",
    "retrieved_context": "virtual reality caters to diverse. virtual reality creates engaging. virtual reality is 21st century. virtual reality requires software. virtual reality benefits disabilities. virtual reality requires resources. virtual reality promotes creativity. virtual reality fosters understanding. virtual reality affects outcomes. virtual reality helps students concepts. virtual reality enhances knowledge. virtual reality increases motivation. virtual reality is innovative. virtual reality allows learning at pace. virtual reality helps students visualize. virtual reality increases engagement. virtual reality provides collaborations. virtual reality has safety. virtual reality provides growth. virtual reality requires budgets. virtual reality provides simulations. virtual reality requires content. virtual reality requires equipment. virtual reality has cost. virtual reality requires guidelines. virtual reality affects well-being. virtual reality is becoming widespread. virtual reality is hands-on. virtual reality is effective. virtual reality is becoming affordable. virtual reality causes disorientation. virtual reality requires training. virtual reality facilitates learning. virtual reality is accessible. virtual reality democratizes access. virtual reality enhances skills. virtual reality fosters subjects. virtual reality requires infrastructure. virtual reality requires teachers. virtual reality causes eye strain. virtual reality benefits learning difficulties. virtual reality helps students theories. virtual reality has risks. virtual reality has health. virtual reality is teaching. virtual reality provides alternative. virtual reality provides opportunities. virtual reality revolutionizes field. virtual reality creates immersive. virtual reality provides field trips. virtual reality requires safeguards. virtual reality caters to learning styles. virtual reality is interactive. virtual reality benefits visual learners. virtual reality promotes critical thinking. virtual reality requires support. virtual reality requires instructors. virtual reality caters to preferences. virtual reality enhances development. virtual reality enhances programs. virtual reality enhances environments. virtual reality is inclusive. virtual reality offers possibilities for education. virtual reality has evolved technology. virtual reality causes motion sickness. virtual reality requires hardware. virtual reality is approach. virtual reality requires practices. virtual reality benefits kinesthetic learners.",
    "evaluation": 1
  },
  {
    "correct_answer": "Virtual reality can create immersive and engaging learning experiences.",
    "retrieved_context": "virtual reality caters to diverse. virtual reality creates engaging. virtual reality is 21st century. virtual reality requires software. virtual reality benefits disabilities. virtual reality requires resources. virtual reality promotes creativity. virtual reality fosters understanding. virtual reality affects outcomes. virtual reality helps students concepts. virtual reality enhances knowledge. virtual reality increases motivation. virtual reality is innovative. virtual reality allows learning at pace. virtual reality helps students visualize. virtual reality increases engagement. virtual reality provides collaborations. virtual reality has safety. virtual reality provides growth. virtual reality requires budgets. virtual reality provides simulations. virtual reality requires content. virtual reality requires equipment. virtual reality has cost. virtual reality requires guidelines. virtual reality affects well-being. virtual reality is becoming widespread. virtual reality is hands-on. virtual reality is effective. virtual reality is becoming affordable. virtual reality causes disorientation. virtual reality requires training. virtual reality facilitates learning. virtual reality is accessible. virtual reality democratizes access. virtual reality enhances skills. virtual reality fosters subjects. virtual reality requires infrastructure. virtual reality requires teachers. virtual reality causes eye strain. virtual reality benefits learning difficulties. virtual reality helps students theories. virtual reality has risks. virtual reality has health. virtual reality is teaching. virtual reality provides alternative. virtual reality provides opportunities. virtual reality revolutionizes field. virtual reality creates immersive. virtual reality provides field trips. virtual reality requires safeguards. virtual reality caters to learning styles. virtual reality is interactive. virtual reality benefits visual learners. virtual reality promotes critical thinking. virtual reality requires support. virtual reality requires instructors. virtual reality caters to preferences. virtual reality enhances development. virtual reality enhances programs. virtual reality enhances environments. virtual reality is inclusive. virtual reality offers possibilities for education. virtual reality has evolved technology. virtual reality causes motion sickness. virtual reality requires hardware. virtual reality is approach. virtual reality requires practices. virtual reality benefits kinesthetic learners.",
    "evaluation": 1
  },
  {
    "correct_answer": "VR simulates real-world environments and scenarios.",
    "retrieved_context": "virtual reality caters to diverse. virtual reality creates engaging. virtual reality is 21st century. virtual reality requires software. virtual reality benefits disabilities. virtual reality requires resources. virtual reality promotes creativity. virtual reality fosters understanding. virtual reality affects outcomes. virtual reality helps students concepts. virtual reality enhances knowledge. virtual reality increases motivation. virtual reality is innovative. virtual reality allows learning at pace. virtual reality helps students visualize. virtual reality increases engagement. virtual reality provides collaborations. virtual reality has safety. virtual reality provides growth. virtual reality requires budgets. virtual reality provides simulations. virtual reality requires content. virtual reality requires equipment. virtual reality has cost. virtual reality requires guidelines. virtual reality affects well-being. virtual reality is becoming widespread. virtual reality is hands-on. virtual reality is effective. virtual reality is becoming affordable. virtual reality causes disorientation. virtual reality requires training. virtual reality facilitates learning. virtual reality is accessible. virtual reality democratizes access. virtual reality enhances skills. virtual reality fosters subjects. virtual reality requires infrastructure. virtual reality requires teachers. virtual reality causes eye strain. virtual reality benefits learning difficulties. virtual reality helps students theories. virtual reality has risks. virtual reality has health. virtual reality is teaching. virtual reality provides alternative. virtual reality provides opportunities. virtual reality revolutionizes field. virtual reality creates immersive. virtual reality provides field trips. virtual reality requires safeguards. virtual reality caters to learning styles. virtual reality is interactive. virtual reality benefits visual learners. virtual reality promotes critical thinking. virtual reality requires support. virtual reality requires instructors. virtual reality caters to preferences. virtual reality enhances development. virtual reality enhances programs. virtual reality enhances environments. virtual reality is inclusive. virtual reality offers possibilities for education. virtual reality has evolved technology. virtual reality causes motion sickness. virtual reality requires hardware. virtual reality is approach. virtual reality requires practices. virtual reality benefits kinesthetic learners.",
    "evaluation": 0
  },
  {
    "correct_answer": "Virtual reality helps students visualize complex concepts in a hands-on manner.",
    "retrieved_context": "virtual reality caters to diverse. virtual reality creates engaging. virtual reality is 21st century. virtual reality requires software. virtual reality benefits disabilities. virtual reality requires resources. virtual reality promotes creativity. virtual reality fosters understanding. virtual reality affects outcomes. virtual reality helps students concepts. virtual reality enhances knowledge. virtual reality increases motivation. virtual reality is innovative. virtual reality allows learning at pace. virtual reality helps students visualize. virtual reality increases engagement. virtual reality provides collaborations. virtual reality has safety. virtual reality provides growth. virtual reality requires budgets. virtual reality provides simulations. virtual reality requires content. virtual reality requires equipment. virtual reality has cost. virtual reality requires guidelines. virtual reality affects well-being. virtual reality is becoming widespread. virtual reality is hands-on. virtual reality is effective. virtual reality is becoming affordable. virtual reality causes disorientation. virtual reality requires training. virtual reality facilitates learning. virtual reality is accessible. virtual reality democratizes access. virtual reality enhances skills. virtual reality fosters subjects. virtual reality requires infrastructure. virtual reality requires teachers. virtual reality causes eye strain. virtual reality benefits learning difficulties. virtual reality helps students theories. virtual reality has risks. virtual reality has health. virtual reality is teaching. virtual reality provides alternative. virtual reality provides opportunities. virtual reality revolutionizes field. virtual reality creates immersive. virtual reality provides field trips. virtual reality requires safeguards. virtual reality caters to learning styles. virtual reality is interactive. virtual reality benefits visual learners. virtual reality promotes critical thinking. virtual reality requires support. virtual reality requires instructors. virtual reality caters to preferences. virtual reality enhances development. virtual reality enhances programs. virtual reality enhances environments. virtual reality is inclusive. virtual reality offers possibilities for education. virtual reality has evolved technology. virtual reality causes motion sickness. virtual reality requires hardware. virtual reality is approach. virtual reality requires practices. virtual reality benefits kinesthetic learners.",
    "evaluation": 1
  },
  {
    "correct_answer": "Medical students can practice surgical procedures in a virtual operating room.",
    "retrieved_context": "virtual reality caters to diverse. virtual reality creates engaging. virtual reality is 21st century. virtual reality requires software. virtual reality benefits disabilities. virtual reality requires resources. virtual reality promotes creativity. virtual reality fosters understanding. virtual reality affects outcomes. virtual reality helps students concepts. virtual reality enhances knowledge. virtual reality increases motivation. virtual reality is innovative. virtual reality allows learning at pace. virtual reality helps students visualize. virtual reality increases engagement. virtual reality provides collaborations. virtual reality has safety. virtual reality provides growth. virtual reality requires budgets. virtual reality provides simulations. virtual reality requires content. virtual reality requires equipment. virtual reality has cost. virtual reality requires guidelines. virtual reality affects well-being. virtual reality is becoming widespread. virtual reality is hands-on. virtual reality is effective. virtual reality is becoming affordable. virtual reality causes disorientation. virtual reality requires training. virtual reality facilitates learning. virtual reality is accessible. virtual reality democratizes access. virtual reality enhances skills. virtual reality fosters subjects. virtual reality requires infrastructure. virtual reality requires teachers. virtual reality causes eye strain. virtual reality benefits learning difficulties. virtual reality helps students theories. virtual reality has risks. virtual reality has health. virtual reality is teaching. virtual reality provides alternative. virtual reality provides opportunities. virtual reality revolutionizes field. virtual reality creates immersive. virtual reality provides field trips. virtual reality requires safeguards. virtual reality caters to learning styles. virtual reality is interactive. virtual reality benefits visual learners. virtual reality promotes critical thinking. virtual reality requires support. virtual reality requires instructors. virtual reality caters to preferences. virtual reality enhances development. virtual reality enhances programs. virtual reality enhances environments. virtual reality is inclusive. virtual reality offers possibilities for education. virtual reality has evolved technology. virtual reality causes motion sickness. virtual reality requires hardware. virtual reality is approach. virtual reality requires practices. virtual reality benefits kinesthetic learners.",
    "evaluation": 0
  },
  {
    "correct_answer": "History students can explore historical landmarks through immersive virtual tours.",
    "retrieved_context": "virtual reality caters to diverse. virtual reality creates engaging. virtual reality is 21st century. virtual reality requires software. virtual reality benefits disabilities. virtual reality requires resources. virtual reality promotes creativity. virtual reality fosters understanding. virtual reality affects outcomes. virtual reality helps students concepts. virtual reality enhances knowledge. virtual reality increases motivation. virtual reality is innovative. virtual reality allows learning at pace. virtual reality helps students visualize. virtual reality increases engagement. virtual reality provides collaborations. virtual reality has safety. virtual reality provides growth. virtual reality requires budgets. virtual reality provides simulations. virtual reality requires content. virtual reality requires equipment. virtual reality has cost. virtual reality requires guidelines. virtual reality affects well-being. virtual reality is becoming widespread. virtual reality is hands-on. virtual reality is effective. virtual reality is becoming affordable. virtual reality causes disorientation. virtual reality requires training. virtual reality facilitates learning. virtual reality is accessible. virtual reality democratizes access. virtual reality enhances skills. virtual reality fosters subjects. virtual reality requires infrastructure. virtual reality requires teachers. virtual reality causes eye strain. virtual reality benefits learning difficulties. virtual reality helps students theories. virtual reality has risks. virtual reality has health. virtual reality is teaching. virtual reality provides alternative. virtual reality provides opportunities. virtual reality revolutionizes field. virtual reality creates immersive. virtual reality provides field trips. virtual reality requires safeguards. virtual reality caters to learning styles. virtual reality is interactive. virtual reality benefits visual learners. virtual reality promotes critical thinking. virtual reality requires support. virtual reality requires instructors. virtual reality caters to preferences. virtual reality enhances development. virtual reality enhances programs. virtual reality enhances environments. virtual reality is inclusive. virtual reality offers possibilities for education. virtual reality has evolved technology. virtual reality causes motion sickness. virtual reality requires hardware. virtual reality is approach. virtual reality requires practices. virtual reality benefits kinesthetic learners.",
    "evaluation": 0
  },
  {
    "correct_answer": "Virtual reality caters to different learning styles and preferences.",
    "retrieved_context": "virtual reality caters to diverse. virtual reality creates engaging. virtual reality is 21st century. virtual reality requires software. virtual reality benefits disabilities. virtual reality requires resources. virtual reality promotes creativity. virtual reality fosters understanding. virtual reality affects outcomes. virtual reality helps students concepts. virtual reality enhances knowledge. virtual reality increases motivation. virtual reality is innovative. virtual reality allows learning at pace. virtual reality helps students visualize. virtual reality increases engagement. virtual reality provides collaborations. virtual reality has safety. virtual reality provides growth. virtual reality requires budgets. virtual reality provides simulations. virtual reality requires content. virtual reality requires equipment. virtual reality has cost. virtual reality requires guidelines. virtual reality affects well-being. virtual reality is becoming widespread. virtual reality is hands-on. virtual reality is effective. virtual reality is becoming affordable. virtual reality causes disorientation. virtual reality requires training. virtual reality facilitates learning. virtual reality is accessible. virtual reality democratizes access. virtual reality enhances skills. virtual reality fosters subjects. virtual reality requires infrastructure. virtual reality requires teachers. virtual reality causes eye strain. virtual reality benefits learning difficulties. virtual reality helps students theories. virtual reality has risks. virtual reality has health. virtual reality is teaching. virtual reality provides alternative. virtual reality provides opportunities. virtual reality revolutionizes field. virtual reality creates immersive. virtual reality provides field trips. virtual reality requires safeguards. virtual reality caters to learning styles. virtual reality is interactive. virtual reality benefits visual learners. virtual reality promotes critical thinking. virtual reality requires support. virtual reality requires instructors. virtual reality caters to preferences. virtual reality enhances development. virtual reality enhances programs. virtual reality enhances environments. virtual reality is inclusive. virtual reality offers possibilities for education. virtual reality has evolved technology. virtual reality causes motion sickness. virtual reality requires hardware. virtual reality is approach. virtual reality requires practices. virtual reality benefits kinesthetic learners.",
    "evaluation": 1
  },
  {
    "correct_answer": "VR benefits visual and kinesthetic learners.",
    "retrieved_context": "virtual reality caters to diverse. virtual reality creates engaging. virtual reality is 21st century. virtual reality requires software. virtual reality benefits disabilities. virtual reality requires resources. virtual reality promotes creativity. virtual reality fosters understanding. virtual reality affects outcomes. virtual reality helps students concepts. virtual reality enhances knowledge. virtual reality increases motivation. virtual reality is innovative. virtual reality allows learning at pace. virtual reality helps students visualize. virtual reality increases engagement. virtual reality provides collaborations. virtual reality has safety. virtual reality provides growth. virtual reality requires budgets. virtual reality provides simulations. virtual reality requires content. virtual reality requires equipment. virtual reality has cost. virtual reality requires guidelines. virtual reality affects well-being. virtual reality is becoming widespread. virtual reality is hands-on. virtual reality is effective. virtual reality is becoming affordable. virtual reality causes disorientation. virtual reality requires training. virtual reality facilitates learning. virtual reality is accessible. virtual reality democratizes access. virtual reality enhances skills. virtual reality fosters subjects. virtual reality requires infrastructure. virtual reality requires teachers. virtual reality causes eye strain. virtual reality benefits learning difficulties. virtual reality helps students theories. virtual reality has risks. virtual reality has health. virtual reality is teaching. virtual reality provides alternative. virtual reality provides opportunities. virtual reality revolutionizes field. virtual reality creates immersive. virtual reality provides field trips. virtual reality requires safeguards. virtual reality caters to learning styles. virtual reality is interactive. virtual reality benefits visual learners. virtual reality promotes critical thinking. virtual reality requires support. virtual reality requires instructors. virtual reality caters to preferences. virtual reality enhances development. virtual reality enhances programs. virtual reality enhances environments. virtual reality is inclusive. virtual reality offers possibilities for education. virtual reality has evolved technology. virtual reality causes motion sickness. virtual reality requires hardware. virtual reality is approach. virtual reality requires practices. virtual reality benefits kinesthetic learners.",
    "evaluation": 1
  },
  {
    "correct_answer": "Students with disabilities can benefit from virtual reality technology.",
    "retrieved_context": "virtual reality caters to diverse. virtual reality creates engaging. virtual reality is 21st century. virtual reality requires software. virtual reality benefits disabilities. virtual reality requires resources. virtual reality promotes creativity. virtual reality fosters understanding. virtual reality affects outcomes. virtual reality helps students concepts. virtual reality enhances knowledge. virtual reality increases motivation. virtual reality is innovative. virtual reality allows learning at pace. virtual reality helps students visualize. virtual reality increases engagement. virtual reality provides collaborations. virtual reality has safety. virtual reality provides growth. virtual reality requires budgets. virtual reality provides simulations. virtual reality requires content. virtual reality requires equipment. virtual reality has cost. virtual reality requires guidelines. virtual reality affects well-being. virtual reality is becoming widespread. virtual reality is hands-on. virtual reality is effective. virtual reality is becoming affordable. virtual reality causes disorientation. virtual reality requires training. virtual reality facilitates learning. virtual reality is accessible. virtual reality democratizes access. virtual reality enhances skills. virtual reality fosters subjects. virtual reality requires infrastructure. virtual reality requires teachers. virtual reality causes eye strain. virtual reality benefits learning difficulties. virtual reality helps students theories. virtual reality has risks. virtual reality has health. virtual reality is teaching. virtual reality provides alternative. virtual reality provides opportunities. virtual reality revolutionizes field. virtual reality creates immersive. virtual reality provides field trips. virtual reality requires safeguards. virtual reality caters to learning styles. virtual reality is interactive. virtual reality benefits visual learners. virtual reality promotes critical thinking. virtual reality requires support. virtual reality requires instructors. virtual reality caters to preferences. virtual reality enhances development. virtual reality enhances programs. virtual reality enhances environments. virtual reality is inclusive. virtual reality offers possibilities for education. virtual reality has evolved technology. virtual reality causes motion sickness. virtual reality requires hardware. virtual reality is approach. virtual reality requires practices. virtual reality benefits kinesthetic learners.",
    "evaluation": 1
  },
  {
    "correct_answer": "VR can democratize access to high-quality educational resources.",
    "retrieved_context": "virtual reality caters to diverse. virtual reality creates engaging. virtual reality is 21st century. virtual reality requires software. virtual reality benefits disabilities. virtual reality requires resources. virtual reality promotes creativity. virtual reality fosters understanding. virtual reality affects outcomes. virtual reality helps students concepts. virtual reality enhances knowledge. virtual reality increases motivation. virtual reality is innovative. virtual reality allows learning at pace. virtual reality helps students visualize. virtual reality increases engagement. virtual reality provides collaborations. virtual reality has safety. virtual reality provides growth. virtual reality requires budgets. virtual reality provides simulations. virtual reality requires content. virtual reality requires equipment. virtual reality has cost. virtual reality requires guidelines. virtual reality affects well-being. virtual reality is becoming widespread. virtual reality is hands-on. virtual reality is effective. virtual reality is becoming affordable. virtual reality causes disorientation. virtual reality requires training. virtual reality facilitates learning. virtual reality is accessible. virtual reality democratizes access. virtual reality enhances skills. virtual reality fosters subjects. virtual reality requires infrastructure. virtual reality requires teachers. virtual reality causes eye strain. virtual reality benefits learning difficulties. virtual reality helps students theories. virtual reality has risks. virtual reality has health. virtual reality is teaching. virtual reality provides alternative. virtual reality provides opportunities. virtual reality revolutionizes field. virtual reality creates immersive. virtual reality provides field trips. virtual reality requires safeguards. virtual reality caters to learning styles. virtual reality is interactive. virtual reality benefits visual learners. virtual reality promotes critical thinking. virtual reality requires support. virtual reality requires instructors. virtual reality caters to preferences. virtual reality enhances development. virtual reality enhances programs. virtual reality enhances environments. virtual reality is inclusive. virtual reality offers possibilities for education. virtual reality has evolved technology. virtual reality causes motion sickness. virtual reality requires hardware. virtual reality is approach. virtual reality requires practices. virtual reality benefits kinesthetic learners.",
    "evaluation": 1
  },
  {
    "correct_answer": "VR headsets are becoming more affordable and widespread.",
    "retrieved_context": "virtual reality caters to diverse. virtual reality creates engaging. virtual reality is 21st century. virtual reality requires software. virtual reality benefits disabilities. virtual reality requires resources. virtual reality promotes creativity. virtual reality fosters understanding. virtual reality affects outcomes. virtual reality helps students concepts. virtual reality enhances knowledge. virtual reality increases motivation. virtual reality is innovative. virtual reality allows learning at pace. virtual reality helps students visualize. virtual reality increases engagement. virtual reality provides collaborations. virtual reality has safety. virtual reality provides growth. virtual reality requires budgets. virtual reality provides simulations. virtual reality requires content. virtual reality requires equipment. virtual reality has cost. virtual reality requires guidelines. virtual reality affects well-being. virtual reality is becoming widespread. virtual reality is hands-on. virtual reality is effective. virtual reality is becoming affordable. virtual reality causes disorientation. virtual reality requires training. virtual reality facilitates learning. virtual reality is accessible. virtual reality democratizes access. virtual reality enhances skills. virtual reality fosters subjects. virtual reality requires infrastructure. virtual reality requires teachers. virtual reality causes eye strain. virtual reality benefits learning difficulties. virtual reality helps students theories. virtual reality has risks. virtual reality has health. virtual reality is teaching. virtual reality provides alternative. virtual reality provides opportunities. virtual reality revolutionizes field. virtual reality creates immersive. virtual reality provides field trips. virtual reality requires safeguards. virtual reality caters to learning styles. virtual reality is interactive. virtual reality benefits visual learners. virtual reality promotes critical thinking. virtual reality requires support. virtual reality requires instructors. virtual reality caters to preferences. virtual reality enhances development. virtual reality enhances programs. virtual reality enhances environments. virtual reality is inclusive. virtual reality offers possibilities for education. virtual reality has evolved technology. virtual reality causes motion sickness. virtual reality requires hardware. virtual reality is approach. virtual reality requires practices. virtual reality benefits kinesthetic learners.",
    "evaluation": 1
  },
  {
    "correct_answer": "One challenge is the cost of acquiring and maintaining VR equipment.",
    "retrieved_context": "virtual reality caters to diverse. virtual reality creates engaging. virtual reality is 21st century. virtual reality requires software. virtual reality benefits disabilities. virtual reality requires resources. virtual reality promotes creativity. virtual reality fosters understanding. virtual reality affects outcomes. virtual reality helps students concepts. virtual reality enhances knowledge. virtual reality increases motivation. virtual reality is innovative. virtual reality allows learning at pace. virtual reality helps students visualize. virtual reality increases engagement. virtual reality provides collaborations. virtual reality has safety. virtual reality provides growth. virtual reality requires budgets. virtual reality provides simulations. virtual reality requires content. virtual reality requires equipment. virtual reality has cost. virtual reality requires guidelines. virtual reality affects well-being. virtual reality is becoming widespread. virtual reality is hands-on. virtual reality is effective. virtual reality is becoming affordable. virtual reality causes disorientation. virtual reality requires training. virtual reality facilitates learning. virtual reality is accessible. virtual reality democratizes access. virtual reality enhances skills. virtual reality fosters subjects. virtual reality requires infrastructure. virtual reality requires teachers. virtual reality causes eye strain. virtual reality benefits learning difficulties. virtual reality helps students theories. virtual reality has risks. virtual reality has health. virtual reality is teaching. virtual reality provides alternative. virtual reality provides opportunities. virtual reality revolutionizes field. virtual reality creates immersive. virtual reality provides field trips. virtual reality requires safeguards. virtual reality caters to learning styles. virtual reality is interactive. virtual reality benefits visual learners. virtual reality promotes critical thinking. virtual reality requires support. virtual reality requires instructors. virtual reality caters to preferences. virtual reality enhances development. virtual reality enhances programs. virtual reality enhances environments. virtual reality is inclusive. virtual reality offers possibilities for education. virtual reality has evolved technology. virtual reality causes motion sickness. virtual reality requires hardware. virtual reality is approach. virtual reality requires practices. virtual reality benefits kinesthetic learners.",
    "evaluation": 1
  },
  {
    "correct_answer": "There are concerns about health and safety risks associated with VR devices.",
    "retrieved_context": "virtual reality caters to diverse. virtual reality creates engaging. virtual reality is 21st century. virtual reality requires software. virtual reality benefits disabilities. virtual reality requires resources. virtual reality promotes creativity. virtual reality fosters understanding. virtual reality affects outcomes. virtual reality helps students concepts. virtual reality enhances knowledge. virtual reality increases motivation. virtual reality is innovative. virtual reality allows learning at pace. virtual reality helps students visualize. virtual reality increases engagement. virtual reality provides collaborations. virtual reality has safety. virtual reality provides growth. virtual reality requires budgets. virtual reality provides simulations. virtual reality requires content. virtual reality requires equipment. virtual reality has cost. virtual reality requires guidelines. virtual reality affects well-being. virtual reality is becoming widespread. virtual reality is hands-on. virtual reality is effective. virtual reality is becoming affordable. virtual reality causes disorientation. virtual reality requires training. virtual reality facilitates learning. virtual reality is accessible. virtual reality democratizes access. virtual reality enhances skills. virtual reality fosters subjects. virtual reality requires infrastructure. virtual reality requires teachers. virtual reality causes eye strain. virtual reality benefits learning difficulties. virtual reality helps students theories. virtual reality has risks. virtual reality has health. virtual reality is teaching. virtual reality provides alternative. virtual reality provides opportunities. virtual reality revolutionizes field. virtual reality creates immersive. virtual reality provides field trips. virtual reality requires safeguards. virtual reality caters to learning styles. virtual reality is interactive. virtual reality benefits visual learners. virtual reality promotes critical thinking. virtual reality requires support. virtual reality requires instructors. virtual reality caters to preferences. virtual reality enhances development. virtual reality enhances programs. virtual reality enhances environments. virtual reality is inclusive. virtual reality offers possibilities for education. virtual reality has evolved technology. virtual reality causes motion sickness. virtual reality requires hardware. virtual reality is approach. virtual reality requires practices. virtual reality benefits kinesthetic learners.",
    "evaluation": 1
  },
  {
    "correct_answer": "Educators need training on how to integrate virtual reality into teaching practices.",
    "retrieved_context": "virtual reality caters to diverse. virtual reality creates engaging. virtual reality is 21st century. virtual reality requires software. virtual reality benefits disabilities. virtual reality requires resources. virtual reality promotes creativity. virtual reality fosters understanding. virtual reality affects outcomes. virtual reality helps students concepts. virtual reality enhances knowledge. virtual reality increases motivation. virtual reality is innovative. virtual reality allows learning at pace. virtual reality helps students visualize. virtual reality increases engagement. virtual reality provides collaborations. virtual reality has safety. virtual reality provides growth. virtual reality requires budgets. virtual reality provides simulations. virtual reality requires content. virtual reality requires equipment. virtual reality has cost. virtual reality requires guidelines. virtual reality affects well-being. virtual reality is becoming widespread. virtual reality is hands-on. virtual reality is effective. virtual reality is becoming affordable. virtual reality causes disorientation. virtual reality requires training. virtual reality facilitates learning. virtual reality is accessible. virtual reality democratizes access. virtual reality enhances skills. virtual reality fosters subjects. virtual reality requires infrastructure. virtual reality requires teachers. virtual reality causes eye strain. virtual reality benefits learning difficulties. virtual reality helps students theories. virtual reality has risks. virtual reality has health. virtual reality is teaching. virtual reality provides alternative. virtual reality provides opportunities. virtual reality revolutionizes field. virtual reality creates immersive. virtual reality provides field trips. virtual reality requires safeguards. virtual reality caters to learning styles. virtual reality is interactive. virtual reality benefits visual learners. virtual reality promotes critical thinking. virtual reality requires support. virtual reality requires instructors. virtual reality caters to preferences. virtual reality enhances development. virtual reality enhances programs. virtual reality enhances environments. virtual reality is inclusive. virtual reality offers possibilities for education. virtual reality has evolved technology. virtual reality causes motion sickness. virtual reality requires hardware. virtual reality is approach. virtual reality requires practices. virtual reality benefits kinesthetic learners.",
    "evaluation": 1
  },
  {
    "accuracy": "73.33%"
  }
]