[
  {
    "correct_answer": "Plants release volatile organic compounds (VOCs) to communicate with neighboring plants.",
    "retrieved_context": "chemical signals convey messages. volatile organic compounds are chemical signals. chemical signals travel through air. volatile organic compounds warn neighboring. microbes receive compounds. plants protect pathogens. plants exchange chemical signals. plants communicate through vibrations. plants enhance health. chemical signals convey messages. plants warn danger. plants support species. plants preserving nature. plants communicate through touch. organisms are perceived as grow. volatile organic compounds warn neighboring. defensive chemicals deter herbivores. organisms are perceived as photosynthesize. plants improve uptake. plants exchange nutrients. roots are part of network. plants interact diverse. plants form beneficial. plants are sustainable. plants are perceived as passive. plants sheds light on intricacies. plants survive and thrive in ecosystems. plants have developed intricate. plants attract nitrogen-fixing bacteria. plants sense wind. plants transfer resources. plants are communicative. plants promote understanding. pollinators receive pollen. plants communicate with organisms. plants preserving balance. plants enhance growth. plants demonstrate cooperation. plants produce defensive chemicals. plants communicate through physical cues. microbes receive sugars. plants demonstrate mutual support. plants enhance resilience. plants preserving delicate. plants release volatile organic compounds. plants are participants. plants increase production. plants ensure reproduction. plants interact with soil. plants minimize damage. plants exchange water. plants detect shaken. volatile organic compounds are chemical signals. plants triggering adapt. plants are under attack. plants are complex. plants harnessing power. plants attract pollinators. plants adjust patterns. chemical signals travel through air. plants are interconnectedness. plants interact networks. plants communicate through rhizosphere communication. plants release root exudates. plants communicate with insects. plants communicate through roots. plants are active. plants are perceived as silent. pollinators receive nectar. plants communicate with microbes. plants optimize chances. plant-to-plant signaling coordinate responses. plant-to-plant signaling helps defend. organisms are perceived as photosynthesize. organisms are perceived as grow.",
    "evaluation": 1
  },
  {
    "correct_answer": "VOCs can warn nearby plants of impending danger, such as herbivore attacks.",
    "retrieved_context": "plant-to-plant signaling coordinate responses. plant-to-plant signaling helps defend. microbes receive compounds. plants protect pathogens. plants exchange chemical signals. plants communicate through vibrations. plants enhance health. chemical signals convey messages. plants warn danger. plants support species. plants preserving nature. plants communicate through touch. organisms are perceived as grow. volatile organic compounds warn neighboring. defensive chemicals deter herbivores. organisms are perceived as photosynthesize. plants improve uptake. plants exchange nutrients. roots are part of network. plants interact diverse. plants form beneficial. plants are sustainable. plants are perceived as passive. plants sheds light on intricacies. plants survive and thrive in ecosystems. plants have developed intricate. plants attract nitrogen-fixing bacteria. plants sense wind. plants transfer resources. plants are communicative. plants promote understanding. pollinators receive pollen. plants communicate with organisms. plants preserving balance. plants enhance growth. plants demonstrate cooperation. plants produce defensive chemicals. plants communicate through physical cues. microbes receive sugars. plants demonstrate mutual support. plants enhance resilience. plants preserving delicate. plants release volatile organic compounds. plants are participants. plants increase production. plants ensure reproduction. plants interact with soil. plants minimize damage. plants exchange water. plants detect shaken. volatile organic compounds are chemical signals. plants triggering adapt. plants are under attack. plants are complex. plants harnessing power. plants attract pollinators. plants adjust patterns. chemical signals travel through air. plants are interconnectedness. plants interact networks. plants communicate through rhizosphere communication. plants release root exudates. plants communicate with insects. plants communicate through roots. plants are active. plants are perceived as silent. pollinators receive nectar. plants communicate with microbes. plants optimize chances.",
    "evaluation": 1
  },
  {
    "correct_answer": "Neighboring plants may increase production of defensive chemicals in response to VOC signals.",
    "retrieved_context": "plant-to-plant signaling coordinate responses. plant-to-plant signaling helps defend. defensive chemicals deter herbivores. microbes receive compounds. plants protect pathogens. plants exchange chemical signals. plants communicate through vibrations. plants enhance health. chemical signals convey messages. plants warn danger. plants support species. plants preserving nature. plants communicate through touch. organisms are perceived as grow. volatile organic compounds warn neighboring. defensive chemicals deter herbivores. organisms are perceived as photosynthesize. plants improve uptake. plants exchange nutrients. roots are part of network. plants interact diverse. plants form beneficial. plants are sustainable. plants are perceived as passive. plants sheds light on intricacies. plants survive and thrive in ecosystems. plants have developed intricate. plants attract nitrogen-fixing bacteria. plants sense wind. plants transfer resources. plants are communicative. plants promote understanding. pollinators receive pollen. plants communicate with organisms. plants preserving balance. plants enhance growth. plants demonstrate cooperation. plants produce defensive chemicals. plants communicate through physical cues. microbes receive sugars. plants demonstrate mutual support. plants enhance resilience. plants preserving delicate. plants release volatile organic compounds. plants are participants. plants increase production. plants ensure reproduction. plants interact with soil. plants minimize damage. plants exchange water. plants detect shaken. volatile organic compounds are chemical signals. plants triggering adapt. plants are under attack. plants are complex. plants harnessing power. plants attract pollinators. plants adjust patterns. chemical signals travel through air. plants are interconnectedness. plants interact networks. plants communicate through rhizosphere communication. plants release root exudates. plants communicate with insects. plants communicate through roots. plants are active. plants are perceived as silent. pollinators receive nectar. plants communicate with microbes. plants optimize chances. chemical signals convey messages. chemical signals travel through air. chemical signals convey messages. volatile organic compounds are chemical signals. chemical signals travel through air. volatile organic compounds warn neighboring.",
    "evaluation": 1
  },
  {
    "correct_answer": "Plants communicate through mycorrhizal networks in their roots.",
    "retrieved_context": "plant-to-plant signaling coordinate responses. plant-to-plant signaling helps defend. microbes receive compounds. plants protect pathogens. plants exchange chemical signals. plants communicate through vibrations. plants enhance health. chemical signals convey messages. plants warn danger. plants support species. plants preserving nature. plants communicate through touch. organisms are perceived as grow. volatile organic compounds warn neighboring. defensive chemicals deter herbivores. organisms are perceived as photosynthesize. plants improve uptake. plants exchange nutrients. roots are part of network. plants interact diverse. plants form beneficial. plants are sustainable. plants are perceived as passive. plants sheds light on intricacies. plants survive and thrive in ecosystems. plants have developed intricate. plants attract nitrogen-fixing bacteria. plants sense wind. plants transfer resources. plants are communicative. plants promote understanding. pollinators receive pollen. plants communicate with organisms. plants preserving balance. plants enhance growth. plants demonstrate cooperation. plants produce defensive chemicals. plants communicate through physical cues. microbes receive sugars. plants demonstrate mutual support. plants enhance resilience. plants preserving delicate. plants release volatile organic compounds. plants are participants. plants increase production. plants ensure reproduction. plants interact with soil. plants minimize damage. plants exchange water. plants detect shaken. volatile organic compounds are chemical signals. plants triggering adapt. plants are under attack. plants are complex. plants harnessing power. plants attract pollinators. plants adjust patterns. chemical signals travel through air. plants are interconnectedness. plants interact networks. plants communicate through rhizosphere communication. plants release root exudates. plants communicate with insects. plants communicate through roots. plants are active. plants are perceived as silent. pollinators receive nectar. plants communicate with microbes. plants optimize chances. network is fungal threads. network is underground. roots are part of network. network is mycorrhizal networks.",
    "evaluation": 1
  },
  {
    "correct_answer": "Mycorrhizal networks enable plants to exchange nutrients, water, and chemical signals.",
    "retrieved_context": "plant-to-plant signaling coordinate responses. plant-to-plant signaling helps defend. microbes receive compounds. plants protect pathogens. plants exchange chemical signals. plants communicate through vibrations. plants enhance health. chemical signals convey messages. plants warn danger. plants support species. plants preserving nature. plants communicate through touch. organisms are perceived as grow. volatile organic compounds warn neighboring. defensive chemicals deter herbivores. organisms are perceived as photosynthesize. plants improve uptake. plants exchange nutrients. roots are part of network. plants interact diverse. plants form beneficial. plants are sustainable. plants are perceived as passive. plants sheds light on intricacies. plants survive and thrive in ecosystems. plants have developed intricate. plants attract nitrogen-fixing bacteria. plants sense wind. plants transfer resources. plants are communicative. plants promote understanding. pollinators receive pollen. plants communicate with organisms. plants preserving balance. plants enhance growth. plants demonstrate cooperation. plants produce defensive chemicals. plants communicate through physical cues. microbes receive sugars. plants demonstrate mutual support. plants enhance resilience. plants preserving delicate. plants release volatile organic compounds. plants are participants. plants increase production. plants ensure reproduction. plants interact with soil. plants minimize damage. plants exchange water. plants detect shaken. volatile organic compounds are chemical signals. plants triggering adapt. plants are under attack. plants are complex. plants harnessing power. plants attract pollinators. plants adjust patterns. chemical signals travel through air. plants are interconnectedness. plants interact networks. plants communicate through rhizosphere communication. plants release root exudates. plants communicate with insects. plants communicate through roots. plants are active. plants are perceived as silent. pollinators receive nectar. plants communicate with microbes. plants optimize chances.",
    "evaluation": 1
  },
  {
    "correct_answer": "Plants can transfer resources to neighboring plants through mycorrhizal networks.",
    "retrieved_context": "microbes receive compounds. plants protect pathogens. plants exchange chemical signals. plants communicate through vibrations. plants enhance health. chemical signals convey messages. plants warn danger. plants support species. plants preserving nature. plants communicate through touch. organisms are perceived as grow. volatile organic compounds warn neighboring. defensive chemicals deter herbivores. organisms are perceived as photosynthesize. plants improve uptake. plants exchange nutrients. roots are part of network. plants interact diverse. plants form beneficial. plants are sustainable. plants are perceived as passive. plants sheds light on intricacies. plants survive and thrive in ecosystems. plants have developed intricate. plants attract nitrogen-fixing bacteria. plants sense wind. plants transfer resources. plants are communicative. plants promote understanding. pollinators receive pollen. plants communicate with organisms. plants preserving balance. plants enhance growth. plants demonstrate cooperation. plants produce defensive chemicals. plants communicate through physical cues. microbes receive sugars. plants demonstrate mutual support. plants enhance resilience. plants preserving delicate. plants release volatile organic compounds. plants are participants. plants increase production. plants ensure reproduction. plants interact with soil. plants minimize damage. plants exchange water. plants detect shaken. volatile organic compounds are chemical signals. plants triggering adapt. plants are under attack. plants are complex. plants harnessing power. plants attract pollinators. plants adjust patterns. chemical signals travel through air. plants are interconnectedness. plants interact networks. plants communicate through rhizosphere communication. plants release root exudates. plants communicate with insects. plants communicate through roots. plants are active. plants are perceived as silent. pollinators receive nectar. plants communicate with microbes. plants optimize chances. plant-to-plant signaling coordinate responses. plant-to-plant signaling helps defend.",
    "evaluation": 0
  },
  {
    "correct_answer": "Plants release chemicals to attract pollinators for successful reproduction.",
    "retrieved_context": "plant-to-plant signaling coordinate responses. plant-to-plant signaling helps defend. nectar is food source. pollen is food source. pollinators receive nectar. pollinators receive pollen. microbes receive compounds. plants protect pathogens. plants exchange chemical signals. plants communicate through vibrations. plants enhance health. chemical signals convey messages. plants warn danger. plants support species. plants preserving nature. plants communicate through touch. organisms are perceived as grow. volatile organic compounds warn neighboring. defensive chemicals deter herbivores. organisms are perceived as photosynthesize. plants improve uptake. plants exchange nutrients. roots are part of network. plants interact diverse. plants form beneficial. plants are sustainable. plants are perceived as passive. plants sheds light on intricacies. plants survive and thrive in ecosystems. plants have developed intricate. plants attract nitrogen-fixing bacteria. plants sense wind. plants transfer resources. plants are communicative. plants promote understanding. pollinators receive pollen. plants communicate with organisms. plants preserving balance. plants enhance growth. plants demonstrate cooperation. plants produce defensive chemicals. plants communicate through physical cues. microbes receive sugars. plants demonstrate mutual support. plants enhance resilience. plants preserving delicate. plants release volatile organic compounds. plants are participants. plants increase production. plants ensure reproduction. plants interact with soil. plants minimize damage. plants exchange water. plants detect shaken. volatile organic compounds are chemical signals. plants triggering adapt. plants are under attack. plants are complex. plants harnessing power. plants attract pollinators. plants adjust patterns. chemical signals travel through air. plants are interconnectedness. plants interact networks. plants communicate through rhizosphere communication. plants release root exudates. plants communicate with insects. plants communicate through roots. plants are active. plants are perceived as silent. pollinators receive nectar. plants communicate with microbes. plants optimize chances. pollen is food source. organisms are perceived as photosynthesize. organisms are perceived as grow.",
    "evaluation": 1
  },
  {
    "correct_answer": "Pollinators receive nectar or pollen as a food source from plants.",
    "retrieved_context": "nectar is food source. pollen is food source. pollinators receive nectar. pollinators receive pollen. pollen is food source. nectar is food source. microbes receive compounds. plants protect pathogens. plants exchange chemical signals. plants communicate through vibrations. plants enhance health. chemical signals convey messages. plants warn danger. plants support species. plants preserving nature. plants communicate through touch. organisms are perceived as grow. volatile organic compounds warn neighboring. defensive chemicals deter herbivores. organisms are perceived as photosynthesize. plants improve uptake. plants exchange nutrients. roots are part of network. plants interact diverse. plants form beneficial. plants are sustainable. plants are perceived as passive. plants sheds light on intricacies. plants survive and thrive in ecosystems. plants have developed intricate. plants attract nitrogen-fixing bacteria. plants sense wind. plants transfer resources. plants are communicative. plants promote understanding. pollinators receive pollen. plants communicate with organisms. plants preserving balance. plants enhance growth. plants demonstrate cooperation. plants produce defensive chemicals. plants communicate through physical cues. microbes receive sugars. plants demonstrate mutual support. plants enhance resilience. plants preserving delicate. plants release volatile organic compounds. plants are participants. plants increase production. plants ensure reproduction. plants interact with soil. plants minimize damage. plants exchange water. plants detect shaken. volatile organic compounds are chemical signals. plants triggering adapt. plants are under attack. plants are complex. plants harnessing power. plants attract pollinators. plants adjust patterns. chemical signals travel through air. plants are interconnectedness. plants interact networks. plants communicate through rhizosphere communication. plants release root exudates. plants communicate with insects. plants communicate through roots. plants are active. plants are perceived as silent. pollinators receive nectar. plants communicate with microbes. plants optimize chances. plant-to-plant signaling coordinate responses. plant-to-plant signaling helps defend.",
    "evaluation": 1
  },
  {
    "correct_answer": "Plants interact with beneficial microbes in the soil through rhizosphere communication.",
    "retrieved_context": "microbes receive compounds. microbes receive sugars. plant-to-plant signaling coordinate responses. plant-to-plant signaling helps defend. microbes receive compounds. plants protect pathogens. plants exchange chemical signals. plants communicate through vibrations. plants enhance health. chemical signals convey messages. plants warn danger. plants support species. plants preserving nature. plants communicate through touch. organisms are perceived as grow. volatile organic compounds warn neighboring. defensive chemicals deter herbivores. organisms are perceived as photosynthesize. plants improve uptake. plants exchange nutrients. roots are part of network. plants interact diverse. plants form beneficial. plants are sustainable. plants are perceived as passive. plants sheds light on intricacies. plants survive and thrive in ecosystems. plants have developed intricate. plants attract nitrogen-fixing bacteria. plants sense wind. plants transfer resources. plants are communicative. plants promote understanding. pollinators receive pollen. plants communicate with organisms. plants preserving balance. plants enhance growth. plants demonstrate cooperation. plants produce defensive chemicals. plants communicate through physical cues. microbes receive sugars. plants demonstrate mutual support. plants enhance resilience. plants preserving delicate. plants release volatile organic compounds. plants are participants. plants increase production. plants ensure reproduction. plants interact with soil. plants minimize damage. plants exchange water. plants detect shaken. volatile organic compounds are chemical signals. plants triggering adapt. plants are under attack. plants are complex. plants harnessing power. plants attract pollinators. plants adjust patterns. chemical signals travel through air. plants are interconnectedness. plants interact networks. plants communicate through rhizosphere communication. plants release root exudates. plants communicate with insects. plants communicate through roots. plants are active. plants are perceived as silent. pollinators receive nectar. plants communicate with microbes. plants optimize chances. organisms are perceived as photosynthesize. organisms are perceived as grow.",
    "evaluation": 1
  },
  {
    "correct_answer": "Rhizosphere communication involves plants releasing root exudates to attract beneficial microbes.",
    "retrieved_context": "plant-to-plant signaling coordinate responses. plant-to-plant signaling helps defend. microbes receive compounds. microbes receive sugars. microbes receive compounds. plants protect pathogens. plants exchange chemical signals. plants communicate through vibrations. plants enhance health. chemical signals convey messages. plants warn danger. plants support species. plants preserving nature. plants communicate through touch. organisms are perceived as grow. volatile organic compounds warn neighboring. defensive chemicals deter herbivores. organisms are perceived as photosynthesize. plants improve uptake. plants exchange nutrients. roots are part of network. plants interact diverse. plants form beneficial. plants are sustainable. plants are perceived as passive. plants sheds light on intricacies. plants survive and thrive in ecosystems. plants have developed intricate. plants attract nitrogen-fixing bacteria. plants sense wind. plants transfer resources. plants are communicative. plants promote understanding. pollinators receive pollen. plants communicate with organisms. plants preserving balance. plants enhance growth. plants demonstrate cooperation. plants produce defensive chemicals. plants communicate through physical cues. microbes receive sugars. plants demonstrate mutual support. plants enhance resilience. plants preserving delicate. plants release volatile organic compounds. plants are participants. plants increase production. plants ensure reproduction. plants interact with soil. plants minimize damage. plants exchange water. plants detect shaken. volatile organic compounds are chemical signals. plants triggering adapt. plants are under attack. plants are complex. plants harnessing power. plants attract pollinators. plants adjust patterns. chemical signals travel through air. plants are interconnectedness. plants interact networks. plants communicate through rhizosphere communication. plants release root exudates. plants communicate with insects. plants communicate through roots. plants are active. plants are perceived as silent. pollinators receive nectar. plants communicate with microbes. plants optimize chances.",
    "evaluation": 1
  },
  {
    "correct_answer": "Plants can detect touch and vibrations as physical cues for adaptation.",
    "retrieved_context": "plant-to-plant signaling coordinate responses. plant-to-plant signaling helps defend. microbes receive compounds. plants protect pathogens. plants exchange chemical signals. plants communicate through vibrations. plants enhance health. chemical signals convey messages. plants warn danger. plants support species. plants preserving nature. plants communicate through touch. organisms are perceived as grow. volatile organic compounds warn neighboring. defensive chemicals deter herbivores. organisms are perceived as photosynthesize. plants improve uptake. plants exchange nutrients. roots are part of network. plants interact diverse. plants form beneficial. plants are sustainable. plants are perceived as passive. plants sheds light on intricacies. plants survive and thrive in ecosystems. plants have developed intricate. plants attract nitrogen-fixing bacteria. plants sense wind. plants transfer resources. plants are communicative. plants promote understanding. pollinators receive pollen. plants communicate with organisms. plants preserving balance. plants enhance growth. plants demonstrate cooperation. plants produce defensive chemicals. plants communicate through physical cues. microbes receive sugars. plants demonstrate mutual support. plants enhance resilience. plants preserving delicate. plants release volatile organic compounds. plants are participants. plants increase production. plants ensure reproduction. plants interact with soil. plants minimize damage. plants exchange water. plants detect shaken. volatile organic compounds are chemical signals. plants triggering adapt. plants are under attack. plants are complex. plants harnessing power. plants attract pollinators. plants adjust patterns. chemical signals travel through air. plants are interconnectedness. plants interact networks. plants communicate through rhizosphere communication. plants release root exudates. plants communicate with insects. plants communicate through roots. plants are active. plants are perceived as silent. pollinators receive nectar. plants communicate with microbes. plants optimize chances.",
    "evaluation": 1
  },
  {
    "correct_answer": "Touching a plant may trigger the release of defensive chemicals.",
    "retrieved_context": "defensive chemicals deter herbivores. plant-to-plant signaling coordinate responses. plant-to-plant signaling helps defend. microbes receive compounds. plants protect pathogens. plants exchange chemical signals. plants communicate through vibrations. plants enhance health. chemical signals convey messages. plants warn danger. plants support species. plants preserving nature. plants communicate through touch. organisms are perceived as grow. volatile organic compounds warn neighboring. defensive chemicals deter herbivores. organisms are perceived as photosynthesize. plants improve uptake. plants exchange nutrients. roots are part of network. plants interact diverse. plants form beneficial. plants are sustainable. plants are perceived as passive. plants sheds light on intricacies. plants survive and thrive in ecosystems. plants have developed intricate. plants attract nitrogen-fixing bacteria. plants sense wind. plants transfer resources. plants are communicative. plants promote understanding. pollinators receive pollen. plants communicate with organisms. plants preserving balance. plants enhance growth. plants demonstrate cooperation. plants produce defensive chemicals. plants communicate through physical cues. microbes receive sugars. plants demonstrate mutual support. plants enhance resilience. plants preserving delicate. plants release volatile organic compounds. plants are participants. plants increase production. plants ensure reproduction. plants interact with soil. plants minimize damage. plants exchange water. plants detect shaken. volatile organic compounds are chemical signals. plants triggering adapt. plants are under attack. plants are complex. plants harnessing power. plants attract pollinators. plants adjust patterns. chemical signals travel through air. plants are interconnectedness. plants interact networks. plants communicate through rhizosphere communication. plants release root exudates. plants communicate with insects. plants communicate through roots. plants are active. plants are perceived as silent. pollinators receive nectar. plants communicate with microbes. plants optimize chances. chemical signals convey messages. chemical signals travel through air. pollen is food source.",
    "evaluation": 0
  },
  {
    "correct_answer": "Plants can sense vibrations caused by wind or nearby organisms.",
    "retrieved_context": "microbes receive compounds. plants protect pathogens. plants exchange chemical signals. plants communicate through vibrations. plants enhance health. chemical signals convey messages. plants warn danger. plants support species. plants preserving nature. plants communicate through touch. organisms are perceived as grow. volatile organic compounds warn neighboring. defensive chemicals deter herbivores. organisms are perceived as photosynthesize. plants improve uptake. plants exchange nutrients. roots are part of network. plants interact diverse. plants form beneficial. plants are sustainable. plants are perceived as passive. plants sheds light on intricacies. plants survive and thrive in ecosystems. plants have developed intricate. plants attract nitrogen-fixing bacteria. plants sense wind. plants transfer resources. plants are communicative. plants promote understanding. pollinators receive pollen. plants communicate with organisms. plants preserving balance. plants enhance growth. plants demonstrate cooperation. plants produce defensive chemicals. plants communicate through physical cues. microbes receive sugars. plants demonstrate mutual support. plants enhance resilience. plants preserving delicate. plants release volatile organic compounds. plants are participants. plants increase production. plants ensure reproduction. plants interact with soil. plants minimize damage. plants exchange water. plants detect shaken. volatile organic compounds are chemical signals. plants triggering adapt. plants are under attack. plants are complex. plants harnessing power. plants attract pollinators. plants adjust patterns. chemical signals travel through air. plants are interconnectedness. plants interact networks. plants communicate through rhizosphere communication. plants release root exudates. plants communicate with insects. plants communicate through roots. plants are active. plants are perceived as silent. pollinators receive nectar. plants communicate with microbes. plants optimize chances. plant-to-plant signaling coordinate responses. plant-to-plant signaling helps defend. organisms are perceived as photosynthesize. organisms are perceived as grow.",
    "evaluation": 1
  },
  {
    "correct_answer": "Plants interact with their environment through chemical, physical, and microbial signals.",
    "retrieved_context": "plant-to-plant signaling coordinate responses. plant-to-plant signaling helps defend. microbes receive compounds. plants protect pathogens. plants exchange chemical signals. plants communicate through vibrations. plants enhance health. chemical signals convey messages. plants warn danger. plants support species. plants preserving nature. plants communicate through touch. organisms are perceived as grow. volatile organic compounds warn neighboring. defensive chemicals deter herbivores. organisms are perceived as photosynthesize. plants improve uptake. plants exchange nutrients. roots are part of network. plants interact diverse. plants form beneficial. plants are sustainable. plants are perceived as passive. plants sheds light on intricacies. plants survive and thrive in ecosystems. plants have developed intricate. plants attract nitrogen-fixing bacteria. plants sense wind. plants transfer resources. plants are communicative. plants promote understanding. pollinators receive pollen. plants communicate with organisms. plants preserving balance. plants enhance growth. plants demonstrate cooperation. plants produce defensive chemicals. plants communicate through physical cues. microbes receive sugars. plants demonstrate mutual support. plants enhance resilience. plants preserving delicate. plants release volatile organic compounds. plants are participants. plants increase production. plants ensure reproduction. plants interact with soil. plants minimize damage. plants exchange water. plants detect shaken. volatile organic compounds are chemical signals. plants triggering adapt. plants are under attack. plants are complex. plants harnessing power. plants attract pollinators. plants adjust patterns. chemical signals travel through air. plants are interconnectedness. plants interact networks. plants communicate through rhizosphere communication. plants release root exudates. plants communicate with insects. plants communicate through roots. plants are active. plants are perceived as silent. pollinators receive nectar. plants communicate with microbes. plants optimize chances. chemical signals convey messages. chemical signals travel through air. organisms are perceived as photosynthesize. organisms are perceived as grow. microbes receive compounds. microbes receive sugars.",
    "evaluation": 1
  },
  {
    "correct_answer": "Studying plant communication reveals the complexity of plant behavior and interactions.",
    "retrieved_context": "plant-to-plant signaling coordinate responses. plant-to-plant signaling helps defend. microbes receive compounds. plants protect pathogens. plants exchange chemical signals. plants communicate through vibrations. plants enhance health. chemical signals convey messages. plants warn danger. plants support species. plants preserving nature. plants communicate through touch. organisms are perceived as grow. volatile organic compounds warn neighboring. defensive chemicals deter herbivores. organisms are perceived as photosynthesize. plants improve uptake. plants exchange nutrients. roots are part of network. plants interact diverse. plants form beneficial. plants are sustainable. plants are perceived as passive. plants sheds light on intricacies. plants survive and thrive in ecosystems. plants have developed intricate. plants attract nitrogen-fixing bacteria. plants sense wind. plants transfer resources. plants are communicative. plants promote understanding. pollinators receive pollen. plants communicate with organisms. plants preserving balance. plants enhance growth. plants demonstrate cooperation. plants produce defensive chemicals. plants communicate through physical cues. microbes receive sugars. plants demonstrate mutual support. plants enhance resilience. plants preserving delicate. plants release volatile organic compounds. plants are participants. plants increase production. plants ensure reproduction. plants interact with soil. plants minimize damage. plants exchange water. plants detect shaken. volatile organic compounds are chemical signals. plants triggering adapt. plants are under attack. plants are complex. plants harnessing power. plants attract pollinators. plants adjust patterns. chemical signals travel through air. plants are interconnectedness. plants interact networks. plants communicate through rhizosphere communication. plants release root exudates. plants communicate with insects. plants communicate through roots. plants are active. plants are perceived as silent. pollinators receive nectar. plants communicate with microbes. plants optimize chances.",
    "evaluation": 1
  },
  {
    "accuracy": "86.67%"
  }
]