[
  {
    "correct_answer": "Cryptocurrencies revolutionized the way we think about money and transactions.",
    "retrieved_context": "cryptocurrencies offer banking services. cryptocurrencies enhance security. cryptocurrencies are volatile. cryptocurrencies are decentralized. cryptocurrencies impact finance. cryptocurrencies present opportunities for profit. cryptocurrencies enhance privacy. cryptocurrencies operate on peer-to-peer network. cryptocurrencies are digital assets. cryptocurrencies provide control over funds. cryptocurrencies taken by storm financial world. cryptocurrencies offer potential for innovation. cryptocurrencies face challenges. cryptocurrencies face uncertainties. cryptocurrencies empower communities. cryptocurrencies concern tax evasion. cryptocurrencies offer potential for financial inclusion. cryptocurrencies adopt digital currencies. cryptocurrencies concern money laundering. cryptocurrencies concern consumer protection. cryptocurrencies pose risks. cryptocurrencies revolutionizing money. cryptocurrencies attract speculators. cryptocurrencies revolutionizing transactions. cryptocurrencies attract investors. cryptocurrencies drive economic growth. cryptocurrencies gain adoption. cryptocurrencies become a player in global economy. cryptocurrencies are asset class. cryptocurrencies gain acceptance. cryptocurrencies adopt investments. bitcoin created by satoshi nakamoto. cryptocurrencies offer banking services. cryptocurrencies enhance security. blockchain ensures transparency. cryptocurrencies are volatile. cryptocurrencies are decentralized. cryptocurrencies impact finance. cryptocurrencies present opportunities for profit. cryptocurrencies enhance privacy. cryptocurrencies operate on peer-to-peer network. cryptocurrencies are digital assets. cryptocurrencies provide control over funds. cryptocurrencies taken by storm financial world. blockchain underpins cryptocurrencies. cryptocurrencies offer potential for innovation. cryptocurrencies face challenges. cryptocurrencies face uncertainties. blockchain ensures immutability. cryptocurrencies concern tax evasion. cryptocurrencies empower communities. blockchain builds trust. cryptocurrencies offer potential for financial inclusion. blockchain builds confidence. cryptocurrencies adopt digital currencies. cryptocurrencies concern money laundering. cryptocurrencies concern consumer protection. cryptocurrencies pose risks. cryptocurrencies revolutionizing money. cryptocurrencies attract speculators. cryptocurrencies revolutionizing transactions. cryptocurrencies attract investors. cryptocurrencies drive economic growth. blockchain is distributed ledger. cryptocurrencies gain adoption. cryptocurrencies become a player in global economy. cryptocurrencies are asset class. cryptocurrencies gain acceptance. cryptocurrencies adopt investments. governments grappling with regulation. fiat currencies controlled by governments. fiat currencies controlled by central banks.",
    "evaluation": 1
  },
  {
    "correct_answer": "Bitcoin was created in 2009 by an anonymous individual or group known as Satoshi Nakamoto.",
    "retrieved_context": "bitcoin created by satoshi nakamoto. cryptocurrencies offer banking services. cryptocurrencies enhance security. blockchain ensures transparency. cryptocurrencies are volatile. cryptocurrencies are decentralized. cryptocurrencies impact finance. cryptocurrencies present opportunities for profit. cryptocurrencies enhance privacy. cryptocurrencies operate on peer-to-peer network. cryptocurrencies are digital assets. cryptocurrencies provide control over funds. cryptocurrencies taken by storm financial world. blockchain underpins cryptocurrencies. cryptocurrencies offer potential for innovation. cryptocurrencies face challenges. cryptocurrencies face uncertainties. blockchain ensures immutability. cryptocurrencies concern tax evasion. cryptocurrencies empower communities. blockchain builds trust. cryptocurrencies offer potential for financial inclusion. blockchain builds confidence. cryptocurrencies adopt digital currencies. cryptocurrencies concern money laundering. cryptocurrencies concern consumer protection. cryptocurrencies pose risks. cryptocurrencies revolutionizing money. cryptocurrencies attract speculators. cryptocurrencies revolutionizing transactions. cryptocurrencies attract investors. cryptocurrencies drive economic growth. blockchain is distributed ledger. cryptocurrencies gain adoption. cryptocurrencies become a player in global economy. cryptocurrencies are asset class. cryptocurrencies gain acceptance. cryptocurrencies adopt investments. cryptocurrencies offer banking services. cryptocurrencies enhance security. cryptocurrencies are volatile. cryptocurrencies are decentralized. cryptocurrencies impact finance. cryptocurrencies present opportunities for profit. cryptocurrencies enhance privacy. cryptocurrencies operate on peer-to-peer network. cryptocurrencies are digital assets. cryptocurrencies provide control over funds. cryptocurrencies taken by storm financial world. cryptocurrencies offer potential for innovation. cryptocurrencies face challenges. cryptocurrencies face uncertainties. cryptocurrencies empower communities. cryptocurrencies concern tax evasion. cryptocurrencies offer potential for financial inclusion. cryptocurrencies adopt digital currencies. cryptocurrencies concern money laundering. cryptocurrencies concern consumer protection. cryptocurrencies pose risks. cryptocurrencies revolutionizing money. cryptocurrencies attract speculators. cryptocurrencies revolutionizing transactions. cryptocurrencies attract investors. cryptocurrencies drive economic growth. cryptocurrencies gain adoption. cryptocurrencies become a player in global economy. cryptocurrencies are asset class. cryptocurrencies gain acceptance. cryptocurrencies adopt investments. governments grappling with regulation. fiat currencies controlled by governments. fiat currencies controlled by central banks.",
    "evaluation": 0
  },
  {
    "correct_answer": "Cryptocurrencies have become a significant player in the global economy.",
    "retrieved_context": "cryptocurrencies offer banking services. cryptocurrencies enhance security. cryptocurrencies are volatile. cryptocurrencies are decentralized. cryptocurrencies impact finance. cryptocurrencies present opportunities for profit. cryptocurrencies enhance privacy. cryptocurrencies operate on peer-to-peer network. cryptocurrencies are digital assets. cryptocurrencies provide control over funds. cryptocurrencies taken by storm financial world. cryptocurrencies offer potential for innovation. cryptocurrencies face challenges. cryptocurrencies face uncertainties. cryptocurrencies empower communities. cryptocurrencies concern tax evasion. cryptocurrencies offer potential for financial inclusion. cryptocurrencies adopt digital currencies. cryptocurrencies concern money laundering. cryptocurrencies concern consumer protection. cryptocurrencies pose risks. cryptocurrencies revolutionizing money. cryptocurrencies attract speculators. cryptocurrencies revolutionizing transactions. cryptocurrencies attract investors. cryptocurrencies drive economic growth. cryptocurrencies gain adoption. cryptocurrencies become a player in global economy. cryptocurrencies are asset class. cryptocurrencies gain acceptance. cryptocurrencies adopt investments. bitcoin created by satoshi nakamoto. governments grappling with regulation. fiat currencies controlled by governments. fiat currencies controlled by central banks. cryptocurrencies offer banking services. cryptocurrencies enhance security. blockchain ensures transparency. cryptocurrencies are volatile. cryptocurrencies are decentralized. cryptocurrencies impact finance. cryptocurrencies present opportunities for profit. cryptocurrencies enhance privacy. cryptocurrencies operate on peer-to-peer network. cryptocurrencies are digital assets. cryptocurrencies provide control over funds. cryptocurrencies taken by storm financial world. blockchain underpins cryptocurrencies. cryptocurrencies offer potential for innovation. cryptocurrencies face challenges. cryptocurrencies face uncertainties. blockchain ensures immutability. cryptocurrencies concern tax evasion. cryptocurrencies empower communities. blockchain builds trust. cryptocurrencies offer potential for financial inclusion. blockchain builds confidence. cryptocurrencies adopt digital currencies. cryptocurrencies concern money laundering. cryptocurrencies concern consumer protection. cryptocurrencies pose risks. cryptocurrencies revolutionizing money. cryptocurrencies attract speculators. cryptocurrencies revolutionizing transactions. cryptocurrencies attract investors. cryptocurrencies drive economic growth. blockchain is distributed ledger. cryptocurrencies gain adoption. cryptocurrencies become a player in global economy. cryptocurrencies are asset class. cryptocurrencies gain acceptance. cryptocurrencies adopt investments.",
    "evaluation": 1
  },
  {
    "correct_answer": "Cryptocurrencies are decentralized digital assets.",
    "retrieved_context": "cryptocurrencies offer banking services. cryptocurrencies enhance security. cryptocurrencies are volatile. cryptocurrencies are decentralized. cryptocurrencies impact finance. cryptocurrencies present opportunities for profit. cryptocurrencies enhance privacy. cryptocurrencies operate on peer-to-peer network. cryptocurrencies are digital assets. cryptocurrencies provide control over funds. cryptocurrencies taken by storm financial world. cryptocurrencies offer potential for innovation. cryptocurrencies face challenges. cryptocurrencies face uncertainties. cryptocurrencies empower communities. cryptocurrencies concern tax evasion. cryptocurrencies offer potential for financial inclusion. cryptocurrencies adopt digital currencies. cryptocurrencies concern money laundering. cryptocurrencies concern consumer protection. cryptocurrencies pose risks. cryptocurrencies revolutionizing money. cryptocurrencies attract speculators. cryptocurrencies revolutionizing transactions. cryptocurrencies attract investors. cryptocurrencies drive economic growth. cryptocurrencies gain adoption. cryptocurrencies become a player in global economy. cryptocurrencies are asset class. cryptocurrencies gain acceptance. cryptocurrencies adopt investments. bitcoin created by satoshi nakamoto. cryptocurrencies offer banking services. cryptocurrencies enhance security. blockchain ensures transparency. cryptocurrencies are volatile. cryptocurrencies are decentralized. cryptocurrencies impact finance. cryptocurrencies present opportunities for profit. cryptocurrencies enhance privacy. cryptocurrencies operate on peer-to-peer network. cryptocurrencies are digital assets. cryptocurrencies provide control over funds. cryptocurrencies taken by storm financial world. blockchain underpins cryptocurrencies. cryptocurrencies offer potential for innovation. cryptocurrencies face challenges. cryptocurrencies face uncertainties. blockchain ensures immutability. cryptocurrencies concern tax evasion. cryptocurrencies empower communities. blockchain builds trust. cryptocurrencies offer potential for financial inclusion. blockchain builds confidence. cryptocurrencies adopt digital currencies. cryptocurrencies concern money laundering. cryptocurrencies concern consumer protection. cryptocurrencies pose risks. cryptocurrencies revolutionizing money. cryptocurrencies attract speculators. cryptocurrencies revolutionizing transactions. cryptocurrencies attract investors. cryptocurrencies drive economic growth. blockchain is distributed ledger. cryptocurrencies gain adoption. cryptocurrencies become a player in global economy. cryptocurrencies are asset class. cryptocurrencies gain acceptance. cryptocurrencies adopt investments.",
    "evaluation": 1
  },
  {
    "correct_answer": "Cryptocurrencies operate on a peer-to-peer network.",
    "retrieved_context": "cryptocurrencies offer banking services. cryptocurrencies enhance security. cryptocurrencies are volatile. cryptocurrencies are decentralized. cryptocurrencies impact finance. cryptocurrencies present opportunities for profit. cryptocurrencies enhance privacy. cryptocurrencies operate on peer-to-peer network. cryptocurrencies are digital assets. cryptocurrencies provide control over funds. cryptocurrencies taken by storm financial world. cryptocurrencies offer potential for innovation. cryptocurrencies face challenges. cryptocurrencies face uncertainties. cryptocurrencies empower communities. cryptocurrencies concern tax evasion. cryptocurrencies offer potential for financial inclusion. cryptocurrencies adopt digital currencies. cryptocurrencies concern money laundering. cryptocurrencies concern consumer protection. cryptocurrencies pose risks. cryptocurrencies revolutionizing money. cryptocurrencies attract speculators. cryptocurrencies revolutionizing transactions. cryptocurrencies attract investors. cryptocurrencies drive economic growth. cryptocurrencies gain adoption. cryptocurrencies become a player in global economy. cryptocurrencies are asset class. cryptocurrencies gain acceptance. cryptocurrencies adopt investments. cryptocurrencies offer banking services. cryptocurrencies enhance security. blockchain ensures transparency. cryptocurrencies are volatile. cryptocurrencies are decentralized. cryptocurrencies impact finance. cryptocurrencies present opportunities for profit. cryptocurrencies enhance privacy. cryptocurrencies operate on peer-to-peer network. cryptocurrencies are digital assets. cryptocurrencies provide control over funds. cryptocurrencies taken by storm financial world. blockchain underpins cryptocurrencies. cryptocurrencies offer potential for innovation. cryptocurrencies face challenges. cryptocurrencies face uncertainties. blockchain ensures immutability. cryptocurrencies concern tax evasion. cryptocurrencies empower communities. blockchain builds trust. cryptocurrencies offer potential for financial inclusion. blockchain builds confidence. cryptocurrencies adopt digital currencies. cryptocurrencies concern money laundering. cryptocurrencies concern consumer protection. cryptocurrencies pose risks. cryptocurrencies revolutionizing money. cryptocurrencies attract speculators. cryptocurrencies revolutionizing transactions. cryptocurrencies attract investors. cryptocurrencies drive economic growth. blockchain is distributed ledger. cryptocurrencies gain adoption. cryptocurrencies become a player in global economy. cryptocurrencies are asset class. cryptocurrencies gain acceptance. cryptocurrencies adopt investments. bitcoin created by satoshi nakamoto. smart contracts execute conditions. smart contracts written into code. smart contracts are self-executing.",
    "evaluation": 1
  },
  {
    "correct_answer": "Transactions occur directly between users without intermediaries in cryptocurrencies.",
    "retrieved_context": "cryptocurrencies offer banking services. cryptocurrencies enhance security. cryptocurrencies are volatile. cryptocurrencies are decentralized. cryptocurrencies impact finance. cryptocurrencies present opportunities for profit. cryptocurrencies enhance privacy. cryptocurrencies operate on peer-to-peer network. cryptocurrencies are digital assets. cryptocurrencies provide control over funds. cryptocurrencies taken by storm financial world. cryptocurrencies offer potential for innovation. cryptocurrencies face challenges. cryptocurrencies face uncertainties. cryptocurrencies empower communities. cryptocurrencies concern tax evasion. cryptocurrencies offer potential for financial inclusion. cryptocurrencies adopt digital currencies. cryptocurrencies concern money laundering. cryptocurrencies concern consumer protection. cryptocurrencies pose risks. cryptocurrencies revolutionizing money. cryptocurrencies attract speculators. cryptocurrencies revolutionizing transactions. cryptocurrencies attract investors. cryptocurrencies drive economic growth. cryptocurrencies gain adoption. cryptocurrencies become a player in global economy. cryptocurrencies are asset class. cryptocurrencies gain acceptance. cryptocurrencies adopt investments. cryptocurrencies offer banking services. cryptocurrencies enhance security. blockchain ensures transparency. cryptocurrencies are volatile. cryptocurrencies are decentralized. cryptocurrencies impact finance. cryptocurrencies present opportunities for profit. cryptocurrencies enhance privacy. cryptocurrencies operate on peer-to-peer network. cryptocurrencies are digital assets. cryptocurrencies provide control over funds. cryptocurrencies taken by storm financial world. blockchain underpins cryptocurrencies. cryptocurrencies offer potential for innovation. cryptocurrencies face challenges. cryptocurrencies face uncertainties. blockchain ensures immutability. cryptocurrencies concern tax evasion. cryptocurrencies empower communities. blockchain builds trust. cryptocurrencies offer potential for financial inclusion. blockchain builds confidence. cryptocurrencies adopt digital currencies. cryptocurrencies concern money laundering. cryptocurrencies concern consumer protection. cryptocurrencies pose risks. cryptocurrencies revolutionizing money. cryptocurrencies attract speculators. cryptocurrencies revolutionizing transactions. cryptocurrencies attract investors. cryptocurrencies drive economic growth. blockchain is distributed ledger. cryptocurrencies gain adoption. cryptocurrencies become a player in global economy. cryptocurrencies are asset class. cryptocurrencies gain acceptance. cryptocurrencies adopt investments.",
    "evaluation": 0
  },
  {
    "correct_answer": "Decentralization provides users with more control over their funds in cryptocurrencies.",
    "retrieved_context": "cryptocurrencies offer banking services. cryptocurrencies enhance security. cryptocurrencies are volatile. cryptocurrencies are decentralized. cryptocurrencies impact finance. cryptocurrencies present opportunities for profit. cryptocurrencies enhance privacy. cryptocurrencies operate on peer-to-peer network. cryptocurrencies are digital assets. cryptocurrencies provide control over funds. cryptocurrencies taken by storm financial world. cryptocurrencies offer potential for innovation. cryptocurrencies face challenges. cryptocurrencies face uncertainties. cryptocurrencies empower communities. cryptocurrencies concern tax evasion. cryptocurrencies offer potential for financial inclusion. cryptocurrencies adopt digital currencies. cryptocurrencies concern money laundering. cryptocurrencies concern consumer protection. cryptocurrencies pose risks. cryptocurrencies revolutionizing money. cryptocurrencies attract speculators. cryptocurrencies revolutionizing transactions. cryptocurrencies attract investors. cryptocurrencies drive economic growth. cryptocurrencies gain adoption. cryptocurrencies become a player in global economy. cryptocurrencies are asset class. cryptocurrencies gain acceptance. cryptocurrencies adopt investments. cryptocurrencies offer banking services. cryptocurrencies enhance security. blockchain ensures transparency. cryptocurrencies are volatile. cryptocurrencies are decentralized. cryptocurrencies impact finance. cryptocurrencies present opportunities for profit. cryptocurrencies enhance privacy. cryptocurrencies operate on peer-to-peer network. cryptocurrencies are digital assets. cryptocurrencies provide control over funds. cryptocurrencies taken by storm financial world. blockchain underpins cryptocurrencies. cryptocurrencies offer potential for innovation. cryptocurrencies face challenges. cryptocurrencies face uncertainties. blockchain ensures immutability. cryptocurrencies concern tax evasion. cryptocurrencies empower communities. blockchain builds trust. cryptocurrencies offer potential for financial inclusion. blockchain builds confidence. cryptocurrencies adopt digital currencies. cryptocurrencies concern money laundering. cryptocurrencies concern consumer protection. cryptocurrencies pose risks. cryptocurrencies revolutionizing money. cryptocurrencies attract speculators. cryptocurrencies revolutionizing transactions. cryptocurrencies attract investors. cryptocurrencies drive economic growth. blockchain is distributed ledger. cryptocurrencies gain adoption. cryptocurrencies become a player in global economy. cryptocurrencies are asset class. cryptocurrencies gain acceptance. cryptocurrencies adopt investments. bitcoin created by satoshi nakamoto. smart contracts execute conditions. smart contracts written into code. smart contracts are self-executing.",
    "evaluation": 1
  },
  {
    "correct_answer": "Decentralization enhances security and privacy in cryptocurrencies.",
    "retrieved_context": "cryptocurrencies offer banking services. cryptocurrencies enhance security. cryptocurrencies are volatile. cryptocurrencies are decentralized. cryptocurrencies impact finance. cryptocurrencies present opportunities for profit. cryptocurrencies enhance privacy. cryptocurrencies operate on peer-to-peer network. cryptocurrencies are digital assets. cryptocurrencies provide control over funds. cryptocurrencies taken by storm financial world. cryptocurrencies offer potential for innovation. cryptocurrencies face challenges. cryptocurrencies face uncertainties. cryptocurrencies empower communities. cryptocurrencies concern tax evasion. cryptocurrencies offer potential for financial inclusion. cryptocurrencies adopt digital currencies. cryptocurrencies concern money laundering. cryptocurrencies concern consumer protection. cryptocurrencies pose risks. cryptocurrencies revolutionizing money. cryptocurrencies attract speculators. cryptocurrencies revolutionizing transactions. cryptocurrencies attract investors. cryptocurrencies drive economic growth. cryptocurrencies gain adoption. cryptocurrencies become a player in global economy. cryptocurrencies are asset class. cryptocurrencies gain acceptance. cryptocurrencies adopt investments. bitcoin created by satoshi nakamoto. cryptocurrencies offer banking services. cryptocurrencies enhance security. blockchain ensures transparency. cryptocurrencies are volatile. cryptocurrencies are decentralized. cryptocurrencies impact finance. cryptocurrencies present opportunities for profit. cryptocurrencies enhance privacy. cryptocurrencies operate on peer-to-peer network. cryptocurrencies are digital assets. cryptocurrencies provide control over funds. cryptocurrencies taken by storm financial world. blockchain underpins cryptocurrencies. cryptocurrencies offer potential for innovation. cryptocurrencies face challenges. cryptocurrencies face uncertainties. blockchain ensures immutability. cryptocurrencies concern tax evasion. cryptocurrencies empower communities. blockchain builds trust. cryptocurrencies offer potential for financial inclusion. blockchain builds confidence. cryptocurrencies adopt digital currencies. cryptocurrencies concern money laundering. cryptocurrencies concern consumer protection. cryptocurrencies pose risks. cryptocurrencies revolutionizing money. cryptocurrencies attract speculators. cryptocurrencies revolutionizing transactions. cryptocurrencies attract investors. cryptocurrencies drive economic growth. blockchain is distributed ledger. cryptocurrencies gain adoption. cryptocurrencies become a player in global economy. cryptocurrencies are asset class. cryptocurrencies gain acceptance. cryptocurrencies adopt investments.",
    "evaluation": 1
  },
  {
    "correct_answer": "Blockchain is the technology that underpins cryptocurrencies.",
    "retrieved_context": "cryptocurrencies offer banking services. cryptocurrencies enhance security. blockchain ensures transparency. cryptocurrencies are volatile. cryptocurrencies are decentralized. cryptocurrencies impact finance. cryptocurrencies present opportunities for profit. cryptocurrencies enhance privacy. cryptocurrencies operate on peer-to-peer network. cryptocurrencies are digital assets. cryptocurrencies provide control over funds. cryptocurrencies taken by storm financial world. blockchain underpins cryptocurrencies. cryptocurrencies offer potential for innovation. cryptocurrencies face challenges. cryptocurrencies face uncertainties. blockchain ensures immutability. cryptocurrencies concern tax evasion. cryptocurrencies empower communities. blockchain builds trust. cryptocurrencies offer potential for financial inclusion. blockchain builds confidence. cryptocurrencies adopt digital currencies. cryptocurrencies concern money laundering. cryptocurrencies concern consumer protection. cryptocurrencies pose risks. cryptocurrencies revolutionizing money. cryptocurrencies attract speculators. cryptocurrencies revolutionizing transactions. cryptocurrencies attract investors. cryptocurrencies drive economic growth. blockchain is distributed ledger. cryptocurrencies gain adoption. cryptocurrencies become a player in global economy. cryptocurrencies are asset class. cryptocurrencies gain acceptance. cryptocurrencies adopt investments. cryptocurrencies offer banking services. cryptocurrencies enhance security. cryptocurrencies are volatile. cryptocurrencies are decentralized. cryptocurrencies impact finance. cryptocurrencies present opportunities for profit. cryptocurrencies enhance privacy. cryptocurrencies operate on peer-to-peer network. cryptocurrencies are digital assets. cryptocurrencies provide control over funds. cryptocurrencies taken by storm financial world. cryptocurrencies offer potential for innovation. cryptocurrencies face challenges. cryptocurrencies face uncertainties. cryptocurrencies empower communities. cryptocurrencies concern tax evasion. cryptocurrencies offer potential for financial inclusion. cryptocurrencies adopt digital currencies. cryptocurrencies concern money laundering. cryptocurrencies concern consumer protection. cryptocurrencies pose risks. cryptocurrencies revolutionizing money. cryptocurrencies attract speculators. cryptocurrencies revolutionizing transactions. cryptocurrencies attract investors. cryptocurrencies drive economic growth. cryptocurrencies gain adoption. cryptocurrencies become a player in global economy. cryptocurrencies are asset class. cryptocurrencies gain acceptance. cryptocurrencies adopt investments. bitcoin created by satoshi nakamoto. smart contracts execute conditions. smart contracts written into code. smart contracts are self-executing.",
    "evaluation": 1
  },
  {
    "correct_answer": "Blockchain ensures transparency and immutability of transactions.",
    "retrieved_context": "cryptocurrencies offer banking services. cryptocurrencies enhance security. blockchain ensures transparency. cryptocurrencies are volatile. cryptocurrencies are decentralized. cryptocurrencies impact finance. cryptocurrencies present opportunities for profit. cryptocurrencies enhance privacy. cryptocurrencies operate on peer-to-peer network. cryptocurrencies are digital assets. cryptocurrencies provide control over funds. cryptocurrencies taken by storm financial world. blockchain underpins cryptocurrencies. cryptocurrencies offer potential for innovation. cryptocurrencies face challenges. cryptocurrencies face uncertainties. blockchain ensures immutability. cryptocurrencies concern tax evasion. cryptocurrencies empower communities. blockchain builds trust. cryptocurrencies offer potential for financial inclusion. blockchain builds confidence. cryptocurrencies adopt digital currencies. cryptocurrencies concern money laundering. cryptocurrencies concern consumer protection. cryptocurrencies pose risks. cryptocurrencies revolutionizing money. cryptocurrencies attract speculators. cryptocurrencies revolutionizing transactions. cryptocurrencies attract investors. cryptocurrencies drive economic growth. blockchain is distributed ledger. cryptocurrencies gain adoption. cryptocurrencies become a player in global economy. cryptocurrencies are asset class. cryptocurrencies gain acceptance. cryptocurrencies adopt investments. cryptocurrencies offer banking services. cryptocurrencies enhance security. cryptocurrencies are volatile. cryptocurrencies are decentralized. cryptocurrencies impact finance. cryptocurrencies present opportunities for profit. cryptocurrencies enhance privacy. cryptocurrencies operate on peer-to-peer network. cryptocurrencies are digital assets. cryptocurrencies provide control over funds. cryptocurrencies taken by storm financial world. cryptocurrencies offer potential for innovation. cryptocurrencies face challenges. cryptocurrencies face uncertainties. cryptocurrencies empower communities. cryptocurrencies concern tax evasion. cryptocurrencies offer potential for financial inclusion. cryptocurrencies adopt digital currencies. cryptocurrencies concern money laundering. cryptocurrencies concern consumer protection. cryptocurrencies pose risks. cryptocurrencies revolutionizing money. cryptocurrencies attract speculators. cryptocurrencies revolutionizing transactions. cryptocurrencies attract investors. cryptocurrencies drive economic growth. cryptocurrencies gain adoption. cryptocurrencies become a player in global economy. cryptocurrencies are asset class. cryptocurrencies gain acceptance. cryptocurrencies adopt investments.",
    "evaluation": 1
  },
  {
    "correct_answer": "Each transaction in blockchain is recorded in a block.",
    "retrieved_context": "cryptocurrencies offer banking services. cryptocurrencies enhance security. blockchain ensures transparency. cryptocurrencies are volatile. cryptocurrencies are decentralized. cryptocurrencies impact finance. cryptocurrencies present opportunities for profit. cryptocurrencies enhance privacy. cryptocurrencies operate on peer-to-peer network. cryptocurrencies are digital assets. cryptocurrencies provide control over funds. cryptocurrencies taken by storm financial world. blockchain underpins cryptocurrencies. cryptocurrencies offer potential for innovation. cryptocurrencies face challenges. cryptocurrencies face uncertainties. blockchain ensures immutability. cryptocurrencies concern tax evasion. cryptocurrencies empower communities. blockchain builds trust. cryptocurrencies offer potential for financial inclusion. blockchain builds confidence. cryptocurrencies adopt digital currencies. cryptocurrencies concern money laundering. cryptocurrencies concern consumer protection. cryptocurrencies pose risks. cryptocurrencies revolutionizing money. cryptocurrencies attract speculators. cryptocurrencies revolutionizing transactions. cryptocurrencies attract investors. cryptocurrencies drive economic growth. blockchain is distributed ledger. cryptocurrencies gain adoption. cryptocurrencies become a player in global economy. cryptocurrencies are asset class. cryptocurrencies gain acceptance. cryptocurrencies adopt investments. smart contracts execute conditions. smart contracts written into code. smart contracts are self-executing. bitcoin created by satoshi nakamoto.",
    "evaluation": 0
  },
  {
    "correct_answer": "Blockchain forms a chain of blocks that cannot be altered once validated.",
    "retrieved_context": "cryptocurrencies offer banking services. cryptocurrencies enhance security. blockchain ensures transparency. cryptocurrencies are volatile. cryptocurrencies are decentralized. cryptocurrencies impact finance. cryptocurrencies present opportunities for profit. cryptocurrencies enhance privacy. cryptocurrencies operate on peer-to-peer network. cryptocurrencies are digital assets. cryptocurrencies provide control over funds. cryptocurrencies taken by storm financial world. blockchain underpins cryptocurrencies. cryptocurrencies offer potential for innovation. cryptocurrencies face challenges. cryptocurrencies face uncertainties. blockchain ensures immutability. cryptocurrencies concern tax evasion. cryptocurrencies empower communities. blockchain builds trust. cryptocurrencies offer potential for financial inclusion. blockchain builds confidence. cryptocurrencies adopt digital currencies. cryptocurrencies concern money laundering. cryptocurrencies concern consumer protection. cryptocurrencies pose risks. cryptocurrencies revolutionizing money. cryptocurrencies attract speculators. cryptocurrencies revolutionizing transactions. cryptocurrencies attract investors. cryptocurrencies drive economic growth. blockchain is distributed ledger. cryptocurrencies gain adoption. cryptocurrencies become a player in global economy. cryptocurrencies are asset class. cryptocurrencies gain acceptance. cryptocurrencies adopt investments. smart contracts execute conditions. smart contracts written into code. smart contracts are self-executing. bitcoin created by satoshi nakamoto. cryptocurrencies offer banking services. cryptocurrencies enhance security. cryptocurrencies are volatile. cryptocurrencies are decentralized. cryptocurrencies impact finance. cryptocurrencies present opportunities for profit. cryptocurrencies enhance privacy. cryptocurrencies operate on peer-to-peer network. cryptocurrencies are digital assets. cryptocurrencies provide control over funds. cryptocurrencies taken by storm financial world. cryptocurrencies offer potential for innovation. cryptocurrencies face challenges. cryptocurrencies face uncertainties. cryptocurrencies empower communities. cryptocurrencies concern tax evasion. cryptocurrencies offer potential for financial inclusion. cryptocurrencies adopt digital currencies. cryptocurrencies concern money laundering. cryptocurrencies concern consumer protection. cryptocurrencies pose risks. cryptocurrencies revolutionizing money. cryptocurrencies attract speculators. cryptocurrencies revolutionizing transactions. cryptocurrencies attract investors. cryptocurrencies drive economic growth. cryptocurrencies gain adoption. cryptocurrencies become a player in global economy. cryptocurrencies are asset class. cryptocurrencies gain acceptance. cryptocurrencies adopt investments.",
    "evaluation": 0
  },
  {
    "correct_answer": "Smart contracts are self-executing contracts with terms written into code.",
    "retrieved_context": "smart contracts execute conditions. smart contracts written into code. smart contracts are self-executing. cryptocurrencies offer banking services. cryptocurrencies enhance security. blockchain ensures transparency. cryptocurrencies are volatile. cryptocurrencies are decentralized. cryptocurrencies impact finance. cryptocurrencies present opportunities for profit. cryptocurrencies enhance privacy. cryptocurrencies operate on peer-to-peer network. cryptocurrencies are digital assets. cryptocurrencies provide control over funds. cryptocurrencies taken by storm financial world. blockchain underpins cryptocurrencies. cryptocurrencies offer potential for innovation. cryptocurrencies face challenges. cryptocurrencies face uncertainties. blockchain ensures immutability. cryptocurrencies concern tax evasion. cryptocurrencies empower communities. blockchain builds trust. cryptocurrencies offer potential for financial inclusion. blockchain builds confidence. cryptocurrencies adopt digital currencies. cryptocurrencies concern money laundering. cryptocurrencies concern consumer protection. cryptocurrencies pose risks. cryptocurrencies revolutionizing money. cryptocurrencies attract speculators. cryptocurrencies revolutionizing transactions. cryptocurrencies attract investors. cryptocurrencies drive economic growth. blockchain is distributed ledger. cryptocurrencies gain adoption. cryptocurrencies become a player in global economy. cryptocurrencies are asset class. cryptocurrencies gain acceptance. cryptocurrencies adopt investments.",
    "evaluation": 1
  },
  {
    "correct_answer": "Smart contracts automatically enforce and execute themselves when conditions are met.",
    "retrieved_context": "smart contracts execute conditions. smart contracts written into code. smart contracts are self-executing. regulation is contentious.",
    "evaluation": 1
  },
  {
    "correct_answer": "Cryptocurrencies offer financial inclusion to individuals in underserved communities.",
    "retrieved_context": "cryptocurrencies offer banking services. cryptocurrencies enhance security. cryptocurrencies are volatile. cryptocurrencies are decentralized. cryptocurrencies impact finance. cryptocurrencies present opportunities for profit. cryptocurrencies enhance privacy. cryptocurrencies operate on peer-to-peer network. cryptocurrencies are digital assets. cryptocurrencies provide control over funds. cryptocurrencies taken by storm financial world. cryptocurrencies offer potential for innovation. cryptocurrencies face challenges. cryptocurrencies face uncertainties. cryptocurrencies empower communities. cryptocurrencies concern tax evasion. cryptocurrencies offer potential for financial inclusion. cryptocurrencies adopt digital currencies. cryptocurrencies concern money laundering. cryptocurrencies concern consumer protection. cryptocurrencies pose risks. cryptocurrencies revolutionizing money. cryptocurrencies attract speculators. cryptocurrencies revolutionizing transactions. cryptocurrencies attract investors. cryptocurrencies drive economic growth. cryptocurrencies gain adoption. cryptocurrencies become a player in global economy. cryptocurrencies are asset class. cryptocurrencies gain acceptance. cryptocurrencies adopt investments. bitcoin created by satoshi nakamoto. cryptocurrencies offer banking services. cryptocurrencies enhance security. blockchain ensures transparency. cryptocurrencies are volatile. cryptocurrencies are decentralized. cryptocurrencies impact finance. cryptocurrencies present opportunities for profit. cryptocurrencies enhance privacy. cryptocurrencies operate on peer-to-peer network. cryptocurrencies are digital assets. cryptocurrencies provide control over funds. cryptocurrencies taken by storm financial world. blockchain underpins cryptocurrencies. cryptocurrencies offer potential for innovation. cryptocurrencies face challenges. cryptocurrencies face uncertainties. blockchain ensures immutability. cryptocurrencies concern tax evasion. cryptocurrencies empower communities. blockchain builds trust. cryptocurrencies offer potential for financial inclusion. blockchain builds confidence. cryptocurrencies adopt digital currencies. cryptocurrencies concern money laundering. cryptocurrencies concern consumer protection. cryptocurrencies pose risks. cryptocurrencies revolutionizing money. cryptocurrencies attract speculators. cryptocurrencies revolutionizing transactions. cryptocurrencies attract investors. cryptocurrencies drive economic growth. blockchain is distributed ledger. cryptocurrencies gain adoption. cryptocurrencies become a player in global economy. cryptocurrencies are asset class. cryptocurrencies gain acceptance. cryptocurrencies adopt investments.",
    "evaluation": 1
  },
  {
    "accuracy": "73.33%"
  }
]