[
  {
    "correct_answer": "Astronaut is fascinated by space exploration.",
    "retrieved_context": "chores include cleaning. astronaut views earth. astronaut has breaks. astronaut is a dream for individuals. astronaut socializes with crewmates. astronaut maintains regimen. breaks are for relaxation. chores ensure functioning. astronaut watches movies. astronaut performs chores. chores include meals. astronaut reads books. chores include checks. chores ensure well-being. individuals are fascinated by space exploration. chores ensure health. mysteries are of the universe. space exploration involves mysteries. missions require passion. missions push boundaries. missions involve beauty. missions require exploration. missions involve hardships. missions involve sacrifices. missions are challenging. missions involve research. missions offer opportunity. missions expand knowledge. missions offer experiences.",
    "evaluation": 0
  },
  {
    "correct_answer": "Astronaut requires dedication, intelligence, and physical fitness.",
    "retrieved_context": "chores include cleaning. astronaut views earth. astronaut has breaks. astronaut is a dream for individuals. astronaut socializes with crewmates. astronaut maintains regimen. breaks are for relaxation. chores ensure functioning. astronaut watches movies. astronaut performs chores. chores include meals. astronaut reads books. chores include checks. chores ensure well-being. individuals are fascinated by space exploration. chores ensure health. mysteries are of the universe. space exploration involves mysteries.",
    "evaluation": 0
  },
  {
    "correct_answer": "Astronaut's day is filled with tasks like scientific experiments and maintenance work.",
    "retrieved_context": "chores include cleaning. astronaut views earth. astronaut has breaks. astronaut is a dream for individuals. astronaut socializes with crewmates. astronaut maintains regimen. breaks are for relaxation. chores ensure functioning. astronaut watches movies. astronaut performs chores. chores include meals. astronaut reads books. chores include checks. chores ensure well-being. individuals are fascinated by space exploration. chores ensure health. tasks include maintenance work. maintenance work is on the space station. tasks range from scientific experiments. maintenance work is on the space station. day is a ballet. day is a profession. morning briefing discusses activities. morning briefing reviews instructions. day involves exertion. day tests resilience. day begins with morning briefing. tasks include maintenance work. day involves reflection. day reveals wonders. day is filled with tasks. tasks range from scientific experiments. day tests skills. day offers perspective. morning briefing addresses issues. morning briefing is with crew. day involves discovery. mysteries are of the universe. space exploration involves mysteries. work assignments depend on mission objectives. crew starts work assignments. work assignments include maintenance. crew receives instructions. crew addresses issues. crew has breakfast. work assignments include experiments.",
    "evaluation": 1
  },
  {
    "correct_answer": "Astronaut begins the day with a morning briefing with the crew.",
    "retrieved_context": "morning briefing discusses activities. morning briefing reviews instructions. crew starts work assignments. crew receives instructions. crew addresses issues. crew has breakfast. morning briefing addresses issues. morning briefing is with crew. chores include cleaning. astronaut views earth. astronaut has breaks. astronaut is a dream for individuals. astronaut socializes with crewmates. astronaut maintains regimen. breaks are for relaxation. chores ensure functioning. astronaut watches movies. astronaut performs chores. chores include meals. astronaut reads books. chores include checks. chores ensure well-being. individuals are fascinated by space exploration. chores ensure health. work assignments depend on mission objectives. crew starts work assignments. work assignments include maintenance. crew receives instructions. crew addresses issues. crew has breakfast. work assignments include experiments. day is a ballet. day is a profession. morning briefing discusses activities. morning briefing reviews instructions. day involves exertion. day tests resilience. day begins with morning briefing. tasks include maintenance work. day involves reflection. day reveals wonders. day is filled with tasks. tasks range from scientific experiments. day tests skills. day offers perspective. morning briefing addresses issues. morning briefing is with crew. day involves discovery.",
    "evaluation": 1
  },
  {
    "correct_answer": "Astronauts have breakfast together before starting daily work assignments.",
    "retrieved_context": "chores include cleaning. astronaut views earth. astronaut has breaks. astronaut is a dream for individuals. astronaut socializes with crewmates. astronaut maintains regimen. breaks are for relaxation. chores ensure functioning. astronaut watches movies. astronaut performs chores. chores include meals. astronaut reads books. chores include checks. chores ensure well-being. individuals are fascinated by space exploration. chores ensure health. morning briefing discusses activities. morning briefing reviews instructions. crew starts work assignments. crew receives instructions. crew addresses issues. crew has breakfast. morning briefing addresses issues. morning briefing is with crew. work assignments depend on mission objectives. crew starts work assignments. work assignments include maintenance. crew receives instructions. crew addresses issues. crew has breakfast. work assignments include experiments.",
    "evaluation": 1
  },
  {
    "correct_answer": "Astronauts conduct scientific research or perform maintenance work.",
    "retrieved_context": "chores include cleaning. astronaut views earth. astronaut has breaks. astronaut is a dream for individuals. astronaut socializes with crewmates. astronaut maintains regimen. breaks are for relaxation. chores ensure functioning. astronaut watches movies. astronaut performs chores. chores include meals. astronaut reads books. chores include checks. chores ensure well-being. individuals are fascinated by space exploration. chores ensure health. mysteries are of the universe. space exploration involves mysteries. work assignments depend on mission objectives. crew starts work assignments. work assignments include maintenance. crew receives instructions. crew addresses issues. crew has breakfast. work assignments include experiments. missions require passion. missions push boundaries. missions involve beauty. missions require exploration. missions involve hardships. missions involve sacrifices. missions are challenging. missions involve research. missions offer opportunity. missions expand knowledge. missions offer experiences.",
    "evaluation": 1
  },
  {
    "correct_answer": "Astronauts spend at least two hours daily exercising.",
    "retrieved_context": "chores include cleaning. astronaut views earth. astronaut has breaks. astronaut is a dream for individuals. astronaut socializes with crewmates. astronaut maintains regimen. breaks are for relaxation. chores ensure functioning. astronaut watches movies. astronaut performs chores. chores include meals. astronaut reads books. chores include checks. chores ensure well-being. individuals are fascinated by space exploration. chores ensure health. astronaut has breaks. astronaut is a dream for individuals. astronaut socializes with crewmates. effects include bone loss. astronaut maintains regimen. astronaut watches movies. astronaut performs chores. astronaut reads books. exercise is important for astronaut. effects include muscle. astronaut views earth. exercise counteracts effects. effects are on the human body.",
    "evaluation": 0
  },
  {
    "correct_answer": "Astronauts use specialized equipment for exercise.",
    "retrieved_context": "chores include cleaning. astronaut views earth. astronaut has breaks. astronaut is a dream for individuals. astronaut socializes with crewmates. astronaut maintains regimen. breaks are for relaxation. chores ensure functioning. astronaut watches movies. astronaut performs chores. chores include meals. astronaut reads books. chores include checks. chores ensure well-being. individuals are fascinated by space exploration. chores ensure health. astronaut has breaks. astronaut is a dream for individuals. astronaut socializes with crewmates. effects include bone loss. astronaut maintains regimen. astronaut watches movies. astronaut performs chores. astronaut reads books. exercise is important for astronaut. effects include muscle. astronaut views earth. exercise counteracts effects. effects are on the human body. work assignments depend on mission objectives. crew starts work assignments. work assignments include maintenance. crew receives instructions. crew addresses issues. crew has breakfast. work assignments include experiments.",
    "evaluation": 0
  },
  {
    "correct_answer": "Astronauts have daily chores like cleaning, meal preparation, and system checks.",
    "retrieved_context": "chores include cleaning. astronaut views earth. astronaut has breaks. astronaut is a dream for individuals. astronaut socializes with crewmates. astronaut maintains regimen. breaks are for relaxation. chores ensure functioning. astronaut watches movies. astronaut performs chores. chores include meals. astronaut reads books. chores include checks. chores ensure well-being. individuals are fascinated by space exploration. chores ensure health. chores include cleaning. chores ensure functioning. chores include meals. chores include checks. chores ensure well-being. chores ensure health. work assignments depend on mission objectives. crew starts work assignments. work assignments include maintenance. crew receives instructions. crew addresses issues. crew has breakfast. work assignments include experiments. missions require passion. missions push boundaries. missions involve beauty. missions require exploration. missions involve hardships. missions involve sacrifices. missions are challenging. missions involve research. missions offer opportunity. missions expand knowledge. missions offer experiences.",
    "evaluation": 1
  },
  {
    "correct_answer": "Astronauts have scheduled breaks for meals and relaxation.",
    "retrieved_context": "chores include cleaning. astronaut views earth. astronaut has breaks. astronaut is a dream for individuals. astronaut socializes with crewmates. astronaut maintains regimen. breaks are for relaxation. chores ensure functioning. astronaut watches movies. astronaut performs chores. chores include meals. astronaut reads books. chores include checks. chores ensure well-being. individuals are fascinated by space exploration. chores ensure health. breaks are for relaxation. work assignments depend on mission objectives. crew starts work assignments. work assignments include maintenance. crew receives instructions. crew addresses issues. crew has breakfast. work assignments include experiments.",
    "evaluation": 1
  },
  {
    "correct_answer": "Astronauts socialize with crewmates during breaks.",
    "retrieved_context": "work assignments depend on mission objectives. crew starts work assignments. work assignments include maintenance. crew receives instructions. crew addresses issues. crew has breakfast. work assignments include experiments. chores include cleaning. astronaut views earth. astronaut has breaks. astronaut is a dream for individuals. astronaut socializes with crewmates. astronaut maintains regimen. breaks are for relaxation. chores ensure functioning. astronaut watches movies. astronaut performs chores. chores include meals. astronaut reads books. chores include checks. chores ensure well-being. individuals are fascinated by space exploration. chores ensure health. breaks are for relaxation. missions require passion. missions push boundaries. missions involve beauty. missions require exploration. missions involve hardships. missions involve sacrifices. missions are challenging. missions involve research. missions offer opportunity. missions expand knowledge. missions offer experiences.",
    "evaluation": 0
  },
  {
    "correct_answer": "Astronauts have downtime for reading, watching movies, or gazing at Earth.",
    "retrieved_context": "chores include cleaning. astronaut views earth. astronaut has breaks. astronaut is a dream for individuals. astronaut socializes with crewmates. astronaut maintains regimen. breaks are for relaxation. chores ensure functioning. astronaut watches movies. astronaut performs chores. chores include meals. astronaut reads books. chores include checks. chores ensure well-being. individuals are fascinated by space exploration. chores ensure health. mysteries are of the universe. space exploration involves mysteries. downtime maintains mental well-being. downtime maintains morale. missions require passion. missions push boundaries. missions involve beauty. missions require exploration. missions involve hardships. missions involve sacrifices. missions are challenging. missions involve research. missions offer opportunity. missions expand knowledge. missions offer experiences.",
    "evaluation": 1
  },
  {
    "correct_answer": "Astronauts wind down activities in the evening and prepare for bed.",
    "retrieved_context": "chores include cleaning. astronaut views earth. astronaut has breaks. astronaut is a dream for individuals. astronaut socializes with crewmates. astronaut maintains regimen. breaks are for relaxation. chores ensure functioning. astronaut watches movies. astronaut performs chores. chores include meals. astronaut reads books. chores include checks. chores ensure well-being. individuals are fascinated by space exploration. chores ensure health. morning briefing discusses activities. morning briefing reviews instructions. crew starts work assignments. crew receives instructions. crew addresses issues. crew has breakfast. morning briefing addresses issues. morning briefing is with crew. work assignments depend on mission objectives. crew starts work assignments. work assignments include maintenance. crew receives instructions. crew addresses issues. crew has breakfast. work assignments include experiments.",
    "evaluation": 0
  },
  {
    "correct_answer": "Astronauts have a final check-in with mission control before sleeping.",
    "retrieved_context": "chores include cleaning. astronaut views earth. astronaut has breaks. astronaut is a dream for individuals. astronaut socializes with crewmates. astronaut maintains regimen. breaks are for relaxation. chores ensure functioning. astronaut watches movies. astronaut performs chores. chores include meals. astronaut reads books. chores include checks. chores ensure well-being. individuals are fascinated by space exploration. chores ensure health. morning briefing discusses activities. morning briefing reviews instructions. crew starts work assignments. crew receives instructions. crew addresses issues. crew has breakfast. morning briefing addresses issues. morning briefing is with crew. missions require passion. missions push boundaries. missions involve beauty. missions require exploration. missions involve hardships. missions involve sacrifices. missions are challenging. missions involve research. missions offer opportunity. missions expand knowledge. missions offer experiences.",
    "evaluation": 0
  },
  {
    "correct_answer": "Astronauts sleep in quarters with sleeping bags attached to walls.",
    "retrieved_context": "chores include cleaning. astronaut views earth. astronaut has breaks. astronaut is a dream for individuals. astronaut socializes with crewmates. astronaut maintains regimen. breaks are for relaxation. chores ensure functioning. astronaut watches movies. astronaut performs chores. chores include meals. astronaut reads books. chores include checks. chores ensure well-being. individuals are fascinated by space exploration. chores ensure health. work assignments depend on mission objectives. crew starts work assignments. work assignments include maintenance. crew receives instructions. crew addresses issues. crew has breakfast. work assignments include experiments.",
    "evaluation": 0
  },
  {
    "accuracy": "46.67%"
  }
]