[
  {
    "correct_answer": "Social media revolutionized communication in the digital age.",
    "retrieved_context": "social media has shaped behaviors. social media has promoted interaction. social media has implications patterns. social media has shaped perceptions. social media has helped advocate. social media has impacted interact. social media has promoted diversity. social media has transformed content. social media has impacted challenges. social media has transformed audience. social media has promoted shares. social media has increased rumors. social media has challenges drawbacks. social media has promoted inclusion. social media has impacted comparison. social media has increased propaganda. social media has power voices. social media has promoted likes. social media has power society. social media has impacted connectivity. social media has transformed media outlets. social media has helped stories. social media has impacted mental health. social media has promoted superficial. social media has implications landscape. social media has promoted interactions. social media has promoted comments. social media has increased sites. social media has transformed democratization. social media has increased misinformation. social media has promoted shallow. social media is a tool. social media has promoted activism. social media has power change. social media has transformed citizen journalism. social media has transformed news. social media has impacted self-esteem. social media has increased consequences. social media has impacted empowerment. social media has revolutionized communication. social media has promoted approval. social media has raised injustices. social media has increased visibility. social media has impacted inadequacy. social media has promoted connections. social media has sparked debates. social media has empowered individuals. social media has transformed information. social media has promoted validation. social media has helped marginalized groups. social media has shaped relationships. social media has increased fake news. social media has sparked issues. social media has promoted quantity. social media has raised awareness. social media has given voice. social media has promoted emojis. social media has sparked conversations. social media has increased conspiracy theories. social media has promoted quality.",
    "evaluation": 1
  },
  {
    "correct_answer": "Social media impacted relationships, behaviors, and perceptions.",
    "retrieved_context": "social media has shaped behaviors. social media has promoted interaction. social media has implications patterns. social media has shaped perceptions. social media has helped advocate. social media has impacted interact. social media has promoted diversity. social media has transformed content. social media has impacted challenges. social media has transformed audience. social media has promoted shares. social media has increased rumors. social media has challenges drawbacks. social media has promoted inclusion. social media has impacted comparison. social media has increased propaganda. social media has power voices. social media has promoted likes. social media has power society. social media has impacted connectivity. social media has transformed media outlets. social media has helped stories. social media has impacted mental health. social media has promoted superficial. social media has implications landscape. social media has promoted interactions. social media has promoted comments. social media has increased sites. social media has transformed democratization. social media has increased misinformation. social media has promoted shallow. social media is a tool. social media has promoted activism. social media has power change. social media has transformed citizen journalism. social media has transformed news. social media has impacted self-esteem. social media has increased consequences. social media has impacted empowerment. social media has revolutionized communication. social media has promoted approval. social media has raised injustices. social media has increased visibility. social media has impacted inadequacy. social media has promoted connections. social media has sparked debates. social media has empowered individuals. social media has transformed information. social media has promoted validation. social media has helped marginalized groups. social media has shaped relationships. social media has increased fake news. social media has sparked issues. social media has promoted quantity. social media has raised awareness. social media has given voice. social media has promoted emojis. social media has sparked conversations. social media has increased conspiracy theories. social media has promoted quality.",
    "evaluation": 1
  },
  {
    "correct_answer": "Social media influenced communication positively and negatively.",
    "retrieved_context": "social media has shaped behaviors. social media has promoted interaction. social media has implications patterns. social media has shaped perceptions. social media has helped advocate. social media has impacted interact. social media has promoted diversity. social media has transformed content. social media has impacted challenges. social media has transformed audience. social media has promoted shares. social media has increased rumors. social media has challenges drawbacks. social media has promoted inclusion. social media has impacted comparison. social media has increased propaganda. social media has power voices. social media has promoted likes. social media has power society. social media has impacted connectivity. social media has transformed media outlets. social media has helped stories. social media has impacted mental health. social media has promoted superficial. social media has implications landscape. social media has promoted interactions. social media has promoted comments. social media has increased sites. social media has transformed democratization. social media has increased misinformation. social media has promoted shallow. social media is a tool. social media has promoted activism. social media has power change. social media has transformed citizen journalism. social media has transformed news. social media has impacted self-esteem. social media has increased consequences. social media has impacted empowerment. social media has revolutionized communication. social media has promoted approval. social media has raised injustices. social media has increased visibility. social media has impacted inadequacy. social media has promoted connections. social media has sparked debates. social media has empowered individuals. social media has transformed information. social media has promoted validation. social media has helped marginalized groups. social media has shaped relationships. social media has increased fake news. social media has sparked issues. social media has promoted quantity. social media has raised awareness. social media has given voice. social media has promoted emojis. social media has sparked conversations. social media has increased conspiracy theories. social media has promoted quality.",
    "evaluation": 1
  },
  {
    "correct_answer": "Social media enables connection regardless of physical distance.",
    "retrieved_context": "social media has shaped behaviors. social media has promoted interaction. social media has implications patterns. social media has shaped perceptions. social media has helped advocate. social media has impacted interact. social media has promoted diversity. social media has transformed content. social media has impacted challenges. social media has transformed audience. social media has promoted shares. social media has increased rumors. social media has challenges drawbacks. social media has promoted inclusion. social media has impacted comparison. social media has increased propaganda. social media has power voices. social media has promoted likes. social media has power society. social media has impacted connectivity. social media has transformed media outlets. social media has helped stories. social media has impacted mental health. social media has promoted superficial. social media has implications landscape. social media has promoted interactions. social media has promoted comments. social media has increased sites. social media has transformed democratization. social media has increased misinformation. social media has promoted shallow. social media is a tool. social media has promoted activism. social media has power change. social media has transformed citizen journalism. social media has transformed news. social media has impacted self-esteem. social media has increased consequences. social media has impacted empowerment. social media has revolutionized communication. social media has promoted approval. social media has raised injustices. social media has increased visibility. social media has impacted inadequacy. social media has promoted connections. social media has sparked debates. social media has empowered individuals. social media has transformed information. social media has promoted validation. social media has helped marginalized groups. social media has shaped relationships. social media has increased fake news. social media has sparked issues. social media has promoted quantity. social media has raised awareness. social media has given voice. social media has promoted emojis. social media has sparked conversations. social media has increased conspiracy theories. social media has promoted quality.",
    "evaluation": 1
  },
  {
    "correct_answer": "Platforms like Facebook, Twitter, Instagram, and Snapchat facilitate staying in touch globally.",
    "retrieved_context": "social media has shaped behaviors. social media has promoted interaction. social media has implications patterns. social media has shaped perceptions. social media has helped advocate. social media has impacted interact. social media has promoted diversity. social media has transformed content. social media has impacted challenges. social media has transformed audience. social media has promoted shares. social media has increased rumors. social media has challenges drawbacks. social media has promoted inclusion. social media has impacted comparison. social media has increased propaganda. social media has power voices. social media has promoted likes. social media has power society. social media has impacted connectivity. social media has transformed media outlets. social media has helped stories. social media has impacted mental health. social media has promoted superficial. social media has implications landscape. social media has promoted interactions. social media has promoted comments. social media has increased sites. social media has transformed democratization. social media has increased misinformation. social media has promoted shallow. social media is a tool. social media has promoted activism. social media has power change. social media has transformed citizen journalism. social media has transformed news. social media has impacted self-esteem. social media has increased consequences. social media has impacted empowerment. social media has revolutionized communication. social media has promoted approval. social media has raised injustices. social media has increased visibility. social media has impacted inadequacy. social media has promoted connections. social media has sparked debates. social media has empowered individuals. social media has transformed information. social media has promoted validation. social media has helped marginalized groups. social media has shaped relationships. social media has increased fake news. social media has sparked issues. social media has promoted quantity. social media has raised awareness. social media has given voice. social media has promoted emojis. social media has sparked conversations. social media has increased conspiracy theories. social media has promoted quality. platforms help community. platforms help family. platforms help thoughts. platforms help connect. platforms help closeness. platforms include snapchat. platforms include facebook. platforms include instagram. platforms help instant messaging. platforms help distance. platforms help touch. platforms should be responsible. platforms help networking. platforms help friends. platforms help video calls. platforms help photos. platforms should be constructive. platforms help acquaintances. platforms include twitter. platforms help updates.",
    "evaluation": 1
  },
  {
    "correct_answer": "Social media allows sharing updates, photos, and thoughts in real-time.",
    "retrieved_context": "social media has shaped behaviors. social media has promoted interaction. social media has implications patterns. social media has shaped perceptions. social media has helped advocate. social media has impacted interact. social media has promoted diversity. social media has transformed content. social media has impacted challenges. social media has transformed audience. social media has promoted shares. social media has increased rumors. social media has challenges drawbacks. social media has promoted inclusion. social media has impacted comparison. social media has increased propaganda. social media has power voices. social media has promoted likes. social media has power society. social media has impacted connectivity. social media has transformed media outlets. social media has helped stories. social media has impacted mental health. social media has promoted superficial. social media has implications landscape. social media has promoted interactions. social media has promoted comments. social media has increased sites. social media has transformed democratization. social media has increased misinformation. social media has promoted shallow. social media is a tool. social media has promoted activism. social media has power change. social media has transformed citizen journalism. social media has transformed news. social media has impacted self-esteem. social media has increased consequences. social media has impacted empowerment. social media has revolutionized communication. social media has promoted approval. social media has raised injustices. social media has increased visibility. social media has impacted inadequacy. social media has promoted connections. social media has sparked debates. social media has empowered individuals. social media has transformed information. social media has promoted validation. social media has helped marginalized groups. social media has shaped relationships. social media has increased fake news. social media has sparked issues. social media has promoted quantity. social media has raised awareness. social media has given voice. social media has promoted emojis. social media has sparked conversations. social media has increased conspiracy theories. social media has promoted quality.",
    "evaluation": 0
  },
  {
    "correct_answer": "News spreads rapidly through social media via citizen journalism and user-generated content.",
    "retrieved_context": "social media has shaped behaviors. social media has promoted interaction. social media has implications patterns. social media has shaped perceptions. social media has helped advocate. social media has impacted interact. social media has promoted diversity. social media has transformed content. social media has impacted challenges. social media has transformed audience. social media has promoted shares. social media has increased rumors. social media has challenges drawbacks. social media has promoted inclusion. social media has impacted comparison. social media has increased propaganda. social media has power voices. social media has promoted likes. social media has power society. social media has impacted connectivity. social media has transformed media outlets. social media has helped stories. social media has impacted mental health. social media has promoted superficial. social media has implications landscape. social media has promoted interactions. social media has promoted comments. social media has increased sites. social media has transformed democratization. social media has increased misinformation. social media has promoted shallow. social media is a tool. social media has promoted activism. social media has power change. social media has transformed citizen journalism. social media has transformed news. social media has impacted self-esteem. social media has increased consequences. social media has impacted empowerment. social media has revolutionized communication. social media has promoted approval. social media has raised injustices. social media has increased visibility. social media has impacted inadequacy. social media has promoted connections. social media has sparked debates. social media has empowered individuals. social media has transformed information. social media has promoted validation. social media has helped marginalized groups. social media has shaped relationships. social media has increased fake news. social media has sparked issues. social media has promoted quantity. social media has raised awareness. social media has given voice. social media has promoted emojis. social media has sparked conversations. social media has increased conspiracy theories. social media has promoted quality.",
    "evaluation": 1
  },
  {
    "correct_answer": "Social media democratizes information and engages individuals in current events.",
    "retrieved_context": "social media has shaped behaviors. social media has promoted interaction. social media has implications patterns. social media has shaped perceptions. social media has helped advocate. social media has impacted interact. social media has promoted diversity. social media has transformed content. social media has impacted challenges. social media has transformed audience. social media has promoted shares. social media has increased rumors. social media has challenges drawbacks. social media has promoted inclusion. social media has impacted comparison. social media has increased propaganda. social media has power voices. social media has promoted likes. social media has power society. social media has impacted connectivity. social media has transformed media outlets. social media has helped stories. social media has impacted mental health. social media has promoted superficial. social media has implications landscape. social media has promoted interactions. social media has promoted comments. social media has increased sites. social media has transformed democratization. social media has increased misinformation. social media has promoted shallow. social media is a tool. social media has promoted activism. social media has power change. social media has transformed citizen journalism. social media has transformed news. social media has impacted self-esteem. social media has increased consequences. social media has impacted empowerment. social media has revolutionized communication. social media has promoted approval. social media has raised injustices. social media has increased visibility. social media has impacted inadequacy. social media has promoted connections. social media has sparked debates. social media has empowered individuals. social media has transformed information. social media has promoted validation. social media has helped marginalized groups. social media has shaped relationships. social media has increased fake news. social media has sparked issues. social media has promoted quantity. social media has raised awareness. social media has given voice. social media has promoted emojis. social media has sparked conversations. social media has increased conspiracy theories. social media has promoted quality.",
    "evaluation": 1
  },
  {
    "correct_answer": "Twitter provides a platform for marginalized groups to share stories and advocate for change.",
    "retrieved_context": "social media has shaped behaviors. social media has promoted interaction. social media has implications patterns. social media has shaped perceptions. social media has helped advocate. social media has impacted interact. social media has promoted diversity. social media has transformed content. social media has impacted challenges. social media has transformed audience. social media has promoted shares. social media has increased rumors. social media has challenges drawbacks. social media has promoted inclusion. social media has impacted comparison. social media has increased propaganda. social media has power voices. social media has promoted likes. social media has power society. social media has impacted connectivity. social media has transformed media outlets. social media has helped stories. social media has impacted mental health. social media has promoted superficial. social media has implications landscape. social media has promoted interactions. social media has promoted comments. social media has increased sites. social media has transformed democratization. social media has increased misinformation. social media has promoted shallow. social media is a tool. social media has promoted activism. social media has power change. social media has transformed citizen journalism. social media has transformed news. social media has impacted self-esteem. social media has increased consequences. social media has impacted empowerment. social media has revolutionized communication. social media has promoted approval. social media has raised injustices. social media has increased visibility. social media has impacted inadequacy. social media has promoted connections. social media has sparked debates. social media has empowered individuals. social media has transformed information. social media has promoted validation. social media has helped marginalized groups. social media has shaped relationships. social media has increased fake news. social media has sparked issues. social media has promoted quantity. social media has raised awareness. social media has given voice. social media has promoted emojis. social media has sparked conversations. social media has increased conspiracy theories. social media has promoted quality.",
    "evaluation": 1
  },
  {
    "correct_answer": "Social media amplifies voices and visibility of underrepresented communities.",
    "retrieved_context": "social media has shaped behaviors. social media has promoted interaction. social media has implications patterns. social media has shaped perceptions. social media has helped advocate. social media has impacted interact. social media has promoted diversity. social media has transformed content. social media has impacted challenges. social media has transformed audience. social media has promoted shares. social media has increased rumors. social media has challenges drawbacks. social media has promoted inclusion. social media has impacted comparison. social media has increased propaganda. social media has power voices. social media has promoted likes. social media has power society. social media has impacted connectivity. social media has transformed media outlets. social media has helped stories. social media has impacted mental health. social media has promoted superficial. social media has implications landscape. social media has promoted interactions. social media has promoted comments. social media has increased sites. social media has transformed democratization. social media has increased misinformation. social media has promoted shallow. social media is a tool. social media has promoted activism. social media has power change. social media has transformed citizen journalism. social media has transformed news. social media has impacted self-esteem. social media has increased consequences. social media has impacted empowerment. social media has revolutionized communication. social media has promoted approval. social media has raised injustices. social media has increased visibility. social media has impacted inadequacy. social media has promoted connections. social media has sparked debates. social media has empowered individuals. social media has transformed information. social media has promoted validation. social media has helped marginalized groups. social media has shaped relationships. social media has increased fake news. social media has sparked issues. social media has promoted quantity. social media has raised awareness. social media has given voice. social media has promoted emojis. social media has sparked conversations. social media has increased conspiracy theories. social media has promoted quality.",
    "evaluation": 1
  },
  {
    "correct_answer": "Misinformation and fake news are challenges on social networking sites.",
    "retrieved_context": "social media has shaped behaviors. social media has promoted interaction. social media has implications patterns. social media has shaped perceptions. social media has helped advocate. social media has impacted interact. social media has promoted diversity. social media has transformed content. social media has impacted challenges. social media has transformed audience. social media has promoted shares. social media has increased rumors. social media has challenges drawbacks. social media has promoted inclusion. social media has impacted comparison. social media has increased propaganda. social media has power voices. social media has promoted likes. social media has power society. social media has impacted connectivity. social media has transformed media outlets. social media has helped stories. social media has impacted mental health. social media has promoted superficial. social media has implications landscape. social media has promoted interactions. social media has promoted comments. social media has increased sites. social media has transformed democratization. social media has increased misinformation. social media has promoted shallow. social media is a tool. social media has promoted activism. social media has power change. social media has transformed citizen journalism. social media has transformed news. social media has impacted self-esteem. social media has increased consequences. social media has impacted empowerment. social media has revolutionized communication. social media has promoted approval. social media has raised injustices. social media has increased visibility. social media has impacted inadequacy. social media has promoted connections. social media has sparked debates. social media has empowered individuals. social media has transformed information. social media has promoted validation. social media has helped marginalized groups. social media has shaped relationships. social media has increased fake news. social media has sparked issues. social media has promoted quantity. social media has raised awareness. social media has given voice. social media has promoted emojis. social media has sparked conversations. social media has increased conspiracy theories. social media has promoted quality.",
    "evaluation": 1
  },
  {
    "correct_answer": "Social media promotes shallow communication forms like likes and emojis.",
    "retrieved_context": "social media has shaped behaviors. social media has promoted interaction. social media has implications patterns. social media has shaped perceptions. social media has helped advocate. social media has impacted interact. social media has promoted diversity. social media has transformed content. social media has impacted challenges. social media has transformed audience. social media has promoted shares. social media has increased rumors. social media has challenges drawbacks. social media has promoted inclusion. social media has impacted comparison. social media has increased propaganda. social media has power voices. social media has promoted likes. social media has power society. social media has impacted connectivity. social media has transformed media outlets. social media has helped stories. social media has impacted mental health. social media has promoted superficial. social media has implications landscape. social media has promoted interactions. social media has promoted comments. social media has increased sites. social media has transformed democratization. social media has increased misinformation. social media has promoted shallow. social media is a tool. social media has promoted activism. social media has power change. social media has transformed citizen journalism. social media has transformed news. social media has impacted self-esteem. social media has increased consequences. social media has impacted empowerment. social media has revolutionized communication. social media has promoted approval. social media has raised injustices. social media has increased visibility. social media has impacted inadequacy. social media has promoted connections. social media has sparked debates. social media has empowered individuals. social media has transformed information. social media has promoted validation. social media has helped marginalized groups. social media has shaped relationships. social media has increased fake news. social media has sparked issues. social media has promoted quantity. social media has raised awareness. social media has given voice. social media has promoted emojis. social media has sparked conversations. social media has increased conspiracy theories. social media has promoted quality.",
    "evaluation": 1
  },
  {
    "correct_answer": "Superficial communication on social media can lead to a lack of genuine connections.",
    "retrieved_context": "social media has shaped behaviors. social media has promoted interaction. social media has implications patterns. social media has shaped perceptions. social media has helped advocate. social media has impacted interact. social media has promoted diversity. social media has transformed content. social media has impacted challenges. social media has transformed audience. social media has promoted shares. social media has increased rumors. social media has challenges drawbacks. social media has promoted inclusion. social media has impacted comparison. social media has increased propaganda. social media has power voices. social media has promoted likes. social media has power society. social media has impacted connectivity. social media has transformed media outlets. social media has helped stories. social media has impacted mental health. social media has promoted superficial. social media has implications landscape. social media has promoted interactions. social media has promoted comments. social media has increased sites. social media has transformed democratization. social media has increased misinformation. social media has promoted shallow. social media is a tool. social media has promoted activism. social media has power change. social media has transformed citizen journalism. social media has transformed news. social media has impacted self-esteem. social media has increased consequences. social media has impacted empowerment. social media has revolutionized communication. social media has promoted approval. social media has raised injustices. social media has increased visibility. social media has impacted inadequacy. social media has promoted connections. social media has sparked debates. social media has empowered individuals. social media has transformed information. social media has promoted validation. social media has helped marginalized groups. social media has shaped relationships. social media has increased fake news. social media has sparked issues. social media has promoted quantity. social media has raised awareness. social media has given voice. social media has promoted emojis. social media has sparked conversations. social media has increased conspiracy theories. social media has promoted quality.",
    "evaluation": 0
  },
  {
    "correct_answer": "Validation through likes and comments can impact mental health and self-esteem.",
    "retrieved_context": "social media has shaped behaviors. social media has promoted interaction. social media has implications patterns. social media has shaped perceptions. social media has helped advocate. social media has impacted interact. social media has promoted diversity. social media has transformed content. social media has impacted challenges. social media has transformed audience. social media has promoted shares. social media has increased rumors. social media has challenges drawbacks. social media has promoted inclusion. social media has impacted comparison. social media has increased propaganda. social media has power voices. social media has promoted likes. social media has power society. social media has impacted connectivity. social media has transformed media outlets. social media has helped stories. social media has impacted mental health. social media has promoted superficial. social media has implications landscape. social media has promoted interactions. social media has promoted comments. social media has increased sites. social media has transformed democratization. social media has increased misinformation. social media has promoted shallow. social media is a tool. social media has promoted activism. social media has power change. social media has transformed citizen journalism. social media has transformed news. social media has impacted self-esteem. social media has increased consequences. social media has impacted empowerment. social media has revolutionized communication. social media has promoted approval. social media has raised injustices. social media has increased visibility. social media has impacted inadequacy. social media has promoted connections. social media has sparked debates. social media has empowered individuals. social media has transformed information. social media has promoted validation. social media has helped marginalized groups. social media has shaped relationships. social media has increased fake news. social media has sparked issues. social media has promoted quantity. social media has raised awareness. social media has given voice. social media has promoted emojis. social media has sparked conversations. social media has increased conspiracy theories. social media has promoted quality.",
    "evaluation": 1
  },
  {
    "correct_answer": "Social media shapes connectivity, information sharing, and interactions in society.",
    "retrieved_context": "social media has shaped behaviors. social media has promoted interaction. social media has implications patterns. social media has shaped perceptions. social media has helped advocate. social media has impacted interact. social media has promoted diversity. social media has transformed content. social media has impacted challenges. social media has transformed audience. social media has promoted shares. social media has increased rumors. social media has challenges drawbacks. social media has promoted inclusion. social media has impacted comparison. social media has increased propaganda. social media has power voices. social media has promoted likes. social media has power society. social media has impacted connectivity. social media has transformed media outlets. social media has helped stories. social media has impacted mental health. social media has promoted superficial. social media has implications landscape. social media has promoted interactions. social media has promoted comments. social media has increased sites. social media has transformed democratization. social media has increased misinformation. social media has promoted shallow. social media is a tool. social media has promoted activism. social media has power change. social media has transformed citizen journalism. social media has transformed news. social media has impacted self-esteem. social media has increased consequences. social media has impacted empowerment. social media has revolutionized communication. social media has promoted approval. social media has raised injustices. social media has increased visibility. social media has impacted inadequacy. social media has promoted connections. social media has sparked debates. social media has empowered individuals. social media has transformed information. social media has promoted validation. social media has helped marginalized groups. social media has shaped relationships. social media has increased fake news. social media has sparked issues. social media has promoted quantity. social media has raised awareness. social media has given voice. social media has promoted emojis. social media has sparked conversations. social media has increased conspiracy theories. social media has promoted quality.",
    "evaluation": 1
  },
  {
    "accuracy": "86.67%"
  }
]