[
  {
    "correct_answer": "Rocket requires careful planning",
    "retrieved_context": "rocket requires regulations. exploration of space. rocket is adventure. understanding of physics. rocket is learning. rocket is reality. rocket requires understanding. rocket inspires curiosity. rocket is unknown. rocket is rewarding. rocket is dream. rocket requires principles. rocket is educational. rocket requires guidelines. understanding of materials science. rocket requires dedication. rocket requires execution. rocket is journey. rocket launches into sky. rocket requires planning. rocket is complex. rocket requires engineering. rocket inspires passion. rocket inspires creativity. rocket is fascinating. rocket is thrill. rocket is experience. rocket inspires exploration. rocket reaches stars. rocket is challenging. rocket requires safety. rocket requires perseverance. exploration of space. propulsion system includes hybrid engines. propulsion system includes electric propulsion. propulsion system includes solid fuel engines. propulsion system includes liquid fuel engines. propulsion system provides thrust. propulsion system includes hybrid engines. propulsion system includes electric propulsion. propulsion system includes solid fuel engines. plans outline propulsion system. plans outline structure. propulsion system provides thrust. plans outline payload capacity. propulsion system includes liquid fuel engines. plans outline components.",
    "evaluation": 1
  },
  {
    "correct_answer": "Rocket requires precise engineering",
    "retrieved_context": "rocket requires regulations. exploration of space. rocket is adventure. understanding of physics. rocket is learning. rocket is reality. rocket requires understanding. rocket inspires curiosity. rocket is unknown. rocket is rewarding. rocket is dream. rocket requires principles. rocket is educational. rocket requires guidelines. understanding of materials science. rocket requires dedication. rocket requires execution. rocket is journey. rocket launches into sky. rocket requires planning. rocket is complex. rocket requires engineering. rocket inspires passion. rocket inspires creativity. rocket is fascinating. rocket is thrill. rocket is experience. rocket inspires exploration. rocket reaches stars. rocket is challenging. rocket requires safety. rocket requires perseverance. propulsion system includes hybrid engines. propulsion system includes electric propulsion. propulsion system includes solid fuel engines. propulsion system includes liquid fuel engines. propulsion system provides thrust.",
    "evaluation": 1
  },
  {
    "correct_answer": "Rocket requires understanding of physics",
    "retrieved_context": "rocket requires regulations. exploration of space. rocket is adventure. understanding of physics. rocket is learning. rocket is reality. rocket requires understanding. rocket inspires curiosity. rocket is unknown. rocket is rewarding. rocket is dream. rocket requires principles. rocket is educational. rocket requires guidelines. understanding of materials science. rocket requires dedication. rocket requires execution. rocket is journey. rocket launches into sky. rocket requires planning. rocket is complex. rocket requires engineering. rocket inspires passion. rocket inspires creativity. rocket is fascinating. rocket is thrill. rocket is experience. rocket inspires exploration. rocket reaches stars. rocket is challenging. rocket requires safety. rocket requires perseverance. propulsion system includes hybrid engines. propulsion system includes electric propulsion. propulsion system includes solid fuel engines. propulsion system includes liquid fuel engines. propulsion system provides thrust.",
    "evaluation": 1
  },
  {
    "correct_answer": "Rocket requires understanding of materials science",
    "retrieved_context": "rocket requires regulations. exploration of space. rocket is adventure. understanding of physics. rocket is learning. rocket is reality. rocket requires understanding. rocket inspires curiosity. rocket is unknown. rocket is rewarding. rocket is dream. rocket requires principles. rocket is educational. rocket requires guidelines. understanding of materials science. rocket requires dedication. rocket requires execution. rocket is journey. rocket launches into sky. rocket requires planning. rocket is complex. rocket requires engineering. rocket inspires passion. rocket inspires creativity. rocket is fascinating. rocket is thrill. rocket is experience. rocket inspires exploration. rocket reaches stars. rocket is challenging. rocket requires safety. rocket requires perseverance. materials include metal. materials include composite. propulsion system includes hybrid engines. propulsion system includes electric propulsion. propulsion system includes solid fuel engines. propulsion system includes liquid fuel engines. propulsion system provides thrust.",
    "evaluation": 1
  },
  {
    "correct_answer": "Rockets have been instrumental in space exploration",
    "retrieved_context": "rocket requires regulations. exploration of space. rocket is adventure. understanding of physics. rocket is learning. rocket is reality. rocket requires understanding. rocket inspires curiosity. rocket is unknown. rocket is rewarding. rocket is dream. rocket requires principles. rocket is educational. rocket requires guidelines. understanding of materials science. rocket requires dedication. rocket requires execution. rocket is journey. rocket launches into sky. rocket requires planning. rocket is complex. rocket requires engineering. rocket inspires passion. rocket inspires creativity. rocket is fascinating. rocket is thrill. rocket is experience. rocket inspires exploration. rocket reaches stars. rocket is challenging. rocket requires safety. rocket requires perseverance. exploration of space. propulsion system includes hybrid engines. propulsion system includes electric propulsion. propulsion system includes solid fuel engines. propulsion system includes liquid fuel engines. propulsion system provides thrust.",
    "evaluation": 1
  },
  {
    "correct_answer": "Building a rocket can be rewarding",
    "retrieved_context": "rocket requires regulations. exploration of space. rocket is adventure. understanding of physics. rocket is learning. rocket is reality. rocket requires understanding. rocket inspires curiosity. rocket is unknown. rocket is rewarding. rocket is dream. rocket requires principles. rocket is educational. rocket requires guidelines. understanding of materials science. rocket requires dedication. rocket requires execution. rocket is journey. rocket launches into sky. rocket requires planning. rocket is complex. rocket requires engineering. rocket inspires passion. rocket inspires creativity. rocket is fascinating. rocket is thrill. rocket is experience. rocket inspires exploration. rocket reaches stars. rocket is challenging. rocket requires safety. rocket requires perseverance. propulsion system includes hybrid engines. propulsion system includes electric propulsion. propulsion system includes solid fuel engines. propulsion system includes liquid fuel engines. propulsion system provides thrust.",
    "evaluation": 1
  },
  {
    "correct_answer": "Building a rocket can be educational",
    "retrieved_context": "rocket requires regulations. exploration of space. rocket is adventure. understanding of physics. rocket is learning. rocket is reality. rocket requires understanding. rocket inspires curiosity. rocket is unknown. rocket is rewarding. rocket is dream. rocket requires principles. rocket is educational. rocket requires guidelines. understanding of materials science. rocket requires dedication. rocket requires execution. rocket is journey. rocket launches into sky. rocket requires planning. rocket is complex. rocket requires engineering. rocket inspires passion. rocket inspires creativity. rocket is fascinating. rocket is thrill. rocket is experience. rocket inspires exploration. rocket reaches stars. rocket is challenging. rocket requires safety. rocket requires perseverance. propulsion system includes hybrid engines. propulsion system includes electric propulsion. propulsion system includes solid fuel engines. propulsion system includes liquid fuel engines. propulsion system provides thrust.",
    "evaluation": 1
  },
  {
    "correct_answer": "Rocket building involves defining purpose and requirements",
    "retrieved_context": "rocket requires regulations. exploration of space. rocket is adventure. understanding of physics. rocket is learning. rocket is reality. rocket requires understanding. rocket inspires curiosity. rocket is unknown. rocket is rewarding. rocket is dream. rocket requires principles. rocket is educational. rocket requires guidelines. understanding of materials science. rocket requires dedication. rocket requires execution. rocket is journey. rocket launches into sky. rocket requires planning. rocket is complex. rocket requires engineering. rocket inspires passion. rocket inspires creativity. rocket is fascinating. rocket is thrill. rocket is experience. rocket inspires exploration. rocket reaches stars. rocket is challenging. rocket requires safety. rocket requires perseverance. design considers weight distribution. design considers aerodynamics. design considers stability. propulsion system includes hybrid engines. propulsion system includes electric propulsion. propulsion system includes solid fuel engines. propulsion system includes liquid fuel engines. propulsion system provides thrust.",
    "evaluation": 0
  },
  {
    "correct_answer": "Rocket building involves designing the rocket",
    "retrieved_context": "rocket requires regulations. exploration of space. rocket is adventure. understanding of physics. rocket is learning. rocket is reality. rocket requires understanding. rocket inspires curiosity. rocket is unknown. rocket is rewarding. rocket is dream. rocket requires principles. rocket is educational. rocket requires guidelines. understanding of materials science. rocket requires dedication. rocket requires execution. rocket is journey. rocket launches into sky. rocket requires planning. rocket is complex. rocket requires engineering. rocket inspires passion. rocket inspires creativity. rocket is fascinating. rocket is thrill. rocket is experience. rocket inspires exploration. rocket reaches stars. rocket is challenging. rocket requires safety. rocket requires perseverance. design considers weight distribution. design considers aerodynamics. design considers stability. propulsion system includes hybrid engines. propulsion system includes electric propulsion. propulsion system includes solid fuel engines. propulsion system includes liquid fuel engines. propulsion system provides thrust.",
    "evaluation": 1
  },
  {
    "correct_answer": "Rocket building involves gathering materials and components",
    "retrieved_context": "rocket requires regulations. exploration of space. rocket is adventure. understanding of physics. rocket is learning. rocket is reality. rocket requires understanding. rocket inspires curiosity. rocket is unknown. rocket is rewarding. rocket is dream. rocket requires principles. rocket is educational. rocket requires guidelines. understanding of materials science. rocket requires dedication. rocket requires execution. rocket is journey. rocket launches into sky. rocket requires planning. rocket is complex. rocket requires engineering. rocket inspires passion. rocket inspires creativity. rocket is fascinating. rocket is thrill. rocket is experience. rocket inspires exploration. rocket reaches stars. rocket is challenging. rocket requires safety. rocket requires perseverance. materials include metal. materials include composite.",
    "evaluation": 0
  },
  {
    "correct_answer": "Rocket body is typically constructed from lightweight materials",
    "retrieved_context": "rocket requires regulations. exploration of space. rocket is adventure. understanding of physics. rocket is learning. rocket is reality. rocket requires understanding. rocket inspires curiosity. rocket is unknown. rocket is rewarding. rocket is dream. rocket requires principles. rocket is educational. rocket requires guidelines. understanding of materials science. rocket requires dedication. rocket requires execution. rocket is journey. rocket launches into sky. rocket requires planning. rocket is complex. rocket requires engineering. rocket inspires passion. rocket inspires creativity. rocket is fascinating. rocket is thrill. rocket is experience. rocket inspires exploration. rocket reaches stars. rocket is challenging. rocket requires safety. rocket requires perseverance. materials include metal. materials include composite. propulsion system includes hybrid engines. propulsion system includes electric propulsion. propulsion system includes solid fuel engines. propulsion system includes liquid fuel engines. propulsion system provides thrust. payload into orbit.",
    "evaluation": 0
  },
  {
    "correct_answer": "Propulsion system provides thrust to the rocket",
    "retrieved_context": "propulsion system includes hybrid engines. propulsion system includes electric propulsion. propulsion system includes solid fuel engines. propulsion system includes liquid fuel engines. propulsion system provides thrust. rocket requires regulations. exploration of space. rocket is adventure. understanding of physics. rocket is learning. rocket is reality. rocket requires understanding. rocket inspires curiosity. rocket is unknown. rocket is rewarding. rocket is dream. rocket requires principles. rocket is educational. rocket requires guidelines. understanding of materials science. rocket requires dedication. rocket requires execution. rocket is journey. rocket launches into sky. rocket requires planning. rocket is complex. rocket requires engineering. rocket inspires passion. rocket inspires creativity. rocket is fascinating. rocket is thrill. rocket is experience. rocket inspires exploration. rocket reaches stars. rocket is challenging. rocket requires safety. rocket requires perseverance.",
    "evaluation": 1
  },
  {
    "correct_answer": "Modern rockets use sophisticated electronics and guidance systems",
    "retrieved_context": "rocket requires regulations. exploration of space. rocket is adventure. understanding of physics. rocket is learning. rocket is reality. rocket requires understanding. rocket inspires curiosity. rocket is unknown. rocket is rewarding. rocket is dream. rocket requires principles. rocket is educational. rocket requires guidelines. understanding of materials science. rocket requires dedication. rocket requires execution. rocket is journey. rocket launches into sky. rocket requires planning. rocket is complex. rocket requires engineering. rocket inspires passion. rocket inspires creativity. rocket is fascinating. rocket is thrill. rocket is experience. rocket inspires exploration. rocket reaches stars. rocket is challenging. rocket requires safety. rocket requires perseverance. propulsion system includes hybrid engines. propulsion system includes electric propulsion. propulsion system includes solid fuel engines. propulsion system includes liquid fuel engines. propulsion system provides thrust. electronics include actuators. electronics are sophisticated. electronics include sensors. electronics include onboard computers.",
    "evaluation": 1
  },
  {
    "correct_answer": "Testing is essential before launching the rocket",
    "retrieved_context": "testing identifies issues. rocket requires regulations. exploration of space. rocket is adventure. understanding of physics. rocket is learning. rocket is reality. rocket requires understanding. rocket inspires curiosity. rocket is unknown. rocket is rewarding. rocket is dream. rocket requires principles. rocket is educational. rocket requires guidelines. understanding of materials science. rocket requires dedication. rocket requires execution. rocket is journey. rocket launches into sky. rocket requires planning. rocket is complex. rocket requires engineering. rocket inspires passion. rocket inspires creativity. rocket is fascinating. rocket is thrill. rocket is experience. rocket inspires exploration. rocket reaches stars. rocket is challenging. rocket requires safety. rocket requires perseverance. ground tests verify stability. ground tests verify performance.",
    "evaluation": 1
  },
  {
    "correct_answer": "Building a rocket requires a deep understanding of science and engineering principles",
    "retrieved_context": "rocket requires regulations. exploration of space. rocket is adventure. understanding of physics. rocket is learning. rocket is reality. rocket requires understanding. rocket inspires curiosity. rocket is unknown. rocket is rewarding. rocket is dream. rocket requires principles. rocket is educational. rocket requires guidelines. understanding of materials science. rocket requires dedication. rocket requires execution. rocket is journey. rocket launches into sky. rocket requires planning. rocket is complex. rocket requires engineering. rocket inspires passion. rocket inspires creativity. rocket is fascinating. rocket is thrill. rocket is experience. rocket inspires exploration. rocket reaches stars. rocket is challenging. rocket requires safety. rocket requires perseverance. propulsion system includes hybrid engines. propulsion system includes electric propulsion. propulsion system includes solid fuel engines. propulsion system includes liquid fuel engines. propulsion system provides thrust.",
    "evaluation": 1
  },
  {
    "accuracy": "80.00%"
  }
]