[
  {
    "correct_answer": "Urban legends are a fascinating aspect of modern folklore.",
    "retrieved_context": "urban legends have popularity. urban legends impact society. urban legends blur line between fact. urban legends are product of creativity. urban legends thrive in collective imagination. urban legends involve ghostly apparitions. urban legends are based on events. urban legends are a part of folklore. urban legends spread through communication. urban legends capture imagination. urban legends involve paranormal. urban legends are shrouded in mystery. urban legends warn about cursed objects. urban legends spread through trade. urban legends capture curiosity. urban legends blur line between fiction. urban legends spread through travel. urban legends include haunted houses. urban legends spread through social media. urban legends spread across regions. urban legends have impact. urban legends include mysterious creatures. urban legends blur line between truth. urban legends reflect anxieties. urban legends reflect fears. urban legends spread through internet. urban legends are part of popular culture. urban legends are based on historical figures. urban legends explain supernatural. urban legends spread through technology. urban legends spread across continents. urban legends warn listeners. urban legends explain unknown.",
    "evaluation": 1
  },
  {
    "correct_answer": "Urban legends capture the imagination and curiosity of people worldwide.",
    "retrieved_context": "urban legends have popularity. urban legends impact society. urban legends blur line between fact. urban legends are product of creativity. urban legends thrive in collective imagination. urban legends involve ghostly apparitions. urban legends are based on events. urban legends are a part of folklore. urban legends spread through communication. urban legends capture imagination. urban legends involve paranormal. urban legends are shrouded in mystery. urban legends warn about cursed objects. urban legends spread through trade. urban legends capture curiosity. urban legends blur line between fiction. urban legends spread through travel. urban legends include haunted houses. urban legends spread through social media. urban legends spread across regions. urban legends have impact. urban legends include mysterious creatures. urban legends blur line between truth. urban legends reflect anxieties. urban legends reflect fears. urban legends spread through internet. urban legends are part of popular culture. urban legends are based on historical figures. urban legends explain supernatural. urban legends spread through technology. urban legends spread across continents. urban legends warn listeners. urban legends explain unknown.",
    "evaluation": 1
  },
  {
    "correct_answer": "Urban legends are often passed down through generations.",
    "retrieved_context": "urban legends have popularity. urban legends impact society. urban legends blur line between fact. urban legends are product of creativity. urban legends thrive in collective imagination. urban legends involve ghostly apparitions. urban legends are based on events. urban legends are a part of folklore. urban legends spread through communication. urban legends capture imagination. urban legends involve paranormal. urban legends are shrouded in mystery. urban legends warn about cursed objects. urban legends spread through trade. urban legends capture curiosity. urban legends blur line between fiction. urban legends spread through travel. urban legends include haunted houses. urban legends spread through social media. urban legends spread across regions. urban legends have impact. urban legends include mysterious creatures. urban legends blur line between truth. urban legends reflect anxieties. urban legends reflect fears. urban legends spread through internet. urban legends are part of popular culture. urban legends are based on historical figures. urban legends explain supernatural. urban legends spread through technology. urban legends spread across continents. urban legends warn listeners. urban legends explain unknown.",
    "evaluation": 0
  },
  {
    "correct_answer": "Urban legends are shared and retold in communities both large and small.",
    "retrieved_context": "urban legends have popularity. urban legends impact society. urban legends blur line between fact. urban legends are product of creativity. urban legends thrive in collective imagination. urban legends involve ghostly apparitions. urban legends are based on events. urban legends are a part of folklore. urban legends spread through communication. urban legends capture imagination. urban legends involve paranormal. urban legends are shrouded in mystery. urban legends warn about cursed objects. urban legends spread through trade. urban legends capture curiosity. urban legends blur line between fiction. urban legends spread through travel. urban legends include haunted houses. urban legends spread through social media. urban legends spread across regions. urban legends have impact. urban legends include mysterious creatures. urban legends blur line between truth. urban legends reflect anxieties. urban legends reflect fears. urban legends spread through internet. urban legends are part of popular culture. urban legends are based on historical figures. urban legends explain supernatural. urban legends spread through technology. urban legends spread across continents. urban legends warn listeners. urban legends explain unknown.",
    "evaluation": 0
  },
  {
    "correct_answer": "The origins of urban legends can be traced back to ancient times.",
    "retrieved_context": "urban legends have popularity. urban legends impact society. urban legends blur line between fact. urban legends are product of creativity. urban legends thrive in collective imagination. urban legends involve ghostly apparitions. urban legends are based on events. urban legends are a part of folklore. urban legends spread through communication. urban legends capture imagination. urban legends involve paranormal. urban legends are shrouded in mystery. urban legends warn about cursed objects. urban legends spread through trade. urban legends capture curiosity. urban legends blur line between fiction. urban legends spread through travel. urban legends include haunted houses. urban legends spread through social media. urban legends spread across regions. urban legends have impact. urban legends include mysterious creatures. urban legends blur line between truth. urban legends reflect anxieties. urban legends reflect fears. urban legends spread through internet. urban legends are part of popular culture. urban legends are based on historical figures. urban legends explain supernatural. urban legends spread through technology. urban legends spread across continents. urban legends warn listeners. urban legends explain unknown.",
    "evaluation": 0
  },
  {
    "correct_answer": "Urban legends were used to explain the unknown and the supernatural.",
    "retrieved_context": "urban legends have popularity. urban legends impact society. urban legends blur line between fact. urban legends are product of creativity. urban legends thrive in collective imagination. urban legends involve ghostly apparitions. urban legends are based on events. urban legends are a part of folklore. urban legends spread through communication. urban legends capture imagination. urban legends involve paranormal. urban legends are shrouded in mystery. urban legends warn about cursed objects. urban legends spread through trade. urban legends capture curiosity. urban legends blur line between fiction. urban legends spread through travel. urban legends include haunted houses. urban legends spread through social media. urban legends spread across regions. urban legends have impact. urban legends include mysterious creatures. urban legends blur line between truth. urban legends reflect anxieties. urban legends reflect fears. urban legends spread through internet. urban legends are part of popular culture. urban legends are based on historical figures. urban legends explain supernatural. urban legends spread through technology. urban legends spread across continents. urban legends warn listeners. urban legends explain unknown.",
    "evaluation": 1
  },
  {
    "correct_answer": "Urban legends were shared orally and passed down through generations.",
    "retrieved_context": "urban legends have popularity. urban legends impact society. urban legends blur line between fact. urban legends are product of creativity. urban legends thrive in collective imagination. urban legends involve ghostly apparitions. urban legends are based on events. urban legends are a part of folklore. urban legends spread through communication. urban legends capture imagination. urban legends involve paranormal. urban legends are shrouded in mystery. urban legends warn about cursed objects. urban legends spread through trade. urban legends capture curiosity. urban legends blur line between fiction. urban legends spread through travel. urban legends include haunted houses. urban legends spread through social media. urban legends spread across regions. urban legends have impact. urban legends include mysterious creatures. urban legends blur line between truth. urban legends reflect anxieties. urban legends reflect fears. urban legends spread through internet. urban legends are part of popular culture. urban legends are based on historical figures. urban legends explain supernatural. urban legends spread through technology. urban legends spread across continents. urban legends warn listeners. urban legends explain unknown.",
    "evaluation": 0
  },
  {
    "correct_answer": "Urban legends evolved over time to suit different cultures' interests and fears.",
    "retrieved_context": "urban legends have popularity. urban legends impact society. urban legends blur line between fact. urban legends are product of creativity. urban legends thrive in collective imagination. urban legends involve ghostly apparitions. urban legends are based on events. urban legends are a part of folklore. urban legends spread through communication. urban legends capture imagination. urban legends involve paranormal. urban legends are shrouded in mystery. urban legends warn about cursed objects. urban legends spread through trade. urban legends capture curiosity. urban legends blur line between fiction. urban legends spread through travel. urban legends include haunted houses. urban legends spread through social media. urban legends spread across regions. urban legends have impact. urban legends include mysterious creatures. urban legends blur line between truth. urban legends reflect anxieties. urban legends reflect fears. urban legends spread through internet. urban legends are part of popular culture. urban legends are based on historical figures. urban legends explain supernatural. urban legends spread through technology. urban legends spread across continents. urban legends warn listeners. urban legends explain unknown.",
    "evaluation": 0
  },
  {
    "correct_answer": "Urban legends began to spread across regions and continents as societies became more interconnected.",
    "retrieved_context": "urban legends have popularity. urban legends impact society. urban legends blur line between fact. urban legends are product of creativity. urban legends thrive in collective imagination. urban legends involve ghostly apparitions. urban legends are based on events. urban legends are a part of folklore. urban legends spread through communication. urban legends capture imagination. urban legends involve paranormal. urban legends are shrouded in mystery. urban legends warn about cursed objects. urban legends spread through trade. urban legends capture curiosity. urban legends blur line between fiction. urban legends spread through travel. urban legends include haunted houses. urban legends spread through social media. urban legends spread across regions. urban legends have impact. urban legends include mysterious creatures. urban legends blur line between truth. urban legends reflect anxieties. urban legends reflect fears. urban legends spread through internet. urban legends are part of popular culture. urban legends are based on historical figures. urban legends explain supernatural. urban legends spread through technology. urban legends spread across continents. urban legends warn listeners. urban legends explain unknown.",
    "evaluation": 1
  },
  {
    "correct_answer": "One famous urban legend is that of the 'Hook Man'.",
    "retrieved_context": "urban legends have popularity. urban legends impact society. urban legends blur line between fact. urban legends are product of creativity. urban legends thrive in collective imagination. urban legends involve ghostly apparitions. hook man is an example of urban legends. urban legends are based on events. urban legends are a part of folklore. urban legends spread through communication. urban legends capture imagination. urban legends involve paranormal. urban legends are shrouded in mystery. urban legends warn about cursed objects. urban legends spread through trade. urban legends capture curiosity. urban legends blur line between fiction. urban legends spread through travel. urban legends include haunted houses. urban legends spread through social media. urban legends spread across regions. urban legends have impact. urban legends include mysterious creatures. urban legends blur line between truth. urban legends reflect anxieties. urban legends reflect fears. urban legends spread through internet. urban legends are part of popular culture. urban legends are based on historical figures. urban legends explain supernatural. urban legends spread through technology. urban legends spread across continents. urban legends warn listeners. urban legends explain unknown. urban legends have popularity. urban legends impact society. urban legends blur line between fact. urban legends are product of creativity. urban legends thrive in collective imagination. urban legends involve ghostly apparitions. urban legends are based on events. urban legends are a part of folklore. urban legends spread through communication. urban legends capture imagination. urban legends involve paranormal. urban legends are shrouded in mystery. urban legends warn about cursed objects. urban legends spread through trade. urban legends capture curiosity. urban legends blur line between fiction. urban legends spread through travel. urban legends include haunted houses. urban legends spread through social media. urban legends spread across regions. urban legends have impact. urban legends include mysterious creatures. urban legends blur line between truth. urban legends reflect anxieties. urban legends reflect fears. urban legends spread through internet. urban legends are part of popular culture. urban legends are based on historical figures. urban legends explain supernatural. urban legends spread through technology. urban legends spread across continents. urban legends warn listeners. urban legends explain unknown.",
    "evaluation": 1
  },
  {
    "correct_answer": "The 'Hook Man' legend involves a young couple in a secluded area.",
    "retrieved_context": "urban legends have popularity. urban legends impact society. urban legends blur line between fact. urban legends are product of creativity. urban legends thrive in collective imagination. urban legends involve ghostly apparitions. hook man is an example of urban legends. urban legends are based on events. urban legends are a part of folklore. urban legends spread through communication. urban legends capture imagination. urban legends involve paranormal. urban legends are shrouded in mystery. urban legends warn about cursed objects. urban legends spread through trade. urban legends capture curiosity. urban legends blur line between fiction. urban legends spread through travel. urban legends include haunted houses. urban legends spread through social media. urban legends spread across regions. urban legends have impact. urban legends include mysterious creatures. urban legends blur line between truth. urban legends reflect anxieties. urban legends reflect fears. urban legends spread through internet. urban legends are part of popular culture. urban legends are based on historical figures. urban legends explain supernatural. urban legends spread through technology. urban legends spread across continents. urban legends warn listeners. urban legends explain unknown. hook man is an example of urban legends. young couple are involved in hook man. urban legends have popularity. urban legends impact society. urban legends blur line between fact. urban legends are product of creativity. urban legends thrive in collective imagination. urban legends involve ghostly apparitions. urban legends are based on events. urban legends are a part of folklore. urban legends spread through communication. urban legends capture imagination. urban legends involve paranormal. urban legends are shrouded in mystery. urban legends warn about cursed objects. urban legends spread through trade. urban legends capture curiosity. urban legends blur line between fiction. urban legends spread through travel. urban legends include haunted houses. urban legends spread through social media. urban legends spread across regions. urban legends have impact. urban legends include mysterious creatures. urban legends blur line between truth. urban legends reflect anxieties. urban legends reflect fears. urban legends spread through internet. urban legends are part of popular culture. urban legends are based on historical figures. urban legends explain supernatural. urban legends spread through technology. urban legends spread across continents. urban legends warn listeners. urban legends explain unknown. strangers lure with candy.",
    "evaluation": 1
  },
  {
    "correct_answer": "The 'Hook Man' legend features a news report about an escaped criminal with a hook for a hand.",
    "retrieved_context": "urban legends have popularity. urban legends impact society. urban legends blur line between fact. urban legends are product of creativity. urban legends thrive in collective imagination. urban legends involve ghostly apparitions. hook man is an example of urban legends. urban legends are based on events. urban legends are a part of folklore. urban legends spread through communication. urban legends capture imagination. urban legends involve paranormal. urban legends are shrouded in mystery. urban legends warn about cursed objects. urban legends spread through trade. urban legends capture curiosity. urban legends blur line between fiction. urban legends spread through travel. urban legends include haunted houses. urban legends spread through social media. urban legends spread across regions. urban legends have impact. urban legends include mysterious creatures. urban legends blur line between truth. urban legends reflect anxieties. urban legends reflect fears. urban legends spread through internet. urban legends are part of popular culture. urban legends are based on historical figures. urban legends explain supernatural. urban legends spread through technology. urban legends spread across continents. urban legends warn listeners. urban legends explain unknown. urban legends have popularity. urban legends impact society. urban legends blur line between fact. urban legends are product of creativity. urban legends thrive in collective imagination. urban legends involve ghostly apparitions. urban legends are based on events. urban legends are a part of folklore. urban legends spread through communication. urban legends capture imagination. urban legends involve paranormal. urban legends are shrouded in mystery. urban legends warn about cursed objects. urban legends spread through trade. urban legends capture curiosity. urban legends blur line between fiction. urban legends spread through travel. urban legends include haunted houses. urban legends spread through social media. urban legends spread across regions. urban legends have impact. urban legends include mysterious creatures. urban legends blur line between truth. urban legends reflect anxieties. urban legends reflect fears. urban legends spread through internet. urban legends are part of popular culture. urban legends are based on historical figures. urban legends explain supernatural. urban legends spread through technology. urban legends spread across continents. urban legends warn listeners. urban legends explain unknown. hook man is an example of urban legends. criminal is involved in hook man.",
    "evaluation": 0
  },
  {
    "correct_answer": "Urban legends often involve stories of haunted houses, ghostly apparitions, and mysterious creatures.",
    "retrieved_context": "urban legends have popularity. urban legends impact society. urban legends blur line between fact. urban legends are product of creativity. urban legends thrive in collective imagination. urban legends involve ghostly apparitions. urban legends are based on events. urban legends are a part of folklore. urban legends spread through communication. urban legends capture imagination. urban legends involve paranormal. urban legends are shrouded in mystery. urban legends warn about cursed objects. urban legends spread through trade. urban legends capture curiosity. urban legends blur line between fiction. urban legends spread through travel. urban legends include haunted houses. urban legends spread through social media. urban legends spread across regions. urban legends have impact. urban legends include mysterious creatures. urban legends blur line between truth. urban legends reflect anxieties. urban legends reflect fears. urban legends spread through internet. urban legends are part of popular culture. urban legends are based on historical figures. urban legends explain supernatural. urban legends spread through technology. urban legends spread across continents. urban legends warn listeners. urban legends explain unknown.",
    "evaluation": 1
  },
  {
    "correct_answer": "Urban legends blur the line between fact and fiction.",
    "retrieved_context": "urban legends have popularity. urban legends impact society. urban legends blur line between fact. urban legends are product of creativity. urban legends thrive in collective imagination. urban legends involve ghostly apparitions. urban legends are based on events. urban legends are a part of folklore. urban legends spread through communication. urban legends capture imagination. urban legends involve paranormal. urban legends are shrouded in mystery. urban legends warn about cursed objects. urban legends spread through trade. urban legends capture curiosity. urban legends blur line between fiction. urban legends spread through travel. urban legends include haunted houses. urban legends spread through social media. urban legends spread across regions. urban legends have impact. urban legends include mysterious creatures. urban legends blur line between truth. urban legends reflect anxieties. urban legends reflect fears. urban legends spread through internet. urban legends are part of popular culture. urban legends are based on historical figures. urban legends explain supernatural. urban legends spread through technology. urban legends spread across continents. urban legends warn listeners. urban legends explain unknown.",
    "evaluation": 1
  },
  {
    "correct_answer": "Urban legends serve as cautionary tales reflecting society's fears and anxieties.",
    "retrieved_context": "urban legends have popularity. urban legends impact society. urban legends blur line between fact. urban legends are product of creativity. urban legends thrive in collective imagination. urban legends involve ghostly apparitions. urban legends are based on events. urban legends are a part of folklore. urban legends spread through communication. urban legends capture imagination. urban legends involve paranormal. urban legends are shrouded in mystery. urban legends warn about cursed objects. urban legends spread through trade. urban legends capture curiosity. urban legends blur line between fiction. urban legends spread through travel. urban legends include haunted houses. urban legends spread through social media. urban legends spread across regions. urban legends have impact. urban legends include mysterious creatures. urban legends blur line between truth. urban legends reflect anxieties. urban legends reflect fears. urban legends spread through internet. urban legends are part of popular culture. urban legends are based on historical figures. urban legends explain supernatural. urban legends spread through technology. urban legends spread across continents. urban legends warn listeners. urban legends explain unknown.",
    "evaluation": 1
  },
  {
    "accuracy": "60.00%"
  }
]