[
  {
    "correct_answer": "Bonsai cultivation is a centuries-old practice.",
    "retrieved_context": "styles are refined. bonsai originated in japan. styles are range. bonsai involves styles. styles are expressions. bonsai offers benefits. bonsai involves shaping. bonsai is hobby. bonsai creates form. bonsai provides harmony. bonsai involves miniature trees. bonsai creates age. bonsai is expression. benefits are therapeutic. bonsai creates maturity. bonsai originated in china. bonsai requires aesthetics. bonsai requires understanding. aesthetics creates compositions. styles involve world. bonsai requires skill. expression involves creativity. bonsai involves cultivation. bonsai involves miniaturization. bonsai involves styling. bonsai provides peace. techniques include sculpt. understanding of horticulture. styles involve regions. bonsai creates balance. benefits are meditative. bonsai captures nature. expression involves traditional. bonsai are masterpieces. bonsai involves techniques. techniques include wiring. bonsai maintains size. bonsai encourages mindfulness. prune of roots. techniques include grafting. balance between foliage. styles are elegant. expression involves inspiration. balance between trunk. bonsai involves trim. aesthetics involves proportion. understanding of aesthetics. bonsai tells story. bonsai requires patience. aesthetics involves balance. benefits provide connection. bonsai involves prune. styles are naturalistic. aesthetics involves asymmetry. benefits provide calm. styles involve techniques. styles are informal. bonsai fosters appreciation. miniature trees grown in pots. miniature trees mimic nature. prune of branches. bonsai reflects vision. bonsai capture beauty. miniature trees grown in pots. miniature trees mimic nature.",
    "evaluation": 0
  },
  {
    "correct_answer": "Bonsai originated in China and Japan.",
    "retrieved_context": "styles are refined. bonsai originated in japan. styles are range. bonsai involves styles. styles are expressions. bonsai offers benefits. bonsai involves shaping. bonsai is hobby. bonsai creates form. bonsai provides harmony. bonsai involves miniature trees. bonsai creates age. bonsai is expression. benefits are therapeutic. bonsai creates maturity. bonsai originated in china. bonsai requires aesthetics. bonsai requires understanding. aesthetics creates compositions. styles involve world. bonsai requires skill. expression involves creativity. bonsai involves cultivation. bonsai involves miniaturization. bonsai involves styling. bonsai provides peace. techniques include sculpt. understanding of horticulture. styles involve regions. bonsai creates balance. benefits are meditative. bonsai captures nature. expression involves traditional. bonsai are masterpieces. bonsai involves techniques. techniques include wiring. bonsai maintains size. bonsai encourages mindfulness. prune of roots. techniques include grafting. balance between foliage. styles are elegant. expression involves inspiration. balance between trunk. bonsai involves trim. aesthetics involves proportion. understanding of aesthetics. bonsai tells story. bonsai requires patience. aesthetics involves balance. benefits provide connection. bonsai involves prune. styles are naturalistic. aesthetics involves asymmetry. benefits provide calm. styles involve techniques. styles are informal. bonsai fosters appreciation. miniature trees grown in pots. miniature trees mimic nature. prune of branches. bonsai reflects vision. bonsai capture beauty. miniature trees grown in pots. miniature trees mimic nature.",
    "evaluation": 1
  },
  {
    "correct_answer": "Bonsai translates to 'planted in a container'.",
    "retrieved_context": "styles are refined. bonsai originated in japan. styles are range. bonsai involves styles. styles are expressions. bonsai offers benefits. bonsai involves shaping. bonsai is hobby. bonsai creates form. bonsai provides harmony. bonsai involves miniature trees. bonsai creates age. bonsai is expression. benefits are therapeutic. bonsai creates maturity. bonsai originated in china. bonsai requires aesthetics. bonsai requires understanding. aesthetics creates compositions. styles involve world. bonsai requires skill. expression involves creativity. bonsai involves cultivation. bonsai involves miniaturization. bonsai involves styling. bonsai provides peace. techniques include sculpt. understanding of horticulture. styles involve regions. bonsai creates balance. benefits are meditative. bonsai captures nature. expression involves traditional. bonsai are masterpieces. bonsai involves techniques. techniques include wiring. bonsai maintains size. bonsai encourages mindfulness. prune of roots. techniques include grafting. balance between foliage. styles are elegant. expression involves inspiration. balance between trunk. bonsai involves trim. aesthetics involves proportion. understanding of aesthetics. bonsai tells story. bonsai requires patience. aesthetics involves balance. benefits provide connection. bonsai involves prune. styles are naturalistic. aesthetics involves asymmetry. benefits provide calm. styles involve techniques. styles are informal. bonsai fosters appreciation. miniature trees grown in pots. miniature trees mimic nature. prune of branches. bonsai reflects vision. bonsai capture beauty. miniature trees grown in pots. miniature trees mimic nature.",
    "evaluation": 0
  },
  {
    "correct_answer": "Bonsai involves growing and shaping miniature trees in pots.",
    "retrieved_context": "styles are refined. bonsai originated in japan. styles are range. bonsai involves styles. styles are expressions. bonsai offers benefits. bonsai involves shaping. bonsai is hobby. bonsai creates form. bonsai provides harmony. bonsai involves miniature trees. bonsai creates age. bonsai is expression. benefits are therapeutic. bonsai creates maturity. bonsai originated in china. bonsai requires aesthetics. bonsai requires understanding. aesthetics creates compositions. styles involve world. bonsai requires skill. expression involves creativity. bonsai involves cultivation. bonsai involves miniaturization. bonsai involves styling. bonsai provides peace. techniques include sculpt. understanding of horticulture. styles involve regions. bonsai creates balance. benefits are meditative. bonsai captures nature. expression involves traditional. bonsai are masterpieces. bonsai involves techniques. techniques include wiring. bonsai maintains size. bonsai encourages mindfulness. prune of roots. techniques include grafting. balance between foliage. styles are elegant. expression involves inspiration. balance between trunk. bonsai involves trim. aesthetics involves proportion. understanding of aesthetics. bonsai tells story. bonsai requires patience. aesthetics involves balance. benefits provide connection. bonsai involves prune. styles are naturalistic. aesthetics involves asymmetry. benefits provide calm. styles involve techniques. styles are informal. bonsai fosters appreciation. miniature trees grown in pots. miniature trees mimic nature. prune of branches. bonsai reflects vision. bonsai capture beauty. miniature trees grown in pots. miniature trees mimic nature.",
    "evaluation": 1
  },
  {
    "correct_answer": "Bonsai mimics the appearance of full-sized trees in nature.",
    "retrieved_context": "styles are refined. bonsai originated in japan. styles are range. bonsai involves styles. styles are expressions. bonsai offers benefits. bonsai involves shaping. bonsai is hobby. bonsai creates form. bonsai provides harmony. bonsai involves miniature trees. bonsai creates age. bonsai is expression. benefits are therapeutic. bonsai creates maturity. bonsai originated in china. bonsai requires aesthetics. bonsai requires understanding. aesthetics creates compositions. styles involve world. bonsai requires skill. expression involves creativity. bonsai involves cultivation. bonsai involves miniaturization. bonsai involves styling. bonsai provides peace. techniques include sculpt. understanding of horticulture. styles involve regions. bonsai creates balance. benefits are meditative. bonsai captures nature. expression involves traditional. bonsai are masterpieces. bonsai involves techniques. techniques include wiring. bonsai maintains size. bonsai encourages mindfulness. prune of roots. techniques include grafting. balance between foliage. styles are elegant. expression involves inspiration. balance between trunk. bonsai involves trim. aesthetics involves proportion. understanding of aesthetics. bonsai tells story. bonsai requires patience. aesthetics involves balance. benefits provide connection. bonsai involves prune. styles are naturalistic. aesthetics involves asymmetry. benefits provide calm. styles involve techniques. styles are informal. bonsai fosters appreciation. miniature trees grown in pots. miniature trees mimic nature. prune of branches. bonsai reflects vision. bonsai capture beauty. miniature trees grown in pots. miniature trees mimic nature.",
    "evaluation": 1
  },
  {
    "correct_answer": "Bonsai cultivation requires patience and skill.",
    "retrieved_context": "styles are refined. bonsai originated in japan. styles are range. bonsai involves styles. styles are expressions. bonsai offers benefits. bonsai involves shaping. bonsai is hobby. bonsai creates form. bonsai provides harmony. bonsai involves miniature trees. bonsai creates age. bonsai is expression. benefits are therapeutic. bonsai creates maturity. bonsai originated in china. bonsai requires aesthetics. bonsai requires understanding. aesthetics creates compositions. styles involve world. bonsai requires skill. expression involves creativity. bonsai involves cultivation. bonsai involves miniaturization. bonsai involves styling. bonsai provides peace. techniques include sculpt. understanding of horticulture. styles involve regions. bonsai creates balance. benefits are meditative. bonsai captures nature. expression involves traditional. bonsai are masterpieces. bonsai involves techniques. techniques include wiring. bonsai maintains size. bonsai encourages mindfulness. prune of roots. techniques include grafting. balance between foliage. styles are elegant. expression involves inspiration. balance between trunk. bonsai involves trim. aesthetics involves proportion. understanding of aesthetics. bonsai tells story. bonsai requires patience. aesthetics involves balance. benefits provide connection. bonsai involves prune. styles are naturalistic. aesthetics involves asymmetry. benefits provide calm. styles involve techniques. styles are informal. bonsai fosters appreciation. miniature trees grown in pots. miniature trees mimic nature. prune of branches. bonsai reflects vision. bonsai capture beauty. miniature trees grown in pots. miniature trees mimic nature.",
    "evaluation": 1
  },
  {
    "correct_answer": "Bonsai cultivation requires a deep understanding of horticulture and aesthetics.",
    "retrieved_context": "styles are refined. bonsai originated in japan. styles are range. bonsai involves styles. styles are expressions. bonsai offers benefits. bonsai involves shaping. bonsai is hobby. bonsai creates form. bonsai provides harmony. bonsai involves miniature trees. bonsai creates age. bonsai is expression. benefits are therapeutic. bonsai creates maturity. bonsai originated in china. bonsai requires aesthetics. bonsai requires understanding. aesthetics creates compositions. styles involve world. bonsai requires skill. expression involves creativity. bonsai involves cultivation. bonsai involves miniaturization. bonsai involves styling. bonsai provides peace. techniques include sculpt. understanding of horticulture. styles involve regions. bonsai creates balance. benefits are meditative. bonsai captures nature. expression involves traditional. bonsai are masterpieces. bonsai involves techniques. techniques include wiring. bonsai maintains size. bonsai encourages mindfulness. prune of roots. techniques include grafting. balance between foliage. styles are elegant. expression involves inspiration. balance between trunk. bonsai involves trim. aesthetics involves proportion. understanding of aesthetics. bonsai tells story. bonsai requires patience. aesthetics involves balance. benefits provide connection. bonsai involves prune. styles are naturalistic. aesthetics involves asymmetry. benefits provide calm. styles involve techniques. styles are informal. bonsai fosters appreciation. miniature trees grown in pots. miniature trees mimic nature. prune of branches. bonsai reflects vision. bonsai capture beauty. compositions involve angle. aesthetics involves balance. aesthetics involves asymmetry. compositions involve design. compositions involve placement. balance between foliage. balance between trunk. aesthetics involves proportion. aesthetics creates compositions. miniature trees grown in pots. miniature trees mimic nature.",
    "evaluation": 1
  },
  {
    "correct_answer": "Bonsai artists prune and trim branches and roots to maintain small size.",
    "retrieved_context": "styles are refined. bonsai originated in japan. styles are range. bonsai involves styles. styles are expressions. bonsai offers benefits. bonsai involves shaping. bonsai is hobby. bonsai creates form. bonsai provides harmony. bonsai involves miniature trees. bonsai creates age. bonsai is expression. benefits are therapeutic. bonsai creates maturity. bonsai originated in china. bonsai requires aesthetics. bonsai requires understanding. aesthetics creates compositions. styles involve world. bonsai requires skill. expression involves creativity. bonsai involves cultivation. bonsai involves miniaturization. bonsai involves styling. bonsai provides peace. techniques include sculpt. understanding of horticulture. styles involve regions. bonsai creates balance. benefits are meditative. bonsai captures nature. expression involves traditional. bonsai are masterpieces. bonsai involves techniques. techniques include wiring. bonsai maintains size. bonsai encourages mindfulness. prune of roots. techniques include grafting. balance between foliage. styles are elegant. expression involves inspiration. balance between trunk. bonsai involves trim. aesthetics involves proportion. understanding of aesthetics. bonsai tells story. bonsai requires patience. aesthetics involves balance. benefits provide connection. bonsai involves prune. styles are naturalistic. aesthetics involves asymmetry. benefits provide calm. styles involve techniques. styles are informal. bonsai fosters appreciation. miniature trees grown in pots. miniature trees mimic nature. prune of branches. bonsai reflects vision. bonsai capture beauty. prune of roots. prune of branches. miniature trees grown in pots. miniature trees mimic nature. techniques include sculpt. techniques include wiring. techniques include grafting.",
    "evaluation": 1
  },
  {
    "correct_answer": "Bonsai artists create a sense of age and maturity in the trees.",
    "retrieved_context": "styles are refined. bonsai originated in japan. styles are range. bonsai involves styles. styles are expressions. bonsai offers benefits. bonsai involves shaping. bonsai is hobby. bonsai creates form. bonsai provides harmony. bonsai involves miniature trees. bonsai creates age. bonsai is expression. benefits are therapeutic. bonsai creates maturity. bonsai originated in china. bonsai requires aesthetics. bonsai requires understanding. aesthetics creates compositions. styles involve world. bonsai requires skill. expression involves creativity. bonsai involves cultivation. bonsai involves miniaturization. bonsai involves styling. bonsai provides peace. techniques include sculpt. understanding of horticulture. styles involve regions. bonsai creates balance. benefits are meditative. bonsai captures nature. expression involves traditional. bonsai are masterpieces. bonsai involves techniques. techniques include wiring. bonsai maintains size. bonsai encourages mindfulness. prune of roots. techniques include grafting. balance between foliage. styles are elegant. expression involves inspiration. balance between trunk. bonsai involves trim. aesthetics involves proportion. understanding of aesthetics. bonsai tells story. bonsai requires patience. aesthetics involves balance. benefits provide connection. bonsai involves prune. styles are naturalistic. aesthetics involves asymmetry. benefits provide calm. styles involve techniques. styles are informal. bonsai fosters appreciation. miniature trees grown in pots. miniature trees mimic nature. prune of branches. bonsai reflects vision. bonsai capture beauty. miniature trees grown in pots. miniature trees mimic nature.",
    "evaluation": 1
  },
  {
    "correct_answer": "Bonsai artists carefully control the growth of the trees.",
    "retrieved_context": "styles are refined. bonsai originated in japan. styles are range. bonsai involves styles. styles are expressions. bonsai offers benefits. bonsai involves shaping. bonsai is hobby. bonsai creates form. bonsai provides harmony. bonsai involves miniature trees. bonsai creates age. bonsai is expression. benefits are therapeutic. bonsai creates maturity. bonsai originated in china. bonsai requires aesthetics. bonsai requires understanding. aesthetics creates compositions. styles involve world. bonsai requires skill. expression involves creativity. bonsai involves cultivation. bonsai involves miniaturization. bonsai involves styling. bonsai provides peace. techniques include sculpt. understanding of horticulture. styles involve regions. bonsai creates balance. benefits are meditative. bonsai captures nature. expression involves traditional. bonsai are masterpieces. bonsai involves techniques. techniques include wiring. bonsai maintains size. bonsai encourages mindfulness. prune of roots. techniques include grafting. balance between foliage. styles are elegant. expression involves inspiration. balance between trunk. bonsai involves trim. aesthetics involves proportion. understanding of aesthetics. bonsai tells story. bonsai requires patience. aesthetics involves balance. benefits provide connection. bonsai involves prune. styles are naturalistic. aesthetics involves asymmetry. benefits provide calm. styles involve techniques. styles are informal. bonsai fosters appreciation. miniature trees grown in pots. miniature trees mimic nature. prune of branches. bonsai reflects vision. bonsai capture beauty. miniature trees grown in pots. miniature trees mimic nature. techniques include sculpt. techniques include wiring. techniques include grafting.",
    "evaluation": 0
  },
  {
    "correct_answer": "Bonsai artists use wiring, pruning, and grafting techniques.",
    "retrieved_context": "styles are refined. bonsai originated in japan. styles are range. bonsai involves styles. styles are expressions. bonsai offers benefits. bonsai involves shaping. bonsai is hobby. bonsai creates form. bonsai provides harmony. bonsai involves miniature trees. bonsai creates age. bonsai is expression. benefits are therapeutic. bonsai creates maturity. bonsai originated in china. bonsai requires aesthetics. bonsai requires understanding. aesthetics creates compositions. styles involve world. bonsai requires skill. expression involves creativity. bonsai involves cultivation. bonsai involves miniaturization. bonsai involves styling. bonsai provides peace. techniques include sculpt. understanding of horticulture. styles involve regions. bonsai creates balance. benefits are meditative. bonsai captures nature. expression involves traditional. bonsai are masterpieces. bonsai involves techniques. techniques include wiring. bonsai maintains size. bonsai encourages mindfulness. prune of roots. techniques include grafting. balance between foliage. styles are elegant. expression involves inspiration. balance between trunk. bonsai involves trim. aesthetics involves proportion. understanding of aesthetics. bonsai tells story. bonsai requires patience. aesthetics involves balance. benefits provide connection. bonsai involves prune. styles are naturalistic. aesthetics involves asymmetry. benefits provide calm. styles involve techniques. styles are informal. bonsai fosters appreciation. miniature trees grown in pots. miniature trees mimic nature. prune of branches. bonsai reflects vision. bonsai capture beauty. techniques include sculpt. techniques include wiring. techniques include grafting. miniature trees grown in pots. miniature trees mimic nature. prune of roots. prune of branches. compositions involve angle. aesthetics involves balance. aesthetics involves asymmetry. compositions involve design. compositions involve placement. balance between foliage. balance between trunk. aesthetics involves proportion. aesthetics creates compositions.",
    "evaluation": 1
  },
  {
    "correct_answer": "Bonsai artists aim to create a harmonious balance in the trees.",
    "retrieved_context": "styles are refined. bonsai originated in japan. styles are range. bonsai involves styles. styles are expressions. bonsai offers benefits. bonsai involves shaping. bonsai is hobby. bonsai creates form. bonsai provides harmony. bonsai involves miniature trees. bonsai creates age. bonsai is expression. benefits are therapeutic. bonsai creates maturity. bonsai originated in china. bonsai requires aesthetics. bonsai requires understanding. aesthetics creates compositions. styles involve world. bonsai requires skill. expression involves creativity. bonsai involves cultivation. bonsai involves miniaturization. bonsai involves styling. bonsai provides peace. techniques include sculpt. understanding of horticulture. styles involve regions. bonsai creates balance. benefits are meditative. bonsai captures nature. expression involves traditional. bonsai are masterpieces. bonsai involves techniques. techniques include wiring. bonsai maintains size. bonsai encourages mindfulness. prune of roots. techniques include grafting. balance between foliage. styles are elegant. expression involves inspiration. balance between trunk. bonsai involves trim. aesthetics involves proportion. understanding of aesthetics. bonsai tells story. bonsai requires patience. aesthetics involves balance. benefits provide connection. bonsai involves prune. styles are naturalistic. aesthetics involves asymmetry. benefits provide calm. styles involve techniques. styles are informal. bonsai fosters appreciation. miniature trees grown in pots. miniature trees mimic nature. prune of branches. bonsai reflects vision. bonsai capture beauty. miniature trees grown in pots. miniature trees mimic nature. balance between foliage. balance between trunk.",
    "evaluation": 1
  },
  {
    "correct_answer": "Bonsai artists consider proportion, balance, and asymmetry in their compositions.",
    "retrieved_context": "styles are refined. bonsai originated in japan. styles are range. bonsai involves styles. styles are expressions. bonsai offers benefits. bonsai involves shaping. bonsai is hobby. bonsai creates form. bonsai provides harmony. bonsai involves miniature trees. bonsai creates age. bonsai is expression. benefits are therapeutic. bonsai creates maturity. bonsai originated in china. bonsai requires aesthetics. bonsai requires understanding. aesthetics creates compositions. styles involve world. bonsai requires skill. expression involves creativity. bonsai involves cultivation. bonsai involves miniaturization. bonsai involves styling. bonsai provides peace. techniques include sculpt. understanding of horticulture. styles involve regions. bonsai creates balance. benefits are meditative. bonsai captures nature. expression involves traditional. bonsai are masterpieces. bonsai involves techniques. techniques include wiring. bonsai maintains size. bonsai encourages mindfulness. prune of roots. techniques include grafting. balance between foliage. styles are elegant. expression involves inspiration. balance between trunk. bonsai involves trim. aesthetics involves proportion. understanding of aesthetics. bonsai tells story. bonsai requires patience. aesthetics involves balance. benefits provide connection. bonsai involves prune. styles are naturalistic. aesthetics involves asymmetry. benefits provide calm. styles involve techniques. styles are informal. bonsai fosters appreciation. miniature trees grown in pots. miniature trees mimic nature. prune of branches. bonsai reflects vision. bonsai capture beauty. compositions involve angle. design creates impact. compositions involve design. compositions involve placement. balance between foliage. balance between trunk. visual representations in space.",
    "evaluation": 1
  },
  {
    "correct_answer": "Bonsai cultivation is a form of artistic expression.",
    "retrieved_context": "styles are refined. bonsai originated in japan. styles are range. bonsai involves styles. styles are expressions. bonsai offers benefits. bonsai involves shaping. bonsai is hobby. bonsai creates form. bonsai provides harmony. bonsai involves miniature trees. bonsai creates age. bonsai is expression. benefits are therapeutic. bonsai creates maturity. bonsai originated in china. bonsai requires aesthetics. bonsai requires understanding. aesthetics creates compositions. styles involve world. bonsai requires skill. expression involves creativity. bonsai involves cultivation. bonsai involves miniaturization. bonsai involves styling. bonsai provides peace. techniques include sculpt. understanding of horticulture. styles involve regions. bonsai creates balance. benefits are meditative. bonsai captures nature. expression involves traditional. bonsai are masterpieces. bonsai involves techniques. techniques include wiring. bonsai maintains size. bonsai encourages mindfulness. prune of roots. techniques include grafting. balance between foliage. styles are elegant. expression involves inspiration. balance between trunk. bonsai involves trim. aesthetics involves proportion. understanding of aesthetics. bonsai tells story. bonsai requires patience. aesthetics involves balance. benefits provide connection. bonsai involves prune. styles are naturalistic. aesthetics involves asymmetry. benefits provide calm. styles involve techniques. styles are informal. bonsai fosters appreciation. miniature trees grown in pots. miniature trees mimic nature. prune of branches. bonsai reflects vision. bonsai capture beauty. bonsai originated in japan. bonsai involves styles. bonsai offers benefits. bonsai involves shaping. bonsai is hobby. bonsai creates form. bonsai provides harmony. bonsai involves miniature trees. bonsai creates age. bonsai is expression. bonsai creates maturity. bonsai originated in china. bonsai requires aesthetics. bonsai requires understanding. bonsai requires skill. bonsai involves cultivation. bonsai involves styling. bonsai provides peace. bonsai creates balance. bonsai captures nature. bonsai maintains size. bonsai are masterpieces. bonsai involves techniques. bonsai tells story. bonsai encourages mindfulness. bonsai involves trim. bonsai requires patience. bonsai involves prune. art of bonsai. bonsai fosters appreciation. bonsai involves miniaturization. bonsai reflects vision. bonsai capture beauty. compositions involve angle. aesthetics involves balance. aesthetics involves asymmetry. compositions involve design. compositions involve placement. balance between foliage. balance between trunk. aesthetics involves proportion. aesthetics creates compositions.",
    "evaluation": 1
  },
  {
    "correct_answer": "Bonsai cultivation offers therapeutic and meditative benefits.",
    "retrieved_context": "styles are refined. bonsai originated in japan. styles are range. bonsai involves styles. styles are expressions. bonsai offers benefits. bonsai involves shaping. bonsai is hobby. bonsai creates form. bonsai provides harmony. bonsai involves miniature trees. bonsai creates age. bonsai is expression. benefits are therapeutic. bonsai creates maturity. bonsai originated in china. bonsai requires aesthetics. bonsai requires understanding. aesthetics creates compositions. styles involve world. bonsai requires skill. expression involves creativity. bonsai involves cultivation. bonsai involves miniaturization. bonsai involves styling. bonsai provides peace. techniques include sculpt. understanding of horticulture. styles involve regions. bonsai creates balance. benefits are meditative. bonsai captures nature. expression involves traditional. bonsai are masterpieces. bonsai involves techniques. techniques include wiring. bonsai maintains size. bonsai encourages mindfulness. prune of roots. techniques include grafting. balance between foliage. styles are elegant. expression involves inspiration. balance between trunk. bonsai involves trim. aesthetics involves proportion. understanding of aesthetics. bonsai tells story. bonsai requires patience. aesthetics involves balance. benefits provide connection. bonsai involves prune. styles are naturalistic. aesthetics involves asymmetry. benefits provide calm. styles involve techniques. styles are informal. bonsai fosters appreciation. miniature trees grown in pots. miniature trees mimic nature. prune of branches. bonsai reflects vision. bonsai capture beauty. benefits provide calm. benefits provide connection. benefits are meditative. benefits are therapeutic.",
    "evaluation": 1
  },
  {
    "accuracy": "80.00%"
  }
]