[
  {
    "correct_answer": "Coffee is a cultural phenomenon in society.",
    "retrieved_context": "coffee culture emphasizes sustainability. coffee culture emphasizes quality. coffee culture emphasizes ethical sourcing. coffee is cultural phenomenon. coffee is culture. coffee continues to evolve. coffee plays significant role. pivotal in enlightenment period. integral of people's daily lives. coffee shaping world. coffee continues to preferences. coffee is more than beverage. coffee played pivotal. symbol of social status. coffee shaping communicate. coffee has global popularity. symbol of lifestyle. coffee continues to changing trends. coffee is symbol of connection. significant role in rituals. coffee is community. coffee has become integral. symbol of personal identity. coffee continues to adapt. significant role in social gatherings. coffee has become symbol. coffee shaping experience. society around world. coffee role in society. coffee has diverse impact. coffee shaping interact. coffee has rich history. cultural phenomenon plays significant. cafe culture of paris. opportunities to colleagues. coffee breaks are moments. opportunities to connect. coffee breaks are opportunities. opportunities to workplace. opportunities to build relationships. global coffee trade is multi-billion dollar industry. multi-billion dollar industry with commodities. coffee tasting party fosters sense of community. qahveh khaneh emerge in middle east. coffee houses shaping social fabric. coffee houses became central hubs. central hubs for political discourse. central hubs for social interaction. social fabric of cities. central hubs for business transactions. coffee houses known as qahveh khaneh.",
    "evaluation": 1
  },
  {
    "correct_answer": "Coffee is an integral part of people's daily lives.",
    "retrieved_context": "coffee is cultural phenomenon. coffee is culture. coffee continues to evolve. coffee plays significant role. pivotal in enlightenment period. integral of people's daily lives. coffee shaping world. coffee continues to preferences. coffee is more than beverage. coffee played pivotal. symbol of social status. coffee shaping communicate. coffee has global popularity. symbol of lifestyle. coffee continues to changing trends. coffee is symbol of connection. significant role in rituals. coffee is community. coffee has become integral. symbol of personal identity. coffee continues to adapt. significant role in social gatherings. coffee has become symbol. coffee shaping experience. society around world. coffee role in society. coffee has diverse impact. coffee shaping interact. coffee has rich history. cultural phenomenon plays significant. coffee culture emphasizes sustainability. coffee culture emphasizes quality. coffee culture emphasizes ethical sourcing. qahveh khaneh emerge in middle east. coffee houses shaping social fabric. coffee houses became central hubs. central hubs for political discourse. central hubs for social interaction. social fabric of cities. central hubs for business transactions. coffee houses known as qahveh khaneh. opportunities to colleagues. coffee breaks are moments. opportunities to connect. coffee breaks are opportunities. opportunities to workplace. opportunities to build relationships. goats became energetic. coffee beans made goats. global coffee trade is multi-billion dollar industry. multi-billion dollar industry with commodities. starbucks transformed perceive. starbucks transformed consume. coffee chains such as starbucks.",
    "evaluation": 1
  },
  {
    "correct_answer": "Coffee's history dates back to ancient times.",
    "retrieved_context": "coffee culture emphasizes sustainability. coffee culture emphasizes quality. coffee culture emphasizes ethical sourcing. coffee is cultural phenomenon. coffee is culture. coffee continues to evolve. coffee plays significant role. pivotal in enlightenment period. integral of people's daily lives. coffee shaping world. coffee continues to preferences. coffee is more than beverage. coffee played pivotal. symbol of social status. coffee shaping communicate. coffee has global popularity. symbol of lifestyle. coffee continues to changing trends. coffee is symbol of connection. significant role in rituals. coffee is community. coffee has become integral. symbol of personal identity. coffee continues to adapt. significant role in social gatherings. coffee has become symbol. coffee shaping experience. society around world. coffee role in society. coffee has diverse impact. coffee shaping interact. coffee has rich history. cultural phenomenon plays significant. starbucks transformed perceive. starbucks transformed consume. coffee chains such as starbucks. goats became energetic. coffee beans made goats. global coffee trade is multi-billion dollar industry. multi-billion dollar industry with commodities. qahveh khaneh emerge in middle east. coffee houses shaping social fabric. coffee houses became central hubs. central hubs for political discourse. central hubs for social interaction. social fabric of cities. central hubs for business transactions. coffee houses known as qahveh khaneh. opportunities to colleagues. coffee breaks are moments. opportunities to connect. coffee breaks are opportunities. opportunities to workplace. opportunities to build relationships.",
    "evaluation": 0
  },
  {
    "correct_answer": "Coffee originated from the Ethiopian plateau.",
    "retrieved_context": "coffee culture emphasizes sustainability. coffee culture emphasizes quality. coffee culture emphasizes ethical sourcing. coffee is cultural phenomenon. coffee is culture. coffee continues to evolve. coffee plays significant role. pivotal in enlightenment period. integral of people's daily lives. coffee shaping world. coffee continues to preferences. coffee is more than beverage. coffee played pivotal. symbol of social status. coffee shaping communicate. coffee has global popularity. symbol of lifestyle. coffee continues to changing trends. coffee is symbol of connection. significant role in rituals. coffee is community. coffee has become integral. symbol of personal identity. coffee continues to adapt. significant role in social gatherings. coffee has become symbol. coffee shaping experience. society around world. coffee role in society. coffee has diverse impact. coffee shaping interact. coffee has rich history. cultural phenomenon plays significant. goats became energetic. coffee beans made goats. global coffee trade is multi-billion dollar industry. multi-billion dollar industry with commodities. starbucks transformed perceive. starbucks transformed consume. coffee chains such as starbucks. opportunities to colleagues. coffee breaks are moments. opportunities to connect. coffee breaks are opportunities. opportunities to workplace. opportunities to build relationships.",
    "evaluation": 0
  },
  {
    "correct_answer": "Coffee was discovered by a goat herder named Kaldi.",
    "retrieved_context": "starbucks transformed perceive. starbucks transformed consume. coffee chains such as starbucks. stimulating effects of coffee beans. kaldi discovered stimulating effects. coffee culture emphasizes sustainability. coffee culture emphasizes quality. coffee culture emphasizes ethical sourcing. coffee is cultural phenomenon. coffee is culture. coffee continues to evolve. coffee plays significant role. pivotal in enlightenment period. integral of people's daily lives. coffee shaping world. coffee continues to preferences. coffee is more than beverage. coffee played pivotal. symbol of social status. coffee shaping communicate. coffee has global popularity. symbol of lifestyle. coffee continues to changing trends. coffee is symbol of connection. significant role in rituals. coffee is community. coffee has become integral. symbol of personal identity. coffee continues to adapt. significant role in social gatherings. coffee has become symbol. coffee shaping experience. society around world. coffee role in society. coffee has diverse impact. coffee shaping interact. coffee has rich history. cultural phenomenon plays significant. goats became energetic. coffee beans made goats. coffee tasting party fosters sense of community. kaldi discovered stimulating effects. goat herder named kaldi.",
    "evaluation": 1
  },
  {
    "correct_answer": "Coffee spread to the Arabian Peninsula.",
    "retrieved_context": "global coffee trade is multi-billion dollar industry. multi-billion dollar industry with commodities. coffee culture emphasizes sustainability. coffee culture emphasizes quality. coffee culture emphasizes ethical sourcing. coffee is cultural phenomenon. coffee is culture. coffee continues to evolve. coffee plays significant role. pivotal in enlightenment period. integral of people's daily lives. coffee shaping world. coffee continues to preferences. coffee is more than beverage. coffee played pivotal. symbol of social status. coffee shaping communicate. coffee has global popularity. symbol of lifestyle. coffee continues to changing trends. coffee is symbol of connection. significant role in rituals. coffee is community. coffee has become integral. symbol of personal identity. coffee continues to adapt. significant role in social gatherings. coffee has become symbol. coffee shaping experience. society around world. coffee role in society. coffee has diverse impact. coffee shaping interact. coffee has rich history. cultural phenomenon plays significant. starbucks transformed perceive. starbucks transformed consume. coffee chains such as starbucks. goats became energetic. coffee beans made goats. qahveh khaneh emerge in middle east. coffee houses shaping social fabric. coffee houses became central hubs. central hubs for political discourse. central hubs for social interaction. social fabric of cities. central hubs for business transactions. coffee houses known as qahveh khaneh.",
    "evaluation": 0
  },
  {
    "correct_answer": "Coffee houses emerged in the Middle East as social spaces.",
    "retrieved_context": "qahveh khaneh emerge in middle east. coffee houses shaping social fabric. coffee houses became central hubs. central hubs for political discourse. central hubs for social interaction. social fabric of cities. central hubs for business transactions. coffee houses known as qahveh khaneh. coffee culture emphasizes sustainability. coffee culture emphasizes quality. coffee culture emphasizes ethical sourcing. cafe culture of paris. global coffee trade is multi-billion dollar industry. multi-billion dollar industry with commodities. starbucks transformed perceive. starbucks transformed consume. coffee chains such as starbucks. middle east as social spaces. coffee is cultural phenomenon. coffee is culture. coffee continues to evolve. coffee plays significant role. pivotal in enlightenment period. integral of people's daily lives. coffee shaping world. coffee continues to preferences. coffee is more than beverage. coffee played pivotal. symbol of social status. coffee shaping communicate. coffee has global popularity. symbol of lifestyle. coffee continues to changing trends. coffee is symbol of connection. significant role in rituals. coffee is community. coffee has become integral. symbol of personal identity. coffee continues to adapt. significant role in social gatherings. coffee has become symbol. coffee shaping experience. society around world. coffee role in society. coffee has diverse impact. coffee shaping interact. coffee has rich history. cultural phenomenon plays significant.",
    "evaluation": 1
  },
  {
    "correct_answer": "Coffee reached Europe by the 17th century.",
    "retrieved_context": "coffee culture emphasizes sustainability. coffee culture emphasizes quality. coffee culture emphasizes ethical sourcing. global coffee trade is multi-billion dollar industry. multi-billion dollar industry with commodities. 17th century coffee had made europe. coffee is cultural phenomenon. coffee is culture. coffee continues to evolve. coffee plays significant role. pivotal in enlightenment period. integral of people's daily lives. coffee shaping world. coffee continues to preferences. coffee is more than beverage. coffee played pivotal. symbol of social status. coffee shaping communicate. coffee has global popularity. symbol of lifestyle. coffee continues to changing trends. coffee is symbol of connection. significant role in rituals. coffee is community. coffee has become integral. symbol of personal identity. coffee continues to adapt. significant role in social gatherings. coffee has become symbol. coffee shaping experience. society around world. coffee role in society. coffee has diverse impact. coffee shaping interact. coffee has rich history. cultural phenomenon plays significant. starbucks transformed perceive. starbucks transformed consume. coffee chains such as starbucks. coffee tasting party fosters sense of community. opportunities to colleagues. coffee breaks are moments. opportunities to connect. coffee breaks are opportunities. opportunities to workplace. opportunities to build relationships.",
    "evaluation": 0
  },
  {
    "correct_answer": "Coffee houses in Europe were hubs for social interaction.",
    "retrieved_context": "qahveh khaneh emerge in middle east. coffee houses shaping social fabric. coffee houses became central hubs. central hubs for political discourse. central hubs for social interaction. social fabric of cities. central hubs for business transactions. coffee houses known as qahveh khaneh. coffee culture emphasizes sustainability. coffee culture emphasizes quality. coffee culture emphasizes ethical sourcing. cafe culture of paris. global coffee trade is multi-billion dollar industry. multi-billion dollar industry with commodities. starbucks transformed perceive. starbucks transformed consume. coffee chains such as starbucks. coffee tasting party fosters sense of community. coffee is cultural phenomenon. coffee is culture. coffee continues to evolve. coffee plays significant role. pivotal in enlightenment period. integral of people's daily lives. coffee shaping world. coffee continues to preferences. coffee is more than beverage. coffee played pivotal. symbol of social status. coffee shaping communicate. coffee has global popularity. symbol of lifestyle. coffee continues to changing trends. coffee is symbol of connection. significant role in rituals. coffee is community. coffee has become integral. symbol of personal identity. coffee continues to adapt. significant role in social gatherings. coffee has become symbol. coffee shaping experience. society around world. coffee role in society. coffee has diverse impact. coffee shaping interact. coffee has rich history. cultural phenomenon plays significant.",
    "evaluation": 0
  },
  {
    "correct_answer": "Coffee played a pivotal role in the Enlightenment period.",
    "retrieved_context": "coffee culture emphasizes sustainability. coffee culture emphasizes quality. coffee culture emphasizes ethical sourcing. coffee is cultural phenomenon. coffee is culture. coffee continues to evolve. coffee plays significant role. pivotal in enlightenment period. integral of people's daily lives. coffee shaping world. coffee continues to preferences. coffee is more than beverage. coffee played pivotal. symbol of social status. coffee shaping communicate. coffee has global popularity. symbol of lifestyle. coffee continues to changing trends. coffee is symbol of connection. significant role in rituals. coffee is community. coffee has become integral. symbol of personal identity. coffee continues to adapt. significant role in social gatherings. coffee has become symbol. coffee shaping experience. society around world. coffee role in society. coffee has diverse impact. coffee shaping interact. coffee has rich history. cultural phenomenon plays significant. global coffee trade is multi-billion dollar industry. multi-billion dollar industry with commodities. goats became energetic. coffee beans made goats. opportunities to colleagues. coffee breaks are moments. opportunities to connect. coffee breaks are opportunities. opportunities to workplace. opportunities to build relationships. qahveh khaneh emerge in middle east. coffee houses shaping social fabric. coffee houses became central hubs. central hubs for political discourse. central hubs for social interaction. social fabric of cities. central hubs for business transactions. coffee houses known as qahveh khaneh.",
    "evaluation": 1
  },
  {
    "correct_answer": "Coffee consumption is global in the modern era.",
    "retrieved_context": "global coffee trade is multi-billion dollar industry. multi-billion dollar industry with commodities. coffee culture emphasizes sustainability. coffee culture emphasizes quality. coffee culture emphasizes ethical sourcing. coffee is cultural phenomenon. coffee is culture. coffee continues to evolve. coffee plays significant role. pivotal in enlightenment period. integral of people's daily lives. coffee shaping world. coffee continues to preferences. coffee is more than beverage. coffee played pivotal. symbol of social status. coffee shaping communicate. coffee has global popularity. symbol of lifestyle. coffee continues to changing trends. coffee is symbol of connection. significant role in rituals. coffee is community. coffee has become integral. symbol of personal identity. coffee continues to adapt. significant role in social gatherings. coffee has become symbol. coffee shaping experience. society around world. coffee role in society. coffee has diverse impact. coffee shaping interact. coffee has rich history. cultural phenomenon plays significant. qahveh khaneh emerge in middle east. coffee houses shaping social fabric. coffee houses became central hubs. central hubs for political discourse. central hubs for social interaction. social fabric of cities. central hubs for business transactions. coffee houses known as qahveh khaneh. opportunities to colleagues. coffee breaks are moments. opportunities to connect. coffee breaks are opportunities. opportunities to workplace. opportunities to build relationships. cafe culture of paris. starbucks transformed perceive. starbucks transformed consume. coffee chains such as starbucks.",
    "evaluation": 1
  },
  {
    "correct_answer": "Coffee chains like Starbucks have transformed coffee consumption.",
    "retrieved_context": "starbucks transformed perceive. starbucks transformed consume. coffee chains such as starbucks. starbucks transformed perceive. starbucks transformed consume. coffee culture emphasizes sustainability. coffee culture emphasizes quality. coffee culture emphasizes ethical sourcing. global coffee trade is multi-billion dollar industry. multi-billion dollar industry with commodities. coffee is cultural phenomenon. coffee is culture. coffee continues to evolve. coffee plays significant role. pivotal in enlightenment period. integral of people's daily lives. coffee shaping world. coffee continues to preferences. coffee is more than beverage. coffee played pivotal. symbol of social status. coffee shaping communicate. coffee has global popularity. symbol of lifestyle. coffee continues to changing trends. coffee is symbol of connection. significant role in rituals. coffee is community. coffee has become integral. symbol of personal identity. coffee continues to adapt. significant role in social gatherings. coffee has become symbol. coffee shaping experience. society around world. coffee role in society. coffee has diverse impact. coffee shaping interact. coffee has rich history. cultural phenomenon plays significant. opportunities to colleagues. coffee breaks are moments. opportunities to connect. coffee breaks are opportunities. opportunities to workplace. opportunities to build relationships. qahveh khaneh emerge in middle east. coffee houses shaping social fabric. coffee houses became central hubs. central hubs for political discourse. central hubs for social interaction. social fabric of cities. central hubs for business transactions. coffee houses known as qahveh khaneh. goats became energetic. coffee beans made goats.",
    "evaluation": 1
  },
  {
    "correct_answer": "Coffee is a symbol of social status and lifestyle.",
    "retrieved_context": "coffee culture emphasizes sustainability. coffee culture emphasizes quality. coffee culture emphasizes ethical sourcing. coffee is cultural phenomenon. coffee is culture. coffee continues to evolve. coffee plays significant role. pivotal in enlightenment period. integral of people's daily lives. coffee shaping world. coffee continues to preferences. coffee is more than beverage. coffee played pivotal. symbol of social status. coffee shaping communicate. coffee has global popularity. symbol of lifestyle. coffee continues to changing trends. coffee is symbol of connection. significant role in rituals. coffee is community. coffee has become integral. symbol of personal identity. coffee continues to adapt. significant role in social gatherings. coffee has become symbol. coffee shaping experience. society around world. coffee role in society. coffee has diverse impact. coffee shaping interact. coffee has rich history. cultural phenomenon plays significant. qahveh khaneh emerge in middle east. coffee houses shaping social fabric. coffee houses became central hubs. central hubs for political discourse. central hubs for social interaction. social fabric of cities. central hubs for business transactions. coffee houses known as qahveh khaneh. goats became energetic. coffee beans made goats. opportunities to colleagues. coffee breaks are moments. opportunities to connect. coffee breaks are opportunities. opportunities to workplace. opportunities to build relationships. cafe culture of paris. coffee tasting party fosters sense of community.",
    "evaluation": 1
  },
  {
    "correct_answer": "Coffee is associated with productivity and focus.",
    "retrieved_context": "coffee is cultural phenomenon. coffee is culture. coffee continues to evolve. coffee plays significant role. pivotal in enlightenment period. integral of people's daily lives. coffee shaping world. coffee continues to preferences. coffee is more than beverage. coffee played pivotal. symbol of social status. coffee shaping communicate. coffee has global popularity. symbol of lifestyle. coffee continues to changing trends. coffee is symbol of connection. significant role in rituals. coffee is community. coffee has become integral. symbol of personal identity. coffee continues to adapt. significant role in social gatherings. coffee has become symbol. coffee shaping experience. society around world. coffee role in society. coffee has diverse impact. coffee shaping interact. coffee has rich history. cultural phenomenon plays significant. coffee culture emphasizes sustainability. coffee culture emphasizes quality. coffee culture emphasizes ethical sourcing. opportunities to colleagues. coffee breaks are moments. opportunities to connect. coffee breaks are opportunities. opportunities to workplace. opportunities to build relationships. goats became energetic. coffee beans made goats. global coffee trade is multi-billion dollar industry. multi-billion dollar industry with commodities. qahveh khaneh emerge in middle east. coffee houses shaping social fabric. coffee houses became central hubs. central hubs for political discourse. central hubs for social interaction. social fabric of cities. central hubs for business transactions. coffee houses known as qahveh khaneh.",
    "evaluation": 0
  },
  {
    "correct_answer": "Coffee breaks are opportunities for socializing.",
    "retrieved_context": "opportunities to colleagues. coffee breaks are moments. opportunities to connect. coffee breaks are opportunities. opportunities to workplace. opportunities to build relationships. coffee culture emphasizes sustainability. coffee culture emphasizes quality. coffee culture emphasizes ethical sourcing. coffee is cultural phenomenon. coffee is culture. coffee continues to evolve. coffee plays significant role. pivotal in enlightenment period. integral of people's daily lives. coffee shaping world. coffee continues to preferences. coffee is more than beverage. coffee played pivotal. symbol of social status. coffee shaping communicate. coffee has global popularity. symbol of lifestyle. coffee continues to changing trends. coffee is symbol of connection. significant role in rituals. coffee is community. coffee has become integral. symbol of personal identity. coffee continues to adapt. significant role in social gatherings. coffee has become symbol. coffee shaping experience. society around world. coffee role in society. coffee has diverse impact. coffee shaping interact. coffee has rich history. cultural phenomenon plays significant. qahveh khaneh emerge in middle east. coffee houses shaping social fabric. coffee houses became central hubs. central hubs for political discourse. central hubs for social interaction. social fabric of cities. central hubs for business transactions. coffee houses known as qahveh khaneh. coffee tasting party fosters sense of community. starbucks transformed perceive. starbucks transformed consume. coffee chains such as starbucks.",
    "evaluation": 1
  },
  {
    "accuracy": "60.00%"
  }
]