[
  {
    "correct_answer": "Atlantis is a legendary island.",
    "retrieved_context": "island possessed military. island was rich. myth convey philosophical. atlantis is a metaphor. atlantis was a real. atlantis were virtuous. atlantis is a utopia. island possessed power. legendary continues to inspire. atlantis was a advanced. atlantis is a island. atlantis is a legendary. atlantis was a powerful. atlantis were noble. atlantis became corrupt. atlantis is a myth. corrupt led to downfall. myth convey moral. atlantis became power-hungry. island possessed technology. legendary continues to fascinate. atlantis possessed knowledge. atlantis is a cautionary. island possessed resources. legendary continues to world. real place in atlantic ocean. island possessed military. island was rich. island possessed resources. island possessed technology. island possessed power. legendary continues to inspire. legendary continues to fascinate. legendary continues to world. ancient greek philosopher. pillars of hercules are strait of gibraltar. myth convey moral. myth convey philosophical. dialogues are timaeus. dialogues are critias. plato mentioned in dialogues. tale about hubris. tale is wonder. tale is curiosity. tale about greed. tale about dangers.",
    "evaluation": 1
  },
  {
    "correct_answer": "Plato mentioned Atlantis in his dialogues 'Timaeus' and 'Critias'.",
    "retrieved_context": "island possessed military. island was rich. myth convey philosophical. atlantis is a metaphor. atlantis was a real. atlantis were virtuous. atlantis is a utopia. island possessed power. legendary continues to inspire. atlantis was a advanced. atlantis is a island. atlantis is a legendary. atlantis was a powerful. atlantis were noble. atlantis became corrupt. atlantis is a myth. corrupt led to downfall. myth convey moral. atlantis became power-hungry. island possessed technology. legendary continues to fascinate. atlantis possessed knowledge. atlantis is a cautionary. island possessed resources. legendary continues to world. real place in atlantic ocean. dialogues are timaeus. dialogues are critias. plato mentioned in dialogues. ancient greek philosopher. greek philosopher plato. plato mentioned in dialogues. pillars of hercules are strait of gibraltar.",
    "evaluation": 1
  },
  {
    "correct_answer": "Atlantis story has captivated people for centuries.",
    "retrieved_context": "island possessed military. island was rich. myth convey philosophical. atlantis is a metaphor. atlantis was a real. atlantis were virtuous. atlantis is a utopia. island possessed power. legendary continues to inspire. atlantis was a advanced. atlantis is a island. atlantis is a legendary. atlantis was a powerful. atlantis were noble. atlantis became corrupt. atlantis is a myth. corrupt led to downfall. myth convey moral. atlantis became power-hungry. island possessed technology. legendary continues to fascinate. atlantis possessed knowledge. atlantis is a cautionary. island possessed resources. legendary continues to world. real place in atlantic ocean. tale about hubris. tale is wonder. tale is curiosity. tale about greed. tale about dangers. ancient greek philosopher. pillars of hercules are strait of gibraltar. dialogues are timaeus. dialogues are critias. plato mentioned in dialogues. myth convey moral. myth convey philosophical.",
    "evaluation": 1
  },
  {
    "correct_answer": "Plato claimed Atlantis existed around 11,000 years ago.",
    "retrieved_context": "island possessed military. island was rich. myth convey philosophical. atlantis is a metaphor. atlantis was a real. atlantis were virtuous. atlantis is a utopia. island possessed power. legendary continues to inspire. atlantis was a advanced. atlantis is a island. atlantis is a legendary. atlantis was a powerful. atlantis were noble. atlantis became corrupt. atlantis is a myth. corrupt led to downfall. myth convey moral. atlantis became power-hungry. island possessed technology. legendary continues to fascinate. atlantis possessed knowledge. atlantis is a cautionary. island possessed resources. legendary continues to world. real place in atlantic ocean. ancient greek philosopher. dialogues are timaeus. dialogues are critias. plato mentioned in dialogues. greek philosopher plato. plato mentioned in dialogues. pillars of hercules are strait of gibraltar.",
    "evaluation": 0
  },
  {
    "correct_answer": "Some believe Atlantis was a real place in the Atlantic Ocean.",
    "retrieved_context": "island possessed military. island was rich. myth convey philosophical. atlantis is a metaphor. atlantis was a real. atlantis were virtuous. atlantis is a utopia. island possessed power. legendary continues to inspire. atlantis was a advanced. atlantis is a island. atlantis is a legendary. atlantis was a powerful. atlantis were noble. atlantis became corrupt. atlantis is a myth. corrupt led to downfall. myth convey moral. atlantis became power-hungry. island possessed technology. legendary continues to fascinate. atlantis possessed knowledge. atlantis is a cautionary. island possessed resources. legendary continues to world. real place in atlantic ocean. island possessed military. island was rich. island possessed resources. island possessed technology. island possessed power. ancient greek philosopher.",
    "evaluation": 1
  },
  {
    "correct_answer": "Others argue Atlantis is a myth created by Plato.",
    "retrieved_context": "island possessed military. island was rich. myth convey philosophical. atlantis is a metaphor. atlantis was a real. atlantis were virtuous. atlantis is a utopia. island possessed power. legendary continues to inspire. atlantis was a advanced. atlantis is a island. atlantis is a legendary. atlantis was a powerful. atlantis were noble. atlantis became corrupt. atlantis is a myth. corrupt led to downfall. myth convey moral. atlantis became power-hungry. island possessed technology. legendary continues to fascinate. atlantis possessed knowledge. atlantis is a cautionary. island possessed resources. legendary continues to world. real place in atlantic ocean. dialogues are timaeus. dialogues are critias. plato mentioned in dialogues. myth convey moral. myth convey philosophical. ancient greek philosopher. pillars of hercules are strait of gibraltar. tale about hubris. tale is wonder. tale is curiosity. tale about greed. tale about dangers. greek philosopher plato. plato mentioned in dialogues.",
    "evaluation": 1
  },
  {
    "correct_answer": "Atlantis was located beyond the 'Pillars of Hercules'.",
    "retrieved_context": "island possessed military. island was rich. myth convey philosophical. atlantis is a metaphor. atlantis was a real. atlantis were virtuous. atlantis is a utopia. island possessed power. legendary continues to inspire. atlantis was a advanced. atlantis is a island. atlantis is a legendary. atlantis was a powerful. atlantis were noble. atlantis became corrupt. atlantis is a myth. corrupt led to downfall. myth convey moral. atlantis became power-hungry. island possessed technology. legendary continues to fascinate. atlantis possessed knowledge. atlantis is a cautionary. island possessed resources. legendary continues to world. real place in atlantic ocean. pillars of hercules are strait of gibraltar. dialogues are timaeus. dialogues are critias. plato mentioned in dialogues. ancient greek philosopher. greek philosopher plato. plato mentioned in dialogues. island possessed military. island was rich. island possessed resources. island possessed technology. island possessed power.",
    "evaluation": 0
  },
  {
    "correct_answer": "Atlantis was rich in resources and had advanced technology.",
    "retrieved_context": "island possessed military. island was rich. myth convey philosophical. atlantis is a metaphor. atlantis was a real. atlantis were virtuous. atlantis is a utopia. island possessed power. legendary continues to inspire. atlantis was a advanced. atlantis is a island. atlantis is a legendary. atlantis was a powerful. atlantis were noble. atlantis became corrupt. atlantis is a myth. corrupt led to downfall. myth convey moral. atlantis became power-hungry. island possessed technology. legendary continues to fascinate. atlantis possessed knowledge. atlantis is a cautionary. island possessed resources. legendary continues to world. real place in atlantic ocean. ancient greek philosopher. expeditions in search of lost. lost is a civilization.",
    "evaluation": 1
  },
  {
    "correct_answer": "The Atlanteans were described as noble and virtuous people.",
    "retrieved_context": "ancient greek philosopher. dialogues are timaeus. dialogues are critias. plato mentioned in dialogues. greek philosopher plato. plato mentioned in dialogues. pillars of hercules are strait of gibraltar.",
    "evaluation": 0
  },
  {
    "correct_answer": "Atlantis was destroyed suddenly and catastrophically.",
    "retrieved_context": "island possessed military. island was rich. myth convey philosophical. atlantis is a metaphor. atlantis was a real. atlantis were virtuous. atlantis is a utopia. island possessed power. legendary continues to inspire. atlantis was a advanced. atlantis is a island. atlantis is a legendary. atlantis was a powerful. atlantis were noble. atlantis became corrupt. atlantis is a myth. corrupt led to downfall. myth convey moral. atlantis became power-hungry. island possessed technology. legendary continues to fascinate. atlantis possessed knowledge. atlantis is a cautionary. island possessed resources. legendary continues to world. real place in atlantic ocean. destruction in a day. destruction in a single. destruction swallowed by sea. destruction is a cataclysmic. destruction in a night. destruction leaving no trace. destruction disappearing beneath waves. ancient greek philosopher.",
    "evaluation": 1
  },
  {
    "correct_answer": "The destruction of Atlantis was described by Plato.",
    "retrieved_context": "island possessed military. island was rich. myth convey philosophical. atlantis is a metaphor. atlantis was a real. atlantis were virtuous. atlantis is a utopia. island possessed power. legendary continues to inspire. atlantis was a advanced. atlantis is a island. atlantis is a legendary. atlantis was a powerful. atlantis were noble. atlantis became corrupt. atlantis is a myth. corrupt led to downfall. myth convey moral. atlantis became power-hungry. island possessed technology. legendary continues to fascinate. atlantis possessed knowledge. atlantis is a cautionary. island possessed resources. legendary continues to world. real place in atlantic ocean. dialogues are timaeus. dialogues are critias. plato mentioned in dialogues. destruction in a day. destruction in a single. destruction swallowed by sea. destruction is a cataclysmic. destruction in a night. destruction leaving no trace. destruction disappearing beneath waves. ancient greek philosopher. greek philosopher plato. plato mentioned in dialogues. pillars of hercules are strait of gibraltar.",
    "evaluation": 1
  },
  {
    "correct_answer": "Numerous theories have been proposed about Atlantis.",
    "retrieved_context": "island possessed military. island was rich. myth convey philosophical. atlantis is a metaphor. atlantis was a real. atlantis were virtuous. atlantis is a utopia. island possessed power. legendary continues to inspire. atlantis was a advanced. atlantis is a island. atlantis is a legendary. atlantis was a powerful. atlantis were noble. atlantis became corrupt. atlantis is a myth. corrupt led to downfall. myth convey moral. atlantis became power-hungry. island possessed technology. legendary continues to fascinate. atlantis possessed knowledge. atlantis is a cautionary. island possessed resources. legendary continues to world. real place in atlantic ocean. ancient greek philosopher. expeditions in search of lost. lost is a civilization. pillars of hercules are strait of gibraltar.",
    "evaluation": 0
  },
  {
    "correct_answer": "The legend of Atlantis continues to fascinate people worldwide.",
    "retrieved_context": "island possessed military. island was rich. myth convey philosophical. atlantis is a metaphor. atlantis was a real. atlantis were virtuous. atlantis is a utopia. island possessed power. legendary continues to inspire. atlantis was a advanced. atlantis is a island. atlantis is a legendary. atlantis was a powerful. atlantis were noble. atlantis became corrupt. atlantis is a myth. corrupt led to downfall. myth convey moral. atlantis became power-hungry. island possessed technology. legendary continues to fascinate. atlantis possessed knowledge. atlantis is a cautionary. island possessed resources. legendary continues to world. real place in atlantic ocean. pillars of hercules are strait of gibraltar. ancient greek philosopher. dialogues are timaeus. dialogues are critias. plato mentioned in dialogues.",
    "evaluation": 1
  },
  {
    "correct_answer": "Many have speculated about the possible location of Atlantis.",
    "retrieved_context": "island possessed military. island was rich. myth convey philosophical. atlantis is a metaphor. atlantis was a real. atlantis were virtuous. atlantis is a utopia. island possessed power. legendary continues to inspire. atlantis was a advanced. atlantis is a island. atlantis is a legendary. atlantis was a powerful. atlantis were noble. atlantis became corrupt. atlantis is a myth. corrupt led to downfall. myth convey moral. atlantis became power-hungry. island possessed technology. legendary continues to fascinate. atlantis possessed knowledge. atlantis is a cautionary. island possessed resources. legendary continues to world. real place in atlantic ocean. island possessed military. island was rich. island possessed resources. island possessed technology. island possessed power.",
    "evaluation": 0
  },
  {
    "correct_answer": "The enduring appeal of Atlantis lies in its mystery and intrigue.",
    "retrieved_context": "island possessed military. island was rich. myth convey philosophical. atlantis is a metaphor. atlantis was a real. atlantis were virtuous. atlantis is a utopia. island possessed power. legendary continues to inspire. atlantis was a advanced. atlantis is a island. atlantis is a legendary. atlantis was a powerful. atlantis were noble. atlantis became corrupt. atlantis is a myth. corrupt led to downfall. myth convey moral. atlantis became power-hungry. island possessed technology. legendary continues to fascinate. atlantis possessed knowledge. atlantis is a cautionary. island possessed resources. legendary continues to world. real place in atlantic ocean. mystery remains unsolved. tale about hubris. tale is wonder. tale is curiosity. tale about greed. tale about dangers. lost is a civilization. pillars of hercules are strait of gibraltar. island possessed military. island was rich. island possessed resources. island possessed technology. island possessed power.",
    "evaluation": 0
  },
  {
    "accuracy": "60.00%"
  }
]