[
  {
    "correct_answer": "Origami is an ancient Japanese art of paper folding.",
    "retrieved_context": "origami involves transformation. origami is art. origami involves folding. transformation of sheet. folding involves mathematical. computational origami includes software programs. computational origami includes algorithms. software programs simulate patterns. mathematical includes principles. mathematical includes proportion. mathematical includes symmetry. mathematical found in architecture. mathematical found in material science. mathematical includes geometry. mathematical includes theories. folding involves mathematical. folds are manipulation. manipulation guided by mathematical. manipulation of angles. manipulation of vertices. manipulation of edges. creases align techniques. structures through folds. sheet into structures.",
    "evaluation": 0
  },
  {
    "correct_answer": "Origami involves complex mathematical principles and theories.",
    "retrieved_context": "computational origami includes software programs. computational origami includes algorithms. software programs simulate patterns. origami involves transformation. origami is art. origami involves folding. transformation of sheet. folding involves mathematical. mathematical includes principles. mathematical includes proportion. mathematical includes symmetry. mathematical found in architecture. mathematical found in material science. mathematical includes geometry. mathematical includes theories. folding involves mathematical. folds are manipulation. manipulation guided by mathematical. manipulation of angles. manipulation of vertices. manipulation of edges. mathematical includes principles. mathematical includes proportion. symmetry ensures balance. mathematical includes symmetry. symmetry enhances beauty. mathematical found in architecture. mathematical found in material science. geometry is fundamental. mathematical includes geometry. symmetry ensures stability. geometry includes euclidean geometry. proportion ensures integrity. mathematical includes theories. geometry is study. geometric includes theorems. geometric includes applications. geometric includes concepts. applications in fields.",
    "evaluation": 1
  },
  {
    "correct_answer": "Mathematics and origami intersect to develop new geometric concepts.",
    "retrieved_context": "computational origami includes software programs. computational origami includes algorithms. software programs simulate patterns. origami involves transformation. origami is art. origami involves folding. transformation of sheet. folding involves mathematical. study of dimensions. geometry is fundamental. geometry includes euclidean geometry. euclidean geometry used to calculate. study of shapes. geometry is study. geometric includes theorems. geometric includes applications. geometric includes concepts. applications in fields. mathematical includes principles. mathematical includes proportion. mathematical includes symmetry. mathematical found in architecture. mathematical found in material science. mathematical includes geometry. mathematical includes theories. folding involves mathematical. folds are manipulation. manipulation guided by mathematical. manipulation of angles. manipulation of vertices. manipulation of edges. mathematical includes principles. mathematical includes proportion. origami involves transformation. origami involves folding. origami is art. mathematical includes symmetry. intersection of mathematical. mathematical found in architecture. mathematical found in material science. mathematical includes geometry. intersection of origami. intersection led to development. mathematical includes theories. development of geometric.",
    "evaluation": 1
  },
  {
    "correct_answer": "Origami transforms a flat sheet of paper into intricate 3D structures through folds.",
    "retrieved_context": "computational origami includes software programs. computational origami includes algorithms. software programs simulate patterns. origami involves transformation. origami is art. origami involves folding. transformation of sheet. folding involves mathematical. mathematical includes principles. mathematical includes proportion. mathematical includes symmetry. mathematical found in architecture. mathematical found in material science. mathematical includes geometry. mathematical includes theories. folding involves mathematical. folds are manipulation. manipulation guided by mathematical. manipulation of angles. manipulation of vertices. manipulation of edges. structures through folds. sheet into structures. creases align techniques.",
    "evaluation": 1
  },
  {
    "correct_answer": "Each fold in origami involves precise manipulation of paper's edges, angles, and vertices.",
    "retrieved_context": "computational origami includes software programs. computational origami includes algorithms. software programs simulate patterns. mathematical includes principles. mathematical includes proportion. mathematical includes symmetry. mathematical found in architecture. mathematical found in material science. mathematical includes geometry. mathematical includes theories. folding involves mathematical. origami involves transformation. origami is art. origami involves folding. transformation of sheet. folding involves mathematical. folds are manipulation. manipulation guided by mathematical. manipulation of angles. manipulation of vertices. manipulation of edges. structures through folds. sheet into structures. creases align techniques.",
    "evaluation": 1
  },
  {
    "correct_answer": "Mathematical principles guiding origami include symmetry, proportion, and geometry.",
    "retrieved_context": "computational origami includes software programs. computational origami includes algorithms. software programs simulate patterns. origami involves transformation. origami is art. origami involves folding. transformation of sheet. folding involves mathematical. study of dimensions. geometry is fundamental. geometry includes euclidean geometry. euclidean geometry used to calculate. study of shapes. geometry is study. mathematical includes principles. mathematical includes proportion. mathematical includes symmetry. mathematical found in architecture. mathematical found in material science. mathematical includes geometry. mathematical includes theories. folding involves mathematical. symmetry enhances beauty. symmetry ensures stability. symmetry ensures balance. geometric includes theorems. geometric includes applications. geometric includes concepts. applications in fields. folds are manipulation. manipulation guided by mathematical. manipulation of angles. manipulation of vertices. manipulation of edges.",
    "evaluation": 1
  },
  {
    "correct_answer": "Geometry is a fundamental mathematical concept in origami.",
    "retrieved_context": "study of dimensions. geometry is fundamental. geometry includes euclidean geometry. euclidean geometry used to calculate. study of shapes. geometry is study. computational origami includes software programs. computational origami includes algorithms. software programs simulate patterns. geometric includes theorems. geometric includes applications. geometric includes concepts. applications in fields. origami involves transformation. origami is art. origami involves folding. transformation of sheet. folding involves mathematical. calculate includes symmetrical. euclidean geometry used to calculate. calculate includes lengths. mathematical includes principles. mathematical includes proportion. mathematical includes symmetry. mathematical found in architecture. mathematical found in material science. mathematical includes geometry. mathematical includes theories. folding involves mathematical. folds are manipulation. manipulation guided by mathematical. manipulation of angles. manipulation of vertices. manipulation of edges.",
    "evaluation": 1
  },
  {
    "correct_answer": "Euclidean geometry is applied in origami to calculate angles and lengths of folds.",
    "retrieved_context": "computational origami includes software programs. computational origami includes algorithms. software programs simulate patterns. calculate includes symmetrical. euclidean geometry used to calculate. calculate includes lengths. study of dimensions. geometry is fundamental. geometry includes euclidean geometry. euclidean geometry used to calculate. study of shapes. geometry is study. mathematical includes principles. mathematical includes proportion. mathematical includes symmetry. mathematical found in architecture. mathematical found in material science. mathematical includes geometry. mathematical includes theories. folding involves mathematical. origami involves transformation. origami is art. origami involves folding. transformation of sheet. folding involves mathematical. geometric includes theorems. geometric includes applications. geometric includes concepts. applications in fields. folds are manipulation. manipulation guided by mathematical. manipulation of angles. manipulation of vertices. manipulation of edges.",
    "evaluation": 1
  },
  {
    "correct_answer": "Symmetry is a key mathematical concept in origami for creating visually appealing designs.",
    "retrieved_context": "computational origami includes software programs. computational origami includes algorithms. software programs simulate patterns. symmetry enhances beauty. symmetry ensures stability. symmetry ensures balance. origami involves transformation. origami is art. origami involves folding. transformation of sheet. folding involves mathematical. symmetrical is patterns. patterns includes graph theory. symmetrical is aesthetically pleasing. patterns includes computational geometry. patterns are structurally sound. symmetrical is harmony. symmetrical is balance. patterns includes advanced. patterns are visually appealing. mathematical includes principles. mathematical includes proportion. mathematical includes symmetry. mathematical found in architecture. mathematical found in material science. mathematical includes geometry. mathematical includes theories. folding involves mathematical. folds are manipulation. manipulation guided by mathematical. manipulation of angles. manipulation of vertices. manipulation of edges.",
    "evaluation": 1
  },
  {
    "correct_answer": "Symmetrical folds and repetitions enhance the beauty and stability of origami models.",
    "retrieved_context": "computational origami includes software programs. computational origami includes algorithms. software programs simulate patterns. origami involves transformation. origami is art. origami involves folding. transformation of sheet. folding involves mathematical. mathematical includes principles. mathematical includes proportion. mathematical includes symmetry. mathematical found in architecture. mathematical found in material science. mathematical includes geometry. mathematical includes theories. folding involves mathematical. folds are manipulation. manipulation guided by mathematical. manipulation of angles. manipulation of vertices. manipulation of edges. creases align techniques. symmetry enhances beauty. symmetry ensures stability. symmetry ensures balance. symmetrical is patterns. patterns includes graph theory. symmetrical is aesthetically pleasing. patterns includes computational geometry. patterns are structurally sound. symmetrical is harmony. symmetrical is balance. patterns includes advanced. patterns are visually appealing.",
    "evaluation": 1
  },
  {
    "correct_answer": "Proportion and ratio are important mathematical principles in origami design.",
    "retrieved_context": "computational origami includes software programs. computational origami includes algorithms. software programs simulate patterns. origami involves transformation. origami is art. origami involves folding. transformation of sheet. folding involves mathematical. proportion ensures integrity. mathematical includes principles. mathematical includes proportion. mathematical includes symmetry. mathematical found in architecture. mathematical found in material science. mathematical includes geometry. mathematical includes theories. folding involves mathematical. study of dimensions. geometry is fundamental. geometry includes euclidean geometry. euclidean geometry used to calculate. study of shapes. geometry is study. mathematical includes principles. mathematical includes proportion. symmetry ensures balance. mathematical includes symmetry. symmetry enhances beauty. mathematical found in architecture. mathematical found in material science. geometry is fundamental. mathematical includes geometry. symmetry ensures stability. geometry includes euclidean geometry. proportion ensures integrity. mathematical includes theories. geometry is study. folds are manipulation. manipulation guided by mathematical. manipulation of angles. manipulation of vertices. manipulation of edges.",
    "evaluation": 1
  },
  {
    "correct_answer": "Origami principles have applications in engineering, architecture, and material science.",
    "retrieved_context": "computational origami includes software programs. computational origami includes algorithms. software programs simulate patterns. origami involves transformation. origami is art. origami involves folding. transformation of sheet. folding involves mathematical. mathematical includes principles. mathematical includes proportion. mathematical includes symmetry. mathematical found in architecture. mathematical found in material science. mathematical includes geometry. mathematical includes theories. folding involves mathematical. folds are manipulation. manipulation guided by mathematical. manipulation of angles. manipulation of vertices. manipulation of edges. creases align techniques.",
    "evaluation": 0
  },
  {
    "correct_answer": "Origami-inspired principles have been used to develop innovative structures like solar panels.",
    "retrieved_context": "computational origami includes software programs. computational origami includes algorithms. software programs simulate patterns. origami involves transformation. origami is art. origami involves folding. transformation of sheet. folding involves mathematical. mathematical includes principles. mathematical includes proportion. mathematical includes symmetry. mathematical found in architecture. mathematical found in material science. mathematical includes geometry. mathematical includes theories. folding involves mathematical. folds are manipulation. manipulation guided by mathematical. manipulation of angles. manipulation of vertices. manipulation of edges. structures through folds. folds are manipulation.",
    "evaluation": 0
  },
  {
    "correct_answer": "Computational origami involves developing algorithms to simulate folding patterns.",
    "retrieved_context": "computational origami includes software programs. computational origami includes algorithms. software programs simulate patterns. mathematical includes principles. mathematical includes proportion. mathematical includes symmetry. mathematical found in architecture. mathematical found in material science. mathematical includes geometry. mathematical includes theories. folding involves mathematical. origami involves transformation. origami is art. origami involves folding. transformation of sheet. folding involves mathematical. folds are manipulation. manipulation guided by mathematical. manipulation of angles. manipulation of vertices. manipulation of edges. creases align techniques. patterns includes graph theory. patterns includes computational geometry. patterns are structurally sound. advanced includes robots. advanced includes artificial intelligence. patterns includes advanced. patterns are visually appealing.",
    "evaluation": 1
  },
  {
    "correct_answer": "Mathematics of origami has contributed to advancements in robotics and artificial intelligence.",
    "retrieved_context": "computational origami includes software programs. computational origami includes algorithms. software programs simulate patterns. origami involves transformation. origami is art. origami involves folding. transformation of sheet. folding involves mathematical. mathematical includes principles. mathematical includes proportion. mathematical includes symmetry. mathematical found in architecture. mathematical found in material science. mathematical includes geometry. mathematical includes theories. folding involves mathematical. mathematical includes principles. mathematical includes proportion. symmetry ensures balance. mathematical includes symmetry. symmetry enhances beauty. mathematical found in architecture. mathematical found in material science. geometry is fundamental. mathematical includes geometry. symmetry ensures stability. geometry includes euclidean geometry. proportion ensures integrity. mathematical includes theories. geometry is study. folds are manipulation. manipulation guided by mathematical. manipulation of angles. manipulation of vertices. manipulation of edges. study of dimensions. geometry is fundamental. geometry includes euclidean geometry. euclidean geometry used to calculate. study of shapes. geometry is study. geometric includes theorems. geometric includes applications. geometric includes concepts. applications in fields.",
    "evaluation": 0
  },
  {
    "accuracy": "73.33%"
  }
]