[
  {
    "correct_answer": "Laughter is a universal language.",
    "retrieved_context": "inclusive laughter promotes empathy. inclusive laughter celebrates diversity. inclusive laughter fosters genuine connection. universal language transcends cultural barriers. endorphins boost immune function. ridicule leads to alienation. laughter can be ridicule. laughter transcends social norms. laughter has health benefits. contagious is complex interplay. social bonding builds trust. health benefits are physically. laughter is contagious. laughter can be mockery. laughter is rooted in social nature. laughter is form of emotional contagion. laughter is response to pleasure. laughter creates compassionate society. laughter serves as social bonding. laughter promotes camaraderie. health benefits are mentally. contagious enhances social relationships. laughter can be exclusion. expression of joy. endorphins are neurotransmitters. emotional contagion transfers emotions. laughter transcends cultural differences. laughter is response to humor. universal language transcends cultural barriers. laughter improves cardiovascular health. laughter is expression. laughter breaks down barriers. laughter transcends language barriers. laughter lowers blood pressure. laughter is instinctual response. laughter brings together connection. laughter creates harmonious. endorphins act as mood elevators. endorphins reduce stress. social bonding strengthens relationships. endorphins improve overall well-being. ridicule leads to shame. lung capacity through deep breathing exercises. contagious promotes community. laughter triggers pleasurable response. expression of connection. laughter is powerful. laughter promotes unity. camaraderie among diverse backgrounds. laughter is universal language. contagious intrigued scientists. laughter increases lung capacity. contagious intrigued psychologists. laughter defuses tension. laughter releases endorphins. ridicule leads to embarrassment. social bonding creates unity. pleasurable response enhances empathize. laughter brings together joy. endorphins act as painkillers.",
    "evaluation": 1
  },
  {
    "correct_answer": "Laughter brings people together in moments of joy and connection.",
    "retrieved_context": "endorphins boost immune function. ridicule leads to alienation. laughter can be ridicule. laughter transcends social norms. laughter has health benefits. contagious is complex interplay. social bonding builds trust. health benefits are physically. laughter is contagious. laughter can be mockery. laughter is rooted in social nature. laughter is form of emotional contagion. laughter is response to pleasure. laughter creates compassionate society. laughter serves as social bonding. laughter promotes camaraderie. health benefits are mentally. contagious enhances social relationships. laughter can be exclusion. expression of joy. endorphins are neurotransmitters. emotional contagion transfers emotions. laughter transcends cultural differences. laughter is response to humor. universal language transcends cultural barriers. laughter improves cardiovascular health. laughter is expression. laughter breaks down barriers. laughter transcends language barriers. laughter lowers blood pressure. laughter is instinctual response. laughter brings together connection. laughter creates harmonious. endorphins act as mood elevators. endorphins reduce stress. social bonding strengthens relationships. endorphins improve overall well-being. ridicule leads to shame. lung capacity through deep breathing exercises. contagious promotes community. laughter triggers pleasurable response. expression of connection. laughter is powerful. laughter promotes unity. camaraderie among diverse backgrounds. laughter is universal language. contagious intrigued scientists. laughter increases lung capacity. contagious intrigued psychologists. laughter defuses tension. laughter releases endorphins. ridicule leads to embarrassment. social bonding creates unity. pleasurable response enhances empathize. laughter brings together joy. endorphins act as painkillers. inclusive laughter promotes empathy. inclusive laughter celebrates diversity. inclusive laughter fosters genuine connection. emotions through nonverbal cues. emotional contagion transfers emotions. emotions through nonverbal cues. nonverbal cues include facial expressions. nonverbal cues include body language. nonverbal cues include vocalizations.",
    "evaluation": 1
  },
  {
    "correct_answer": "Contagious laughter is a powerful and instinctual response to humor or pleasure.",
    "retrieved_context": "endorphins boost immune function. ridicule leads to alienation. laughter can be ridicule. laughter transcends social norms. laughter has health benefits. contagious is complex interplay. social bonding builds trust. health benefits are physically. laughter is contagious. laughter can be mockery. laughter is rooted in social nature. laughter is form of emotional contagion. laughter is response to pleasure. laughter creates compassionate society. laughter serves as social bonding. laughter promotes camaraderie. health benefits are mentally. contagious enhances social relationships. laughter can be exclusion. expression of joy. endorphins are neurotransmitters. emotional contagion transfers emotions. laughter transcends cultural differences. laughter is response to humor. universal language transcends cultural barriers. laughter improves cardiovascular health. laughter is expression. laughter breaks down barriers. laughter transcends language barriers. laughter lowers blood pressure. laughter is instinctual response. laughter brings together connection. laughter creates harmonious. endorphins act as mood elevators. endorphins reduce stress. social bonding strengthens relationships. endorphins improve overall well-being. ridicule leads to shame. lung capacity through deep breathing exercises. contagious promotes community. laughter triggers pleasurable response. expression of connection. laughter is powerful. laughter promotes unity. camaraderie among diverse backgrounds. laughter is universal language. contagious intrigued scientists. laughter increases lung capacity. contagious intrigued psychologists. laughter defuses tension. laughter releases endorphins. ridicule leads to embarrassment. social bonding creates unity. pleasurable response enhances empathize. laughter brings together joy. endorphins act as painkillers. inclusive laughter promotes empathy. inclusive laughter celebrates diversity. inclusive laughter fosters genuine connection. contagious promotes community. complex interplay of psychological processes. contagious enhances social relationships. contagious intrigued psychologists. psychologists intrigued for centuries. scientists intrigued for centuries. contagious intrigued scientists. contagious is complex interplay. complex interplay of physiological processes. complex interplay of cognitive processes. emotions through nonverbal cues. emotional contagion transfers emotions. empathize on emotional level. pleasurable response enhances empathize.",
    "evaluation": 1
  },
  {
    "correct_answer": "Contagious laughter is not only enjoyable but also contagious.",
    "retrieved_context": "contagious promotes community. complex interplay of psychological processes. contagious enhances social relationships. contagious intrigued psychologists. psychologists intrigued for centuries. scientists intrigued for centuries. contagious intrigued scientists. contagious is complex interplay. complex interplay of physiological processes. complex interplay of cognitive processes. emotions through nonverbal cues. emotional contagion transfers emotions. inclusive laughter promotes empathy. inclusive laughter celebrates diversity. inclusive laughter fosters genuine connection. endorphins boost immune function. ridicule leads to alienation. laughter can be ridicule. laughter transcends social norms. laughter has health benefits. contagious is complex interplay. social bonding builds trust. health benefits are physically. laughter is contagious. laughter can be mockery. laughter is rooted in social nature. laughter is form of emotional contagion. laughter is response to pleasure. laughter creates compassionate society. laughter serves as social bonding. laughter promotes camaraderie. health benefits are mentally. contagious enhances social relationships. laughter can be exclusion. expression of joy. endorphins are neurotransmitters. emotional contagion transfers emotions. laughter transcends cultural differences. laughter is response to humor. universal language transcends cultural barriers. laughter improves cardiovascular health. laughter is expression. laughter breaks down barriers. laughter transcends language barriers. laughter lowers blood pressure. laughter is instinctual response. laughter brings together connection. laughter creates harmonious. endorphins act as mood elevators. endorphins reduce stress. social bonding strengthens relationships. endorphins improve overall well-being. ridicule leads to shame. lung capacity through deep breathing exercises. contagious promotes community. laughter triggers pleasurable response. expression of connection. laughter is powerful. laughter promotes unity. camaraderie among diverse backgrounds. laughter is universal language. contagious intrigued scientists. laughter increases lung capacity. contagious intrigued psychologists. laughter defuses tension. laughter releases endorphins. ridicule leads to embarrassment. social bonding creates unity. pleasurable response enhances empathize. laughter brings together joy. endorphins act as painkillers.",
    "evaluation": 1
  },
  {
    "correct_answer": "Laughter serves as a social bonding tool.",
    "retrieved_context": "social bonding creates unity. social bonding builds trust. social bonding strengthens relationships. inclusive laughter promotes empathy. inclusive laughter celebrates diversity. inclusive laughter fosters genuine connection. endorphins boost immune function. ridicule leads to alienation. laughter can be ridicule. laughter transcends social norms. laughter has health benefits. contagious is complex interplay. social bonding builds trust. health benefits are physically. laughter is contagious. laughter can be mockery. laughter is rooted in social nature. laughter is form of emotional contagion. laughter is response to pleasure. laughter creates compassionate society. laughter serves as social bonding. laughter promotes camaraderie. health benefits are mentally. contagious enhances social relationships. laughter can be exclusion. expression of joy. endorphins are neurotransmitters. emotional contagion transfers emotions. laughter transcends cultural differences. laughter is response to humor. universal language transcends cultural barriers. laughter improves cardiovascular health. laughter is expression. laughter breaks down barriers. laughter transcends language barriers. laughter lowers blood pressure. laughter is instinctual response. laughter brings together connection. laughter creates harmonious. endorphins act as mood elevators. endorphins reduce stress. social bonding strengthens relationships. endorphins improve overall well-being. ridicule leads to shame. lung capacity through deep breathing exercises. contagious promotes community. laughter triggers pleasurable response. expression of connection. laughter is powerful. laughter promotes unity. camaraderie among diverse backgrounds. laughter is universal language. contagious intrigued scientists. laughter increases lung capacity. contagious intrigued psychologists. laughter defuses tension. laughter releases endorphins. ridicule leads to embarrassment. social bonding creates unity. pleasurable response enhances empathize. laughter brings together joy. endorphins act as painkillers. positive social cue signals environment. communication for well-being. social creatures rely on connection. communication for survival. social creatures rely on communication.",
    "evaluation": 1
  },
  {
    "correct_answer": "Laughter helps strengthen relationships.",
    "retrieved_context": "inclusive laughter promotes empathy. inclusive laughter celebrates diversity. inclusive laughter fosters genuine connection. endorphins boost immune function. ridicule leads to alienation. laughter can be ridicule. laughter transcends social norms. laughter has health benefits. contagious is complex interplay. social bonding builds trust. health benefits are physically. laughter is contagious. laughter can be mockery. laughter is rooted in social nature. laughter is form of emotional contagion. laughter is response to pleasure. laughter creates compassionate society. laughter serves as social bonding. laughter promotes camaraderie. health benefits are mentally. contagious enhances social relationships. laughter can be exclusion. expression of joy. endorphins are neurotransmitters. emotional contagion transfers emotions. laughter transcends cultural differences. laughter is response to humor. universal language transcends cultural barriers. laughter improves cardiovascular health. laughter is expression. laughter breaks down barriers. laughter transcends language barriers. laughter lowers blood pressure. laughter is instinctual response. laughter brings together connection. laughter creates harmonious. endorphins act as mood elevators. endorphins reduce stress. social bonding strengthens relationships. endorphins improve overall well-being. ridicule leads to shame. lung capacity through deep breathing exercises. contagious promotes community. laughter triggers pleasurable response. expression of connection. laughter is powerful. laughter promotes unity. camaraderie among diverse backgrounds. laughter is universal language. contagious intrigued scientists. laughter increases lung capacity. contagious intrigued psychologists. laughter defuses tension. laughter releases endorphins. ridicule leads to embarrassment. social bonding creates unity. pleasurable response enhances empathize. laughter brings together joy. endorphins act as painkillers. social bonding creates unity. social bonding builds trust. social bonding strengthens relationships.",
    "evaluation": 1
  },
  {
    "correct_answer": "Laughter builds trust among individuals.",
    "retrieved_context": "endorphins boost immune function. ridicule leads to alienation. laughter can be ridicule. laughter transcends social norms. laughter has health benefits. contagious is complex interplay. social bonding builds trust. health benefits are physically. laughter is contagious. laughter can be mockery. laughter is rooted in social nature. laughter is form of emotional contagion. laughter is response to pleasure. laughter creates compassionate society. laughter serves as social bonding. laughter promotes camaraderie. health benefits are mentally. contagious enhances social relationships. laughter can be exclusion. expression of joy. endorphins are neurotransmitters. emotional contagion transfers emotions. laughter transcends cultural differences. laughter is response to humor. universal language transcends cultural barriers. laughter improves cardiovascular health. laughter is expression. laughter breaks down barriers. laughter transcends language barriers. laughter lowers blood pressure. laughter is instinctual response. laughter brings together connection. laughter creates harmonious. endorphins act as mood elevators. endorphins reduce stress. social bonding strengthens relationships. endorphins improve overall well-being. ridicule leads to shame. lung capacity through deep breathing exercises. contagious promotes community. laughter triggers pleasurable response. expression of connection. laughter is powerful. laughter promotes unity. camaraderie among diverse backgrounds. laughter is universal language. contagious intrigued scientists. laughter increases lung capacity. contagious intrigued psychologists. laughter defuses tension. laughter releases endorphins. ridicule leads to embarrassment. social bonding creates unity. pleasurable response enhances empathize. laughter brings together joy. endorphins act as painkillers. inclusive laughter promotes empathy. inclusive laughter celebrates diversity. inclusive laughter fosters genuine connection. positive social cue signals environment. social bonding creates unity. social bonding builds trust. social bonding strengthens relationships.",
    "evaluation": 1
  },
  {
    "correct_answer": "Laughter creates a sense of unity among individuals.",
    "retrieved_context": "inclusive laughter promotes empathy. inclusive laughter celebrates diversity. inclusive laughter fosters genuine connection. endorphins boost immune function. ridicule leads to alienation. laughter can be ridicule. laughter transcends social norms. laughter has health benefits. contagious is complex interplay. social bonding builds trust. health benefits are physically. laughter is contagious. laughter can be mockery. laughter is rooted in social nature. laughter is form of emotional contagion. laughter is response to pleasure. laughter creates compassionate society. laughter serves as social bonding. laughter promotes camaraderie. health benefits are mentally. contagious enhances social relationships. laughter can be exclusion. expression of joy. endorphins are neurotransmitters. emotional contagion transfers emotions. laughter transcends cultural differences. laughter is response to humor. universal language transcends cultural barriers. laughter improves cardiovascular health. laughter is expression. laughter breaks down barriers. laughter transcends language barriers. laughter lowers blood pressure. laughter is instinctual response. laughter brings together connection. laughter creates harmonious. endorphins act as mood elevators. endorphins reduce stress. social bonding strengthens relationships. endorphins improve overall well-being. ridicule leads to shame. lung capacity through deep breathing exercises. contagious promotes community. laughter triggers pleasurable response. expression of connection. laughter is powerful. laughter promotes unity. camaraderie among diverse backgrounds. laughter is universal language. contagious intrigued scientists. laughter increases lung capacity. contagious intrigued psychologists. laughter defuses tension. laughter releases endorphins. ridicule leads to embarrassment. social bonding creates unity. pleasurable response enhances empathize. laughter brings together joy. endorphins act as painkillers. emotions through nonverbal cues. emotional contagion transfers emotions.",
    "evaluation": 1
  },
  {
    "correct_answer": "When we hear someone else laugh, our brains interpret it as a positive social cue.",
    "retrieved_context": "inclusive laughter promotes empathy. inclusive laughter celebrates diversity. inclusive laughter fosters genuine connection. positive social cue signals environment. endorphins boost immune function. ridicule leads to alienation. laughter can be ridicule. laughter transcends social norms. laughter has health benefits. contagious is complex interplay. social bonding builds trust. health benefits are physically. laughter is contagious. laughter can be mockery. laughter is rooted in social nature. laughter is form of emotional contagion. laughter is response to pleasure. laughter creates compassionate society. laughter serves as social bonding. laughter promotes camaraderie. health benefits are mentally. contagious enhances social relationships. laughter can be exclusion. expression of joy. endorphins are neurotransmitters. emotional contagion transfers emotions. laughter transcends cultural differences. laughter is response to humor. universal language transcends cultural barriers. laughter improves cardiovascular health. laughter is expression. laughter breaks down barriers. laughter transcends language barriers. laughter lowers blood pressure. laughter is instinctual response. laughter brings together connection. laughter creates harmonious. endorphins act as mood elevators. endorphins reduce stress. social bonding strengthens relationships. endorphins improve overall well-being. ridicule leads to shame. lung capacity through deep breathing exercises. contagious promotes community. laughter triggers pleasurable response. expression of connection. laughter is powerful. laughter promotes unity. camaraderie among diverse backgrounds. laughter is universal language. contagious intrigued scientists. laughter increases lung capacity. contagious intrigued psychologists. laughter defuses tension. laughter releases endorphins. ridicule leads to embarrassment. social bonding creates unity. pleasurable response enhances empathize. laughter brings together joy. endorphins act as painkillers. nonverbal cues include facial expressions. nonverbal cues include body language. nonverbal cues include vocalizations.",
    "evaluation": 0
  },
  {
    "correct_answer": "Laughter is a form of emotional contagion.",
    "retrieved_context": "emotions through nonverbal cues. emotional contagion transfers emotions. endorphins boost immune function. ridicule leads to alienation. laughter can be ridicule. laughter transcends social norms. laughter has health benefits. contagious is complex interplay. social bonding builds trust. health benefits are physically. laughter is contagious. laughter can be mockery. laughter is rooted in social nature. laughter is form of emotional contagion. laughter is response to pleasure. laughter creates compassionate society. laughter serves as social bonding. laughter promotes camaraderie. health benefits are mentally. contagious enhances social relationships. laughter can be exclusion. expression of joy. endorphins are neurotransmitters. emotional contagion transfers emotions. laughter transcends cultural differences. laughter is response to humor. universal language transcends cultural barriers. laughter improves cardiovascular health. laughter is expression. laughter breaks down barriers. laughter transcends language barriers. laughter lowers blood pressure. laughter is instinctual response. laughter brings together connection. laughter creates harmonious. endorphins act as mood elevators. endorphins reduce stress. social bonding strengthens relationships. endorphins improve overall well-being. ridicule leads to shame. lung capacity through deep breathing exercises. contagious promotes community. laughter triggers pleasurable response. expression of connection. laughter is powerful. laughter promotes unity. camaraderie among diverse backgrounds. laughter is universal language. contagious intrigued scientists. laughter increases lung capacity. contagious intrigued psychologists. laughter defuses tension. laughter releases endorphins. ridicule leads to embarrassment. social bonding creates unity. pleasurable response enhances empathize. laughter brings together joy. endorphins act as painkillers. inclusive laughter promotes empathy. inclusive laughter celebrates diversity. inclusive laughter fosters genuine connection. emotions through nonverbal cues. nonverbal cues include facial expressions. nonverbal cues include body language. nonverbal cues include vocalizations. contagious promotes community. complex interplay of psychological processes. contagious enhances social relationships. contagious intrigued psychologists. psychologists intrigued for centuries. scientists intrigued for centuries. contagious intrigued scientists. contagious is complex interplay. complex interplay of physiological processes. complex interplay of cognitive processes.",
    "evaluation": 1
  },
  {
    "correct_answer": "Mirror neurons are activated when we see or hear someone laughing.",
    "retrieved_context": "mirror neurons are brain cells. mirror neurons mimic actions. mirror neurons mimic emotions. emotions through nonverbal cues. mirror neurons cause amusement. mirror neurons cause joy. endorphins boost immune function. ridicule leads to alienation. laughter can be ridicule. laughter transcends social norms. laughter has health benefits. contagious is complex interplay. social bonding builds trust. health benefits are physically. laughter is contagious. laughter can be mockery. laughter is rooted in social nature. laughter is form of emotional contagion. laughter is response to pleasure. laughter creates compassionate society. laughter serves as social bonding. laughter promotes camaraderie. health benefits are mentally. contagious enhances social relationships. laughter can be exclusion. expression of joy. endorphins are neurotransmitters. emotional contagion transfers emotions. laughter transcends cultural differences. laughter is response to humor. universal language transcends cultural barriers. laughter improves cardiovascular health. laughter is expression. laughter breaks down barriers. laughter transcends language barriers. laughter lowers blood pressure. laughter is instinctual response. laughter brings together connection. laughter creates harmonious. endorphins act as mood elevators. endorphins reduce stress. social bonding strengthens relationships. endorphins improve overall well-being. ridicule leads to shame. lung capacity through deep breathing exercises. contagious promotes community. laughter triggers pleasurable response. expression of connection. laughter is powerful. laughter promotes unity. camaraderie among diverse backgrounds. laughter is universal language. contagious intrigued scientists. laughter increases lung capacity. contagious intrigued psychologists. laughter defuses tension. laughter releases endorphins. ridicule leads to embarrassment. social bonding creates unity. pleasurable response enhances empathize. laughter brings together joy. endorphins act as painkillers. inclusive laughter promotes empathy. inclusive laughter celebrates diversity. inclusive laughter fosters genuine connection. fmri reveals emotion regulation. fmri reveals reward. fmri reveals social cognition. nonverbal cues include facial expressions. nonverbal cues include body language. nonverbal cues include vocalizations.",
    "evaluation": 0
  },
  {
    "correct_answer": "Contagious laughter triggers areas of the brain associated with reward and emotion regulation.",
    "retrieved_context": "emotions through nonverbal cues. emotional contagion transfers emotions. endorphins boost immune function. ridicule leads to alienation. laughter can be ridicule. laughter transcends social norms. laughter has health benefits. contagious is complex interplay. social bonding builds trust. health benefits are physically. laughter is contagious. laughter can be mockery. laughter is rooted in social nature. laughter is form of emotional contagion. laughter is response to pleasure. laughter creates compassionate society. laughter serves as social bonding. laughter promotes camaraderie. health benefits are mentally. contagious enhances social relationships. laughter can be exclusion. expression of joy. endorphins are neurotransmitters. emotional contagion transfers emotions. laughter transcends cultural differences. laughter is response to humor. universal language transcends cultural barriers. laughter improves cardiovascular health. laughter is expression. laughter breaks down barriers. laughter transcends language barriers. laughter lowers blood pressure. laughter is instinctual response. laughter brings together connection. laughter creates harmonious. endorphins act as mood elevators. endorphins reduce stress. social bonding strengthens relationships. endorphins improve overall well-being. ridicule leads to shame. lung capacity through deep breathing exercises. contagious promotes community. laughter triggers pleasurable response. expression of connection. laughter is powerful. laughter promotes unity. camaraderie among diverse backgrounds. laughter is universal language. contagious intrigued scientists. laughter increases lung capacity. contagious intrigued psychologists. laughter defuses tension. laughter releases endorphins. ridicule leads to embarrassment. social bonding creates unity. pleasurable response enhances empathize. laughter brings together joy. endorphins act as painkillers. inclusive laughter promotes empathy. inclusive laughter celebrates diversity. inclusive laughter fosters genuine connection. emotions through nonverbal cues. nonverbal cues include facial expressions. nonverbal cues include body language. nonverbal cues include vocalizations. contagious promotes community. complex interplay of psychological processes. contagious enhances social relationships. contagious intrigued psychologists. psychologists intrigued for centuries. scientists intrigued for centuries. contagious intrigued scientists. contagious is complex interplay. complex interplay of physiological processes. complex interplay of cognitive processes.",
    "evaluation": 0
  },
  {
    "correct_answer": "Laughter releases endorphins, which act as natural painkillers and mood elevators.",
    "retrieved_context": "endorphins boost immune function. ridicule leads to alienation. laughter can be ridicule. laughter transcends social norms. laughter has health benefits. contagious is complex interplay. social bonding builds trust. health benefits are physically. laughter is contagious. laughter can be mockery. laughter is rooted in social nature. laughter is form of emotional contagion. laughter is response to pleasure. laughter creates compassionate society. laughter serves as social bonding. laughter promotes camaraderie. health benefits are mentally. contagious enhances social relationships. laughter can be exclusion. expression of joy. endorphins are neurotransmitters. emotional contagion transfers emotions. laughter transcends cultural differences. laughter is response to humor. universal language transcends cultural barriers. laughter improves cardiovascular health. laughter is expression. laughter breaks down barriers. laughter transcends language barriers. laughter lowers blood pressure. laughter is instinctual response. laughter brings together connection. laughter creates harmonious. endorphins act as mood elevators. endorphins reduce stress. social bonding strengthens relationships. endorphins improve overall well-being. ridicule leads to shame. lung capacity through deep breathing exercises. contagious promotes community. laughter triggers pleasurable response. expression of connection. laughter is powerful. laughter promotes unity. camaraderie among diverse backgrounds. laughter is universal language. contagious intrigued scientists. laughter increases lung capacity. contagious intrigued psychologists. laughter defuses tension. laughter releases endorphins. ridicule leads to embarrassment. social bonding creates unity. pleasurable response enhances empathize. laughter brings together joy. endorphins act as painkillers. inclusive laughter promotes empathy. inclusive laughter celebrates diversity. inclusive laughter fosters genuine connection. endorphins boost immune function. endorphins act as mood elevators. endorphins improve overall well-being. endorphins reduce stress. endorphins are neurotransmitters. endorphins act as painkillers. emotions through nonverbal cues. emotional contagion transfers emotions. emotions through nonverbal cues. nonverbal cues include facial expressions. nonverbal cues include body language. nonverbal cues include vocalizations.",
    "evaluation": 1
  },
  {
    "correct_answer": "Laughter can help reduce stress and boost immune function.",
    "retrieved_context": "inclusive laughter promotes empathy. inclusive laughter celebrates diversity. inclusive laughter fosters genuine connection. endorphins boost immune function. ridicule leads to alienation. laughter can be ridicule. laughter transcends social norms. laughter has health benefits. contagious is complex interplay. social bonding builds trust. health benefits are physically. laughter is contagious. laughter can be mockery. laughter is rooted in social nature. laughter is form of emotional contagion. laughter is response to pleasure. laughter creates compassionate society. laughter serves as social bonding. laughter promotes camaraderie. health benefits are mentally. contagious enhances social relationships. laughter can be exclusion. expression of joy. endorphins are neurotransmitters. emotional contagion transfers emotions. laughter transcends cultural differences. laughter is response to humor. universal language transcends cultural barriers. laughter improves cardiovascular health. laughter is expression. laughter breaks down barriers. laughter transcends language barriers. laughter lowers blood pressure. laughter is instinctual response. laughter brings together connection. laughter creates harmonious. endorphins act as mood elevators. endorphins reduce stress. social bonding strengthens relationships. endorphins improve overall well-being. ridicule leads to shame. lung capacity through deep breathing exercises. contagious promotes community. laughter triggers pleasurable response. expression of connection. laughter is powerful. laughter promotes unity. camaraderie among diverse backgrounds. laughter is universal language. contagious intrigued scientists. laughter increases lung capacity. contagious intrigued psychologists. laughter defuses tension. laughter releases endorphins. ridicule leads to embarrassment. social bonding creates unity. pleasurable response enhances empathize. laughter brings together joy. endorphins act as painkillers. health benefits are mentally. health benefits are physically. emotions through nonverbal cues. emotional contagion transfers emotions.",
    "evaluation": 1
  },
  {
    "correct_answer": "Shared laughter in group settings can create a positive atmosphere and strengthen social bonds.",
    "retrieved_context": "inclusive laughter promotes empathy. inclusive laughter celebrates diversity. inclusive laughter fosters genuine connection. social bonding creates unity. social bonding builds trust. social bonding strengthens relationships. endorphins boost immune function. ridicule leads to alienation. laughter can be ridicule. laughter transcends social norms. laughter has health benefits. contagious is complex interplay. social bonding builds trust. health benefits are physically. laughter is contagious. laughter can be mockery. laughter is rooted in social nature. laughter is form of emotional contagion. laughter is response to pleasure. laughter creates compassionate society. laughter serves as social bonding. laughter promotes camaraderie. health benefits are mentally. contagious enhances social relationships. laughter can be exclusion. expression of joy. endorphins are neurotransmitters. emotional contagion transfers emotions. laughter transcends cultural differences. laughter is response to humor. universal language transcends cultural barriers. laughter improves cardiovascular health. laughter is expression. laughter breaks down barriers. laughter transcends language barriers. laughter lowers blood pressure. laughter is instinctual response. laughter brings together connection. laughter creates harmonious. endorphins act as mood elevators. endorphins reduce stress. social bonding strengthens relationships. endorphins improve overall well-being. ridicule leads to shame. lung capacity through deep breathing exercises. contagious promotes community. laughter triggers pleasurable response. expression of connection. laughter is powerful. laughter promotes unity. camaraderie among diverse backgrounds. laughter is universal language. contagious intrigued scientists. laughter increases lung capacity. contagious intrigued psychologists. laughter defuses tension. laughter releases endorphins. ridicule leads to embarrassment. social bonding creates unity. pleasurable response enhances empathize. laughter brings together joy. endorphins act as painkillers. positive social cue signals environment.",
    "evaluation": 1
  },
  {
    "accuracy": "80.00%"
  }
]