[
  {
    "correct_answer": "Tattoos are a form of self-expression and body art for centuries.",
    "retrieved_context": "tattoos are visually striking. tattoos denote life story. tattoos connect communities. tattoos express beliefs. tattoos represent experiences. tattoos symbolize commitment. tattoos serve as tangible reminders. tattoos signify social status. tattoos symbolize ancestors. tattoos commitment to code of honor. tattoos from indigenous practices. tattoos considered sacred. tattoos symbolize adulthood. symbols of identity. tattoos symbolize spiritual connection. tattoos celebrating life changes. tattoos ward off evil spirits. tattoos connect community traditions. tattoos from ancient traditions. tattoos reinforce bond. tattoos rooted in cultural traditions. tattoos transcends borders. tattoos express personalities. tattoos expressions of shared human experiences. tattoos are permanent. tattoos denote tribal affiliations. tattoos expressions of diverse cultural traditions. tattoos have been self-expression. tattoos represent interests. tattoos signify achievements. tattoos form of modern forms. tattoos symbols of courage. tattoos have been body art. tattoos foster belonging. tattoos symbolize nature. tattoos in western societies. tattoos mark life events. tattoos rooted in personal meanings. tattoos have magical properties. tattoos in contemporary. tattoos form of ritual. tattoos in ancient egypt. cultural history varies across time periods. tattoos associated with yakuza. tattoos denote lineage. tattoos in traditional japanese culture. tattoos reflect family lineage. tattoos form of protection. tattoos symbols of loyalty. tattoos connect cultural heritage. tattoos symbols of strength. tattoos mark milestones. tattoos signify rank. tattoos used in religious ceremonies. tattoos foster connection. tattoos express unique identities. tattoos honoring loved ones. symbols of ritual. cultural history varies across societies. tattoos reminders of emotions. tattoos have cultural history. tattoos hold profound. symbols of belonging. tattoos connection to roots. tattoos used as symbols. tattoos commitment to criminal organization. tattoos form of ceremony. tattoos represent values. tattoos form of empowerment. tattoos considered rite of passage. tattoos form of art. tattoos reminders of moments. symbols of ritual. symbols of belonging. symbols of identity. cultural history varies across societies. cultural history varies across time periods.",
    "evaluation": 1
  },
  {
    "correct_answer": "Tattoos have a rich cultural history that varies across different societies and time periods.",
    "retrieved_context": "tattoos are visually striking. tattoos denote life story. tattoos connect communities. tattoos express beliefs. tattoos represent experiences. tattoos symbolize commitment. tattoos serve as tangible reminders. tattoos signify social status. tattoos symbolize ancestors. tattoos commitment to code of honor. tattoos from indigenous practices. tattoos considered sacred. tattoos symbolize adulthood. symbols of identity. tattoos symbolize spiritual connection. tattoos celebrating life changes. tattoos ward off evil spirits. tattoos connect community traditions. tattoos from ancient traditions. tattoos reinforce bond. tattoos rooted in cultural traditions. tattoos transcends borders. tattoos express personalities. tattoos expressions of shared human experiences. tattoos are permanent. tattoos denote tribal affiliations. tattoos expressions of diverse cultural traditions. tattoos have been self-expression. tattoos represent interests. tattoos signify achievements. tattoos form of modern forms. tattoos symbols of courage. tattoos have been body art. tattoos foster belonging. tattoos symbolize nature. tattoos in western societies. tattoos mark life events. tattoos rooted in personal meanings. tattoos have magical properties. tattoos in contemporary. tattoos form of ritual. tattoos in ancient egypt. cultural history varies across time periods. tattoos associated with yakuza. tattoos denote lineage. tattoos in traditional japanese culture. tattoos reflect family lineage. tattoos form of protection. tattoos symbols of loyalty. tattoos connect cultural heritage. tattoos symbols of strength. tattoos mark milestones. tattoos signify rank. tattoos used in religious ceremonies. tattoos foster connection. tattoos express unique identities. tattoos honoring loved ones. symbols of ritual. cultural history varies across societies. tattoos reminders of emotions. tattoos have cultural history. tattoos hold profound. symbols of belonging. tattoos connection to roots. tattoos used as symbols. tattoos commitment to criminal organization. tattoos form of ceremony. tattoos represent values. tattoos form of empowerment. tattoos considered rite of passage. tattoos form of art. tattoos reminders of moments. cultural history varies across societies. cultural history varies across time periods.",
    "evaluation": 1
  },
  {
    "correct_answer": "Tattoos' significance remains deeply rooted in cultural traditions and personal meanings.",
    "retrieved_context": "tattoos are visually striking. tattoos denote life story. tattoos connect communities. tattoos express beliefs. tattoos represent experiences. tattoos symbolize commitment. tattoos serve as tangible reminders. tattoos signify social status. tattoos symbolize ancestors. tattoos commitment to code of honor. tattoos from indigenous practices. tattoos considered sacred. tattoos symbolize adulthood. symbols of identity. tattoos symbolize spiritual connection. tattoos celebrating life changes. tattoos ward off evil spirits. tattoos connect community traditions. tattoos from ancient traditions. tattoos reinforce bond. tattoos rooted in cultural traditions. tattoos transcends borders. tattoos express personalities. tattoos expressions of shared human experiences. tattoos are permanent. tattoos denote tribal affiliations. tattoos expressions of diverse cultural traditions. tattoos have been self-expression. tattoos represent interests. tattoos signify achievements. tattoos form of modern forms. tattoos symbols of courage. tattoos have been body art. tattoos foster belonging. tattoos symbolize nature. tattoos in western societies. tattoos mark life events. tattoos rooted in personal meanings. tattoos have magical properties. tattoos in contemporary. tattoos form of ritual. tattoos in ancient egypt. cultural history varies across time periods. tattoos associated with yakuza. tattoos denote lineage. tattoos in traditional japanese culture. tattoos reflect family lineage. tattoos form of protection. tattoos symbols of loyalty. tattoos connect cultural heritage. tattoos symbols of strength. tattoos mark milestones. tattoos signify rank. tattoos used in religious ceremonies. tattoos foster connection. tattoos express unique identities. tattoos honoring loved ones. symbols of ritual. cultural history varies across societies. tattoos reminders of emotions. tattoos have cultural history. tattoos hold profound. symbols of belonging. tattoos connection to roots. tattoos used as symbols. tattoos commitment to criminal organization. tattoos form of ceremony. tattoos represent values. tattoos form of empowerment. tattoos considered rite of passage. tattoos form of art. tattoos reminders of moments. cultural history varies across societies. cultural history varies across time periods.",
    "evaluation": 1
  },
  {
    "correct_answer": "Tattoos have been used as symbols of identity, belonging, and ritual in various cultures around the world.",
    "retrieved_context": "tattoos are visually striking. tattoos denote life story. tattoos connect communities. tattoos express beliefs. tattoos represent experiences. tattoos symbolize commitment. tattoos serve as tangible reminders. tattoos signify social status. tattoos symbolize ancestors. tattoos commitment to code of honor. tattoos from indigenous practices. tattoos considered sacred. tattoos symbolize adulthood. symbols of identity. tattoos symbolize spiritual connection. tattoos celebrating life changes. tattoos ward off evil spirits. tattoos connect community traditions. tattoos from ancient traditions. tattoos reinforce bond. tattoos rooted in cultural traditions. tattoos transcends borders. tattoos express personalities. tattoos expressions of shared human experiences. tattoos are permanent. tattoos denote tribal affiliations. tattoos expressions of diverse cultural traditions. tattoos have been self-expression. tattoos represent interests. tattoos signify achievements. tattoos form of modern forms. tattoos symbols of courage. tattoos have been body art. tattoos foster belonging. tattoos symbolize nature. tattoos in western societies. tattoos mark life events. tattoos rooted in personal meanings. tattoos have magical properties. tattoos in contemporary. tattoos form of ritual. tattoos in ancient egypt. cultural history varies across time periods. tattoos associated with yakuza. tattoos denote lineage. tattoos in traditional japanese culture. tattoos reflect family lineage. tattoos form of protection. tattoos symbols of loyalty. tattoos connect cultural heritage. tattoos symbols of strength. tattoos mark milestones. tattoos signify rank. tattoos used in religious ceremonies. tattoos foster connection. tattoos express unique identities. tattoos honoring loved ones. symbols of ritual. cultural history varies across societies. tattoos reminders of emotions. tattoos have cultural history. tattoos hold profound. symbols of belonging. tattoos connection to roots. tattoos used as symbols. tattoos commitment to criminal organization. tattoos form of ceremony. tattoos represent values. tattoos form of empowerment. tattoos considered rite of passage. tattoos form of art. tattoos reminders of moments. symbols of ritual. symbols of belonging. symbols of identity.",
    "evaluation": 1
  },
  {
    "correct_answer": "In many cultures, tattoos are a way for individuals to express their unique identities, beliefs, and experiences.",
    "retrieved_context": "tattoos are visually striking. tattoos denote life story. tattoos connect communities. tattoos express beliefs. tattoos represent experiences. tattoos symbolize commitment. tattoos serve as tangible reminders. tattoos signify social status. tattoos symbolize ancestors. tattoos commitment to code of honor. tattoos from indigenous practices. tattoos considered sacred. tattoos symbolize adulthood. symbols of identity. tattoos symbolize spiritual connection. tattoos celebrating life changes. tattoos ward off evil spirits. tattoos connect community traditions. tattoos from ancient traditions. tattoos reinforce bond. tattoos rooted in cultural traditions. tattoos transcends borders. tattoos express personalities. tattoos expressions of shared human experiences. tattoos are permanent. tattoos denote tribal affiliations. tattoos expressions of diverse cultural traditions. tattoos have been self-expression. tattoos represent interests. tattoos signify achievements. tattoos form of modern forms. tattoos symbols of courage. tattoos have been body art. tattoos foster belonging. tattoos symbolize nature. tattoos in western societies. tattoos mark life events. tattoos rooted in personal meanings. tattoos have magical properties. tattoos in contemporary. tattoos form of ritual. tattoos in ancient egypt. cultural history varies across time periods. tattoos associated with yakuza. tattoos denote lineage. tattoos in traditional japanese culture. tattoos reflect family lineage. tattoos form of protection. tattoos symbols of loyalty. tattoos connect cultural heritage. tattoos symbols of strength. tattoos mark milestones. tattoos signify rank. tattoos used in religious ceremonies. tattoos foster connection. tattoos express unique identities. tattoos honoring loved ones. symbols of ritual. cultural history varies across societies. tattoos reminders of emotions. tattoos have cultural history. tattoos hold profound. symbols of belonging. tattoos connection to roots. tattoos used as symbols. tattoos commitment to criminal organization. tattoos form of ceremony. tattoos represent values. tattoos form of empowerment. tattoos considered rite of passage. tattoos form of art. tattoos reminders of moments. symbols of ritual. symbols of belonging. symbols of identity.",
    "evaluation": 1
  },
  {
    "correct_answer": "Ancient Polynesian cultures used tattoos to signify social status, rank, and achievements.",
    "retrieved_context": "tattoos are visually striking. tattoos denote life story. tattoos connect communities. tattoos express beliefs. tattoos represent experiences. tattoos symbolize commitment. tattoos serve as tangible reminders. tattoos signify social status. tattoos symbolize ancestors. tattoos commitment to code of honor. tattoos from indigenous practices. tattoos considered sacred. tattoos symbolize adulthood. symbols of identity. tattoos symbolize spiritual connection. tattoos celebrating life changes. tattoos ward off evil spirits. tattoos connect community traditions. tattoos from ancient traditions. tattoos reinforce bond. tattoos rooted in cultural traditions. tattoos transcends borders. tattoos express personalities. tattoos expressions of shared human experiences. tattoos are permanent. tattoos denote tribal affiliations. tattoos expressions of diverse cultural traditions. tattoos have been self-expression. tattoos represent interests. tattoos signify achievements. tattoos form of modern forms. tattoos symbols of courage. tattoos have been body art. tattoos foster belonging. tattoos symbolize nature. tattoos in western societies. tattoos mark life events. tattoos rooted in personal meanings. tattoos have magical properties. tattoos in contemporary. tattoos form of ritual. tattoos in ancient egypt. cultural history varies across time periods. tattoos associated with yakuza. tattoos denote lineage. tattoos in traditional japanese culture. tattoos reflect family lineage. tattoos form of protection. tattoos symbols of loyalty. tattoos connect cultural heritage. tattoos symbols of strength. tattoos mark milestones. tattoos signify rank. tattoos used in religious ceremonies. tattoos foster connection. tattoos express unique identities. tattoos honoring loved ones. symbols of ritual. cultural history varies across societies. tattoos reminders of emotions. tattoos have cultural history. tattoos hold profound. symbols of belonging. tattoos connection to roots. tattoos used as symbols. tattoos commitment to criminal organization. tattoos form of ceremony. tattoos represent values. tattoos form of empowerment. tattoos considered rite of passage. tattoos form of art. tattoos reminders of moments. cultural history varies across societies. cultural history varies across time periods.",
    "evaluation": 1
  },
  {
    "correct_answer": "Maori culture used tattoos known as 'moko' to denote lineage, tribal affiliations, and life story.",
    "retrieved_context": "tattoos are visually striking. tattoos denote life story. tattoos connect communities. tattoos express beliefs. tattoos represent experiences. tattoos symbolize commitment. tattoos serve as tangible reminders. tattoos signify social status. tattoos symbolize ancestors. tattoos commitment to code of honor. tattoos from indigenous practices. tattoos considered sacred. tattoos symbolize adulthood. symbols of identity. tattoos symbolize spiritual connection. tattoos celebrating life changes. tattoos ward off evil spirits. tattoos connect community traditions. tattoos from ancient traditions. tattoos reinforce bond. tattoos rooted in cultural traditions. tattoos transcends borders. tattoos express personalities. tattoos expressions of shared human experiences. tattoos are permanent. tattoos denote tribal affiliations. tattoos expressions of diverse cultural traditions. tattoos have been self-expression. tattoos represent interests. tattoos signify achievements. tattoos form of modern forms. tattoos symbols of courage. tattoos have been body art. tattoos foster belonging. tattoos symbolize nature. tattoos in western societies. tattoos mark life events. tattoos rooted in personal meanings. tattoos have magical properties. tattoos in contemporary. tattoos form of ritual. tattoos in ancient egypt. cultural history varies across time periods. tattoos associated with yakuza. tattoos denote lineage. tattoos in traditional japanese culture. tattoos reflect family lineage. tattoos form of protection. tattoos symbols of loyalty. tattoos connect cultural heritage. tattoos symbols of strength. tattoos mark milestones. tattoos signify rank. tattoos used in religious ceremonies. tattoos foster connection. tattoos express unique identities. tattoos honoring loved ones. symbols of ritual. cultural history varies across societies. tattoos reminders of emotions. tattoos have cultural history. tattoos hold profound. symbols of belonging. tattoos connection to roots. tattoos used as symbols. tattoos commitment to criminal organization. tattoos form of ceremony. tattoos represent values. tattoos form of empowerment. tattoos considered rite of passage. tattoos form of art. tattoos reminders of moments. cultural history varies across societies. cultural history varies across time periods.",
    "evaluation": 0
  },
  {
    "correct_answer": "Tattoos in contemporary Western societies represent personal identity and self-expression.",
    "retrieved_context": "tattoos are visually striking. tattoos denote life story. tattoos connect communities. tattoos express beliefs. tattoos represent experiences. tattoos symbolize commitment. tattoos serve as tangible reminders. tattoos signify social status. tattoos symbolize ancestors. tattoos commitment to code of honor. tattoos from indigenous practices. tattoos considered sacred. tattoos symbolize adulthood. symbols of identity. tattoos symbolize spiritual connection. tattoos celebrating life changes. tattoos ward off evil spirits. tattoos connect community traditions. tattoos from ancient traditions. tattoos reinforce bond. tattoos rooted in cultural traditions. tattoos transcends borders. tattoos express personalities. tattoos expressions of shared human experiences. tattoos are permanent. tattoos denote tribal affiliations. tattoos expressions of diverse cultural traditions. tattoos have been self-expression. tattoos represent interests. tattoos signify achievements. tattoos form of modern forms. tattoos symbols of courage. tattoos have been body art. tattoos foster belonging. tattoos symbolize nature. tattoos in western societies. tattoos mark life events. tattoos rooted in personal meanings. tattoos have magical properties. tattoos in contemporary. tattoos form of ritual. tattoos in ancient egypt. cultural history varies across time periods. tattoos associated with yakuza. tattoos denote lineage. tattoos in traditional japanese culture. tattoos reflect family lineage. tattoos form of protection. tattoos symbols of loyalty. tattoos connect cultural heritage. tattoos symbols of strength. tattoos mark milestones. tattoos signify rank. tattoos used in religious ceremonies. tattoos foster connection. tattoos express unique identities. tattoos honoring loved ones. symbols of ritual. cultural history varies across societies. tattoos reminders of emotions. tattoos have cultural history. tattoos hold profound. symbols of belonging. tattoos connection to roots. tattoos used as symbols. tattoos commitment to criminal organization. tattoos form of ceremony. tattoos represent values. tattoos form of empowerment. tattoos considered rite of passage. tattoos form of art. tattoos reminders of moments.",
    "evaluation": 1
  },
  {
    "correct_answer": "Tattoos in indigenous cultures connect individuals to their cultural heritage and community traditions.",
    "retrieved_context": "tattoos are visually striking. tattoos denote life story. tattoos connect communities. tattoos express beliefs. tattoos represent experiences. tattoos symbolize commitment. tattoos serve as tangible reminders. tattoos signify social status. tattoos symbolize ancestors. tattoos commitment to code of honor. tattoos from indigenous practices. tattoos considered sacred. tattoos symbolize adulthood. symbols of identity. tattoos symbolize spiritual connection. tattoos celebrating life changes. tattoos ward off evil spirits. tattoos connect community traditions. tattoos from ancient traditions. tattoos reinforce bond. tattoos rooted in cultural traditions. tattoos transcends borders. tattoos express personalities. tattoos expressions of shared human experiences. tattoos are permanent. tattoos denote tribal affiliations. tattoos expressions of diverse cultural traditions. tattoos have been self-expression. tattoos represent interests. tattoos signify achievements. tattoos form of modern forms. tattoos symbols of courage. tattoos have been body art. tattoos foster belonging. tattoos symbolize nature. tattoos in western societies. tattoos mark life events. tattoos rooted in personal meanings. tattoos have magical properties. tattoos in contemporary. tattoos form of ritual. tattoos in ancient egypt. cultural history varies across time periods. tattoos associated with yakuza. tattoos denote lineage. tattoos in traditional japanese culture. tattoos reflect family lineage. tattoos form of protection. tattoos symbols of loyalty. tattoos connect cultural heritage. tattoos symbols of strength. tattoos mark milestones. tattoos signify rank. tattoos used in religious ceremonies. tattoos foster connection. tattoos express unique identities. tattoos honoring loved ones. symbols of ritual. cultural history varies across societies. tattoos reminders of emotions. tattoos have cultural history. tattoos hold profound. symbols of belonging. tattoos connection to roots. tattoos used as symbols. tattoos commitment to criminal organization. tattoos form of ceremony. tattoos represent values. tattoos form of empowerment. tattoos considered rite of passage. tattoos form of art. tattoos reminders of moments.",
    "evaluation": 1
  },
  {
    "correct_answer": "Among the Ainu people of Japan, tattoos symbolize a person's spiritual connection to nature and ancestors.",
    "retrieved_context": "tattoos are visually striking. tattoos denote life story. tattoos connect communities. tattoos express beliefs. tattoos represent experiences. tattoos symbolize commitment. tattoos serve as tangible reminders. tattoos signify social status. tattoos symbolize ancestors. tattoos commitment to code of honor. tattoos from indigenous practices. tattoos considered sacred. tattoos symbolize adulthood. symbols of identity. tattoos symbolize spiritual connection. tattoos celebrating life changes. tattoos ward off evil spirits. tattoos connect community traditions. tattoos from ancient traditions. tattoos reinforce bond. tattoos rooted in cultural traditions. tattoos transcends borders. tattoos express personalities. tattoos expressions of shared human experiences. tattoos are permanent. tattoos denote tribal affiliations. tattoos expressions of diverse cultural traditions. tattoos have been self-expression. tattoos represent interests. tattoos signify achievements. tattoos form of modern forms. tattoos symbols of courage. tattoos have been body art. tattoos foster belonging. tattoos symbolize nature. tattoos in western societies. tattoos mark life events. tattoos rooted in personal meanings. tattoos have magical properties. tattoos in contemporary. tattoos form of ritual. tattoos in ancient egypt. cultural history varies across time periods. tattoos associated with yakuza. tattoos denote lineage. tattoos in traditional japanese culture. tattoos reflect family lineage. tattoos form of protection. tattoos symbols of loyalty. tattoos connect cultural heritage. tattoos symbols of strength. tattoos mark milestones. tattoos signify rank. tattoos used in religious ceremonies. tattoos foster connection. tattoos express unique identities. tattoos honoring loved ones. symbols of ritual. cultural history varies across societies. tattoos reminders of emotions. tattoos have cultural history. tattoos hold profound. symbols of belonging. tattoos connection to roots. tattoos used as symbols. tattoos commitment to criminal organization. tattoos form of ceremony. tattoos represent values. tattoos form of empowerment. tattoos considered rite of passage. tattoos form of art. tattoos reminders of moments. symbols of ritual. symbols of belonging. symbols of identity.",
    "evaluation": 0
  },
  {
    "correct_answer": "In Samoan culture, tattoos known as 'pe'a' symbolize a rite of passage for young men.",
    "retrieved_context": "tattoos are visually striking. tattoos denote life story. tattoos connect communities. tattoos express beliefs. tattoos represent experiences. tattoos symbolize commitment. tattoos serve as tangible reminders. tattoos signify social status. tattoos symbolize ancestors. tattoos commitment to code of honor. tattoos from indigenous practices. tattoos considered sacred. tattoos symbolize adulthood. symbols of identity. tattoos symbolize spiritual connection. tattoos celebrating life changes. tattoos ward off evil spirits. tattoos connect community traditions. tattoos from ancient traditions. tattoos reinforce bond. tattoos rooted in cultural traditions. tattoos transcends borders. tattoos express personalities. tattoos expressions of shared human experiences. tattoos are permanent. tattoos denote tribal affiliations. tattoos expressions of diverse cultural traditions. tattoos have been self-expression. tattoos represent interests. tattoos signify achievements. tattoos form of modern forms. tattoos symbols of courage. tattoos have been body art. tattoos foster belonging. tattoos symbolize nature. tattoos in western societies. tattoos mark life events. tattoos rooted in personal meanings. tattoos have magical properties. tattoos in contemporary. tattoos form of ritual. tattoos in ancient egypt. cultural history varies across time periods. tattoos associated with yakuza. tattoos denote lineage. tattoos in traditional japanese culture. tattoos reflect family lineage. tattoos form of protection. tattoos symbols of loyalty. tattoos connect cultural heritage. tattoos symbols of strength. tattoos mark milestones. tattoos signify rank. tattoos used in religious ceremonies. tattoos foster connection. tattoos express unique identities. tattoos honoring loved ones. symbols of ritual. cultural history varies across societies. tattoos reminders of emotions. tattoos have cultural history. tattoos hold profound. symbols of belonging. tattoos connection to roots. tattoos used as symbols. tattoos commitment to criminal organization. tattoos form of ceremony. tattoos represent values. tattoos form of empowerment. tattoos considered rite of passage. tattoos form of art. tattoos reminders of moments. symbols of ritual. symbols of belonging. symbols of identity.",
    "evaluation": 0
  },
  {
    "correct_answer": "Tattoos have been used as a form of ritual and ceremony in many cultures.",
    "retrieved_context": "tattoos are visually striking. tattoos denote life story. tattoos connect communities. tattoos express beliefs. tattoos represent experiences. tattoos symbolize commitment. tattoos serve as tangible reminders. tattoos signify social status. tattoos symbolize ancestors. tattoos commitment to code of honor. tattoos from indigenous practices. tattoos considered sacred. tattoos symbolize adulthood. symbols of identity. tattoos symbolize spiritual connection. tattoos celebrating life changes. tattoos ward off evil spirits. tattoos connect community traditions. tattoos from ancient traditions. tattoos reinforce bond. tattoos rooted in cultural traditions. tattoos transcends borders. tattoos express personalities. tattoos expressions of shared human experiences. tattoos are permanent. tattoos denote tribal affiliations. tattoos expressions of diverse cultural traditions. tattoos have been self-expression. tattoos represent interests. tattoos signify achievements. tattoos form of modern forms. tattoos symbols of courage. tattoos have been body art. tattoos foster belonging. tattoos symbolize nature. tattoos in western societies. tattoos mark life events. tattoos rooted in personal meanings. tattoos have magical properties. tattoos in contemporary. tattoos form of ritual. tattoos in ancient egypt. cultural history varies across time periods. tattoos associated with yakuza. tattoos denote lineage. tattoos in traditional japanese culture. tattoos reflect family lineage. tattoos form of protection. tattoos symbols of loyalty. tattoos connect cultural heritage. tattoos symbols of strength. tattoos mark milestones. tattoos signify rank. tattoos used in religious ceremonies. tattoos foster connection. tattoos express unique identities. tattoos honoring loved ones. symbols of ritual. cultural history varies across societies. tattoos reminders of emotions. tattoos have cultural history. tattoos hold profound. symbols of belonging. tattoos connection to roots. tattoos used as symbols. tattoos commitment to criminal organization. tattoos form of ceremony. tattoos represent values. tattoos form of empowerment. tattoos considered rite of passage. tattoos form of art. tattoos reminders of moments.",
    "evaluation": 1
  },
  {
    "correct_answer": "In ancient Egypt, tattoos were believed to have magical properties and used in religious ceremonies.",
    "retrieved_context": "tattoos are visually striking. tattoos denote life story. tattoos connect communities. tattoos express beliefs. tattoos represent experiences. tattoos symbolize commitment. tattoos serve as tangible reminders. tattoos signify social status. tattoos symbolize ancestors. tattoos commitment to code of honor. tattoos from indigenous practices. tattoos considered sacred. tattoos symbolize adulthood. symbols of identity. tattoos symbolize spiritual connection. tattoos celebrating life changes. tattoos ward off evil spirits. tattoos connect community traditions. tattoos from ancient traditions. tattoos reinforce bond. tattoos rooted in cultural traditions. tattoos transcends borders. tattoos express personalities. tattoos expressions of shared human experiences. tattoos are permanent. tattoos denote tribal affiliations. tattoos expressions of diverse cultural traditions. tattoos have been self-expression. tattoos represent interests. tattoos signify achievements. tattoos form of modern forms. tattoos symbols of courage. tattoos have been body art. tattoos foster belonging. tattoos symbolize nature. tattoos in western societies. tattoos mark life events. tattoos rooted in personal meanings. tattoos have magical properties. tattoos in contemporary. tattoos form of ritual. tattoos in ancient egypt. cultural history varies across time periods. tattoos associated with yakuza. tattoos denote lineage. tattoos in traditional japanese culture. tattoos reflect family lineage. tattoos form of protection. tattoos symbols of loyalty. tattoos connect cultural heritage. tattoos symbols of strength. tattoos mark milestones. tattoos signify rank. tattoos used in religious ceremonies. tattoos foster connection. tattoos express unique identities. tattoos honoring loved ones. symbols of ritual. cultural history varies across societies. tattoos reminders of emotions. tattoos have cultural history. tattoos hold profound. symbols of belonging. tattoos connection to roots. tattoos used as symbols. tattoos commitment to criminal organization. tattoos form of ceremony. tattoos represent values. tattoos form of empowerment. tattoos considered rite of passage. tattoos form of art. tattoos reminders of moments.",
    "evaluation": 1
  },
  {
    "correct_answer": "In traditional Japanese culture, tattoos were associated with the yakuza and symbolized loyalty, courage, and strength.",
    "retrieved_context": "tattoos are visually striking. tattoos denote life story. tattoos connect communities. tattoos express beliefs. tattoos represent experiences. tattoos symbolize commitment. tattoos serve as tangible reminders. tattoos signify social status. tattoos symbolize ancestors. tattoos commitment to code of honor. tattoos from indigenous practices. tattoos considered sacred. tattoos symbolize adulthood. symbols of identity. tattoos symbolize spiritual connection. tattoos celebrating life changes. tattoos ward off evil spirits. tattoos connect community traditions. tattoos from ancient traditions. tattoos reinforce bond. tattoos rooted in cultural traditions. tattoos transcends borders. tattoos express personalities. tattoos expressions of shared human experiences. tattoos are permanent. tattoos denote tribal affiliations. tattoos expressions of diverse cultural traditions. tattoos have been self-expression. tattoos represent interests. tattoos signify achievements. tattoos form of modern forms. tattoos symbols of courage. tattoos have been body art. tattoos foster belonging. tattoos symbolize nature. tattoos in western societies. tattoos mark life events. tattoos rooted in personal meanings. tattoos have magical properties. tattoos in contemporary. tattoos form of ritual. tattoos in ancient egypt. cultural history varies across time periods. tattoos associated with yakuza. tattoos denote lineage. tattoos in traditional japanese culture. tattoos reflect family lineage. tattoos form of protection. tattoos symbols of loyalty. tattoos connect cultural heritage. tattoos symbols of strength. tattoos mark milestones. tattoos signify rank. tattoos used in religious ceremonies. tattoos foster connection. tattoos express unique identities. tattoos honoring loved ones. symbols of ritual. cultural history varies across societies. tattoos reminders of emotions. tattoos have cultural history. tattoos hold profound. symbols of belonging. tattoos connection to roots. tattoos used as symbols. tattoos commitment to criminal organization. tattoos form of ceremony. tattoos represent values. tattoos form of empowerment. tattoos considered rite of passage. tattoos form of art. tattoos reminders of moments. symbols of ritual. symbols of belonging. symbols of identity.",
    "evaluation": 1
  },
  {
    "correct_answer": "Tattoos in contemporary society mark significant life events and milestones.",
    "retrieved_context": "tattoos are visually striking. tattoos denote life story. tattoos connect communities. tattoos express beliefs. tattoos represent experiences. tattoos symbolize commitment. tattoos serve as tangible reminders. tattoos signify social status. tattoos symbolize ancestors. tattoos commitment to code of honor. tattoos from indigenous practices. tattoos considered sacred. tattoos symbolize adulthood. symbols of identity. tattoos symbolize spiritual connection. tattoos celebrating life changes. tattoos ward off evil spirits. tattoos connect community traditions. tattoos from ancient traditions. tattoos reinforce bond. tattoos rooted in cultural traditions. tattoos transcends borders. tattoos express personalities. tattoos expressions of shared human experiences. tattoos are permanent. tattoos denote tribal affiliations. tattoos expressions of diverse cultural traditions. tattoos have been self-expression. tattoos represent interests. tattoos signify achievements. tattoos form of modern forms. tattoos symbols of courage. tattoos have been body art. tattoos foster belonging. tattoos symbolize nature. tattoos in western societies. tattoos mark life events. tattoos rooted in personal meanings. tattoos have magical properties. tattoos in contemporary. tattoos form of ritual. tattoos in ancient egypt. cultural history varies across time periods. tattoos associated with yakuza. tattoos denote lineage. tattoos in traditional japanese culture. tattoos reflect family lineage. tattoos form of protection. tattoos symbols of loyalty. tattoos connect cultural heritage. tattoos symbols of strength. tattoos mark milestones. tattoos signify rank. tattoos used in religious ceremonies. tattoos foster connection. tattoos express unique identities. tattoos honoring loved ones. symbols of ritual. cultural history varies across societies. tattoos reminders of emotions. tattoos have cultural history. tattoos hold profound. symbols of belonging. tattoos connection to roots. tattoos used as symbols. tattoos commitment to criminal organization. tattoos form of ceremony. tattoos represent values. tattoos form of empowerment. tattoos considered rite of passage. tattoos form of art. tattoos reminders of moments.",
    "evaluation": 1
  },
  {
    "accuracy": "80.00%"
  }
]