[
  {
    "correct_answer": "Renewable energy sources gaining momentum in recent years",
    "retrieved_context": "renewable energy holds conclusion. renewable energy moves towards environmentally friendly. renewable energy gaining momentum. renewable energy offers greener. renewable energy offers generations. renewable energy moves towards sustainable. renewable energy is resilient. renewable energy offers cleaner. renewable energy offers path. wind turbines capture kinetic energy. renewable energy holds conclusion. wind power is clean. renewable energy moves towards environmentally friendly. wind power growing in popularity. renewable energy gaining momentum. renewable energy offers greener. renewable energy offers generations. wind power is renewable energy. renewable energy moves towards sustainable. renewable energy is resilient. renewable energy offers cleaner. renewable energy offers path. wind farms are competitive. wind farms are cost-effective. wind farms are efficient. fossil fuels are finite. solar power is clean. solar power is abundant.",
    "evaluation": 1
  },
  {
    "correct_answer": "World moving towards a more sustainable and environmentally friendly future",
    "retrieved_context": "",
    "evaluation": 0
  },
  {
    "correct_answer": "Growing concerns over climate change, air pollution, and finite nature of fossil fuels",
    "retrieved_context": "fossil fuels are finite. biofuels are biodiesel. biofuels can power vehicles. biofuels are ethanol. biofuels can heat heat buildings.",
    "evaluation": 0
  },
  {
    "correct_answer": "Increased investments and advancements in renewable energy technologies",
    "retrieved_context": "renewable energy holds conclusion. renewable energy moves towards environmentally friendly. renewable energy gaining momentum. renewable energy offers greener. renewable energy offers generations. renewable energy moves towards sustainable. renewable energy is resilient. renewable energy offers cleaner. renewable energy offers path. smart grid technologies optimizing supply. smart grid technologies optimizing demand. energy storage advancements in batteries. energy storage advancements in pumped hydro storage. renewable energy holds conclusion. renewable energy moves towards environmentally friendly. renewable energy gaining momentum. renewable energy offers greener. renewable energy offers generations. investments increased in renewable energy. renewable energy moves towards sustainable. renewable energy is resilient. renewable energy offers cleaner. renewable energy offers path. solar panels are accessible. wind farms are competitive. wind farms are cost-effective. wind farms are efficient. biomass power plants by burning. biomass power plants generate electricity.",
    "evaluation": 1
  },
  {
    "correct_answer": "Solar panels harness energy from the sun and convert it into electricity",
    "retrieved_context": "solar power is clean. solar power is abundant. solar panels are accessible. renewable energy holds conclusion. renewable energy moves towards environmentally friendly. renewable energy gaining momentum. renewable energy offers greener. renewable energy offers generations. renewable energy moves towards sustainable. renewable energy is resilient. renewable energy offers cleaner. renewable energy offers path. energy storage advancements in batteries. energy storage advancements in pumped hydro storage. renewable energy holds conclusion. wind power is clean. renewable energy moves towards environmentally friendly. wind power growing in popularity. renewable energy gaining momentum. renewable energy offers greener. renewable energy offers generations. wind power is renewable energy. renewable energy moves towards sustainable. renewable energy is resilient. renewable energy offers cleaner. renewable energy offers path.",
    "evaluation": 0
  },
  {
    "correct_answer": "Cost of solar panels steadily decreasing over the years",
    "retrieved_context": "solar panels are accessible. solar power is clean. solar power is abundant. cost decreasing of solar panels. solar panels are accessible. renewable energy holds conclusion. renewable energy moves towards environmentally friendly. renewable energy gaining momentum. renewable energy offers greener. renewable energy offers generations. renewable energy moves towards sustainable. renewable energy is resilient. renewable energy offers cleaner. renewable energy offers path.",
    "evaluation": 0
  },
  {
    "correct_answer": "Advancements in solar technology improving efficiency and effectiveness of solar power generation",
    "retrieved_context": "solar power is clean. solar power is abundant. solar panels are accessible. renewable energy holds conclusion. renewable energy moves towards environmentally friendly. renewable energy gaining momentum. renewable energy offers greener. renewable energy offers generations. renewable energy moves towards sustainable. renewable energy is resilient. renewable energy offers cleaner. renewable energy offers path. smart grid technologies optimizing supply. smart grid technologies optimizing demand.",
    "evaluation": 0
  },
  {
    "correct_answer": "Wind turbines capture kinetic energy of the wind and convert it into electricity",
    "retrieved_context": "wind turbines capture kinetic energy. renewable energy holds conclusion. wind power is clean. renewable energy moves towards environmentally friendly. wind power growing in popularity. renewable energy gaining momentum. renewable energy offers greener. renewable energy offers generations. wind power is renewable energy. renewable energy moves towards sustainable. renewable energy is resilient. renewable energy offers cleaner. renewable energy offers path. wind farms are competitive. wind farms are cost-effective. wind farms are efficient. renewable energy holds conclusion. renewable energy moves towards environmentally friendly. renewable energy gaining momentum. renewable energy offers greener. renewable energy offers generations. renewable energy moves towards sustainable. renewable energy is resilient. renewable energy offers cleaner. renewable energy offers path. solar power is clean. solar power is abundant. energy storage advancements in batteries. energy storage advancements in pumped hydro storage.",
    "evaluation": 0
  },
  {
    "correct_answer": "Wind power growing in popularity as a clean and renewable resource",
    "retrieved_context": "renewable energy holds conclusion. wind power is clean. renewable energy moves towards environmentally friendly. wind power growing in popularity. renewable energy gaining momentum. renewable energy offers greener. renewable energy offers generations. wind power is renewable energy. renewable energy moves towards sustainable. renewable energy is resilient. renewable energy offers cleaner. renewable energy offers path. renewable energy holds conclusion. renewable energy moves towards environmentally friendly. renewable energy gaining momentum. renewable energy offers greener. renewable energy offers generations. renewable energy moves towards sustainable. renewable energy is resilient. renewable energy offers cleaner. renewable energy offers path. wind farms are competitive. wind farms are cost-effective. wind farms are efficient. wind turbines capture kinetic energy. solar power is clean. solar power is abundant. energy storage advancements in batteries. energy storage advancements in pumped hydro storage. smart grid technologies optimizing supply. smart grid technologies optimizing demand.",
    "evaluation": 1
  },
  {
    "correct_answer": "Hydropower derived from the energy of moving water",
    "retrieved_context": "hydropower is significant. hydropower is reliable. hydropower derived from moving water. hydropower is oldest. hydropower is sustainable. renewable energy holds conclusion. wind power is clean. renewable energy moves towards environmentally friendly. wind power growing in popularity. renewable energy gaining momentum. renewable energy offers greener. renewable energy offers generations. wind power is renewable energy. renewable energy moves towards sustainable. renewable energy is resilient. renewable energy offers cleaner. renewable energy offers path. renewable energy holds conclusion. renewable energy moves towards environmentally friendly. renewable energy gaining momentum. renewable energy offers greener. renewable energy offers generations. renewable energy moves towards sustainable. renewable energy is resilient. renewable energy offers cleaner. renewable energy offers path. solar power is clean. solar power is abundant. dams have environmental impact.",
    "evaluation": 1
  },
  {
    "correct_answer": "Large-scale hydropower plants capable of generating significant amounts of electricity",
    "retrieved_context": "hydropower is significant. hydropower is reliable. hydropower derived from moving water. hydropower is oldest. hydropower is sustainable. geothermal power plants extract steam. geothermal power plants extract hot water. biomass power plants by burning. biomass power plants generate electricity. renewable energy holds conclusion. renewable energy moves towards environmentally friendly. renewable energy gaining momentum. renewable energy offers greener. renewable energy offers generations. renewable energy moves towards sustainable. renewable energy is resilient. renewable energy offers cleaner. renewable energy offers path.",
    "evaluation": 0
  },
  {
    "correct_answer": "Bioenergy derived from organic materials such as plants and waste",
    "retrieved_context": "bioenergy offers versatile. bioenergy offers solution. bioenergy derived from waste. bioenergy derived from organic materials. bioenergy derived from plants. bioenergy reduces reliance. bioenergy has potential. biofuels are biodiesel. biofuels can power vehicles. biofuels are ethanol. biofuels can heat heat buildings. biomass power plants by burning. biomass power plants generate electricity. fossil fuels are finite.",
    "evaluation": 1
  },
  {
    "correct_answer": "Geothermal energy derived from the heat of the Earth's interior",
    "retrieved_context": "geothermal energy derived from heat. geothermal energy derived from earth's interior. geothermal energy provides baseload electricity. geothermal energy has immense. geothermal energy complements intermittent. geothermal power plants extract steam. geothermal power plants extract hot water. renewable energy holds conclusion. renewable energy moves towards environmentally friendly. renewable energy gaining momentum. renewable energy offers greener. renewable energy offers generations. renewable energy moves towards sustainable. renewable energy is resilient. renewable energy offers cleaner. renewable energy offers path.",
    "evaluation": 1
  },
  {
    "correct_answer": "Ongoing research and development driving innovation and efficiency improvements in renewable energy sources",
    "retrieved_context": "renewable energy holds conclusion. renewable energy moves towards environmentally friendly. renewable energy gaining momentum. renewable energy offers greener. renewable energy offers generations. renewable energy moves towards sustainable. renewable energy is resilient. renewable energy offers cleaner. renewable energy offers path. energy storage advancements in batteries. energy storage advancements in pumped hydro storage. biomass power plants by burning. biomass power plants generate electricity. smart grid technologies optimizing supply. smart grid technologies optimizing demand. fossil fuels are finite.",
    "evaluation": 0
  },
  {
    "correct_answer": "Policy support and incentives essential for continued growth of renewable energy",
    "retrieved_context": "renewable energy holds conclusion. renewable energy moves towards environmentally friendly. renewable energy gaining momentum. renewable energy offers greener. renewable energy offers generations. renewable energy moves towards sustainable. renewable energy is resilient. renewable energy offers cleaner. renewable energy offers path. policy support essential for subsidies. policy support essential for carbon pricing mechanisms. policy support essential for growth. policy support essential for targets. solar power is clean. solar power is abundant. energy storage advancements in batteries. energy storage advancements in pumped hydro storage.",
    "evaluation": 1
  },
  {
    "accuracy": "46.67%"
  }
]