[
  {
    "correct_answer": "Pirates captured the imagination of people for centuries.",
    "retrieved_context": "golden age of piracy included captain kidd. golden age of piracy included blackbeard. golden age of piracy terrorized waters. golden age of piracy included calico jack. golden age of piracy is legendary. waters were in caribbean. waters were in atlantic ocean. pirate life formed crews. pirate life established strongholds. pirate life was lawless. pirate life was free-for-all. strongholds were in nassau. strongholds were in tortuga. pirate life had code of conduct. code of conduct was pirate code. adventures captivated audiences. immortalized in television shows. history is tapestry. pirates captured imagination. pirates were symbols. legacy is indelible. adventures were captivating. pirates were immortalized. preying was on treasure ships. pirates had flamboyant. history spans time periods. pirates operated with impunity. pirates have history. history spans regions. immortalized in movies. oppressive was of imperialism. history spans cultures. history spans continents. symbols were of defiance. pirates were preying. pirates had tactics. legacy continues to endure. pirates lived by rules. symbols were of freedom. pirates had swashbuckling. pirates had behavior. preying was on plundering. legacy is in folklore. pirates were seen as rebels. pirates fought against oppressive. pirates were seen as heroes. pirates had adventures. tales were passed down. history is complex. pirates have legacy. immortalized in books. history is colorful. pirates had personalities. pirates had ruthless. pirates had cunning. pirates were buccaneers. symbols challenged established order. oppressive was of colonialism. history is rich. history is multifaceted. pirates had tales. legacy is in popular culture. raids were on coastal towns. sponsored provided income. sponsored helped weaken. barbary pirates were notorious. sponsored was lucrative. sponsored by governments. barbary pirates were from north africa. barbary pirates conducted raids. sponsored by rulers. raids were on european ships. barbary pirates were sponsored. pirate code governed disputes. pirate code maintained order. pirate code was aboard. pirate code governed division. pirate code governed spoils. pirate code maintained discipline. pirate code governed resolution.",
    "evaluation": 1
  },
  {
    "correct_answer": "Pirate activity dates back to the 14th century BC.",
    "retrieved_context": "golden age of piracy included captain kidd. golden age of piracy included blackbeard. golden age of piracy terrorized waters. golden age of piracy included calico jack. golden age of piracy is legendary. waters were in caribbean. waters were in atlantic ocean. pirate life formed crews. pirate life established strongholds. pirate life was lawless. pirate life was free-for-all. strongholds were in nassau. strongholds were in tortuga. pirate life had code of conduct. code of conduct was pirate code. adventures captivated audiences. immortalized in television shows. history is tapestry. pirates captured imagination. pirates were symbols. legacy is indelible. adventures were captivating. pirates were immortalized. preying was on treasure ships. pirates had flamboyant. history spans time periods. pirates operated with impunity. pirates have history. history spans regions. immortalized in movies. oppressive was of imperialism. history spans cultures. history spans continents. symbols were of defiance. pirates were preying. pirates had tactics. legacy continues to endure. pirates lived by rules. symbols were of freedom. pirates had swashbuckling. pirates had behavior. preying was on plundering. legacy is in folklore. pirates were seen as rebels. pirates fought against oppressive. pirates were seen as heroes. pirates had adventures. tales were passed down. history is complex. pirates have legacy. immortalized in books. history is colorful. pirates had personalities. pirates had ruthless. pirates had cunning. pirates were buccaneers. symbols challenged established order. oppressive was of colonialism. history is rich. history is multifaceted. pirates had tales. legacy is in popular culture. raids were on coastal towns. sponsored provided income. sponsored helped weaken. barbary pirates were notorious. sponsored was lucrative. sponsored by governments. barbary pirates were from north africa. barbary pirates conducted raids. sponsored by rulers. raids were on european ships. barbary pirates were sponsored. pirate code governed disputes. pirate code maintained order. pirate code was aboard. pirate code governed division. pirate code governed spoils. pirate code maintained discipline. pirate code governed resolution.",
    "evaluation": 0
  },
  {
    "correct_answer": "The Sea Peoples were among the earliest known pirates.",
    "retrieved_context": "sea peoples were bronze age. sea peoples terrorized mediterranean. swift were attacks. sea peoples were raiders. sea peoples were known for swift. adventures captivated audiences. immortalized in television shows. history is tapestry. pirates captured imagination. pirates were symbols. legacy is indelible. adventures were captivating. pirates were immortalized. preying was on treasure ships. pirates had flamboyant. history spans time periods. pirates operated with impunity. pirates have history. history spans regions. immortalized in movies. oppressive was of imperialism. history spans cultures. history spans continents. symbols were of defiance. pirates were preying. pirates had tactics. legacy continues to endure. pirates lived by rules. symbols were of freedom. pirates had swashbuckling. pirates had behavior. preying was on plundering. legacy is in folklore. pirates were seen as rebels. pirates fought against oppressive. pirates were seen as heroes. pirates had adventures. tales were passed down. history is complex. pirates have legacy. immortalized in books. history is colorful. pirates had personalities. pirates had ruthless. pirates had cunning. pirates were buccaneers. symbols challenged established order. oppressive was of colonialism. history is rich. history is multifaceted. pirates had tales. legacy is in popular culture. raids were on coastal towns. sponsored provided income. sponsored helped weaken. barbary pirates were notorious. sponsored was lucrative. sponsored by governments. barbary pirates were from north africa. barbary pirates conducted raids. sponsored by rulers. raids were on european ships. barbary pirates were sponsored. golden age of piracy included captain kidd. golden age of piracy included blackbeard. golden age of piracy terrorized waters. golden age of piracy included calico jack. golden age of piracy is legendary. waters were in caribbean. waters were in atlantic ocean. pirate life formed crews. pirate life established strongholds. pirate life was lawless. pirate life was free-for-all. strongholds were in nassau. strongholds were in tortuga. pirate life had code of conduct. code of conduct was pirate code.",
    "evaluation": 0
  },
  {
    "correct_answer": "Barbary pirates operated out of North Africa.",
    "retrieved_context": "raids were on coastal towns. sponsored provided income. sponsored helped weaken. barbary pirates were notorious. sponsored was lucrative. sponsored by governments. barbary pirates were from north africa. barbary pirates conducted raids. sponsored by rulers. raids were on european ships. barbary pirates were sponsored. adventures captivated audiences. immortalized in television shows. history is tapestry. pirates captured imagination. pirates were symbols. legacy is indelible. adventures were captivating. pirates were immortalized. preying was on treasure ships. pirates had flamboyant. history spans time periods. pirates operated with impunity. pirates have history. history spans regions. immortalized in movies. oppressive was of imperialism. history spans cultures. history spans continents. symbols were of defiance. pirates were preying. pirates had tactics. legacy continues to endure. pirates lived by rules. symbols were of freedom. pirates had swashbuckling. pirates had behavior. preying was on plundering. legacy is in folklore. pirates were seen as rebels. pirates fought against oppressive. pirates were seen as heroes. pirates had adventures. tales were passed down. history is complex. pirates have legacy. immortalized in books. history is colorful. pirates had personalities. pirates had ruthless. pirates had cunning. pirates were buccaneers. symbols challenged established order. oppressive was of colonialism. history is rich. history is multifaceted. pirates had tales. legacy is in popular culture. golden age of piracy included captain kidd. golden age of piracy included blackbeard. golden age of piracy terrorized waters. golden age of piracy included calico jack. golden age of piracy is legendary. waters were in caribbean. waters were in atlantic ocean. pirate life formed crews. pirate life established strongholds. pirate life was lawless. pirate life was free-for-all. strongholds were in nassau. strongholds were in tortuga. pirate life had code of conduct. code of conduct was pirate code. pirate code governed disputes. pirate code maintained order. pirate code was aboard. pirate code governed division. pirate code governed spoils. pirate code maintained discipline. pirate code governed resolution.",
    "evaluation": 1
  },
  {
    "correct_answer": "The Golden Age of Piracy spanned the late 17th to early 18th centuries.",
    "retrieved_context": "golden age of piracy included captain kidd. golden age of piracy included blackbeard. golden age of piracy terrorized waters. golden age of piracy included calico jack. golden age of piracy is legendary. waters were in caribbean. waters were in atlantic ocean. pirate life formed crews. pirate life established strongholds. pirate life was lawless. pirate life was free-for-all. strongholds were in nassau. strongholds were in tortuga. pirate life had code of conduct. code of conduct was pirate code. adventures captivated audiences. immortalized in television shows. history is tapestry. pirates captured imagination. pirates were symbols. legacy is indelible. adventures were captivating. pirates were immortalized. preying was on treasure ships. pirates had flamboyant. history spans time periods. pirates operated with impunity. pirates have history. history spans regions. immortalized in movies. oppressive was of imperialism. history spans cultures. history spans continents. symbols were of defiance. pirates were preying. pirates had tactics. legacy continues to endure. pirates lived by rules. symbols were of freedom. pirates had swashbuckling. pirates had behavior. preying was on plundering. legacy is in folklore. pirates were seen as rebels. pirates fought against oppressive. pirates were seen as heroes. pirates had adventures. tales were passed down. history is complex. pirates have legacy. immortalized in books. history is colorful. pirates had personalities. pirates had ruthless. pirates had cunning. pirates were buccaneers. symbols challenged established order. oppressive was of colonialism. history is rich. history is multifaceted. pirates had tales. legacy is in popular culture. raids were on coastal towns. sponsored provided income. sponsored helped weaken. barbary pirates were notorious. sponsored was lucrative. sponsored by governments. barbary pirates were from north africa. barbary pirates conducted raids. sponsored by rulers. raids were on european ships. barbary pirates were sponsored. pirate code governed disputes. pirate code maintained order. pirate code was aboard. pirate code governed division. pirate code governed spoils. pirate code maintained discipline. pirate code governed resolution.",
    "evaluation": 0
  },
  {
    "correct_answer": "Blackbeard, Captain Kidd, and Calico Jack were legendary pirates.",
    "retrieved_context": "adventures captivated audiences. immortalized in television shows. history is tapestry. pirates captured imagination. pirates were symbols. legacy is indelible. adventures were captivating. pirates were immortalized. preying was on treasure ships. pirates had flamboyant. history spans time periods. pirates operated with impunity. pirates have history. history spans regions. immortalized in movies. oppressive was of imperialism. history spans cultures. history spans continents. symbols were of defiance. pirates were preying. pirates had tactics. legacy continues to endure. pirates lived by rules. symbols were of freedom. pirates had swashbuckling. pirates had behavior. preying was on plundering. legacy is in folklore. pirates were seen as rebels. pirates fought against oppressive. pirates were seen as heroes. pirates had adventures. tales were passed down. history is complex. pirates have legacy. immortalized in books. history is colorful. pirates had personalities. pirates had ruthless. pirates had cunning. pirates were buccaneers. symbols challenged established order. oppressive was of colonialism. history is rich. history is multifaceted. pirates had tales. legacy is in popular culture. raids were on coastal towns. sponsored provided income. sponsored helped weaken. barbary pirates were notorious. sponsored was lucrative. sponsored by governments. barbary pirates were from north africa. barbary pirates conducted raids. sponsored by rulers. raids were on european ships. barbary pirates were sponsored. golden age of piracy included captain kidd. golden age of piracy included blackbeard. golden age of piracy terrorized waters. golden age of piracy included calico jack. golden age of piracy is legendary. waters were in caribbean. waters were in atlantic ocean. pirate life formed crews. pirate life established strongholds. pirate life was lawless. pirate life was free-for-all. strongholds were in nassau. strongholds were in tortuga. pirate life had code of conduct. code of conduct was pirate code.",
    "evaluation": 1
  },
  {
    "correct_answer": "Pirates preyed on Spanish treasure ships during the decline of the Spanish Empire.",
    "retrieved_context": "golden age of piracy included captain kidd. golden age of piracy included blackbeard. golden age of piracy terrorized waters. golden age of piracy included calico jack. golden age of piracy is legendary. waters were in caribbean. waters were in atlantic ocean. adventures captivated audiences. immortalized in television shows. history is tapestry. pirates captured imagination. pirates were symbols. legacy is indelible. adventures were captivating. pirates were immortalized. preying was on treasure ships. pirates had flamboyant. history spans time periods. pirates operated with impunity. pirates have history. history spans regions. immortalized in movies. oppressive was of imperialism. history spans cultures. history spans continents. symbols were of defiance. pirates were preying. pirates had tactics. legacy continues to endure. pirates lived by rules. symbols were of freedom. pirates had swashbuckling. pirates had behavior. preying was on plundering. legacy is in folklore. pirates were seen as rebels. pirates fought against oppressive. pirates were seen as heroes. pirates had adventures. tales were passed down. history is complex. pirates have legacy. immortalized in books. history is colorful. pirates had personalities. pirates had ruthless. pirates had cunning. pirates were buccaneers. symbols challenged established order. oppressive was of colonialism. history is rich. history is multifaceted. pirates had tales. legacy is in popular culture. raids were on coastal towns. sponsored provided income. sponsored helped weaken. barbary pirates were notorious. sponsored was lucrative. sponsored by governments. barbary pirates were from north africa. barbary pirates conducted raids. sponsored by rulers. raids were on european ships. barbary pirates were sponsored. pirate life formed crews. pirate life established strongholds. pirate life was lawless. pirate life was free-for-all. strongholds were in nassau. strongholds were in tortuga. pirate life had code of conduct. code of conduct was pirate code.",
    "evaluation": 0
  },
  {
    "correct_answer": "The lure of gold and silver attracted men to the pirate life.",
    "retrieved_context": "golden age of piracy included captain kidd. golden age of piracy included blackbeard. golden age of piracy terrorized waters. golden age of piracy included calico jack. golden age of piracy is legendary. waters were in caribbean. waters were in atlantic ocean. pirate life formed crews. pirate life established strongholds. pirate life was lawless. pirate life was free-for-all. strongholds were in nassau. strongholds were in tortuga. pirate life had code of conduct. code of conduct was pirate code. adventures captivated audiences. immortalized in television shows. history is tapestry. pirates captured imagination. pirates were symbols. legacy is indelible. adventures were captivating. pirates were immortalized. preying was on treasure ships. pirates had flamboyant. history spans time periods. pirates operated with impunity. pirates have history. history spans regions. immortalized in movies. oppressive was of imperialism. history spans cultures. history spans continents. symbols were of defiance. pirates were preying. pirates had tactics. legacy continues to endure. pirates lived by rules. symbols were of freedom. pirates had swashbuckling. pirates had behavior. preying was on plundering. legacy is in folklore. pirates were seen as rebels. pirates fought against oppressive. pirates were seen as heroes. pirates had adventures. tales were passed down. history is complex. pirates have legacy. immortalized in books. history is colorful. pirates had personalities. pirates had ruthless. pirates had cunning. pirates were buccaneers. symbols challenged established order. oppressive was of colonialism. history is rich. history is multifaceted. pirates had tales. legacy is in popular culture. raids were on coastal towns. sponsored provided income. sponsored helped weaken. barbary pirates were notorious. sponsored was lucrative. sponsored by governments. barbary pirates were from north africa. barbary pirates conducted raids. sponsored by rulers. raids were on european ships. barbary pirates were sponsored.",
    "evaluation": 0
  },
  {
    "correct_answer": "Pirate crews operated under a strict code of conduct known as the Pirate Code.",
    "retrieved_context": "pirate code governed disputes. pirate code maintained order. pirate code was aboard. pirate code governed division. pirate code governed spoils. pirate code maintained discipline. pirate code governed resolution. adventures captivated audiences. immortalized in television shows. history is tapestry. pirates captured imagination. pirates were symbols. legacy is indelible. adventures were captivating. pirates were immortalized. preying was on treasure ships. pirates had flamboyant. history spans time periods. pirates operated with impunity. pirates have history. history spans regions. immortalized in movies. oppressive was of imperialism. history spans cultures. history spans continents. symbols were of defiance. pirates were preying. pirates had tactics. legacy continues to endure. pirates lived by rules. symbols were of freedom. pirates had swashbuckling. pirates had behavior. preying was on plundering. legacy is in folklore. pirates were seen as rebels. pirates fought against oppressive. pirates were seen as heroes. pirates had adventures. tales were passed down. history is complex. pirates have legacy. immortalized in books. history is colorful. pirates had personalities. pirates had ruthless. pirates had cunning. pirates were buccaneers. symbols challenged established order. oppressive was of colonialism. history is rich. history is multifaceted. pirates had tales. legacy is in popular culture. pirate life formed crews. pirate life established strongholds. pirate life was lawless. pirate life was free-for-all. strongholds were in nassau. strongholds were in tortuga. pirate life had code of conduct. code of conduct was pirate code. raids were on coastal towns. sponsored provided income. sponsored helped weaken. barbary pirates were notorious. sponsored was lucrative. sponsored by governments. barbary pirates were from north africa. barbary pirates conducted raids. sponsored by rulers. raids were on european ships. barbary pirates were sponsored. golden age of piracy included captain kidd. golden age of piracy included blackbeard. golden age of piracy terrorized waters. golden age of piracy included calico jack. golden age of piracy is legendary. waters were in caribbean. waters were in atlantic ocean. pirate code governed disputes. pirate code maintained order. pirate code was aboard. pirate code governed division. pirate code governed spoils. code of conduct was pirate code. pirate code maintained discipline. pirate code governed resolution.",
    "evaluation": 1
  },
  {
    "correct_answer": "Pirates were often viewed as heroes by common people.",
    "retrieved_context": "adventures captivated audiences. immortalized in television shows. history is tapestry. pirates captured imagination. pirates were symbols. legacy is indelible. adventures were captivating. pirates were immortalized. preying was on treasure ships. pirates had flamboyant. history spans time periods. pirates operated with impunity. pirates have history. history spans regions. immortalized in movies. oppressive was of imperialism. history spans cultures. history spans continents. symbols were of defiance. pirates were preying. pirates had tactics. legacy continues to endure. pirates lived by rules. symbols were of freedom. pirates had swashbuckling. pirates had behavior. preying was on plundering. legacy is in folklore. pirates were seen as rebels. pirates fought against oppressive. pirates were seen as heroes. pirates had adventures. tales were passed down. history is complex. pirates have legacy. immortalized in books. history is colorful. pirates had personalities. pirates had ruthless. pirates had cunning. pirates were buccaneers. symbols challenged established order. oppressive was of colonialism. history is rich. history is multifaceted. pirates had tales. legacy is in popular culture. golden age of piracy included captain kidd. golden age of piracy included blackbeard. golden age of piracy terrorized waters. golden age of piracy included calico jack. golden age of piracy is legendary. waters were in caribbean. waters were in atlantic ocean. raids were on coastal towns. sponsored provided income. sponsored helped weaken. barbary pirates were notorious. sponsored was lucrative. sponsored by governments. barbary pirates were from north africa. barbary pirates conducted raids. sponsored by rulers. raids were on european ships. barbary pirates were sponsored. pirate life formed crews. pirate life established strongholds. pirate life was lawless. pirate life was free-for-all. strongholds were in nassau. strongholds were in tortuga. pirate life had code of conduct. code of conduct was pirate code.",
    "evaluation": 1
  },
  {
    "correct_answer": "European powers cracked down on pirate activity in the early 18th century.",
    "retrieved_context": "golden age of piracy included captain kidd. golden age of piracy included blackbeard. golden age of piracy terrorized waters. golden age of piracy included calico jack. golden age of piracy is legendary. waters were in caribbean. waters were in atlantic ocean. pirate life formed crews. pirate life established strongholds. pirate life was lawless. pirate life was free-for-all. strongholds were in nassau. strongholds were in tortuga. pirate life had code of conduct. code of conduct was pirate code. adventures captivated audiences. immortalized in television shows. history is tapestry. pirates captured imagination. pirates were symbols. legacy is indelible. adventures were captivating. pirates were immortalized. preying was on treasure ships. pirates had flamboyant. history spans time periods. pirates operated with impunity. pirates have history. history spans regions. immortalized in movies. oppressive was of imperialism. history spans cultures. history spans continents. symbols were of defiance. pirates were preying. pirates had tactics. legacy continues to endure. pirates lived by rules. symbols were of freedom. pirates had swashbuckling. pirates had behavior. preying was on plundering. legacy is in folklore. pirates were seen as rebels. pirates fought against oppressive. pirates were seen as heroes. pirates had adventures. tales were passed down. history is complex. pirates have legacy. immortalized in books. history is colorful. pirates had personalities. pirates had ruthless. pirates had cunning. pirates were buccaneers. symbols challenged established order. oppressive was of colonialism. history is rich. history is multifaceted. pirates had tales. legacy is in popular culture. raids were on coastal towns. sponsored provided income. sponsored helped weaken. barbary pirates were notorious. sponsored was lucrative. sponsored by governments. barbary pirates were from north africa. barbary pirates conducted raids. sponsored by rulers. raids were on european ships. barbary pirates were sponsored. pirate code governed disputes. pirate code maintained order. pirate code was aboard. pirate code governed division. pirate code governed spoils. pirate code maintained discipline. pirate code governed resolution. pirates captured imagination. pirates were symbols. pirates were immortalized. pirates had flamboyant. harsh punishments curbed scourge. pirates operated with impunity. pirates have history. european powers included britain. european powers introduced harsh punishments. pirates were preying. pirates had tactics. pirates lived by rules. harsh punishments were for offenses. pirates had swashbuckling. pirates had behavior. european powers cracked down on pirates. pirates were seen as rebels. european powers included france. european powers introduced anti-piracy laws. pirates fought against oppressive. pirates were seen as heroes. pirates had adventures. harsh punishments led to demise. pirates have legacy. pirates had personalities. pirates had ruthless. pirates had cunning. pirates were buccaneers. european powers introduced naval patrols. pirates had tales.",
    "evaluation": 1
  },
  {
    "correct_answer": "Naval patrols and anti-piracy laws helped curb piracy.",
    "retrieved_context": "golden age of piracy included captain kidd. golden age of piracy included blackbeard. golden age of piracy terrorized waters. golden age of piracy included calico jack. golden age of piracy is legendary. waters were in caribbean. waters were in atlantic ocean. pirate life formed crews. pirate life established strongholds. pirate life was lawless. pirate life was free-for-all. strongholds were in nassau. strongholds were in tortuga. pirate life had code of conduct. code of conduct was pirate code. adventures captivated audiences. immortalized in television shows. history is tapestry. pirates captured imagination. pirates were symbols. legacy is indelible. adventures were captivating. pirates were immortalized. preying was on treasure ships. pirates had flamboyant. history spans time periods. pirates operated with impunity. pirates have history. history spans regions. immortalized in movies. oppressive was of imperialism. history spans cultures. history spans continents. symbols were of defiance. pirates were preying. pirates had tactics. legacy continues to endure. pirates lived by rules. symbols were of freedom. pirates had swashbuckling. pirates had behavior. preying was on plundering. legacy is in folklore. pirates were seen as rebels. pirates fought against oppressive. pirates were seen as heroes. pirates had adventures. tales were passed down. history is complex. pirates have legacy. immortalized in books. history is colorful. pirates had personalities. pirates had ruthless. pirates had cunning. pirates were buccaneers. symbols challenged established order. oppressive was of colonialism. history is rich. history is multifaceted. pirates had tales. legacy is in popular culture. maritime trade increased prevalence. maritime trade expanded during middle ages. weaken was of enemies. naval forces were weaken.",
    "evaluation": 0
  },
  {
    "correct_answer": "The legacy of pirates endures in popular culture and folklore.",
    "retrieved_context": "golden age of piracy included captain kidd. golden age of piracy included blackbeard. golden age of piracy terrorized waters. golden age of piracy included calico jack. golden age of piracy is legendary. waters were in caribbean. waters were in atlantic ocean. pirate life formed crews. pirate life established strongholds. pirate life was lawless. pirate life was free-for-all. strongholds were in nassau. strongholds were in tortuga. pirate life had code of conduct. code of conduct was pirate code. adventures captivated audiences. immortalized in television shows. history is tapestry. pirates captured imagination. pirates were symbols. legacy is indelible. adventures were captivating. pirates were immortalized. preying was on treasure ships. pirates had flamboyant. history spans time periods. pirates operated with impunity. pirates have history. history spans regions. immortalized in movies. oppressive was of imperialism. history spans cultures. history spans continents. symbols were of defiance. pirates were preying. pirates had tactics. legacy continues to endure. pirates lived by rules. symbols were of freedom. pirates had swashbuckling. pirates had behavior. preying was on plundering. legacy is in folklore. pirates were seen as rebels. pirates fought against oppressive. pirates were seen as heroes. pirates had adventures. tales were passed down. history is complex. pirates have legacy. immortalized in books. history is colorful. pirates had personalities. pirates had ruthless. pirates had cunning. pirates were buccaneers. symbols challenged established order. oppressive was of colonialism. history is rich. history is multifaceted. pirates had tales. legacy is in popular culture. raids were on coastal towns. sponsored provided income. sponsored helped weaken. barbary pirates were notorious. sponsored was lucrative. sponsored by governments. barbary pirates were from north africa. barbary pirates conducted raids. sponsored by rulers. raids were on european ships. barbary pirates were sponsored. tales were passed down.",
    "evaluation": 1
  },
  {
    "correct_answer": "Pirates have been immortalized in books, movies, and television shows.",
    "retrieved_context": "golden age of piracy included captain kidd. golden age of piracy included blackbeard. golden age of piracy terrorized waters. golden age of piracy included calico jack. golden age of piracy is legendary. waters were in caribbean. waters were in atlantic ocean. pirate life formed crews. pirate life established strongholds. pirate life was lawless. pirate life was free-for-all. strongholds were in nassau. strongholds were in tortuga. pirate life had code of conduct. code of conduct was pirate code. adventures captivated audiences. immortalized in television shows. history is tapestry. pirates captured imagination. pirates were symbols. legacy is indelible. adventures were captivating. pirates were immortalized. preying was on treasure ships. pirates had flamboyant. history spans time periods. pirates operated with impunity. pirates have history. history spans regions. immortalized in movies. oppressive was of imperialism. history spans cultures. history spans continents. symbols were of defiance. pirates were preying. pirates had tactics. legacy continues to endure. pirates lived by rules. symbols were of freedom. pirates had swashbuckling. pirates had behavior. preying was on plundering. legacy is in folklore. pirates were seen as rebels. pirates fought against oppressive. pirates were seen as heroes. pirates had adventures. tales were passed down. history is complex. pirates have legacy. immortalized in books. history is colorful. pirates had personalities. pirates had ruthless. pirates had cunning. pirates were buccaneers. symbols challenged established order. oppressive was of colonialism. history is rich. history is multifaceted. pirates had tales. legacy is in popular culture. raids were on coastal towns. sponsored provided income. sponsored helped weaken. barbary pirates were notorious. sponsored was lucrative. sponsored by governments. barbary pirates were from north africa. barbary pirates conducted raids. sponsored by rulers. raids were on european ships. barbary pirates were sponsored. pirate code governed disputes. pirate code maintained order. pirate code was aboard. pirate code governed division. pirate code governed spoils. pirate code maintained discipline. pirate code governed resolution. immortalized in books. immortalized in movies. immortalized in television shows.",
    "evaluation": 1
  },
  {
    "correct_answer": "The history of pirates spans centuries and continents.",
    "retrieved_context": "golden age of piracy included captain kidd. golden age of piracy included blackbeard. golden age of piracy terrorized waters. golden age of piracy included calico jack. golden age of piracy is legendary. waters were in caribbean. waters were in atlantic ocean. adventures captivated audiences. immortalized in television shows. history is tapestry. pirates captured imagination. pirates were symbols. legacy is indelible. adventures were captivating. pirates were immortalized. preying was on treasure ships. pirates had flamboyant. history spans time periods. pirates operated with impunity. pirates have history. history spans regions. immortalized in movies. oppressive was of imperialism. history spans cultures. history spans continents. symbols were of defiance. pirates were preying. pirates had tactics. legacy continues to endure. pirates lived by rules. symbols were of freedom. pirates had swashbuckling. pirates had behavior. preying was on plundering. legacy is in folklore. pirates were seen as rebels. pirates fought against oppressive. pirates were seen as heroes. pirates had adventures. tales were passed down. history is complex. pirates have legacy. immortalized in books. history is colorful. pirates had personalities. pirates had ruthless. pirates had cunning. pirates were buccaneers. symbols challenged established order. oppressive was of colonialism. history is rich. history is multifaceted. pirates had tales. legacy is in popular culture. pirate life formed crews. pirate life established strongholds. pirate life was lawless. pirate life was free-for-all. strongholds were in nassau. strongholds were in tortuga. pirate life had code of conduct. code of conduct was pirate code. raids were on coastal towns. sponsored provided income. sponsored helped weaken. barbary pirates were notorious. sponsored was lucrative. sponsored by governments. barbary pirates were from north africa. barbary pirates conducted raids. sponsored by rulers. raids were on european ships. barbary pirates were sponsored. pirate code governed disputes. pirate code maintained order. pirate code was aboard. pirate code governed division. pirate code governed spoils. pirate code maintained discipline. pirate code governed resolution.",
    "evaluation": 1
  },
  {
    "accuracy": "60.00%"
  }
]