[
  {
    "correct_answer": "Dreams are interpreted as messages from the divine.",
    "retrieved_context": "dreams role in memory consolidation. memory consolidation and processing. dreams play multifaceted role. insightful ideas or creative ideas. creativity harnessed for personal growth. dreams offering insights. understanding of memories. creativity harnessed for professional growth. dreams linked to emotional centers. glimpse into unconscious mind. royal road to unconscious mind. symbolic expressions of fears. dreams are royal road. dreams tool for psychological understanding. dreams tool for self-reflection. insights into workings. dreams role in problem-solving. dreams role in creativity. symbolic expressions of repressed desires. dreams fascinated humans. dreams are symbolic expressions. processing during sleep. study in field. dreams subject of interest. dreams tool for personal growth. dreams lead to insightful ideas. understanding of unconscious desires. dreams role in understanding. dreams subject of study. understanding of emotions. processing of emotions. symbolic expressions of conflicts. memory performance in learning process. insights lead to advancements. dreams reflect emotional experiences. dreams associated with memory performance. emotional experiences of dreamer. dreams role in processing. insights into human mind. dreams provide glimpse. dreams in psychology. lucid dreaming where awareness. control over dream content. lucid dreaming where control. tool for enhancing. lucid dreaming as tool.",
    "evaluation": 0
  },
  {
    "correct_answer": "Dreams are interpreted as windows into the subconscious mind.",
    "retrieved_context": "dreams role in memory consolidation. memory consolidation and processing. dreams play multifaceted role. insightful ideas or creative ideas. creativity harnessed for personal growth. dreams offering insights. understanding of memories. creativity harnessed for professional growth. dreams linked to emotional centers. glimpse into unconscious mind. royal road to unconscious mind. symbolic expressions of fears. dreams are royal road. dreams tool for psychological understanding. dreams tool for self-reflection. insights into workings. dreams role in problem-solving. dreams role in creativity. symbolic expressions of repressed desires. dreams fascinated humans. dreams are symbolic expressions. processing during sleep. study in field. dreams subject of interest. dreams tool for personal growth. dreams lead to insightful ideas. understanding of unconscious desires. dreams role in understanding. dreams subject of study. understanding of emotions. processing of emotions. symbolic expressions of conflicts. memory performance in learning process. insights lead to advancements. dreams reflect emotional experiences. dreams associated with memory performance. emotional experiences of dreamer. dreams role in processing. insights into human mind. dreams provide glimpse. dreams in psychology. lucid dreaming where awareness. control over dream content. lucid dreaming where control. tool for enhancing. lucid dreaming as tool.",
    "evaluation": 1
  },
  {
    "correct_answer": "Dreams are interpreted as mere random firings of the brain.",
    "retrieved_context": "dreams role in memory consolidation. memory consolidation and processing. dreams play multifaceted role. insightful ideas or creative ideas. creativity harnessed for personal growth. dreams offering insights. understanding of memories. creativity harnessed for professional growth. dreams linked to emotional centers. glimpse into unconscious mind. royal road to unconscious mind. symbolic expressions of fears. dreams are royal road. dreams tool for psychological understanding. dreams tool for self-reflection. insights into workings. dreams role in problem-solving. dreams role in creativity. symbolic expressions of repressed desires. dreams fascinated humans. dreams are symbolic expressions. processing during sleep. study in field. dreams subject of interest. dreams tool for personal growth. dreams lead to insightful ideas. understanding of unconscious desires. dreams role in understanding. dreams subject of study. understanding of emotions. processing of emotions. symbolic expressions of conflicts. memory performance in learning process. insights lead to advancements. dreams reflect emotional experiences. dreams associated with memory performance. emotional experiences of dreamer. dreams role in processing. insights into human mind. dreams provide glimpse. dreams in psychology. lucid dreaming where awareness. control over dream content. lucid dreaming where control. tool for enhancing. lucid dreaming as tool.",
    "evaluation": 0
  },
  {
    "correct_answer": "Dreams have long been a subject of interest and study in psychology.",
    "retrieved_context": "dreams role in memory consolidation. memory consolidation and processing. dreams play multifaceted role. insightful ideas or creative ideas. creativity harnessed for personal growth. dreams offering insights. understanding of memories. creativity harnessed for professional growth. dreams linked to emotional centers. glimpse into unconscious mind. royal road to unconscious mind. symbolic expressions of fears. dreams are royal road. dreams tool for psychological understanding. dreams tool for self-reflection. insights into workings. dreams role in problem-solving. dreams role in creativity. symbolic expressions of repressed desires. dreams fascinated humans. dreams are symbolic expressions. processing during sleep. study in field. dreams subject of interest. dreams tool for personal growth. dreams lead to insightful ideas. understanding of unconscious desires. dreams role in understanding. dreams subject of study. understanding of emotions. processing of emotions. symbolic expressions of conflicts. memory performance in learning process. insights lead to advancements. dreams reflect emotional experiences. dreams associated with memory performance. emotional experiences of dreamer. dreams role in processing. insights into human mind. dreams provide glimpse. dreams in psychology. lucid dreaming where awareness. control over dream content. lucid dreaming where control. tool for enhancing. lucid dreaming as tool.",
    "evaluation": 1
  },
  {
    "correct_answer": "Dreams provide a glimpse into the unconscious mind.",
    "retrieved_context": "lucid dreaming where awareness. control over dream content. lucid dreaming where control. tool for enhancing. lucid dreaming as tool. dreams role in memory consolidation. memory consolidation and processing. dreams play multifaceted role. insightful ideas or creative ideas. creativity harnessed for personal growth. dreams offering insights. understanding of memories. creativity harnessed for professional growth. dreams linked to emotional centers. glimpse into unconscious mind. royal road to unconscious mind. symbolic expressions of fears. dreams are royal road. dreams tool for psychological understanding. dreams tool for self-reflection. insights into workings. dreams role in problem-solving. dreams role in creativity. symbolic expressions of repressed desires. dreams fascinated humans. dreams are symbolic expressions. processing during sleep. study in field. dreams subject of interest. dreams tool for personal growth. dreams lead to insightful ideas. understanding of unconscious desires. dreams role in understanding. dreams subject of study. understanding of emotions. processing of emotions. symbolic expressions of conflicts. memory performance in learning process. insights lead to advancements. dreams reflect emotional experiences. dreams associated with memory performance. emotional experiences of dreamer. dreams role in processing. insights into human mind. dreams provide glimpse. dreams in psychology.",
    "evaluation": 1
  },
  {
    "correct_answer": "Freud argued that dreams are symbolic expressions of repressed desires.",
    "retrieved_context": "dreams role in memory consolidation. memory consolidation and processing. dreams play multifaceted role. insightful ideas or creative ideas. creativity harnessed for personal growth. dreams offering insights. understanding of memories. creativity harnessed for professional growth. dreams linked to emotional centers. glimpse into unconscious mind. royal road to unconscious mind. symbolic expressions of fears. dreams are royal road. dreams tool for psychological understanding. dreams tool for self-reflection. insights into workings. dreams role in problem-solving. dreams role in creativity. symbolic expressions of repressed desires. dreams fascinated humans. dreams are symbolic expressions. processing during sleep. study in field. dreams subject of interest. dreams tool for personal growth. dreams lead to insightful ideas. understanding of unconscious desires. dreams role in understanding. dreams subject of study. understanding of emotions. processing of emotions. symbolic expressions of conflicts. memory performance in learning process. insights lead to advancements. dreams reflect emotional experiences. dreams associated with memory performance. emotional experiences of dreamer. dreams role in processing. insights into human mind. dreams provide glimpse. dreams in psychology. sigmund freud founder psychoanalysis. lucid dreaming where awareness. control over dream content. lucid dreaming where control. tool for enhancing. lucid dreaming as tool.",
    "evaluation": 0
  },
  {
    "correct_answer": "Dreams reflect the emotional experiences of the dreamer.",
    "retrieved_context": "dreams role in memory consolidation. memory consolidation and processing. dreams play multifaceted role. insightful ideas or creative ideas. creativity harnessed for personal growth. dreams offering insights. understanding of memories. creativity harnessed for professional growth. dreams linked to emotional centers. glimpse into unconscious mind. royal road to unconscious mind. symbolic expressions of fears. dreams are royal road. dreams tool for psychological understanding. dreams tool for self-reflection. insights into workings. dreams role in problem-solving. dreams role in creativity. symbolic expressions of repressed desires. dreams fascinated humans. dreams are symbolic expressions. processing during sleep. study in field. dreams subject of interest. dreams tool for personal growth. dreams lead to insightful ideas. understanding of unconscious desires. dreams role in understanding. dreams subject of study. understanding of emotions. processing of emotions. symbolic expressions of conflicts. memory performance in learning process. insights lead to advancements. dreams reflect emotional experiences. dreams associated with memory performance. emotional experiences of dreamer. dreams role in processing. insights into human mind. dreams provide glimpse. dreams in psychology. lucid dreaming where awareness. control over dream content. lucid dreaming where control. tool for enhancing. lucid dreaming as tool. emotional experiences of dreamer.",
    "evaluation": 1
  },
  {
    "correct_answer": "High stress or anxiety may lead to more frequent and intense nightmares.",
    "retrieved_context": "dreams role in memory consolidation. memory consolidation and processing. dreams play multifaceted role. insightful ideas or creative ideas. creativity harnessed for personal growth. dreams offering insights. understanding of memories. creativity harnessed for professional growth. dreams linked to emotional centers. glimpse into unconscious mind. royal road to unconscious mind. symbolic expressions of fears. dreams are royal road. dreams tool for psychological understanding. dreams tool for self-reflection. insights into workings. dreams role in problem-solving. dreams role in creativity. symbolic expressions of repressed desires. dreams fascinated humans. dreams are symbolic expressions. processing during sleep. study in field. dreams subject of interest. dreams tool for personal growth. dreams lead to insightful ideas. understanding of unconscious desires. dreams role in understanding. dreams subject of study. understanding of emotions. processing of emotions. symbolic expressions of conflicts. memory performance in learning process. insights lead to advancements. dreams reflect emotional experiences. dreams associated with memory performance. emotional experiences of dreamer. dreams role in processing. insights into human mind. dreams provide glimpse. dreams in psychology. stress or anxiety. stress lead to nightmares. lucid dreaming where awareness. control over dream content. lucid dreaming where control. tool for enhancing. lucid dreaming as tool.",
    "evaluation": 0
  },
  {
    "correct_answer": "Happy and content individuals may have more pleasant dreams.",
    "retrieved_context": "dreams role in memory consolidation. memory consolidation and processing. dreams play multifaceted role. insightful ideas or creative ideas. creativity harnessed for personal growth. dreams offering insights. understanding of memories. creativity harnessed for professional growth. dreams linked to emotional centers. glimpse into unconscious mind. royal road to unconscious mind. symbolic expressions of fears. dreams are royal road. dreams tool for psychological understanding. dreams tool for self-reflection. insights into workings. dreams role in problem-solving. dreams role in creativity. symbolic expressions of repressed desires. dreams fascinated humans. dreams are symbolic expressions. processing during sleep. study in field. dreams subject of interest. dreams tool for personal growth. dreams lead to insightful ideas. understanding of unconscious desires. dreams role in understanding. dreams subject of study. understanding of emotions. processing of emotions. symbolic expressions of conflicts. memory performance in learning process. insights lead to advancements. dreams reflect emotional experiences. dreams associated with memory performance. emotional experiences of dreamer. dreams role in processing. insights into human mind. dreams provide glimpse. dreams in psychology. dreams role in memory consolidation. dreams play multifaceted role. dreams offering insights. dreams linked to emotional centers. dreams are royal road. dreams tool for psychological understanding. dreams tool for self-reflection. dreams role in problem-solving. dreams role in creativity. dreams fascinated humans. dreams are symbolic expressions. dreams subject of interest. dreams tool for personal growth. emotional content of dreams. dreams lead to insightful ideas. dreams role in understanding. dreams subject of study. dreams reflect emotional experiences. dreams associated with memory performance. dreams role in processing. dreams provide glimpse. dreams in psychology. lucid dreaming where awareness. control over dream content. lucid dreaming where control. tool for enhancing. lucid dreaming as tool. content of dreams. happy and content. content relates to waking experiences. happy lead to pleasant dreams.",
    "evaluation": 1
  },
  {
    "correct_answer": "Dreaming is associated with memory consolidation and processing.",
    "retrieved_context": "lucid dreaming where awareness. control over dream content. lucid dreaming where control. tool for enhancing. lucid dreaming as tool. processing of emotions. processing during sleep. memory consolidation and processing. dreams role in memory consolidation. memory consolidation and processing. dreams play multifaceted role. insightful ideas or creative ideas. creativity harnessed for personal growth. dreams offering insights. understanding of memories. creativity harnessed for professional growth. dreams linked to emotional centers. glimpse into unconscious mind. royal road to unconscious mind. symbolic expressions of fears. dreams are royal road. dreams tool for psychological understanding. dreams tool for self-reflection. insights into workings. dreams role in problem-solving. dreams role in creativity. symbolic expressions of repressed desires. dreams fascinated humans. dreams are symbolic expressions. processing during sleep. study in field. dreams subject of interest. dreams tool for personal growth. dreams lead to insightful ideas. understanding of unconscious desires. dreams role in understanding. dreams subject of study. understanding of emotions. processing of emotions. symbolic expressions of conflicts. memory performance in learning process. insights lead to advancements. dreams reflect emotional experiences. dreams associated with memory performance. emotional experiences of dreamer. dreams role in processing. insights into human mind. dreams provide glimpse. dreams in psychology.",
    "evaluation": 1
  },
  {
    "correct_answer": "Dreaming is linked to enhanced memory performance.",
    "retrieved_context": "lucid dreaming where awareness. control over dream content. lucid dreaming where control. tool for enhancing. lucid dreaming as tool. dreams role in memory consolidation. memory consolidation and processing. dreams play multifaceted role. insightful ideas or creative ideas. creativity harnessed for personal growth. dreams offering insights. understanding of memories. creativity harnessed for professional growth. dreams linked to emotional centers. glimpse into unconscious mind. royal road to unconscious mind. symbolic expressions of fears. dreams are royal road. dreams tool for psychological understanding. dreams tool for self-reflection. insights into workings. dreams role in problem-solving. dreams role in creativity. symbolic expressions of repressed desires. dreams fascinated humans. dreams are symbolic expressions. processing during sleep. study in field. dreams subject of interest. dreams tool for personal growth. dreams lead to insightful ideas. understanding of unconscious desires. dreams role in understanding. dreams subject of study. understanding of emotions. processing of emotions. symbolic expressions of conflicts. memory performance in learning process. insights lead to advancements. dreams reflect emotional experiences. dreams associated with memory performance. emotional experiences of dreamer. dreams role in processing. insights into human mind. dreams provide glimpse. dreams in psychology. processing of emotions. processing during sleep. memory consolidation and processing. memory performance in learning process.",
    "evaluation": 1
  },
  {
    "correct_answer": "Dreams can lead to insightful or creative ideas.",
    "retrieved_context": "dreams role in memory consolidation. memory consolidation and processing. dreams play multifaceted role. insightful ideas or creative ideas. creativity harnessed for personal growth. dreams offering insights. understanding of memories. creativity harnessed for professional growth. dreams linked to emotional centers. glimpse into unconscious mind. royal road to unconscious mind. symbolic expressions of fears. dreams are royal road. dreams tool for psychological understanding. dreams tool for self-reflection. insights into workings. dreams role in problem-solving. dreams role in creativity. symbolic expressions of repressed desires. dreams fascinated humans. dreams are symbolic expressions. processing during sleep. study in field. dreams subject of interest. dreams tool for personal growth. dreams lead to insightful ideas. understanding of unconscious desires. dreams role in understanding. dreams subject of study. understanding of emotions. processing of emotions. symbolic expressions of conflicts. memory performance in learning process. insights lead to advancements. dreams reflect emotional experiences. dreams associated with memory performance. emotional experiences of dreamer. dreams role in processing. insights into human mind. dreams provide glimpse. dreams in psychology. lucid dreaming where awareness. control over dream content. lucid dreaming where control. tool for enhancing. lucid dreaming as tool. insightful ideas or creative ideas. creative ideas lead to breakthroughs. breakthroughs in fields. creative ideas lead to breakthroughs.",
    "evaluation": 1
  },
  {
    "correct_answer": "Lucid dreaming is studied as a potential tool for enhancing creativity.",
    "retrieved_context": "lucid dreaming where awareness. control over dream content. lucid dreaming where control. tool for enhancing. lucid dreaming as tool. dreams role in memory consolidation. memory consolidation and processing. dreams play multifaceted role. insightful ideas or creative ideas. creativity harnessed for personal growth. dreams offering insights. understanding of memories. creativity harnessed for professional growth. dreams linked to emotional centers. glimpse into unconscious mind. royal road to unconscious mind. symbolic expressions of fears. dreams are royal road. dreams tool for psychological understanding. dreams tool for self-reflection. insights into workings. dreams role in problem-solving. dreams role in creativity. symbolic expressions of repressed desires. dreams fascinated humans. dreams are symbolic expressions. processing during sleep. study in field. dreams subject of interest. dreams tool for personal growth. dreams lead to insightful ideas. understanding of unconscious desires. dreams role in understanding. dreams subject of study. understanding of emotions. processing of emotions. symbolic expressions of conflicts. memory performance in learning process. insights lead to advancements. dreams reflect emotional experiences. dreams associated with memory performance. emotional experiences of dreamer. dreams role in processing. insights into human mind. dreams provide glimpse. dreams in psychology. creativity harnessed for personal growth. creativity harnessed for professional growth. dreams role in memory consolidation. dreams play multifaceted role. dreams offering insights. dreams linked to emotional centers. dreams are royal road. dreams tool for psychological understanding. dreams tool for self-reflection. dreams role in problem-solving. dreams role in creativity. dreams fascinated humans. dreams are symbolic expressions. dreams subject of interest. dreams tool for personal growth. dreams lead to insightful ideas. dreams role in understanding. dreams subject of study. dreams reflect emotional experiences. creative potential of dreams. dreams associated with memory performance. dreams role in processing. dreams provide glimpse. dreams in psychology.",
    "evaluation": 1
  },
  {
    "correct_answer": "Dreams offer valuable insights into the workings of the human mind.",
    "retrieved_context": "dreams role in memory consolidation. memory consolidation and processing. dreams play multifaceted role. insightful ideas or creative ideas. creativity harnessed for personal growth. dreams offering insights. understanding of memories. creativity harnessed for professional growth. dreams linked to emotional centers. glimpse into unconscious mind. royal road to unconscious mind. symbolic expressions of fears. dreams are royal road. dreams tool for psychological understanding. dreams tool for self-reflection. insights into workings. dreams role in problem-solving. dreams role in creativity. symbolic expressions of repressed desires. dreams fascinated humans. dreams are symbolic expressions. processing during sleep. study in field. dreams subject of interest. dreams tool for personal growth. dreams lead to insightful ideas. understanding of unconscious desires. dreams role in understanding. dreams subject of study. understanding of emotions. processing of emotions. symbolic expressions of conflicts. memory performance in learning process. insights lead to advancements. dreams reflect emotional experiences. dreams associated with memory performance. emotional experiences of dreamer. dreams role in processing. insights into human mind. dreams provide glimpse. dreams in psychology. lucid dreaming where awareness. control over dream content. lucid dreaming where control. tool for enhancing. lucid dreaming as tool.",
    "evaluation": 1
  },
  {
    "correct_answer": "Dreams are a powerful tool for self-reflection and personal growth.",
    "retrieved_context": "dreams role in memory consolidation. memory consolidation and processing. dreams play multifaceted role. insightful ideas or creative ideas. creativity harnessed for personal growth. dreams offering insights. understanding of memories. creativity harnessed for professional growth. dreams linked to emotional centers. glimpse into unconscious mind. royal road to unconscious mind. symbolic expressions of fears. dreams are royal road. dreams tool for psychological understanding. dreams tool for self-reflection. insights into workings. dreams role in problem-solving. dreams role in creativity. symbolic expressions of repressed desires. dreams fascinated humans. dreams are symbolic expressions. processing during sleep. study in field. dreams subject of interest. dreams tool for personal growth. dreams lead to insightful ideas. understanding of unconscious desires. dreams role in understanding. dreams subject of study. understanding of emotions. processing of emotions. symbolic expressions of conflicts. memory performance in learning process. insights lead to advancements. dreams reflect emotional experiences. dreams associated with memory performance. emotional experiences of dreamer. dreams role in processing. insights into human mind. dreams provide glimpse. dreams in psychology. lucid dreaming where awareness. control over dream content. lucid dreaming where control. tool for enhancing. lucid dreaming as tool.",
    "evaluation": 1
  },
  {
    "accuracy": "73.33%"
  }
]