[
  {
    "correct_answer": "Conspiracy theories challenge official explanations of historical events.",
    "retrieved_context": "conspiracy theories cultural impact cultural impact. conspiracy theories play role. conspiracy theories tap into distrust. conspiracy theories influencing political movements. conspiracy theories insight into human desire. conspiracy theories influencing popular culture. conspiracy theories providing empowerment. conspiracy theories gained attention. narratives present alternative interpretations. conspiracy theories allure of intrigue. conspiracy theories insight into alternative explanations. mystery led to documentaries. conspiracy theories fueled spread. conspiracy theories raise nature of truth. conspiracy theories shaping public opinion. conspiracy theories circulate social media. conspiracy theories providing community. conspiracy theories captured public imagination. conspiracy theories challenge official explanations. mystery led to investigations. conspiracy theories gained followers. conspiracy theories offer narratives. conspiracy theories raise secrecy. narratives challenge official explanations. conspiracy theories tap into societal anxieties. conspiracy theories circulate internet. conspiracy theories captured fascination. mystery led to speculations. mystery surrounding assassination. conspiracy theories raise power. conspiracy theories allure of mystery. conspiracy theories shaping public discourse. september 11, 2001 terrorist attacks on pentagon. september 11, 2001 terrorist attacks on world trade center.",
    "evaluation": 1
  },
  {
    "correct_answer": "Some conspiracy theories are dismissed as outlandish or baseless.",
    "retrieved_context": "conspiracy theories cultural impact cultural impact. conspiracy theories play role. conspiracy theories tap into distrust. conspiracy theories influencing political movements. conspiracy theories insight into human desire. conspiracy theories influencing popular culture. conspiracy theories providing empowerment. conspiracy theories gained attention. narratives present alternative interpretations. conspiracy theories allure of intrigue. conspiracy theories insight into alternative explanations. mystery led to documentaries. conspiracy theories fueled spread. conspiracy theories raise nature of truth. conspiracy theories shaping public opinion. conspiracy theories circulate social media. conspiracy theories providing community. conspiracy theories captured public imagination. conspiracy theories challenge official explanations. mystery led to investigations. conspiracy theories gained followers. conspiracy theories offer narratives. conspiracy theories raise secrecy. narratives challenge official explanations. conspiracy theories tap into societal anxieties. conspiracy theories circulate internet. conspiracy theories captured fascination. mystery led to speculations. mystery surrounding assassination. conspiracy theories raise power. conspiracy theories allure of mystery. conspiracy theories shaping public discourse. skeptics believe conspiracy. hoax staged in studio. hoax bolster america's prestige. america's prestige in space race.",
    "evaluation": 0
  },
  {
    "correct_answer": "Conspiracy theories influence popular culture and public discourse.",
    "retrieved_context": "conspiracy theories cultural impact cultural impact. conspiracy theories play role. conspiracy theories tap into distrust. conspiracy theories influencing political movements. conspiracy theories insight into human desire. conspiracy theories influencing popular culture. conspiracy theories providing empowerment. conspiracy theories gained attention. narratives present alternative interpretations. conspiracy theories allure of intrigue. conspiracy theories insight into alternative explanations. mystery led to documentaries. conspiracy theories fueled spread. conspiracy theories raise nature of truth. conspiracy theories shaping public opinion. conspiracy theories circulate social media. conspiracy theories providing community. conspiracy theories captured public imagination. conspiracy theories challenge official explanations. mystery led to investigations. conspiracy theories gained followers. conspiracy theories offer narratives. conspiracy theories raise secrecy. narratives challenge official explanations. conspiracy theories tap into societal anxieties. conspiracy theories circulate internet. conspiracy theories captured fascination. mystery led to speculations. mystery surrounding assassination. conspiracy theories raise power. conspiracy theories allure of mystery. conspiracy theories shaping public discourse. skeptics believe conspiracy.",
    "evaluation": 1
  },
  {
    "correct_answer": "The moon landing hoax theory suggests the Apollo 11 mission was staged.",
    "retrieved_context": "hoax staged in studio. hoax bolster america's prestige. apollo 11 mission was hoax. moon landing continues to be debate. moon landing staged by united states government. moon landing continues to be discussion. conspiracy theories cultural impact cultural impact. conspiracy theories play role. conspiracy theories tap into distrust. conspiracy theories influencing political movements. conspiracy theories insight into human desire. conspiracy theories influencing popular culture. conspiracy theories providing empowerment. conspiracy theories gained attention. narratives present alternative interpretations. conspiracy theories allure of intrigue. conspiracy theories insight into alternative explanations. mystery led to documentaries. conspiracy theories fueled spread. conspiracy theories raise nature of truth. conspiracy theories shaping public opinion. conspiracy theories circulate social media. conspiracy theories providing community. conspiracy theories captured public imagination. conspiracy theories challenge official explanations. mystery led to investigations. conspiracy theories gained followers. conspiracy theories offer narratives. conspiracy theories raise secrecy. narratives challenge official explanations. conspiracy theories tap into societal anxieties. conspiracy theories circulate internet. conspiracy theories captured fascination. mystery led to speculations. mystery surrounding assassination. conspiracy theories raise power. conspiracy theories allure of mystery. conspiracy theories shaping public discourse. hoax staged in studio. hoax bolster america's prestige. america's prestige in space race.",
    "evaluation": 1
  },
  {
    "correct_answer": "Proponents of the moon landing hoax theory point to alleged discrepancies in evidence.",
    "retrieved_context": "conspiracy theories cultural impact cultural impact. conspiracy theories play role. conspiracy theories tap into distrust. conspiracy theories influencing political movements. conspiracy theories insight into human desire. conspiracy theories influencing popular culture. conspiracy theories providing empowerment. conspiracy theories gained attention. narratives present alternative interpretations. conspiracy theories allure of intrigue. conspiracy theories insight into alternative explanations. mystery led to documentaries. conspiracy theories fueled spread. conspiracy theories raise nature of truth. conspiracy theories shaping public opinion. conspiracy theories circulate social media. conspiracy theories providing community. conspiracy theories captured public imagination. conspiracy theories challenge official explanations. mystery led to investigations. conspiracy theories gained followers. conspiracy theories offer narratives. conspiracy theories raise secrecy. narratives challenge official explanations. conspiracy theories tap into societal anxieties. conspiracy theories circulate internet. conspiracy theories captured fascination. mystery led to speculations. mystery surrounding assassination. conspiracy theories raise power. conspiracy theories allure of mystery. conspiracy theories shaping public discourse. moon landing continues to be debate. moon landing staged by united states government. moon landing continues to be discussion. hoax staged in studio. hoax bolster america's prestige. america's prestige in space race. skeptics believe conspiracy.",
    "evaluation": 0
  },
  {
    "correct_answer": "The JFK assassination conspiracy theory suggests a larger plot was at play.",
    "retrieved_context": "conspiracy theories cultural impact cultural impact. conspiracy theories play role. conspiracy theories tap into distrust. conspiracy theories influencing political movements. conspiracy theories insight into human desire. conspiracy theories influencing popular culture. conspiracy theories providing empowerment. conspiracy theories gained attention. narratives present alternative interpretations. conspiracy theories allure of intrigue. conspiracy theories insight into alternative explanations. mystery led to documentaries. conspiracy theories fueled spread. conspiracy theories raise nature of truth. conspiracy theories shaping public opinion. conspiracy theories circulate social media. conspiracy theories providing community. conspiracy theories captured public imagination. conspiracy theories challenge official explanations. mystery led to investigations. conspiracy theories gained followers. conspiracy theories offer narratives. conspiracy theories raise secrecy. narratives challenge official explanations. conspiracy theories tap into societal anxieties. conspiracy theories circulate internet. conspiracy theories captured fascination. mystery led to speculations. mystery surrounding assassination. conspiracy theories raise power. conspiracy theories allure of mystery. conspiracy theories shaping public discourse. assassination of president john f. kennedy. lee harvey oswald acted alone assassination. assassination of president john f. kennedy. lee harvey oswald was patsy. plot involving mafia. plot involving shadowy groups. plot involving cia.",
    "evaluation": 1
  },
  {
    "correct_answer": "The Illuminati conspiracy theory alleges a secret society controls world events.",
    "retrieved_context": "conspiracy theories cultural impact cultural impact. conspiracy theories play role. conspiracy theories tap into distrust. conspiracy theories influencing political movements. conspiracy theories insight into human desire. conspiracy theories influencing popular culture. conspiracy theories providing empowerment. conspiracy theories gained attention. narratives present alternative interpretations. conspiracy theories allure of intrigue. conspiracy theories insight into alternative explanations. mystery led to documentaries. conspiracy theories fueled spread. conspiracy theories raise nature of truth. conspiracy theories shaping public opinion. conspiracy theories circulate social media. conspiracy theories providing community. conspiracy theories captured public imagination. conspiracy theories challenge official explanations. mystery led to investigations. conspiracy theories gained followers. conspiracy theories offer narratives. conspiracy theories raise secrecy. narratives challenge official explanations. conspiracy theories tap into societal anxieties. conspiracy theories circulate internet. conspiracy theories captured fascination. mystery led to speculations. mystery surrounding assassination. conspiracy theories raise power. conspiracy theories allure of mystery. conspiracy theories shaping public discourse. illuminati captured public's imagination. illuminati behind global phenomena. illuminati manipulate governments. illuminati exert influence. illuminati inspired fiction. illuminati using subliminal messaging. illuminati exert control. illuminati using symbolism. illuminati behind celebrity deaths. secret society founded in 18th century. illuminati manipulate institutions. illuminati manipulate world events. illuminati for nefarious purposes. illuminati inspired entertainment. illuminati is secret society. illuminati behind political upheavals. secret society founded in 18th century.",
    "evaluation": 1
  },
  {
    "correct_answer": "There is no concrete evidence to support the existence of the Illuminati.",
    "retrieved_context": "illuminati captured public's imagination. illuminati behind global phenomena. illuminati manipulate governments. illuminati exert influence. illuminati inspired fiction. illuminati using subliminal messaging. illuminati exert control. illuminati using symbolism. illuminati behind celebrity deaths. secret society founded in 18th century. illuminati manipulate institutions. illuminati manipulate world events. illuminati for nefarious purposes. illuminati inspired entertainment. illuminati is secret society. illuminati behind political upheavals. conspiracy theories cultural impact cultural impact. conspiracy theories play role. conspiracy theories tap into distrust. conspiracy theories influencing political movements. conspiracy theories insight into human desire. conspiracy theories influencing popular culture. conspiracy theories providing empowerment. conspiracy theories gained attention. narratives present alternative interpretations. conspiracy theories allure of intrigue. conspiracy theories insight into alternative explanations. mystery led to documentaries. conspiracy theories fueled spread. conspiracy theories raise nature of truth. conspiracy theories shaping public opinion. conspiracy theories circulate social media. conspiracy theories providing community. conspiracy theories captured public imagination. conspiracy theories challenge official explanations. mystery led to investigations. conspiracy theories gained followers. conspiracy theories offer narratives. conspiracy theories raise secrecy. narratives challenge official explanations. conspiracy theories tap into societal anxieties. conspiracy theories circulate internet. conspiracy theories captured fascination. mystery led to speculations. mystery surrounding assassination. conspiracy theories raise power. conspiracy theories allure of mystery. conspiracy theories shaping public discourse. september 11, 2001 terrorist attacks on pentagon. september 11, 2001 terrorist attacks on world trade center. hoax staged in studio. hoax bolster america's prestige. america's prestige in space race.",
    "evaluation": 0
  },
  {
    "correct_answer": "Conspiracy theories about 9/11 suggest government involvement in the attacks.",
    "retrieved_context": "conspiracy theories cultural impact cultural impact. conspiracy theories play role. conspiracy theories tap into distrust. conspiracy theories influencing political movements. conspiracy theories insight into human desire. conspiracy theories influencing popular culture. conspiracy theories providing empowerment. conspiracy theories gained attention. narratives present alternative interpretations. conspiracy theories allure of intrigue. conspiracy theories insight into alternative explanations. mystery led to documentaries. conspiracy theories fueled spread. conspiracy theories raise nature of truth. conspiracy theories shaping public opinion. conspiracy theories circulate social media. conspiracy theories providing community. conspiracy theories captured public imagination. conspiracy theories challenge official explanations. mystery led to investigations. conspiracy theories gained followers. conspiracy theories offer narratives. conspiracy theories raise secrecy. narratives challenge official explanations. conspiracy theories tap into societal anxieties. conspiracy theories circulate internet. conspiracy theories captured fascination. mystery led to speculations. mystery surrounding assassination. conspiracy theories raise power. conspiracy theories allure of mystery. conspiracy theories shaping public discourse. september 11, 2001 terrorist attacks on pentagon. september 11, 2001 terrorist attacks on world trade center. skeptics believe conspiracy. assassination of president john f. kennedy.",
    "evaluation": 0
  },
  {
    "correct_answer": "Some conspiracy theories about 9/11 point to alleged inconsistencies in official accounts.",
    "retrieved_context": "conspiracy theories cultural impact cultural impact. conspiracy theories play role. conspiracy theories tap into distrust. conspiracy theories influencing political movements. conspiracy theories insight into human desire. conspiracy theories influencing popular culture. conspiracy theories providing empowerment. conspiracy theories gained attention. narratives present alternative interpretations. conspiracy theories allure of intrigue. conspiracy theories insight into alternative explanations. mystery led to documentaries. conspiracy theories fueled spread. conspiracy theories raise nature of truth. conspiracy theories shaping public opinion. conspiracy theories circulate social media. conspiracy theories providing community. conspiracy theories captured public imagination. conspiracy theories challenge official explanations. mystery led to investigations. conspiracy theories gained followers. conspiracy theories offer narratives. conspiracy theories raise secrecy. narratives challenge official explanations. conspiracy theories tap into societal anxieties. conspiracy theories circulate internet. conspiracy theories captured fascination. mystery led to speculations. mystery surrounding assassination. conspiracy theories raise power. conspiracy theories allure of mystery. conspiracy theories shaping public discourse. september 11, 2001 terrorist attacks on pentagon. september 11, 2001 terrorist attacks on world trade center. skeptics believe conspiracy.",
    "evaluation": 0
  },
  {
    "correct_answer": "The internet and social media have fueled the spread of conspiracy theories.",
    "retrieved_context": "conspiracy theories cultural impact cultural impact. conspiracy theories play role. conspiracy theories tap into distrust. conspiracy theories influencing political movements. conspiracy theories insight into human desire. conspiracy theories influencing popular culture. conspiracy theories providing empowerment. conspiracy theories gained attention. narratives present alternative interpretations. conspiracy theories allure of intrigue. conspiracy theories insight into alternative explanations. mystery led to documentaries. conspiracy theories fueled spread. conspiracy theories raise nature of truth. conspiracy theories shaping public opinion. conspiracy theories circulate social media. conspiracy theories providing community. conspiracy theories captured public imagination. conspiracy theories challenge official explanations. mystery led to investigations. conspiracy theories gained followers. conspiracy theories offer narratives. conspiracy theories raise secrecy. narratives challenge official explanations. conspiracy theories tap into societal anxieties. conspiracy theories circulate internet. conspiracy theories captured fascination. mystery led to speculations. mystery surrounding assassination. conspiracy theories raise power. conspiracy theories allure of mystery. conspiracy theories shaping public discourse. september 11, 2001 terrorist attacks on pentagon. september 11, 2001 terrorist attacks on world trade center.",
    "evaluation": 1
  },
  {
    "correct_answer": "Conspiracy theories tap into societal anxieties and distrust of authority.",
    "retrieved_context": "conspiracy theories cultural impact cultural impact. conspiracy theories play role. conspiracy theories tap into distrust. conspiracy theories influencing political movements. conspiracy theories insight into human desire. conspiracy theories influencing popular culture. conspiracy theories providing empowerment. conspiracy theories gained attention. narratives present alternative interpretations. conspiracy theories allure of intrigue. conspiracy theories insight into alternative explanations. mystery led to documentaries. conspiracy theories fueled spread. conspiracy theories raise nature of truth. conspiracy theories shaping public opinion. conspiracy theories circulate social media. conspiracy theories providing community. conspiracy theories captured public imagination. conspiracy theories challenge official explanations. mystery led to investigations. conspiracy theories gained followers. conspiracy theories offer narratives. conspiracy theories raise secrecy. narratives challenge official explanations. conspiracy theories tap into societal anxieties. conspiracy theories circulate internet. conspiracy theories captured fascination. mystery led to speculations. mystery surrounding assassination. conspiracy theories raise power. conspiracy theories allure of mystery. conspiracy theories shaping public discourse. skeptics believe conspiracy. secret society founded in 18th century.",
    "evaluation": 1
  },
  {
    "correct_answer": "Some conspiracy theories provide a sense of empowerment and community to believers.",
    "retrieved_context": "conspiracy theories cultural impact cultural impact. conspiracy theories play role. conspiracy theories tap into distrust. conspiracy theories influencing political movements. conspiracy theories insight into human desire. conspiracy theories influencing popular culture. conspiracy theories providing empowerment. conspiracy theories gained attention. narratives present alternative interpretations. conspiracy theories allure of intrigue. conspiracy theories insight into alternative explanations. mystery led to documentaries. conspiracy theories fueled spread. conspiracy theories raise nature of truth. conspiracy theories shaping public opinion. conspiracy theories circulate social media. conspiracy theories providing community. conspiracy theories captured public imagination. conspiracy theories challenge official explanations. mystery led to investigations. conspiracy theories gained followers. conspiracy theories offer narratives. conspiracy theories raise secrecy. narratives challenge official explanations. conspiracy theories tap into societal anxieties. conspiracy theories circulate internet. conspiracy theories captured fascination. mystery led to speculations. mystery surrounding assassination. conspiracy theories raise power. conspiracy theories allure of mystery. conspiracy theories shaping public discourse. skeptics believe conspiracy. illuminati captured public's imagination. illuminati behind global phenomena. illuminati manipulate governments. illuminati exert influence. illuminati inspired fiction. illuminati using subliminal messaging. illuminati exert control. illuminati using symbolism. illuminati behind celebrity deaths. secret society founded in 18th century. illuminati manipulate institutions. illuminati manipulate world events. illuminati for nefarious purposes. illuminati inspired entertainment. illuminati is secret society. illuminati behind political upheavals.",
    "evaluation": 1
  },
  {
    "correct_answer": "Conspiracy theories challenge official narratives and raise questions about power and truth.",
    "retrieved_context": "conspiracy theories cultural impact cultural impact. conspiracy theories play role. conspiracy theories tap into distrust. conspiracy theories influencing political movements. conspiracy theories insight into human desire. conspiracy theories influencing popular culture. conspiracy theories providing empowerment. conspiracy theories gained attention. narratives present alternative interpretations. conspiracy theories allure of intrigue. conspiracy theories insight into alternative explanations. mystery led to documentaries. conspiracy theories fueled spread. conspiracy theories raise nature of truth. conspiracy theories shaping public opinion. conspiracy theories circulate social media. conspiracy theories providing community. conspiracy theories captured public imagination. conspiracy theories challenge official explanations. mystery led to investigations. conspiracy theories gained followers. conspiracy theories offer narratives. conspiracy theories raise secrecy. narratives challenge official explanations. conspiracy theories tap into societal anxieties. conspiracy theories circulate internet. conspiracy theories captured fascination. mystery led to speculations. mystery surrounding assassination. conspiracy theories raise power. conspiracy theories allure of mystery. conspiracy theories shaping public discourse. narratives present alternative interpretations. narratives challenge official explanations. skeptics believe conspiracy. illuminati captured public's imagination. illuminati behind global phenomena. illuminati manipulate governments. illuminati exert influence. illuminati inspired fiction. illuminati using subliminal messaging. illuminati exert control. illuminati using symbolism. illuminati behind celebrity deaths. secret society founded in 18th century. illuminati manipulate institutions. illuminati manipulate world events. illuminati for nefarious purposes. illuminati inspired entertainment. illuminati is secret society. illuminati behind political upheavals. september 11, 2001 terrorist attacks on pentagon. september 11, 2001 terrorist attacks on world trade center.",
    "evaluation": 1
  },
  {
    "correct_answer": "Examining famous conspiracy theories can provide insight into human desire for alternative explanations.",
    "retrieved_context": "conspiracy theories cultural impact cultural impact. conspiracy theories play role. conspiracy theories tap into distrust. conspiracy theories influencing political movements. conspiracy theories insight into human desire. conspiracy theories influencing popular culture. conspiracy theories providing empowerment. conspiracy theories gained attention. narratives present alternative interpretations. conspiracy theories allure of intrigue. conspiracy theories insight into alternative explanations. mystery led to documentaries. conspiracy theories fueled spread. conspiracy theories raise nature of truth. conspiracy theories shaping public opinion. conspiracy theories circulate social media. conspiracy theories providing community. conspiracy theories captured public imagination. conspiracy theories challenge official explanations. mystery led to investigations. conspiracy theories gained followers. conspiracy theories offer narratives. conspiracy theories raise secrecy. narratives challenge official explanations. conspiracy theories tap into societal anxieties. conspiracy theories circulate internet. conspiracy theories captured fascination. mystery led to speculations. mystery surrounding assassination. conspiracy theories raise power. conspiracy theories allure of mystery. conspiracy theories shaping public discourse. skeptics believe conspiracy.",
    "evaluation": 1
  },
  {
    "accuracy": "66.67%"
  }
]