[
  {
    "correct_answer": "Electricity is a significant discovery in human history.",
    "retrieved_context": "electricity driving advancements. electricity made clothes. electricity powering businesses. electricity revolutionized world. electricity is modernizing. electricity led to standard. electricity has revolutionized work. electricity freed focus. electricity freed time. electricity led to higher. electricity made meals. electricity driving technological. advancements led to healthcare. electricity freed activities. electricity is one of the most significant. advancements saving lives. electricity made labor. electricity led to living. electricity made cooking. advancements improving well-being. electricity made tasks. electricity has revolutionized live. electricity made manual. electricity powering homes. advancements led to breakthroughs. electricity has transformative. advancements in technology. electricity has impact. electricity has revolutionized interact. electricity made efficient. advancements in medical. electricity freed energy. electricity made washing. electricity made lighting. electric lighting operate. electric reducing crime. electric creating safer. electric creating residents. electric reducing rates. electric lighting night. electric creating environment. electrification shift sustainable. electric lighting operate. electric reducing crime. electrification shift sources. electrification reduction gas. electric creating safer. electrification transportation electric. electrification shift energy. electrification reduction greenhouse. electric creating residents. electric lighting night. electric reducing rates. electrification transportation cars. electrification transportation trains. electric creating environment. electrification reduction emissions. invention telegraph internet. invention transformed work. invention transformed entertain. invention transformed learn. invention revolutionized communication. invention computers devices. invention connect instantaneously. invention telegraph telephone. invention connect distances. invention computers electronic.",
    "evaluation": 1
  },
  {
    "correct_answer": "Electricity powers homes and businesses.",
    "retrieved_context": "electricity driving advancements. electricity made clothes. electricity powering businesses. electricity revolutionized world. electricity is modernizing. electricity led to standard. electricity has revolutionized work. electricity freed focus. electricity freed time. electricity led to higher. electricity made meals. electricity driving technological. advancements led to healthcare. electricity freed activities. electricity is one of the most significant. advancements saving lives. electricity made labor. electricity led to living. electricity made cooking. advancements improving well-being. electricity made tasks. electricity has revolutionized live. electricity made manual. electricity powering homes. advancements led to breakthroughs. electricity has transformative. advancements in technology. electricity has impact. electricity has revolutionized interact. electricity made efficient. advancements in medical. electricity freed energy. electricity made washing. electricity made lighting. electrification shift sustainable. electric lighting operate. electric reducing crime. electrification shift sources. electrification reduction gas. electric creating safer. electrification transportation electric. electrification shift energy. electrification reduction greenhouse. electric creating residents. electric lighting night. electric reducing rates. electrification transportation cars. electrification transportation trains. electric creating environment. electrification reduction emissions. electric lighting operate. electric reducing crime. electric creating safer. electric creating residents. electric reducing rates. electric lighting night. electric creating environment.",
    "evaluation": 1
  },
  {
    "correct_answer": "Electricity drives technological advancements.",
    "retrieved_context": "electricity driving advancements. electricity made clothes. electricity powering businesses. electricity revolutionized world. electricity is modernizing. electricity led to standard. electricity has revolutionized work. electricity freed focus. electricity freed time. electricity led to higher. electricity made meals. electricity driving technological. advancements led to healthcare. electricity freed activities. electricity is one of the most significant. advancements saving lives. electricity made labor. electricity led to living. electricity made cooking. advancements improving well-being. electricity made tasks. electricity has revolutionized live. electricity made manual. electricity powering homes. advancements led to breakthroughs. electricity has transformative. advancements in technology. electricity has impact. electricity has revolutionized interact. electricity made efficient. advancements in medical. electricity freed energy. electricity made washing. electricity made lighting. electrification shift sustainable. electric lighting operate. electric reducing crime. electrification shift sources. electrification reduction gas. electric creating safer. electrification transportation electric. electrification shift energy. electrification reduction greenhouse. electric creating residents. electric lighting night. electric reducing rates. electrification transportation cars. electrification transportation trains. electric creating environment. electrification reduction emissions. electric lighting operate. electric reducing crime. electric creating safer. electric creating residents. electric reducing rates. electric lighting night. electric creating environment. invention telegraph internet. invention transformed work. invention transformed entertain. invention transformed learn. invention revolutionized communication. invention computers devices. invention connect instantaneously. invention telegraph telephone. invention connect distances. invention computers electronic.",
    "evaluation": 1
  },
  {
    "correct_answer": "Electricity revolutionized the way people live.",
    "retrieved_context": "electricity driving advancements. electricity made clothes. electricity powering businesses. electricity revolutionized world. electricity is modernizing. electricity led to standard. electricity has revolutionized work. electricity freed focus. electricity freed time. electricity led to higher. electricity made meals. electricity driving technological. advancements led to healthcare. electricity freed activities. electricity is one of the most significant. advancements saving lives. electricity made labor. electricity led to living. electricity made cooking. advancements improving well-being. electricity made tasks. electricity has revolutionized live. electricity made manual. electricity powering homes. advancements led to breakthroughs. electricity has transformative. advancements in technology. electricity has impact. electricity has revolutionized interact. electricity made efficient. advancements in medical. electricity freed energy. electricity made washing. electricity made lighting. electrification shift sustainable. electric lighting operate. electric reducing crime. electrification shift sources. electrification reduction gas. electric creating safer. electrification transportation electric. electrification shift energy. electrification reduction greenhouse. electric creating residents. electric lighting night. electric reducing rates. electrification transportation cars. electrification transportation trains. electric creating environment. electrification reduction emissions. electric lighting operate. electric reducing crime. electric creating safer. electric creating residents. electric reducing rates. electric lighting night. electric creating environment.",
    "evaluation": 1
  },
  {
    "correct_answer": "Electricity revolutionized the way people work.",
    "retrieved_context": "electricity driving advancements. electricity made clothes. electricity powering businesses. electricity revolutionized world. electricity is modernizing. electricity led to standard. electricity has revolutionized work. electricity freed focus. electricity freed time. electricity led to higher. electricity made meals. electricity driving technological. advancements led to healthcare. electricity freed activities. electricity is one of the most significant. advancements saving lives. electricity made labor. electricity led to living. electricity made cooking. advancements improving well-being. electricity made tasks. electricity has revolutionized live. electricity made manual. electricity powering homes. advancements led to breakthroughs. electricity has transformative. advancements in technology. electricity has impact. electricity has revolutionized interact. electricity made efficient. advancements in medical. electricity freed energy. electricity made washing. electricity made lighting. electrification shift sustainable. electric lighting operate. electric reducing crime. electrification shift sources. electrification reduction gas. electric creating safer. electrification transportation electric. electrification shift energy. electrification reduction greenhouse. electric creating residents. electric lighting night. electric reducing rates. electrification transportation cars. electrification transportation trains. electric creating environment. electrification reduction emissions. electric lighting operate. electric reducing crime. electric creating safer. electric creating residents. electric reducing rates. electric lighting night. electric creating environment.",
    "evaluation": 1
  },
  {
    "correct_answer": "Electricity revolutionized the way people interact with each other.",
    "retrieved_context": "electricity driving advancements. electricity made clothes. electricity powering businesses. electricity revolutionized world. electricity is modernizing. electricity led to standard. electricity has revolutionized work. electricity freed focus. electricity freed time. electricity led to higher. electricity made meals. electricity driving technological. advancements led to healthcare. electricity freed activities. electricity is one of the most significant. advancements saving lives. electricity made labor. electricity led to living. electricity made cooking. advancements improving well-being. electricity made tasks. electricity has revolutionized live. electricity made manual. electricity powering homes. advancements led to breakthroughs. electricity has transformative. advancements in technology. electricity has impact. electricity has revolutionized interact. electricity made efficient. advancements in medical. electricity freed energy. electricity made washing. electricity made lighting. electrification shift sustainable. electric lighting operate. electric reducing crime. electrification shift sources. electrification reduction gas. electric creating safer. electrification transportation electric. electrification shift energy. electrification reduction greenhouse. electric creating residents. electric lighting night. electric reducing rates. electrification transportation cars. electrification transportation trains. electric creating environment. electrification reduction emissions. electric lighting operate. electric reducing crime. electric creating safer. electric creating residents. electric reducing rates. electric lighting night. electric creating environment.",
    "evaluation": 1
  },
  {
    "correct_answer": "Electricity modernized society.",
    "retrieved_context": "electricity driving advancements. electricity made clothes. electricity powering businesses. electricity revolutionized world. electricity is modernizing. electricity led to standard. electricity has revolutionized work. electricity freed focus. electricity freed time. electricity led to higher. electricity made meals. electricity driving technological. advancements led to healthcare. electricity freed activities. electricity is one of the most significant. advancements saving lives. electricity made labor. electricity led to living. electricity made cooking. advancements improving well-being. electricity made tasks. electricity has revolutionized live. electricity made manual. electricity powering homes. advancements led to breakthroughs. electricity has transformative. advancements in technology. electricity has impact. electricity has revolutionized interact. electricity made efficient. advancements in medical. electricity freed energy. electricity made washing. electricity made lighting. electrification shift sustainable. electric lighting operate. electric reducing crime. electrification shift sources. electrification reduction gas. electric creating safer. electrification transportation electric. electrification shift energy. electrification reduction greenhouse. electric creating residents. electric lighting night. electric reducing rates. electrification transportation cars. electrification transportation trains. electric creating environment. electrification reduction emissions. electric lighting operate. electric reducing crime. electric creating safer. electric creating residents. electric reducing rates. electric lighting night. electric creating environment.",
    "evaluation": 1
  },
  {
    "correct_answer": "Electricity made daily tasks easier and faster.",
    "retrieved_context": "electricity driving advancements. electricity made clothes. electricity powering businesses. electricity revolutionized world. electricity is modernizing. electricity led to standard. electricity has revolutionized work. electricity freed focus. electricity freed time. electricity led to higher. electricity made meals. electricity driving technological. advancements led to healthcare. electricity freed activities. electricity is one of the most significant. advancements saving lives. electricity made labor. electricity led to living. electricity made cooking. advancements improving well-being. electricity made tasks. electricity has revolutionized live. electricity made manual. electricity powering homes. advancements led to breakthroughs. electricity has transformative. advancements in technology. electricity has impact. electricity has revolutionized interact. electricity made efficient. advancements in medical. electricity freed energy. electricity made washing. electricity made lighting. electrification shift sustainable. electric lighting operate. electric reducing crime. electrification shift sources. electrification reduction gas. electric creating safer. electrification transportation electric. electrification shift energy. electrification reduction greenhouse. electric creating residents. electric lighting night. electric reducing rates. electrification transportation cars. electrification transportation trains. electric creating environment. electrification reduction emissions. electric lighting operate. electric reducing crime. electric creating safer. electric creating residents. electric reducing rates. electric lighting night. electric creating environment.",
    "evaluation": 1
  },
  {
    "correct_answer": "Electricity freed up time and energy for other activities.",
    "retrieved_context": "electricity driving advancements. electricity made clothes. electricity powering businesses. electricity revolutionized world. electricity is modernizing. electricity led to standard. electricity has revolutionized work. electricity freed focus. electricity freed time. electricity led to higher. electricity made meals. electricity driving technological. advancements led to healthcare. electricity freed activities. electricity is one of the most significant. advancements saving lives. electricity made labor. electricity led to living. electricity made cooking. advancements improving well-being. electricity made tasks. electricity has revolutionized live. electricity made manual. electricity powering homes. advancements led to breakthroughs. electricity has transformative. advancements in technology. electricity has impact. electricity has revolutionized interact. electricity made efficient. advancements in medical. electricity freed energy. electricity made washing. electricity made lighting. electrification shift sustainable. electric lighting operate. electric reducing crime. electrification shift sources. electrification reduction gas. electric creating safer. electrification transportation electric. electrification shift energy. electrification reduction greenhouse. electric creating residents. electric lighting night. electric reducing rates. electrification transportation cars. electrification transportation trains. electric creating environment. electrification reduction emissions. electric lighting operate. electric reducing crime. electric creating safer. electric creating residents. electric reducing rates. electric lighting night. electric creating environment.",
    "evaluation": 1
  },
  {
    "correct_answer": "Electric lighting reduced crime rates in cities.",
    "retrieved_context": "electricity driving advancements. electricity made clothes. electricity powering businesses. electricity revolutionized world. electricity is modernizing. electricity led to standard. electricity has revolutionized work. electricity freed focus. electricity freed time. electricity led to higher. electricity made meals. electricity driving technological. advancements led to healthcare. electricity freed activities. electricity is one of the most significant. advancements saving lives. electricity made labor. electricity led to living. electricity made cooking. advancements improving well-being. electricity made tasks. electricity has revolutionized live. electricity made manual. electricity powering homes. advancements led to breakthroughs. electricity has transformative. advancements in technology. electricity has impact. electricity has revolutionized interact. electricity made efficient. advancements in medical. electricity freed energy. electricity made washing. electricity made lighting. electric lighting operate. electric reducing crime. electric creating safer. electric creating residents. electric reducing rates. electric lighting night. electric creating environment. electrification shift sustainable. electric lighting operate. electric reducing crime. electrification shift sources. electrification reduction gas. electric creating safer. electrification transportation electric. electrification shift energy. electrification reduction greenhouse. electric creating residents. electric lighting night. electric reducing rates. electrification transportation cars. electrification transportation trains. electric creating environment. electrification reduction emissions.",
    "evaluation": 1
  },
  {
    "correct_answer": "Electric heating and cooling systems regulate indoor temperatures.",
    "retrieved_context": "heating regulate indoor. heating reducing risk. heating and cooling. heating reducing heatstroke. heating and systems. heating reducing hypothermia. heating regulate temperatures. electricity driving advancements. electricity made clothes. electricity powering businesses. electricity revolutionized world. electricity is modernizing. electricity led to standard. electricity has revolutionized work. electricity freed focus. electricity freed time. electricity led to higher. electricity made meals. electricity driving technological. advancements led to healthcare. electricity freed activities. electricity is one of the most significant. advancements saving lives. electricity made labor. electricity led to living. electricity made cooking. advancements improving well-being. electricity made tasks. electricity has revolutionized live. electricity made manual. electricity powering homes. advancements led to breakthroughs. electricity has transformative. advancements in technology. electricity has impact. electricity has revolutionized interact. electricity made efficient. advancements in medical. electricity freed energy. electricity made washing. electricity made lighting. electric lighting operate. electric reducing crime. electric creating safer. electric creating residents. electric reducing rates. electric lighting night. electric creating environment.",
    "evaluation": 1
  },
  {
    "correct_answer": "Electricity powers factories and manufacturing plants.",
    "retrieved_context": "electricity driving advancements. electricity made clothes. electricity powering businesses. electricity revolutionized world. electricity is modernizing. electricity led to standard. electricity has revolutionized work. electricity freed focus. electricity freed time. electricity led to higher. electricity made meals. electricity driving technological. advancements led to healthcare. electricity freed activities. electricity is one of the most significant. advancements saving lives. electricity made labor. electricity led to living. electricity made cooking. advancements improving well-being. electricity made tasks. electricity has revolutionized live. electricity made manual. electricity powering homes. advancements led to breakthroughs. electricity has transformative. advancements in technology. electricity has impact. electricity has revolutionized interact. electricity made efficient. advancements in medical. electricity freed energy. electricity made washing. electricity made lighting. factories and manufacturing. factories power machinery. factories power equipment. factories and plants. factories increasing production. factories increasing output. factories increasing efficiency. electrification shift sustainable. electric lighting operate. electric reducing crime. electrification shift sources. electrification reduction gas. electric creating safer. electrification transportation electric. electrification shift energy. electrification reduction greenhouse. electric creating residents. electric lighting night. electric reducing rates. electrification transportation cars. electrification transportation trains. electric creating environment. electrification reduction emissions. electric lighting operate. electric reducing crime. electric creating safer. electric creating residents. electric reducing rates. electric lighting night. electric creating environment.",
    "evaluation": 1
  },
  {
    "correct_answer": "Electricity increased production efficiency and output.",
    "retrieved_context": "electricity driving advancements. electricity made clothes. electricity powering businesses. electricity revolutionized world. electricity is modernizing. electricity led to standard. electricity has revolutionized work. electricity freed focus. electricity freed time. electricity led to higher. electricity made meals. electricity driving technological. advancements led to healthcare. electricity freed activities. electricity is one of the most significant. advancements saving lives. electricity made labor. electricity led to living. electricity made cooking. advancements improving well-being. electricity made tasks. electricity has revolutionized live. electricity made manual. electricity powering homes. advancements led to breakthroughs. electricity has transformative. advancements in technology. electricity has impact. electricity has revolutionized interact. electricity made efficient. advancements in medical. electricity freed energy. electricity made washing. electricity made lighting. electrification shift sustainable. electric lighting operate. electric reducing crime. electrification shift sources. electrification reduction gas. electric creating safer. electrification transportation electric. electrification shift energy. electrification reduction greenhouse. electric creating residents. electric lighting night. electric reducing rates. electrification transportation cars. electrification transportation trains. electric creating environment. electrification reduction emissions. electric lighting operate. electric reducing crime. electric creating safer. electric creating residents. electric reducing rates. electric lighting night. electric creating environment.",
    "evaluation": 0
  },
  {
    "correct_answer": "Electricity facilitated global trade and communication.",
    "retrieved_context": "electricity driving advancements. electricity made clothes. electricity powering businesses. electricity revolutionized world. electricity is modernizing. electricity led to standard. electricity has revolutionized work. electricity freed focus. electricity freed time. electricity led to higher. electricity made meals. electricity driving technological. advancements led to healthcare. electricity freed activities. electricity is one of the most significant. advancements saving lives. electricity made labor. electricity led to living. electricity made cooking. advancements improving well-being. electricity made tasks. electricity has revolutionized live. electricity made manual. electricity powering homes. advancements led to breakthroughs. electricity has transformative. advancements in technology. electricity has impact. electricity has revolutionized interact. electricity made efficient. advancements in medical. electricity freed energy. electricity made washing. electricity made lighting. electrification shift sustainable. electric lighting operate. electric reducing crime. electrification shift sources. electrification reduction gas. electric creating safer. electrification transportation electric. electrification shift energy. electrification reduction greenhouse. electric creating residents. electric lighting night. electric reducing rates. electrification transportation cars. electrification transportation trains. electric creating environment. electrification reduction emissions. electric lighting operate. electric reducing crime. electric creating safer. electric creating residents. electric reducing rates. electric lighting night. electric creating environment.",
    "evaluation": 0
  },
  {
    "correct_answer": "Electricity paved the way for innovations in telecommunications, transportation, and computing.",
    "retrieved_context": "electrification shift sustainable. electric lighting operate. electric reducing crime. electrification shift sources. electrification reduction gas. electric creating safer. electrification transportation electric. electrification shift energy. electrification reduction greenhouse. electric creating residents. electric lighting night. electric reducing rates. electrification transportation cars. electrification transportation trains. electric creating environment. electrification reduction emissions. electricity driving advancements. electricity made clothes. electricity powering businesses. electricity revolutionized world. electricity is modernizing. electricity led to standard. electricity has revolutionized work. electricity freed focus. electricity freed time. electricity led to higher. electricity made meals. electricity driving technological. advancements led to healthcare. electricity freed activities. electricity is one of the most significant. advancements saving lives. electricity made labor. electricity led to living. electricity made cooking. advancements improving well-being. electricity made tasks. electricity has revolutionized live. electricity made manual. electricity powering homes. advancements led to breakthroughs. electricity has transformative. advancements in technology. electricity has impact. electricity has revolutionized interact. electricity made efficient. advancements in medical. electricity freed energy. electricity made washing. electricity made lighting. invention telegraph internet. invention transformed work. invention transformed entertain. invention transformed learn. invention revolutionized communication. invention computers devices. invention connect instantaneously. invention telegraph telephone. invention connect distances. invention computers electronic. electric lighting operate. electric reducing crime. electric creating safer. electric creating residents. electric reducing rates. electric lighting night. electric creating environment.",
    "evaluation": 1
  },
  {
    "accuracy": "86.67%"
  }
]