[
  {
    "correct_answer": "The Rosetta Stone is a significant artifact in the field of archaeology and linguistics.",
    "retrieved_context": "rosetta stone is a significant artifact. rosetta stone is a stone slab. deciphering opened up history. deciphering opened up language. study of writing systems. rosetta stone model for study. deciphering opened up culture. symbol of quest. rosetta stone significance extends egyptology. rosetta stone inspired methods. iconic symbol of quest. rosetta stone is an iconic symbol. stone slab inscribed with decree. legacy of cultures. rosetta stone is a symbol. rosetta stone inspired approaches. french soldiers during napoleon's campaign. rosetta stone is a legacy. rosetta stone discovered by french soldiers. testament to intellect. testament to ingenuity. rosetta stone stands as testament. gap between present. gap between past. rosetta stone bridging gap. rosetta stone discovered in egypt. rosetta stone role in deciphering. trilingual inscription became the key. key to unlocking.",
    "evaluation": 1
  },
  {
    "correct_answer": "The Rosetta Stone was discovered in 1799 by French soldiers during Napoleon's campaign in Egypt.",
    "retrieved_context": "rosetta stone is a significant artifact. rosetta stone is a stone slab. deciphering opened up history. deciphering opened up language. study of writing systems. rosetta stone model for study. deciphering opened up culture. symbol of quest. rosetta stone significance extends egyptology. rosetta stone inspired methods. iconic symbol of quest. rosetta stone is an iconic symbol. stone slab inscribed with decree. legacy of cultures. rosetta stone is a symbol. rosetta stone inspired approaches. french soldiers during napoleon's campaign. rosetta stone is a legacy. rosetta stone discovered by french soldiers. testament to intellect. testament to ingenuity. rosetta stone stands as testament. gap between present. gap between past. rosetta stone bridging gap. rosetta stone discovered in egypt. rosetta stone role in deciphering. french soldiers during napoleon's campaign.",
    "evaluation": 0
  },
  {
    "correct_answer": "The Rosetta Stone is a large inscribed stone slab.",
    "retrieved_context": "rosetta stone is a significant artifact. rosetta stone is a stone slab. deciphering opened up history. deciphering opened up language. study of writing systems. rosetta stone model for study. deciphering opened up culture. symbol of quest. rosetta stone significance extends egyptology. rosetta stone inspired methods. iconic symbol of quest. rosetta stone is an iconic symbol. stone slab inscribed with decree. legacy of cultures. rosetta stone is a symbol. rosetta stone inspired approaches. french soldiers during napoleon's campaign. rosetta stone is a legacy. rosetta stone discovered by french soldiers. testament to intellect. testament to ingenuity. rosetta stone stands as testament. gap between present. gap between past. rosetta stone bridging gap. rosetta stone discovered in egypt. rosetta stone role in deciphering. stone slab inscribed with decree. decree written in scripts. decree issued by king ptolemy v. trilingual inscription became the key. key to unlocking.",
    "evaluation": 1
  },
  {
    "correct_answer": "The Rosetta Stone contains a decree issued by King Ptolemy V in 196 BC.",
    "retrieved_context": "rosetta stone is a significant artifact. rosetta stone is a stone slab. deciphering opened up history. deciphering opened up language. study of writing systems. rosetta stone model for study. deciphering opened up culture. symbol of quest. rosetta stone significance extends egyptology. rosetta stone inspired methods. iconic symbol of quest. rosetta stone is an iconic symbol. stone slab inscribed with decree. legacy of cultures. rosetta stone is a symbol. rosetta stone inspired approaches. french soldiers during napoleon's campaign. rosetta stone is a legacy. rosetta stone discovered by french soldiers. testament to intellect. testament to ingenuity. rosetta stone stands as testament. gap between present. gap between past. rosetta stone bridging gap. rosetta stone discovered in egypt. rosetta stone role in deciphering. trilingual inscription became the key. key to unlocking. decree written in scripts. scripts include egyptian hieroglyphs. scripts include greek. decree issued by king ptolemy v. scripts include demotic script.",
    "evaluation": 0
  },
  {
    "correct_answer": "The decree on the Rosetta Stone is written in three scripts: ancient Egyptian hieroglyphs, Demotic script, and Greek.",
    "retrieved_context": "rosetta stone is a significant artifact. rosetta stone is a stone slab. deciphering opened up history. deciphering opened up language. study of writing systems. rosetta stone model for study. deciphering opened up culture. symbol of quest. rosetta stone significance extends egyptology. rosetta stone inspired methods. iconic symbol of quest. rosetta stone is an iconic symbol. stone slab inscribed with decree. legacy of cultures. rosetta stone is a symbol. rosetta stone inspired approaches. french soldiers during napoleon's campaign. rosetta stone is a legacy. rosetta stone discovered by french soldiers. testament to intellect. testament to ingenuity. rosetta stone stands as testament. gap between present. gap between past. rosetta stone bridging gap. rosetta stone discovered in egypt. rosetta stone role in deciphering. trilingual inscription became the key. key to unlocking. scripts include demotic script. scripts include egyptian hieroglyphs. scripts include greek. symbols found on artifacts. symbols were enigmatic. symbols were cryptic. symbols found on monuments.",
    "evaluation": 1
  },
  {
    "correct_answer": "The Rosetta Stone became the key to unlocking the secrets of Egyptian hieroglyphic writing.",
    "retrieved_context": "rosetta stone is a significant artifact. rosetta stone is a stone slab. deciphering opened up history. deciphering opened up language. study of writing systems. rosetta stone model for study. deciphering opened up culture. symbol of quest. rosetta stone significance extends egyptology. rosetta stone inspired methods. iconic symbol of quest. rosetta stone is an iconic symbol. stone slab inscribed with decree. legacy of cultures. rosetta stone is a symbol. rosetta stone inspired approaches. french soldiers during napoleon's campaign. rosetta stone is a legacy. rosetta stone discovered by french soldiers. testament to intellect. testament to ingenuity. rosetta stone stands as testament. gap between present. gap between past. rosetta stone bridging gap. rosetta stone discovered in egypt. rosetta stone role in deciphering. trilingual inscription became the key. key to unlocking. writing was a mystery. secrets of writing.",
    "evaluation": 0
  },
  {
    "correct_answer": "The meaning of Egyptian hieroglyphs was lost to history before the discovery of the Rosetta Stone.",
    "retrieved_context": "rosetta stone is a significant artifact. rosetta stone is a stone slab. deciphering opened up history. deciphering opened up language. study of writing systems. rosetta stone model for study. deciphering opened up culture. symbol of quest. rosetta stone significance extends egyptology. rosetta stone inspired methods. iconic symbol of quest. rosetta stone is an iconic symbol. stone slab inscribed with decree. legacy of cultures. rosetta stone is a symbol. rosetta stone inspired approaches. french soldiers during napoleon's campaign. rosetta stone is a legacy. rosetta stone discovered by french soldiers. testament to intellect. testament to ingenuity. rosetta stone stands as testament. gap between present. gap between past. rosetta stone bridging gap. rosetta stone discovered in egypt. rosetta stone role in deciphering. trilingual inscription became the key. key to unlocking.",
    "evaluation": 0
  },
  {
    "correct_answer": "Scholars and archaeologists had long been intrigued by the symbols and pictograms found on ancient Egyptian monuments.",
    "retrieved_context": "iconic symbol of quest. quest for knowledge. quest unraveling mysteries. quest for understanding. quest exemplifies perseverance. quest exemplifies collaboration. quest exemplifies curiosity.",
    "evaluation": 0
  },
  {
    "correct_answer": "The breakthrough in deciphering hieroglyphs came in 1822 when Jean-Fran\u00e7ois Champollion successfully deciphered the hieroglyphic text on the Rosetta Stone.",
    "retrieved_context": "rosetta stone is a significant artifact. rosetta stone is a stone slab. deciphering opened up history. deciphering opened up language. study of writing systems. rosetta stone model for study. deciphering opened up culture. symbol of quest. rosetta stone significance extends egyptology. rosetta stone inspired methods. iconic symbol of quest. rosetta stone is an iconic symbol. stone slab inscribed with decree. legacy of cultures. rosetta stone is a symbol. rosetta stone inspired approaches. french soldiers during napoleon's campaign. rosetta stone is a legacy. rosetta stone discovered by french soldiers. testament to intellect. testament to ingenuity. rosetta stone stands as testament. gap between present. gap between past. rosetta stone bridging gap. rosetta stone discovered in egypt. rosetta stone role in deciphering. trilingual inscription became the key. key to unlocking. jean-fran\u00e7ois champollion deciphered text. deciphering opened up language. deciphering opened up culture. deciphering opened up history.",
    "evaluation": 1
  },
  {
    "correct_answer": "Champollion compared the Greek text with the hieroglyphic and Demotic texts on the Rosetta Stone to decipher the hieroglyphs.",
    "retrieved_context": "rosetta stone is a significant artifact. rosetta stone is a stone slab. deciphering opened up history. deciphering opened up language. study of writing systems. rosetta stone model for study. deciphering opened up culture. symbol of quest. rosetta stone significance extends egyptology. rosetta stone inspired methods. iconic symbol of quest. rosetta stone is an iconic symbol. stone slab inscribed with decree. legacy of cultures. rosetta stone is a symbol. rosetta stone inspired approaches. french soldiers during napoleon's campaign. rosetta stone is a legacy. rosetta stone discovered by french soldiers. testament to intellect. testament to ingenuity. rosetta stone stands as testament. gap between present. gap between past. rosetta stone bridging gap. rosetta stone discovered in egypt. rosetta stone role in deciphering. trilingual inscription became the key. key to unlocking. jean-fran\u00e7ois champollion deciphered text.",
    "evaluation": 0
  },
  {
    "correct_answer": "Deciphering the Rosetta Stone opened up a new era of understanding of ancient Egyptian culture, history, and language.",
    "retrieved_context": "rosetta stone is a significant artifact. rosetta stone is a stone slab. deciphering opened up history. deciphering opened up language. study of writing systems. rosetta stone model for study. deciphering opened up culture. symbol of quest. rosetta stone significance extends egyptology. rosetta stone inspired methods. iconic symbol of quest. rosetta stone is an iconic symbol. stone slab inscribed with decree. legacy of cultures. rosetta stone is a symbol. rosetta stone inspired approaches. french soldiers during napoleon's campaign. rosetta stone is a legacy. rosetta stone discovered by french soldiers. testament to intellect. testament to ingenuity. rosetta stone stands as testament. gap between present. gap between past. rosetta stone bridging gap. rosetta stone discovered in egypt. rosetta stone role in deciphering.",
    "evaluation": 1
  },
  {
    "correct_answer": "The translation of hieroglyphic texts made possible by the Rosetta Stone revealed insights into the ancient Egyptians' religious beliefs, political structures, and daily life.",
    "retrieved_context": "rosetta stone is a significant artifact. rosetta stone is a stone slab. deciphering opened up history. deciphering opened up language. study of writing systems. rosetta stone model for study. deciphering opened up culture. symbol of quest. rosetta stone significance extends egyptology. rosetta stone inspired methods. iconic symbol of quest. rosetta stone is an iconic symbol. stone slab inscribed with decree. legacy of cultures. rosetta stone is a symbol. rosetta stone inspired approaches. french soldiers during napoleon's campaign. rosetta stone is a legacy. rosetta stone discovered by french soldiers. testament to intellect. testament to ingenuity. rosetta stone stands as testament. gap between present. gap between past. rosetta stone bridging gap. rosetta stone discovered in egypt. rosetta stone role in deciphering. trilingual inscription became the key. key to unlocking.",
    "evaluation": 0
  },
  {
    "correct_answer": "The Rosetta Stone inspired new methods and approaches to the study of ancient languages and scripts.",
    "retrieved_context": "rosetta stone is a significant artifact. rosetta stone is a stone slab. deciphering opened up history. deciphering opened up language. study of writing systems. rosetta stone model for study. deciphering opened up culture. symbol of quest. rosetta stone significance extends egyptology. rosetta stone inspired methods. iconic symbol of quest. rosetta stone is an iconic symbol. stone slab inscribed with decree. legacy of cultures. rosetta stone is a symbol. rosetta stone inspired approaches. french soldiers during napoleon's campaign. rosetta stone is a legacy. rosetta stone discovered by french soldiers. testament to intellect. testament to ingenuity. rosetta stone stands as testament. gap between present. gap between past. rosetta stone bridging gap. rosetta stone discovered in egypt. rosetta stone role in deciphering. trilingual inscription became the key. key to unlocking. scripts include demotic script. scripts include egyptian hieroglyphs. scripts include greek.",
    "evaluation": 1
  },
  {
    "correct_answer": "The Rosetta Stone has become an iconic symbol of the quest for knowledge and understanding.",
    "retrieved_context": "rosetta stone is a significant artifact. rosetta stone is a stone slab. deciphering opened up history. deciphering opened up language. study of writing systems. rosetta stone model for study. deciphering opened up culture. symbol of quest. rosetta stone significance extends egyptology. rosetta stone inspired methods. iconic symbol of quest. rosetta stone is an iconic symbol. stone slab inscribed with decree. legacy of cultures. rosetta stone is a symbol. rosetta stone inspired approaches. french soldiers during napoleon's campaign. rosetta stone is a legacy. rosetta stone discovered by french soldiers. testament to intellect. testament to ingenuity. rosetta stone stands as testament. gap between present. gap between past. rosetta stone bridging gap. rosetta stone discovered in egypt. rosetta stone role in deciphering. iconic symbol of quest. quest for knowledge. quest unraveling mysteries. quest for understanding. quest exemplifies perseverance. quest exemplifies collaboration. quest exemplifies curiosity. symbol of quest. quest for knowledge. quest unraveling mysteries. quest for understanding. quest exemplifies perseverance. quest exemplifies collaboration. quest exemplifies curiosity. symbols found on artifacts. symbols were enigmatic. symbols were cryptic. symbols found on monuments. trilingual inscription became the key. key to unlocking.",
    "evaluation": 1
  },
  {
    "correct_answer": "The Rosetta Stone stands as a testament to the ingenuity and intellect of ancient civilizations and modern scholars alike.",
    "retrieved_context": "rosetta stone is a significant artifact. rosetta stone is a stone slab. deciphering opened up history. deciphering opened up language. study of writing systems. rosetta stone model for study. deciphering opened up culture. symbol of quest. rosetta stone significance extends egyptology. rosetta stone inspired methods. iconic symbol of quest. rosetta stone is an iconic symbol. stone slab inscribed with decree. legacy of cultures. rosetta stone is a symbol. rosetta stone inspired approaches. french soldiers during napoleon's campaign. rosetta stone is a legacy. rosetta stone discovered by french soldiers. testament to intellect. testament to ingenuity. rosetta stone stands as testament. gap between present. gap between past. rosetta stone bridging gap. rosetta stone discovered in egypt. rosetta stone role in deciphering. symbols found on artifacts. scholars intrigued by symbols. symbols were cryptic. symbols were enigmatic. symbols found on monuments.",
    "evaluation": 1
  },
  {
    "accuracy": "53.33%"
  }
]