[
  {
    "correct_answer": "Birds play a crucial role in ecosystems.",
    "retrieved_context": "indicators of environmental health. birds contribute to biodiversity. birds help regenerate vegetation. birds play essential role. birds control insect populations. birds contribute to fruits. birds contribute to nutrient cycling. birds help plant species reproduce. birds play a role in pollination. outbreaks can damage crops. birds signal pollution. birds play a crucial role in ecosystems. birds promote genetic diversity. birds spread seeds. birds guide conservation efforts. birds support forests. conservation efforts protect ecosystem function. outbreaks of pest control. natural pest control reduces need for chemical pesticides. birds serve as natural pest control. birds help plant species colonize. birds ensure resilience. birds contribute to stability. indicators of ecosystem quality. birds ensure health. birds help prevent outbreaks. ecological roles help maintain balance. birds signal habitat loss. birds play ecological roles. birds contribute to functioning. birds contribute to seed dispersal. birds facilitate reproduction. birds serve as indicators. birds signal climate change. conservation efforts protect biodiversity. birds contribute to services. birds ensure future generations. birds contribute to pest control. balance in natural systems. ecological roles help maintain balance. pollen to flower. sunbirds are pollination. sunbirds feed on nectar. sunbirds transfer pollen. seabirds enrich soils. seabirds deposit nutrients from marine environments. hummingbirds feed on nectar. pollen to flower. hummingbirds transfer pollen. hummingbirds are pollination.",
    "evaluation": 1
  },
  {
    "correct_answer": "Birds serve as indicators of environmental health.",
    "retrieved_context": "indicators of environmental health. birds contribute to biodiversity. birds help regenerate vegetation. birds play essential role. birds control insect populations. birds contribute to fruits. birds contribute to nutrient cycling. birds help plant species reproduce. birds play a role in pollination. outbreaks can damage crops. birds signal pollution. birds play a crucial role in ecosystems. birds promote genetic diversity. birds spread seeds. birds guide conservation efforts. birds support forests. conservation efforts protect ecosystem function. outbreaks of pest control. natural pest control reduces need for chemical pesticides. birds serve as natural pest control. birds help plant species colonize. birds ensure resilience. birds contribute to stability. indicators of ecosystem quality. birds ensure health. birds help prevent outbreaks. ecological roles help maintain balance. birds signal habitat loss. birds play ecological roles. birds contribute to functioning. birds contribute to seed dispersal. birds facilitate reproduction. birds serve as indicators. birds signal climate change. conservation efforts protect biodiversity. birds contribute to services. birds ensure future generations. birds contribute to pest control. pollen to flower. sunbirds are pollination. sunbirds feed on nectar. sunbirds transfer pollen. seabirds enrich soils. seabirds deposit nutrients from marine environments. hummingbirds feed on nectar. pollen to flower. hummingbirds transfer pollen. hummingbirds are pollination. balance in natural systems. ecological roles help maintain balance.",
    "evaluation": 1
  },
  {
    "correct_answer": "Birds contribute to biodiversity.",
    "retrieved_context": "indicators of environmental health. birds contribute to biodiversity. birds help regenerate vegetation. birds play essential role. birds control insect populations. birds contribute to fruits. birds contribute to nutrient cycling. birds help plant species reproduce. birds play a role in pollination. outbreaks can damage crops. birds signal pollution. birds play a crucial role in ecosystems. birds promote genetic diversity. birds spread seeds. birds guide conservation efforts. birds support forests. conservation efforts protect ecosystem function. outbreaks of pest control. natural pest control reduces need for chemical pesticides. birds serve as natural pest control. birds help plant species colonize. birds ensure resilience. birds contribute to stability. indicators of ecosystem quality. birds ensure health. birds help prevent outbreaks. ecological roles help maintain balance. birds signal habitat loss. birds play ecological roles. birds contribute to functioning. birds contribute to seed dispersal. birds facilitate reproduction. birds serve as indicators. birds signal climate change. conservation efforts protect biodiversity. birds contribute to services. birds ensure future generations. birds contribute to pest control. hummingbirds feed on nectar. pollen to flower. hummingbirds transfer pollen. hummingbirds are pollination. seabirds enrich soils. seabirds deposit nutrients from marine environments. pollen to flower. sunbirds are pollination. sunbirds feed on nectar. sunbirds transfer pollen. balance in natural systems. ecological roles help maintain balance.",
    "evaluation": 1
  },
  {
    "correct_answer": "Birds help maintain balance in natural systems.",
    "retrieved_context": "indicators of environmental health. birds contribute to biodiversity. birds help regenerate vegetation. birds play essential role. birds control insect populations. birds contribute to fruits. birds contribute to nutrient cycling. birds help plant species reproduce. birds play a role in pollination. outbreaks can damage crops. birds signal pollution. birds play a crucial role in ecosystems. birds promote genetic diversity. birds spread seeds. birds guide conservation efforts. birds support forests. conservation efforts protect ecosystem function. outbreaks of pest control. natural pest control reduces need for chemical pesticides. birds serve as natural pest control. birds help plant species colonize. birds ensure resilience. birds contribute to stability. indicators of ecosystem quality. birds ensure health. birds help prevent outbreaks. ecological roles help maintain balance. birds signal habitat loss. birds play ecological roles. birds contribute to functioning. birds contribute to seed dispersal. birds facilitate reproduction. birds serve as indicators. birds signal climate change. conservation efforts protect biodiversity. birds contribute to services. birds ensure future generations. birds contribute to pest control. balance in natural systems. ecological roles help maintain balance. hummingbirds feed on nectar. pollen to flower. hummingbirds transfer pollen. hummingbirds are pollination. balance in natural systems. pollen to flower. sunbirds are pollination. sunbirds feed on nectar. sunbirds transfer pollen. seabirds enrich soils. seabirds deposit nutrients from marine environments.",
    "evaluation": 1
  },
  {
    "correct_answer": "Birds are important for seed dispersal.",
    "retrieved_context": "indicators of environmental health. birds contribute to biodiversity. birds help regenerate vegetation. birds play essential role. birds control insect populations. birds contribute to fruits. birds contribute to nutrient cycling. birds help plant species reproduce. birds play a role in pollination. outbreaks can damage crops. birds signal pollution. birds play a crucial role in ecosystems. birds promote genetic diversity. birds spread seeds. birds guide conservation efforts. birds support forests. conservation efforts protect ecosystem function. outbreaks of pest control. natural pest control reduces need for chemical pesticides. birds serve as natural pest control. birds help plant species colonize. birds ensure resilience. birds contribute to stability. indicators of ecosystem quality. birds ensure health. birds help prevent outbreaks. ecological roles help maintain balance. birds signal habitat loss. birds play ecological roles. birds contribute to functioning. birds contribute to seed dispersal. birds facilitate reproduction. birds serve as indicators. birds signal climate change. conservation efforts protect biodiversity. birds contribute to services. birds ensure future generations. birds contribute to pest control. pollen to flower. sunbirds are pollination. sunbirds feed on nectar. sunbirds transfer pollen. hummingbirds feed on nectar. pollen to flower. hummingbirds transfer pollen. hummingbirds are pollination. seabirds enrich soils. seabirds deposit nutrients from marine environments.",
    "evaluation": 1
  },
  {
    "correct_answer": "Birds spread seeds far and wide.",
    "retrieved_context": "indicators of environmental health. birds contribute to biodiversity. birds help regenerate vegetation. birds play essential role. birds control insect populations. birds contribute to fruits. birds contribute to nutrient cycling. birds help plant species reproduce. birds play a role in pollination. outbreaks can damage crops. birds signal pollution. birds play a crucial role in ecosystems. birds promote genetic diversity. birds spread seeds. birds guide conservation efforts. birds support forests. conservation efforts protect ecosystem function. outbreaks of pest control. natural pest control reduces need for chemical pesticides. birds serve as natural pest control. birds help plant species colonize. birds ensure resilience. birds contribute to stability. indicators of ecosystem quality. birds ensure health. birds help prevent outbreaks. ecological roles help maintain balance. birds signal habitat loss. birds play ecological roles. birds contribute to functioning. birds contribute to seed dispersal. birds facilitate reproduction. birds serve as indicators. birds signal climate change. conservation efforts protect biodiversity. birds contribute to services. birds ensure future generations. birds contribute to pest control. pollen to flower. sunbirds are pollination. sunbirds feed on nectar. sunbirds transfer pollen. hummingbirds feed on nectar. pollen to flower. hummingbirds transfer pollen. hummingbirds are pollination. seabirds enrich soils. seabirds deposit nutrients from marine environments.",
    "evaluation": 1
  },
  {
    "correct_answer": "Birds promote genetic diversity.",
    "retrieved_context": "indicators of environmental health. birds contribute to biodiversity. birds help regenerate vegetation. birds play essential role. birds control insect populations. birds contribute to fruits. birds contribute to nutrient cycling. birds help plant species reproduce. birds play a role in pollination. outbreaks can damage crops. birds signal pollution. birds play a crucial role in ecosystems. birds promote genetic diversity. birds spread seeds. birds guide conservation efforts. birds support forests. conservation efforts protect ecosystem function. outbreaks of pest control. natural pest control reduces need for chemical pesticides. birds serve as natural pest control. birds help plant species colonize. birds ensure resilience. birds contribute to stability. indicators of ecosystem quality. birds ensure health. birds help prevent outbreaks. ecological roles help maintain balance. birds signal habitat loss. birds play ecological roles. birds contribute to functioning. birds contribute to seed dispersal. birds facilitate reproduction. birds serve as indicators. birds signal climate change. conservation efforts protect biodiversity. birds contribute to services. birds ensure future generations. birds contribute to pest control. hummingbirds feed on nectar. pollen to flower. hummingbirds transfer pollen. hummingbirds are pollination. pollen to flower. sunbirds are pollination. sunbirds feed on nectar. sunbirds transfer pollen. seabirds enrich soils. seabirds deposit nutrients from marine environments.",
    "evaluation": 1
  },
  {
    "correct_answer": "Birds support the growth of new vegetation.",
    "retrieved_context": "indicators of environmental health. birds contribute to biodiversity. birds help regenerate vegetation. birds play essential role. birds control insect populations. birds contribute to fruits. birds contribute to nutrient cycling. birds help plant species reproduce. birds play a role in pollination. outbreaks can damage crops. birds signal pollution. birds play a crucial role in ecosystems. birds promote genetic diversity. birds spread seeds. birds guide conservation efforts. birds support forests. conservation efforts protect ecosystem function. outbreaks of pest control. natural pest control reduces need for chemical pesticides. birds serve as natural pest control. birds help plant species colonize. birds ensure resilience. birds contribute to stability. indicators of ecosystem quality. birds ensure health. birds help prevent outbreaks. ecological roles help maintain balance. birds signal habitat loss. birds play ecological roles. birds contribute to functioning. birds contribute to seed dispersal. birds facilitate reproduction. birds serve as indicators. birds signal climate change. conservation efforts protect biodiversity. birds contribute to services. birds ensure future generations. birds contribute to pest control. pollen to flower. sunbirds are pollination. sunbirds feed on nectar. sunbirds transfer pollen. hummingbirds feed on nectar. pollen to flower. hummingbirds transfer pollen. hummingbirds are pollination.",
    "evaluation": 1
  },
  {
    "correct_answer": "Birds control insect populations.",
    "retrieved_context": "indicators of environmental health. birds contribute to biodiversity. birds help regenerate vegetation. birds play essential role. birds control insect populations. birds contribute to fruits. birds contribute to nutrient cycling. birds help plant species reproduce. birds play a role in pollination. outbreaks can damage crops. birds signal pollution. birds play a crucial role in ecosystems. birds promote genetic diversity. birds spread seeds. birds guide conservation efforts. birds support forests. conservation efforts protect ecosystem function. outbreaks of pest control. natural pest control reduces need for chemical pesticides. birds serve as natural pest control. birds help plant species colonize. birds ensure resilience. birds contribute to stability. indicators of ecosystem quality. birds ensure health. birds help prevent outbreaks. ecological roles help maintain balance. birds signal habitat loss. birds play ecological roles. birds contribute to functioning. birds contribute to seed dispersal. birds facilitate reproduction. birds serve as indicators. birds signal climate change. conservation efforts protect biodiversity. birds contribute to services. birds ensure future generations. birds contribute to pest control. natural pest control reduces need for chemical pesticides. chemical pesticides can have harmful effects. hummingbirds feed on nectar. pollen to flower. hummingbirds transfer pollen. hummingbirds are pollination. pollen to flower. sunbirds are pollination. sunbirds feed on nectar. sunbirds transfer pollen. seabirds enrich soils. seabirds deposit nutrients from marine environments.",
    "evaluation": 1
  },
  {
    "correct_answer": "Birds serve as natural pest control agents.",
    "retrieved_context": "natural pest control reduces need for chemical pesticides. chemical pesticides can have harmful effects. indicators of environmental health. birds contribute to biodiversity. birds help regenerate vegetation. birds play essential role. birds control insect populations. birds contribute to fruits. birds contribute to nutrient cycling. birds help plant species reproduce. birds play a role in pollination. outbreaks can damage crops. birds signal pollution. birds play a crucial role in ecosystems. birds promote genetic diversity. birds spread seeds. birds guide conservation efforts. birds support forests. conservation efforts protect ecosystem function. outbreaks of pest control. natural pest control reduces need for chemical pesticides. birds serve as natural pest control. birds help plant species colonize. birds ensure resilience. birds contribute to stability. indicators of ecosystem quality. birds ensure health. birds help prevent outbreaks. ecological roles help maintain balance. birds signal habitat loss. birds play ecological roles. birds contribute to functioning. birds contribute to seed dispersal. birds facilitate reproduction. birds serve as indicators. birds signal climate change. conservation efforts protect biodiversity. birds contribute to services. birds ensure future generations. birds contribute to pest control. pollen to flower. sunbirds are pollination. sunbirds feed on nectar. sunbirds transfer pollen. harmful effects on human health. chemical pesticides can have harmful effects. seabirds enrich soils. seabirds deposit nutrients from marine environments. hummingbirds feed on nectar. pollen to flower. hummingbirds transfer pollen. hummingbirds are pollination.",
    "evaluation": 1
  },
  {
    "correct_answer": "Birds help prevent outbreaks of pests.",
    "retrieved_context": "indicators of environmental health. birds contribute to biodiversity. birds help regenerate vegetation. birds play essential role. birds control insect populations. birds contribute to fruits. birds contribute to nutrient cycling. birds help plant species reproduce. birds play a role in pollination. outbreaks can damage crops. birds signal pollution. birds play a crucial role in ecosystems. birds promote genetic diversity. birds spread seeds. birds guide conservation efforts. birds support forests. conservation efforts protect ecosystem function. outbreaks of pest control. natural pest control reduces need for chemical pesticides. birds serve as natural pest control. birds help plant species colonize. birds ensure resilience. birds contribute to stability. indicators of ecosystem quality. birds ensure health. birds help prevent outbreaks. ecological roles help maintain balance. birds signal habitat loss. birds play ecological roles. birds contribute to functioning. birds contribute to seed dispersal. birds facilitate reproduction. birds serve as indicators. birds signal climate change. conservation efforts protect biodiversity. birds contribute to services. birds ensure future generations. birds contribute to pest control. natural pest control reduces need for chemical pesticides. chemical pesticides can have harmful effects. pollen to flower. sunbirds are pollination. sunbirds feed on nectar. sunbirds transfer pollen. hummingbirds feed on nectar. pollen to flower. hummingbirds transfer pollen. hummingbirds are pollination. seabirds enrich soils. seabirds deposit nutrients from marine environments.",
    "evaluation": 1
  },
  {
    "correct_answer": "Birds contribute to nutrient cycling in ecosystems.",
    "retrieved_context": "indicators of environmental health. birds contribute to biodiversity. birds help regenerate vegetation. birds play essential role. birds control insect populations. birds contribute to fruits. birds contribute to nutrient cycling. birds help plant species reproduce. birds play a role in pollination. outbreaks can damage crops. birds signal pollution. birds play a crucial role in ecosystems. birds promote genetic diversity. birds spread seeds. birds guide conservation efforts. birds support forests. conservation efforts protect ecosystem function. outbreaks of pest control. natural pest control reduces need for chemical pesticides. birds serve as natural pest control. birds help plant species colonize. birds ensure resilience. birds contribute to stability. indicators of ecosystem quality. birds ensure health. birds help prevent outbreaks. ecological roles help maintain balance. birds signal habitat loss. birds play ecological roles. birds contribute to functioning. birds contribute to seed dispersal. birds facilitate reproduction. birds serve as indicators. birds signal climate change. conservation efforts protect biodiversity. birds contribute to services. birds ensure future generations. birds contribute to pest control. balance in natural systems. ecological roles help maintain balance. hummingbirds feed on nectar. pollen to flower. hummingbirds transfer pollen. hummingbirds are pollination.",
    "evaluation": 1
  },
  {
    "correct_answer": "Seabirds enrich soils through their guano.",
    "retrieved_context": "seabirds enrich soils. seabirds deposit nutrients from marine environments. indicators of environmental health. birds contribute to biodiversity. birds help regenerate vegetation. birds play essential role. birds control insect populations. birds contribute to fruits. birds contribute to nutrient cycling. birds help plant species reproduce. birds play a role in pollination. outbreaks can damage crops. birds signal pollution. birds play a crucial role in ecosystems. birds promote genetic diversity. birds spread seeds. birds guide conservation efforts. birds support forests. conservation efforts protect ecosystem function. outbreaks of pest control. natural pest control reduces need for chemical pesticides. birds serve as natural pest control. birds help plant species colonize. birds ensure resilience. birds contribute to stability. indicators of ecosystem quality. birds ensure health. birds help prevent outbreaks. ecological roles help maintain balance. birds signal habitat loss. birds play ecological roles. birds contribute to functioning. birds contribute to seed dispersal. birds facilitate reproduction. birds serve as indicators. birds signal climate change. conservation efforts protect biodiversity. birds contribute to services. birds ensure future generations. birds contribute to pest control. hummingbirds feed on nectar. pollen to flower. hummingbirds transfer pollen. hummingbirds are pollination. pollen to flower. sunbirds are pollination. sunbirds feed on nectar. sunbirds transfer pollen.",
    "evaluation": 0
  },
  {
    "correct_answer": "Birds redistribute nutrients through their droppings.",
    "retrieved_context": "indicators of environmental health. birds contribute to biodiversity. birds help regenerate vegetation. birds play essential role. birds control insect populations. birds contribute to fruits. birds contribute to nutrient cycling. birds help plant species reproduce. birds play a role in pollination. outbreaks can damage crops. birds signal pollution. birds play a crucial role in ecosystems. birds promote genetic diversity. birds spread seeds. birds guide conservation efforts. birds support forests. conservation efforts protect ecosystem function. outbreaks of pest control. natural pest control reduces need for chemical pesticides. birds serve as natural pest control. birds help plant species colonize. birds ensure resilience. birds contribute to stability. indicators of ecosystem quality. birds ensure health. birds help prevent outbreaks. ecological roles help maintain balance. birds signal habitat loss. birds play ecological roles. birds contribute to functioning. birds contribute to seed dispersal. birds facilitate reproduction. birds serve as indicators. birds signal climate change. conservation efforts protect biodiversity. birds contribute to services. birds ensure future generations. birds contribute to pest control. balance in natural systems. ecological roles help maintain balance. seabirds enrich soils. seabirds deposit nutrients from marine environments. hummingbirds feed on nectar. pollen to flower. hummingbirds transfer pollen. hummingbirds are pollination.",
    "evaluation": 0
  },
  {
    "correct_answer": "Birds play a role in pollination.",
    "retrieved_context": "indicators of environmental health. birds contribute to biodiversity. birds help regenerate vegetation. birds play essential role. birds control insect populations. birds contribute to fruits. birds contribute to nutrient cycling. birds help plant species reproduce. birds play a role in pollination. outbreaks can damage crops. birds signal pollution. birds play a crucial role in ecosystems. birds promote genetic diversity. birds spread seeds. birds guide conservation efforts. birds support forests. conservation efforts protect ecosystem function. outbreaks of pest control. natural pest control reduces need for chemical pesticides. birds serve as natural pest control. birds help plant species colonize. birds ensure resilience. birds contribute to stability. indicators of ecosystem quality. birds ensure health. birds help prevent outbreaks. ecological roles help maintain balance. birds signal habitat loss. birds play ecological roles. birds contribute to functioning. birds contribute to seed dispersal. birds facilitate reproduction. birds serve as indicators. birds signal climate change. conservation efforts protect biodiversity. birds contribute to services. birds ensure future generations. birds contribute to pest control. hummingbirds feed on nectar. pollen to flower. hummingbirds transfer pollen. hummingbirds are pollination. pollen to flower. sunbirds are pollination. sunbirds feed on nectar. sunbirds transfer pollen. seabirds enrich soils. seabirds deposit nutrients from marine environments. pollen to flower.",
    "evaluation": 1
  },
  {
    "accuracy": "86.67%"
  }
]