[
  {
    "correct_answer": "Spiders build intricate webs.",
    "retrieved_context": "spiders demonstrate skill. radial lines form structure. spiders choose location. silk from spinnerets. spiders make adjustments. radial lines form shape. spiders test tension. spiral lines are adhesive substance. spiders test strength. spiders construct radial lines. strand to surface. spiders have sense. ability to build webs. spiders use bite. spiders anchor strand. silk is material. spiders demonstrate precision. strand is anchor line. spiders produce types. spiders known for ability. radial lines spaced at intervals. spiders are adaptive. location has space. types for purposes. spiders have adaptability. spiders are resourceful. spiders produce silk. location has sources. spiders have knowledge. spiral lines are pattern. spiders lay down spiral lines. spiders are creatures. spiders wrap prey. radial lines are framework. spiders have ingenuity. prey for consumption. webs allow prey. webs serve as hunting grounds. webs are sturdy. prey for consumption. webs serve as homes. silk is material. material is elastic. spinnerets are glands. silk from spinnerets. material is strong. material composed of protein molecules. prey for consumption. glands located at abdomen. spinnerets are glands.",
    "evaluation": 1
  },
  {
    "correct_answer": "Webs serve as homes and hunting grounds for spiders.",
    "retrieved_context": "spiders demonstrate skill. radial lines form structure. spiders choose location. silk from spinnerets. spiders make adjustments. radial lines form shape. spiders test tension. spiral lines are adhesive substance. spiders test strength. spiders construct radial lines. strand to surface. spiders have sense. ability to build webs. spiders use bite. spiders anchor strand. silk is material. spiders demonstrate precision. strand is anchor line. spiders produce types. spiders known for ability. radial lines spaced at intervals. spiders are adaptive. location has space. types for purposes. spiders have adaptability. spiders are resourceful. spiders produce silk. location has sources. spiders have knowledge. spiral lines are pattern. spiders lay down spiral lines. spiders are creatures. spiders wrap prey. radial lines are framework. spiders have ingenuity. prey for consumption. webs allow prey. webs serve as hunting grounds. webs are sturdy. prey for consumption. webs serve as homes. prey for consumption. silk is material. material is elastic. spinnerets are glands. silk from spinnerets. material is strong. material composed of protein molecules.",
    "evaluation": 1
  },
  {
    "correct_answer": "Spiders catch prey efficiently using their webs.",
    "retrieved_context": "spiders demonstrate skill. radial lines form structure. spiders choose location. silk from spinnerets. spiders make adjustments. radial lines form shape. spiders test tension. spiral lines are adhesive substance. spiders test strength. spiders construct radial lines. strand to surface. spiders have sense. ability to build webs. spiders use bite. spiders anchor strand. silk is material. spiders demonstrate precision. strand is anchor line. spiders produce types. spiders known for ability. radial lines spaced at intervals. spiders are adaptive. location has space. types for purposes. spiders have adaptability. spiders are resourceful. spiders produce silk. location has sources. spiders have knowledge. spiral lines are pattern. spiders lay down spiral lines. spiders are creatures. spiders wrap prey. radial lines are framework. spiders have ingenuity. prey for consumption. prey for consumption. webs allow prey. webs serve as hunting grounds. webs are sturdy. prey for consumption. webs serve as homes. signal line transmits vibrations. trap line is signal line.",
    "evaluation": 1
  },
  {
    "correct_answer": "Spiders select suitable locations for web-building.",
    "retrieved_context": "spiders demonstrate skill. radial lines form structure. spiders choose location. silk from spinnerets. spiders make adjustments. radial lines form shape. spiders test tension. spiral lines are adhesive substance. spiders test strength. spiders construct radial lines. strand to surface. spiders have sense. ability to build webs. spiders use bite. spiders anchor strand. silk is material. spiders demonstrate precision. strand is anchor line. spiders produce types. spiders known for ability. radial lines spaced at intervals. spiders are adaptive. location has space. types for purposes. spiders have adaptability. spiders are resourceful. spiders produce silk. location has sources. spiders have knowledge. spiral lines are pattern. spiders lay down spiral lines. spiders are creatures. spiders wrap prey. radial lines are framework. spiders have ingenuity. prey for consumption. webs allow prey. webs serve as hunting grounds. webs are sturdy. prey for consumption. webs serve as homes. silk is material. material is elastic. spinnerets are glands. silk from spinnerets. material is strong. material composed of protein molecules. prey for consumption.",
    "evaluation": 1
  },
  {
    "correct_answer": "Spiders produce silk from spinnerets.",
    "retrieved_context": "spiders demonstrate skill. radial lines form structure. spiders choose location. silk from spinnerets. spiders make adjustments. radial lines form shape. spiders test tension. spiral lines are adhesive substance. spiders test strength. spiders construct radial lines. strand to surface. spiders have sense. ability to build webs. spiders use bite. spiders anchor strand. silk is material. spiders demonstrate precision. strand is anchor line. spiders produce types. spiders known for ability. radial lines spaced at intervals. spiders are adaptive. location has space. types for purposes. spiders have adaptability. spiders are resourceful. spiders produce silk. location has sources. spiders have knowledge. spiral lines are pattern. spiders lay down spiral lines. spiders are creatures. spiders wrap prey. radial lines are framework. spiders have ingenuity. prey for consumption. silk is material. material is elastic. spinnerets are glands. silk from spinnerets. material is strong. material composed of protein molecules. glands located at abdomen. spinnerets are glands. webs allow prey. webs serve as hunting grounds. webs are sturdy. prey for consumption. webs serve as homes. prey for consumption.",
    "evaluation": 1
  },
  {
    "correct_answer": "Spider silk is strong and elastic.",
    "retrieved_context": "silk is material. material is elastic. spinnerets are glands. silk from spinnerets. material is strong. material composed of protein molecules. spiders demonstrate skill. radial lines form structure. spiders choose location. silk from spinnerets. spiders make adjustments. radial lines form shape. spiders test tension. spiral lines are adhesive substance. spiders test strength. spiders construct radial lines. strand to surface. spiders have sense. ability to build webs. spiders use bite. spiders anchor strand. silk is material. spiders demonstrate precision. strand is anchor line. spiders produce types. spiders known for ability. radial lines spaced at intervals. spiders are adaptive. location has space. types for purposes. spiders have adaptability. spiders are resourceful. spiders produce silk. location has sources. spiders have knowledge. spiral lines are pattern. spiders lay down spiral lines. spiders are creatures. spiders wrap prey. radial lines are framework. spiders have ingenuity. prey for consumption. protein molecules give properties. material composed of protein molecules. material is elastic. material is strong. adhesive substance helps trap.",
    "evaluation": 1
  },
  {
    "correct_answer": "Spider silk is composed of protein molecules.",
    "retrieved_context": "silk is material. material is elastic. spinnerets are glands. silk from spinnerets. material is strong. material composed of protein molecules. protein molecules give properties. spiders demonstrate skill. radial lines form structure. spiders choose location. silk from spinnerets. spiders make adjustments. radial lines form shape. spiders test tension. spiral lines are adhesive substance. spiders test strength. spiders construct radial lines. strand to surface. spiders have sense. ability to build webs. spiders use bite. spiders anchor strand. silk is material. spiders demonstrate precision. strand is anchor line. spiders produce types. spiders known for ability. radial lines spaced at intervals. spiders are adaptive. location has space. types for purposes. spiders have adaptability. spiders are resourceful. spiders produce silk. location has sources. spiders have knowledge. spiral lines are pattern. spiders lay down spiral lines. spiders are creatures. spiders wrap prey. radial lines are framework. spiders have ingenuity. prey for consumption. glands located at abdomen. webs allow prey. webs serve as hunting grounds. webs are sturdy. prey for consumption. webs serve as homes. protein molecules give properties. material composed of protein molecules. material is elastic. material is strong. adhesive substance helps trap.",
    "evaluation": 1
  },
  {
    "correct_answer": "Spiders can produce different types of silk.",
    "retrieved_context": "silk is material. material is elastic. spinnerets are glands. silk from spinnerets. material is strong. material composed of protein molecules. spiders demonstrate skill. radial lines form structure. spiders choose location. silk from spinnerets. spiders make adjustments. radial lines form shape. spiders test tension. spiral lines are adhesive substance. spiders test strength. spiders construct radial lines. strand to surface. spiders have sense. ability to build webs. spiders use bite. spiders anchor strand. silk is material. spiders demonstrate precision. strand is anchor line. spiders produce types. spiders known for ability. radial lines spaced at intervals. spiders are adaptive. location has space. types for purposes. spiders have adaptability. spiders are resourceful. spiders produce silk. location has sources. spiders have knowledge. spiral lines are pattern. spiders lay down spiral lines. spiders are creatures. spiders wrap prey. radial lines are framework. spiders have ingenuity. prey for consumption. purposes include mating rituals. purposes include egg sacs. types for purposes. webs allow prey. webs serve as hunting grounds. webs are sturdy. prey for consumption. webs serve as homes. surface is branch. strand is anchor line. surface is wall. anchor line is guide. strand to surface.",
    "evaluation": 1
  },
  {
    "correct_answer": "Spiders anchor silk strands to surfaces to build webs.",
    "retrieved_context": "spiders demonstrate skill. radial lines form structure. spiders choose location. silk from spinnerets. spiders make adjustments. radial lines form shape. spiders test tension. spiral lines are adhesive substance. spiders test strength. spiders construct radial lines. strand to surface. spiders have sense. ability to build webs. spiders use bite. spiders anchor strand. silk is material. spiders demonstrate precision. strand is anchor line. spiders produce types. spiders known for ability. radial lines spaced at intervals. spiders are adaptive. location has space. types for purposes. spiders have adaptability. spiders are resourceful. spiders produce silk. location has sources. spiders have knowledge. spiral lines are pattern. spiders lay down spiral lines. spiders are creatures. spiders wrap prey. radial lines are framework. spiders have ingenuity. prey for consumption. silk is material. material is elastic. spinnerets are glands. silk from spinnerets. material is strong. material composed of protein molecules. webs allow prey. webs serve as hunting grounds. webs are sturdy. prey for consumption. webs serve as homes. anchor line is guide. surface is branch. strand is anchor line. surface is wall. anchor line is guide. strand to surface. adhesive substance helps trap.",
    "evaluation": 1
  },
  {
    "correct_answer": "Spiders construct radial lines as the framework of the web.",
    "retrieved_context": "spiders demonstrate skill. radial lines form structure. spiders choose location. silk from spinnerets. spiders make adjustments. radial lines form shape. spiders test tension. spiral lines are adhesive substance. spiders test strength. spiders construct radial lines. strand to surface. spiders have sense. ability to build webs. spiders use bite. spiders anchor strand. silk is material. spiders demonstrate precision. strand is anchor line. spiders produce types. spiders known for ability. radial lines spaced at intervals. spiders are adaptive. location has space. types for purposes. spiders have adaptability. spiders are resourceful. spiders produce silk. location has sources. spiders have knowledge. spiral lines are pattern. spiders lay down spiral lines. spiders are creatures. spiders wrap prey. radial lines are framework. spiders have ingenuity. prey for consumption. webs allow prey. webs serve as hunting grounds. webs are sturdy. prey for consumption. webs serve as homes. radial lines are framework. radial lines form shape. radial lines form structure. radial lines spaced at intervals. spiral lines are adhesive substance. spiral lines are pattern. adhesive substance helps trap. signal line transmits vibrations. trap line is signal line. anchor line is guide.",
    "evaluation": 1
  },
  {
    "correct_answer": "Spiders lay down sticky spiral lines on the web.",
    "retrieved_context": "spiders demonstrate skill. radial lines form structure. spiders choose location. silk from spinnerets. spiders make adjustments. radial lines form shape. spiders test tension. spiral lines are adhesive substance. spiders test strength. spiders construct radial lines. strand to surface. spiders have sense. ability to build webs. spiders use bite. spiders anchor strand. silk is material. spiders demonstrate precision. strand is anchor line. spiders produce types. spiders known for ability. radial lines spaced at intervals. spiders are adaptive. location has space. types for purposes. spiders have adaptability. spiders are resourceful. spiders produce silk. location has sources. spiders have knowledge. spiral lines are pattern. spiders lay down spiral lines. spiders are creatures. spiders wrap prey. radial lines are framework. spiders have ingenuity. prey for consumption. spiral lines are adhesive substance. spiral lines are pattern. adhesive substance helps trap. webs allow prey. webs serve as hunting grounds. webs are sturdy. prey for consumption. webs serve as homes. signal line transmits vibrations. trap line is signal line. anchor line is guide. prey for consumption.",
    "evaluation": 1
  },
  {
    "correct_answer": "Spiders periodically test the tension of silk strands.",
    "retrieved_context": "spiders demonstrate skill. radial lines form structure. spiders choose location. silk from spinnerets. spiders make adjustments. radial lines form shape. spiders test tension. spiral lines are adhesive substance. spiders test strength. spiders construct radial lines. strand to surface. spiders have sense. ability to build webs. spiders use bite. spiders anchor strand. silk is material. spiders demonstrate precision. strand is anchor line. spiders produce types. spiders known for ability. radial lines spaced at intervals. spiders are adaptive. location has space. types for purposes. spiders have adaptability. spiders are resourceful. spiders produce silk. location has sources. spiders have knowledge. spiral lines are pattern. spiders lay down spiral lines. spiders are creatures. spiders wrap prey. radial lines are framework. spiders have ingenuity. prey for consumption. silk is material. material is elastic. spinnerets are glands. silk from spinnerets. material is strong. material composed of protein molecules. surface is branch. strand is anchor line. surface is wall. anchor line is guide. strand to surface. vibrations alert presence. presence of food. webs allow prey. webs serve as hunting grounds. webs are sturdy. prey for consumption. webs serve as homes.",
    "evaluation": 1
  },
  {
    "correct_answer": "Spiders have an innate sense of how to build webs.",
    "retrieved_context": "spiders demonstrate skill. radial lines form structure. spiders choose location. silk from spinnerets. spiders make adjustments. radial lines form shape. spiders test tension. spiral lines are adhesive substance. spiders test strength. spiders construct radial lines. strand to surface. spiders have sense. ability to build webs. spiders use bite. spiders anchor strand. silk is material. spiders demonstrate precision. strand is anchor line. spiders produce types. spiders known for ability. radial lines spaced at intervals. spiders are adaptive. location has space. types for purposes. spiders have adaptability. spiders are resourceful. spiders produce silk. location has sources. spiders have knowledge. spiral lines are pattern. spiders lay down spiral lines. spiders are creatures. spiders wrap prey. radial lines are framework. spiders have ingenuity. prey for consumption. webs allow prey. webs serve as hunting grounds. webs are sturdy. prey for consumption. webs serve as homes. silk is material. material is elastic. spinnerets are glands. silk from spinnerets. material is strong. material composed of protein molecules. prey for consumption.",
    "evaluation": 1
  },
  {
    "correct_answer": "Spiders place a trap line in the web to signal prey.",
    "retrieved_context": "spiders demonstrate skill. radial lines form structure. spiders choose location. silk from spinnerets. spiders make adjustments. radial lines form shape. spiders test tension. spiral lines are adhesive substance. spiders test strength. spiders construct radial lines. strand to surface. spiders have sense. ability to build webs. spiders use bite. spiders anchor strand. silk is material. spiders demonstrate precision. strand is anchor line. spiders produce types. spiders known for ability. radial lines spaced at intervals. spiders are adaptive. location has space. types for purposes. spiders have adaptability. spiders are resourceful. spiders produce silk. location has sources. spiders have knowledge. spiral lines are pattern. spiders lay down spiral lines. spiders are creatures. spiders wrap prey. radial lines are framework. spiders have ingenuity. prey for consumption. signal line transmits vibrations. trap line is signal line. prey for consumption. webs allow prey. webs serve as hunting grounds. webs are sturdy. prey for consumption. webs serve as homes.",
    "evaluation": 0
  },
  {
    "correct_answer": "Spiders immobilize prey with a bite and wrap it in silk.",
    "retrieved_context": "spiders demonstrate skill. radial lines form structure. spiders choose location. silk from spinnerets. spiders make adjustments. radial lines form shape. spiders test tension. spiral lines are adhesive substance. spiders test strength. spiders construct radial lines. strand to surface. spiders have sense. ability to build webs. spiders use bite. spiders anchor strand. silk is material. spiders demonstrate precision. strand is anchor line. spiders produce types. spiders known for ability. radial lines spaced at intervals. spiders are adaptive. location has space. types for purposes. spiders have adaptability. spiders are resourceful. spiders produce silk. location has sources. spiders have knowledge. spiral lines are pattern. spiders lay down spiral lines. spiders are creatures. spiders wrap prey. radial lines are framework. spiders have ingenuity. prey for consumption. silk is material. material is elastic. spinnerets are glands. silk from spinnerets. material is strong. material composed of protein molecules. prey for consumption. webs allow prey. webs serve as hunting grounds. webs are sturdy. prey for consumption. webs serve as homes.",
    "evaluation": 0
  },
  {
    "accuracy": "86.67%"
  }
]