[
  {
    "correct_answer": "Storytelling is a form of communication used by humans for centuries.",
    "retrieved_context": "storytelling reflects voices. storytelling explores ideas. storytelling shapes understanding. storytelling pass down knowledge. storytelling is profound. storytelling embraces beauty. storytelling transcends time. storytelling uses imagery. storytelling has structure. storytelling requires compassion. storytelling uncovers insights. storytelling is versatile. storytelling can provoke thought. storytelling has pacing. storytelling requires creativity. storytelling can inspire. storytelling explores emotions. storytelling uses symbolism. storytelling is aspect of culture. storytelling promotes acceptance. storytelling involves learning. storytelling creates setting. storytelling can educate. storytelling create connection. storytelling embraces complexity. storytelling controls flow of information. storytelling has narrative arc. storytelling is a form of communication. storytelling reflects perspectives. storytelling uncovers truths. storytelling builds tension. storytelling share experiences. storytelling conveys themes. storytelling involves listening. storytelling requires courage. storytelling reveals plot points. storytelling conveys meanings. storytelling uses metaphor. storytelling create emotional resonance. storytelling uses descriptive language. storytelling evokes emotional response. storytelling has end. storytelling builds suspense. storytelling challenges stereotypes. storytelling promotes tolerance. storytelling can captivate. storytelling contributes to tapestry. storytelling bridges cultural divides. storytelling engages audience. storytelling has beginning. storytelling used by humans. storytelling uses allegorical elements. storytelling fosters empathy. storytelling transcends space. storytelling can entertain. storytelling has middle. storytelling develops appreciation.",
    "evaluation": 0
  },
  {
    "correct_answer": "Storytelling conveys emotions and shares experiences.",
    "retrieved_context": "storytelling reflects voices. storytelling explores ideas. storytelling shapes understanding. storytelling pass down knowledge. storytelling is profound. storytelling embraces beauty. storytelling transcends time. storytelling uses imagery. storytelling has structure. storytelling requires compassion. storytelling uncovers insights. storytelling is versatile. storytelling can provoke thought. storytelling has pacing. storytelling requires creativity. storytelling can inspire. storytelling explores emotions. storytelling uses symbolism. storytelling is aspect of culture. storytelling promotes acceptance. storytelling involves learning. storytelling creates setting. storytelling can educate. storytelling create connection. storytelling embraces complexity. storytelling controls flow of information. storytelling has narrative arc. storytelling is a form of communication. storytelling reflects perspectives. storytelling uncovers truths. storytelling builds tension. storytelling share experiences. storytelling conveys themes. storytelling involves listening. storytelling requires courage. storytelling reveals plot points. storytelling conveys meanings. storytelling uses metaphor. storytelling create emotional resonance. storytelling uses descriptive language. storytelling evokes emotional response. storytelling has end. storytelling builds suspense. storytelling challenges stereotypes. storytelling promotes tolerance. storytelling can captivate. storytelling contributes to tapestry. storytelling bridges cultural divides. storytelling engages audience. storytelling has beginning. storytelling used by humans. storytelling uses allegorical elements. storytelling fosters empathy. storytelling transcends space. storytelling can entertain. storytelling has middle. storytelling develops appreciation.",
    "evaluation": 1
  },
  {
    "correct_answer": "Storytelling passes down knowledge from generation to generation.",
    "retrieved_context": "storytelling reflects voices. storytelling explores ideas. storytelling shapes understanding. storytelling pass down knowledge. storytelling is profound. storytelling embraces beauty. storytelling transcends time. storytelling uses imagery. storytelling has structure. storytelling requires compassion. storytelling uncovers insights. storytelling is versatile. storytelling can provoke thought. storytelling has pacing. storytelling requires creativity. storytelling can inspire. storytelling explores emotions. storytelling uses symbolism. storytelling is aspect of culture. storytelling promotes acceptance. storytelling involves learning. storytelling creates setting. storytelling can educate. storytelling create connection. storytelling embraces complexity. storytelling controls flow of information. storytelling has narrative arc. storytelling is a form of communication. storytelling reflects perspectives. storytelling uncovers truths. storytelling builds tension. storytelling share experiences. storytelling conveys themes. storytelling involves listening. storytelling requires courage. storytelling reveals plot points. storytelling conveys meanings. storytelling uses metaphor. storytelling create emotional resonance. storytelling uses descriptive language. storytelling evokes emotional response. storytelling has end. storytelling builds suspense. storytelling challenges stereotypes. storytelling promotes tolerance. storytelling can captivate. storytelling contributes to tapestry. storytelling bridges cultural divides. storytelling engages audience. storytelling has beginning. storytelling used by humans. storytelling uses allegorical elements. storytelling fosters empathy. storytelling transcends space. storytelling can entertain. storytelling has middle. storytelling develops appreciation.",
    "evaluation": 1
  },
  {
    "correct_answer": "Storytelling engages the audience through words, images, or sounds.",
    "retrieved_context": "storytelling reflects voices. storytelling explores ideas. storytelling shapes understanding. storytelling pass down knowledge. storytelling is profound. storytelling embraces beauty. storytelling transcends time. storytelling uses imagery. storytelling has structure. storytelling requires compassion. storytelling uncovers insights. storytelling is versatile. storytelling can provoke thought. storytelling has pacing. storytelling requires creativity. storytelling can inspire. storytelling explores emotions. storytelling uses symbolism. storytelling is aspect of culture. storytelling promotes acceptance. storytelling involves learning. storytelling creates setting. storytelling can educate. storytelling create connection. storytelling embraces complexity. storytelling controls flow of information. storytelling has narrative arc. storytelling is a form of communication. storytelling reflects perspectives. storytelling uncovers truths. storytelling builds tension. storytelling share experiences. storytelling conveys themes. storytelling involves listening. storytelling requires courage. storytelling reveals plot points. storytelling conveys meanings. storytelling uses metaphor. storytelling create emotional resonance. storytelling uses descriptive language. storytelling evokes emotional response. storytelling has end. storytelling builds suspense. storytelling challenges stereotypes. storytelling promotes tolerance. storytelling can captivate. storytelling contributes to tapestry. storytelling bridges cultural divides. storytelling engages audience. storytelling has beginning. storytelling used by humans. storytelling uses allegorical elements. storytelling fosters empathy. storytelling transcends space. storytelling can entertain. storytelling has middle. storytelling develops appreciation.",
    "evaluation": 1
  },
  {
    "correct_answer": "Storytelling can captivate, inspire, and provoke thought.",
    "retrieved_context": "storytelling reflects voices. storytelling explores ideas. storytelling shapes understanding. storytelling pass down knowledge. storytelling is profound. storytelling embraces beauty. storytelling transcends time. storytelling uses imagery. storytelling has structure. storytelling requires compassion. storytelling uncovers insights. storytelling is versatile. storytelling can provoke thought. storytelling has pacing. storytelling requires creativity. storytelling can inspire. storytelling explores emotions. storytelling uses symbolism. storytelling is aspect of culture. storytelling promotes acceptance. storytelling involves learning. storytelling creates setting. storytelling can educate. storytelling create connection. storytelling embraces complexity. storytelling controls flow of information. storytelling has narrative arc. storytelling is a form of communication. storytelling reflects perspectives. storytelling uncovers truths. storytelling builds tension. storytelling share experiences. storytelling conveys themes. storytelling involves listening. storytelling requires courage. storytelling reveals plot points. storytelling conveys meanings. storytelling uses metaphor. storytelling create emotional resonance. storytelling uses descriptive language. storytelling evokes emotional response. storytelling has end. storytelling builds suspense. storytelling challenges stereotypes. storytelling promotes tolerance. storytelling can captivate. storytelling contributes to tapestry. storytelling bridges cultural divides. storytelling engages audience. storytelling has beginning. storytelling used by humans. storytelling uses allegorical elements. storytelling fosters empathy. storytelling transcends space. storytelling can entertain. storytelling has middle. storytelling develops appreciation.",
    "evaluation": 1
  },
  {
    "correct_answer": "Storytelling creates a connection with the audience.",
    "retrieved_context": "storytelling reflects voices. storytelling explores ideas. storytelling shapes understanding. storytelling pass down knowledge. storytelling is profound. storytelling embraces beauty. storytelling transcends time. storytelling uses imagery. storytelling has structure. storytelling requires compassion. storytelling uncovers insights. storytelling is versatile. storytelling can provoke thought. storytelling has pacing. storytelling requires creativity. storytelling can inspire. storytelling explores emotions. storytelling uses symbolism. storytelling is aspect of culture. storytelling promotes acceptance. storytelling involves learning. storytelling creates setting. storytelling can educate. storytelling create connection. storytelling embraces complexity. storytelling controls flow of information. storytelling has narrative arc. storytelling is a form of communication. storytelling reflects perspectives. storytelling uncovers truths. storytelling builds tension. storytelling share experiences. storytelling conveys themes. storytelling involves listening. storytelling requires courage. storytelling reveals plot points. storytelling conveys meanings. storytelling uses metaphor. storytelling create emotional resonance. storytelling uses descriptive language. storytelling evokes emotional response. storytelling has end. storytelling builds suspense. storytelling challenges stereotypes. storytelling promotes tolerance. storytelling can captivate. storytelling contributes to tapestry. storytelling bridges cultural divides. storytelling engages audience. storytelling has beginning. storytelling used by humans. storytelling uses allegorical elements. storytelling fosters empathy. storytelling transcends space. storytelling can entertain. storytelling has middle. storytelling develops appreciation.",
    "evaluation": 1
  },
  {
    "correct_answer": "Storytelling makes the audience care about characters and events.",
    "retrieved_context": "storytelling reflects voices. storytelling explores ideas. storytelling shapes understanding. storytelling pass down knowledge. storytelling is profound. storytelling embraces beauty. storytelling transcends time. storytelling uses imagery. storytelling has structure. storytelling requires compassion. storytelling uncovers insights. storytelling is versatile. storytelling can provoke thought. storytelling has pacing. storytelling requires creativity. storytelling can inspire. storytelling explores emotions. storytelling uses symbolism. storytelling is aspect of culture. storytelling promotes acceptance. storytelling involves learning. storytelling creates setting. storytelling can educate. storytelling create connection. storytelling embraces complexity. storytelling controls flow of information. storytelling has narrative arc. storytelling is a form of communication. storytelling reflects perspectives. storytelling uncovers truths. storytelling builds tension. storytelling share experiences. storytelling conveys themes. storytelling involves listening. storytelling requires courage. storytelling reveals plot points. storytelling conveys meanings. storytelling uses metaphor. storytelling create emotional resonance. storytelling uses descriptive language. storytelling evokes emotional response. storytelling has end. storytelling builds suspense. storytelling challenges stereotypes. storytelling promotes tolerance. storytelling can captivate. storytelling contributes to tapestry. storytelling bridges cultural divides. storytelling engages audience. storytelling has beginning. storytelling used by humans. storytelling uses allegorical elements. storytelling fosters empathy. storytelling transcends space. storytelling can entertain. storytelling has middle. storytelling develops appreciation.",
    "evaluation": 0
  },
  {
    "correct_answer": "Storytelling creates empathy and emotional resonance.",
    "retrieved_context": "storytelling reflects voices. storytelling explores ideas. storytelling shapes understanding. storytelling pass down knowledge. storytelling is profound. storytelling embraces beauty. storytelling transcends time. storytelling uses imagery. storytelling has structure. storytelling requires compassion. storytelling uncovers insights. storytelling is versatile. storytelling can provoke thought. storytelling has pacing. storytelling requires creativity. storytelling can inspire. storytelling explores emotions. storytelling uses symbolism. storytelling is aspect of culture. storytelling promotes acceptance. storytelling involves learning. storytelling creates setting. storytelling can educate. storytelling create connection. storytelling embraces complexity. storytelling controls flow of information. storytelling has narrative arc. storytelling is a form of communication. storytelling reflects perspectives. storytelling uncovers truths. storytelling builds tension. storytelling share experiences. storytelling conveys themes. storytelling involves listening. storytelling requires courage. storytelling reveals plot points. storytelling conveys meanings. storytelling uses metaphor. storytelling create emotional resonance. storytelling uses descriptive language. storytelling evokes emotional response. storytelling has end. storytelling builds suspense. storytelling challenges stereotypes. storytelling promotes tolerance. storytelling can captivate. storytelling contributes to tapestry. storytelling bridges cultural divides. storytelling engages audience. storytelling has beginning. storytelling used by humans. storytelling uses allegorical elements. storytelling fosters empathy. storytelling transcends space. storytelling can entertain. storytelling has middle. storytelling develops appreciation.",
    "evaluation": 1
  },
  {
    "correct_answer": "Storytelling uses structure and pacing to build tension.",
    "retrieved_context": "storytelling reflects voices. storytelling explores ideas. storytelling shapes understanding. storytelling pass down knowledge. storytelling is profound. storytelling embraces beauty. storytelling transcends time. storytelling uses imagery. storytelling has structure. storytelling requires compassion. storytelling uncovers insights. storytelling is versatile. storytelling can provoke thought. storytelling has pacing. storytelling requires creativity. storytelling can inspire. storytelling explores emotions. storytelling uses symbolism. storytelling is aspect of culture. storytelling promotes acceptance. storytelling involves learning. storytelling creates setting. storytelling can educate. storytelling create connection. storytelling embraces complexity. storytelling controls flow of information. storytelling has narrative arc. storytelling is a form of communication. storytelling reflects perspectives. storytelling uncovers truths. storytelling builds tension. storytelling share experiences. storytelling conveys themes. storytelling involves listening. storytelling requires courage. storytelling reveals plot points. storytelling conveys meanings. storytelling uses metaphor. storytelling create emotional resonance. storytelling uses descriptive language. storytelling evokes emotional response. storytelling has end. storytelling builds suspense. storytelling challenges stereotypes. storytelling promotes tolerance. storytelling can captivate. storytelling contributes to tapestry. storytelling bridges cultural divides. storytelling engages audience. storytelling has beginning. storytelling used by humans. storytelling uses allegorical elements. storytelling fosters empathy. storytelling transcends space. storytelling can entertain. storytelling has middle. storytelling develops appreciation.",
    "evaluation": 1
  },
  {
    "correct_answer": "Storytelling has a clear beginning, middle, and end.",
    "retrieved_context": "storytelling reflects voices. storytelling explores ideas. storytelling shapes understanding. storytelling pass down knowledge. storytelling is profound. storytelling embraces beauty. storytelling transcends time. storytelling uses imagery. storytelling has structure. storytelling requires compassion. storytelling uncovers insights. storytelling is versatile. storytelling can provoke thought. storytelling has pacing. storytelling requires creativity. storytelling can inspire. storytelling explores emotions. storytelling uses symbolism. storytelling is aspect of culture. storytelling promotes acceptance. storytelling involves learning. storytelling creates setting. storytelling can educate. storytelling create connection. storytelling embraces complexity. storytelling controls flow of information. storytelling has narrative arc. storytelling is a form of communication. storytelling reflects perspectives. storytelling uncovers truths. storytelling builds tension. storytelling share experiences. storytelling conveys themes. storytelling involves listening. storytelling requires courage. storytelling reveals plot points. storytelling conveys meanings. storytelling uses metaphor. storytelling create emotional resonance. storytelling uses descriptive language. storytelling evokes emotional response. storytelling has end. storytelling builds suspense. storytelling challenges stereotypes. storytelling promotes tolerance. storytelling can captivate. storytelling contributes to tapestry. storytelling bridges cultural divides. storytelling engages audience. storytelling has beginning. storytelling used by humans. storytelling uses allegorical elements. storytelling fosters empathy. storytelling transcends space. storytelling can entertain. storytelling has middle. storytelling develops appreciation.",
    "evaluation": 1
  },
  {
    "correct_answer": "Storytelling relies on vivid imagery and descriptive language.",
    "retrieved_context": "storytelling reflects voices. storytelling explores ideas. storytelling shapes understanding. storytelling pass down knowledge. storytelling is profound. storytelling embraces beauty. storytelling transcends time. storytelling uses imagery. storytelling has structure. storytelling requires compassion. storytelling uncovers insights. storytelling is versatile. storytelling can provoke thought. storytelling has pacing. storytelling requires creativity. storytelling can inspire. storytelling explores emotions. storytelling uses symbolism. storytelling is aspect of culture. storytelling promotes acceptance. storytelling involves learning. storytelling creates setting. storytelling can educate. storytelling create connection. storytelling embraces complexity. storytelling controls flow of information. storytelling has narrative arc. storytelling is a form of communication. storytelling reflects perspectives. storytelling uncovers truths. storytelling builds tension. storytelling share experiences. storytelling conveys themes. storytelling involves listening. storytelling requires courage. storytelling reveals plot points. storytelling conveys meanings. storytelling uses metaphor. storytelling create emotional resonance. storytelling uses descriptive language. storytelling evokes emotional response. storytelling has end. storytelling builds suspense. storytelling challenges stereotypes. storytelling promotes tolerance. storytelling can captivate. storytelling contributes to tapestry. storytelling bridges cultural divides. storytelling engages audience. storytelling has beginning. storytelling used by humans. storytelling uses allegorical elements. storytelling fosters empathy. storytelling transcends space. storytelling can entertain. storytelling has middle. storytelling develops appreciation.",
    "evaluation": 1
  },
  {
    "correct_answer": "Storytelling transports the audience to another time and place.",
    "retrieved_context": "storytelling reflects voices. storytelling explores ideas. storytelling shapes understanding. storytelling pass down knowledge. storytelling is profound. storytelling embraces beauty. storytelling transcends time. storytelling uses imagery. storytelling has structure. storytelling requires compassion. storytelling uncovers insights. storytelling is versatile. storytelling can provoke thought. storytelling has pacing. storytelling requires creativity. storytelling can inspire. storytelling explores emotions. storytelling uses symbolism. storytelling is aspect of culture. storytelling promotes acceptance. storytelling involves learning. storytelling creates setting. storytelling can educate. storytelling create connection. storytelling embraces complexity. storytelling controls flow of information. storytelling has narrative arc. storytelling is a form of communication. storytelling reflects perspectives. storytelling uncovers truths. storytelling builds tension. storytelling share experiences. storytelling conveys themes. storytelling involves listening. storytelling requires courage. storytelling reveals plot points. storytelling conveys meanings. storytelling uses metaphor. storytelling create emotional resonance. storytelling uses descriptive language. storytelling evokes emotional response. storytelling has end. storytelling builds suspense. storytelling challenges stereotypes. storytelling promotes tolerance. storytelling can captivate. storytelling contributes to tapestry. storytelling bridges cultural divides. storytelling engages audience. storytelling has beginning. storytelling used by humans. storytelling uses allegorical elements. storytelling fosters empathy. storytelling transcends space. storytelling can entertain. storytelling has middle. storytelling develops appreciation.",
    "evaluation": 0
  },
  {
    "correct_answer": "Storytelling involves symbolism and metaphor to convey deeper meanings.",
    "retrieved_context": "storytelling reflects voices. storytelling explores ideas. storytelling shapes understanding. storytelling pass down knowledge. storytelling is profound. storytelling embraces beauty. storytelling transcends time. storytelling uses imagery. storytelling has structure. storytelling requires compassion. storytelling uncovers insights. storytelling is versatile. storytelling can provoke thought. storytelling has pacing. storytelling requires creativity. storytelling can inspire. storytelling explores emotions. storytelling uses symbolism. storytelling is aspect of culture. storytelling promotes acceptance. storytelling involves learning. storytelling creates setting. storytelling can educate. storytelling create connection. storytelling embraces complexity. storytelling controls flow of information. storytelling has narrative arc. storytelling is a form of communication. storytelling reflects perspectives. storytelling uncovers truths. storytelling builds tension. storytelling share experiences. storytelling conveys themes. storytelling involves listening. storytelling requires courage. storytelling reveals plot points. storytelling conveys meanings. storytelling uses metaphor. storytelling create emotional resonance. storytelling uses descriptive language. storytelling evokes emotional response. storytelling has end. storytelling builds suspense. storytelling challenges stereotypes. storytelling promotes tolerance. storytelling can captivate. storytelling contributes to tapestry. storytelling bridges cultural divides. storytelling engages audience. storytelling has beginning. storytelling used by humans. storytelling uses allegorical elements. storytelling fosters empathy. storytelling transcends space. storytelling can entertain. storytelling has middle. storytelling develops appreciation.",
    "evaluation": 1
  },
  {
    "correct_answer": "Storytelling fosters empathy and understanding among people.",
    "retrieved_context": "storytelling reflects voices. storytelling explores ideas. storytelling shapes understanding. storytelling pass down knowledge. storytelling is profound. storytelling embraces beauty. storytelling transcends time. storytelling uses imagery. storytelling has structure. storytelling requires compassion. storytelling uncovers insights. storytelling is versatile. storytelling can provoke thought. storytelling has pacing. storytelling requires creativity. storytelling can inspire. storytelling explores emotions. storytelling uses symbolism. storytelling is aspect of culture. storytelling promotes acceptance. storytelling involves learning. storytelling creates setting. storytelling can educate. storytelling create connection. storytelling embraces complexity. storytelling controls flow of information. storytelling has narrative arc. storytelling is a form of communication. storytelling reflects perspectives. storytelling uncovers truths. storytelling builds tension. storytelling share experiences. storytelling conveys themes. storytelling involves listening. storytelling requires courage. storytelling reveals plot points. storytelling conveys meanings. storytelling uses metaphor. storytelling create emotional resonance. storytelling uses descriptive language. storytelling evokes emotional response. storytelling has end. storytelling builds suspense. storytelling challenges stereotypes. storytelling promotes tolerance. storytelling can captivate. storytelling contributes to tapestry. storytelling bridges cultural divides. storytelling engages audience. storytelling has beginning. storytelling used by humans. storytelling uses allegorical elements. storytelling fosters empathy. storytelling transcends space. storytelling can entertain. storytelling has middle. storytelling develops appreciation.",
    "evaluation": 1
  },
  {
    "correct_answer": "Storytelling helps bridge cultural divides and challenge stereotypes.",
    "retrieved_context": "storytelling reflects voices. storytelling explores ideas. storytelling shapes understanding. storytelling pass down knowledge. storytelling is profound. storytelling embraces beauty. storytelling transcends time. storytelling uses imagery. storytelling has structure. storytelling requires compassion. storytelling uncovers insights. storytelling is versatile. storytelling can provoke thought. storytelling has pacing. storytelling requires creativity. storytelling can inspire. storytelling explores emotions. storytelling uses symbolism. storytelling is aspect of culture. storytelling promotes acceptance. storytelling involves learning. storytelling creates setting. storytelling can educate. storytelling create connection. storytelling embraces complexity. storytelling controls flow of information. storytelling has narrative arc. storytelling is a form of communication. storytelling reflects perspectives. storytelling uncovers truths. storytelling builds tension. storytelling share experiences. storytelling conveys themes. storytelling involves listening. storytelling requires courage. storytelling reveals plot points. storytelling conveys meanings. storytelling uses metaphor. storytelling create emotional resonance. storytelling uses descriptive language. storytelling evokes emotional response. storytelling has end. storytelling builds suspense. storytelling challenges stereotypes. storytelling promotes tolerance. storytelling can captivate. storytelling contributes to tapestry. storytelling bridges cultural divides. storytelling engages audience. storytelling has beginning. storytelling used by humans. storytelling uses allegorical elements. storytelling fosters empathy. storytelling transcends space. storytelling can entertain. storytelling has middle. storytelling develops appreciation.",
    "evaluation": 1
  },
  {
    "accuracy": "80.00%"
  }
]