[
  {
    "correct_answer": "Coral reefs are often referred to as the 'rainforests of the sea' due to their incredible biodiversity.",
    "retrieved_context": "coral reefs protect coastal communities. coral reefs support fisheries. coral reefs attract tourists. coral reefs support marine biodiversity. coral reefs provide food security. coral reefs dissipate wave energy. coral reefs are fragile habitats. coral reefs are important to marine ecosystems. coral reefs attract divers. coral reefs highlight need for sustainable management efforts. threats include ocean acidification. threats include climate change. tourism industry generates revenue. coral reefs provide ecosystem services. threats cause decline. coral reefs provide invertebrates. coral reefs protect from erosion. coral reefs are referred to as rainforests of the sea. coral reefs contribute to global food security. coral reefs provide fish. natural barriers mitigate destructive effects. threats include destructive fishing practices. coral reefs promote tourism. coral reefs are valuable for tourism industry. coral reefs reduce impact of storms. coral reefs support sustenance. coral reefs secure sustainable future. coral reefs provide plants. coral reefs have biodiversity. threats include overfishing. coral reefs attract snorkelers. coral reefs raise awareness. coral reefs are invaluable ecosystems. coral reefs are under threat from threats. tourism industry supports local economies. ecosystem services are essential for human well-being. coral reefs highlight need for conservation. coral reefs support livelihood. coral reefs protect from flooding. coral reefs are under threat from environmental stressors. coral reefs ensure health. coral reefs provide coastal protection. coral reefs support income. coral reefs act as natural barriers. coral reefs ensure resilience. coral reefs provide marine organisms. coral reefs support sustainable fisheries. sustainable fisheries provide protein-rich food sources. coral reefs cover less than ocean floor. coral reefs promote recreation. awareness is about marine conservation. coral reefs provide habitat. coral reefs are vital to oceans. coral reefs are home to marine species. threats include pollution.",
    "evaluation": 1
  },
  {
    "correct_answer": "Coral reefs are made up of tiny animals called coral polyps.",
    "retrieved_context": "coral polyps secrete calcium carbonate. calcium carbonate form structures. coral reefs protect coastal communities. coral reefs support fisheries. coral reefs attract tourists. coral reefs support marine biodiversity. coral reefs provide food security. coral reefs dissipate wave energy. coral reefs are fragile habitats. coral reefs are important to marine ecosystems. coral reefs attract divers. coral reefs highlight need for sustainable management efforts. threats include ocean acidification. threats include climate change. tourism industry generates revenue. coral reefs provide ecosystem services. threats cause decline. coral reefs provide invertebrates. coral reefs protect from erosion. coral reefs are referred to as rainforests of the sea. coral reefs contribute to global food security. coral reefs provide fish. natural barriers mitigate destructive effects. threats include destructive fishing practices. coral reefs promote tourism. coral reefs are valuable for tourism industry. coral reefs reduce impact of storms. coral reefs support sustenance. coral reefs secure sustainable future. coral reefs provide plants. coral reefs have biodiversity. threats include overfishing. coral reefs attract snorkelers. coral reefs raise awareness. coral reefs are invaluable ecosystems. coral reefs are under threat from threats. tourism industry supports local economies. ecosystem services are essential for human well-being. coral reefs highlight need for conservation. coral reefs support livelihood. coral reefs protect from flooding. coral reefs are under threat from environmental stressors. coral reefs ensure health. coral reefs provide coastal protection. coral reefs support income. coral reefs act as natural barriers. coral reefs ensure resilience. coral reefs provide marine organisms. coral reefs support sustainable fisheries. sustainable fisheries provide protein-rich food sources. coral reefs cover less than ocean floor. coral reefs promote recreation. awareness is about marine conservation. coral reefs provide habitat. coral reefs are vital to oceans. coral reefs are home to marine species. threats include pollution. coral bleaching affects coral colonies. coral bleaching causes expulsion of algae. coral bleaching leads to death.",
    "evaluation": 0
  },
  {
    "correct_answer": "Coral polyps secrete calcium carbonate to form intricate structures.",
    "retrieved_context": "coral polyps secrete calcium carbonate. calcium carbonate form structures. structures provide food. structures provide shelter. calcium carbonate form structures. coral reefs protect coastal communities. coral reefs support fisheries. coral reefs attract tourists. coral reefs support marine biodiversity. coral reefs provide food security. coral reefs dissipate wave energy. coral reefs are fragile habitats. coral reefs are important to marine ecosystems. coral reefs attract divers. coral reefs highlight need for sustainable management efforts. threats include ocean acidification. threats include climate change. tourism industry generates revenue. coral reefs provide ecosystem services. threats cause decline. coral reefs provide invertebrates. coral reefs protect from erosion. coral reefs are referred to as rainforests of the sea. coral reefs contribute to global food security. coral reefs provide fish. natural barriers mitigate destructive effects. threats include destructive fishing practices. coral reefs promote tourism. coral reefs are valuable for tourism industry. coral reefs reduce impact of storms. coral reefs support sustenance. coral reefs secure sustainable future. coral reefs provide plants. coral reefs have biodiversity. threats include overfishing. coral reefs attract snorkelers. coral reefs raise awareness. coral reefs are invaluable ecosystems. coral reefs are under threat from threats. tourism industry supports local economies. ecosystem services are essential for human well-being. coral reefs highlight need for conservation. coral reefs support livelihood. coral reefs protect from flooding. coral reefs are under threat from environmental stressors. coral reefs ensure health. coral reefs provide coastal protection. coral reefs support income. coral reefs act as natural barriers. coral reefs ensure resilience. coral reefs provide marine organisms. coral reefs support sustainable fisheries. sustainable fisheries provide protein-rich food sources. coral reefs cover less than ocean floor. coral reefs promote recreation. awareness is about marine conservation. coral reefs provide habitat. coral reefs are vital to oceans. coral reefs are home to marine species. threats include pollution. coral bleaching affects coral colonies. coral bleaching causes expulsion of algae. coral bleaching leads to death.",
    "evaluation": 1
  },
  {
    "correct_answer": "Coral reefs provide shelter and food for a wide variety of marine life.",
    "retrieved_context": "coral reefs protect coastal communities. coral reefs support fisheries. coral reefs attract tourists. coral reefs support marine biodiversity. coral reefs provide food security. coral reefs dissipate wave energy. coral reefs are fragile habitats. coral reefs are important to marine ecosystems. coral reefs attract divers. coral reefs highlight need for sustainable management efforts. threats include ocean acidification. threats include climate change. tourism industry generates revenue. coral reefs provide ecosystem services. threats cause decline. coral reefs provide invertebrates. coral reefs protect from erosion. coral reefs are referred to as rainforests of the sea. coral reefs contribute to global food security. coral reefs provide fish. natural barriers mitigate destructive effects. threats include destructive fishing practices. coral reefs promote tourism. coral reefs are valuable for tourism industry. coral reefs reduce impact of storms. coral reefs support sustenance. coral reefs secure sustainable future. coral reefs provide plants. coral reefs have biodiversity. threats include overfishing. coral reefs attract snorkelers. coral reefs raise awareness. coral reefs are invaluable ecosystems. coral reefs are under threat from threats. tourism industry supports local economies. ecosystem services are essential for human well-being. coral reefs highlight need for conservation. coral reefs support livelihood. coral reefs protect from flooding. coral reefs are under threat from environmental stressors. coral reefs ensure health. coral reefs provide coastal protection. coral reefs support income. coral reefs act as natural barriers. coral reefs ensure resilience. coral reefs provide marine organisms. coral reefs support sustainable fisheries. sustainable fisheries provide protein-rich food sources. coral reefs cover less than ocean floor. coral reefs promote recreation. awareness is about marine conservation. coral reefs provide habitat. coral reefs are vital to oceans. coral reefs are home to marine species. threats include pollution. coral polyps secrete calcium carbonate. calcium carbonate form structures.",
    "evaluation": 1
  },
  {
    "correct_answer": "Coral reefs cover less than 1% of the ocean floor.",
    "retrieved_context": "coral reefs protect coastal communities. coral reefs support fisheries. coral reefs attract tourists. coral reefs support marine biodiversity. coral reefs provide food security. coral reefs dissipate wave energy. coral reefs are fragile habitats. coral reefs are important to marine ecosystems. coral reefs attract divers. coral reefs highlight need for sustainable management efforts. threats include ocean acidification. threats include climate change. tourism industry generates revenue. coral reefs provide ecosystem services. threats cause decline. coral reefs provide invertebrates. coral reefs protect from erosion. coral reefs are referred to as rainforests of the sea. coral reefs contribute to global food security. coral reefs provide fish. natural barriers mitigate destructive effects. threats include destructive fishing practices. coral reefs promote tourism. coral reefs are valuable for tourism industry. coral reefs reduce impact of storms. coral reefs support sustenance. coral reefs secure sustainable future. coral reefs provide plants. coral reefs have biodiversity. threats include overfishing. coral reefs attract snorkelers. coral reefs raise awareness. coral reefs are invaluable ecosystems. coral reefs are under threat from threats. tourism industry supports local economies. ecosystem services are essential for human well-being. coral reefs highlight need for conservation. coral reefs support livelihood. coral reefs protect from flooding. coral reefs are under threat from environmental stressors. coral reefs ensure health. coral reefs provide coastal protection. coral reefs support income. coral reefs act as natural barriers. coral reefs ensure resilience. coral reefs provide marine organisms. coral reefs support sustainable fisheries. sustainable fisheries provide protein-rich food sources. coral reefs cover less than ocean floor. coral reefs promote recreation. awareness is about marine conservation. coral reefs provide habitat. coral reefs are vital to oceans. coral reefs are home to marine species. threats include pollution. coral bleaching affects coral colonies. coral bleaching causes expulsion of algae. coral bleaching leads to death. coral polyps secrete calcium carbonate. calcium carbonate form structures.",
    "evaluation": 0
  },
  {
    "correct_answer": "Coral reefs are home to an estimated 25% of all marine species.",
    "retrieved_context": "coral reefs protect coastal communities. coral reefs support fisheries. coral reefs attract tourists. coral reefs support marine biodiversity. coral reefs provide food security. coral reefs dissipate wave energy. coral reefs are fragile habitats. coral reefs are important to marine ecosystems. coral reefs attract divers. coral reefs highlight need for sustainable management efforts. threats include ocean acidification. threats include climate change. tourism industry generates revenue. coral reefs provide ecosystem services. threats cause decline. coral reefs provide invertebrates. coral reefs protect from erosion. coral reefs are referred to as rainforests of the sea. coral reefs contribute to global food security. coral reefs provide fish. natural barriers mitigate destructive effects. threats include destructive fishing practices. coral reefs promote tourism. coral reefs are valuable for tourism industry. coral reefs reduce impact of storms. coral reefs support sustenance. coral reefs secure sustainable future. coral reefs provide plants. coral reefs have biodiversity. threats include overfishing. coral reefs attract snorkelers. coral reefs raise awareness. coral reefs are invaluable ecosystems. coral reefs are under threat from threats. tourism industry supports local economies. ecosystem services are essential for human well-being. coral reefs highlight need for conservation. coral reefs support livelihood. coral reefs protect from flooding. coral reefs are under threat from environmental stressors. coral reefs ensure health. coral reefs provide coastal protection. coral reefs support income. coral reefs act as natural barriers. coral reefs ensure resilience. coral reefs provide marine organisms. coral reefs support sustainable fisheries. sustainable fisheries provide protein-rich food sources. coral reefs cover less than ocean floor. coral reefs promote recreation. awareness is about marine conservation. coral reefs provide habitat. coral reefs are vital to oceans. coral reefs are home to marine species. threats include pollution. coral polyps secrete calcium carbonate. calcium carbonate form structures.",
    "evaluation": 0
  },
  {
    "correct_answer": "Coral reefs provide a habitat for fish, invertebrates, and plants.",
    "retrieved_context": "coral reefs protect coastal communities. coral reefs support fisheries. coral reefs attract tourists. coral reefs support marine biodiversity. coral reefs provide food security. coral reefs dissipate wave energy. coral reefs are fragile habitats. coral reefs are important to marine ecosystems. coral reefs attract divers. coral reefs highlight need for sustainable management efforts. threats include ocean acidification. threats include climate change. tourism industry generates revenue. coral reefs provide ecosystem services. threats cause decline. coral reefs provide invertebrates. coral reefs protect from erosion. coral reefs are referred to as rainforests of the sea. coral reefs contribute to global food security. coral reefs provide fish. natural barriers mitigate destructive effects. threats include destructive fishing practices. coral reefs promote tourism. coral reefs are valuable for tourism industry. coral reefs reduce impact of storms. coral reefs support sustenance. coral reefs secure sustainable future. coral reefs provide plants. coral reefs have biodiversity. threats include overfishing. coral reefs attract snorkelers. coral reefs raise awareness. coral reefs are invaluable ecosystems. coral reefs are under threat from threats. tourism industry supports local economies. ecosystem services are essential for human well-being. coral reefs highlight need for conservation. coral reefs support livelihood. coral reefs protect from flooding. coral reefs are under threat from environmental stressors. coral reefs ensure health. coral reefs provide coastal protection. coral reefs support income. coral reefs act as natural barriers. coral reefs ensure resilience. coral reefs provide marine organisms. coral reefs support sustainable fisheries. sustainable fisheries provide protein-rich food sources. coral reefs cover less than ocean floor. coral reefs promote recreation. awareness is about marine conservation. coral reefs provide habitat. coral reefs are vital to oceans. coral reefs are home to marine species. threats include pollution. coral polyps secrete calcium carbonate. calcium carbonate form structures.",
    "evaluation": 1
  },
  {
    "correct_answer": "Coral reefs offer hiding places, breeding grounds, and food sources for marine life.",
    "retrieved_context": "coral reefs protect coastal communities. coral reefs support fisheries. coral reefs attract tourists. coral reefs support marine biodiversity. coral reefs provide food security. coral reefs dissipate wave energy. coral reefs are fragile habitats. coral reefs are important to marine ecosystems. coral reefs attract divers. coral reefs highlight need for sustainable management efforts. threats include ocean acidification. threats include climate change. tourism industry generates revenue. coral reefs provide ecosystem services. threats cause decline. coral reefs provide invertebrates. coral reefs protect from erosion. coral reefs are referred to as rainforests of the sea. coral reefs contribute to global food security. coral reefs provide fish. natural barriers mitigate destructive effects. threats include destructive fishing practices. coral reefs promote tourism. coral reefs are valuable for tourism industry. coral reefs reduce impact of storms. coral reefs support sustenance. coral reefs secure sustainable future. coral reefs provide plants. coral reefs have biodiversity. threats include overfishing. coral reefs attract snorkelers. coral reefs raise awareness. coral reefs are invaluable ecosystems. coral reefs are under threat from threats. tourism industry supports local economies. ecosystem services are essential for human well-being. coral reefs highlight need for conservation. coral reefs support livelihood. coral reefs protect from flooding. coral reefs are under threat from environmental stressors. coral reefs ensure health. coral reefs provide coastal protection. coral reefs support income. coral reefs act as natural barriers. coral reefs ensure resilience. coral reefs provide marine organisms. coral reefs support sustainable fisheries. sustainable fisheries provide protein-rich food sources. coral reefs cover less than ocean floor. coral reefs promote recreation. awareness is about marine conservation. coral reefs provide habitat. coral reefs are vital to oceans. coral reefs are home to marine species. threats include pollution. coral polyps secrete calcium carbonate. calcium carbonate form structures. coral bleaching affects coral colonies. coral bleaching causes expulsion of algae. coral bleaching leads to death.",
    "evaluation": 1
  },
  {
    "correct_answer": "Coral reefs help dissipate wave energy, reducing the impact of storms.",
    "retrieved_context": "coral reefs protect coastal communities. coral reefs support fisheries. coral reefs attract tourists. coral reefs support marine biodiversity. coral reefs provide food security. coral reefs dissipate wave energy. coral reefs are fragile habitats. coral reefs are important to marine ecosystems. coral reefs attract divers. coral reefs highlight need for sustainable management efforts. threats include ocean acidification. threats include climate change. tourism industry generates revenue. coral reefs provide ecosystem services. threats cause decline. coral reefs provide invertebrates. coral reefs protect from erosion. coral reefs are referred to as rainforests of the sea. coral reefs contribute to global food security. coral reefs provide fish. natural barriers mitigate destructive effects. threats include destructive fishing practices. coral reefs promote tourism. coral reefs are valuable for tourism industry. coral reefs reduce impact of storms. coral reefs support sustenance. coral reefs secure sustainable future. coral reefs provide plants. coral reefs have biodiversity. threats include overfishing. coral reefs attract snorkelers. coral reefs raise awareness. coral reefs are invaluable ecosystems. coral reefs are under threat from threats. tourism industry supports local economies. ecosystem services are essential for human well-being. coral reefs highlight need for conservation. coral reefs support livelihood. coral reefs protect from flooding. coral reefs are under threat from environmental stressors. coral reefs ensure health. coral reefs provide coastal protection. coral reefs support income. coral reefs act as natural barriers. coral reefs ensure resilience. coral reefs provide marine organisms. coral reefs support sustainable fisheries. sustainable fisheries provide protein-rich food sources. coral reefs cover less than ocean floor. coral reefs promote recreation. awareness is about marine conservation. coral reefs provide habitat. coral reefs are vital to oceans. coral reefs are home to marine species. threats include pollution. coral bleaching affects coral colonies. coral bleaching causes expulsion of algae. coral bleaching leads to death. coral polyps secrete calcium carbonate. calcium carbonate form structures.",
    "evaluation": 1
  },
  {
    "correct_answer": "Coral reefs act as natural barriers in regions prone to hurricanes and tsunamis.",
    "retrieved_context": "coral reefs protect coastal communities. coral reefs support fisheries. coral reefs attract tourists. coral reefs support marine biodiversity. coral reefs provide food security. coral reefs dissipate wave energy. coral reefs are fragile habitats. coral reefs are important to marine ecosystems. coral reefs attract divers. coral reefs highlight need for sustainable management efforts. threats include ocean acidification. threats include climate change. tourism industry generates revenue. coral reefs provide ecosystem services. threats cause decline. coral reefs provide invertebrates. coral reefs protect from erosion. coral reefs are referred to as rainforests of the sea. coral reefs contribute to global food security. coral reefs provide fish. natural barriers mitigate destructive effects. threats include destructive fishing practices. coral reefs promote tourism. coral reefs are valuable for tourism industry. coral reefs reduce impact of storms. coral reefs support sustenance. coral reefs secure sustainable future. coral reefs provide plants. coral reefs have biodiversity. threats include overfishing. coral reefs attract snorkelers. coral reefs raise awareness. coral reefs are invaluable ecosystems. coral reefs are under threat from threats. tourism industry supports local economies. ecosystem services are essential for human well-being. coral reefs highlight need for conservation. coral reefs support livelihood. coral reefs protect from flooding. coral reefs are under threat from environmental stressors. coral reefs ensure health. coral reefs provide coastal protection. coral reefs support income. coral reefs act as natural barriers. coral reefs ensure resilience. coral reefs provide marine organisms. coral reefs support sustainable fisheries. sustainable fisheries provide protein-rich food sources. coral reefs cover less than ocean floor. coral reefs promote recreation. awareness is about marine conservation. coral reefs provide habitat. coral reefs are vital to oceans. coral reefs are home to marine species. threats include pollution. marine protected areas should be established to sustainable management. natural barriers mitigate destructive effects.",
    "evaluation": 1
  },
  {
    "correct_answer": "Coral reefs support fisheries by providing food, shelter, and breeding grounds for fish.",
    "retrieved_context": "coral reefs protect coastal communities. coral reefs support fisheries. coral reefs attract tourists. coral reefs support marine biodiversity. coral reefs provide food security. coral reefs dissipate wave energy. coral reefs are fragile habitats. coral reefs are important to marine ecosystems. coral reefs attract divers. coral reefs highlight need for sustainable management efforts. threats include ocean acidification. threats include climate change. tourism industry generates revenue. coral reefs provide ecosystem services. threats cause decline. coral reefs provide invertebrates. coral reefs protect from erosion. coral reefs are referred to as rainforests of the sea. coral reefs contribute to global food security. coral reefs provide fish. natural barriers mitigate destructive effects. threats include destructive fishing practices. coral reefs promote tourism. coral reefs are valuable for tourism industry. coral reefs reduce impact of storms. coral reefs support sustenance. coral reefs secure sustainable future. coral reefs provide plants. coral reefs have biodiversity. threats include overfishing. coral reefs attract snorkelers. coral reefs raise awareness. coral reefs are invaluable ecosystems. coral reefs are under threat from threats. tourism industry supports local economies. ecosystem services are essential for human well-being. coral reefs highlight need for conservation. coral reefs support livelihood. coral reefs protect from flooding. coral reefs are under threat from environmental stressors. coral reefs ensure health. coral reefs provide coastal protection. coral reefs support income. coral reefs act as natural barriers. coral reefs ensure resilience. coral reefs provide marine organisms. coral reefs support sustainable fisheries. sustainable fisheries provide protein-rich food sources. coral reefs cover less than ocean floor. coral reefs promote recreation. awareness is about marine conservation. coral reefs provide habitat. coral reefs are vital to oceans. coral reefs are home to marine species. threats include pollution. sustainable fisheries provide protein-rich food sources. coral polyps secrete calcium carbonate. calcium carbonate form structures.",
    "evaluation": 1
  },
  {
    "correct_answer": "Coral reefs support local fisheries and provide a source of income for coastal communities.",
    "retrieved_context": "coral reefs protect coastal communities. coral reefs support fisheries. coral reefs attract tourists. coral reefs support marine biodiversity. coral reefs provide food security. coral reefs dissipate wave energy. coral reefs are fragile habitats. coral reefs are important to marine ecosystems. coral reefs attract divers. coral reefs highlight need for sustainable management efforts. threats include ocean acidification. threats include climate change. tourism industry generates revenue. coral reefs provide ecosystem services. threats cause decline. coral reefs provide invertebrates. coral reefs protect from erosion. coral reefs are referred to as rainforests of the sea. coral reefs contribute to global food security. coral reefs provide fish. natural barriers mitigate destructive effects. threats include destructive fishing practices. coral reefs promote tourism. coral reefs are valuable for tourism industry. coral reefs reduce impact of storms. coral reefs support sustenance. coral reefs secure sustainable future. coral reefs provide plants. coral reefs have biodiversity. threats include overfishing. coral reefs attract snorkelers. coral reefs raise awareness. coral reefs are invaluable ecosystems. coral reefs are under threat from threats. tourism industry supports local economies. ecosystem services are essential for human well-being. coral reefs highlight need for conservation. coral reefs support livelihood. coral reefs protect from flooding. coral reefs are under threat from environmental stressors. coral reefs ensure health. coral reefs provide coastal protection. coral reefs support income. coral reefs act as natural barriers. coral reefs ensure resilience. coral reefs provide marine organisms. coral reefs support sustainable fisheries. sustainable fisheries provide protein-rich food sources. coral reefs cover less than ocean floor. coral reefs promote recreation. awareness is about marine conservation. coral reefs provide habitat. coral reefs are vital to oceans. coral reefs are home to marine species. threats include pollution. coral polyps secrete calcium carbonate. calcium carbonate form structures. sustainable fisheries provide protein-rich food sources.",
    "evaluation": 1
  },
  {
    "correct_answer": "Coral reefs contribute to global food security by supporting sustainable fisheries.",
    "retrieved_context": "coral reefs protect coastal communities. coral reefs support fisheries. coral reefs attract tourists. coral reefs support marine biodiversity. coral reefs provide food security. coral reefs dissipate wave energy. coral reefs are fragile habitats. coral reefs are important to marine ecosystems. coral reefs attract divers. coral reefs highlight need for sustainable management efforts. threats include ocean acidification. threats include climate change. tourism industry generates revenue. coral reefs provide ecosystem services. threats cause decline. coral reefs provide invertebrates. coral reefs protect from erosion. coral reefs are referred to as rainforests of the sea. coral reefs contribute to global food security. coral reefs provide fish. natural barriers mitigate destructive effects. threats include destructive fishing practices. coral reefs promote tourism. coral reefs are valuable for tourism industry. coral reefs reduce impact of storms. coral reefs support sustenance. coral reefs secure sustainable future. coral reefs provide plants. coral reefs have biodiversity. threats include overfishing. coral reefs attract snorkelers. coral reefs raise awareness. coral reefs are invaluable ecosystems. coral reefs are under threat from threats. tourism industry supports local economies. ecosystem services are essential for human well-being. coral reefs highlight need for conservation. coral reefs support livelihood. coral reefs protect from flooding. coral reefs are under threat from environmental stressors. coral reefs ensure health. coral reefs provide coastal protection. coral reefs support income. coral reefs act as natural barriers. coral reefs ensure resilience. coral reefs provide marine organisms. coral reefs support sustainable fisheries. sustainable fisheries provide protein-rich food sources. coral reefs cover less than ocean floor. coral reefs promote recreation. awareness is about marine conservation. coral reefs provide habitat. coral reefs are vital to oceans. coral reefs are home to marine species. threats include pollution. sustainable fisheries provide protein-rich food sources.",
    "evaluation": 1
  },
  {
    "correct_answer": "Coral reefs are popular destinations for divers and snorkelers.",
    "retrieved_context": "coral reefs protect coastal communities. coral reefs support fisheries. coral reefs attract tourists. coral reefs support marine biodiversity. coral reefs provide food security. coral reefs dissipate wave energy. coral reefs are fragile habitats. coral reefs are important to marine ecosystems. coral reefs attract divers. coral reefs highlight need for sustainable management efforts. threats include ocean acidification. threats include climate change. tourism industry generates revenue. coral reefs provide ecosystem services. threats cause decline. coral reefs provide invertebrates. coral reefs protect from erosion. coral reefs are referred to as rainforests of the sea. coral reefs contribute to global food security. coral reefs provide fish. natural barriers mitigate destructive effects. threats include destructive fishing practices. coral reefs promote tourism. coral reefs are valuable for tourism industry. coral reefs reduce impact of storms. coral reefs support sustenance. coral reefs secure sustainable future. coral reefs provide plants. coral reefs have biodiversity. threats include overfishing. coral reefs attract snorkelers. coral reefs raise awareness. coral reefs are invaluable ecosystems. coral reefs are under threat from threats. tourism industry supports local economies. ecosystem services are essential for human well-being. coral reefs highlight need for conservation. coral reefs support livelihood. coral reefs protect from flooding. coral reefs are under threat from environmental stressors. coral reefs ensure health. coral reefs provide coastal protection. coral reefs support income. coral reefs act as natural barriers. coral reefs ensure resilience. coral reefs provide marine organisms. coral reefs support sustainable fisheries. sustainable fisheries provide protein-rich food sources. coral reefs cover less than ocean floor. coral reefs promote recreation. awareness is about marine conservation. coral reefs provide habitat. coral reefs are vital to oceans. coral reefs are home to marine species. threats include pollution. coral polyps secrete calcium carbonate. calcium carbonate form structures. marine protected areas should be established to sustainable management.",
    "evaluation": 1
  },
  {
    "correct_answer": "Coral reefs attract millions of tourists each year and support local economies.",
    "retrieved_context": "coral reefs protect coastal communities. coral reefs support fisheries. coral reefs attract tourists. coral reefs support marine biodiversity. coral reefs provide food security. coral reefs dissipate wave energy. coral reefs are fragile habitats. coral reefs are important to marine ecosystems. coral reefs attract divers. coral reefs highlight need for sustainable management efforts. threats include ocean acidification. threats include climate change. tourism industry generates revenue. coral reefs provide ecosystem services. threats cause decline. coral reefs provide invertebrates. coral reefs protect from erosion. coral reefs are referred to as rainforests of the sea. coral reefs contribute to global food security. coral reefs provide fish. natural barriers mitigate destructive effects. threats include destructive fishing practices. coral reefs promote tourism. coral reefs are valuable for tourism industry. coral reefs reduce impact of storms. coral reefs support sustenance. coral reefs secure sustainable future. coral reefs provide plants. coral reefs have biodiversity. threats include overfishing. coral reefs attract snorkelers. coral reefs raise awareness. coral reefs are invaluable ecosystems. coral reefs are under threat from threats. tourism industry supports local economies. ecosystem services are essential for human well-being. coral reefs highlight need for conservation. coral reefs support livelihood. coral reefs protect from flooding. coral reefs are under threat from environmental stressors. coral reefs ensure health. coral reefs provide coastal protection. coral reefs support income. coral reefs act as natural barriers. coral reefs ensure resilience. coral reefs provide marine organisms. coral reefs support sustainable fisheries. sustainable fisheries provide protein-rich food sources. coral reefs cover less than ocean floor. coral reefs promote recreation. awareness is about marine conservation. coral reefs provide habitat. coral reefs are vital to oceans. coral reefs are home to marine species. threats include pollution. tourism industry generates revenue. tourism industry supports local economies. coral polyps secrete calcium carbonate. calcium carbonate form structures.",
    "evaluation": 1
  },
  {
    "accuracy": "80.00%"
  }
]