[
  {
    "correct_answer": "Sports shape cultures around the world.",
    "retrieved_context": "values include discipline. sports are a force for inclusivity. values include fair play. sports have a significant economic impact. sports influence through creation of shared experiences. sports served as a powerful means of bringing together people. sports involve products. sports build bridges. sports challenge stereotypes. sports promote values. sports play a vital role in shaping cultures. sports play a vital role in shaping society. sports promote gender equality. bridges connect individuals. sports transcend boundaries. bridges connect communities. sports involve services. sports break down barriers. sports influence through creation of traditions. sports drive social change. sports advocate for social justice. values include teamwork. sports are a force for positive change. sports are a major player in global economy. sporting events generate revenue. sporting events benefit host cities. sporting events create jobs. sporting events include international tournaments. sporting events stimulate local economies. sporting events unite people. sporting events boost tourism. sporting events benefit countries. sporting events include local games. athletes bring attention to social issues. athletes use platforms. brands attract endorsements. brands attract sponsors. athletes speak out against discrimination. athletes work together towards goal. athletes overcome obstacles. athletes have achievements. athletes speak out against injustice. athletes deal with failure. athletes serve as brands. athletes deal with success. athletes provide inspiration. brands attract sponsors. brands attract endorsements. sports teams serve as brands.",
    "evaluation": 1
  },
  {
    "correct_answer": "Sports bring people together.",
    "retrieved_context": "values include discipline. sports are a force for inclusivity. values include fair play. sports have a significant economic impact. sports influence through creation of shared experiences. sports served as a powerful means of bringing together people. sports involve products. sports build bridges. sports challenge stereotypes. sports promote values. sports play a vital role in shaping cultures. sports play a vital role in shaping society. sports promote gender equality. bridges connect individuals. sports transcend boundaries. bridges connect communities. sports involve services. sports break down barriers. sports influence through creation of traditions. sports drive social change. sports advocate for social justice. values include teamwork. sports are a force for positive change. sports are a major player in global economy. sporting events generate revenue. sporting events benefit host cities. sporting events create jobs. sporting events include international tournaments. sporting events stimulate local economies. sporting events unite people. sporting events boost tourism. sporting events benefit countries. sporting events include local games. brands attract sponsors. brands attract endorsements. sports teams serve as brands. athletes bring attention to social issues. athletes use platforms. brands attract endorsements. brands attract sponsors. athletes speak out against discrimination. athletes work together towards goal. athletes overcome obstacles. athletes have achievements. athletes speak out against injustice. athletes deal with failure. athletes serve as brands. athletes deal with success. athletes provide inspiration. sporting events generate revenue. sporting events benefit host cities. sporting events create jobs. sporting events include international tournaments. sporting events stimulate local economies. sporting events unite people. sporting events boost tourism. sporting events benefit countries. sporting events include local games. olympics is an example of sporting events.",
    "evaluation": 1
  },
  {
    "correct_answer": "Sports foster a sense of community.",
    "retrieved_context": "values include discipline. sports are a force for inclusivity. values include fair play. sports have a significant economic impact. sports influence through creation of shared experiences. sports served as a powerful means of bringing together people. sports involve products. sports build bridges. sports challenge stereotypes. sports promote values. sports play a vital role in shaping cultures. sports play a vital role in shaping society. sports promote gender equality. bridges connect individuals. sports transcend boundaries. bridges connect communities. sports involve services. sports break down barriers. sports influence through creation of traditions. sports drive social change. sports advocate for social justice. values include teamwork. sports are a force for positive change. sports are a major player in global economy. brands attract sponsors. brands attract endorsements. sports teams serve as brands. sporting events generate revenue. sporting events benefit host cities. sporting events create jobs. sporting events include international tournaments. sporting events stimulate local economies. sporting events unite people. sporting events boost tourism. sporting events benefit countries. sporting events include local games. athletes bring attention to social issues. athletes use platforms. brands attract endorsements. brands attract sponsors. athletes speak out against discrimination. athletes work together towards goal. athletes overcome obstacles. athletes have achievements. athletes speak out against injustice. athletes deal with failure. athletes serve as brands. athletes deal with success. athletes provide inspiration.",
    "evaluation": 1
  },
  {
    "correct_answer": "Sports promote values like teamwork and fair play.",
    "retrieved_context": "values include discipline. sports are a force for inclusivity. values include fair play. sports have a significant economic impact. sports influence through creation of shared experiences. sports served as a powerful means of bringing together people. sports involve products. sports build bridges. sports challenge stereotypes. sports promote values. sports play a vital role in shaping cultures. sports play a vital role in shaping society. sports promote gender equality. bridges connect individuals. sports transcend boundaries. bridges connect communities. sports involve services. sports break down barriers. sports influence through creation of traditions. sports drive social change. sports advocate for social justice. values include teamwork. sports are a force for positive change. sports are a major player in global economy. athletes bring attention to social issues. athletes use platforms. brands attract endorsements. brands attract sponsors. athletes speak out against discrimination. athletes work together towards goal. athletes overcome obstacles. athletes have achievements. athletes speak out against injustice. athletes deal with failure. athletes serve as brands. athletes deal with success. athletes provide inspiration. brands attract sponsors. brands attract endorsements. sports teams serve as brands. sporting events generate revenue. sporting events benefit host cities. sporting events create jobs. sporting events include international tournaments. sporting events stimulate local economies. sporting events unite people. sporting events boost tourism. sporting events benefit countries. sporting events include local games.",
    "evaluation": 1
  },
  {
    "correct_answer": "Sports create shared experiences and traditions.",
    "retrieved_context": "sporting events generate revenue. sporting events benefit host cities. sporting events create jobs. sporting events include international tournaments. sporting events stimulate local economies. sporting events unite people. sporting events boost tourism. sporting events benefit countries. sporting events include local games. values include discipline. sports are a force for inclusivity. values include fair play. sports have a significant economic impact. sports influence through creation of shared experiences. sports served as a powerful means of bringing together people. sports involve products. sports build bridges. sports challenge stereotypes. sports promote values. sports play a vital role in shaping cultures. sports play a vital role in shaping society. sports promote gender equality. bridges connect individuals. sports transcend boundaries. bridges connect communities. sports involve services. sports break down barriers. sports influence through creation of traditions. sports drive social change. sports advocate for social justice. values include teamwork. sports are a force for positive change. sports are a major player in global economy. brands attract sponsors. brands attract endorsements. sports teams serve as brands. athletes bring attention to social issues. athletes use platforms. brands attract endorsements. brands attract sponsors. athletes speak out against discrimination. athletes work together towards goal. athletes overcome obstacles. athletes have achievements. athletes speak out against injustice. athletes deal with failure. athletes serve as brands. athletes deal with success. athletes provide inspiration.",
    "evaluation": 1
  },
  {
    "correct_answer": "Sporting events unite people from different backgrounds.",
    "retrieved_context": "sporting events generate revenue. sporting events benefit host cities. sporting events create jobs. sporting events include international tournaments. sporting events stimulate local economies. sporting events unite people. sporting events boost tourism. sporting events benefit countries. sporting events include local games. values include discipline. sports are a force for inclusivity. values include fair play. sports have a significant economic impact. sports influence through creation of shared experiences. sports served as a powerful means of bringing together people. sports involve products. sports build bridges. sports challenge stereotypes. sports promote values. sports play a vital role in shaping cultures. sports play a vital role in shaping society. sports promote gender equality. bridges connect individuals. sports transcend boundaries. bridges connect communities. sports involve services. sports break down barriers. sports influence through creation of traditions. sports drive social change. sports advocate for social justice. values include teamwork. sports are a force for positive change. sports are a major player in global economy. brands attract sponsors. brands attract endorsements. sports teams serve as brands. athletes bring attention to social issues. athletes use platforms. brands attract endorsements. brands attract sponsors. athletes speak out against discrimination. athletes work together towards goal. athletes overcome obstacles. athletes have achievements. athletes speak out against injustice. athletes deal with failure. athletes serve as brands. athletes deal with success. athletes provide inspiration. sporting events generate revenue. sporting events benefit host cities. sporting events create jobs. sporting events include international tournaments. sporting events stimulate local economies. sporting events unite people. sporting events boost tourism. sporting events benefit countries. sporting events include local games. olympics is an example of sporting events. events create a sense of belonging. events create a sense of pride. events transcend political divisions. events transcend language barriers.",
    "evaluation": 1
  },
  {
    "correct_answer": "The World Cup and Olympics bring millions of people together.",
    "retrieved_context": "sporting events generate revenue. sporting events benefit host cities. sporting events create jobs. sporting events include international tournaments. sporting events stimulate local economies. sporting events unite people. sporting events boost tourism. sporting events benefit countries. sporting events include local games. olympics is an example of sporting events. sporting events generate revenue. sporting events benefit host cities. sporting events create jobs. sporting events include international tournaments. sporting events stimulate local economies. sporting events unite people. sporting events include local games. sporting events boost tourism. sporting events benefit countries. world cup is an example of sporting events. sporting events generate revenue. sporting events benefit host cities. sporting events create jobs. sporting events include international tournaments. sporting events stimulate local economies. sporting events unite people. sporting events boost tourism. sporting events benefit countries. sporting events include local games. brands attract sponsors. brands attract endorsements. sports teams serve as brands. athletes bring attention to social issues. athletes use platforms. brands attract endorsements. brands attract sponsors. athletes speak out against discrimination. athletes work together towards goal. athletes overcome obstacles. athletes have achievements. athletes speak out against injustice. athletes deal with failure. athletes serve as brands. athletes deal with success. athletes provide inspiration.",
    "evaluation": 0
  },
  {
    "correct_answer": "Sports promote important life skills like teamwork.",
    "retrieved_context": "values include discipline. sports are a force for inclusivity. values include fair play. sports have a significant economic impact. sports influence through creation of shared experiences. sports served as a powerful means of bringing together people. sports involve products. sports build bridges. sports challenge stereotypes. sports promote values. sports play a vital role in shaping cultures. sports play a vital role in shaping society. sports promote gender equality. bridges connect individuals. sports transcend boundaries. bridges connect communities. sports involve services. sports break down barriers. sports influence through creation of traditions. sports drive social change. sports advocate for social justice. values include teamwork. sports are a force for positive change. sports are a major player in global economy. athletes bring attention to social issues. athletes use platforms. brands attract endorsements. brands attract sponsors. athletes speak out against discrimination. athletes work together towards goal. athletes overcome obstacles. athletes have achievements. athletes speak out against injustice. athletes deal with failure. athletes serve as brands. athletes deal with success. athletes provide inspiration. life skills include perseverance. life skills include teamwork. life skills include resilience. brands attract sponsors. brands attract endorsements. sports teams serve as brands. sporting events generate revenue. sporting events benefit host cities. sporting events create jobs. sporting events include international tournaments. sporting events stimulate local economies. sporting events unite people. sporting events boost tourism. sporting events benefit countries. sporting events include local games.",
    "evaluation": 1
  },
  {
    "correct_answer": "Athletes learn perseverance and resilience through sports.",
    "retrieved_context": "athletes bring attention to social issues. athletes use platforms. brands attract endorsements. brands attract sponsors. athletes speak out against discrimination. athletes work together towards goal. athletes overcome obstacles. athletes have achievements. athletes speak out against injustice. athletes deal with failure. athletes serve as brands. athletes deal with success. athletes provide inspiration. values include discipline. sports are a force for inclusivity. values include fair play. sports have a significant economic impact. sports influence through creation of shared experiences. sports served as a powerful means of bringing together people. sports involve products. sports build bridges. sports challenge stereotypes. sports promote values. sports play a vital role in shaping cultures. sports play a vital role in shaping society. sports promote gender equality. bridges connect individuals. sports transcend boundaries. bridges connect communities. sports involve services. sports break down barriers. sports influence through creation of traditions. sports drive social change. sports advocate for social justice. values include teamwork. sports are a force for positive change. sports are a major player in global economy. brands attract sponsors. brands attract endorsements. sports teams serve as brands. life skills include perseverance. life skills include teamwork. life skills include resilience. sporting events generate revenue. sporting events benefit host cities. sporting events create jobs. sporting events include international tournaments. sporting events stimulate local economies. sporting events unite people. sporting events boost tourism. sporting events benefit countries. sporting events include local games. olympics is an example of sporting events. sporting events generate revenue. sporting events benefit host cities. sporting events create jobs. sporting events include international tournaments. sporting events stimulate local economies. sporting events unite people. sporting events boost tourism. sporting events benefit countries. sporting events include local games.",
    "evaluation": 0
  },
  {
    "correct_answer": "Sports help individuals handle challenges in life.",
    "retrieved_context": "values include discipline. sports are a force for inclusivity. values include fair play. sports have a significant economic impact. sports influence through creation of shared experiences. sports served as a powerful means of bringing together people. sports involve products. sports build bridges. sports challenge stereotypes. sports promote values. sports play a vital role in shaping cultures. sports play a vital role in shaping society. sports promote gender equality. bridges connect individuals. sports transcend boundaries. bridges connect communities. sports involve services. sports break down barriers. sports influence through creation of traditions. sports drive social change. sports advocate for social justice. values include teamwork. sports are a force for positive change. sports are a major player in global economy. athletes bring attention to social issues. athletes use platforms. brands attract endorsements. brands attract sponsors. athletes speak out against discrimination. athletes work together towards goal. athletes overcome obstacles. athletes have achievements. athletes speak out against injustice. athletes deal with failure. athletes serve as brands. athletes deal with success. athletes provide inspiration. sporting events generate revenue. sporting events benefit host cities. sporting events create jobs. sporting events include international tournaments. sporting events stimulate local economies. sporting events unite people. sporting events boost tourism. sporting events benefit countries. sporting events include local games. brands attract sponsors. brands attract endorsements. sports teams serve as brands. life skills include perseverance. life skills include teamwork. life skills include resilience. sporting events generate revenue. sporting events benefit host cities. sporting events create jobs. sporting events include international tournaments. sporting events stimulate local economies. sporting events unite people. sporting events boost tourism. sporting events benefit countries. sporting events include local games. olympics is an example of sporting events.",
    "evaluation": 0
  },
  {
    "correct_answer": "Sports promote social change and break down barriers.",
    "retrieved_context": "values include discipline. sports are a force for inclusivity. values include fair play. sports have a significant economic impact. sports influence through creation of shared experiences. sports served as a powerful means of bringing together people. sports involve products. sports build bridges. sports challenge stereotypes. sports promote values. sports play a vital role in shaping cultures. sports play a vital role in shaping society. sports promote gender equality. bridges connect individuals. sports transcend boundaries. bridges connect communities. sports involve services. sports break down barriers. sports influence through creation of traditions. sports drive social change. sports advocate for social justice. values include teamwork. sports are a force for positive change. sports are a major player in global economy. sporting events generate revenue. sporting events benefit host cities. sporting events create jobs. sporting events include international tournaments. sporting events stimulate local economies. sporting events unite people. sporting events boost tourism. sporting events benefit countries. sporting events include local games. brands attract sponsors. brands attract endorsements. sports teams serve as brands. athletes bring attention to social issues. athletes use platforms. brands attract endorsements. brands attract sponsors. athletes speak out against discrimination. athletes work together towards goal. athletes overcome obstacles. athletes have achievements. athletes speak out against injustice. athletes deal with failure. athletes serve as brands. athletes deal with success. athletes provide inspiration.",
    "evaluation": 1
  },
  {
    "correct_answer": "Sports challenge stereotypes and promote gender equality.",
    "retrieved_context": "values include discipline. sports are a force for inclusivity. values include fair play. sports have a significant economic impact. sports influence through creation of shared experiences. sports served as a powerful means of bringing together people. sports involve products. sports build bridges. sports challenge stereotypes. sports promote values. sports play a vital role in shaping cultures. sports play a vital role in shaping society. sports promote gender equality. bridges connect individuals. sports transcend boundaries. bridges connect communities. sports involve services. sports break down barriers. sports influence through creation of traditions. sports drive social change. sports advocate for social justice. values include teamwork. sports are a force for positive change. sports are a major player in global economy. athletes bring attention to social issues. athletes use platforms. brands attract endorsements. brands attract sponsors. athletes speak out against discrimination. athletes work together towards goal. athletes overcome obstacles. athletes have achievements. athletes speak out against injustice. athletes deal with failure. athletes serve as brands. athletes deal with success. athletes provide inspiration. sporting events generate revenue. sporting events benefit host cities. sporting events create jobs. sporting events include international tournaments. sporting events stimulate local economies. sporting events unite people. sporting events boost tourism. sporting events benefit countries. sporting events include local games. brands attract sponsors. brands attract endorsements. sports teams serve as brands.",
    "evaluation": 1
  },
  {
    "correct_answer": "Sports have a significant economic impact.",
    "retrieved_context": "values include discipline. sports are a force for inclusivity. values include fair play. sports have a significant economic impact. sports influence through creation of shared experiences. sports served as a powerful means of bringing together people. sports involve products. sports build bridges. sports challenge stereotypes. sports promote values. sports play a vital role in shaping cultures. sports play a vital role in shaping society. sports promote gender equality. bridges connect individuals. sports transcend boundaries. bridges connect communities. sports involve services. sports break down barriers. sports influence through creation of traditions. sports drive social change. sports advocate for social justice. values include teamwork. sports are a force for positive change. sports are a major player in global economy. sporting events generate revenue. sporting events benefit host cities. sporting events create jobs. sporting events include international tournaments. sporting events stimulate local economies. sporting events unite people. sporting events boost tourism. sporting events benefit countries. sporting events include local games. brands attract sponsors. brands attract endorsements. sports teams serve as brands. athletes bring attention to social issues. athletes use platforms. brands attract endorsements. brands attract sponsors. athletes speak out against discrimination. athletes work together towards goal. athletes overcome obstacles. athletes have achievements. athletes speak out against injustice. athletes deal with failure. athletes serve as brands. athletes deal with success. athletes provide inspiration. sporting events generate revenue. sporting events benefit host cities. sporting events create jobs. sporting events include international tournaments. sporting events stimulate local economies. sporting events unite people. sporting events boost tourism. sporting events benefit countries. sporting events include local games. olympics is an example of sporting events.",
    "evaluation": 1
  },
  {
    "correct_answer": "Major sporting events generate revenue for host cities.",
    "retrieved_context": "sporting events generate revenue. sporting events benefit host cities. sporting events create jobs. sporting events include international tournaments. sporting events stimulate local economies. sporting events unite people. sporting events boost tourism. sporting events benefit countries. sporting events include local games. brands attract sponsors. brands attract endorsements. sports teams serve as brands. values include discipline. sports are a force for inclusivity. values include fair play. sports have a significant economic impact. sports influence through creation of shared experiences. sports served as a powerful means of bringing together people. sports involve products. sports build bridges. sports challenge stereotypes. sports promote values. sports play a vital role in shaping cultures. sports play a vital role in shaping society. sports promote gender equality. bridges connect individuals. sports transcend boundaries. bridges connect communities. sports involve services. sports break down barriers. sports influence through creation of traditions. sports drive social change. sports advocate for social justice. values include teamwork. sports are a force for positive change. sports are a major player in global economy. sporting events generate revenue. sporting events benefit host cities. sporting events create jobs. sporting events include international tournaments. sporting events stimulate local economies. sporting events unite people. sporting events boost tourism. sporting events benefit countries. sporting events include local games. olympics is an example of sporting events.",
    "evaluation": 1
  },
  {
    "correct_answer": "Sports contribute to the global economy.",
    "retrieved_context": "values include discipline. sports are a force for inclusivity. values include fair play. sports have a significant economic impact. sports influence through creation of shared experiences. sports served as a powerful means of bringing together people. sports involve products. sports build bridges. sports challenge stereotypes. sports promote values. sports play a vital role in shaping cultures. sports play a vital role in shaping society. sports promote gender equality. bridges connect individuals. sports transcend boundaries. bridges connect communities. sports involve services. sports break down barriers. sports influence through creation of traditions. sports drive social change. sports advocate for social justice. values include teamwork. sports are a force for positive change. sports are a major player in global economy. sporting events generate revenue. sporting events benefit host cities. sporting events create jobs. sporting events include international tournaments. sporting events stimulate local economies. sporting events unite people. sporting events boost tourism. sporting events benefit countries. sporting events include local games. athletes bring attention to social issues. athletes use platforms. brands attract endorsements. brands attract sponsors. athletes speak out against discrimination. athletes work together towards goal. athletes overcome obstacles. athletes have achievements. athletes speak out against injustice. athletes deal with failure. athletes serve as brands. athletes deal with success. athletes provide inspiration. brands attract sponsors. brands attract endorsements. sports teams serve as brands. sporting events generate revenue. sporting events benefit host cities. sporting events create jobs. sporting events include international tournaments. sporting events stimulate local economies. sporting events unite people. sporting events boost tourism. sporting events benefit countries. sporting events include local games. olympics is an example of sporting events.",
    "evaluation": 1
  },
  {
    "accuracy": "80.00%"
  }
]