[
  {
    "correct_answer": "The Olympic Games are one of the most prestigious sporting events in the world.",
    "retrieved_context": "celebration of humanity. revived in the late 19th century. olympic games include range of sports. olympic games have humble beginnings. values include fair play. controversy includes political disputes. symbol of sportsmanship. olympic games have controversy. olympic games represent values. symbol of international cooperation. platform for social change. symbol of unity. olympic games are a global event. olympic games are a platform. olympic games are a celebration. olympic games were held in honor of greek god zeus. olympic games have long. symbol of human achievement. olympic games have storied history. symbol of excellence. global event captures attention of billions of people. platform for causes. range of sports includes beach volleyball. olympic games are a global extravaganza. olympic games are one of sporting events. olympic games were revived. history dates back to ancient greece. controversy includes boycotts. olympic games have history. values include respect. range of sports includes traditional events. olympic games have grown in popularity. range of sports includes snowboarding. controversy includes doping scandals. olympic games are a symbol. modern olympic games first held in athens. modern olympic games founded in 1894. athens in 1896. pierre de coubertin was a french educator. modern olympic games founded by pierre de coubertin. ancient olympic games continued for nearly 12 centuries. ancient olympic games were a religious festival. ancient olympic games were seen as pagan festival. religious festival dedicated to king of the gods. pagan festival deemed incompatible with christianity. ancient olympic games were first held in 776 bc. olympic motto is fortius. olympic motto is citius. olympic motto is altius. events included wrestling. events included running. medals due to doping violations. athletes competed in events. athletes came from city-states. athletes from corners of the globe. athletes came from countries. athletes stripped of medals. city-states participated in friendly competition. events included chariot racing. events included boxing. medals due to doping violations.",
    "evaluation": 1
  },
  {
    "correct_answer": "The Olympic Games have a rich history dating back to ancient Greece.",
    "retrieved_context": "ancient olympic games continued for nearly 12 centuries. ancient olympic games were a religious festival. ancient olympic games were seen as pagan festival. religious festival dedicated to king of the gods. pagan festival deemed incompatible with christianity. ancient olympic games were first held in 776 bc. modern olympic games first held in athens. modern olympic games founded in 1894. athens in 1896. pierre de coubertin was a french educator. modern olympic games founded by pierre de coubertin. celebration of humanity. revived in the late 19th century. olympic games include range of sports. olympic games have humble beginnings. values include fair play. controversy includes political disputes. symbol of sportsmanship. olympic games have controversy. olympic games represent values. symbol of international cooperation. platform for social change. symbol of unity. olympic games are a global event. olympic games are a platform. olympic games are a celebration. olympic games were held in honor of greek god zeus. olympic games have long. symbol of human achievement. olympic games have storied history. symbol of excellence. global event captures attention of billions of people. platform for causes. range of sports includes beach volleyball. olympic games are a global extravaganza. olympic games are one of sporting events. olympic games were revived. history dates back to ancient greece. controversy includes boycotts. olympic games have history. values include respect. range of sports includes traditional events. olympic games have grown in popularity. range of sports includes snowboarding. controversy includes doping scandals. olympic games are a symbol. olympic motto is fortius. olympic motto is citius. olympic motto is altius. athens in 1896. 1980 moscow olympics boycotted by western countries. western countries in protest of soviet union.",
    "evaluation": 1
  },
  {
    "correct_answer": "The ancient Olympic Games were held in honor of the Greek god Zeus.",
    "retrieved_context": "ancient olympic games continued for nearly 12 centuries. ancient olympic games were a religious festival. ancient olympic games were seen as pagan festival. religious festival dedicated to king of the gods. pagan festival deemed incompatible with christianity. ancient olympic games were first held in 776 bc. celebration of humanity. revived in the late 19th century. olympic games include range of sports. olympic games have humble beginnings. values include fair play. controversy includes political disputes. symbol of sportsmanship. olympic games have controversy. olympic games represent values. symbol of international cooperation. platform for social change. symbol of unity. olympic games are a global event. olympic games are a platform. olympic games are a celebration. olympic games were held in honor of greek god zeus. olympic games have long. symbol of human achievement. olympic games have storied history. symbol of excellence. global event captures attention of billions of people. platform for causes. range of sports includes beach volleyball. olympic games are a global extravaganza. olympic games are one of sporting events. olympic games were revived. history dates back to ancient greece. controversy includes boycotts. olympic games have history. values include respect. range of sports includes traditional events. olympic games have grown in popularity. range of sports includes snowboarding. controversy includes doping scandals. olympic games are a symbol. olympic motto is fortius. olympic motto is citius. olympic motto is altius. modern olympic games first held in athens. modern olympic games founded in 1894. athens in 1896. pierre de coubertin was a french educator. modern olympic games founded by pierre de coubertin. athens in 1896.",
    "evaluation": 1
  },
  {
    "correct_answer": "The ancient Olympic Games were first held in 776 BC in Olympia, Greece.",
    "retrieved_context": "ancient olympic games continued for nearly 12 centuries. ancient olympic games were a religious festival. ancient olympic games were seen as pagan festival. religious festival dedicated to king of the gods. pagan festival deemed incompatible with christianity. ancient olympic games were first held in 776 bc. modern olympic games first held in athens. modern olympic games founded in 1894. athens in 1896. pierre de coubertin was a french educator. modern olympic games founded by pierre de coubertin. celebration of humanity. revived in the late 19th century. olympic games include range of sports. olympic games have humble beginnings. values include fair play. controversy includes political disputes. symbol of sportsmanship. olympic games have controversy. olympic games represent values. symbol of international cooperation. platform for social change. symbol of unity. olympic games are a global event. olympic games are a platform. olympic games are a celebration. olympic games were held in honor of greek god zeus. olympic games have long. symbol of human achievement. olympic games have storied history. symbol of excellence. global event captures attention of billions of people. platform for causes. range of sports includes beach volleyball. olympic games are a global extravaganza. olympic games are one of sporting events. olympic games were revived. history dates back to ancient greece. controversy includes boycotts. olympic games have history. values include respect. range of sports includes traditional events. olympic games have grown in popularity. range of sports includes snowboarding. controversy includes doping scandals. olympic games are a symbol. athens in 1896. 1936 berlin olympics used as propaganda tool. propaganda tool by nazi germany.",
    "evaluation": 1
  },
  {
    "correct_answer": "The ancient Olympic Games were a religious festival dedicated to Zeus.",
    "retrieved_context": "ancient olympic games continued for nearly 12 centuries. ancient olympic games were a religious festival. ancient olympic games were seen as pagan festival. religious festival dedicated to king of the gods. pagan festival deemed incompatible with christianity. ancient olympic games were first held in 776 bc. celebration of humanity. revived in the late 19th century. olympic games include range of sports. olympic games have humble beginnings. values include fair play. controversy includes political disputes. symbol of sportsmanship. olympic games have controversy. olympic games represent values. symbol of international cooperation. platform for social change. symbol of unity. olympic games are a global event. olympic games are a platform. olympic games are a celebration. olympic games were held in honor of greek god zeus. olympic games have long. symbol of human achievement. olympic games have storied history. symbol of excellence. global event captures attention of billions of people. platform for causes. range of sports includes beach volleyball. olympic games are a global extravaganza. olympic games are one of sporting events. olympic games were revived. history dates back to ancient greece. controversy includes boycotts. olympic games have history. values include respect. range of sports includes traditional events. olympic games have grown in popularity. range of sports includes snowboarding. controversy includes doping scandals. olympic games are a symbol. modern olympic games first held in athens. modern olympic games founded in 1894. athens in 1896. pierre de coubertin was a french educator. modern olympic games founded by pierre de coubertin. religious festival dedicated to king of the gods. olympic motto is fortius. olympic motto is citius. olympic motto is altius. pagan festival deemed incompatible with christianity.",
    "evaluation": 1
  },
  {
    "correct_answer": "Athletes from various city-states would gather to compete in the ancient Olympics.",
    "retrieved_context": "ancient olympic games continued for nearly 12 centuries. ancient olympic games were a religious festival. ancient olympic games were seen as pagan festival. religious festival dedicated to king of the gods. pagan festival deemed incompatible with christianity. ancient olympic games were first held in 776 bc. modern olympic games first held in athens. modern olympic games founded in 1894. athens in 1896. pierre de coubertin was a french educator. modern olympic games founded by pierre de coubertin. celebration of humanity. revived in the late 19th century. olympic games include range of sports. olympic games have humble beginnings. values include fair play. controversy includes political disputes. symbol of sportsmanship. olympic games have controversy. olympic games represent values. symbol of international cooperation. platform for social change. symbol of unity. olympic games are a global event. olympic games are a platform. olympic games are a celebration. olympic games were held in honor of greek god zeus. olympic games have long. symbol of human achievement. olympic games have storied history. symbol of excellence. global event captures attention of billions of people. platform for causes. range of sports includes beach volleyball. olympic games are a global extravaganza. olympic games are one of sporting events. olympic games were revived. history dates back to ancient greece. controversy includes boycotts. olympic games have history. values include respect. range of sports includes traditional events. olympic games have grown in popularity. range of sports includes snowboarding. controversy includes doping scandals. olympic games are a symbol. events included wrestling. events included running. medals due to doping violations. athletes competed in events. athletes came from city-states. athletes from corners of the globe. athletes came from countries. athletes stripped of medals. city-states participated in friendly competition. events included chariot racing. events included boxing. olympic motto is fortius. olympic motto is citius. olympic motto is altius.",
    "evaluation": 1
  },
  {
    "correct_answer": "The ancient Olympics included events like running, wrestling, boxing, and chariot racing.",
    "retrieved_context": "ancient olympic games continued for nearly 12 centuries. ancient olympic games were a religious festival. ancient olympic games were seen as pagan festival. religious festival dedicated to king of the gods. pagan festival deemed incompatible with christianity. ancient olympic games were first held in 776 bc. modern olympic games first held in athens. modern olympic games founded in 1894. athens in 1896. pierre de coubertin was a french educator. modern olympic games founded by pierre de coubertin. celebration of humanity. revived in the late 19th century. olympic games include range of sports. olympic games have humble beginnings. values include fair play. controversy includes political disputes. symbol of sportsmanship. olympic games have controversy. olympic games represent values. symbol of international cooperation. platform for social change. symbol of unity. olympic games are a global event. olympic games are a platform. olympic games are a celebration. olympic games were held in honor of greek god zeus. olympic games have long. symbol of human achievement. olympic games have storied history. symbol of excellence. global event captures attention of billions of people. platform for causes. range of sports includes beach volleyball. olympic games are a global extravaganza. olympic games are one of sporting events. olympic games were revived. history dates back to ancient greece. controversy includes boycotts. olympic games have history. values include respect. range of sports includes traditional events. olympic games have grown in popularity. range of sports includes snowboarding. controversy includes doping scandals. olympic games are a symbol. events included wrestling. events included running. medals due to doping violations. athletes competed in events. athletes came from city-states. athletes from corners of the globe. athletes came from countries. athletes stripped of medals. city-states participated in friendly competition. events included chariot racing. events included boxing.",
    "evaluation": 1
  },
  {
    "correct_answer": "The ancient Olympic Games were held every four years.",
    "retrieved_context": "ancient olympic games continued for nearly 12 centuries. ancient olympic games were a religious festival. ancient olympic games were seen as pagan festival. religious festival dedicated to king of the gods. pagan festival deemed incompatible with christianity. ancient olympic games were first held in 776 bc. modern olympic games first held in athens. modern olympic games founded in 1894. athens in 1896. pierre de coubertin was a french educator. modern olympic games founded by pierre de coubertin. celebration of humanity. revived in the late 19th century. olympic games include range of sports. olympic games have humble beginnings. values include fair play. controversy includes political disputes. symbol of sportsmanship. olympic games have controversy. olympic games represent values. symbol of international cooperation. platform for social change. symbol of unity. olympic games are a global event. olympic games are a platform. olympic games are a celebration. olympic games were held in honor of greek god zeus. olympic games have long. symbol of human achievement. olympic games have storied history. symbol of excellence. global event captures attention of billions of people. platform for causes. range of sports includes beach volleyball. olympic games are a global extravaganza. olympic games are one of sporting events. olympic games were revived. history dates back to ancient greece. controversy includes boycotts. olympic games have history. values include respect. range of sports includes traditional events. olympic games have grown in popularity. range of sports includes snowboarding. controversy includes doping scandals. olympic games are a symbol. 1980 moscow olympics boycotted by western countries. western countries in protest of soviet union. olympic motto is fortius. olympic motto is citius. olympic motto is altius. 1936 berlin olympics used as propaganda tool. propaganda tool by nazi germany.",
    "evaluation": 0
  },
  {
    "correct_answer": "The ancient Olympics were abolished by the Roman Emperor Theodosius in 393 AD.",
    "retrieved_context": "ancient olympic games continued for nearly 12 centuries. ancient olympic games were a religious festival. ancient olympic games were seen as pagan festival. religious festival dedicated to king of the gods. pagan festival deemed incompatible with christianity. ancient olympic games were first held in 776 bc. ancient olympic games continued for nearly 12 centuries. ancient olympic games were a religious festival. roman emperor theodosius abolished ancient olympic games. ancient olympic games were first held in 776 bc. ancient olympic games were seen as pagan festival. modern olympic games first held in athens. modern olympic games founded in 1894. athens in 1896. pierre de coubertin was a french educator. modern olympic games founded by pierre de coubertin. celebration of humanity. revived in the late 19th century. olympic games include range of sports. olympic games have humble beginnings. values include fair play. controversy includes political disputes. symbol of sportsmanship. olympic games have controversy. olympic games represent values. symbol of international cooperation. platform for social change. symbol of unity. olympic games are a global event. olympic games are a platform. olympic games are a celebration. olympic games were held in honor of greek god zeus. olympic games have long. symbol of human achievement. olympic games have storied history. symbol of excellence. global event captures attention of billions of people. platform for causes. range of sports includes beach volleyball. olympic games are a global extravaganza. olympic games are one of sporting events. olympic games were revived. history dates back to ancient greece. controversy includes boycotts. olympic games have history. values include respect. range of sports includes traditional events. olympic games have grown in popularity. range of sports includes snowboarding. controversy includes doping scandals. olympic games are a symbol. 1936 berlin olympics used as propaganda tool. propaganda tool by nazi germany. olympic motto is fortius. olympic motto is citius. olympic motto is altius. 1980 moscow olympics boycotted by western countries. western countries in protest of soviet union.",
    "evaluation": 0
  },
  {
    "correct_answer": "The modern Olympic Games were founded by Pierre de Coubertin in 1894.",
    "retrieved_context": "modern olympic games first held in athens. modern olympic games founded in 1894. athens in 1896. pierre de coubertin was a french educator. modern olympic games founded by pierre de coubertin. pierre de coubertin was a french educator. ancient olympic games continued for nearly 12 centuries. ancient olympic games were a religious festival. ancient olympic games were seen as pagan festival. religious festival dedicated to king of the gods. pagan festival deemed incompatible with christianity. ancient olympic games were first held in 776 bc. celebration of humanity. revived in the late 19th century. olympic games include range of sports. olympic games have humble beginnings. values include fair play. controversy includes political disputes. symbol of sportsmanship. olympic games have controversy. olympic games represent values. symbol of international cooperation. platform for social change. symbol of unity. olympic games are a global event. olympic games are a platform. olympic games are a celebration. olympic games were held in honor of greek god zeus. olympic games have long. symbol of human achievement. olympic games have storied history. symbol of excellence. global event captures attention of billions of people. platform for causes. range of sports includes beach volleyball. olympic games are a global extravaganza. olympic games are one of sporting events. olympic games were revived. history dates back to ancient greece. controversy includes boycotts. olympic games have history. values include respect. range of sports includes traditional events. olympic games have grown in popularity. range of sports includes snowboarding. controversy includes doping scandals. olympic games are a symbol. 1936 berlin olympics used as propaganda tool. propaganda tool by nazi germany. olympic motto is fortius. olympic motto is citius. olympic motto is altius. 1980 moscow olympics boycotted by western countries. western countries in protest of soviet union.",
    "evaluation": 1
  },
  {
    "correct_answer": "The first modern Olympic Games were held in Athens, Greece, in 1896.",
    "retrieved_context": "ancient olympic games continued for nearly 12 centuries. ancient olympic games were a religious festival. ancient olympic games were seen as pagan festival. religious festival dedicated to king of the gods. pagan festival deemed incompatible with christianity. ancient olympic games were first held in 776 bc. modern olympic games first held in athens. modern olympic games founded in 1894. athens in 1896. pierre de coubertin was a french educator. modern olympic games founded by pierre de coubertin. celebration of humanity. revived in the late 19th century. olympic games include range of sports. olympic games have humble beginnings. values include fair play. controversy includes political disputes. symbol of sportsmanship. olympic games have controversy. olympic games represent values. symbol of international cooperation. platform for social change. symbol of unity. olympic games are a global event. olympic games are a platform. olympic games are a celebration. olympic games were held in honor of greek god zeus. olympic games have long. symbol of human achievement. olympic games have storied history. symbol of excellence. global event captures attention of billions of people. platform for causes. range of sports includes beach volleyball. olympic games are a global extravaganza. olympic games are one of sporting events. olympic games were revived. history dates back to ancient greece. controversy includes boycotts. olympic games have history. values include respect. range of sports includes traditional events. olympic games have grown in popularity. range of sports includes snowboarding. controversy includes doping scandals. olympic games are a symbol. athens in 1896. 1980 moscow olympics boycotted by western countries. western countries in protest of soviet union.",
    "evaluation": 1
  },
  {
    "correct_answer": "The modern Olympics were inspired by the ancient Olympics.",
    "retrieved_context": "modern olympic games first held in athens. modern olympic games founded in 1894. athens in 1896. pierre de coubertin was a french educator. modern olympic games founded by pierre de coubertin. ancient olympic games continued for nearly 12 centuries. ancient olympic games were a religious festival. ancient olympic games were seen as pagan festival. religious festival dedicated to king of the gods. pagan festival deemed incompatible with christianity. ancient olympic games were first held in 776 bc. celebration of humanity. revived in the late 19th century. olympic games include range of sports. olympic games have humble beginnings. values include fair play. controversy includes political disputes. symbol of sportsmanship. olympic games have controversy. olympic games represent values. symbol of international cooperation. platform for social change. symbol of unity. olympic games are a global event. olympic games are a platform. olympic games are a celebration. olympic games were held in honor of greek god zeus. olympic games have long. symbol of human achievement. olympic games have storied history. symbol of excellence. global event captures attention of billions of people. platform for causes. range of sports includes beach volleyball. olympic games are a global extravaganza. olympic games are one of sporting events. olympic games were revived. history dates back to ancient greece. controversy includes boycotts. olympic games have history. values include respect. range of sports includes traditional events. olympic games have grown in popularity. range of sports includes snowboarding. controversy includes doping scandals. olympic games are a symbol. olympic motto is fortius. olympic motto is citius. olympic motto is altius. 1980 moscow olympics boycotted by western countries. western countries in protest of soviet union. events included wrestling. events included running. medals due to doping violations. athletes competed in events. athletes came from city-states. athletes from corners of the globe. athletes came from countries. athletes stripped of medals. city-states participated in friendly competition. events included chariot racing. events included boxing.",
    "evaluation": 1
  },
  {
    "correct_answer": "The Olympic Games have grown in size and popularity since their revival.",
    "retrieved_context": "modern olympic games first held in athens. modern olympic games founded in 1894. athens in 1896. pierre de coubertin was a french educator. modern olympic games founded by pierre de coubertin. celebration of humanity. revived in the late 19th century. olympic games include range of sports. olympic games have humble beginnings. values include fair play. controversy includes political disputes. symbol of sportsmanship. olympic games have controversy. olympic games represent values. symbol of international cooperation. platform for social change. symbol of unity. olympic games are a global event. olympic games are a platform. olympic games are a celebration. olympic games were held in honor of greek god zeus. olympic games have long. symbol of human achievement. olympic games have storied history. symbol of excellence. global event captures attention of billions of people. platform for causes. range of sports includes beach volleyball. olympic games are a global extravaganza. olympic games are one of sporting events. olympic games were revived. history dates back to ancient greece. controversy includes boycotts. olympic games have history. values include respect. range of sports includes traditional events. olympic games have grown in popularity. range of sports includes snowboarding. controversy includes doping scandals. olympic games are a symbol. ancient olympic games continued for nearly 12 centuries. ancient olympic games were a religious festival. ancient olympic games were seen as pagan festival. religious festival dedicated to king of the gods. pagan festival deemed incompatible with christianity. ancient olympic games were first held in 776 bc. olympic motto is fortius. olympic motto is citius. olympic motto is altius. 1980 moscow olympics boycotted by western countries. western countries in protest of soviet union.",
    "evaluation": 1
  },
  {
    "correct_answer": "The Olympic Games have expanded to include a wide range of sports.",
    "retrieved_context": "celebration of humanity. revived in the late 19th century. olympic games include range of sports. olympic games have humble beginnings. values include fair play. controversy includes political disputes. symbol of sportsmanship. olympic games have controversy. olympic games represent values. symbol of international cooperation. platform for social change. symbol of unity. olympic games are a global event. olympic games are a platform. olympic games are a celebration. olympic games were held in honor of greek god zeus. olympic games have long. symbol of human achievement. olympic games have storied history. symbol of excellence. global event captures attention of billions of people. platform for causes. range of sports includes beach volleyball. olympic games are a global extravaganza. olympic games are one of sporting events. olympic games were revived. history dates back to ancient greece. controversy includes boycotts. olympic games have history. values include respect. range of sports includes traditional events. olympic games have grown in popularity. range of sports includes snowboarding. controversy includes doping scandals. olympic games are a symbol. modern olympic games first held in athens. modern olympic games founded in 1894. athens in 1896. pierre de coubertin was a french educator. modern olympic games founded by pierre de coubertin. range of sports includes traditional events. range of sports includes beach volleyball. range of sports includes snowboarding. traditional events include swimming. traditional events include athletics. ancient olympic games continued for nearly 12 centuries. ancient olympic games were a religious festival. ancient olympic games were seen as pagan festival. religious festival dedicated to king of the gods. pagan festival deemed incompatible with christianity. ancient olympic games were first held in 776 bc. events included wrestling. events included running. medals due to doping violations. athletes competed in events. athletes came from city-states. athletes from corners of the globe. athletes came from countries. athletes stripped of medals. city-states participated in friendly competition. events included chariot racing. events included boxing.",
    "evaluation": 1
  },
  {
    "correct_answer": "The Olympic Games have been marred by political disputes, boycotts, and doping scandals.",
    "retrieved_context": "celebration of humanity. revived in the late 19th century. olympic games include range of sports. olympic games have humble beginnings. values include fair play. controversy includes political disputes. symbol of sportsmanship. olympic games have controversy. olympic games represent values. symbol of international cooperation. platform for social change. symbol of unity. olympic games are a global event. olympic games are a platform. olympic games are a celebration. olympic games were held in honor of greek god zeus. olympic games have long. symbol of human achievement. olympic games have storied history. symbol of excellence. global event captures attention of billions of people. platform for causes. range of sports includes beach volleyball. olympic games are a global extravaganza. olympic games are one of sporting events. olympic games were revived. history dates back to ancient greece. controversy includes boycotts. olympic games have history. values include respect. range of sports includes traditional events. olympic games have grown in popularity. range of sports includes snowboarding. controversy includes doping scandals. olympic games are a symbol. modern olympic games first held in athens. modern olympic games founded in 1894. athens in 1896. pierre de coubertin was a french educator. modern olympic games founded by pierre de coubertin. ancient olympic games continued for nearly 12 centuries. ancient olympic games were a religious festival. ancient olympic games were seen as pagan festival. religious festival dedicated to king of the gods. pagan festival deemed incompatible with christianity. ancient olympic games were first held in 776 bc.",
    "evaluation": 1
  },
  {
    "accuracy": "86.67%"
  }
]