[
  {
    "correct_answer": "Satellites are objects that orbit around a larger body in space.",
    "retrieved_context": "global connectivity in remote areas. uses across sectors. satellites revolutionized way of life. principles of physics. specific orbits include low earth orbit (leo). satellites monitor health. solar panels convert sunlight. understanding of world. satellites transformed data. artificial objects orbiting earth. satellites powered by solar panels. global connectivity in rural areas. tools for weather forecasting. satellites harnessing cutting-edge technology. satellites explore depths. tools for scientific research. satellites communicate continents. satellites expanded understanding. specific orbits depend on purpose. data for meteorologists. satellites transformed communication. satellites launched into specific orbits. balance between pull. balance between speed. satellites launched orbit. satellites transformed navigation. satellites are technology. satellites have uses. satellites predict precision. tools for telecommunications. communication through radio signals. satellites role in global connectivity. data for conservation efforts. uses across industries. satellites perform functions. satellites achieve balance. data for environmental monitoring. tools for national security. satellites transformed monitor. global connectivity where infrastructure. satellites are essential tools. satellites are tools. specific orbits include geostationary orbit (geo). specific orbits include polar orbit. satellites operate principles. satellites are artificial objects. satellites are complex. cubesats increasing accessibility. small satellites known as cubesats. cubesats reducing costs. cubesats revolutionizing industry. data for conservation efforts. scientific research satellites study land cover. data for environmental monitoring. scientific research satellites study oceans. scientific research satellites study atmosphere. scientific research satellites study climate. data for meteorologists. scientific research satellites provide data. low earth orbit satellites used for satellite internet. low earth orbit satellites used for earth observation. low earth orbit satellites used for remote sensing. uses across sectors. uses across industries. object orbits body. satellite technology is object. satellite technology explore types. types include geostationary satellites. future of satellite technology. satellite technology explore future. satellite technology explore work. satellite technology explore uses. satellite technology explore essay. data for conservation efforts. data for environmental monitoring. weather satellites equipped with sensors. weather satellites track storms. warnings for natural disasters. weather satellites monitor weather patterns. weather satellites provide data. weather satellites monitor climate patterns. data for meteorologists. weather satellites issue warnings. weather satellites equipped with cameras. speed of rotation. point on equator. geostationary satellites orbit at speed. geostationary satellites used for telecommunications. geostationary satellites remain fixed over point. geostationary satellites provide coverage. geostationary satellites used for broadcasting. signals for phone calls. communication satellite relay signals. signals for forms. signals for television. signals for internet.",
    "evaluation": 1
  },
  {
    "correct_answer": "Communication satellites relay signals for television, internet, and phone calls.",
    "retrieved_context": "signals for phone calls. communication satellite relay signals. signals for forms. signals for television. signals for internet. global connectivity in remote areas. uses across sectors. satellites revolutionized way of life. principles of physics. specific orbits include low earth orbit (leo). satellites monitor health. solar panels convert sunlight. understanding of world. satellites transformed data. artificial objects orbiting earth. satellites powered by solar panels. global connectivity in rural areas. tools for weather forecasting. satellites harnessing cutting-edge technology. satellites explore depths. tools for scientific research. satellites communicate continents. satellites expanded understanding. specific orbits depend on purpose. data for meteorologists. satellites transformed communication. satellites launched into specific orbits. balance between pull. balance between speed. satellites launched orbit. satellites transformed navigation. satellites are technology. satellites have uses. satellites predict precision. tools for telecommunications. communication through radio signals. satellites role in global connectivity. data for conservation efforts. uses across industries. satellites perform functions. satellites achieve balance. data for environmental monitoring. tools for national security. satellites transformed monitor. global connectivity where infrastructure. satellites are essential tools. satellites are tools. specific orbits include geostationary orbit (geo). specific orbits include polar orbit. satellites operate principles. satellites are artificial objects. satellites are complex. uses across sectors. uses across industries. object orbits body. satellite technology is object. satellite technology explore types. types include geostationary satellites. future of satellite technology. satellite technology explore future. satellite technology explore work. satellite technology explore uses. satellite technology explore essay. speed of rotation. point on equator. geostationary satellites orbit at speed. geostationary satellites used for telecommunications. geostationary satellites remain fixed over point. geostationary satellites provide coverage. geostationary satellites used for broadcasting. cubesats increasing accessibility. small satellites known as cubesats. cubesats reducing costs. cubesats revolutionizing industry. data for conservation efforts. data for environmental monitoring. weather satellites equipped with sensors. weather satellites track storms. warnings for natural disasters. weather satellites monitor weather patterns. weather satellites provide data. weather satellites monitor climate patterns. data for meteorologists. weather satellites issue warnings. weather satellites equipped with cameras. ground stations known as earth stations. radio signals transmitted to ground stations.",
    "evaluation": 1
  },
  {
    "correct_answer": "Weather satellites are equipped with sensors and cameras to monitor weather patterns.",
    "retrieved_context": "data for conservation efforts. data for environmental monitoring. weather satellites equipped with sensors. weather satellites track storms. warnings for natural disasters. weather satellites monitor weather patterns. weather satellites provide data. weather satellites monitor climate patterns. data for meteorologists. weather satellites issue warnings. weather satellites equipped with cameras. global connectivity in remote areas. uses across sectors. satellites revolutionized way of life. principles of physics. specific orbits include low earth orbit (leo). satellites monitor health. solar panels convert sunlight. understanding of world. satellites transformed data. artificial objects orbiting earth. satellites powered by solar panels. global connectivity in rural areas. tools for weather forecasting. satellites harnessing cutting-edge technology. satellites explore depths. tools for scientific research. satellites communicate continents. satellites expanded understanding. specific orbits depend on purpose. data for meteorologists. satellites transformed communication. satellites launched into specific orbits. balance between pull. balance between speed. satellites launched orbit. satellites transformed navigation. satellites are technology. satellites have uses. satellites predict precision. tools for telecommunications. communication through radio signals. satellites role in global connectivity. data for conservation efforts. uses across industries. satellites perform functions. satellites achieve balance. data for environmental monitoring. tools for national security. satellites transformed monitor. global connectivity where infrastructure. satellites are essential tools. satellites are tools. specific orbits include geostationary orbit (geo). specific orbits include polar orbit. satellites operate principles. satellites are artificial objects. satellites are complex. uses across sectors. uses across industries. object orbits body. satellite technology is object. satellite technology explore types. types include geostationary satellites. future of satellite technology. satellite technology explore future. satellite technology explore work. satellite technology explore uses. satellite technology explore essay. speed of rotation. point on equator. geostationary satellites orbit at speed. geostationary satellites used for telecommunications. geostationary satellites remain fixed over point. geostationary satellites provide coverage. geostationary satellites used for broadcasting. data for conservation efforts. scientific research satellites study land cover. data for environmental monitoring. scientific research satellites study oceans. scientific research satellites study atmosphere. scientific research satellites study climate. data for meteorologists. scientific research satellites provide data. signals for phone calls. communication satellite relay signals. signals for forms. signals for television. signals for internet.",
    "evaluation": 1
  },
  {
    "correct_answer": "Satellites operate based on the laws of motion and gravity.",
    "retrieved_context": "global connectivity in remote areas. uses across sectors. satellites revolutionized way of life. principles of physics. specific orbits include low earth orbit (leo). satellites monitor health. solar panels convert sunlight. understanding of world. satellites transformed data. artificial objects orbiting earth. satellites powered by solar panels. global connectivity in rural areas. tools for weather forecasting. satellites harnessing cutting-edge technology. satellites explore depths. tools for scientific research. satellites communicate continents. satellites expanded understanding. specific orbits depend on purpose. data for meteorologists. satellites transformed communication. satellites launched into specific orbits. balance between pull. balance between speed. satellites launched orbit. satellites transformed navigation. satellites are technology. satellites have uses. satellites predict precision. tools for telecommunications. communication through radio signals. satellites role in global connectivity. data for conservation efforts. uses across industries. satellites perform functions. satellites achieve balance. data for environmental monitoring. tools for national security. satellites transformed monitor. global connectivity where infrastructure. satellites are essential tools. satellites are tools. specific orbits include geostationary orbit (geo). specific orbits include polar orbit. satellites operate principles. satellites are artificial objects. satellites are complex. data for conservation efforts. scientific research satellites study land cover. data for environmental monitoring. scientific research satellites study oceans. scientific research satellites study atmosphere. scientific research satellites study climate. data for meteorologists. scientific research satellites provide data. uses across sectors. uses across industries. object orbits body. satellite technology is object. satellite technology explore types. types include geostationary satellites. future of satellite technology. satellite technology explore future. satellite technology explore work. satellite technology explore uses. satellite technology explore essay. cubesats increasing accessibility. small satellites known as cubesats. cubesats reducing costs. cubesats revolutionizing industry. speed of rotation. point on equator. geostationary satellites orbit at speed. geostationary satellites used for telecommunications. geostationary satellites remain fixed over point. geostationary satellites provide coverage. geostationary satellites used for broadcasting. data for conservation efforts. data for environmental monitoring. weather satellites equipped with sensors. weather satellites track storms. warnings for natural disasters. weather satellites monitor weather patterns. weather satellites provide data. weather satellites monitor climate patterns. data for meteorologists. weather satellites issue warnings. weather satellites equipped with cameras. low earth orbit satellites used for satellite internet. low earth orbit satellites used for earth observation. low earth orbit satellites used for remote sensing.",
    "evaluation": 0
  },
  {
    "correct_answer": "Satellites must achieve the right balance between speed and Earth's gravity to stay in orbit.",
    "retrieved_context": "global connectivity in remote areas. uses across sectors. satellites revolutionized way of life. principles of physics. specific orbits include low earth orbit (leo). satellites monitor health. solar panels convert sunlight. understanding of world. satellites transformed data. artificial objects orbiting earth. satellites powered by solar panels. global connectivity in rural areas. tools for weather forecasting. satellites harnessing cutting-edge technology. satellites explore depths. tools for scientific research. satellites communicate continents. satellites expanded understanding. specific orbits depend on purpose. data for meteorologists. satellites transformed communication. satellites launched into specific orbits. balance between pull. balance between speed. satellites launched orbit. satellites transformed navigation. satellites are technology. satellites have uses. satellites predict precision. tools for telecommunications. communication through radio signals. satellites role in global connectivity. data for conservation efforts. uses across industries. satellites perform functions. satellites achieve balance. data for environmental monitoring. tools for national security. satellites transformed monitor. global connectivity where infrastructure. satellites are essential tools. satellites are tools. specific orbits include geostationary orbit (geo). specific orbits include polar orbit. satellites operate principles. satellites are artificial objects. satellites are complex. communication satellite relay signals. earth-orbiting is communication satellite. low earth orbit satellites used for satellite internet. low earth orbit satellites used for earth observation. low earth orbit satellites used for remote sensing. cubesats increasing accessibility. small satellites known as cubesats. cubesats reducing costs. cubesats revolutionizing industry. speed of rotation. point on equator. geostationary satellites orbit at speed. geostationary satellites used for telecommunications. geostationary satellites remain fixed over point. geostationary satellites provide coverage. geostationary satellites used for broadcasting. data for conservation efforts. scientific research satellites study land cover. data for environmental monitoring. scientific research satellites study oceans. scientific research satellites study atmosphere. scientific research satellites study climate. data for meteorologists. scientific research satellites provide data.",
    "evaluation": 0
  },
  {
    "correct_answer": "Satellites are launched into specific orbits like low Earth orbit or geostationary orbit.",
    "retrieved_context": "low earth orbit satellites used for satellite internet. low earth orbit satellites used for earth observation. low earth orbit satellites used for remote sensing. speed of rotation. point on equator. geostationary satellites orbit at speed. geostationary satellites used for telecommunications. geostationary satellites remain fixed over point. geostationary satellites provide coverage. geostationary satellites used for broadcasting. global connectivity in remote areas. uses across sectors. satellites revolutionized way of life. principles of physics. specific orbits include low earth orbit (leo). satellites monitor health. solar panels convert sunlight. understanding of world. satellites transformed data. artificial objects orbiting earth. satellites powered by solar panels. global connectivity in rural areas. tools for weather forecasting. satellites harnessing cutting-edge technology. satellites explore depths. tools for scientific research. satellites communicate continents. satellites expanded understanding. specific orbits depend on purpose. data for meteorologists. satellites transformed communication. satellites launched into specific orbits. balance between pull. balance between speed. satellites launched orbit. satellites transformed navigation. satellites are technology. satellites have uses. satellites predict precision. tools for telecommunications. communication through radio signals. satellites role in global connectivity. data for conservation efforts. uses across industries. satellites perform functions. satellites achieve balance. data for environmental monitoring. tools for national security. satellites transformed monitor. global connectivity where infrastructure. satellites are essential tools. satellites are tools. specific orbits include geostationary orbit (geo). specific orbits include polar orbit. satellites operate principles. satellites are artificial objects. satellites are complex. cubesats increasing accessibility. small satellites known as cubesats. cubesats reducing costs. cubesats revolutionizing industry. data for conservation efforts. data for environmental monitoring. weather satellites equipped with sensors. weather satellites track storms. warnings for natural disasters. weather satellites monitor weather patterns. weather satellites provide data. weather satellites monitor climate patterns. data for meteorologists. weather satellites issue warnings. weather satellites equipped with cameras. specific orbits depend on purpose. specific orbits include polar orbit. specific orbits include geostationary orbit (geo). specific orbits include low earth orbit (leo).",
    "evaluation": 1
  },
  {
    "correct_answer": "The key components of a satellite include the payload and the bus.",
    "retrieved_context": "global connectivity in remote areas. uses across sectors. satellites revolutionized way of life. principles of physics. specific orbits include low earth orbit (leo). satellites monitor health. solar panels convert sunlight. understanding of world. satellites transformed data. artificial objects orbiting earth. satellites powered by solar panels. global connectivity in rural areas. tools for weather forecasting. satellites harnessing cutting-edge technology. satellites explore depths. tools for scientific research. satellites communicate continents. satellites expanded understanding. specific orbits depend on purpose. data for meteorologists. satellites transformed communication. satellites launched into specific orbits. balance between pull. balance between speed. satellites launched orbit. satellites transformed navigation. satellites are technology. satellites have uses. satellites predict precision. tools for telecommunications. communication through radio signals. satellites role in global connectivity. data for conservation efforts. uses across industries. satellites perform functions. satellites achieve balance. data for environmental monitoring. tools for national security. satellites transformed monitor. global connectivity where infrastructure. satellites are essential tools. satellites are tools. specific orbits include geostationary orbit (geo). specific orbits include polar orbit. satellites operate principles. satellites are artificial objects. satellites are complex. signals for phone calls. communication satellite relay signals. signals for forms. signals for television. signals for internet. uses across sectors. uses across industries. object orbits body. satellite technology is object. satellite technology explore types. types include geostationary satellites. future of satellite technology. satellite technology explore future. satellite technology explore work. satellite technology explore uses. satellite technology explore essay. cubesats increasing accessibility. small satellites known as cubesats. cubesats reducing costs. cubesats revolutionizing industry. speed of rotation. point on equator. geostationary satellites orbit at speed. geostationary satellites used for telecommunications. geostationary satellites remain fixed over point. geostationary satellites provide coverage. geostationary satellites used for broadcasting. payload perform primary function. payload is equipment. payload is instruments. data for conservation efforts. scientific research satellites study land cover. data for environmental monitoring. scientific research satellites study oceans. scientific research satellites study atmosphere. scientific research satellites study climate. data for meteorologists. scientific research satellites provide data.",
    "evaluation": 0
  },
  {
    "correct_answer": "Satellites are powered by solar panels that convert sunlight into electricity.",
    "retrieved_context": "global connectivity in remote areas. uses across sectors. satellites revolutionized way of life. principles of physics. specific orbits include low earth orbit (leo). satellites monitor health. solar panels convert sunlight. understanding of world. satellites transformed data. artificial objects orbiting earth. satellites powered by solar panels. global connectivity in rural areas. tools for weather forecasting. satellites harnessing cutting-edge technology. satellites explore depths. tools for scientific research. satellites communicate continents. satellites expanded understanding. specific orbits depend on purpose. data for meteorologists. satellites transformed communication. satellites launched into specific orbits. balance between pull. balance between speed. satellites launched orbit. satellites transformed navigation. satellites are technology. satellites have uses. satellites predict precision. tools for telecommunications. communication through radio signals. satellites role in global connectivity. data for conservation efforts. uses across industries. satellites perform functions. satellites achieve balance. data for environmental monitoring. tools for national security. satellites transformed monitor. global connectivity where infrastructure. satellites are essential tools. satellites are tools. specific orbits include geostationary orbit (geo). specific orbits include polar orbit. satellites operate principles. satellites are artificial objects. satellites are complex. sunlight into electricity. solar panels convert sunlight. uses across sectors. uses across industries. object orbits body. satellite technology is object. satellite technology explore types. types include geostationary satellites. future of satellite technology. satellite technology explore future. satellite technology explore work. satellite technology explore uses. satellite technology explore essay. cubesats increasing accessibility. small satellites known as cubesats. cubesats reducing costs. cubesats revolutionizing industry. data for conservation efforts. scientific research satellites study land cover. data for environmental monitoring. scientific research satellites study oceans. scientific research satellites study atmosphere. scientific research satellites study climate. data for meteorologists. scientific research satellites provide data. data for conservation efforts. data for environmental monitoring. weather satellites equipped with sensors. weather satellites track storms. warnings for natural disasters. weather satellites monitor weather patterns. weather satellites provide data. weather satellites monitor climate patterns. data for meteorologists. weather satellites issue warnings. weather satellites equipped with cameras. speed of rotation. point on equator. geostationary satellites orbit at speed. geostationary satellites used for telecommunications. geostationary satellites remain fixed over point. geostationary satellites provide coverage. geostationary satellites used for broadcasting. sunlight into electricity. electricity operate systems. electricity charge batteries.",
    "evaluation": 1
  },
  {
    "correct_answer": "Communication with satellites is typically done through radio signals.",
    "retrieved_context": "signals for phone calls. communication satellite relay signals. signals for forms. signals for television. signals for internet. uses across sectors. uses across industries. object orbits body. satellite technology is object. satellite technology explore types. types include geostationary satellites. future of satellite technology. satellite technology explore future. satellite technology explore work. satellite technology explore uses. satellite technology explore essay. global connectivity in remote areas. uses across sectors. satellites revolutionized way of life. principles of physics. specific orbits include low earth orbit (leo). satellites monitor health. solar panels convert sunlight. understanding of world. satellites transformed data. artificial objects orbiting earth. satellites powered by solar panels. global connectivity in rural areas. tools for weather forecasting. satellites harnessing cutting-edge technology. satellites explore depths. tools for scientific research. satellites communicate continents. satellites expanded understanding. specific orbits depend on purpose. data for meteorologists. satellites transformed communication. satellites launched into specific orbits. balance between pull. balance between speed. satellites launched orbit. satellites transformed navigation. satellites are technology. satellites have uses. satellites predict precision. tools for telecommunications. communication through radio signals. satellites role in global connectivity. data for conservation efforts. uses across industries. satellites perform functions. satellites achieve balance. data for environmental monitoring. tools for national security. satellites transformed monitor. global connectivity where infrastructure. satellites are essential tools. satellites are tools. specific orbits include geostationary orbit (geo). specific orbits include polar orbit. satellites operate principles. satellites are artificial objects. satellites are complex. ground stations known as earth stations. radio signals transmitted to ground stations. speed of rotation. point on equator. geostationary satellites orbit at speed. geostationary satellites used for telecommunications. geostationary satellites remain fixed over point. geostationary satellites provide coverage. geostationary satellites used for broadcasting. data for conservation efforts. data for environmental monitoring. weather satellites equipped with sensors. weather satellites track storms. warnings for natural disasters. weather satellites monitor weather patterns. weather satellites provide data. weather satellites monitor climate patterns. data for meteorologists. weather satellites issue warnings. weather satellites equipped with cameras. cubesats increasing accessibility. small satellites known as cubesats. cubesats reducing costs. cubesats revolutionizing industry.",
    "evaluation": 1
  },
  {
    "correct_answer": "Geostationary satellites orbit at the same speed as Earth's rotation.",
    "retrieved_context": "speed of rotation. point on equator. geostationary satellites orbit at speed. geostationary satellites used for telecommunications. geostationary satellites remain fixed over point. geostationary satellites provide coverage. geostationary satellites used for broadcasting. communication satellite relay signals. earth-orbiting is communication satellite. global connectivity in remote areas. uses across sectors. satellites revolutionized way of life. principles of physics. specific orbits include low earth orbit (leo). satellites monitor health. solar panels convert sunlight. understanding of world. satellites transformed data. artificial objects orbiting earth. satellites powered by solar panels. global connectivity in rural areas. tools for weather forecasting. satellites harnessing cutting-edge technology. satellites explore depths. tools for scientific research. satellites communicate continents. satellites expanded understanding. specific orbits depend on purpose. data for meteorologists. satellites transformed communication. satellites launched into specific orbits. balance between pull. balance between speed. satellites launched orbit. satellites transformed navigation. satellites are technology. satellites have uses. satellites predict precision. tools for telecommunications. communication through radio signals. satellites role in global connectivity. data for conservation efforts. uses across industries. satellites perform functions. satellites achieve balance. data for environmental monitoring. tools for national security. satellites transformed monitor. global connectivity where infrastructure. satellites are essential tools. satellites are tools. specific orbits include geostationary orbit (geo). specific orbits include polar orbit. satellites operate principles. satellites are artificial objects. satellites are complex. low earth orbit satellites used for satellite internet. low earth orbit satellites used for earth observation. low earth orbit satellites used for remote sensing. specific orbits depend on purpose. specific orbits include polar orbit. specific orbits include geostationary orbit (geo). specific orbits include low earth orbit (leo).",
    "evaluation": 0
  },
  {
    "correct_answer": "Low Earth orbit satellites are used for Earth observation and remote sensing.",
    "retrieved_context": "low earth orbit satellites used for satellite internet. low earth orbit satellites used for earth observation. low earth orbit satellites used for remote sensing. cubesats increasing accessibility. small satellites known as cubesats. cubesats reducing costs. cubesats revolutionizing industry. global connectivity in remote areas. uses across sectors. satellites revolutionized way of life. principles of physics. specific orbits include low earth orbit (leo). satellites monitor health. solar panels convert sunlight. understanding of world. satellites transformed data. artificial objects orbiting earth. satellites powered by solar panels. global connectivity in rural areas. tools for weather forecasting. satellites harnessing cutting-edge technology. satellites explore depths. tools for scientific research. satellites communicate continents. satellites expanded understanding. specific orbits depend on purpose. data for meteorologists. satellites transformed communication. satellites launched into specific orbits. balance between pull. balance between speed. satellites launched orbit. satellites transformed navigation. satellites are technology. satellites have uses. satellites predict precision. tools for telecommunications. communication through radio signals. satellites role in global connectivity. data for conservation efforts. uses across industries. satellites perform functions. satellites achieve balance. data for environmental monitoring. tools for national security. satellites transformed monitor. global connectivity where infrastructure. satellites are essential tools. satellites are tools. specific orbits include geostationary orbit (geo). specific orbits include polar orbit. satellites operate principles. satellites are artificial objects. satellites are complex. data for conservation efforts. scientific research satellites study land cover. data for environmental monitoring. scientific research satellites study oceans. scientific research satellites study atmosphere. scientific research satellites study climate. data for meteorologists. scientific research satellites provide data. data for conservation efforts. data for environmental monitoring. weather satellites equipped with sensors. weather satellites track storms. warnings for natural disasters. weather satellites monitor weather patterns. weather satellites provide data. weather satellites monitor climate patterns. data for meteorologists. weather satellites issue warnings. weather satellites equipped with cameras. uses across sectors. uses across industries. object orbits body. satellite technology is object. satellite technology explore types. types include geostationary satellites. future of satellite technology. satellite technology explore future. satellite technology explore work. satellite technology explore uses. satellite technology explore essay. speed of rotation. point on equator. geostationary satellites orbit at speed. geostationary satellites used for telecommunications. geostationary satellites remain fixed over point. geostationary satellites provide coverage. geostationary satellites used for broadcasting.",
    "evaluation": 1
  },
  {
    "correct_answer": "Satellites play a crucial role in providing global connectivity in telecommunications.",
    "retrieved_context": "signals for phone calls. communication satellite relay signals. signals for forms. signals for television. signals for internet. global connectivity in remote areas. uses across sectors. satellites revolutionized way of life. principles of physics. specific orbits include low earth orbit (leo). satellites monitor health. solar panels convert sunlight. understanding of world. satellites transformed data. artificial objects orbiting earth. satellites powered by solar panels. global connectivity in rural areas. tools for weather forecasting. satellites harnessing cutting-edge technology. satellites explore depths. tools for scientific research. satellites communicate continents. satellites expanded understanding. specific orbits depend on purpose. data for meteorologists. satellites transformed communication. satellites launched into specific orbits. balance between pull. balance between speed. satellites launched orbit. satellites transformed navigation. satellites are technology. satellites have uses. satellites predict precision. tools for telecommunications. communication through radio signals. satellites role in global connectivity. data for conservation efforts. uses across industries. satellites perform functions. satellites achieve balance. data for environmental monitoring. tools for national security. satellites transformed monitor. global connectivity where infrastructure. satellites are essential tools. satellites are tools. specific orbits include geostationary orbit (geo). specific orbits include polar orbit. satellites operate principles. satellites are artificial objects. satellites are complex. speed of rotation. point on equator. geostationary satellites orbit at speed. geostationary satellites used for telecommunications. geostationary satellites remain fixed over point. geostationary satellites provide coverage. geostationary satellites used for broadcasting. uses across sectors. uses across industries. object orbits body. satellite technology is object. satellite technology explore types. types include geostationary satellites. future of satellite technology. satellite technology explore future. satellite technology explore work. satellite technology explore uses. satellite technology explore essay. data for conservation efforts. scientific research satellites study land cover. data for environmental monitoring. scientific research satellites study oceans. scientific research satellites study atmosphere. scientific research satellites study climate. data for meteorologists. scientific research satellites provide data. data for conservation efforts. data for environmental monitoring. weather satellites equipped with sensors. weather satellites track storms. warnings for natural disasters. weather satellites monitor weather patterns. weather satellites provide data. weather satellites monitor climate patterns. data for meteorologists. weather satellites issue warnings. weather satellites equipped with cameras. global connectivity in remote areas. global connectivity in rural areas. global connectivity where infrastructure.",
    "evaluation": 1
  },
  {
    "correct_answer": "Weather satellites help track storms and monitor climate patterns.",
    "retrieved_context": "data for conservation efforts. data for environmental monitoring. weather satellites equipped with sensors. weather satellites track storms. warnings for natural disasters. weather satellites monitor weather patterns. weather satellites provide data. weather satellites monitor climate patterns. data for meteorologists. weather satellites issue warnings. weather satellites equipped with cameras. global connectivity in remote areas. uses across sectors. satellites revolutionized way of life. principles of physics. specific orbits include low earth orbit (leo). satellites monitor health. solar panels convert sunlight. understanding of world. satellites transformed data. artificial objects orbiting earth. satellites powered by solar panels. global connectivity in rural areas. tools for weather forecasting. satellites harnessing cutting-edge technology. satellites explore depths. tools for scientific research. satellites communicate continents. satellites expanded understanding. specific orbits depend on purpose. data for meteorologists. satellites transformed communication. satellites launched into specific orbits. balance between pull. balance between speed. satellites launched orbit. satellites transformed navigation. satellites are technology. satellites have uses. satellites predict precision. tools for telecommunications. communication through radio signals. satellites role in global connectivity. data for conservation efforts. uses across industries. satellites perform functions. satellites achieve balance. data for environmental monitoring. tools for national security. satellites transformed monitor. global connectivity where infrastructure. satellites are essential tools. satellites are tools. specific orbits include geostationary orbit (geo). specific orbits include polar orbit. satellites operate principles. satellites are artificial objects. satellites are complex. data for conservation efforts. scientific research satellites study land cover. data for environmental monitoring. scientific research satellites study oceans. scientific research satellites study atmosphere. scientific research satellites study climate. data for meteorologists. scientific research satellites provide data. speed of rotation. point on equator. geostationary satellites orbit at speed. geostationary satellites used for telecommunications. geostationary satellites remain fixed over point. geostationary satellites provide coverage. geostationary satellites used for broadcasting. uses across sectors. uses across industries. object orbits body. satellite technology is object. satellite technology explore types. types include geostationary satellites. future of satellite technology. satellite technology explore future. satellite technology explore work. satellite technology explore uses. satellite technology explore essay. signals for phone calls. communication satellite relay signals. signals for forms. signals for television. signals for internet.",
    "evaluation": 1
  },
  {
    "correct_answer": "Scientific research satellites are used to study the Earth's climate and land cover.",
    "retrieved_context": "data for conservation efforts. scientific research satellites study land cover. data for environmental monitoring. scientific research satellites study oceans. scientific research satellites study atmosphere. scientific research satellites study climate. data for meteorologists. scientific research satellites provide data. data for conservation efforts. data for environmental monitoring. weather satellites equipped with sensors. weather satellites track storms. warnings for natural disasters. weather satellites monitor weather patterns. weather satellites provide data. weather satellites monitor climate patterns. data for meteorologists. weather satellites issue warnings. weather satellites equipped with cameras. global connectivity in remote areas. uses across sectors. satellites revolutionized way of life. principles of physics. specific orbits include low earth orbit (leo). satellites monitor health. solar panels convert sunlight. understanding of world. satellites transformed data. artificial objects orbiting earth. satellites powered by solar panels. global connectivity in rural areas. tools for weather forecasting. satellites harnessing cutting-edge technology. satellites explore depths. tools for scientific research. satellites communicate continents. satellites expanded understanding. specific orbits depend on purpose. data for meteorologists. satellites transformed communication. satellites launched into specific orbits. balance between pull. balance between speed. satellites launched orbit. satellites transformed navigation. satellites are technology. satellites have uses. satellites predict precision. tools for telecommunications. communication through radio signals. satellites role in global connectivity. data for conservation efforts. uses across industries. satellites perform functions. satellites achieve balance. data for environmental monitoring. tools for national security. satellites transformed monitor. global connectivity where infrastructure. satellites are essential tools. satellites are tools. specific orbits include geostationary orbit (geo). specific orbits include polar orbit. satellites operate principles. satellites are artificial objects. satellites are complex. uses across sectors. uses across industries. object orbits body. satellite technology is object. satellite technology explore types. types include geostationary satellites. future of satellite technology. satellite technology explore future. satellite technology explore work. satellite technology explore uses. satellite technology explore essay. cubesats increasing accessibility. small satellites known as cubesats. cubesats reducing costs. cubesats revolutionizing industry. speed of rotation. point on equator. geostationary satellites orbit at speed. geostationary satellites used for telecommunications. geostationary satellites remain fixed over point. geostationary satellites provide coverage. geostationary satellites used for broadcasting. signals for phone calls. communication satellite relay signals. signals for forms. signals for television. signals for internet.",
    "evaluation": 1
  },
  {
    "correct_answer": "Advancements in miniaturization and propulsion are making satellites more capable and affordable.",
    "retrieved_context": "uses across sectors. uses across industries. object orbits body. satellite technology is object. satellite technology explore types. types include geostationary satellites. future of satellite technology. satellite technology explore future. satellite technology explore work. satellite technology explore uses. satellite technology explore essay. cubesats increasing accessibility. small satellites known as cubesats. cubesats reducing costs. cubesats revolutionizing industry. global connectivity in remote areas. uses across sectors. satellites revolutionized way of life. principles of physics. specific orbits include low earth orbit (leo). satellites monitor health. solar panels convert sunlight. understanding of world. satellites transformed data. artificial objects orbiting earth. satellites powered by solar panels. global connectivity in rural areas. tools for weather forecasting. satellites harnessing cutting-edge technology. satellites explore depths. tools for scientific research. satellites communicate continents. satellites expanded understanding. specific orbits depend on purpose. data for meteorologists. satellites transformed communication. satellites launched into specific orbits. balance between pull. balance between speed. satellites launched orbit. satellites transformed navigation. satellites are technology. satellites have uses. satellites predict precision. tools for telecommunications. communication through radio signals. satellites role in global connectivity. data for conservation efforts. uses across industries. satellites perform functions. satellites achieve balance. data for environmental monitoring. tools for national security. satellites transformed monitor. global connectivity where infrastructure. satellites are essential tools. satellites are tools. specific orbits include geostationary orbit (geo). specific orbits include polar orbit. satellites operate principles. satellites are artificial objects. satellites are complex. data for conservation efforts. scientific research satellites study land cover. data for environmental monitoring. scientific research satellites study oceans. scientific research satellites study atmosphere. scientific research satellites study climate. data for meteorologists. scientific research satellites provide data. low earth orbit satellites used for satellite internet. low earth orbit satellites used for earth observation. low earth orbit satellites used for remote sensing. signals for phone calls. communication satellite relay signals. signals for forms. signals for television. signals for internet. speed of rotation. point on equator. geostationary satellites orbit at speed. geostationary satellites used for telecommunications. geostationary satellites remain fixed over point. geostationary satellites provide coverage. geostationary satellites used for broadcasting. data for conservation efforts. data for environmental monitoring. weather satellites equipped with sensors. weather satellites track storms. warnings for natural disasters. weather satellites monitor weather patterns. weather satellites provide data. weather satellites monitor climate patterns. data for meteorologists. weather satellites issue warnings. weather satellites equipped with cameras.",
    "evaluation": 0
  },
  {
    "accuracy": "66.67%"
  }
]