[
  {
    "correct_answer": "Film editing is an essential aspect of the filmmaking process.",
    "retrieved_context": "film editing is multifaceted. non-linear editing creates disorientation. film editing involves arranging. film editing uses flash-forwards. film editing involves selecting. non-linear editing distorts chronological order. non-linear editing creates dynamic. film editing uses flashbacks. film editing manipulates space. film editing requires creativity. non-linear editing challenges expectations. film editing is referred to as invisible art. film editing uses non-linear editing. film editing requires technical skill. non-linear editing creates psychological depth. film editing is essential. non-linear editing creates viewing experience. non-linear editing creates mystery. film editing requires storytelling principles. film editing is complex. non-linear editing engages curiosity. film editing manipulates time. film editor transports worlds. film editor uses arrangement. coherent sequence is according to director's vision. film editor uses manipulation. coherent sequence is according to script. film editor has understanding. film editor has keen eye. film editor elevates collection. film editor is skilled. film editor transports possibility. film editor uses selection. film editor creates profound emotional level. film editor selects best takes. film editor transports viewers. film editor has mastery. film editor organizes coherent sequence. film editor transports imagination. film editor creates captivating. film editor creates resonates. assembly is of raw footage. editing process begins with assembly. assembly serves as foundation. assembly is known as rough cut. editing process progresses refines. refines involves trimming. refines involves pacing. refines involves fine-tuning. editing process creates seamless flow. refines involves sound effects. refines involves visual effects. creative editing includes montages. creative editing includes parallel editing. creative editing conveys complex ideas. creative editing uses visual juxtaposition. creative editing includes cross-cutting. creative editing enhances visual storytelling. creative editing evokes evoke emotions. creative editing conveys convey meaning. creative editing creates suspense. creative editing includes jump cuts. non-linear editing creates mystery. non-linear editing creates dynamic. non-linear editing creates disorientation. non-linear editing challenges expectations. non-linear editing engages curiosity. non-linear editing creates psychological depth. non-linear editing creates viewing experience. non-linear editing distorts chronological order.",
    "evaluation": 1
  },
  {
    "correct_answer": "Film editing involves selecting and arranging shots in a film.",
    "retrieved_context": "film editing is multifaceted. non-linear editing creates disorientation. film editing involves arranging. film editing uses flash-forwards. film editing involves selecting. non-linear editing distorts chronological order. non-linear editing creates dynamic. film editing uses flashbacks. film editing manipulates space. film editing requires creativity. non-linear editing challenges expectations. film editing is referred to as invisible art. film editing uses non-linear editing. film editing requires technical skill. non-linear editing creates psychological depth. film editing is essential. non-linear editing creates viewing experience. non-linear editing creates mystery. film editing requires storytelling principles. film editing is complex. non-linear editing engages curiosity. film editing manipulates time. film editor transports worlds. film editor uses arrangement. coherent sequence is according to director's vision. film editor uses manipulation. coherent sequence is according to script. film editor has understanding. film editor has keen eye. film editor elevates collection. film editor is skilled. film editor transports possibility. film editor uses selection. film editor creates profound emotional level. film editor selects best takes. film editor transports viewers. film editor has mastery. film editor organizes coherent sequence. film editor transports imagination. film editor creates captivating. film editor creates resonates. creative editing includes montages. creative editing includes parallel editing. creative editing conveys complex ideas. creative editing uses visual juxtaposition. creative editing includes cross-cutting. creative editing enhances visual storytelling. creative editing evokes evoke emotions. creative editing conveys convey meaning. creative editing creates suspense. creative editing includes jump cuts. assembly is of raw footage. editing process begins with assembly. assembly serves as foundation. assembly is known as rough cut. editing process progresses refines. refines involves trimming. refines involves pacing. refines involves fine-tuning. editing process creates seamless flow. refines involves sound effects. refines involves visual effects. non-linear editing creates mystery. non-linear editing creates dynamic. non-linear editing creates disorientation. non-linear editing challenges expectations. non-linear editing engages curiosity. non-linear editing creates psychological depth. non-linear editing creates viewing experience. non-linear editing distorts chronological order.",
    "evaluation": 1
  },
  {
    "correct_answer": "Film editing creates a cohesive and engaging narrative.",
    "retrieved_context": "film editing is multifaceted. non-linear editing creates disorientation. film editing involves arranging. film editing uses flash-forwards. film editing involves selecting. non-linear editing distorts chronological order. non-linear editing creates dynamic. film editing uses flashbacks. film editing manipulates space. film editing requires creativity. non-linear editing challenges expectations. film editing is referred to as invisible art. film editing uses non-linear editing. film editing requires technical skill. non-linear editing creates psychological depth. film editing is essential. non-linear editing creates viewing experience. non-linear editing creates mystery. film editing requires storytelling principles. film editing is complex. non-linear editing engages curiosity. film editing manipulates time. film editor transports worlds. film editor uses arrangement. coherent sequence is according to director's vision. film editor uses manipulation. coherent sequence is according to script. film editor has understanding. film editor has keen eye. film editor elevates collection. film editor is skilled. film editor transports possibility. film editor uses selection. film editor creates profound emotional level. film editor selects best takes. film editor transports viewers. film editor has mastery. film editor organizes coherent sequence. film editor transports imagination. film editor creates captivating. film editor creates resonates. creative editing includes montages. creative editing includes parallel editing. creative editing conveys complex ideas. creative editing uses visual juxtaposition. creative editing includes cross-cutting. creative editing enhances visual storytelling. creative editing evokes evoke emotions. creative editing conveys convey meaning. creative editing creates suspense. creative editing includes jump cuts.",
    "evaluation": 1
  },
  {
    "correct_answer": "Film editing is often referred to as the 'invisible art'.",
    "retrieved_context": "film editing is multifaceted. non-linear editing creates disorientation. film editing involves arranging. film editing uses flash-forwards. film editing involves selecting. non-linear editing distorts chronological order. non-linear editing creates dynamic. film editing uses flashbacks. film editing manipulates space. film editing requires creativity. non-linear editing challenges expectations. film editing is referred to as invisible art. film editing uses non-linear editing. film editing requires technical skill. non-linear editing creates psychological depth. film editing is essential. non-linear editing creates viewing experience. non-linear editing creates mystery. film editing requires storytelling principles. film editing is complex. non-linear editing engages curiosity. film editing manipulates time. film editor transports worlds. film editor uses arrangement. coherent sequence is according to director's vision. film editor uses manipulation. coherent sequence is according to script. film editor has understanding. film editor has keen eye. film editor elevates collection. film editor is skilled. film editor transports possibility. film editor uses selection. film editor creates profound emotional level. film editor selects best takes. film editor transports viewers. film editor has mastery. film editor organizes coherent sequence. film editor transports imagination. film editor creates captivating. film editor creates resonates. creative editing includes montages. creative editing includes parallel editing. creative editing conveys complex ideas. creative editing uses visual juxtaposition. creative editing includes cross-cutting. creative editing enhances visual storytelling. creative editing evokes evoke emotions. creative editing conveys convey meaning. creative editing creates suspense. creative editing includes jump cuts.",
    "evaluation": 1
  },
  {
    "correct_answer": "Editing transforms raw footage into a compelling cinematic experience.",
    "retrieved_context": "film editing is multifaceted. non-linear editing creates disorientation. film editing involves arranging. film editing uses flash-forwards. film editing involves selecting. non-linear editing distorts chronological order. non-linear editing creates dynamic. film editing uses flashbacks. film editing manipulates space. film editing requires creativity. non-linear editing challenges expectations. film editing is referred to as invisible art. film editing uses non-linear editing. film editing requires technical skill. non-linear editing creates psychological depth. film editing is essential. non-linear editing creates viewing experience. non-linear editing creates mystery. film editing requires storytelling principles. film editing is complex. non-linear editing engages curiosity. film editing manipulates time. film editor transports worlds. film editor uses arrangement. coherent sequence is according to director's vision. film editor uses manipulation. coherent sequence is according to script. film editor has understanding. film editor has keen eye. film editor elevates collection. film editor is skilled. film editor transports possibility. film editor uses selection. film editor creates profound emotional level. film editor selects best takes. film editor transports viewers. film editor has mastery. film editor organizes coherent sequence. film editor transports imagination. film editor creates captivating. film editor creates resonates. creative editing includes montages. creative editing includes parallel editing. creative editing conveys complex ideas. creative editing uses visual juxtaposition. creative editing includes cross-cutting. creative editing enhances visual storytelling. creative editing evokes evoke emotions. creative editing conveys convey meaning. creative editing creates suspense. creative editing includes jump cuts.",
    "evaluation": 1
  },
  {
    "correct_answer": "A film editor shapes the story by deciding what shots to include.",
    "retrieved_context": "film editor transports worlds. film editor uses arrangement. coherent sequence is according to director's vision. film editor uses manipulation. coherent sequence is according to script. film editor has understanding. film editor has keen eye. film editor elevates collection. film editor is skilled. film editor transports possibility. film editor uses selection. film editor creates profound emotional level. film editor selects best takes. film editor transports viewers. film editor has mastery. film editor organizes coherent sequence. film editor transports imagination. film editor creates captivating. film editor creates resonates. film editing is multifaceted. non-linear editing creates disorientation. film editing involves arranging. film editing uses flash-forwards. film editing involves selecting. non-linear editing distorts chronological order. non-linear editing creates dynamic. film editing uses flashbacks. film editing manipulates space. film editing requires creativity. non-linear editing challenges expectations. film editing is referred to as invisible art. film editing uses non-linear editing. film editing requires technical skill. non-linear editing creates psychological depth. film editing is essential. non-linear editing creates viewing experience. non-linear editing creates mystery. film editing requires storytelling principles. film editing is complex. non-linear editing engages curiosity. film editing manipulates time. creative editing includes montages. creative editing includes parallel editing. creative editing conveys complex ideas. creative editing uses visual juxtaposition. creative editing includes cross-cutting. creative editing enhances visual storytelling. creative editing evokes evoke emotions. creative editing conveys convey meaning. creative editing creates suspense. creative editing includes jump cuts.",
    "evaluation": 1
  },
  {
    "correct_answer": "A film editor decides the order in which shots appear.",
    "retrieved_context": "film editor transports worlds. film editor uses arrangement. coherent sequence is according to director's vision. film editor uses manipulation. coherent sequence is according to script. film editor has understanding. film editor has keen eye. film editor elevates collection. film editor is skilled. film editor transports possibility. film editor uses selection. film editor creates profound emotional level. film editor selects best takes. film editor transports viewers. film editor has mastery. film editor organizes coherent sequence. film editor transports imagination. film editor creates captivating. film editor creates resonates. film editing is multifaceted. non-linear editing creates disorientation. film editing involves arranging. film editing uses flash-forwards. film editing involves selecting. non-linear editing distorts chronological order. non-linear editing creates dynamic. film editing uses flashbacks. film editing manipulates space. film editing requires creativity. non-linear editing challenges expectations. film editing is referred to as invisible art. film editing uses non-linear editing. film editing requires technical skill. non-linear editing creates psychological depth. film editing is essential. non-linear editing creates viewing experience. non-linear editing creates mystery. film editing requires storytelling principles. film editing is complex. non-linear editing engages curiosity. film editing manipulates time. creative editing includes montages. creative editing includes parallel editing. creative editing conveys complex ideas. creative editing uses visual juxtaposition. creative editing includes cross-cutting. creative editing enhances visual storytelling. creative editing evokes evoke emotions. creative editing conveys convey meaning. creative editing creates suspense. creative editing includes jump cuts.",
    "evaluation": 1
  },
  {
    "correct_answer": "A film editor manipulates timing, pace, and rhythm to evoke emotions.",
    "retrieved_context": "film editor transports worlds. film editor uses arrangement. coherent sequence is according to director's vision. film editor uses manipulation. coherent sequence is according to script. film editor has understanding. film editor has keen eye. film editor elevates collection. film editor is skilled. film editor transports possibility. film editor uses selection. film editor creates profound emotional level. film editor selects best takes. film editor transports viewers. film editor has mastery. film editor organizes coherent sequence. film editor transports imagination. film editor creates captivating. film editor creates resonates. film editing is multifaceted. non-linear editing creates disorientation. film editing involves arranging. film editing uses flash-forwards. film editing involves selecting. non-linear editing distorts chronological order. non-linear editing creates dynamic. film editing uses flashbacks. film editing manipulates space. film editing requires creativity. non-linear editing challenges expectations. film editing is referred to as invisible art. film editing uses non-linear editing. film editing requires technical skill. non-linear editing creates psychological depth. film editing is essential. non-linear editing creates viewing experience. non-linear editing creates mystery. film editing requires storytelling principles. film editing is complex. non-linear editing engages curiosity. film editing manipulates time. creative editing includes montages. creative editing includes parallel editing. creative editing conveys complex ideas. creative editing uses visual juxtaposition. creative editing includes cross-cutting. creative editing enhances visual storytelling. creative editing evokes evoke emotions. creative editing conveys convey meaning. creative editing creates suspense. creative editing includes jump cuts.",
    "evaluation": 1
  },
  {
    "correct_answer": "The editing process starts with the assembly of raw footage.",
    "retrieved_context": "film editing is multifaceted. non-linear editing creates disorientation. film editing involves arranging. film editing uses flash-forwards. film editing involves selecting. non-linear editing distorts chronological order. non-linear editing creates dynamic. film editing uses flashbacks. film editing manipulates space. film editing requires creativity. non-linear editing challenges expectations. film editing is referred to as invisible art. film editing uses non-linear editing. film editing requires technical skill. non-linear editing creates psychological depth. film editing is essential. non-linear editing creates viewing experience. non-linear editing creates mystery. film editing requires storytelling principles. film editing is complex. non-linear editing engages curiosity. film editing manipulates time. assembly is of raw footage. editing process begins with assembly. assembly serves as foundation. assembly is known as rough cut. editing process progresses refines. refines involves trimming. refines involves pacing. refines involves fine-tuning. editing process creates seamless flow. refines involves sound effects. refines involves visual effects. film editor transports worlds. film editor uses arrangement. coherent sequence is according to director's vision. film editor uses manipulation. coherent sequence is according to script. film editor has understanding. film editor has keen eye. film editor elevates collection. film editor is skilled. film editor transports possibility. film editor uses selection. film editor creates profound emotional level. film editor selects best takes. film editor transports viewers. film editor has mastery. film editor organizes coherent sequence. film editor transports imagination. film editor creates captivating. film editor creates resonates. creative editing includes montages. creative editing includes parallel editing. creative editing conveys complex ideas. creative editing uses visual juxtaposition. creative editing includes cross-cutting. creative editing enhances visual storytelling. creative editing evokes evoke emotions. creative editing conveys convey meaning. creative editing creates suspense. creative editing includes jump cuts. assembly is of raw footage. assembly is known as rough cut. assembly serves as foundation.",
    "evaluation": 1
  },
  {
    "correct_answer": "The rough cut serves as the foundation for the final film.",
    "retrieved_context": "final film is built. film editing is multifaceted. non-linear editing creates disorientation. film editing involves arranging. film editing uses flash-forwards. film editing involves selecting. non-linear editing distorts chronological order. non-linear editing creates dynamic. film editing uses flashbacks. film editing manipulates space. film editing requires creativity. non-linear editing challenges expectations. film editing is referred to as invisible art. film editing uses non-linear editing. film editing requires technical skill. non-linear editing creates psychological depth. film editing is essential. non-linear editing creates viewing experience. non-linear editing creates mystery. film editing requires storytelling principles. film editing is complex. non-linear editing engages curiosity. film editing manipulates time. film editor transports worlds. film editor uses arrangement. coherent sequence is according to director's vision. film editor uses manipulation. coherent sequence is according to script. film editor has understanding. film editor has keen eye. film editor elevates collection. film editor is skilled. film editor transports possibility. film editor uses selection. film editor creates profound emotional level. film editor selects best takes. film editor transports viewers. film editor has mastery. film editor organizes coherent sequence. film editor transports imagination. film editor creates captivating. film editor creates resonates.",
    "evaluation": 0
  },
  {
    "correct_answer": "Film editors refine the rough cut by fine-tuning pacing and trimming footage.",
    "retrieved_context": "film editing is multifaceted. non-linear editing creates disorientation. film editing involves arranging. film editing uses flash-forwards. film editing involves selecting. non-linear editing distorts chronological order. non-linear editing creates dynamic. film editing uses flashbacks. film editing manipulates space. film editing requires creativity. non-linear editing challenges expectations. film editing is referred to as invisible art. film editing uses non-linear editing. film editing requires technical skill. non-linear editing creates psychological depth. film editing is essential. non-linear editing creates viewing experience. non-linear editing creates mystery. film editing requires storytelling principles. film editing is complex. non-linear editing engages curiosity. film editing manipulates time. film editor transports worlds. film editor uses arrangement. coherent sequence is according to director's vision. film editor uses manipulation. coherent sequence is according to script. film editor has understanding. film editor has keen eye. film editor elevates collection. film editor is skilled. film editor transports possibility. film editor uses selection. film editor creates profound emotional level. film editor selects best takes. film editor transports viewers. film editor has mastery. film editor organizes coherent sequence. film editor transports imagination. film editor creates captivating. film editor creates resonates. creative editing includes montages. creative editing includes parallel editing. creative editing conveys complex ideas. creative editing uses visual juxtaposition. creative editing includes cross-cutting. creative editing enhances visual storytelling. creative editing evokes evoke emotions. creative editing conveys convey meaning. creative editing creates suspense. creative editing includes jump cuts. trimming is of unnecessary footage.",
    "evaluation": 0
  },
  {
    "correct_answer": "Continuity editing techniques maintain spatial and temporal coherence.",
    "retrieved_context": "continuity editing maintains temporal coherence. continuity editing maintains spatial. non-linear editing creates mystery. non-linear editing creates dynamic. non-linear editing creates disorientation. non-linear editing challenges expectations. non-linear editing engages curiosity. non-linear editing creates psychological depth. non-linear editing creates viewing experience. non-linear editing distorts chronological order. creative editing includes montages. creative editing includes parallel editing. creative editing conveys complex ideas. creative editing uses visual juxtaposition. creative editing includes cross-cutting. creative editing enhances visual storytelling. creative editing evokes evoke emotions. creative editing conveys convey meaning. creative editing creates suspense. creative editing includes jump cuts. assembly is of raw footage. editing process begins with assembly. assembly serves as foundation. assembly is known as rough cut. editing process progresses refines. refines involves trimming. refines involves pacing. refines involves fine-tuning. editing process creates seamless flow. refines involves sound effects. refines involves visual effects. film editing is multifaceted. non-linear editing creates disorientation. film editing involves arranging. film editing uses flash-forwards. film editing involves selecting. non-linear editing distorts chronological order. non-linear editing creates dynamic. film editing uses flashbacks. film editing manipulates space. film editing requires creativity. non-linear editing challenges expectations. film editing is referred to as invisible art. film editing uses non-linear editing. film editing requires technical skill. non-linear editing creates psychological depth. film editing is essential. non-linear editing creates viewing experience. non-linear editing creates mystery. film editing requires storytelling principles. film editing is complex. non-linear editing engages curiosity. film editing manipulates time.",
    "evaluation": 1
  },
  {
    "correct_answer": "Creative editing techniques convey meaning and evoke emotions.",
    "retrieved_context": "creative editing includes montages. creative editing includes parallel editing. creative editing conveys complex ideas. creative editing uses visual juxtaposition. creative editing includes cross-cutting. creative editing enhances visual storytelling. creative editing evokes evoke emotions. creative editing conveys convey meaning. creative editing creates suspense. creative editing includes jump cuts. film editing is multifaceted. non-linear editing creates disorientation. film editing involves arranging. film editing uses flash-forwards. film editing involves selecting. non-linear editing distorts chronological order. non-linear editing creates dynamic. film editing uses flashbacks. film editing manipulates space. film editing requires creativity. non-linear editing challenges expectations. film editing is referred to as invisible art. film editing uses non-linear editing. film editing requires technical skill. non-linear editing creates psychological depth. film editing is essential. non-linear editing creates viewing experience. non-linear editing creates mystery. film editing requires storytelling principles. film editing is complex. non-linear editing engages curiosity. film editing manipulates time.",
    "evaluation": 1
  },
  {
    "correct_answer": "Film editors manipulate time and space using techniques like flashbacks.",
    "retrieved_context": "film editing is multifaceted. non-linear editing creates disorientation. film editing involves arranging. film editing uses flash-forwards. film editing involves selecting. non-linear editing distorts chronological order. non-linear editing creates dynamic. film editing uses flashbacks. film editing manipulates space. film editing requires creativity. non-linear editing challenges expectations. film editing is referred to as invisible art. film editing uses non-linear editing. film editing requires technical skill. non-linear editing creates psychological depth. film editing is essential. non-linear editing creates viewing experience. non-linear editing creates mystery. film editing requires storytelling principles. film editing is complex. non-linear editing engages curiosity. film editing manipulates time. film editor transports worlds. film editor uses arrangement. coherent sequence is according to director's vision. film editor uses manipulation. coherent sequence is according to script. film editor has understanding. film editor has keen eye. film editor elevates collection. film editor is skilled. film editor transports possibility. film editor uses selection. film editor creates profound emotional level. film editor selects best takes. film editor transports viewers. film editor has mastery. film editor organizes coherent sequence. film editor transports imagination. film editor creates captivating. film editor creates resonates. creative editing includes montages. creative editing includes parallel editing. creative editing conveys complex ideas. creative editing uses visual juxtaposition. creative editing includes cross-cutting. creative editing enhances visual storytelling. creative editing evokes evoke emotions. creative editing conveys convey meaning. creative editing creates suspense. creative editing includes jump cuts. continuity editing maintains temporal coherence. continuity editing maintains spatial.",
    "evaluation": 1
  },
  {
    "correct_answer": "Sound design impacts the emotional impact of a scene.",
    "retrieved_context": "sound design impacts emotional impact. sound design uses music. sound design enhances mood. sound design is crucial. sound design uses sound effects. sound design enhances atmosphere. sound design requires synchronization. sound design engages emotions. sound design engages senses. sound design adds dimension. sound design uses dialogue. sound design adds depth. sound design creates harmonious blend.",
    "evaluation": 1
  },
  {
    "accuracy": "86.67%"
  }
]