[
  {
    "correct_answer": "Languages are an integral part of human culture and identity.",
    "retrieved_context": "",
    "evaluation": 0
  },
  {
    "correct_answer": "Languages serve as a means of communication and expression for communities.",
    "retrieved_context": "",
    "evaluation": 0
  },
  {
    "correct_answer": "Language death occurs when a language ceases to be spoken by a community.",
    "retrieved_context": "",
    "evaluation": 0
  },
  {
    "correct_answer": "Cultural assimilation and globalization are primary reasons for language death.",
    "retrieved_context": "",
    "evaluation": 0
  },
  {
    "correct_answer": "Globalization leads to the marginalization of smaller, minority languages.",
    "retrieved_context": "",
    "evaluation": 0
  },
  {
    "correct_answer": "The decline in intergenerational transmission of languages contributes to language death.",
    "retrieved_context": "",
    "evaluation": 0
  },
  {
    "correct_answer": "Younger generations may not learn ancestral languages due to social pressures.",
    "retrieved_context": "",
    "evaluation": 0
  },
  {
    "correct_answer": "Breakdown in language transmission often occurs in urbanized settings.",
    "retrieved_context": "",
    "evaluation": 0
  },
  {
    "correct_answer": "Environmental factors like natural disasters can contribute to language death.",
    "retrieved_context": "",
    "evaluation": 0
  },
  {
    "correct_answer": "The consequences of language death include the loss of unique ways of understanding the world.",
    "retrieved_context": "",
    "evaluation": 0
  },
  {
    "correct_answer": "Language extinction leads to the erosion of traditional ecological knowledge.",
    "retrieved_context": "",
    "evaluation": 0
  },
  {
    "correct_answer": "Efforts to preserve endangered languages involve language teaching and learning.",
    "retrieved_context": "",
    "evaluation": 0
  },
  {
    "correct_answer": "Language revitalization programs aim to empower speakers to reclaim their linguistic heritage.",
    "retrieved_context": "",
    "evaluation": 0
  },
  {
    "correct_answer": "Understanding the reasons for language death is essential for addressing the issue.",
    "retrieved_context": "",
    "evaluation": 0
  },
  {
    "correct_answer": "Valuing and supporting linguistic diversity is crucial for the preservation of human languages.",
    "retrieved_context": "",
    "evaluation": 0
  },
  {
    "accuracy": "0.00%"
  }
]