[
  {
    "correct_answer": "Music streaming services revolutionized music consumption.",
    "retrieved_context": "established artists with revenue stream. music streaming services have democratized music industry. music streaming services have revolutionized consume. music streaming services have revolutionized modern era. profound impact on artists. profound impact on music industry. music streaming services have benefited established artists. profound impact on listeners. music streaming services have had profound impact. diverse music landscape with styles. diverse music landscape with genres. genres available to audiences. styles available to audiences. music lovers have access to extensive library. extensive library of songs.",
    "evaluation": 1
  },
  {
    "correct_answer": "Platforms like Spotify, Apple Music, and Pandora provide extensive song libraries.",
    "retrieved_context": "established artists with revenue stream. music streaming services have democratized music industry. music streaming services have revolutionized consume. music streaming services have revolutionized modern era. profound impact on artists. profound impact on music industry. music streaming services have benefited established artists. profound impact on listeners. music streaming services have had profound impact. diverse music landscape with styles. diverse music landscape with genres. genres available to audiences. styles available to audiences. songs at fingertips. physical music formats like cds. physical music formats dominated market. physical music formats like vinyl records.",
    "evaluation": 0
  },
  {
    "correct_answer": "Shift from physical music formats to online platforms due to streaming services.",
    "retrieved_context": "established artists with revenue stream. music streaming services have democratized music industry. music streaming services have revolutionized consume. music streaming services have revolutionized modern era. profound impact on artists. profound impact on music industry. music streaming services have benefited established artists. profound impact on listeners. music streaming services have had profound impact. physical music formats like cds. physical music formats dominated market. physical music formats like vinyl records. diverse music landscape with styles. diverse music landscape with genres. genres available to audiences. styles available to audiences.",
    "evaluation": 1
  },
  {
    "correct_answer": "Decline in physical music sales due to the rise of streaming services.",
    "retrieved_context": "established artists with revenue stream. music streaming services have democratized music industry. music streaming services have revolutionized consume. music streaming services have revolutionized modern era. profound impact on artists. profound impact on music industry. music streaming services have benefited established artists. profound impact on listeners. music streaming services have had profound impact. decline in physical music sales. physical music formats like cds. physical music formats dominated market. physical music formats like vinyl records. traditional music industry particularly on record labels. traditional music industry particularly on physical music retailers.",
    "evaluation": 1
  },
  {
    "correct_answer": "Streaming services offer opportunities for artists to reach a global audience.",
    "retrieved_context": "established artists with revenue stream. music streaming services have democratized music industry. music streaming services have revolutionized consume. music streaming services have revolutionized modern era. profound impact on artists. profound impact on music industry. music streaming services have benefited established artists. profound impact on listeners. music streaming services have had profound impact. emerging artists to showcase. streamed earn fraction of a cent. diverse music landscape with styles. diverse music landscape with genres. genres available to audiences. styles available to audiences. artists have embraced platforms. platforms such as pandora. artists without major label backing. music lovers have access to extensive library. platforms such as apple music. artists to share music lovers. platforms such as spotify. artists are compensated. platforms have leveled playing field.",
    "evaluation": 1
  },
  {
    "correct_answer": "Streaming platforms democratize the music industry for independent artists.",
    "retrieved_context": "established artists with revenue stream. music streaming services have democratized music industry. music streaming services have revolutionized consume. music streaming services have revolutionized modern era. profound impact on artists. profound impact on music industry. music streaming services have benefited established artists. profound impact on listeners. music streaming services have had profound impact. diverse music landscape with styles. diverse music landscape with genres. genres available to audiences. styles available to audiences. traditional music industry particularly on record labels. traditional music industry particularly on physical music retailers. music lovers have access to extensive library. extensive library of songs.",
    "evaluation": 0
  },
  {
    "correct_answer": "Artists earn royalties based on the number of streams on music streaming services.",
    "retrieved_context": "established artists with revenue stream. music streaming services have democratized music industry. music streaming services have revolutionized consume. music streaming services have revolutionized modern era. profound impact on artists. profound impact on music industry. music streaming services have benefited established artists. profound impact on listeners. music streaming services have had profound impact. artist compensation not adequately compensated. artists have embraced platforms. platforms such as pandora. artists without major label backing. music lovers have access to extensive library. platforms such as apple music. artists to share music lovers. platforms such as spotify. artists are compensated. platforms have leveled playing field.",
    "evaluation": 0
  },
  {
    "correct_answer": "Critics argue that the current royalty system is unfair to lesser-known artists.",
    "retrieved_context": "debates about fair compensation. low royalty rates led to debates. artist compensation not adequately compensated. unfair to smaller fan base. critics argue unfair. unfair to well-known. artists have embraced platforms. platforms such as pandora. artists without major label backing. music lovers have access to extensive library. platforms such as apple music. artists to share music lovers. platforms such as spotify. artists are compensated. platforms have leveled playing field. established artists with revenue stream. platforms such as pandora. platforms such as apple music. criticisms associated with platforms. platforms such as spotify. platforms have leveled playing field. emerging artists to showcase.",
    "evaluation": 1
  },
  {
    "correct_answer": "Established artists benefit from streaming platforms as a new revenue stream.",
    "retrieved_context": "established artists with revenue stream. music streaming services have democratized music industry. music streaming services have revolutionized consume. music streaming services have revolutionized modern era. profound impact on artists. profound impact on music industry. music streaming services have benefited established artists. profound impact on listeners. music streaming services have had profound impact. emerging artists to showcase. established artists with revenue stream. artists have embraced platforms. platforms such as pandora. artists without major label backing. music lovers have access to extensive library. platforms such as apple music. artists to share music lovers. platforms such as spotify. artists are compensated. platforms have leveled playing field.",
    "evaluation": 1
  },
  {
    "correct_answer": "Streaming services provide valuable data and analytics for artists.",
    "retrieved_context": "established artists with revenue stream. music streaming services have democratized music industry. music streaming services have revolutionized consume. music streaming services have revolutionized modern era. profound impact on artists. profound impact on music industry. music streaming services have benefited established artists. profound impact on listeners. music streaming services have had profound impact. streamed earn fraction of a cent. analytics help understand. valuable data and analytics. artists have embraced platforms. platforms such as pandora. artists without major label backing. music lovers have access to extensive library. platforms such as apple music. artists to share music lovers. platforms such as spotify. artists are compensated. platforms have leveled playing field. diverse music landscape with styles. diverse music landscape with genres. genres available to audiences. styles available to audiences. analytics help understand. understand audience preferences. emerging artists to showcase.",
    "evaluation": 1
  },
  {
    "correct_answer": "Listeners can easily discover new artists and genres through streaming services.",
    "retrieved_context": "established artists with revenue stream. music streaming services have democratized music industry. music streaming services have revolutionized consume. music streaming services have revolutionized modern era. profound impact on artists. profound impact on music industry. music streaming services have benefited established artists. profound impact on listeners. music streaming services have had profound impact. diverse music landscape with styles. diverse music landscape with genres. genres available to audiences. styles available to audiences. genres available to audiences. music lovers have access to extensive library. extensive library of songs. emerging artists to showcase.",
    "evaluation": 1
  },
  {
    "correct_answer": "Personalized playlists and recommendations enhance the music listening experience.",
    "retrieved_context": "personalized playlists and recommendations algorithms. recommendations algorithms aligns with tastes. tailored listening experience accessible to wider audience. recommendations algorithms aligns with tastes. established artists with revenue stream. music streaming services have democratized music industry. music streaming services have revolutionized consume. music streaming services have revolutionized modern era. profound impact on artists. profound impact on music industry. music streaming services have benefited established artists. profound impact on listeners. music streaming services have had profound impact.",
    "evaluation": 1
  },
  {
    "correct_answer": "Music streaming services have made music more accessible to a wider audience.",
    "retrieved_context": "established artists with revenue stream. music streaming services have democratized music industry. music streaming services have revolutionized consume. music streaming services have revolutionized modern era. profound impact on artists. profound impact on music industry. music streaming services have benefited established artists. profound impact on listeners. music streaming services have had profound impact. diverse music landscape with styles. diverse music landscape with genres. genres available to audiences. styles available to audiences. physical music formats like cds. physical music formats dominated market. physical music formats like vinyl records.",
    "evaluation": 1
  },
  {
    "correct_answer": "Listeners can stream individual tracks and create personalized playlists.",
    "retrieved_context": "personalized playlists and recommendations algorithms. recommendations algorithms aligns with tastes. established artists with revenue stream. music streaming services have democratized music industry. music streaming services have revolutionized consume. music streaming services have revolutionized modern era. profound impact on artists. profound impact on music industry. music streaming services have benefited established artists. profound impact on listeners. music streaming services have had profound impact. physical music formats like cds. physical music formats dominated market. physical music formats like vinyl records.",
    "evaluation": 0
  },
  {
    "correct_answer": "Challenges include concerns about the sustainability of the music business model.",
    "retrieved_context": "traditional music industry particularly on record labels. traditional music industry particularly on physical music retailers. diverse music landscape with styles. diverse music landscape with genres. genres available to audiences. styles available to audiences. sustainability of business model.",
    "evaluation": 1
  },
  {
    "accuracy": "73.33%"
  }
]