[
  {
    "correct_answer": "Libraries are considered the backbone of society.",
    "retrieved_context": "libraries offer online resources. libraries serve as essential institutions. patrons explore ideas. range of materials. libraries fostering sense. cultural institutions collecting archives. libraries support literacy initiatives. libraries providing access to viewpoints. libraries creating opportunities for community engagement. libraries provide services. libraries provide access to range. libraries support lifelong learning. libraries hosting community events. libraries enriching lives. libraries offering educational programs. libraries contribute to intellectual fabric. repositories of culture. libraries accessible to public. cultural institutions collecting books. cultural institutions safeguard collective memory. libraries contribute to cultural. gathering spaces engage in discussions. cultural institutions explore cultural identity. cultural institutions provide lectures. cultural institutions collecting cultural artifacts. libraries contribute to advancement. libraries providing access to technology. libraries hosting programs. community hubs access computers. cultural institutions preserve cultural heritage. libraries promoting informed citizenship. libraries empower individuals. libraries play a role in society. libraries uphold censorship. libraries engage in democratic discourse. libraries promoting critical thinking. libraries offer digital collections. libraries considered as backbone. libraries provide support. libraries serve as beacons. libraries offering community services. libraries contribute to social. repositories of knowledge. libraries provide workshops. libraries providing access to books. libraries play multifaceted role. libraries serve as cultural institutions. libraries serve as community hubs. libraries providing access to internet. libraries serve as repositories. cultural institutions safeguard heritage. repositories of information. gathering spaces attend events. libraries provide adult education classes. cultural institutions provide exhibitions. libraries providing access to ideas. libraries serve as educational institutions. gathering spaces participate in cultural activities. libraries promoting intellectual freedom. community hubs access internet services. cultural institutions collecting manuscripts. libraries hosting book clubs. libraries promoting information literacy. community hubs enhance digital literacy skills. libraries serve as gathering spaces. libraries uphold privacy. patrons broaden horizons. libraries promoting democracy. libraries cater to patrons. libraries fostering love of learning. community hubs participate in digital economy. libraries provide early literacy programs. libraries bridging digital divide. libraries providing access to resources. repositories of knowledge. repositories of culture. repositories of information.",
    "evaluation": 1
  },
  {
    "correct_answer": "Libraries serve as repositories of knowledge, culture, and information.",
    "retrieved_context": "libraries offer online resources. libraries serve as essential institutions. patrons explore ideas. range of materials. libraries fostering sense. cultural institutions collecting archives. libraries support literacy initiatives. libraries providing access to viewpoints. libraries creating opportunities for community engagement. libraries provide services. libraries provide access to range. libraries support lifelong learning. libraries hosting community events. libraries enriching lives. libraries offering educational programs. libraries contribute to intellectual fabric. repositories of culture. libraries accessible to public. cultural institutions collecting books. cultural institutions safeguard collective memory. libraries contribute to cultural. gathering spaces engage in discussions. cultural institutions explore cultural identity. cultural institutions provide lectures. cultural institutions collecting cultural artifacts. libraries contribute to advancement. libraries providing access to technology. libraries hosting programs. community hubs access computers. cultural institutions preserve cultural heritage. libraries promoting informed citizenship. libraries empower individuals. libraries play a role in society. libraries uphold censorship. libraries engage in democratic discourse. libraries promoting critical thinking. libraries offer digital collections. libraries considered as backbone. libraries provide support. libraries serve as beacons. libraries offering community services. libraries contribute to social. repositories of knowledge. libraries provide workshops. libraries providing access to books. libraries play multifaceted role. libraries serve as cultural institutions. libraries serve as community hubs. libraries providing access to internet. libraries serve as repositories. cultural institutions safeguard heritage. repositories of information. gathering spaces attend events. libraries provide adult education classes. cultural institutions provide exhibitions. libraries providing access to ideas. libraries serve as educational institutions. gathering spaces participate in cultural activities. libraries promoting intellectual freedom. community hubs access internet services. cultural institutions collecting manuscripts. libraries hosting book clubs. libraries promoting information literacy. community hubs enhance digital literacy skills. libraries serve as gathering spaces. libraries uphold privacy. patrons broaden horizons. libraries promoting democracy. libraries cater to patrons. libraries fostering love of learning. community hubs participate in digital economy. libraries provide early literacy programs. libraries bridging digital divide. libraries providing access to resources. repositories of knowledge. repositories of culture. repositories of information. cultural institutions provide exhibitions. cultural institutions collecting books. cultural institutions safeguard collective memory. cultural institutions collecting archives. cultural institutions explore cultural identity. cultural institutions collecting manuscripts. cultural institutions collecting cultural artifacts. cultural institutions provide lectures. cultural institutions preserve cultural heritage. cultural institutions safeguard heritage.",
    "evaluation": 1
  },
  {
    "correct_answer": "Libraries provide access to books and resources.",
    "retrieved_context": "libraries offer online resources. libraries serve as essential institutions. patrons explore ideas. range of materials. libraries fostering sense. cultural institutions collecting archives. libraries support literacy initiatives. libraries providing access to viewpoints. libraries creating opportunities for community engagement. libraries provide services. libraries provide access to range. libraries support lifelong learning. libraries hosting community events. libraries enriching lives. libraries offering educational programs. libraries contribute to intellectual fabric. repositories of culture. libraries accessible to public. cultural institutions collecting books. cultural institutions safeguard collective memory. libraries contribute to cultural. gathering spaces engage in discussions. cultural institutions explore cultural identity. cultural institutions provide lectures. cultural institutions collecting cultural artifacts. libraries contribute to advancement. libraries providing access to technology. libraries hosting programs. community hubs access computers. cultural institutions preserve cultural heritage. libraries promoting informed citizenship. libraries empower individuals. libraries play a role in society. libraries uphold censorship. libraries engage in democratic discourse. libraries promoting critical thinking. libraries offer digital collections. libraries considered as backbone. libraries provide support. libraries serve as beacons. libraries offering community services. libraries contribute to social. repositories of knowledge. libraries provide workshops. libraries providing access to books. libraries play multifaceted role. libraries serve as cultural institutions. libraries serve as community hubs. libraries providing access to internet. libraries serve as repositories. cultural institutions safeguard heritage. repositories of information. gathering spaces attend events. libraries provide adult education classes. cultural institutions provide exhibitions. libraries providing access to ideas. libraries serve as educational institutions. gathering spaces participate in cultural activities. libraries promoting intellectual freedom. community hubs access internet services. cultural institutions collecting manuscripts. libraries hosting book clubs. libraries promoting information literacy. community hubs enhance digital literacy skills. libraries serve as gathering spaces. libraries uphold privacy. patrons broaden horizons. libraries promoting democracy. libraries cater to patrons. libraries fostering love of learning. community hubs participate in digital economy. libraries provide early literacy programs. libraries bridging digital divide. libraries providing access to resources.",
    "evaluation": 1
  },
  {
    "correct_answer": "Libraries offer educational programs and community services.",
    "retrieved_context": "libraries offer online resources. libraries serve as essential institutions. patrons explore ideas. range of materials. libraries fostering sense. cultural institutions collecting archives. libraries support literacy initiatives. libraries providing access to viewpoints. libraries creating opportunities for community engagement. libraries provide services. libraries provide access to range. libraries support lifelong learning. libraries hosting community events. libraries enriching lives. libraries offering educational programs. libraries contribute to intellectual fabric. repositories of culture. libraries accessible to public. cultural institutions collecting books. cultural institutions safeguard collective memory. libraries contribute to cultural. gathering spaces engage in discussions. cultural institutions explore cultural identity. cultural institutions provide lectures. cultural institutions collecting cultural artifacts. libraries contribute to advancement. libraries providing access to technology. libraries hosting programs. community hubs access computers. cultural institutions preserve cultural heritage. libraries promoting informed citizenship. libraries empower individuals. libraries play a role in society. libraries uphold censorship. libraries engage in democratic discourse. libraries promoting critical thinking. libraries offer digital collections. libraries considered as backbone. libraries provide support. libraries serve as beacons. libraries offering community services. libraries contribute to social. repositories of knowledge. libraries provide workshops. libraries providing access to books. libraries play multifaceted role. libraries serve as cultural institutions. libraries serve as community hubs. libraries providing access to internet. libraries serve as repositories. cultural institutions safeguard heritage. repositories of information. gathering spaces attend events. libraries provide adult education classes. cultural institutions provide exhibitions. libraries providing access to ideas. libraries serve as educational institutions. gathering spaces participate in cultural activities. libraries promoting intellectual freedom. community hubs access internet services. cultural institutions collecting manuscripts. libraries hosting book clubs. libraries promoting information literacy. community hubs enhance digital literacy skills. libraries serve as gathering spaces. libraries uphold privacy. patrons broaden horizons. libraries promoting democracy. libraries cater to patrons. libraries fostering love of learning. community hubs participate in digital economy. libraries provide early literacy programs. libraries bridging digital divide. libraries providing access to resources.",
    "evaluation": 1
  },
  {
    "correct_answer": "Libraries cater to varied interests and needs of patrons.",
    "retrieved_context": "libraries offer online resources. libraries serve as essential institutions. patrons explore ideas. range of materials. libraries fostering sense. cultural institutions collecting archives. libraries support literacy initiatives. libraries providing access to viewpoints. libraries creating opportunities for community engagement. libraries provide services. libraries provide access to range. libraries support lifelong learning. libraries hosting community events. libraries enriching lives. libraries offering educational programs. libraries contribute to intellectual fabric. repositories of culture. libraries accessible to public. cultural institutions collecting books. cultural institutions safeguard collective memory. libraries contribute to cultural. gathering spaces engage in discussions. cultural institutions explore cultural identity. cultural institutions provide lectures. cultural institutions collecting cultural artifacts. libraries contribute to advancement. libraries providing access to technology. libraries hosting programs. community hubs access computers. cultural institutions preserve cultural heritage. libraries promoting informed citizenship. libraries empower individuals. libraries play a role in society. libraries uphold censorship. libraries engage in democratic discourse. libraries promoting critical thinking. libraries offer digital collections. libraries considered as backbone. libraries provide support. libraries serve as beacons. libraries offering community services. libraries contribute to social. repositories of knowledge. libraries provide workshops. libraries providing access to books. libraries play multifaceted role. libraries serve as cultural institutions. libraries serve as community hubs. libraries providing access to internet. libraries serve as repositories. cultural institutions safeguard heritage. repositories of information. gathering spaces attend events. libraries provide adult education classes. cultural institutions provide exhibitions. libraries providing access to ideas. libraries serve as educational institutions. gathering spaces participate in cultural activities. libraries promoting intellectual freedom. community hubs access internet services. cultural institutions collecting manuscripts. libraries hosting book clubs. libraries promoting information literacy. community hubs enhance digital literacy skills. libraries serve as gathering spaces. libraries uphold privacy. patrons broaden horizons. libraries promoting democracy. libraries cater to patrons. libraries fostering love of learning. community hubs participate in digital economy. libraries provide early literacy programs. libraries bridging digital divide. libraries providing access to resources.",
    "evaluation": 1
  },
  {
    "correct_answer": "Libraries provide access to physical and digital collections.",
    "retrieved_context": "libraries offer online resources. libraries serve as essential institutions. patrons explore ideas. range of materials. libraries fostering sense. cultural institutions collecting archives. libraries support literacy initiatives. libraries providing access to viewpoints. libraries creating opportunities for community engagement. libraries provide services. libraries provide access to range. libraries support lifelong learning. libraries hosting community events. libraries enriching lives. libraries offering educational programs. libraries contribute to intellectual fabric. repositories of culture. libraries accessible to public. cultural institutions collecting books. cultural institutions safeguard collective memory. libraries contribute to cultural. gathering spaces engage in discussions. cultural institutions explore cultural identity. cultural institutions provide lectures. cultural institutions collecting cultural artifacts. libraries contribute to advancement. libraries providing access to technology. libraries hosting programs. community hubs access computers. cultural institutions preserve cultural heritage. libraries promoting informed citizenship. libraries empower individuals. libraries play a role in society. libraries uphold censorship. libraries engage in democratic discourse. libraries promoting critical thinking. libraries offer digital collections. libraries considered as backbone. libraries provide support. libraries serve as beacons. libraries offering community services. libraries contribute to social. repositories of knowledge. libraries provide workshops. libraries providing access to books. libraries play multifaceted role. libraries serve as cultural institutions. libraries serve as community hubs. libraries providing access to internet. libraries serve as repositories. cultural institutions safeguard heritage. repositories of information. gathering spaces attend events. libraries provide adult education classes. cultural institutions provide exhibitions. libraries providing access to ideas. libraries serve as educational institutions. gathering spaces participate in cultural activities. libraries promoting intellectual freedom. community hubs access internet services. cultural institutions collecting manuscripts. libraries hosting book clubs. libraries promoting information literacy. community hubs enhance digital literacy skills. libraries serve as gathering spaces. libraries uphold privacy. patrons broaden horizons. libraries promoting democracy. libraries cater to patrons. libraries fostering love of learning. community hubs participate in digital economy. libraries provide early literacy programs. libraries bridging digital divide. libraries providing access to resources.",
    "evaluation": 1
  },
  {
    "correct_answer": "Libraries support lifelong learning and literacy initiatives.",
    "retrieved_context": "libraries offer online resources. libraries serve as essential institutions. patrons explore ideas. range of materials. libraries fostering sense. cultural institutions collecting archives. libraries support literacy initiatives. libraries providing access to viewpoints. libraries creating opportunities for community engagement. libraries provide services. libraries provide access to range. libraries support lifelong learning. libraries hosting community events. libraries enriching lives. libraries offering educational programs. libraries contribute to intellectual fabric. repositories of culture. libraries accessible to public. cultural institutions collecting books. cultural institutions safeguard collective memory. libraries contribute to cultural. gathering spaces engage in discussions. cultural institutions explore cultural identity. cultural institutions provide lectures. cultural institutions collecting cultural artifacts. libraries contribute to advancement. libraries providing access to technology. libraries hosting programs. community hubs access computers. cultural institutions preserve cultural heritage. libraries promoting informed citizenship. libraries empower individuals. libraries play a role in society. libraries uphold censorship. libraries engage in democratic discourse. libraries promoting critical thinking. libraries offer digital collections. libraries considered as backbone. libraries provide support. libraries serve as beacons. libraries offering community services. libraries contribute to social. repositories of knowledge. libraries provide workshops. libraries providing access to books. libraries play multifaceted role. libraries serve as cultural institutions. libraries serve as community hubs. libraries providing access to internet. libraries serve as repositories. cultural institutions safeguard heritage. repositories of information. gathering spaces attend events. libraries provide adult education classes. cultural institutions provide exhibitions. libraries providing access to ideas. libraries serve as educational institutions. gathering spaces participate in cultural activities. libraries promoting intellectual freedom. community hubs access internet services. cultural institutions collecting manuscripts. libraries hosting book clubs. libraries promoting information literacy. community hubs enhance digital literacy skills. libraries serve as gathering spaces. libraries uphold privacy. patrons broaden horizons. libraries promoting democracy. libraries cater to patrons. libraries fostering love of learning. community hubs participate in digital economy. libraries provide early literacy programs. libraries bridging digital divide. libraries providing access to resources.",
    "evaluation": 1
  },
  {
    "correct_answer": "Libraries help empower individuals to reach their full potential.",
    "retrieved_context": "libraries offer online resources. libraries serve as essential institutions. patrons explore ideas. range of materials. libraries fostering sense. cultural institutions collecting archives. libraries support literacy initiatives. libraries providing access to viewpoints. libraries creating opportunities for community engagement. libraries provide services. libraries provide access to range. libraries support lifelong learning. libraries hosting community events. libraries enriching lives. libraries offering educational programs. libraries contribute to intellectual fabric. repositories of culture. libraries accessible to public. cultural institutions collecting books. cultural institutions safeguard collective memory. libraries contribute to cultural. gathering spaces engage in discussions. cultural institutions explore cultural identity. cultural institutions provide lectures. cultural institutions collecting cultural artifacts. libraries contribute to advancement. libraries providing access to technology. libraries hosting programs. community hubs access computers. cultural institutions preserve cultural heritage. libraries promoting informed citizenship. libraries empower individuals. libraries play a role in society. libraries uphold censorship. libraries engage in democratic discourse. libraries promoting critical thinking. libraries offer digital collections. libraries considered as backbone. libraries provide support. libraries serve as beacons. libraries offering community services. libraries contribute to social. repositories of knowledge. libraries provide workshops. libraries providing access to books. libraries play multifaceted role. libraries serve as cultural institutions. libraries serve as community hubs. libraries providing access to internet. libraries serve as repositories. cultural institutions safeguard heritage. repositories of information. gathering spaces attend events. libraries provide adult education classes. cultural institutions provide exhibitions. libraries providing access to ideas. libraries serve as educational institutions. gathering spaces participate in cultural activities. libraries promoting intellectual freedom. community hubs access internet services. cultural institutions collecting manuscripts. libraries hosting book clubs. libraries promoting information literacy. community hubs enhance digital literacy skills. libraries serve as gathering spaces. libraries uphold privacy. patrons broaden horizons. libraries promoting democracy. libraries cater to patrons. libraries fostering love of learning. community hubs participate in digital economy. libraries provide early literacy programs. libraries bridging digital divide. libraries providing access to resources.",
    "evaluation": 1
  },
  {
    "correct_answer": "Libraries bridge the digital divide by providing access to technology.",
    "retrieved_context": "libraries offer online resources. libraries serve as essential institutions. patrons explore ideas. range of materials. libraries fostering sense. cultural institutions collecting archives. libraries support literacy initiatives. libraries providing access to viewpoints. libraries creating opportunities for community engagement. libraries provide services. libraries provide access to range. libraries support lifelong learning. libraries hosting community events. libraries enriching lives. libraries offering educational programs. libraries contribute to intellectual fabric. repositories of culture. libraries accessible to public. cultural institutions collecting books. cultural institutions safeguard collective memory. libraries contribute to cultural. gathering spaces engage in discussions. cultural institutions explore cultural identity. cultural institutions provide lectures. cultural institutions collecting cultural artifacts. libraries contribute to advancement. libraries providing access to technology. libraries hosting programs. community hubs access computers. cultural institutions preserve cultural heritage. libraries promoting informed citizenship. libraries empower individuals. libraries play a role in society. libraries uphold censorship. libraries engage in democratic discourse. libraries promoting critical thinking. libraries offer digital collections. libraries considered as backbone. libraries provide support. libraries serve as beacons. libraries offering community services. libraries contribute to social. repositories of knowledge. libraries provide workshops. libraries providing access to books. libraries play multifaceted role. libraries serve as cultural institutions. libraries serve as community hubs. libraries providing access to internet. libraries serve as repositories. cultural institutions safeguard heritage. repositories of information. gathering spaces attend events. libraries provide adult education classes. cultural institutions provide exhibitions. libraries providing access to ideas. libraries serve as educational institutions. gathering spaces participate in cultural activities. libraries promoting intellectual freedom. community hubs access internet services. cultural institutions collecting manuscripts. libraries hosting book clubs. libraries promoting information literacy. community hubs enhance digital literacy skills. libraries serve as gathering spaces. libraries uphold privacy. patrons broaden horizons. libraries promoting democracy. libraries cater to patrons. libraries fostering love of learning. community hubs participate in digital economy. libraries provide early literacy programs. libraries bridging digital divide. libraries providing access to resources.",
    "evaluation": 1
  },
  {
    "correct_answer": "Libraries serve as community hubs for digital literacy skills.",
    "retrieved_context": "community hubs access internet services. community hubs participate in digital economy. community hubs access computers. community hubs enhance digital literacy skills. libraries offer online resources. libraries serve as essential institutions. patrons explore ideas. range of materials. libraries fostering sense. cultural institutions collecting archives. libraries support literacy initiatives. libraries providing access to viewpoints. libraries creating opportunities for community engagement. libraries provide services. libraries provide access to range. libraries support lifelong learning. libraries hosting community events. libraries enriching lives. libraries offering educational programs. libraries contribute to intellectual fabric. repositories of culture. libraries accessible to public. cultural institutions collecting books. cultural institutions safeguard collective memory. libraries contribute to cultural. gathering spaces engage in discussions. cultural institutions explore cultural identity. cultural institutions provide lectures. cultural institutions collecting cultural artifacts. libraries contribute to advancement. libraries providing access to technology. libraries hosting programs. community hubs access computers. cultural institutions preserve cultural heritage. libraries promoting informed citizenship. libraries empower individuals. libraries play a role in society. libraries uphold censorship. libraries engage in democratic discourse. libraries promoting critical thinking. libraries offer digital collections. libraries considered as backbone. libraries provide support. libraries serve as beacons. libraries offering community services. libraries contribute to social. repositories of knowledge. libraries provide workshops. libraries providing access to books. libraries play multifaceted role. libraries serve as cultural institutions. libraries serve as community hubs. libraries providing access to internet. libraries serve as repositories. cultural institutions safeguard heritage. repositories of information. gathering spaces attend events. libraries provide adult education classes. cultural institutions provide exhibitions. libraries providing access to ideas. libraries serve as educational institutions. gathering spaces participate in cultural activities. libraries promoting intellectual freedom. community hubs access internet services. cultural institutions collecting manuscripts. libraries hosting book clubs. libraries promoting information literacy. community hubs enhance digital literacy skills. libraries serve as gathering spaces. libraries uphold privacy. patrons broaden horizons. libraries promoting democracy. libraries cater to patrons. libraries fostering love of learning. community hubs participate in digital economy. libraries provide early literacy programs. libraries bridging digital divide. libraries providing access to resources.",
    "evaluation": 1
  },
  {
    "correct_answer": "Libraries foster a sense of community and social connection.",
    "retrieved_context": "libraries offer online resources. libraries serve as essential institutions. patrons explore ideas. range of materials. libraries fostering sense. cultural institutions collecting archives. libraries support literacy initiatives. libraries providing access to viewpoints. libraries creating opportunities for community engagement. libraries provide services. libraries provide access to range. libraries support lifelong learning. libraries hosting community events. libraries enriching lives. libraries offering educational programs. libraries contribute to intellectual fabric. repositories of culture. libraries accessible to public. cultural institutions collecting books. cultural institutions safeguard collective memory. libraries contribute to cultural. gathering spaces engage in discussions. cultural institutions explore cultural identity. cultural institutions provide lectures. cultural institutions collecting cultural artifacts. libraries contribute to advancement. libraries providing access to technology. libraries hosting programs. community hubs access computers. cultural institutions preserve cultural heritage. libraries promoting informed citizenship. libraries empower individuals. libraries play a role in society. libraries uphold censorship. libraries engage in democratic discourse. libraries promoting critical thinking. libraries offer digital collections. libraries considered as backbone. libraries provide support. libraries serve as beacons. libraries offering community services. libraries contribute to social. repositories of knowledge. libraries provide workshops. libraries providing access to books. libraries play multifaceted role. libraries serve as cultural institutions. libraries serve as community hubs. libraries providing access to internet. libraries serve as repositories. cultural institutions safeguard heritage. repositories of information. gathering spaces attend events. libraries provide adult education classes. cultural institutions provide exhibitions. libraries providing access to ideas. libraries serve as educational institutions. gathering spaces participate in cultural activities. libraries promoting intellectual freedom. community hubs access internet services. cultural institutions collecting manuscripts. libraries hosting book clubs. libraries promoting information literacy. community hubs enhance digital literacy skills. libraries serve as gathering spaces. libraries uphold privacy. patrons broaden horizons. libraries promoting democracy. libraries cater to patrons. libraries fostering love of learning. community hubs participate in digital economy. libraries provide early literacy programs. libraries bridging digital divide. libraries providing access to resources. community hubs access internet services. community hubs participate in digital economy. community hubs access computers. community hubs enhance digital literacy skills.",
    "evaluation": 1
  },
  {
    "correct_answer": "Libraries preserve and promote cultural heritage.",
    "retrieved_context": "libraries offer online resources. libraries serve as essential institutions. patrons explore ideas. range of materials. libraries fostering sense. cultural institutions collecting archives. libraries support literacy initiatives. libraries providing access to viewpoints. libraries creating opportunities for community engagement. libraries provide services. libraries provide access to range. libraries support lifelong learning. libraries hosting community events. libraries enriching lives. libraries offering educational programs. libraries contribute to intellectual fabric. repositories of culture. libraries accessible to public. cultural institutions collecting books. cultural institutions safeguard collective memory. libraries contribute to cultural. gathering spaces engage in discussions. cultural institutions explore cultural identity. cultural institutions provide lectures. cultural institutions collecting cultural artifacts. libraries contribute to advancement. libraries providing access to technology. libraries hosting programs. community hubs access computers. cultural institutions preserve cultural heritage. libraries promoting informed citizenship. libraries empower individuals. libraries play a role in society. libraries uphold censorship. libraries engage in democratic discourse. libraries promoting critical thinking. libraries offer digital collections. libraries considered as backbone. libraries provide support. libraries serve as beacons. libraries offering community services. libraries contribute to social. repositories of knowledge. libraries provide workshops. libraries providing access to books. libraries play multifaceted role. libraries serve as cultural institutions. libraries serve as community hubs. libraries providing access to internet. libraries serve as repositories. cultural institutions safeguard heritage. repositories of information. gathering spaces attend events. libraries provide adult education classes. cultural institutions provide exhibitions. libraries providing access to ideas. libraries serve as educational institutions. gathering spaces participate in cultural activities. libraries promoting intellectual freedom. community hubs access internet services. cultural institutions collecting manuscripts. libraries hosting book clubs. libraries promoting information literacy. community hubs enhance digital literacy skills. libraries serve as gathering spaces. libraries uphold privacy. patrons broaden horizons. libraries promoting democracy. libraries cater to patrons. libraries fostering love of learning. community hubs participate in digital economy. libraries provide early literacy programs. libraries bridging digital divide. libraries providing access to resources. cultural institutions provide exhibitions. cultural institutions collecting books. cultural institutions safeguard collective memory. cultural institutions collecting archives. cultural institutions explore cultural identity. cultural institutions collecting manuscripts. cultural institutions collecting cultural artifacts. cultural institutions provide lectures. cultural institutions preserve cultural heritage. cultural institutions safeguard heritage.",
    "evaluation": 1
  },
  {
    "correct_answer": "Libraries promote intellectual freedom and democracy.",
    "retrieved_context": "libraries offer online resources. libraries serve as essential institutions. patrons explore ideas. range of materials. libraries fostering sense. cultural institutions collecting archives. libraries support literacy initiatives. libraries providing access to viewpoints. libraries creating opportunities for community engagement. libraries provide services. libraries provide access to range. libraries support lifelong learning. libraries hosting community events. libraries enriching lives. libraries offering educational programs. libraries contribute to intellectual fabric. repositories of culture. libraries accessible to public. cultural institutions collecting books. cultural institutions safeguard collective memory. libraries contribute to cultural. gathering spaces engage in discussions. cultural institutions explore cultural identity. cultural institutions provide lectures. cultural institutions collecting cultural artifacts. libraries contribute to advancement. libraries providing access to technology. libraries hosting programs. community hubs access computers. cultural institutions preserve cultural heritage. libraries promoting informed citizenship. libraries empower individuals. libraries play a role in society. libraries uphold censorship. libraries engage in democratic discourse. libraries promoting critical thinking. libraries offer digital collections. libraries considered as backbone. libraries provide support. libraries serve as beacons. libraries offering community services. libraries contribute to social. repositories of knowledge. libraries provide workshops. libraries providing access to books. libraries play multifaceted role. libraries serve as cultural institutions. libraries serve as community hubs. libraries providing access to internet. libraries serve as repositories. cultural institutions safeguard heritage. repositories of information. gathering spaces attend events. libraries provide adult education classes. cultural institutions provide exhibitions. libraries providing access to ideas. libraries serve as educational institutions. gathering spaces participate in cultural activities. libraries promoting intellectual freedom. community hubs access internet services. cultural institutions collecting manuscripts. libraries hosting book clubs. libraries promoting information literacy. community hubs enhance digital literacy skills. libraries serve as gathering spaces. libraries uphold privacy. patrons broaden horizons. libraries promoting democracy. libraries cater to patrons. libraries fostering love of learning. community hubs participate in digital economy. libraries provide early literacy programs. libraries bridging digital divide. libraries providing access to resources.",
    "evaluation": 1
  },
  {
    "correct_answer": "Libraries uphold principles of intellectual freedom, censorship, and privacy.",
    "retrieved_context": "libraries offer online resources. libraries serve as essential institutions. patrons explore ideas. range of materials. libraries fostering sense. cultural institutions collecting archives. libraries support literacy initiatives. libraries providing access to viewpoints. libraries creating opportunities for community engagement. libraries provide services. libraries provide access to range. libraries support lifelong learning. libraries hosting community events. libraries enriching lives. libraries offering educational programs. libraries contribute to intellectual fabric. repositories of culture. libraries accessible to public. cultural institutions collecting books. cultural institutions safeguard collective memory. libraries contribute to cultural. gathering spaces engage in discussions. cultural institutions explore cultural identity. cultural institutions provide lectures. cultural institutions collecting cultural artifacts. libraries contribute to advancement. libraries providing access to technology. libraries hosting programs. community hubs access computers. cultural institutions preserve cultural heritage. libraries promoting informed citizenship. libraries empower individuals. libraries play a role in society. libraries uphold censorship. libraries engage in democratic discourse. libraries promoting critical thinking. libraries offer digital collections. libraries considered as backbone. libraries provide support. libraries serve as beacons. libraries offering community services. libraries contribute to social. repositories of knowledge. libraries provide workshops. libraries providing access to books. libraries play multifaceted role. libraries serve as cultural institutions. libraries serve as community hubs. libraries providing access to internet. libraries serve as repositories. cultural institutions safeguard heritage. repositories of information. gathering spaces attend events. libraries provide adult education classes. cultural institutions provide exhibitions. libraries providing access to ideas. libraries serve as educational institutions. gathering spaces participate in cultural activities. libraries promoting intellectual freedom. community hubs access internet services. cultural institutions collecting manuscripts. libraries hosting book clubs. libraries promoting information literacy. community hubs enhance digital literacy skills. libraries serve as gathering spaces. libraries uphold privacy. patrons broaden horizons. libraries promoting democracy. libraries cater to patrons. libraries fostering love of learning. community hubs participate in digital economy. libraries provide early literacy programs. libraries bridging digital divide. libraries providing access to resources.",
    "evaluation": 1
  },
  {
    "correct_answer": "Libraries empower individuals to engage in democratic discourse.",
    "retrieved_context": "libraries offer online resources. libraries serve as essential institutions. patrons explore ideas. range of materials. libraries fostering sense. cultural institutions collecting archives. libraries support literacy initiatives. libraries providing access to viewpoints. libraries creating opportunities for community engagement. libraries provide services. libraries provide access to range. libraries support lifelong learning. libraries hosting community events. libraries enriching lives. libraries offering educational programs. libraries contribute to intellectual fabric. repositories of culture. libraries accessible to public. cultural institutions collecting books. cultural institutions safeguard collective memory. libraries contribute to cultural. gathering spaces engage in discussions. cultural institutions explore cultural identity. cultural institutions provide lectures. cultural institutions collecting cultural artifacts. libraries contribute to advancement. libraries providing access to technology. libraries hosting programs. community hubs access computers. cultural institutions preserve cultural heritage. libraries promoting informed citizenship. libraries empower individuals. libraries play a role in society. libraries uphold censorship. libraries engage in democratic discourse. libraries promoting critical thinking. libraries offer digital collections. libraries considered as backbone. libraries provide support. libraries serve as beacons. libraries offering community services. libraries contribute to social. repositories of knowledge. libraries provide workshops. libraries providing access to books. libraries play multifaceted role. libraries serve as cultural institutions. libraries serve as community hubs. libraries providing access to internet. libraries serve as repositories. cultural institutions safeguard heritage. repositories of information. gathering spaces attend events. libraries provide adult education classes. cultural institutions provide exhibitions. libraries providing access to ideas. libraries serve as educational institutions. gathering spaces participate in cultural activities. libraries promoting intellectual freedom. community hubs access internet services. cultural institutions collecting manuscripts. libraries hosting book clubs. libraries promoting information literacy. community hubs enhance digital literacy skills. libraries serve as gathering spaces. libraries uphold privacy. patrons broaden horizons. libraries promoting democracy. libraries cater to patrons. libraries fostering love of learning. community hubs participate in digital economy. libraries provide early literacy programs. libraries bridging digital divide. libraries providing access to resources.",
    "evaluation": 1
  },
  {
    "accuracy": "100.00%"
  }
]