[
  {
    "correct_answer": "Fairytales are a beloved form of storytelling for centuries.",
    "retrieved_context": "fairytales offer insights. fairytales feature protagonists. lessons passed down through generations. fairytales feature creatures. storytelling connect us across time. fairytales captivating audiences. fairytales feature lessons. storytelling connect us across cultures. fairytales have been storytelling. fairytales offer experience. snow white help of dwarfs. snow white collected by brothers grimm. grimm's fairy tales includes cinderella. cinderella told in variations. snow white found in traditions. snow white published in grimm's fairy tales. cinderella told in traditions. grimm's fairy tales includes hansel and gretel. snow white found in variations. snow white finds prince. hansel and gretel collected by brothers grimm. hansel and gretel originated from european. grimm's fairy tales includes snow white. storytelling connect us across time. storytelling connect us across cultures. cinderella told in traditions. cinderella told in variations. grimm's fairy tales includes hansel and gretel. grimm's fairy tales includes cinderella. brothers grimm collection grimm's fairy tales. grimm's fairy tales includes snow white.",
    "evaluation": 0
  },
  {
    "correct_answer": "Fairytales often feature fantastical creatures.",
    "retrieved_context": "fairytales offer insights. fairytales feature protagonists. lessons passed down through generations. fairytales feature creatures. storytelling connect us across time. fairytales captivating audiences. fairytales feature lessons. storytelling connect us across cultures. fairytales have been storytelling. fairytales offer experience. snow white help of dwarfs. snow white collected by brothers grimm. grimm's fairy tales includes cinderella. cinderella told in variations. snow white found in traditions. snow white published in grimm's fairy tales. cinderella told in traditions. grimm's fairy tales includes hansel and gretel. snow white found in variations. snow white finds prince. hansel and gretel collected by brothers grimm. hansel and gretel originated from european. grimm's fairy tales includes snow white. cinderella told in traditions. cinderella told in variations. beauty and the beast traced back to myths. beauty and the beast traced back to history. grimm's fairy tales includes hansel and gretel. grimm's fairy tales includes cinderella. brothers grimm collection grimm's fairy tales. grimm's fairy tales includes snow white.",
    "evaluation": 0
  },
  {
    "correct_answer": "Fairytales often feature heroic protagonists.",
    "retrieved_context": "fairytales offer insights. fairytales feature protagonists. lessons passed down through generations. fairytales feature creatures. storytelling connect us across time. fairytales captivating audiences. fairytales feature lessons. storytelling connect us across cultures. fairytales have been storytelling. fairytales offer experience. snow white help of dwarfs. snow white collected by brothers grimm. grimm's fairy tales includes cinderella. cinderella told in variations. snow white found in traditions. snow white published in grimm's fairy tales. cinderella told in traditions. grimm's fairy tales includes hansel and gretel. snow white found in variations. snow white finds prince. hansel and gretel collected by brothers grimm. hansel and gretel originated from european. grimm's fairy tales includes snow white. cinderella told in traditions. cinderella told in variations. storytelling connect us across time. storytelling connect us across cultures.",
    "evaluation": 1
  },
  {
    "correct_answer": "Fairytales often feature moral lessons.",
    "retrieved_context": "fairytales offer insights. fairytales feature protagonists. lessons passed down through generations. fairytales feature creatures. storytelling connect us across time. fairytales captivating audiences. fairytales feature lessons. storytelling connect us across cultures. fairytales have been storytelling. fairytales offer experience. snow white help of dwarfs. snow white collected by brothers grimm. grimm's fairy tales includes cinderella. cinderella told in variations. snow white found in traditions. snow white published in grimm's fairy tales. cinderella told in traditions. grimm's fairy tales includes hansel and gretel. snow white found in variations. snow white finds prince. hansel and gretel collected by brothers grimm. hansel and gretel originated from european. grimm's fairy tales includes snow white. storytelling connect us across time. storytelling connect us across cultures. lessons passed down through generations. cinderella told in traditions. cinderella told in variations.",
    "evaluation": 1
  },
  {
    "correct_answer": "The Brothers Grimm collected and published 'Grimm's Fairy Tales' in the early 19th century.",
    "retrieved_context": "snow white help of dwarfs. snow white collected by brothers grimm. grimm's fairy tales includes cinderella. cinderella told in variations. snow white found in traditions. snow white published in grimm's fairy tales. cinderella told in traditions. grimm's fairy tales includes hansel and gretel. snow white found in variations. snow white finds prince. hansel and gretel collected by brothers grimm. hansel and gretel originated from european. grimm's fairy tales includes snow white. grimm's fairy tales includes hansel and gretel. grimm's fairy tales includes cinderella. brothers grimm collection grimm's fairy tales. grimm's fairy tales includes snow white. brothers began publishing. brothers gathering stories. brothers are scholars. wilhelm grimm is brothers. brothers traveled throughout countryside. brothers began collecting. brothers began publishing. brothers gathering stories. brothers are scholars. jacob grimm is brothers. brothers traveled throughout countryside. brothers began collecting. fairytales offer insights. fairytales feature protagonists. lessons passed down through generations. fairytales feature creatures. storytelling connect us across time. fairytales captivating audiences. fairytales feature lessons. storytelling connect us across cultures. fairytales have been storytelling. fairytales offer experience. hansel and gretel originated from european. brothers grimm collection grimm's fairy tales. hansel and gretel collected by brothers grimm.",
    "evaluation": 1
  },
  {
    "correct_answer": "The Brothers Grimm gathered stories from peasants and villagers.",
    "retrieved_context": "grimm's fairy tales includes hansel and gretel. grimm's fairy tales includes cinderella. brothers grimm collection grimm's fairy tales. grimm's fairy tales includes snow white. snow white help of dwarfs. snow white collected by brothers grimm. grimm's fairy tales includes cinderella. cinderella told in variations. snow white found in traditions. snow white published in grimm's fairy tales. cinderella told in traditions. grimm's fairy tales includes hansel and gretel. snow white found in variations. snow white finds prince. hansel and gretel collected by brothers grimm. hansel and gretel originated from european. grimm's fairy tales includes snow white. brothers began publishing. brothers gathering stories. brothers are scholars. wilhelm grimm is brothers. brothers traveled throughout countryside. brothers began collecting. brothers began publishing. brothers gathering stories. brothers are scholars. jacob grimm is brothers. brothers traveled throughout countryside. brothers began collecting. fairytales offer insights. fairytales feature protagonists. lessons passed down through generations. fairytales feature creatures. storytelling connect us across time. fairytales captivating audiences. fairytales feature lessons. storytelling connect us across cultures. fairytales have been storytelling. fairytales offer experience. brothers began publishing. brothers gathering stories. stories beloved by audiences. stories preserve traditions. brothers are scholars. stories preserve culture. stories passed down verbally for generations. stories known and loved around world. stories enchant listeners. stories from peasants. stories endured time. stories with characters. stories enchant readers. stories with elements. brothers traveled throughout countryside. stories from villagers. stories with lessons. brothers began collecting.",
    "evaluation": 1
  },
  {
    "correct_answer": "The earliest known version of Cinderella can be traced back to ancient Greece.",
    "retrieved_context": "cinderella told in traditions. cinderella told in variations. snow white help of dwarfs. snow white collected by brothers grimm. grimm's fairy tales includes cinderella. cinderella told in variations. snow white found in traditions. snow white published in grimm's fairy tales. cinderella told in traditions. grimm's fairy tales includes hansel and gretel. snow white found in variations. snow white finds prince. hansel and gretel collected by brothers grimm. hansel and gretel originated from european. grimm's fairy tales includes snow white. fairytales offer insights. fairytales feature protagonists. lessons passed down through generations. fairytales feature creatures. storytelling connect us across time. fairytales captivating audiences. fairytales feature lessons. storytelling connect us across cultures. fairytales have been storytelling. fairytales offer experience. princess escape stepmother. princess forced to flee into forest. stepmother is queen. brothers began publishing. brothers gathering stories. brothers are scholars. wilhelm grimm is brothers. brothers traveled throughout countryside. brothers began collecting.",
    "evaluation": 0
  },
  {
    "correct_answer": "Charles Perrault published a version of Cinderella in 1697.",
    "retrieved_context": "charles perrault published cinderella. charles perrault in 1697. cinderella told in variations. cinderella told in traditions. charles perrault introduced fairy godmother. charles perrault introduced glass slipper. charles perrault introduced midnight. cinderella told in traditions. cinderella told in variations. snow white help of dwarfs. snow white collected by brothers grimm. grimm's fairy tales includes cinderella. cinderella told in variations. snow white found in traditions. snow white published in grimm's fairy tales. cinderella told in traditions. grimm's fairy tales includes hansel and gretel. snow white found in variations. snow white finds prince. hansel and gretel collected by brothers grimm. hansel and gretel originated from european. grimm's fairy tales includes snow white. beauty and the beast traced back to myths. beauty and the beast traced back to history. fairytales offer insights. fairytales feature protagonists. lessons passed down through generations. fairytales feature creatures. storytelling connect us across time. fairytales captivating audiences. fairytales feature lessons. storytelling connect us across cultures. fairytales have been storytelling. fairytales offer experience. princess escape stepmother. princess forced to flee into forest. stepmother is queen. brothers began publishing. brothers gathering stories. brothers are scholars. wilhelm grimm is brothers. brothers traveled throughout countryside. brothers began collecting.",
    "evaluation": 1
  },
  {
    "correct_answer": "The story of Snow White can be found in folklore from various cultures.",
    "retrieved_context": "snow white help of dwarfs. grimm's fairy tales includes cinderella. brothers grimm collection grimm's fairy tales. snow white found in traditions. snow white published in grimm's fairy tales. snow white found in variations. grimm's fairy tales includes hansel and gretel. snow white finds prince. snow white collected by brothers grimm. grimm's fairy tales includes snow white. snow white help of dwarfs. snow white collected by brothers grimm. grimm's fairy tales includes cinderella. cinderella told in variations. snow white found in traditions. snow white published in grimm's fairy tales. cinderella told in traditions. grimm's fairy tales includes hansel and gretel. snow white found in variations. snow white finds prince. hansel and gretel collected by brothers grimm. hansel and gretel originated from european. grimm's fairy tales includes snow white. fairytales offer insights. fairytales feature protagonists. lessons passed down through generations. fairytales feature creatures. storytelling connect us across time. fairytales captivating audiences. fairytales feature lessons. storytelling connect us across cultures. fairytales have been storytelling. fairytales offer experience. grimm's fairy tales includes hansel and gretel. grimm's fairy tales includes cinderella. brothers grimm collection grimm's fairy tales. grimm's fairy tales includes snow white. stories beloved by audiences. stories preserve traditions. lessons passed down through generations. stories passed down verbally for generations. stories known and loved around world. stories enchant listeners. stories from peasants. stories endured time. stories with characters. stories enchant readers. stories with elements. stories from villagers. stories with lessons. stories preserve culture.",
    "evaluation": 0
  },
  {
    "correct_answer": "The most well-known version of Snow White was collected by the Brothers Grimm.",
    "retrieved_context": "grimm's fairy tales includes hansel and gretel. grimm's fairy tales includes cinderella. brothers grimm collection grimm's fairy tales. grimm's fairy tales includes snow white. snow white help of dwarfs. snow white collected by brothers grimm. grimm's fairy tales includes cinderella. cinderella told in variations. snow white found in traditions. snow white published in grimm's fairy tales. cinderella told in traditions. grimm's fairy tales includes hansel and gretel. snow white found in variations. snow white finds prince. hansel and gretel collected by brothers grimm. hansel and gretel originated from european. grimm's fairy tales includes snow white. brothers began publishing. brothers gathering stories. brothers are scholars. wilhelm grimm is brothers. brothers traveled throughout countryside. brothers began collecting. brothers began publishing. brothers gathering stories. brothers are scholars. jacob grimm is brothers. brothers traveled throughout countryside. brothers began collecting. snow white help of dwarfs. grimm's fairy tales includes cinderella. brothers grimm collection grimm's fairy tales. snow white found in traditions. snow white published in grimm's fairy tales. snow white found in variations. grimm's fairy tales includes hansel and gretel. snow white finds prince. snow white collected by brothers grimm. grimm's fairy tales includes snow white. fairytales offer insights. fairytales feature protagonists. lessons passed down through generations. fairytales feature creatures. storytelling connect us across time. fairytales captivating audiences. fairytales feature lessons. storytelling connect us across cultures. fairytales have been storytelling. fairytales offer experience. hansel and gretel originated from european. brothers grimm collection grimm's fairy tales. hansel and gretel collected by brothers grimm.",
    "evaluation": 1
  },
  {
    "correct_answer": "Hansel and Gretel is a classic fairytale collected by the Brothers Grimm.",
    "retrieved_context": "hansel and gretel originated from european. brothers grimm collection grimm's fairy tales. hansel and gretel collected by brothers grimm. snow white help of dwarfs. snow white collected by brothers grimm. grimm's fairy tales includes cinderella. cinderella told in variations. snow white found in traditions. snow white published in grimm's fairy tales. cinderella told in traditions. grimm's fairy tales includes hansel and gretel. snow white found in variations. snow white finds prince. hansel and gretel collected by brothers grimm. hansel and gretel originated from european. grimm's fairy tales includes snow white. grimm's fairy tales includes hansel and gretel. grimm's fairy tales includes cinderella. brothers grimm collection grimm's fairy tales. grimm's fairy tales includes snow white. brothers began publishing. brothers gathering stories. brothers are scholars. wilhelm grimm is brothers. brothers traveled throughout countryside. brothers began collecting. brothers began publishing. brothers gathering stories. brothers are scholars. jacob grimm is brothers. brothers traveled throughout countryside. brothers began collecting. fairytales offer insights. fairytales feature protagonists. lessons passed down through generations. fairytales feature creatures. storytelling connect us across time. fairytales captivating audiences. fairytales feature lessons. storytelling connect us across cultures. fairytales have been storytelling. fairytales offer experience. cinderella told in traditions. cinderella told in variations.",
    "evaluation": 1
  },
  {
    "correct_answer": "The story of Hansel and Gretel is believed to have originated from European folklore.",
    "retrieved_context": "hansel and gretel originated from european. brothers grimm collection grimm's fairy tales. hansel and gretel collected by brothers grimm. snow white help of dwarfs. snow white collected by brothers grimm. grimm's fairy tales includes cinderella. cinderella told in variations. snow white found in traditions. snow white published in grimm's fairy tales. cinderella told in traditions. grimm's fairy tales includes hansel and gretel. snow white found in variations. snow white finds prince. hansel and gretel collected by brothers grimm. hansel and gretel originated from european. grimm's fairy tales includes snow white. brothers began publishing. brothers gathering stories. brothers are scholars. wilhelm grimm is brothers. brothers traveled throughout countryside. brothers began collecting. grimm's fairy tales includes hansel and gretel. grimm's fairy tales includes cinderella. brothers grimm collection grimm's fairy tales. grimm's fairy tales includes snow white. fairytales offer insights. fairytales feature protagonists. lessons passed down through generations. fairytales feature creatures. storytelling connect us across time. fairytales captivating audiences. fairytales feature lessons. storytelling connect us across cultures. fairytales have been storytelling. fairytales offer experience. origins shrouded in mystery. origins rooted in traditions. origins shrouded in folklore. origins rooted in myths.",
    "evaluation": 1
  },
  {
    "correct_answer": "The origins of Beauty and the Beast can be traced back to ancient myths.",
    "retrieved_context": "beauty and the beast traced back to myths. beauty and the beast traced back to history. origins shrouded in mystery. origins rooted in traditions. origins shrouded in folklore. origins rooted in myths. snow white help of dwarfs. snow white collected by brothers grimm. grimm's fairy tales includes cinderella. cinderella told in variations. snow white found in traditions. snow white published in grimm's fairy tales. cinderella told in traditions. grimm's fairy tales includes hansel and gretel. snow white found in variations. snow white finds prince. hansel and gretel collected by brothers grimm. hansel and gretel originated from european. grimm's fairy tales includes snow white. statue comes to life. creation is statue. fairytales offer insights. fairytales feature protagonists. lessons passed down through generations. fairytales feature creatures. storytelling connect us across time. fairytales captivating audiences. fairytales feature lessons. storytelling connect us across cultures. fairytales have been storytelling. fairytales offer experience.",
    "evaluation": 1
  },
  {
    "correct_answer": "The earliest known version of Beauty and the Beast can be found in the works of the Roman poet Ovid.",
    "retrieved_context": "beauty and the beast traced back to myths. beauty and the beast traced back to history. ovid wrote about pygmalion. pygmalion falls in love with creation. snow white help of dwarfs. snow white collected by brothers grimm. grimm's fairy tales includes cinderella. cinderella told in variations. snow white found in traditions. snow white published in grimm's fairy tales. cinderella told in traditions. grimm's fairy tales includes hansel and gretel. snow white found in variations. snow white finds prince. hansel and gretel collected by brothers grimm. hansel and gretel originated from european. grimm's fairy tales includes snow white. brothers began publishing. brothers gathering stories. brothers are scholars. wilhelm grimm is brothers. brothers traveled throughout countryside. brothers began collecting. origins shrouded in mystery. origins rooted in traditions. origins shrouded in folklore. origins rooted in myths.",
    "evaluation": 0
  },
  {
    "correct_answer": "Beauty and the Beast explores the theme of love and transformation.",
    "retrieved_context": "beauty and the beast traced back to myths. beauty and the beast traced back to history. storytelling connect us across time. storytelling connect us across cultures. snow white help of dwarfs. snow white collected by brothers grimm. grimm's fairy tales includes cinderella. cinderella told in variations. snow white found in traditions. snow white published in grimm's fairy tales. cinderella told in traditions. grimm's fairy tales includes hansel and gretel. snow white found in variations. snow white finds prince. hansel and gretel collected by brothers grimm. hansel and gretel originated from european. grimm's fairy tales includes snow white. cinderella told in traditions. cinderella told in variations. statue comes to life. creation is statue.",
    "evaluation": 0
  },
  {
    "accuracy": "60.00%"
  }
]