[
  {
    "correct_answer": "Time travel is a popular concept in fiction.",
    "retrieved_context": "storytellers explore ideas. time travel is a concept. time travel engages audiences. time travel allows storytellers. time travel has possibilities. storytellers explore themes. questions challenge audiences. works include literature. time travel has implications. questions are about nature. time travel has complexities. works include television. time travel raises themes. questions are about causality. time travel raises questions. questions add depth. questions are about determinism. works include film. time travel uses supernatural powers. time travel uses alternate timelines. time travel has rules. time travel opens world. themes include idea. time travel is portrayed in works. characters are in reality. time machine allows characters. characters alter history. characters use artifacts. time machine has limitations. time machine cannot change events. characters face consequences. characters prevent events. characters navigate timelines. characters use mystical forces. characters use spells. time machine needs power source. characters face ethical implications. time machine is a device. characters travel through timeline. time-turner allows user. user travels back period. time-turner is in harry potter.",
    "evaluation": 1
  },
  {
    "correct_answer": "Time travel captivates audiences with its possibilities and complexities.",
    "retrieved_context": "storytellers explore ideas. time travel is a concept. time travel engages audiences. time travel allows storytellers. time travel has possibilities. storytellers explore themes. questions challenge audiences. works include literature. time travel has implications. questions are about nature. time travel has complexities. works include television. time travel raises themes. questions are about causality. time travel raises questions. questions add depth. questions are about determinism. works include film. time travel uses supernatural powers. time travel uses alternate timelines. time travel has rules. time travel opens world. themes include idea. time travel is portrayed in works. characters are in reality. time machine allows characters. characters alter history. characters use artifacts. time machine has limitations. time machine cannot change events. characters face consequences. characters prevent events. characters navigate timelines. characters use mystical forces. characters use spells. time machine needs power source. characters face ethical implications. time machine is a device. characters travel through timeline. time-turner allows user. user travels back period. time-turner is in harry potter. storytellers explore ideas. themes include idea. storytellers explore themes.",
    "evaluation": 1
  },
  {
    "correct_answer": "Time travel is often portrayed in different ways in literature, film, and television.",
    "retrieved_context": "storytellers explore ideas. time travel is a concept. time travel engages audiences. time travel allows storytellers. time travel has possibilities. storytellers explore themes. questions challenge audiences. works include literature. time travel has implications. questions are about nature. time travel has complexities. works include television. time travel raises themes. questions are about causality. time travel raises questions. questions add depth. questions are about determinism. works include film. time travel uses supernatural powers. time travel uses alternate timelines. time travel has rules. time travel opens world. themes include idea. time travel is portrayed in works. time-turner allows user. user travels back period. time-turner is in harry potter. characters are in reality. time machine allows characters. characters alter history. characters use artifacts. time machine has limitations. time machine cannot change events. characters face consequences. characters prevent events. characters navigate timelines. characters use mystical forces. characters use spells. time machine needs power source. characters face ethical implications. time machine is a device. characters travel through timeline.",
    "evaluation": 1
  },
  {
    "correct_answer": "One common method of time travel in fiction is the use of a time machine.",
    "retrieved_context": "storytellers explore ideas. time travel is a concept. time travel engages audiences. time travel allows storytellers. time travel has possibilities. storytellers explore themes. questions challenge audiences. works include literature. time travel has implications. questions are about nature. time travel has complexities. works include television. time travel raises themes. questions are about causality. time travel raises questions. questions add depth. questions are about determinism. works include film. time travel uses supernatural powers. time travel uses alternate timelines. time travel has rules. time travel opens world. themes include idea. time travel is portrayed in works. characters are in reality. time machine allows characters. characters alter history. characters use artifacts. time machine has limitations. time machine cannot change events. characters face consequences. characters prevent events. characters navigate timelines. characters use mystical forces. characters use spells. time machine needs power source. characters face ethical implications. time machine is a device. characters travel through timeline. time loop repeats day. time-turner allows user. user travels back period. time-turner is in harry potter.",
    "evaluation": 1
  },
  {
    "correct_answer": "Time machines allow characters to physically travel through time.",
    "retrieved_context": "storytellers explore ideas. time travel is a concept. time travel engages audiences. time travel allows storytellers. time travel has possibilities. storytellers explore themes. questions challenge audiences. works include literature. time travel has implications. questions are about nature. time travel has complexities. works include television. time travel raises themes. questions are about causality. time travel raises questions. questions add depth. questions are about determinism. works include film. time travel uses supernatural powers. time travel uses alternate timelines. time travel has rules. time travel opens world. themes include idea. time travel is portrayed in works. characters are in reality. time machine allows characters. characters alter history. characters use artifacts. time machine has limitations. time machine cannot change events. characters face consequences. characters prevent events. characters navigate timelines. characters use mystical forces. characters use spells. time machine needs power source. characters face ethical implications. time machine is a device. characters travel through timeline. characters are in reality. reality has history. characters alter history. characters use artifacts. history is due to actions. characters face consequences. characters prevent events. characters navigate timelines. characters use mystical forces. characters use spells. characters face ethical implications. characters travel through timeline. time loop repeats day. time-turner allows user. user travels back period. time-turner is in harry potter.",
    "evaluation": 1
  },
  {
    "correct_answer": "The protagonist in H.G. Wells' 'The Time Machine' uses a contraption to journey to the distant future.",
    "retrieved_context": "characters are in reality. time machine allows characters. characters alter history. characters use artifacts. time machine has limitations. time machine cannot change events. characters face consequences. characters prevent events. characters navigate timelines. characters use mystical forces. characters use spells. time machine needs power source. characters face ethical implications. time machine is a device. characters travel through timeline. storytellers explore ideas. time travel is a concept. time travel engages audiences. time travel allows storytellers. time travel has possibilities. storytellers explore themes. questions challenge audiences. works include literature. time travel has implications. questions are about nature. time travel has complexities. works include television. time travel raises themes. questions are about causality. time travel raises questions. questions add depth. questions are about determinism. works include film. time travel uses supernatural powers. time travel uses alternate timelines. time travel has rules. time travel opens world. themes include idea. time travel is portrayed in works. h.g. wells wrote the flash. time-turner allows user. user travels back period. time-turner is in harry potter.",
    "evaluation": 0
  },
  {
    "correct_answer": "The DeLorean in 'Back to the Future' and the TARDIS in 'Doctor Who' are examples of time machines.",
    "retrieved_context": "characters are in reality. time machine allows characters. characters alter history. characters use artifacts. time machine has limitations. time machine cannot change events. characters face consequences. characters prevent events. characters navigate timelines. characters use mystical forces. characters use spells. time machine needs power source. characters face ethical implications. time machine is a device. characters travel through timeline. storytellers explore ideas. time travel is a concept. time travel engages audiences. time travel allows storytellers. time travel has possibilities. storytellers explore themes. questions challenge audiences. works include literature. time travel has implications. questions are about nature. time travel has complexities. works include television. time travel raises themes. questions are about causality. time travel raises questions. questions add depth. questions are about determinism. works include film. time travel uses supernatural powers. time travel uses alternate timelines. time travel has rules. time travel opens world. themes include idea. time travel is portrayed in works. tardis is in doctor who. time-turner allows user. user travels back period. time-turner is in harry potter.",
    "evaluation": 0
  },
  {
    "correct_answer": "Time machines often come with their own set of rules and limitations.",
    "retrieved_context": "characters are in reality. time machine allows characters. characters alter history. characters use artifacts. time machine has limitations. time machine cannot change events. characters face consequences. characters prevent events. characters navigate timelines. characters use mystical forces. characters use spells. time machine needs power source. characters face ethical implications. time machine is a device. characters travel through timeline. storytellers explore ideas. time travel is a concept. time travel engages audiences. time travel allows storytellers. time travel has possibilities. storytellers explore themes. questions challenge audiences. works include literature. time travel has implications. questions are about nature. time travel has complexities. works include television. time travel raises themes. questions are about causality. time travel raises questions. questions add depth. questions are about determinism. works include film. time travel uses supernatural powers. time travel uses alternate timelines. time travel has rules. time travel opens world. themes include idea. time travel is portrayed in works. time loop repeats day. time-turner allows user. user travels back period. time-turner is in harry potter.",
    "evaluation": 1
  },
  {
    "correct_answer": "Characters in fiction may manipulate time through supernatural or magical means.",
    "retrieved_context": "storytellers explore ideas. time travel is a concept. time travel engages audiences. time travel allows storytellers. time travel has possibilities. storytellers explore themes. questions challenge audiences. works include literature. time travel has implications. questions are about nature. time travel has complexities. works include television. time travel raises themes. questions are about causality. time travel raises questions. questions add depth. questions are about determinism. works include film. time travel uses supernatural powers. time travel uses alternate timelines. time travel has rules. time travel opens world. themes include idea. time travel is portrayed in works. time-turner allows user. user travels back period. time-turner is in harry potter. characters are in reality. time machine allows characters. characters alter history. characters use artifacts. time machine has limitations. time machine cannot change events. characters face consequences. characters prevent events. characters navigate timelines. characters use mystical forces. characters use spells. time machine needs power source. characters face ethical implications. time machine is a device. characters travel through timeline.",
    "evaluation": 1
  },
  {
    "correct_answer": "In J.K. Rowling's 'Harry Potter' series, the Time-Turner is a magical device for time travel.",
    "retrieved_context": "time-turner allows user. user travels back period. time-turner is in harry potter. storytellers explore ideas. time travel is a concept. time travel engages audiences. time travel allows storytellers. time travel has possibilities. storytellers explore themes. questions challenge audiences. works include literature. time travel has implications. questions are about nature. time travel has complexities. works include television. time travel raises themes. questions are about causality. time travel raises questions. questions add depth. questions are about determinism. works include film. time travel uses supernatural powers. time travel uses alternate timelines. time travel has rules. time travel opens world. themes include idea. time travel is portrayed in works. j.k. rowling wrote harry potter. characters are in reality. time machine allows characters. characters alter history. characters use artifacts. time machine has limitations. time machine cannot change events. characters face consequences. characters prevent events. characters navigate timelines. characters use mystical forces. characters use spells. time machine needs power source. characters face ethical implications. time machine is a device. characters travel through timeline. time loop repeats day.",
    "evaluation": 1
  },
  {
    "correct_answer": "Characters may find themselves in alternate timelines in fiction.",
    "retrieved_context": "storytellers explore ideas. time travel is a concept. time travel engages audiences. time travel allows storytellers. time travel has possibilities. storytellers explore themes. questions challenge audiences. works include literature. time travel has implications. questions are about nature. time travel has complexities. works include television. time travel raises themes. questions are about causality. time travel raises questions. questions add depth. questions are about determinism. works include film. time travel uses supernatural powers. time travel uses alternate timelines. time travel has rules. time travel opens world. themes include idea. time travel is portrayed in works. storytellers explore ideas. themes include idea. storytellers explore themes. characters are in reality. reality has history. characters alter history. characters use artifacts. history is due to actions. characters face consequences. characters prevent events. characters navigate timelines. characters use mystical forces. characters use spells. characters face ethical implications. characters travel through timeline.",
    "evaluation": 0
  },
  {
    "correct_answer": "Parallel universes are a common way time travel is portrayed in fiction.",
    "retrieved_context": "parallel universes are alternate timelines. storytellers explore ideas. time travel is a concept. time travel engages audiences. time travel allows storytellers. time travel has possibilities. storytellers explore themes. questions challenge audiences. works include literature. time travel has implications. questions are about nature. time travel has complexities. works include television. time travel raises themes. questions are about causality. time travel raises questions. questions add depth. questions are about determinism. works include film. time travel uses supernatural powers. time travel uses alternate timelines. time travel has rules. time travel opens world. themes include idea. time travel is portrayed in works. characters are in reality. time machine allows characters. characters alter history. characters use artifacts. time machine has limitations. time machine cannot change events. characters face consequences. characters prevent events. characters navigate timelines. characters use mystical forces. characters use spells. time machine needs power source. characters face ethical implications. time machine is a device. characters travel through timeline.",
    "evaluation": 0
  },
  {
    "correct_answer": "Time travel fiction often explores the idea of changing the past to alter the future.",
    "retrieved_context": "storytellers explore ideas. time travel is a concept. time travel engages audiences. time travel allows storytellers. time travel has possibilities. storytellers explore themes. questions challenge audiences. works include literature. time travel has implications. questions are about nature. time travel has complexities. works include television. time travel raises themes. questions are about causality. time travel raises questions. questions add depth. questions are about determinism. works include film. time travel uses supernatural powers. time travel uses alternate timelines. time travel has rules. time travel opens world. themes include idea. time travel is portrayed in works. characters are in reality. time machine allows characters. characters alter history. characters use artifacts. time machine has limitations. time machine cannot change events. characters face consequences. characters prevent events. characters navigate timelines. characters use mystical forces. characters use spells. time machine needs power source. characters face ethical implications. time machine is a device. characters travel through timeline. time-turner allows user. user travels back period. time-turner is in harry potter.",
    "evaluation": 1
  },
  {
    "correct_answer": "Characters in time travel fiction may grapple with the ethical implications of altering history.",
    "retrieved_context": "storytellers explore ideas. time travel is a concept. time travel engages audiences. time travel allows storytellers. time travel has possibilities. storytellers explore themes. questions challenge audiences. works include literature. time travel has implications. questions are about nature. time travel has complexities. works include television. time travel raises themes. questions are about causality. time travel raises questions. questions add depth. questions are about determinism. works include film. time travel uses supernatural powers. time travel uses alternate timelines. time travel has rules. time travel opens world. themes include idea. time travel is portrayed in works. characters are in reality. time machine allows characters. characters alter history. characters use artifacts. time machine has limitations. time machine cannot change events. characters face consequences. characters prevent events. characters navigate timelines. characters use mystical forces. characters use spells. time machine needs power source. characters face ethical implications. time machine is a device. characters travel through timeline. time-turner allows user. user travels back period. time-turner is in harry potter.",
    "evaluation": 1
  },
  {
    "correct_answer": "Time travel in fiction raises questions about causality and determinism.",
    "retrieved_context": "storytellers explore ideas. time travel is a concept. time travel engages audiences. time travel allows storytellers. time travel has possibilities. storytellers explore themes. questions challenge audiences. works include literature. time travel has implications. questions are about nature. time travel has complexities. works include television. time travel raises themes. questions are about causality. time travel raises questions. questions add depth. questions are about determinism. works include film. time travel uses supernatural powers. time travel uses alternate timelines. time travel has rules. time travel opens world. themes include idea. time travel is portrayed in works. characters are in reality. time machine allows characters. characters alter history. characters use artifacts. time machine has limitations. time machine cannot change events. characters face consequences. characters prevent events. characters navigate timelines. characters use mystical forces. characters use spells. time machine needs power source. characters face ethical implications. time machine is a device. characters travel through timeline. time-turner allows user. user travels back period. time-turner is in harry potter.",
    "evaluation": 1
  },
  {
    "accuracy": "73.33%"
  }
]