[
  {
    "correct_answer": "Bees are crucial pollinators in agriculture.",
    "retrieved_context": "bees affect yield. bees are vital for biodiversity. bees are pollinators. bees play a role in agriculture. pollination leads to fertilization. pollinators contribute to ecosystems. bees affect quality. pollinators contribute to crop production. bees are vital for sustainable food production. bees facilitate cross-pollination. cross-pollination increases genetic diversity. bees are responsible for pollination. bee habitats are affected by climate change. bee habitats are affected by diseases. bee habitats are affected by pesticide use. bee habitats are affected by habitat loss. bees affect yield. bee-friendly flowers support bees. bees are vital for biodiversity. bees are pollinators. bees play a role in agriculture. bees affect quality. bees are vital for sustainable food production. bees facilitate cross-pollination. bees are responsible for pollination. fertilization leads to fruits. pollination leads to fertilization. fertilization leads to seeds. cross-pollination increases genetic diversity. genetic diversity is within plant populations. pollinators contribute to ecosystems. pollinators contribute to crop production. hand pollination leads to production costs.",
    "evaluation": 1
  },
  {
    "correct_answer": "Bees contribute significantly to crop production.",
    "retrieved_context": "bees affect yield. bees are vital for biodiversity. bees are pollinators. bees play a role in agriculture. pollination leads to fertilization. pollinators contribute to ecosystems. bees affect quality. pollinators contribute to crop production. bees are vital for sustainable food production. bees facilitate cross-pollination. cross-pollination increases genetic diversity. bees are responsible for pollination. bee habitats are affected by climate change. bee habitats are affected by diseases. bee habitats are affected by pesticide use. bee habitats are affected by habitat loss. bees affect yield. bee-friendly flowers support bees. bees are vital for biodiversity. bees are pollinators. bees play a role in agriculture. bees affect quality. bees are vital for sustainable food production. bees facilitate cross-pollination. bees are responsible for pollination. bees affect yield. crops depend on bees. bees are vital for biodiversity. bees are pollinators. bees play a role in agriculture. bees affect quality. bees are vital for sustainable food production. bees facilitate cross-pollination. bees are responsible for pollination.",
    "evaluation": 1
  },
  {
    "correct_answer": "Bees are responsible for pollinating fruits, vegetables, and nuts.",
    "retrieved_context": "bees affect yield. bees are vital for biodiversity. bees are pollinators. bees play a role in agriculture. pollination leads to fertilization. pollinators contribute to ecosystems. bees affect quality. pollinators contribute to crop production. bees are vital for sustainable food production. bees facilitate cross-pollination. cross-pollination increases genetic diversity. bees are responsible for pollination. bee habitats are affected by climate change. bee habitats are affected by diseases. bee habitats are affected by pesticide use. bee habitats are affected by habitat loss. bees affect yield. bee-friendly flowers support bees. bees are vital for biodiversity. bees are pollinators. bees play a role in agriculture. bees affect quality. bees are vital for sustainable food production. bees facilitate cross-pollination. bees are responsible for pollination. fertilization leads to fruits. pollination leads to fertilization. fertilization leads to seeds. cross-pollination increases genetic diversity. genetic diversity is within plant populations. hand pollination leads to production costs. pollinators contribute to ecosystems. pollinators contribute to crop production.",
    "evaluation": 1
  },
  {
    "correct_answer": "Pollination is a primary function of bees in agriculture.",
    "retrieved_context": "fertilization leads to fruits. pollination leads to fertilization. fertilization leads to seeds. bees affect yield. bees are vital for biodiversity. bees are pollinators. bees play a role in agriculture. pollination leads to fertilization. pollinators contribute to ecosystems. bees affect quality. pollinators contribute to crop production. bees are vital for sustainable food production. bees facilitate cross-pollination. cross-pollination increases genetic diversity. bees are responsible for pollination. bee habitats are affected by climate change. bee habitats are affected by diseases. bee habitats are affected by pesticide use. bee habitats are affected by habitat loss. bees affect yield. bee-friendly flowers support bees. bees are vital for biodiversity. bees are pollinators. bees play a role in agriculture. bees affect quality. bees are vital for sustainable food production. bees facilitate cross-pollination. bees are responsible for pollination. cross-pollination increases genetic diversity. genetic diversity is within plant populations. hand pollination leads to production costs. pollinators contribute to ecosystems. pollinators contribute to crop production.",
    "evaluation": 1
  },
  {
    "correct_answer": "Bees facilitate cross-pollination and increase genetic diversity.",
    "retrieved_context": "cross-pollination increases genetic diversity. genetic diversity is within plant populations. bees affect yield. bees are vital for biodiversity. bees are pollinators. bees play a role in agriculture. pollination leads to fertilization. pollinators contribute to ecosystems. bees affect quality. pollinators contribute to crop production. bees are vital for sustainable food production. bees facilitate cross-pollination. cross-pollination increases genetic diversity. bees are responsible for pollination. bee habitats are affected by climate change. bee habitats are affected by diseases. bee habitats are affected by pesticide use. bee habitats are affected by habitat loss. bees affect yield. bee-friendly flowers support bees. bees are vital for biodiversity. bees are pollinators. bees play a role in agriculture. bees affect quality. bees are vital for sustainable food production. bees facilitate cross-pollination. bees are responsible for pollination. fertilization leads to fruits. pollination leads to fertilization. fertilization leads to seeds. genetic diversity is within plant populations. hand pollination leads to production costs.",
    "evaluation": 1
  },
  {
    "correct_answer": "Crops like almonds, apples, cherries, and blueberries depend on bees for pollination.",
    "retrieved_context": "bees affect yield. bee-friendly flowers support bees. bees are vital for biodiversity. bees are pollinators. bees play a role in agriculture. bees affect quality. bees are vital for sustainable food production. bees facilitate cross-pollination. bees are responsible for pollination. bees affect yield. bees are vital for biodiversity. bees are pollinators. bees play a role in agriculture. pollination leads to fertilization. pollinators contribute to ecosystems. bees affect quality. pollinators contribute to crop production. bees are vital for sustainable food production. bees facilitate cross-pollination. cross-pollination increases genetic diversity. bees are responsible for pollination. fertilization leads to fruits. pollination leads to fertilization. fertilization leads to seeds. bee habitats are affected by climate change. bee habitats are affected by diseases. bee habitats are affected by pesticide use. bee habitats are affected by habitat loss. cross-pollination increases genetic diversity. genetic diversity is within plant populations. hand pollination leads to production costs.",
    "evaluation": 0
  },
  {
    "correct_answer": "Bees are estimated to pollinate one-third of food crops worldwide.",
    "retrieved_context": "bees affect yield. bees are vital for biodiversity. bees are pollinators. bees play a role in agriculture. pollination leads to fertilization. pollinators contribute to ecosystems. bees affect quality. pollinators contribute to crop production. bees are vital for sustainable food production. bees facilitate cross-pollination. cross-pollination increases genetic diversity. bees are responsible for pollination. bee habitats are affected by climate change. bee habitats are affected by diseases. bee habitats are affected by pesticide use. bee habitats are affected by habitat loss. bees affect yield. bee-friendly flowers support bees. bees are vital for biodiversity. bees are pollinators. bees play a role in agriculture. bees affect quality. bees are vital for sustainable food production. bees facilitate cross-pollination. bees are responsible for pollination. fertilization leads to fruits. pollination leads to fertilization. fertilization leads to seeds. cross-pollination increases genetic diversity. genetic diversity is within plant populations. hand pollination leads to production costs. bees affect yield. crops depend on bees. bees are vital for biodiversity. bees are pollinators. bees play a role in agriculture. bees affect quality. bees are vital for sustainable food production. bees facilitate cross-pollination. bees are responsible for pollination. pollinators contribute to ecosystems. pollinators contribute to crop production.",
    "evaluation": 0
  },
  {
    "correct_answer": "Bee pollination services have immense economic value.",
    "retrieved_context": "bee habitats are affected by climate change. bee habitats are affected by diseases. bee habitats are affected by pesticide use. bee habitats are affected by habitat loss. bees affect yield. bees are vital for biodiversity. bees are pollinators. bees play a role in agriculture. pollination leads to fertilization. pollinators contribute to ecosystems. bees affect quality. pollinators contribute to crop production. bees are vital for sustainable food production. bees facilitate cross-pollination. cross-pollination increases genetic diversity. bees are responsible for pollination. bees affect yield. bee-friendly flowers support bees. bees are vital for biodiversity. bees are pollinators. bees play a role in agriculture. bees affect quality. bees are vital for sustainable food production. bees facilitate cross-pollination. bees are responsible for pollination. fertilization leads to fruits. pollination leads to fertilization. fertilization leads to seeds. cross-pollination increases genetic diversity. genetic diversity is within plant populations. hand pollination leads to production costs. pollinators contribute to ecosystems. pollinators contribute to crop production.",
    "evaluation": 1
  },
  {
    "correct_answer": "Bees help maintain biodiversity and ecosystem stability.",
    "retrieved_context": "bee habitats are affected by climate change. bee habitats are affected by diseases. bee habitats are affected by pesticide use. bee habitats are affected by habitat loss. bees affect yield. bees are vital for biodiversity. bees are pollinators. bees play a role in agriculture. pollination leads to fertilization. pollinators contribute to ecosystems. bees affect quality. pollinators contribute to crop production. bees are vital for sustainable food production. bees facilitate cross-pollination. cross-pollination increases genetic diversity. bees are responsible for pollination. bees affect yield. bee-friendly flowers support bees. bees are vital for biodiversity. bees are pollinators. bees play a role in agriculture. bees affect quality. bees are vital for sustainable food production. bees facilitate cross-pollination. bees are responsible for pollination. fertilization leads to fruits. pollination leads to fertilization. fertilization leads to seeds. cross-pollination increases genetic diversity. genetic diversity is within plant populations.",
    "evaluation": 1
  },
  {
    "correct_answer": "The decline of bee populations poses a threat to food security.",
    "retrieved_context": "bee habitats are affected by climate change. bee habitats are affected by diseases. bee habitats are affected by pesticide use. bee habitats are affected by habitat loss. bees affect yield. bees are vital for biodiversity. bees are pollinators. bees play a role in agriculture. pollination leads to fertilization. pollinators contribute to ecosystems. bees affect quality. pollinators contribute to crop production. bees are vital for sustainable food production. bees facilitate cross-pollination. cross-pollination increases genetic diversity. bees are responsible for pollination. bees affect yield. bee-friendly flowers support bees. bees are vital for biodiversity. bees are pollinators. bees play a role in agriculture. bees affect quality. bees are vital for sustainable food production. bees facilitate cross-pollination. bees are responsible for pollination.",
    "evaluation": 1
  },
  {
    "correct_answer": "Factors contributing to bee decline include habitat loss, pesticide use, and climate change.",
    "retrieved_context": "bee habitats are affected by climate change. bee habitats are affected by diseases. bee habitats are affected by pesticide use. bee habitats are affected by habitat loss. bees affect yield. bees are vital for biodiversity. bees are pollinators. bees play a role in agriculture. pollination leads to fertilization. pollinators contribute to ecosystems. bees affect quality. pollinators contribute to crop production. bees are vital for sustainable food production. bees facilitate cross-pollination. cross-pollination increases genetic diversity. bees are responsible for pollination. bees affect yield. bee-friendly flowers support bees. bees are vital for biodiversity. bees are pollinators. bees play a role in agriculture. bees affect quality. bees are vital for sustainable food production. bees facilitate cross-pollination. bees are responsible for pollination. decline poses a threat to natural ecosystems. decline poses a threat to food security. conservation efforts protect bee habitats. bee habitats are affected by habitat loss. bee habitats are affected by climate change. bee habitats are affected by diseases. bee habitats are affected by pesticide use. conservation efforts promote sustainable farming practices.",
    "evaluation": 1
  },
  {
    "correct_answer": "Conservation efforts are needed to protect and restore bee habitats.",
    "retrieved_context": "bee habitats are affected by climate change. bee habitats are affected by diseases. bee habitats are affected by pesticide use. bee habitats are affected by habitat loss. conservation efforts protect bee habitats. bee habitats are affected by habitat loss. bee habitats are affected by climate change. bee habitats are affected by diseases. bee habitats are affected by pesticide use. conservation efforts promote sustainable farming practices. bees affect yield. bee-friendly flowers support bees. bees are vital for biodiversity. bees are pollinators. bees play a role in agriculture. bees affect quality. bees are vital for sustainable food production. bees facilitate cross-pollination. bees are responsible for pollination. bees affect yield. bees are vital for biodiversity. bees are pollinators. bees play a role in agriculture. pollination leads to fertilization. pollinators contribute to ecosystems. bees affect quality. pollinators contribute to crop production. bees are vital for sustainable food production. bees facilitate cross-pollination. cross-pollination increases genetic diversity. bees are responsible for pollination.",
    "evaluation": 1
  },
  {
    "correct_answer": "Farmers can support bee populations by planting bee-friendly flowers.",
    "retrieved_context": "bees affect yield. bee-friendly flowers support bees. bees are vital for biodiversity. bees are pollinators. bees play a role in agriculture. bees affect quality. bees are vital for sustainable food production. bees facilitate cross-pollination. bees are responsible for pollination. bee habitats are affected by climate change. bee habitats are affected by diseases. bee habitats are affected by pesticide use. bee habitats are affected by habitat loss. bees affect yield. bees are vital for biodiversity. bees are pollinators. bees play a role in agriculture. pollination leads to fertilization. pollinators contribute to ecosystems. bees affect quality. pollinators contribute to crop production. bees are vital for sustainable food production. bees facilitate cross-pollination. cross-pollination increases genetic diversity. bees are responsible for pollination. bees affect yield. crops depend on bees. bees are vital for biodiversity. bees are pollinators. bees play a role in agriculture. bees affect quality. bees are vital for sustainable food production. bees facilitate cross-pollination. bees are responsible for pollination.",
    "evaluation": 0
  },
  {
    "correct_answer": "Governments can promote bee conservation through legislation and incentives.",
    "retrieved_context": "bee habitats are affected by climate change. bee habitats are affected by diseases. bee habitats are affected by pesticide use. bee habitats are affected by habitat loss. conservation efforts protect bee habitats. bee habitats are affected by habitat loss. bee habitats are affected by climate change. bee habitats are affected by diseases. bee habitats are affected by pesticide use. conservation efforts promote sustainable farming practices. bees affect yield. bee-friendly flowers support bees. bees are vital for biodiversity. bees are pollinators. bees play a role in agriculture. bees affect quality. bees are vital for sustainable food production. bees facilitate cross-pollination. bees are responsible for pollination. bees affect yield. bees are vital for biodiversity. bees are pollinators. bees play a role in agriculture. pollination leads to fertilization. pollinators contribute to ecosystems. bees affect quality. pollinators contribute to crop production. bees are vital for sustainable food production. bees facilitate cross-pollination. cross-pollination increases genetic diversity. bees are responsible for pollination. incentives promote sustainable agriculture practices.",
    "evaluation": 0
  },
  {
    "correct_answer": "Recognizing the importance of bees in agriculture is crucial for a sustainable future.",
    "retrieved_context": "bees affect yield. bees are vital for biodiversity. bees are pollinators. bees play a role in agriculture. pollination leads to fertilization. pollinators contribute to ecosystems. bees affect quality. pollinators contribute to crop production. bees are vital for sustainable food production. bees facilitate cross-pollination. cross-pollination increases genetic diversity. bees are responsible for pollination. bee habitats are affected by climate change. bee habitats are affected by diseases. bee habitats are affected by pesticide use. bee habitats are affected by habitat loss. bees affect yield. bee-friendly flowers support bees. bees are vital for biodiversity. bees are pollinators. bees play a role in agriculture. bees affect quality. bees are vital for sustainable food production. bees facilitate cross-pollination. bees are responsible for pollination. bees affect yield. crops depend on bees. bees are vital for biodiversity. bees are pollinators. bees play a role in agriculture. bees affect quality. bees are vital for sustainable food production. bees facilitate cross-pollination. bees are responsible for pollination. fertilization leads to fruits. pollination leads to fertilization. fertilization leads to seeds.",
    "evaluation": 1
  },
  {
    "accuracy": "73.33%"
  }
]