[
  {
    "correct_answer": "Smell is also known as olfaction.",
    "retrieved_context": "limbic system responsible for memories. olfactory system and limbic system. limbic system responsible for emotions. olfactory epithelium is tissue. olfactory receptors located in olfactory epithelium. olfactory epithelium is tissue. nasal cavity through nostrils. odor molecules bind to olfactory receptors. chemical reactions send signals. odor molecules triggers chemical reactions. odor molecules enter nasal cavity. olfactory receptors located in olfactory epithelium. smell role in cultural significance. role in lives. smell influence interactions. smell influences behavior. smell role in social significance. smell role in society. smell role in survival. smell influences emotions. smell harness potential. smell is one of senses. smell trigger memories. senses in human body. smell plays role. smell known as olfaction. scents recall memories. therapeutic effects on behavior. conditions like post-traumatic stress disorder. scents like perfume. feelings of nostalgia. therapeutic effects on mood. scents have therapeutic effects. scents reduce anxiety. scents like dish. scents evoke feelings. scents help conditions. conditions like alzheimer's disease. aroma of fruits. aroma of meals.",
    "evaluation": 1
  },
  {
    "correct_answer": "Smell influences emotions, memories, and behavior.",
    "retrieved_context": "olfactory epithelium is tissue. olfactory receptors located in olfactory epithelium. smell role in cultural significance. role in lives. smell influence interactions. smell influences behavior. smell role in social significance. smell role in society. smell role in survival. smell influences emotions. smell harness potential. smell is one of senses. smell trigger memories. senses in human body. smell plays role. smell known as olfaction. nasal cavity through nostrils. odor molecules bind to olfactory receptors. chemical reactions send signals. odor molecules triggers chemical reactions. odor molecules enter nasal cavity. olfactory receptors located in olfactory epithelium. limbic system responsible for memories. olfactory system and limbic system. limbic system responsible for emotions. scents recall memories. therapeutic effects on behavior. conditions like post-traumatic stress disorder. scents like perfume. feelings of nostalgia. therapeutic effects on mood. scents have therapeutic effects. scents reduce anxiety. scents like dish. scents evoke feelings. scents help conditions. conditions like alzheimer's disease. aroma of fruits. aroma of meals. olfactory epithelium is tissue. fragrances influence attraction. fragrances influence partners. fragrances influence perceptions.",
    "evaluation": 1
  },
  {
    "correct_answer": "Odor molecules enter the nasal cavity through the nostrils.",
    "retrieved_context": "nasal cavity through nostrils. odor molecules bind to olfactory receptors. chemical reactions send signals. odor molecules triggers chemical reactions. odor molecules enter nasal cavity. olfactory receptors located in olfactory epithelium. nasal cavity through nostrils. olfactory epithelium is tissue. olfactory receptors located in olfactory epithelium. olfactory epithelium is tissue. limbic system responsible for memories. olfactory system and limbic system. limbic system responsible for emotions. smell role in cultural significance. role in lives. smell influence interactions. smell influences behavior. smell role in social significance. smell role in society. smell role in survival. smell influences emotions. smell harness potential. smell is one of senses. smell trigger memories. senses in human body. smell plays role. smell known as olfaction. fragrances influence attraction. fragrances influence partners. fragrances influence perceptions.",
    "evaluation": 1
  },
  {
    "correct_answer": "Olfactory receptors are located in the olfactory epithelium.",
    "retrieved_context": "olfactory epithelium is tissue. olfactory receptors located in olfactory epithelium. olfactory epithelium is tissue. limbic system responsible for memories. olfactory system and limbic system. limbic system responsible for emotions. receptor sensitive to odor molecules. odor molecules enter nasal cavity. odor molecules bind to olfactory receptors. odor molecules triggers chemical reactions. nasal cavity through nostrils. odor molecules bind to olfactory receptors. chemical reactions send signals. odor molecules triggers chemical reactions. odor molecules enter nasal cavity. olfactory receptors located in olfactory epithelium. smell role in cultural significance. role in lives. smell influence interactions. smell influences behavior. smell role in social significance. smell role in society. smell role in survival. smell influences emotions. smell harness potential. smell is one of senses. smell trigger memories. senses in human body. smell plays role. smell known as olfaction. senses in human body.",
    "evaluation": 1
  },
  {
    "correct_answer": "Each receptor is sensitive to specific odor molecules.",
    "retrieved_context": "nasal cavity through nostrils. odor molecules bind to olfactory receptors. chemical reactions send signals. odor molecules triggers chemical reactions. odor molecules enter nasal cavity. olfactory receptors located in olfactory epithelium. olfactory epithelium is tissue. olfactory receptors located in olfactory epithelium. receptor sensitive to odor molecules. odor molecules enter nasal cavity. odor molecules bind to olfactory receptors. odor molecules triggers chemical reactions. limbic system responsible for memories. olfactory system and limbic system. limbic system responsible for emotions. olfactory epithelium is tissue. smell role in cultural significance. role in lives. smell influence interactions. smell influences behavior. smell role in social significance. smell role in society. smell role in survival. smell influences emotions. smell harness potential. smell is one of senses. smell trigger memories. senses in human body. smell plays role. smell known as olfaction. scents recall memories. therapeutic effects on behavior. conditions like post-traumatic stress disorder. scents like perfume. feelings of nostalgia. therapeutic effects on mood. scents have therapeutic effects. scents reduce anxiety. scents like dish. scents evoke feelings. scents help conditions. conditions like alzheimer's disease. fragrances influence attraction. fragrances influence partners. fragrances influence perceptions.",
    "evaluation": 1
  },
  {
    "correct_answer": "Odor molecules trigger chemical reactions in the brain.",
    "retrieved_context": "nasal cavity through nostrils. odor molecules bind to olfactory receptors. chemical reactions send signals. odor molecules triggers chemical reactions. odor molecules enter nasal cavity. olfactory receptors located in olfactory epithelium. olfactory epithelium is tissue. olfactory receptors located in olfactory epithelium. limbic system responsible for memories. olfactory system and limbic system. limbic system responsible for emotions. olfactory epithelium is tissue. smell role in cultural significance. role in lives. smell influence interactions. smell influences behavior. smell role in social significance. smell role in society. smell role in survival. smell influences emotions. smell harness potential. smell is one of senses. smell trigger memories. senses in human body. smell plays role. smell known as olfaction. aroma of fruits. aroma of meals. chemical reactions send signals. signals to brain. aromatherapy is medicine. essential oils improve well-being. aromatherapy uses essential oils.",
    "evaluation": 1
  },
  {
    "correct_answer": "Early humans relied on smell to detect predators and find food.",
    "retrieved_context": "olfactory epithelium is tissue. olfactory receptors located in olfactory epithelium. limbic system responsible for memories. olfactory system and limbic system. limbic system responsible for emotions. smell role in cultural significance. role in lives. smell influence interactions. smell influences behavior. smell role in social significance. smell role in society. smell role in survival. smell influences emotions. smell harness potential. smell is one of senses. smell trigger memories. senses in human body. smell plays role. smell known as olfaction. olfactory epithelium is tissue. nasal cavity through nostrils. odor molecules bind to olfactory receptors. chemical reactions send signals. odor molecules triggers chemical reactions. odor molecules enter nasal cavity. olfactory receptors located in olfactory epithelium. senses in human body.",
    "evaluation": 0
  },
  {
    "correct_answer": "Our sense of smell warns us of danger, like spoiled food.",
    "retrieved_context": "smell role in cultural significance. role in lives. smell influence interactions. smell influences behavior. smell role in social significance. smell role in society. smell role in survival. smell influences emotions. smell harness potential. smell is one of senses. smell trigger memories. senses in human body. smell plays role. smell known as olfaction. nasal cavity through nostrils. odor molecules bind to olfactory receptors. chemical reactions send signals. odor molecules triggers chemical reactions. odor molecules enter nasal cavity. olfactory receptors located in olfactory epithelium. senses in human body. olfactory epithelium is tissue. olfactory receptors located in olfactory epithelium. limbic system responsible for memories. olfactory system and limbic system. limbic system responsible for emotions. danger like smoke. danger like spoiled food. aroma of fruits. aroma of meals.",
    "evaluation": 1
  },
  {
    "correct_answer": "Smells can trigger memories more vividly than other cues.",
    "retrieved_context": "olfactory epithelium is tissue. olfactory receptors located in olfactory epithelium. smell role in cultural significance. role in lives. smell influence interactions. smell influences behavior. smell role in social significance. smell role in society. smell role in survival. smell influences emotions. smell harness potential. smell is one of senses. smell trigger memories. senses in human body. smell plays role. smell known as olfaction. scents recall memories. therapeutic effects on behavior. conditions like post-traumatic stress disorder. scents like perfume. feelings of nostalgia. therapeutic effects on mood. scents have therapeutic effects. scents reduce anxiety. scents like dish. scents evoke feelings. scents help conditions. conditions like alzheimer's disease. limbic system responsible for memories. olfactory system and limbic system. limbic system responsible for emotions. aroma of fruits. aroma of meals. olfactory epithelium is tissue. nasal cavity through nostrils. odor molecules bind to olfactory receptors. chemical reactions send signals. odor molecules triggers chemical reactions. odor molecules enter nasal cavity. olfactory receptors located in olfactory epithelium.",
    "evaluation": 1
  },
  {
    "correct_answer": "The limbic system is responsible for emotions and memories.",
    "retrieved_context": "limbic system responsible for memories. limbic system responsible for emotions. post-traumatic stress disorder also known as ptsd.",
    "evaluation": 1
  },
  {
    "correct_answer": "Aromatherapy uses essential oils for physical and psychological well-being.",
    "retrieved_context": "aromatherapy is medicine. essential oils improve well-being. aromatherapy uses essential oils. essential oils improve well-being. aroma of fruits. aroma of meals. scents recall memories. therapeutic effects on behavior. conditions like post-traumatic stress disorder. scents like perfume. feelings of nostalgia. therapeutic effects on mood. scents have therapeutic effects. scents reduce anxiety. scents like dish. scents evoke feelings. scents help conditions. conditions like alzheimer's disease. fragrances influence attraction. fragrances influence partners. fragrances influence perceptions. lavender for relaxation. fragrance industry is business.",
    "evaluation": 1
  },
  {
    "correct_answer": "Certain scents can help people with Alzheimer's recall memories.",
    "retrieved_context": "scents recall memories. therapeutic effects on behavior. conditions like post-traumatic stress disorder. scents like perfume. feelings of nostalgia. therapeutic effects on mood. scents have therapeutic effects. scents reduce anxiety. scents like dish. scents evoke feelings. scents help conditions. conditions like alzheimer's disease. aromatherapy is medicine. essential oils improve well-being. aromatherapy uses essential oils. fragrances influence attraction. fragrances influence partners. fragrances influence perceptions. aroma of fruits. aroma of meals. perfumes create lasting impressions. olfactory epithelium is tissue. olfactory receptors located in olfactory epithelium.",
    "evaluation": 0
  },
  {
    "correct_answer": "Different cultures have unique preferences for scents.",
    "retrieved_context": "scents recall memories. therapeutic effects on behavior. conditions like post-traumatic stress disorder. scents like perfume. feelings of nostalgia. therapeutic effects on mood. scents have therapeutic effects. scents reduce anxiety. scents like dish. scents evoke feelings. scents help conditions. conditions like alzheimer's disease. fragrances influence attraction. fragrances influence partners. fragrances influence perceptions. fragrance industry is business. aroma of fruits. aroma of meals. perfumes create lasting impressions. aromatherapy is medicine. essential oils improve well-being. aromatherapy uses essential oils.",
    "evaluation": 0
  },
  {
    "correct_answer": "Scents can influence perceptions, moods, and attraction in social settings.",
    "retrieved_context": "scents recall memories. therapeutic effects on behavior. conditions like post-traumatic stress disorder. scents like perfume. feelings of nostalgia. therapeutic effects on mood. scents have therapeutic effects. scents reduce anxiety. scents like dish. scents evoke feelings. scents help conditions. conditions like alzheimer's disease. fragrances influence attraction. fragrances influence partners. fragrances influence perceptions. aroma of fruits. aroma of meals. fragrance industry is business. aromatherapy is medicine. essential oils improve well-being. aromatherapy uses essential oils. perfumes create lasting impressions.",
    "evaluation": 1
  },
  {
    "correct_answer": "The fragrance industry is a multi-billion-dollar business.",
    "retrieved_context": "fragrance industry is business. fragrances influence attraction. fragrances influence partners. fragrances influence perceptions. perfumes create lasting impressions. scents recall memories. therapeutic effects on behavior. conditions like post-traumatic stress disorder. scents like perfume. feelings of nostalgia. therapeutic effects on mood. scents have therapeutic effects. scents reduce anxiety. scents like dish. scents evoke feelings. scents help conditions. conditions like alzheimer's disease. aroma of fruits. aroma of meals.",
    "evaluation": 0
  },
  {
    "accuracy": "73.33%"
  }
]