[
  {
    "correct_answer": "Typography is the art of arranging type to make written language readable and appealing.",
    "retrieved_context": "typography continues to interaction. history dates back centuries. role in marketing. typography is art. interaction with world. history is conclusion. role in branding. typography is technique. typography is art form. typography more importance. role in shaping communication. typography evolved into sophisticated. history is testament. typography began to evolution. role in shaping consume. typography plays role. typography has history. typefaces with style. typefaces with characteristics.",
    "evaluation": 0
  },
  {
    "correct_answer": "Typography has a rich and fascinating history that dates back centuries.",
    "retrieved_context": "typography continues to interaction. history dates back centuries. role in marketing. typography is art. interaction with world. history is conclusion. role in branding. typography is technique. typography is art form. typography more importance. role in shaping communication. typography evolved into sophisticated. history is testament. typography began to evolution. role in shaping consume. typography plays role. typography has history. typefaces with style. typefaces with characteristics. history dates back centuries. history is testament. testament to power. history is conclusion.",
    "evaluation": 1
  },
  {
    "correct_answer": "Typography played a crucial role in shaping the way we communicate and consume information.",
    "retrieved_context": "typography continues to interaction. history dates back centuries. role in marketing. typography is art. interaction with world. history is conclusion. role in branding. typography is technique. typography is art form. typography more importance. role in shaping communication. typography evolved into sophisticated. history is testament. typography began to evolution. role in shaping consume. typography plays role. typography has history. typefaces with style. typefaces with characteristics. future holds possibilities. technology continues to future.",
    "evaluation": 1
  },
  {
    "correct_answer": "The origins of typography can be traced back to ancient civilizations like the Egyptians.",
    "retrieved_context": "typography continues to interaction. history dates back centuries. role in marketing. typography is art. interaction with world. history is conclusion. role in branding. typography is technique. typography is art form. typography more importance. role in shaping communication. typography evolved into sophisticated. history is testament. typography began to evolution. role in shaping consume. typography plays role. typography has history. civilizations such as egyptians. origins can be traced civilizations. typefaces with style. typefaces with characteristics. civilizations such as egyptians. beginnings in civilizations. egyptians used hieroglyphics.",
    "evaluation": 1
  },
  {
    "correct_answer": "The Egyptians used hieroglyphics for written communication.",
    "retrieved_context": "egyptians used hieroglyphics. typography continues to interaction. history dates back centuries. role in marketing. typography is art. interaction with world. history is conclusion. role in branding. typography is technique. typography is art form. typography more importance. role in shaping communication. typography evolved into sophisticated. history is testament. typography began to evolution. role in shaping consume. typography plays role. typography has history.",
    "evaluation": 0
  },
  {
    "correct_answer": "The development of writing systems led to the creation of various scripts and typefaces.",
    "retrieved_context": "typefaces with style. typefaces with characteristics. typography continues to interaction. history dates back centuries. role in marketing. typography is art. interaction with world. history is conclusion. role in branding. typography is technique. typography is art form. typography more importance. role in shaping communication. typography evolved into sophisticated. history is testament. typography began to evolution. role in shaping consume. typography plays role. typography has history. creation of scripts. typefaces with style. creation of typefaces. typefaces with characteristics.",
    "evaluation": 0
  },
  {
    "correct_answer": "Johannes Gutenberg invented the printing press in the 15th century.",
    "retrieved_context": "standardized of typefaces. printing press was revolutionary. printing press by johannes gutenberg. mass production making accessibility. printing press led to standardized. standardized of printing techniques. mass production of books. printing press in 15th century. printing press allowed for mass production. mass production of materials. printing press was revolutionary. printing press by johannes gutenberg. invention of printing press. printing press led to standardized. printing press in 15th century. printing press allowed for mass production. renaissance period experienced renaissance.",
    "evaluation": 1
  },
  {
    "correct_answer": "The printing press allowed for the mass production of books and printed materials.",
    "retrieved_context": "standardized of typefaces. printing press was revolutionary. printing press by johannes gutenberg. mass production making accessibility. printing press led to standardized. standardized of printing techniques. mass production of books. printing press in 15th century. printing press allowed for mass production. mass production of materials. accessibility to audience. mass production making accessibility. mass production of materials. mass production of books. future holds possibilities. technology continues to future.",
    "evaluation": 1
  },
  {
    "correct_answer": "The printing press made information more accessible to a wider audience.",
    "retrieved_context": "standardized of typefaces. printing press was revolutionary. printing press by johannes gutenberg. mass production making accessibility. printing press led to standardized. standardized of printing techniques. mass production of books. printing press in 15th century. printing press allowed for mass production. mass production of materials. typography continues to interaction. history dates back centuries. role in marketing. typography is art. interaction with world. history is conclusion. role in branding. typography is technique. typography is art form. typography more importance. role in shaping communication. typography evolved into sophisticated. history is testament. typography began to evolution. role in shaping consume. typography plays role. typography has history. accessibility to audience.",
    "evaluation": 1
  },
  {
    "correct_answer": "Designers began to experiment with different fonts, sizes, and layouts for printed materials.",
    "retrieved_context": "user-friendly across experiences. designers experimented with fonts. designers create engaging. designers experimented with sizes. designers experimented with layouts. designers create manipulation. designers began exploration. exploration of emotions. designers create identities. designers create user-friendly. exploration led to graphic design. identities in visually compelling. exploration of messages. design discipline emphasis on aesthetics. design discipline emphasis on readability. design discipline emphasis on functionality. typography continues to interaction. history dates back centuries. role in marketing. typography is art. interaction with world. history is conclusion. role in branding. typography is technique. typography is art form. typography more importance. role in shaping communication. typography evolved into sophisticated. history is testament. typography began to evolution. role in shaping consume. typography plays role. typography has history. standardized of typefaces. printing press was revolutionary. printing press by johannes gutenberg. mass production making accessibility. printing press led to standardized. standardized of printing techniques. mass production of books. printing press in 15th century. printing press allowed for mass production. mass production of materials.",
    "evaluation": 1
  },
  {
    "correct_answer": "Claude Garamond and Giambattista Bodoni created iconic typefaces during the Renaissance period.",
    "retrieved_context": "typefaces with style. typefaces with characteristics. giambattista bodoni created iconic. renaissance period experienced renaissance. claude garamond created iconic. user-friendly across experiences. designers experimented with fonts. designers create engaging. designers experimented with sizes. designers experimented with layouts. designers create manipulation. designers began exploration. exploration of emotions. designers create identities. designers create user-friendly. exploration led to graphic design. identities in visually compelling. exploration of messages.",
    "evaluation": 0
  },
  {
    "correct_answer": "Typography evolved with an emphasis on aesthetics, readability, and functionality.",
    "retrieved_context": "typography continues to interaction. history dates back centuries. role in marketing. typography is art. interaction with world. history is conclusion. role in branding. typography is technique. typography is art form. typography more importance. role in shaping communication. typography evolved into sophisticated. history is testament. typography began to evolution. role in shaping consume. typography plays role. typography has history. typefaces with style. typefaces with characteristics.",
    "evaluation": 0
  },
  {
    "correct_answer": "The Industrial Revolution brought advancements in typography and new printing technologies.",
    "retrieved_context": "typography continues to interaction. history dates back centuries. role in marketing. typography is art. interaction with world. history is conclusion. role in branding. typography is technique. typography is art form. typography more importance. role in shaping communication. typography evolved into sophisticated. history is testament. typography began to evolution. role in shaping consume. typography plays role. typography has history. standardized of typefaces. printing press was revolutionary. printing press by johannes gutenberg. mass production making accessibility. printing press led to standardized. standardized of printing techniques. mass production of books. printing press in 15th century. printing press allowed for mass production. mass production of materials. advancements in magazines. advancements in technologies. industrial revolution brought advancements. advancements in advertisements. advancements in newspapers. advancements in magazines. advancements in technologies. advancements in advertisements. advancements in newspapers. future holds possibilities. technology continues to future.",
    "evaluation": 1
  },
  {
    "correct_answer": "Designers explored new ways of using type to convey messages and evoke emotions.",
    "retrieved_context": "typefaces with style. typefaces with characteristics. user-friendly across experiences. designers experimented with fonts. designers create engaging. designers experimented with sizes. designers experimented with layouts. designers create manipulation. designers began exploration. exploration of emotions. designers create identities. designers create user-friendly. exploration led to graphic design. identities in visually compelling. exploration of messages. creativity for generations. design discipline emphasis on aesthetics. design discipline emphasis on readability. design discipline emphasis on functionality.",
    "evaluation": 1
  },
  {
    "correct_answer": "Typography plays a crucial role in branding, marketing, and communication today.",
    "retrieved_context": "typography continues to interaction. history dates back centuries. role in marketing. typography is art. interaction with world. history is conclusion. role in branding. typography is technique. typography is art form. typography more importance. role in shaping communication. typography evolved into sophisticated. history is testament. typography began to evolution. role in shaping consume. typography plays role. typography has history. typefaces with style. typefaces with characteristics. user-friendly across experiences. designers experimented with fonts. designers create engaging. designers experimented with sizes. designers experimented with layouts. designers create manipulation. designers began exploration. exploration of emotions. designers create identities. designers create user-friendly. exploration led to graphic design. identities in visually compelling. exploration of messages.",
    "evaluation": 1
  },
  {
    "accuracy": "66.67%"
  }
]