[
  {
    "correct_answer": "The Bermuda Triangle is a region in the western part of the North Atlantic Ocean.",
    "retrieved_context": "theories suggesting supernatural forces. region in the north atlantic ocean. bermuda triangle continues to be a source of mystery. bermuda triangle is an infamous. bermuda triangle boundaries vary depending on theories. bermuda triangle believed to be between miami. bermuda triangle is an area. theories about the bermuda triangle. theories suggesting extraterrestrial involvement. mystery captured the imagination. bermuda triangle remains one of the mysteries. mystery captured the imagination for decades. bermuda triangle believed to be between bermuda. bermuda triangle boundaries vary depending on sources. mystery captured the imagination of people. bermuda triangle is a region. region known for unpredictable weather patterns. bermuda triangle continues to be a source of intrigue. mysteries of the modern era. bermuda triangle also known as devil's triangle. bermuda triangle continues to captivate secrets. theories suggesting underwater alien bases. bermuda triangle believed to be between puerto rico. region in the north atlantic ocean. region known for unpredictable weather patterns. unpredictable weather patterns including storms. unpredictable weather patterns including rogue waves. u.s. navy cargo ship presumed to have sunk due to weather conditions. load of manganese ore. u.s. navy cargo ship went missing in march 1918. u.s. navy cargo ship with people. u.s. navy cargo ship carrying a full load. magnetic anomalies leading to compass malfunctions. compass malfunctions and disorientation. magnetic anomalies interfere with navigation systems.",
    "evaluation": 0
  },
  {
    "correct_answer": "The Bermuda Triangle is also known as the Devil's Triangle.",
    "retrieved_context": "theories suggesting supernatural forces. region in the north atlantic ocean. bermuda triangle continues to be a source of mystery. bermuda triangle is an infamous. bermuda triangle boundaries vary depending on theories. bermuda triangle believed to be between miami. bermuda triangle is an area. theories about the bermuda triangle. theories suggesting extraterrestrial involvement. mystery captured the imagination. bermuda triangle remains one of the mysteries. mystery captured the imagination for decades. bermuda triangle believed to be between bermuda. bermuda triangle boundaries vary depending on sources. mystery captured the imagination of people. bermuda triangle is a region. region known for unpredictable weather patterns. bermuda triangle continues to be a source of intrigue. mysteries of the modern era. bermuda triangle also known as devil's triangle. bermuda triangle continues to captivate secrets. theories suggesting underwater alien bases. bermuda triangle believed to be between puerto rico. magnetic anomalies leading to compass malfunctions. compass malfunctions and disorientation. magnetic anomalies interfere with navigation systems. u.s. navy cargo ship presumed to have sunk due to weather conditions. load of manganese ore. u.s. navy cargo ship went missing in march 1918. u.s. navy cargo ship with people. u.s. navy cargo ship carrying a full load.",
    "evaluation": 1
  },
  {
    "correct_answer": "Aircraft and ships have disappeared in the Bermuda Triangle under mysterious circumstances.",
    "retrieved_context": "theories suggesting supernatural forces. region in the north atlantic ocean. bermuda triangle continues to be a source of mystery. bermuda triangle is an infamous. bermuda triangle boundaries vary depending on theories. bermuda triangle believed to be between miami. bermuda triangle is an area. theories about the bermuda triangle. theories suggesting extraterrestrial involvement. mystery captured the imagination. bermuda triangle remains one of the mysteries. mystery captured the imagination for decades. bermuda triangle believed to be between bermuda. bermuda triangle boundaries vary depending on sources. mystery captured the imagination of people. bermuda triangle is a region. region known for unpredictable weather patterns. bermuda triangle continues to be a source of intrigue. mysteries of the modern era. bermuda triangle also known as devil's triangle. bermuda triangle continues to captivate secrets. theories suggesting underwater alien bases. bermuda triangle believed to be between puerto rico. disappeared under mysterious. aircraft and their crew members. disappeared under mysterious. aircraft are said to have disappeared. crew members were never trace. rescue plane disappearing without a trace. ships are said to have disappeared. disappeared under mysterious.",
    "evaluation": 1
  },
  {
    "correct_answer": "The boundaries of the Bermuda Triangle vary depending on sources and theories.",
    "retrieved_context": "theories suggesting supernatural forces. region in the north atlantic ocean. bermuda triangle continues to be a source of mystery. bermuda triangle is an infamous. bermuda triangle boundaries vary depending on theories. bermuda triangle believed to be between miami. bermuda triangle is an area. theories about the bermuda triangle. theories suggesting extraterrestrial involvement. mystery captured the imagination. bermuda triangle remains one of the mysteries. mystery captured the imagination for decades. bermuda triangle believed to be between bermuda. bermuda triangle boundaries vary depending on sources. mystery captured the imagination of people. bermuda triangle is a region. region known for unpredictable weather patterns. bermuda triangle continues to be a source of intrigue. mysteries of the modern era. bermuda triangle also known as devil's triangle. bermuda triangle continues to captivate secrets. theories suggesting underwater alien bases. bermuda triangle believed to be between puerto rico. bermuda triangle boundaries vary depending on theories. bermuda triangle believed to be between miami. bermuda triangle is an area. theories suggesting supernatural forces. theories about the bermuda triangle. bermuda triangle believed to be between puerto rico. bermuda triangle is a region. bermuda triangle continues to be a source of mystery. theories suggesting extraterrestrial involvement. bermuda triangle also known as devil's triangle. bermuda triangle continues to captivate secrets. theories suggesting underwater alien bases. bermuda triangle is an infamous. bermuda triangle remains one of the mysteries. bermuda triangle continues to be a source of intrigue. bermuda triangle believed to be between bermuda. bermuda triangle boundaries vary depending on sources. magnetic anomalies leading to compass malfunctions. compass malfunctions and disorientation. magnetic anomalies interfere with navigation systems.",
    "evaluation": 1
  },
  {
    "correct_answer": "The Bermuda Triangle is generally believed to be between Miami, Bermuda, and Puerto Rico.",
    "retrieved_context": "theories suggesting supernatural forces. region in the north atlantic ocean. bermuda triangle continues to be a source of mystery. bermuda triangle is an infamous. bermuda triangle boundaries vary depending on theories. bermuda triangle believed to be between miami. bermuda triangle is an area. theories about the bermuda triangle. theories suggesting extraterrestrial involvement. mystery captured the imagination. bermuda triangle remains one of the mysteries. mystery captured the imagination for decades. bermuda triangle believed to be between bermuda. bermuda triangle boundaries vary depending on sources. mystery captured the imagination of people. bermuda triangle is a region. region known for unpredictable weather patterns. bermuda triangle continues to be a source of intrigue. mysteries of the modern era. bermuda triangle also known as devil's triangle. bermuda triangle continues to captivate secrets. theories suggesting underwater alien bases. bermuda triangle believed to be between puerto rico. magnetic anomalies leading to compass malfunctions. compass malfunctions and disorientation. magnetic anomalies interfere with navigation systems. u.s. navy cargo ship presumed to have sunk due to weather conditions. load of manganese ore. u.s. navy cargo ship went missing in march 1918. u.s. navy cargo ship with people. u.s. navy cargo ship carrying a full load.",
    "evaluation": 1
  },
  {
    "correct_answer": "Flight 19, a squadron of five U.S. Navy bombers, disappeared in the Bermuda Triangle in December 1945.",
    "retrieved_context": "squadron of u.s. navy bombers. squadron vanished during training flight. flight 19 is a squadron. theories suggesting supernatural forces. region in the north atlantic ocean. bermuda triangle continues to be a source of mystery. bermuda triangle is an infamous. bermuda triangle boundaries vary depending on theories. bermuda triangle believed to be between miami. bermuda triangle is an area. theories about the bermuda triangle. theories suggesting extraterrestrial involvement. mystery captured the imagination. bermuda triangle remains one of the mysteries. mystery captured the imagination for decades. bermuda triangle believed to be between bermuda. bermuda triangle boundaries vary depending on sources. mystery captured the imagination of people. bermuda triangle is a region. region known for unpredictable weather patterns. bermuda triangle continues to be a source of intrigue. mysteries of the modern era. bermuda triangle also known as devil's triangle. bermuda triangle continues to captivate secrets. theories suggesting underwater alien bases. bermuda triangle believed to be between puerto rico. rescue plane disappearing without a trace. training flight in december 1945. squadron of u.s. navy bombers. squadron vanished during training flight.",
    "evaluation": 1
  },
  {
    "correct_answer": "The USS Cyclops, a U.S. Navy cargo ship, went missing in the Bermuda Triangle in March 1918.",
    "retrieved_context": "uss cyclops is a u.s. navy cargo ship. u.s. navy cargo ship presumed to have sunk due to weather conditions. u.s. navy cargo ship went missing in march 1918. u.s. navy cargo ship with people. u.s. navy cargo ship carrying a full load. theories suggesting supernatural forces. region in the north atlantic ocean. bermuda triangle continues to be a source of mystery. bermuda triangle is an infamous. bermuda triangle boundaries vary depending on theories. bermuda triangle believed to be between miami. bermuda triangle is an area. theories about the bermuda triangle. theories suggesting extraterrestrial involvement. mystery captured the imagination. bermuda triangle remains one of the mysteries. mystery captured the imagination for decades. bermuda triangle believed to be between bermuda. bermuda triangle boundaries vary depending on sources. mystery captured the imagination of people. bermuda triangle is a region. region known for unpredictable weather patterns. bermuda triangle continues to be a source of intrigue. mysteries of the modern era. bermuda triangle also known as devil's triangle. bermuda triangle continues to captivate secrets. theories suggesting underwater alien bases. bermuda triangle believed to be between puerto rico. u.s. navy cargo ship presumed to have sunk due to weather conditions. load of manganese ore. u.s. navy cargo ship went missing in march 1918. u.s. navy cargo ship with people. u.s. navy cargo ship carrying a full load. ships are said to have disappeared. disappeared under mysterious. disappeared under mysterious.",
    "evaluation": 0
  },
  {
    "correct_answer": "The USS Cyclops was carrying a full load of manganese ore when it disappeared.",
    "retrieved_context": "uss cyclops is a u.s. navy cargo ship. u.s. navy cargo ship presumed to have sunk due to weather conditions. u.s. navy cargo ship went missing in march 1918. u.s. navy cargo ship with people. u.s. navy cargo ship carrying a full load. u.s. navy cargo ship presumed to have sunk due to weather conditions. load of manganese ore. u.s. navy cargo ship went missing in march 1918. u.s. navy cargo ship with people. u.s. navy cargo ship carrying a full load. ships are said to have disappeared. disappeared under mysterious. disappeared under mysterious. wreckage or distress call. wreckage was ever trace.",
    "evaluation": 1
  },
  {
    "correct_answer": "The Bermuda Triangle has fueled a wide range of theories, including supernatural forces and extraterrestrial involvement.",
    "retrieved_context": "theories suggesting supernatural forces. region in the north atlantic ocean. bermuda triangle continues to be a source of mystery. bermuda triangle is an infamous. bermuda triangle boundaries vary depending on theories. bermuda triangle believed to be between miami. bermuda triangle is an area. theories about the bermuda triangle. theories suggesting extraterrestrial involvement. mystery captured the imagination. bermuda triangle remains one of the mysteries. mystery captured the imagination for decades. bermuda triangle believed to be between bermuda. bermuda triangle boundaries vary depending on sources. mystery captured the imagination of people. bermuda triangle is a region. region known for unpredictable weather patterns. bermuda triangle continues to be a source of intrigue. mysteries of the modern era. bermuda triangle also known as devil's triangle. bermuda triangle continues to captivate secrets. theories suggesting underwater alien bases. bermuda triangle believed to be between puerto rico. bermuda triangle boundaries vary depending on theories. bermuda triangle believed to be between miami. bermuda triangle is an area. theories suggesting supernatural forces. theories about the bermuda triangle. bermuda triangle believed to be between puerto rico. bermuda triangle is a region. bermuda triangle continues to be a source of mystery. theories suggesting extraterrestrial involvement. bermuda triangle also known as devil's triangle. bermuda triangle continues to captivate secrets. theories suggesting underwater alien bases. bermuda triangle is an infamous. bermuda triangle remains one of the mysteries. bermuda triangle continues to be a source of intrigue. bermuda triangle believed to be between bermuda. bermuda triangle boundaries vary depending on sources. scientific explanations for the phenomena. phenomena in the bermuda triangle.",
    "evaluation": 1
  },
  {
    "correct_answer": "Strong magnetic anomalies in the Bermuda Triangle could interfere with navigation systems.",
    "retrieved_context": "theories suggesting supernatural forces. region in the north atlantic ocean. bermuda triangle continues to be a source of mystery. bermuda triangle is an infamous. bermuda triangle boundaries vary depending on theories. bermuda triangle believed to be between miami. bermuda triangle is an area. theories about the bermuda triangle. theories suggesting extraterrestrial involvement. mystery captured the imagination. bermuda triangle remains one of the mysteries. mystery captured the imagination for decades. bermuda triangle believed to be between bermuda. bermuda triangle boundaries vary depending on sources. mystery captured the imagination of people. bermuda triangle is a region. region known for unpredictable weather patterns. bermuda triangle continues to be a source of intrigue. mysteries of the modern era. bermuda triangle also known as devil's triangle. bermuda triangle continues to captivate secrets. theories suggesting underwater alien bases. bermuda triangle believed to be between puerto rico. magnetic anomalies leading to compass malfunctions. compass malfunctions and disorientation. magnetic anomalies interfere with navigation systems. disorientation among sailors. disorientation among pilots. compass malfunctions and disorientation.",
    "evaluation": 1
  },
  {
    "correct_answer": "The Bermuda Triangle is known for its unpredictable weather patterns, including sudden storms and rogue waves.",
    "retrieved_context": "theories suggesting supernatural forces. region in the north atlantic ocean. bermuda triangle continues to be a source of mystery. bermuda triangle is an infamous. bermuda triangle boundaries vary depending on theories. bermuda triangle believed to be between miami. bermuda triangle is an area. theories about the bermuda triangle. theories suggesting extraterrestrial involvement. mystery captured the imagination. bermuda triangle remains one of the mysteries. mystery captured the imagination for decades. bermuda triangle believed to be between bermuda. bermuda triangle boundaries vary depending on sources. mystery captured the imagination of people. bermuda triangle is a region. region known for unpredictable weather patterns. bermuda triangle continues to be a source of intrigue. mysteries of the modern era. bermuda triangle also known as devil's triangle. bermuda triangle continues to captivate secrets. theories suggesting underwater alien bases. bermuda triangle believed to be between puerto rico. unpredictable weather patterns including storms. unpredictable weather patterns including rogue waves. magnetic anomalies leading to compass malfunctions. compass malfunctions and disorientation. magnetic anomalies interfere with navigation systems.",
    "evaluation": 1
  },
  {
    "correct_answer": "Methane gas trapped beneath the seafloor could be a possible explanation for disappearances in the Bermuda Triangle.",
    "retrieved_context": "theories suggesting supernatural forces. region in the north atlantic ocean. bermuda triangle continues to be a source of mystery. bermuda triangle is an infamous. bermuda triangle boundaries vary depending on theories. bermuda triangle believed to be between miami. bermuda triangle is an area. theories about the bermuda triangle. theories suggesting extraterrestrial involvement. mystery captured the imagination. bermuda triangle remains one of the mysteries. mystery captured the imagination for decades. bermuda triangle believed to be between bermuda. bermuda triangle boundaries vary depending on sources. mystery captured the imagination of people. bermuda triangle is a region. region known for unpredictable weather patterns. bermuda triangle continues to be a source of intrigue. mysteries of the modern era. bermuda triangle also known as devil's triangle. bermuda triangle continues to captivate secrets. theories suggesting underwater alien bases. bermuda triangle believed to be between puerto rico. methane gas trapped beneath the seafloor. bubbles causing ships to lose buoyancy. methane gas released in bubbles. methane hydrate destabilization is a phenomena. methane hydrate destabilization suggested as existence. phenomena in the bermuda triangle. magnetic anomalies leading to compass malfunctions. compass malfunctions and disorientation. magnetic anomalies interfere with navigation systems.",
    "evaluation": 1
  },
  {
    "correct_answer": "The lack of concrete evidence deepens the intrigue surrounding the Bermuda Triangle.",
    "retrieved_context": "theories suggesting supernatural forces. region in the north atlantic ocean. bermuda triangle continues to be a source of mystery. bermuda triangle is an infamous. bermuda triangle boundaries vary depending on theories. bermuda triangle believed to be between miami. bermuda triangle is an area. theories about the bermuda triangle. theories suggesting extraterrestrial involvement. mystery captured the imagination. bermuda triangle remains one of the mysteries. mystery captured the imagination for decades. bermuda triangle believed to be between bermuda. bermuda triangle boundaries vary depending on sources. mystery captured the imagination of people. bermuda triangle is a region. region known for unpredictable weather patterns. bermuda triangle continues to be a source of intrigue. mysteries of the modern era. bermuda triangle also known as devil's triangle. bermuda triangle continues to captivate secrets. theories suggesting underwater alien bases. bermuda triangle believed to be between puerto rico. evidence lack of incidents. scientific explanations for the phenomena. phenomena in the bermuda triangle. mysteries of the modern era.",
    "evaluation": 1
  },
  {
    "correct_answer": "The Bermuda Triangle remains a mystery for researchers, scientists, and enthusiasts.",
    "retrieved_context": "theories suggesting supernatural forces. region in the north atlantic ocean. bermuda triangle continues to be a source of mystery. bermuda triangle is an infamous. bermuda triangle boundaries vary depending on theories. bermuda triangle believed to be between miami. bermuda triangle is an area. theories about the bermuda triangle. theories suggesting extraterrestrial involvement. mystery captured the imagination. bermuda triangle remains one of the mysteries. mystery captured the imagination for decades. bermuda triangle believed to be between bermuda. bermuda triangle boundaries vary depending on sources. mystery captured the imagination of people. bermuda triangle is a region. region known for unpredictable weather patterns. bermuda triangle continues to be a source of intrigue. mysteries of the modern era. bermuda triangle also known as devil's triangle. bermuda triangle continues to captivate secrets. theories suggesting underwater alien bases. bermuda triangle believed to be between puerto rico. mysteries of the modern era. magnetic anomalies leading to compass malfunctions. compass malfunctions and disorientation. magnetic anomalies interfere with navigation systems. mystery captured the imagination of people. mystery captured the imagination for decades. mystery captured the imagination.",
    "evaluation": 1
  },
  {
    "correct_answer": "The allure of the Bermuda Triangle continues to captivate those who explore its secrets.",
    "retrieved_context": "theories suggesting supernatural forces. region in the north atlantic ocean. bermuda triangle continues to be a source of mystery. bermuda triangle is an infamous. bermuda triangle boundaries vary depending on theories. bermuda triangle believed to be between miami. bermuda triangle is an area. theories about the bermuda triangle. theories suggesting extraterrestrial involvement. mystery captured the imagination. bermuda triangle remains one of the mysteries. mystery captured the imagination for decades. bermuda triangle believed to be between bermuda. bermuda triangle boundaries vary depending on sources. mystery captured the imagination of people. bermuda triangle is a region. region known for unpredictable weather patterns. bermuda triangle continues to be a source of intrigue. mysteries of the modern era. bermuda triangle also known as devil's triangle. bermuda triangle continues to captivate secrets. theories suggesting underwater alien bases. bermuda triangle believed to be between puerto rico. mysteries of the modern era.",
    "evaluation": 1
  },
  {
    "accuracy": "86.67%"
  }
]