[
  {
    "correct_answer": "Fire provides warmth and light to humans in history.",
    "retrieved_context": "fire generates electricity. fire left a mark on civilization. fire played a crucial role in human history. fire powers engines. fire provides light. fire leads to air pollution. fire essential in ancient times. fire means of communication. fire provides protection. cooking methods allow for dishes. fire essential for cold nights. fire essential for shelters. fire indispensable resource. fire instrumental in technology. fire essential element in progress. fire enables tool-making. fire instrumental in innovation. fire crucial role in industries. fire has transformative properties. fire symbol in culture. fire ensure sustainable future. fire means of divine. cooking methods include roasting. fire ensure generations. fire leads to environmental challenges. fire harness for benefit. fire highlights need for alternative energy sources. cooking methods include boiling. fire used for cooking in restaurants. fire enables cooking. fire symbol in spirituality. fire used in rituals. fire influencing lives. fire crucial role in society. fire essential for darkness. fire means of guidance. fire played a crucial role in diet. fire played a crucial role in nutrition. fire shaping evolution. fire crucial role in modern times. fire paved the way for culinary arts. fire used in ceremonies. fire provides heat in homes. fire paved the way for food culture. fire drives economic growth. fire highlights need for sustainable practices. fire represents renewal. fire provides warmth. fire represents destruction. fire use it responsibly. fire revolutionized environment. fire crucial role in sectors. fire enabling expressions. cooking methods include baking. fire paved the way for cooking methods. fire leads to deforestation. open flame allows for diversification. open flame improves well-being. open flame improves health. open flame kills bacteria. open flame made food palatable. open flame breaks down fibers.",
    "evaluation": 1
  },
  {
    "correct_answer": "Fire enables cooking and tool-making for humans.",
    "retrieved_context": "fire generates electricity. fire left a mark on civilization. fire played a crucial role in human history. fire powers engines. fire provides light. fire leads to air pollution. fire essential in ancient times. fire means of communication. fire provides protection. cooking methods allow for dishes. fire essential for cold nights. fire essential for shelters. fire indispensable resource. fire instrumental in technology. fire essential element in progress. fire enables tool-making. fire instrumental in innovation. fire crucial role in industries. fire has transformative properties. fire symbol in culture. fire ensure sustainable future. fire means of divine. cooking methods include roasting. fire ensure generations. fire leads to environmental challenges. fire harness for benefit. fire highlights need for alternative energy sources. cooking methods include boiling. fire used for cooking in restaurants. fire enables cooking. fire symbol in spirituality. fire used in rituals. fire influencing lives. fire crucial role in society. fire essential for darkness. fire means of guidance. fire played a crucial role in diet. fire played a crucial role in nutrition. fire shaping evolution. fire crucial role in modern times. fire paved the way for culinary arts. fire used in ceremonies. fire provides heat in homes. fire paved the way for food culture. fire drives economic growth. fire highlights need for sustainable practices. fire represents renewal. fire provides warmth. fire represents destruction. fire use it responsibly. fire revolutionized environment. fire crucial role in sectors. fire enabling expressions. cooking methods include baking. fire paved the way for cooking methods. fire leads to deforestation. open flame allows for diversification. open flame improves well-being. open flame improves health. open flame kills bacteria. open flame made food palatable. open flame breaks down fibers. dishes reflect cultural diversity. cooking methods allow for dishes. cooking methods include roasting. cooking methods include baking. cooking methods include boiling.",
    "evaluation": 1
  },
  {
    "correct_answer": "Fire extends waking hours and increases productivity.",
    "retrieved_context": "fire generates electricity. fire left a mark on civilization. fire played a crucial role in human history. fire powers engines. fire provides light. fire leads to air pollution. fire essential in ancient times. fire means of communication. fire provides protection. cooking methods allow for dishes. fire essential for cold nights. fire essential for shelters. fire indispensable resource. fire instrumental in technology. fire essential element in progress. fire enables tool-making. fire instrumental in innovation. fire crucial role in industries. fire has transformative properties. fire symbol in culture. fire ensure sustainable future. fire means of divine. cooking methods include roasting. fire ensure generations. fire leads to environmental challenges. fire harness for benefit. fire highlights need for alternative energy sources. cooking methods include boiling. fire used for cooking in restaurants. fire enables cooking. fire symbol in spirituality. fire used in rituals. fire influencing lives. fire crucial role in society. fire essential for darkness. fire means of guidance. fire played a crucial role in diet. fire played a crucial role in nutrition. fire shaping evolution. fire crucial role in modern times. fire paved the way for culinary arts. fire used in ceremonies. fire provides heat in homes. fire paved the way for food culture. fire drives economic growth. fire highlights need for sustainable practices. fire represents renewal. fire provides warmth. fire represents destruction. fire use it responsibly. fire revolutionized environment. fire crucial role in sectors. fire enabling expressions. cooking methods include baking. fire paved the way for cooking methods. fire leads to deforestation. open flame allows for diversification. open flame improves well-being. open flame improves health. open flame kills bacteria. open flame made food palatable. open flame breaks down fibers.",
    "evaluation": 0
  },
  {
    "correct_answer": "Cooking food over fire makes it more palatable.",
    "retrieved_context": "dishes reflect cultural diversity. cooking methods allow for dishes. cooking methods include roasting. cooking methods include baking. cooking methods include boiling. fire generates electricity. fire left a mark on civilization. fire played a crucial role in human history. fire powers engines. fire provides light. fire leads to air pollution. fire essential in ancient times. fire means of communication. fire provides protection. cooking methods allow for dishes. fire essential for cold nights. fire essential for shelters. fire indispensable resource. fire instrumental in technology. fire essential element in progress. fire enables tool-making. fire instrumental in innovation. fire crucial role in industries. fire has transformative properties. fire symbol in culture. fire ensure sustainable future. fire means of divine. cooking methods include roasting. fire ensure generations. fire leads to environmental challenges. fire harness for benefit. fire highlights need for alternative energy sources. cooking methods include boiling. fire used for cooking in restaurants. fire enables cooking. fire symbol in spirituality. fire used in rituals. fire influencing lives. fire crucial role in society. fire essential for darkness. fire means of guidance. fire played a crucial role in diet. fire played a crucial role in nutrition. fire shaping evolution. fire crucial role in modern times. fire paved the way for culinary arts. fire used in ceremonies. fire provides heat in homes. fire paved the way for food culture. fire drives economic growth. fire highlights need for sustainable practices. fire represents renewal. fire provides warmth. fire represents destruction. fire use it responsibly. fire revolutionized environment. fire crucial role in sectors. fire enabling expressions. cooking methods include baking. fire paved the way for cooking methods. fire leads to deforestation. open flame allows for diversification. open flame improves well-being. open flame improves health. open flame kills bacteria. open flame made food palatable. open flame breaks down fibers.",
    "evaluation": 1
  },
  {
    "correct_answer": "Cooking food over fire breaks down tough fibers and kills harmful bacteria.",
    "retrieved_context": "dishes reflect cultural diversity. cooking methods allow for dishes. cooking methods include roasting. cooking methods include baking. cooking methods include boiling. fire generates electricity. fire left a mark on civilization. fire played a crucial role in human history. fire powers engines. fire provides light. fire leads to air pollution. fire essential in ancient times. fire means of communication. fire provides protection. cooking methods allow for dishes. fire essential for cold nights. fire essential for shelters. fire indispensable resource. fire instrumental in technology. fire essential element in progress. fire enables tool-making. fire instrumental in innovation. fire crucial role in industries. fire has transformative properties. fire symbol in culture. fire ensure sustainable future. fire means of divine. cooking methods include roasting. fire ensure generations. fire leads to environmental challenges. fire harness for benefit. fire highlights need for alternative energy sources. cooking methods include boiling. fire used for cooking in restaurants. fire enables cooking. fire symbol in spirituality. fire used in rituals. fire influencing lives. fire crucial role in society. fire essential for darkness. fire means of guidance. fire played a crucial role in diet. fire played a crucial role in nutrition. fire shaping evolution. fire crucial role in modern times. fire paved the way for culinary arts. fire used in ceremonies. fire provides heat in homes. fire paved the way for food culture. fire drives economic growth. fire highlights need for sustainable practices. fire represents renewal. fire provides warmth. fire represents destruction. fire use it responsibly. fire revolutionized environment. fire crucial role in sectors. fire enabling expressions. cooking methods include baking. fire paved the way for cooking methods. fire leads to deforestation. open flame allows for diversification. open flame improves well-being. open flame improves health. open flame kills bacteria. open flame made food palatable. open flame breaks down fibers.",
    "evaluation": 1
  },
  {
    "correct_answer": "Cooking food over fire leads to improved nutrition and well-being.",
    "retrieved_context": "dishes reflect cultural diversity. cooking methods allow for dishes. cooking methods include roasting. cooking methods include baking. cooking methods include boiling. fire generates electricity. fire left a mark on civilization. fire played a crucial role in human history. fire powers engines. fire provides light. fire leads to air pollution. fire essential in ancient times. fire means of communication. fire provides protection. cooking methods allow for dishes. fire essential for cold nights. fire essential for shelters. fire indispensable resource. fire instrumental in technology. fire essential element in progress. fire enables tool-making. fire instrumental in innovation. fire crucial role in industries. fire has transformative properties. fire symbol in culture. fire ensure sustainable future. fire means of divine. cooking methods include roasting. fire ensure generations. fire leads to environmental challenges. fire harness for benefit. fire highlights need for alternative energy sources. cooking methods include boiling. fire used for cooking in restaurants. fire enables cooking. fire symbol in spirituality. fire used in rituals. fire influencing lives. fire crucial role in society. fire essential for darkness. fire means of guidance. fire played a crucial role in diet. fire played a crucial role in nutrition. fire shaping evolution. fire crucial role in modern times. fire paved the way for culinary arts. fire used in ceremonies. fire provides heat in homes. fire paved the way for food culture. fire drives economic growth. fire highlights need for sustainable practices. fire represents renewal. fire provides warmth. fire represents destruction. fire use it responsibly. fire revolutionized environment. fire crucial role in sectors. fire enabling expressions. cooking methods include baking. fire paved the way for cooking methods. fire leads to deforestation.",
    "evaluation": 1
  },
  {
    "correct_answer": "Different cooking methods like roasting and boiling emerge due to fire.",
    "retrieved_context": "dishes reflect cultural diversity. cooking methods allow for dishes. cooking methods include roasting. cooking methods include baking. cooking methods include boiling. fire generates electricity. fire left a mark on civilization. fire played a crucial role in human history. fire powers engines. fire provides light. fire leads to air pollution. fire essential in ancient times. fire means of communication. fire provides protection. cooking methods allow for dishes. fire essential for cold nights. fire essential for shelters. fire indispensable resource. fire instrumental in technology. fire essential element in progress. fire enables tool-making. fire instrumental in innovation. fire crucial role in industries. fire has transformative properties. fire symbol in culture. fire ensure sustainable future. fire means of divine. cooking methods include roasting. fire ensure generations. fire leads to environmental challenges. fire harness for benefit. fire highlights need for alternative energy sources. cooking methods include boiling. fire used for cooking in restaurants. fire enables cooking. fire symbol in spirituality. fire used in rituals. fire influencing lives. fire crucial role in society. fire essential for darkness. fire means of guidance. fire played a crucial role in diet. fire played a crucial role in nutrition. fire shaping evolution. fire crucial role in modern times. fire paved the way for culinary arts. fire used in ceremonies. fire provides heat in homes. fire paved the way for food culture. fire drives economic growth. fire highlights need for sustainable practices. fire represents renewal. fire provides warmth. fire represents destruction. fire use it responsibly. fire revolutionized environment. fire crucial role in sectors. fire enabling expressions. cooking methods include baking. fire paved the way for cooking methods. fire leads to deforestation. open flame allows for diversification. open flame improves well-being. open flame improves health. open flame kills bacteria. open flame made food palatable. open flame breaks down fibers.",
    "evaluation": 1
  },
  {
    "correct_answer": "Sharing meals around a fire fosters community and cooperation.",
    "retrieved_context": "fire generates electricity. fire left a mark on civilization. fire played a crucial role in human history. fire powers engines. fire provides light. fire leads to air pollution. fire essential in ancient times. fire means of communication. fire provides protection. cooking methods allow for dishes. fire essential for cold nights. fire essential for shelters. fire indispensable resource. fire instrumental in technology. fire essential element in progress. fire enables tool-making. fire instrumental in innovation. fire crucial role in industries. fire has transformative properties. fire symbol in culture. fire ensure sustainable future. fire means of divine. cooking methods include roasting. fire ensure generations. fire leads to environmental challenges. fire harness for benefit. fire highlights need for alternative energy sources. cooking methods include boiling. fire used for cooking in restaurants. fire enables cooking. fire symbol in spirituality. fire used in rituals. fire influencing lives. fire crucial role in society. fire essential for darkness. fire means of guidance. fire played a crucial role in diet. fire played a crucial role in nutrition. fire shaping evolution. fire crucial role in modern times. fire paved the way for culinary arts. fire used in ceremonies. fire provides heat in homes. fire paved the way for food culture. fire drives economic growth. fire highlights need for sustainable practices. fire represents renewal. fire provides warmth. fire represents destruction. fire use it responsibly. fire revolutionized environment. fire crucial role in sectors. fire enabling expressions. cooking methods include baking. fire paved the way for cooking methods. fire leads to deforestation.",
    "evaluation": 0
  },
  {
    "correct_answer": "Fire allows smelting of metals for tool and weapon development.",
    "retrieved_context": "fire generates electricity. fire left a mark on civilization. fire played a crucial role in human history. fire powers engines. fire provides light. fire leads to air pollution. fire essential in ancient times. fire means of communication. fire provides protection. cooking methods allow for dishes. fire essential for cold nights. fire essential for shelters. fire indispensable resource. fire instrumental in technology. fire essential element in progress. fire enables tool-making. fire instrumental in innovation. fire crucial role in industries. fire has transformative properties. fire symbol in culture. fire ensure sustainable future. fire means of divine. cooking methods include roasting. fire ensure generations. fire leads to environmental challenges. fire harness for benefit. fire highlights need for alternative energy sources. cooking methods include boiling. fire used for cooking in restaurants. fire enables cooking. fire symbol in spirituality. fire used in rituals. fire influencing lives. fire crucial role in society. fire essential for darkness. fire means of guidance. fire played a crucial role in diet. fire played a crucial role in nutrition. fire shaping evolution. fire crucial role in modern times. fire paved the way for culinary arts. fire used in ceremonies. fire provides heat in homes. fire paved the way for food culture. fire drives economic growth. fire highlights need for sustainable practices. fire represents renewal. fire provides warmth. fire represents destruction. fire use it responsibly. fire revolutionized environment. fire crucial role in sectors. fire enabling expressions. cooking methods include baking. fire paved the way for cooking methods. fire leads to deforestation. open flame allows for diversification. open flame improves well-being. open flame improves health. open flame kills bacteria. open flame made food palatable. open flame breaks down fibers.",
    "evaluation": 0
  },
  {
    "correct_answer": "Fire leads to the invention of pottery and ceramics.",
    "retrieved_context": "fire generates electricity. fire left a mark on civilization. fire played a crucial role in human history. fire powers engines. fire provides light. fire leads to air pollution. fire essential in ancient times. fire means of communication. fire provides protection. cooking methods allow for dishes. fire essential for cold nights. fire essential for shelters. fire indispensable resource. fire instrumental in technology. fire essential element in progress. fire enables tool-making. fire instrumental in innovation. fire crucial role in industries. fire has transformative properties. fire symbol in culture. fire ensure sustainable future. fire means of divine. cooking methods include roasting. fire ensure generations. fire leads to environmental challenges. fire harness for benefit. fire highlights need for alternative energy sources. cooking methods include boiling. fire used for cooking in restaurants. fire enables cooking. fire symbol in spirituality. fire used in rituals. fire influencing lives. fire crucial role in society. fire essential for darkness. fire means of guidance. fire played a crucial role in diet. fire played a crucial role in nutrition. fire shaping evolution. fire crucial role in modern times. fire paved the way for culinary arts. fire used in ceremonies. fire provides heat in homes. fire paved the way for food culture. fire drives economic growth. fire highlights need for sustainable practices. fire represents renewal. fire provides warmth. fire represents destruction. fire use it responsibly. fire revolutionized environment. fire crucial role in sectors. fire enabling expressions. cooking methods include baking. fire paved the way for cooking methods. fire leads to deforestation. open flame allows for diversification. open flame improves well-being. open flame improves health. open flame kills bacteria. open flame made food palatable. open flame breaks down fibers. dishes reflect cultural diversity. cooking methods allow for dishes. cooking methods include roasting. cooking methods include baking. cooking methods include boiling.",
    "evaluation": 0
  },
  {
    "correct_answer": "Fire is a symbol of destruction and renewal in human culture.",
    "retrieved_context": "fire generates electricity. fire left a mark on civilization. fire played a crucial role in human history. fire powers engines. fire provides light. fire leads to air pollution. fire essential in ancient times. fire means of communication. fire provides protection. cooking methods allow for dishes. fire essential for cold nights. fire essential for shelters. fire indispensable resource. fire instrumental in technology. fire essential element in progress. fire enables tool-making. fire instrumental in innovation. fire crucial role in industries. fire has transformative properties. fire symbol in culture. fire ensure sustainable future. fire means of divine. cooking methods include roasting. fire ensure generations. fire leads to environmental challenges. fire harness for benefit. fire highlights need for alternative energy sources. cooking methods include boiling. fire used for cooking in restaurants. fire enables cooking. fire symbol in spirituality. fire used in rituals. fire influencing lives. fire crucial role in society. fire essential for darkness. fire means of guidance. fire played a crucial role in diet. fire played a crucial role in nutrition. fire shaping evolution. fire crucial role in modern times. fire paved the way for culinary arts. fire used in ceremonies. fire provides heat in homes. fire paved the way for food culture. fire drives economic growth. fire highlights need for sustainable practices. fire represents renewal. fire provides warmth. fire represents destruction. fire use it responsibly. fire revolutionized environment. fire crucial role in sectors. fire enabling expressions. cooking methods include baking. fire paved the way for cooking methods. fire leads to deforestation. open flame allows for diversification. open flame improves well-being. open flame improves health. open flame kills bacteria. open flame made food palatable. open flame breaks down fibers.",
    "evaluation": 1
  },
  {
    "correct_answer": "Fire is worshipped as a deity in ancient civilizations.",
    "retrieved_context": "fire generates electricity. fire left a mark on civilization. fire played a crucial role in human history. fire powers engines. fire provides light. fire leads to air pollution. fire essential in ancient times. fire means of communication. fire provides protection. cooking methods allow for dishes. fire essential for cold nights. fire essential for shelters. fire indispensable resource. fire instrumental in technology. fire essential element in progress. fire enables tool-making. fire instrumental in innovation. fire crucial role in industries. fire has transformative properties. fire symbol in culture. fire ensure sustainable future. fire means of divine. cooking methods include roasting. fire ensure generations. fire leads to environmental challenges. fire harness for benefit. fire highlights need for alternative energy sources. cooking methods include boiling. fire used for cooking in restaurants. fire enables cooking. fire symbol in spirituality. fire used in rituals. fire influencing lives. fire crucial role in society. fire essential for darkness. fire means of guidance. fire played a crucial role in diet. fire played a crucial role in nutrition. fire shaping evolution. fire crucial role in modern times. fire paved the way for culinary arts. fire used in ceremonies. fire provides heat in homes. fire paved the way for food culture. fire drives economic growth. fire highlights need for sustainable practices. fire represents renewal. fire provides warmth. fire represents destruction. fire use it responsibly. fire revolutionized environment. fire crucial role in sectors. fire enabling expressions. cooking methods include baking. fire paved the way for cooking methods. fire leads to deforestation. open flame allows for diversification. open flame improves well-being. open flame improves health. open flame kills bacteria. open flame made food palatable. open flame breaks down fibers. civilizations attributed mystical powers. civilizations worshipped sacred element. civilizations worshipped deity.",
    "evaluation": 1
  },
  {
    "correct_answer": "Fire is used in various industries for powering engines and generating electricity.",
    "retrieved_context": "fire generates electricity. fire left a mark on civilization. fire played a crucial role in human history. fire powers engines. fire provides light. fire leads to air pollution. fire essential in ancient times. fire means of communication. fire provides protection. cooking methods allow for dishes. fire essential for cold nights. fire essential for shelters. fire indispensable resource. fire instrumental in technology. fire essential element in progress. fire enables tool-making. fire instrumental in innovation. fire crucial role in industries. fire has transformative properties. fire symbol in culture. fire ensure sustainable future. fire means of divine. cooking methods include roasting. fire ensure generations. fire leads to environmental challenges. fire harness for benefit. fire highlights need for alternative energy sources. cooking methods include boiling. fire used for cooking in restaurants. fire enables cooking. fire symbol in spirituality. fire used in rituals. fire influencing lives. fire crucial role in society. fire essential for darkness. fire means of guidance. fire played a crucial role in diet. fire played a crucial role in nutrition. fire shaping evolution. fire crucial role in modern times. fire paved the way for culinary arts. fire used in ceremonies. fire provides heat in homes. fire paved the way for food culture. fire drives economic growth. fire highlights need for sustainable practices. fire represents renewal. fire provides warmth. fire represents destruction. fire use it responsibly. fire revolutionized environment. fire crucial role in sectors. fire enabling expressions. cooking methods include baking. fire paved the way for cooking methods. fire leads to deforestation. open flame allows for diversification. open flame improves well-being. open flame improves health. open flame kills bacteria. open flame made food palatable. open flame breaks down fibers.",
    "evaluation": 1
  },
  {
    "correct_answer": "Fire is used for heating homes and cooking in restaurants.",
    "retrieved_context": "fire generates electricity. fire left a mark on civilization. fire played a crucial role in human history. fire powers engines. fire provides light. fire leads to air pollution. fire essential in ancient times. fire means of communication. fire provides protection. cooking methods allow for dishes. fire essential for cold nights. fire essential for shelters. fire indispensable resource. fire instrumental in technology. fire essential element in progress. fire enables tool-making. fire instrumental in innovation. fire crucial role in industries. fire has transformative properties. fire symbol in culture. fire ensure sustainable future. fire means of divine. cooking methods include roasting. fire ensure generations. fire leads to environmental challenges. fire harness for benefit. fire highlights need for alternative energy sources. cooking methods include boiling. fire used for cooking in restaurants. fire enables cooking. fire symbol in spirituality. fire used in rituals. fire influencing lives. fire crucial role in society. fire essential for darkness. fire means of guidance. fire played a crucial role in diet. fire played a crucial role in nutrition. fire shaping evolution. fire crucial role in modern times. fire paved the way for culinary arts. fire used in ceremonies. fire provides heat in homes. fire paved the way for food culture. fire drives economic growth. fire highlights need for sustainable practices. fire represents renewal. fire provides warmth. fire represents destruction. fire use it responsibly. fire revolutionized environment. fire crucial role in sectors. fire enabling expressions. cooking methods include baking. fire paved the way for cooking methods. fire leads to deforestation. open flame allows for diversification. open flame improves well-being. open flame improves health. open flame kills bacteria. open flame made food palatable. open flame breaks down fibers. dishes reflect cultural diversity. cooking methods allow for dishes. cooking methods include roasting. cooking methods include baking. cooking methods include boiling.",
    "evaluation": 1
  },
  {
    "correct_answer": "Widespread use of fire leads to environmental challenges like air pollution.",
    "retrieved_context": "fire generates electricity. fire left a mark on civilization. fire played a crucial role in human history. fire powers engines. fire provides light. fire leads to air pollution. fire essential in ancient times. fire means of communication. fire provides protection. cooking methods allow for dishes. fire essential for cold nights. fire essential for shelters. fire indispensable resource. fire instrumental in technology. fire essential element in progress. fire enables tool-making. fire instrumental in innovation. fire crucial role in industries. fire has transformative properties. fire symbol in culture. fire ensure sustainable future. fire means of divine. cooking methods include roasting. fire ensure generations. fire leads to environmental challenges. fire harness for benefit. fire highlights need for alternative energy sources. cooking methods include boiling. fire used for cooking in restaurants. fire enables cooking. fire symbol in spirituality. fire used in rituals. fire influencing lives. fire crucial role in society. fire essential for darkness. fire means of guidance. fire played a crucial role in diet. fire played a crucial role in nutrition. fire shaping evolution. fire crucial role in modern times. fire paved the way for culinary arts. fire used in ceremonies. fire provides heat in homes. fire paved the way for food culture. fire drives economic growth. fire highlights need for sustainable practices. fire represents renewal. fire provides warmth. fire represents destruction. fire use it responsibly. fire revolutionized environment. fire crucial role in sectors. fire enabling expressions. cooking methods include baking. fire paved the way for cooking methods. fire leads to deforestation. open flame allows for diversification. open flame improves well-being. open flame improves health. open flame kills bacteria. open flame made food palatable. open flame breaks down fibers.",
    "evaluation": 1
  },
  {
    "accuracy": "73.33%"
  }
]