[
  {
    "correct_answer": "Music is a powerful medium.",
    "retrieved_context": "music consider sensitivities. music impact heart rate. music create atmosphere. music impact cortisol levels. music elevate spirits. music evoke memories. music is jarring. music regulate emotions. music is unsettling. music vary depending on cultural background. music enhance or change emotional state. music strengthen social bonds. music impact blood pressure. music is subjective. music transform mood. music vary depending on past experiences. heart rate are indicators. music evoke associations. music affect physiological responses. music is uplifting. music create connection. music create unity. music is a tool. music is inspiring. music is a medium. music consider personal tastes. genre impact mood. listeners feel confident. listeners feel empathy. listeners feel empowering. listeners feel inspired. listeners feel introspection. classical associated with elegance. classical associated with sophistication. classical associated with relaxation. concert experience belonging. rock known for rebellion. rock known for intensity.",
    "evaluation": 1
  },
  {
    "correct_answer": "Music can influence emotions and mood.",
    "retrieved_context": "music consider sensitivities. music impact heart rate. music create atmosphere. music impact cortisol levels. music elevate spirits. music evoke memories. music is jarring. music regulate emotions. music is unsettling. music vary depending on cultural background. music enhance or change emotional state. music strengthen social bonds. music impact blood pressure. music is subjective. music transform mood. music vary depending on past experiences. heart rate are indicators. music evoke associations. music affect physiological responses. music is uplifting. music create connection. music create unity. music is a tool. music is inspiring. music is a medium. music consider personal tastes. heart rate are indicators. upbeat increase heart rate. calming induce relaxation. genre impact mood.",
    "evaluation": 1
  },
  {
    "correct_answer": "Music can enhance or change emotional state.",
    "retrieved_context": "music consider sensitivities. music impact heart rate. music create atmosphere. music impact cortisol levels. music elevate spirits. music evoke memories. music is jarring. music regulate emotions. music is unsettling. music vary depending on cultural background. music enhance or change emotional state. music strengthen social bonds. music impact blood pressure. music is subjective. music transform mood. music vary depending on past experiences. heart rate are indicators. music evoke associations. music affect physiological responses. music is uplifting. music create connection. music create unity. music is a tool. music is inspiring. music is a medium. music consider personal tastes. calming induce relaxation. heart rate are indicators. upbeat increase heart rate.",
    "evaluation": 1
  },
  {
    "correct_answer": "Music can evoke memories and associations.",
    "retrieved_context": "music consider sensitivities. music impact heart rate. music create atmosphere. music impact cortisol levels. music elevate spirits. music evoke memories. music is jarring. music regulate emotions. music is unsettling. music vary depending on cultural background. music enhance or change emotional state. music strengthen social bonds. music impact blood pressure. music is subjective. music transform mood. music vary depending on past experiences. heart rate are indicators. music evoke associations. music affect physiological responses. music is uplifting. music create connection. music create unity. music is a tool. music is inspiring. music is a medium. music consider personal tastes. genre impact mood. listeners feel confident. listeners feel empathy. listeners feel empowering. listeners feel inspired. listeners feel introspection. experiences are negative. experiences are positive.",
    "evaluation": 1
  },
  {
    "correct_answer": "Hearing a song can trigger memories.",
    "retrieved_context": "music consider sensitivities. music impact heart rate. music create atmosphere. music impact cortisol levels. music elevate spirits. music evoke memories. music is jarring. music regulate emotions. music is unsettling. music vary depending on cultural background. music enhance or change emotional state. music strengthen social bonds. music impact blood pressure. music is subjective. music transform mood. music vary depending on past experiences. heart rate are indicators. music evoke associations. music affect physiological responses. music is uplifting. music create connection. music create unity. music is a tool. music is inspiring. music is a medium. music consider personal tastes. song trigger experiences. song bring back nostalgia. song evoke sorrow. experiences are negative. song evoke melancholy. experiences are positive. song bring back joy. lyrics influence mood. listeners feel confident. listeners feel empathy. listeners feel empowering. listeners feel inspired. listeners feel introspection. genre impact mood. experiences are negative. experiences are positive.",
    "evaluation": 1
  },
  {
    "correct_answer": "Music can regulate emotions physiologically.",
    "retrieved_context": "music consider sensitivities. music impact heart rate. music create atmosphere. music impact cortisol levels. music elevate spirits. music evoke memories. music is jarring. music regulate emotions. music is unsettling. music vary depending on cultural background. music enhance or change emotional state. music strengthen social bonds. music impact blood pressure. music is subjective. music transform mood. music vary depending on past experiences. heart rate are indicators. music evoke associations. music affect physiological responses. music is uplifting. music create connection. music create unity. music is a tool. music is inspiring. music is a medium. music consider personal tastes. calming induce relaxation. heart rate are indicators. upbeat increase heart rate.",
    "evaluation": 1
  },
  {
    "correct_answer": "Music impacts heart rate.",
    "retrieved_context": "heart rate are indicators. music consider sensitivities. music impact heart rate. music create atmosphere. music impact cortisol levels. music elevate spirits. music evoke memories. music is jarring. music regulate emotions. music is unsettling. music vary depending on cultural background. music enhance or change emotional state. music strengthen social bonds. music impact blood pressure. music is subjective. music transform mood. music vary depending on past experiences. heart rate are indicators. music evoke associations. music affect physiological responses. music is uplifting. music create connection. music create unity. music is a tool. music is inspiring. music is a medium. music consider personal tastes. listeners feel confident. listeners feel empathy. listeners feel empowering. listeners feel inspired. listeners feel introspection. concert experience belonging. heart rate are indicators. upbeat increase heart rate. genre impact mood.",
    "evaluation": 1
  },
  {
    "correct_answer": "Music impacts blood pressure.",
    "retrieved_context": "music consider sensitivities. music impact heart rate. music create atmosphere. music impact cortisol levels. music elevate spirits. music evoke memories. music is jarring. music regulate emotions. music is unsettling. music vary depending on cultural background. music enhance or change emotional state. music strengthen social bonds. music impact blood pressure. music is subjective. music transform mood. music vary depending on past experiences. heart rate are indicators. music evoke associations. music affect physiological responses. music is uplifting. music create connection. music create unity. music is a tool. music is inspiring. music is a medium. music consider personal tastes. heart rate are indicators. genre impact mood. listeners feel confident. listeners feel empathy. listeners feel empowering. listeners feel inspired. listeners feel introspection. concert experience belonging.",
    "evaluation": 1
  },
  {
    "correct_answer": "Music impacts cortisol levels.",
    "retrieved_context": "music consider sensitivities. music impact heart rate. music create atmosphere. music impact cortisol levels. music elevate spirits. music evoke memories. music is jarring. music regulate emotions. music is unsettling. music vary depending on cultural background. music enhance or change emotional state. music strengthen social bonds. music impact blood pressure. music is subjective. music transform mood. music vary depending on past experiences. heart rate are indicators. music evoke associations. music affect physiological responses. music is uplifting. music create connection. music create unity. music is a tool. music is inspiring. music is a medium. music consider personal tastes. calming induce relaxation. genre impact mood.",
    "evaluation": 1
  },
  {
    "correct_answer": "Lyrics of a song can influence mood.",
    "retrieved_context": "lyrics influence mood. heart rate are indicators. upbeat increase heart rate. song trigger experiences. song bring back nostalgia. song evoke sorrow. experiences are negative. song evoke melancholy. experiences are positive. song bring back joy. music consider sensitivities. music impact heart rate. music create atmosphere. music impact cortisol levels. music elevate spirits. music evoke memories. music is jarring. music regulate emotions. music is unsettling. music vary depending on cultural background. music enhance or change emotional state. music strengthen social bonds. music impact blood pressure. music is subjective. music transform mood. music vary depending on past experiences. heart rate are indicators. music evoke associations. music affect physiological responses. music is uplifting. music create connection. music create unity. music is a tool. music is inspiring. music is a medium. music consider personal tastes.",
    "evaluation": 1
  },
  {
    "correct_answer": "Themes and messages in lyrics can resonate with listeners.",
    "retrieved_context": "lyrics influence mood. listeners feel confident. themes resonate with listeners. listeners feel empathy. listeners feel empowering. listeners feel inspired. listeners feel introspection. listeners feel confident. listeners feel empathy. listeners feel empowering. listeners feel inspired. listeners feel introspection. song trigger experiences. song bring back nostalgia. song evoke sorrow. experiences are negative. song evoke melancholy. experiences are positive. song bring back joy. music consider sensitivities. music impact heart rate. music create atmosphere. music impact cortisol levels. music elevate spirits. music evoke memories. music is jarring. music regulate emotions. music is unsettling. music vary depending on cultural background. music enhance or change emotional state. music strengthen social bonds. music impact blood pressure. music is subjective. music transform mood. music vary depending on past experiences. heart rate are indicators. music evoke associations. music affect physiological responses. music is uplifting. music create connection. music create unity. music is a tool. music is inspiring. music is a medium. music consider personal tastes. genre impact mood. heart rate are indicators. upbeat increase heart rate.",
    "evaluation": 1
  },
  {
    "correct_answer": "Music can create a sense of unity among listeners.",
    "retrieved_context": "music consider sensitivities. music impact heart rate. music create atmosphere. music impact cortisol levels. music elevate spirits. music evoke memories. music is jarring. music regulate emotions. music is unsettling. music vary depending on cultural background. music enhance or change emotional state. music strengthen social bonds. music impact blood pressure. music is subjective. music transform mood. music vary depending on past experiences. heart rate are indicators. music evoke associations. music affect physiological responses. music is uplifting. music create connection. music create unity. music is a tool. music is inspiring. music is a medium. music consider personal tastes. listeners feel confident. listeners feel empathy. listeners feel empowering. listeners feel inspired. listeners feel introspection. genre impact mood. concert experience belonging. listeners feel confident. themes resonate with listeners. listeners feel empathy. listeners feel empowering. listeners feel inspired. listeners feel introspection. song trigger experiences. song bring back nostalgia. song evoke sorrow. experiences are negative. song evoke melancholy. experiences are positive. song bring back joy. rock known for rebellion. rock known for intensity.",
    "evaluation": 1
  },
  {
    "correct_answer": "Listening to music together can create a sense of belonging.",
    "retrieved_context": "music consider sensitivities. music impact heart rate. music create atmosphere. music impact cortisol levels. music elevate spirits. music evoke memories. music is jarring. music regulate emotions. music is unsettling. music vary depending on cultural background. music enhance or change emotional state. music strengthen social bonds. music impact blood pressure. music is subjective. music transform mood. music vary depending on past experiences. heart rate are indicators. music evoke associations. music affect physiological responses. music is uplifting. music create connection. music create unity. music is a tool. music is inspiring. music is a medium. music consider personal tastes. listeners feel confident. listeners feel empathy. listeners feel empowering. listeners feel inspired. listeners feel introspection. shared space experience belonging. genre impact mood. song trigger experiences. song bring back nostalgia. song evoke sorrow. experiences are negative. song evoke melancholy. experiences are positive. song bring back joy. rock known for rebellion. rock known for intensity.",
    "evaluation": 1
  },
  {
    "correct_answer": "Genre and style of music impact mood.",
    "retrieved_context": "genre impact mood. music consider sensitivities. music impact heart rate. music create atmosphere. music impact cortisol levels. music elevate spirits. music evoke memories. music is jarring. music regulate emotions. music is unsettling. music vary depending on cultural background. music enhance or change emotional state. music strengthen social bonds. music impact blood pressure. music is subjective. music transform mood. music vary depending on past experiences. heart rate are indicators. music evoke associations. music affect physiological responses. music is uplifting. music create connection. music create unity. music is a tool. music is inspiring. music is a medium. music consider personal tastes. heart rate are indicators. upbeat increase heart rate. listeners feel confident. themes resonate with listeners. listeners feel empathy. listeners feel empowering. listeners feel inspired. listeners feel introspection.",
    "evaluation": 1
  },
  {
    "correct_answer": "Different genres evoke different emotions.",
    "retrieved_context": "genre impact mood. music consider sensitivities. music impact heart rate. music create atmosphere. music impact cortisol levels. music elevate spirits. music evoke memories. music is jarring. music regulate emotions. music is unsettling. music vary depending on cultural background. music enhance or change emotional state. music strengthen social bonds. music impact blood pressure. music is subjective. music transform mood. music vary depending on past experiences. heart rate are indicators. music evoke associations. music affect physiological responses. music is uplifting. music create connection. music create unity. music is a tool. music is inspiring. music is a medium. music consider personal tastes. listeners feel confident. themes resonate with listeners. listeners feel empathy. listeners feel empowering. listeners feel inspired. listeners feel introspection.",
    "evaluation": 1
  },
  {
    "accuracy": "100.00%"
  }
]