[
  {
    "correct_answer": "Comedy provides entertainment to audiences.",
    "retrieved_context": "comedy challenges status quo. laughter creates bond. comedy sparks conversations. comedy uplifts spirits. comedy serves as entertainment. comedy promotes change. comedy offers release from stresses. laughter transcends barriers. comedy brings camaraderie. comedy encourages critical thinking. laughter reduces stress. comedy offers perspective. comedy helps cope with challenges. laughter boosts immune system. comedy provides laughter. comedy raises awareness. comedy prompts reflection on state. comedy plays role in society. comedy serves as events. comedy serves as means. comedy effects positive change. comedy serves as social commentary. comedy serves as tool. comedy serves as vehicle. comedy offers escape from pressures. laughter has benefits for health benefits. comedy serves as catalyst. comedy serves as source. comedy brings joy to ages. laughter promotes unity. laughter improves well-being. comedy connects individuals. comedy serves as criticism. comedians highlight absurdities. comedians use humor. comedians highlight injustices. humor provokes thought. humor sheds light on issues. comedians navigate boundaries. comedians inspire action. humor is subjectivity. comedians respect sensitivities. comedians are aware of impact. humor challenges norms. humor provokes thought. humor is subjectivity. humor sheds light on issues. humor challenges norms.",
    "evaluation": 1
  },
  {
    "correct_answer": "Laughter has health benefits like reducing stress.",
    "retrieved_context": "laughter reduces stress. laughter promotes unity. laughter creates bond. laughter improves well-being. laughter boosts immune system. laughter has benefits for health benefits. laughter transcends barriers. humor provokes thought. humor is subjectivity. humor sheds light on issues. humor challenges norms. comedy challenges status quo. laughter creates bond. comedy sparks conversations. comedy uplifts spirits. comedy serves as entertainment. comedy promotes change. comedy offers release from stresses. laughter transcends barriers. comedy brings camaraderie. comedy encourages critical thinking. laughter reduces stress. comedy offers perspective. comedy helps cope with challenges. laughter boosts immune system. comedy provides laughter. comedy raises awareness. comedy prompts reflection on state. comedy plays role in society. comedy serves as events. comedy serves as means. comedy effects positive change. comedy serves as social commentary. comedy serves as tool. comedy serves as vehicle. comedy offers escape from pressures. laughter has benefits for health benefits. comedy serves as catalyst. comedy serves as source. comedy brings joy to ages. laughter promotes unity. laughter improves well-being. comedy connects individuals. comedy serves as criticism.",
    "evaluation": 1
  },
  {
    "correct_answer": "Comedy helps people relax and escape daily pressures.",
    "retrieved_context": "comedy challenges status quo. laughter creates bond. comedy sparks conversations. comedy uplifts spirits. comedy serves as entertainment. comedy promotes change. comedy offers release from stresses. laughter transcends barriers. comedy brings camaraderie. comedy encourages critical thinking. laughter reduces stress. comedy offers perspective. comedy helps cope with challenges. laughter boosts immune system. comedy provides laughter. comedy raises awareness. comedy prompts reflection on state. comedy plays role in society. comedy serves as events. comedy serves as means. comedy effects positive change. comedy serves as social commentary. comedy serves as tool. comedy serves as vehicle. comedy offers escape from pressures. laughter has benefits for health benefits. comedy serves as catalyst. comedy serves as source. comedy brings joy to ages. laughter promotes unity. laughter improves well-being. comedy connects individuals. comedy serves as criticism. comedians highlight absurdities. comedians use humor. comedians highlight injustices. humor provokes thought. humor sheds light on issues. comedians navigate boundaries. comedians inspire action. humor is subjectivity. comedians respect sensitivities. comedians are aware of impact. humor challenges norms. humor provokes thought. humor is subjectivity. humor sheds light on issues. humor challenges norms.",
    "evaluation": 1
  },
  {
    "correct_answer": "Comedy uplifts spirits and brings joy to people.",
    "retrieved_context": "comedy challenges status quo. laughter creates bond. comedy sparks conversations. comedy uplifts spirits. comedy serves as entertainment. comedy promotes change. comedy offers release from stresses. laughter transcends barriers. comedy brings camaraderie. comedy encourages critical thinking. laughter reduces stress. comedy offers perspective. comedy helps cope with challenges. laughter boosts immune system. comedy provides laughter. comedy raises awareness. comedy prompts reflection on state. comedy plays role in society. comedy serves as events. comedy serves as means. comedy effects positive change. comedy serves as social commentary. comedy serves as tool. comedy serves as vehicle. comedy offers escape from pressures. laughter has benefits for health benefits. comedy serves as catalyst. comedy serves as source. comedy brings joy to ages. laughter promotes unity. laughter improves well-being. comedy connects individuals. comedy serves as criticism. comedians highlight absurdities. comedians use humor. comedians highlight injustices. humor provokes thought. humor sheds light on issues. comedians navigate boundaries. comedians inspire action. humor is subjectivity. comedians respect sensitivities. comedians are aware of impact. humor challenges norms. humor provokes thought. humor is subjectivity. humor sheds light on issues. humor challenges norms. laughter reduces stress. laughter promotes unity. laughter creates bond. laughter improves well-being. laughter boosts immune system. laughter has benefits for health benefits. laughter transcends barriers.",
    "evaluation": 1
  },
  {
    "correct_answer": "Comedy is a tool for social commentary and criticism.",
    "retrieved_context": "comedy challenges status quo. laughter creates bond. comedy sparks conversations. comedy uplifts spirits. comedy serves as entertainment. comedy promotes change. comedy offers release from stresses. laughter transcends barriers. comedy brings camaraderie. comedy encourages critical thinking. laughter reduces stress. comedy offers perspective. comedy helps cope with challenges. laughter boosts immune system. comedy provides laughter. comedy raises awareness. comedy prompts reflection on state. comedy plays role in society. comedy serves as events. comedy serves as means. comedy effects positive change. comedy serves as social commentary. comedy serves as tool. comedy serves as vehicle. comedy offers escape from pressures. laughter has benefits for health benefits. comedy serves as catalyst. comedy serves as source. comedy brings joy to ages. laughter promotes unity. laughter improves well-being. comedy connects individuals. comedy serves as criticism. comedians highlight absurdities. comedians use humor. comedians highlight injustices. humor provokes thought. humor sheds light on issues. comedians navigate boundaries. comedians inspire action. humor is subjectivity. comedians respect sensitivities. comedians are aware of impact. humor challenges norms. humor provokes thought. humor is subjectivity. humor sheds light on issues. humor challenges norms.",
    "evaluation": 1
  },
  {
    "correct_answer": "Comedians use humor to challenge societal norms.",
    "retrieved_context": "comedians highlight absurdities. comedians use humor. comedians highlight injustices. humor provokes thought. humor sheds light on issues. comedians navigate boundaries. comedians inspire action. humor is subjectivity. comedians respect sensitivities. comedians are aware of impact. humor challenges norms. comedy challenges status quo. laughter creates bond. comedy sparks conversations. comedy uplifts spirits. comedy serves as entertainment. comedy promotes change. comedy offers release from stresses. laughter transcends barriers. comedy brings camaraderie. comedy encourages critical thinking. laughter reduces stress. comedy offers perspective. comedy helps cope with challenges. laughter boosts immune system. comedy provides laughter. comedy raises awareness. comedy prompts reflection on state. comedy plays role in society. comedy serves as events. comedy serves as means. comedy effects positive change. comedy serves as social commentary. comedy serves as tool. comedy serves as vehicle. comedy offers escape from pressures. laughter has benefits for health benefits. comedy serves as catalyst. comedy serves as source. comedy brings joy to ages. laughter promotes unity. laughter improves well-being. comedy connects individuals. comedy serves as criticism. humor provokes thought. humor is subjectivity. humor sheds light on issues. humor challenges norms. laughter reduces stress. laughter promotes unity. laughter creates bond. laughter improves well-being. laughter boosts immune system. laughter has benefits for health benefits. laughter transcends barriers.",
    "evaluation": 1
  },
  {
    "correct_answer": "Comedy highlights absurdities and injustices in society.",
    "retrieved_context": "comedy challenges status quo. laughter creates bond. comedy sparks conversations. comedy uplifts spirits. comedy serves as entertainment. comedy promotes change. comedy offers release from stresses. laughter transcends barriers. comedy brings camaraderie. comedy encourages critical thinking. laughter reduces stress. comedy offers perspective. comedy helps cope with challenges. laughter boosts immune system. comedy provides laughter. comedy raises awareness. comedy prompts reflection on state. comedy plays role in society. comedy serves as events. comedy serves as means. comedy effects positive change. comedy serves as social commentary. comedy serves as tool. comedy serves as vehicle. comedy offers escape from pressures. laughter has benefits for health benefits. comedy serves as catalyst. comedy serves as source. comedy brings joy to ages. laughter promotes unity. laughter improves well-being. comedy connects individuals. comedy serves as criticism. comedians highlight absurdities. comedians use humor. comedians highlight injustices. humor provokes thought. humor sheds light on issues. comedians navigate boundaries. comedians inspire action. humor is subjectivity. comedians respect sensitivities. comedians are aware of impact. humor challenges norms. humor provokes thought. humor is subjectivity. humor sheds light on issues. humor challenges norms.",
    "evaluation": 1
  },
  {
    "correct_answer": "Comedy fosters a sense of community and unity.",
    "retrieved_context": "comedy challenges status quo. laughter creates bond. comedy sparks conversations. comedy uplifts spirits. comedy serves as entertainment. comedy promotes change. comedy offers release from stresses. laughter transcends barriers. comedy brings camaraderie. comedy encourages critical thinking. laughter reduces stress. comedy offers perspective. comedy helps cope with challenges. laughter boosts immune system. comedy provides laughter. comedy raises awareness. comedy prompts reflection on state. comedy plays role in society. comedy serves as events. comedy serves as means. comedy effects positive change. comedy serves as social commentary. comedy serves as tool. comedy serves as vehicle. comedy offers escape from pressures. laughter has benefits for health benefits. comedy serves as catalyst. comedy serves as source. comedy brings joy to ages. laughter promotes unity. laughter improves well-being. comedy connects individuals. comedy serves as criticism. comedians highlight absurdities. comedians use humor. comedians highlight injustices. humor provokes thought. humor sheds light on issues. comedians navigate boundaries. comedians inspire action. humor is subjectivity. comedians respect sensitivities. comedians are aware of impact. humor challenges norms. humor provokes thought. humor is subjectivity. humor sheds light on issues. humor challenges norms. laughter reduces stress. laughter promotes unity. laughter creates bond. laughter improves well-being. laughter boosts immune system. laughter has benefits for health benefits. laughter transcends barriers.",
    "evaluation": 1
  },
  {
    "correct_answer": "Shared laughter creates bonds among individuals.",
    "retrieved_context": "laughter reduces stress. laughter promotes unity. laughter creates bond. laughter improves well-being. laughter boosts immune system. laughter has benefits for health benefits. laughter transcends barriers. humor provokes thought. humor is subjectivity. humor sheds light on issues. humor challenges norms. comedy challenges status quo. laughter creates bond. comedy sparks conversations. comedy uplifts spirits. comedy serves as entertainment. comedy promotes change. comedy offers release from stresses. laughter transcends barriers. comedy brings camaraderie. comedy encourages critical thinking. laughter reduces stress. comedy offers perspective. comedy helps cope with challenges. laughter boosts immune system. comedy provides laughter. comedy raises awareness. comedy prompts reflection on state. comedy plays role in society. comedy serves as events. comedy serves as means. comedy effects positive change. comedy serves as social commentary. comedy serves as tool. comedy serves as vehicle. comedy offers escape from pressures. laughter has benefits for health benefits. comedy serves as catalyst. comedy serves as source. comedy brings joy to ages. laughter promotes unity. laughter improves well-being. comedy connects individuals. comedy serves as criticism. comedians highlight absurdities. comedians use humor. comedians highlight injustices. humor provokes thought. humor sheds light on issues. comedians navigate boundaries. comedians inspire action. humor is subjectivity. comedians respect sensitivities. comedians are aware of impact. humor challenges norms.",
    "evaluation": 1
  },
  {
    "correct_answer": "Comedy events bring people together to connect through humor.",
    "retrieved_context": "comedy challenges status quo. laughter creates bond. comedy sparks conversations. comedy uplifts spirits. comedy serves as entertainment. comedy promotes change. comedy offers release from stresses. laughter transcends barriers. comedy brings camaraderie. comedy encourages critical thinking. laughter reduces stress. comedy offers perspective. comedy helps cope with challenges. laughter boosts immune system. comedy provides laughter. comedy raises awareness. comedy prompts reflection on state. comedy plays role in society. comedy serves as events. comedy serves as means. comedy effects positive change. comedy serves as social commentary. comedy serves as tool. comedy serves as vehicle. comedy offers escape from pressures. laughter has benefits for health benefits. comedy serves as catalyst. comedy serves as source. comedy brings joy to ages. laughter promotes unity. laughter improves well-being. comedy connects individuals. comedy serves as criticism. comedians highlight absurdities. comedians use humor. comedians highlight injustices. humor provokes thought. humor sheds light on issues. comedians navigate boundaries. comedians inspire action. humor is subjectivity. comedians respect sensitivities. comedians are aware of impact. humor challenges norms. humor provokes thought. humor is subjectivity. humor sheds light on issues. humor challenges norms. laughter reduces stress. laughter promotes unity. laughter creates bond. laughter improves well-being. laughter boosts immune system. laughter has benefits for health benefits. laughter transcends barriers.",
    "evaluation": 1
  },
  {
    "correct_answer": "Comedy can promote change and challenge the status quo.",
    "retrieved_context": "comedy challenges status quo. laughter creates bond. comedy sparks conversations. comedy uplifts spirits. comedy serves as entertainment. comedy promotes change. comedy offers release from stresses. laughter transcends barriers. comedy brings camaraderie. comedy encourages critical thinking. laughter reduces stress. comedy offers perspective. comedy helps cope with challenges. laughter boosts immune system. comedy provides laughter. comedy raises awareness. comedy prompts reflection on state. comedy plays role in society. comedy serves as events. comedy serves as means. comedy effects positive change. comedy serves as social commentary. comedy serves as tool. comedy serves as vehicle. comedy offers escape from pressures. laughter has benefits for health benefits. comedy serves as catalyst. comedy serves as source. comedy brings joy to ages. laughter promotes unity. laughter improves well-being. comedy connects individuals. comedy serves as criticism. comedians highlight absurdities. comedians use humor. comedians highlight injustices. humor provokes thought. humor sheds light on issues. comedians navigate boundaries. comedians inspire action. humor is subjectivity. comedians respect sensitivities. comedians are aware of impact. humor challenges norms. humor provokes thought. humor is subjectivity. humor sheds light on issues. humor challenges norms.",
    "evaluation": 1
  },
  {
    "correct_answer": "Comedians use humor to inspire action and drive social progress.",
    "retrieved_context": "comedians highlight absurdities. comedians use humor. comedians highlight injustices. humor provokes thought. humor sheds light on issues. comedians navigate boundaries. comedians inspire action. humor is subjectivity. comedians respect sensitivities. comedians are aware of impact. humor challenges norms. comedy challenges status quo. laughter creates bond. comedy sparks conversations. comedy uplifts spirits. comedy serves as entertainment. comedy promotes change. comedy offers release from stresses. laughter transcends barriers. comedy brings camaraderie. comedy encourages critical thinking. laughter reduces stress. comedy offers perspective. comedy helps cope with challenges. laughter boosts immune system. comedy provides laughter. comedy raises awareness. comedy prompts reflection on state. comedy plays role in society. comedy serves as events. comedy serves as means. comedy effects positive change. comedy serves as social commentary. comedy serves as tool. comedy serves as vehicle. comedy offers escape from pressures. laughter has benefits for health benefits. comedy serves as catalyst. comedy serves as source. comedy brings joy to ages. laughter promotes unity. laughter improves well-being. comedy connects individuals. comedy serves as criticism. humor provokes thought. humor is subjectivity. humor sheds light on issues. humor challenges norms. laughter reduces stress. laughter promotes unity. laughter creates bond. laughter improves well-being. laughter boosts immune system. laughter has benefits for health benefits. laughter transcends barriers.",
    "evaluation": 1
  },
  {
    "correct_answer": "Humor is subjective and can be offensive to some.",
    "retrieved_context": "humor provokes thought. humor is subjectivity. humor sheds light on issues. humor challenges norms. comedians highlight absurdities. comedians use humor. comedians highlight injustices. humor provokes thought. humor sheds light on issues. comedians navigate boundaries. comedians inspire action. humor is subjectivity. comedians respect sensitivities. comedians are aware of impact. humor challenges norms. comedy challenges status quo. laughter creates bond. comedy sparks conversations. comedy uplifts spirits. comedy serves as entertainment. comedy promotes change. comedy offers release from stresses. laughter transcends barriers. comedy brings camaraderie. comedy encourages critical thinking. laughter reduces stress. comedy offers perspective. comedy helps cope with challenges. laughter boosts immune system. comedy provides laughter. comedy raises awareness. comedy prompts reflection on state. comedy plays role in society. comedy serves as events. comedy serves as means. comedy effects positive change. comedy serves as social commentary. comedy serves as tool. comedy serves as vehicle. comedy offers escape from pressures. laughter has benefits for health benefits. comedy serves as catalyst. comedy serves as source. comedy brings joy to ages. laughter promotes unity. laughter improves well-being. comedy connects individuals. comedy serves as criticism. laughter reduces stress. laughter promotes unity. laughter creates bond. laughter improves well-being. laughter boosts immune system. laughter has benefits for health benefits. laughter transcends barriers.",
    "evaluation": 0
  },
  {
    "correct_answer": "Comedians must balance pushing boundaries with respecting sensitivities.",
    "retrieved_context": "comedians highlight absurdities. comedians use humor. comedians highlight injustices. humor provokes thought. humor sheds light on issues. comedians navigate boundaries. comedians inspire action. humor is subjectivity. comedians respect sensitivities. comedians are aware of impact. humor challenges norms. comedy challenges status quo. laughter creates bond. comedy sparks conversations. comedy uplifts spirits. comedy serves as entertainment. comedy promotes change. comedy offers release from stresses. laughter transcends barriers. comedy brings camaraderie. comedy encourages critical thinking. laughter reduces stress. comedy offers perspective. comedy helps cope with challenges. laughter boosts immune system. comedy provides laughter. comedy raises awareness. comedy prompts reflection on state. comedy plays role in society. comedy serves as events. comedy serves as means. comedy effects positive change. comedy serves as social commentary. comedy serves as tool. comedy serves as vehicle. comedy offers escape from pressures. laughter has benefits for health benefits. comedy serves as catalyst. comedy serves as source. comedy brings joy to ages. laughter promotes unity. laughter improves well-being. comedy connects individuals. comedy serves as criticism. humor provokes thought. humor is subjectivity. humor sheds light on issues. humor challenges norms.",
    "evaluation": 1
  },
  {
    "correct_answer": "Comedians must use humor responsibly and ethically.",
    "retrieved_context": "comedians highlight absurdities. comedians use humor. comedians highlight injustices. humor provokes thought. humor sheds light on issues. comedians navigate boundaries. comedians inspire action. humor is subjectivity. comedians respect sensitivities. comedians are aware of impact. humor challenges norms. humor provokes thought. humor is subjectivity. humor sheds light on issues. humor challenges norms. comedy challenges status quo. laughter creates bond. comedy sparks conversations. comedy uplifts spirits. comedy serves as entertainment. comedy promotes change. comedy offers release from stresses. laughter transcends barriers. comedy brings camaraderie. comedy encourages critical thinking. laughter reduces stress. comedy offers perspective. comedy helps cope with challenges. laughter boosts immune system. comedy provides laughter. comedy raises awareness. comedy prompts reflection on state. comedy plays role in society. comedy serves as events. comedy serves as means. comedy effects positive change. comedy serves as social commentary. comedy serves as tool. comedy serves as vehicle. comedy offers escape from pressures. laughter has benefits for health benefits. comedy serves as catalyst. comedy serves as source. comedy brings joy to ages. laughter promotes unity. laughter improves well-being. comedy connects individuals. comedy serves as criticism. laughter reduces stress. laughter promotes unity. laughter creates bond. laughter improves well-being. laughter boosts immune system. laughter has benefits for health benefits. laughter transcends barriers.",
    "evaluation": 0
  },
  {
    "accuracy": "86.67%"
  }
]