[
  {
    "correct_answer": "Ants are fascinating creatures.",
    "retrieved_context": "ants have symbiotic relationship. materials include soil. ants relocate to site. ants demonstrate ingenuity. example is of nature. insights are into principles. ants use techniques. ants build communities. ants work in colonies. materials include leaves. colonies are built by ants. ants respond to changes. ants build towers. ants offer lessons. colonies consist of worker ants. changes include flooding. ants utilize resources. ants demonstrate adaptability. ants build sustainable. creatures have mastered cooperation. materials include pebbles. ants are example. resources meet needs. ants are species. ants highlight resilience. creatures have mastered organization. ants are creatures. colonies are society. changes include disasters. ants mobilize to relocate. ants improvise in adversity. colonies consist of male ants. colonies serve as community. materials include twigs. ants are involved in cultivating. colonies consist of queen. colonies consist of soldier ants. lessons are for human societies. ants use materials. ants provide insights. ants build mounds. tasks include repairing. tasks include foraging. excavating creates tunnels. worker ants are backbone. worker ants perform tasks. worker ants demonstrate engineering. worker ants exhibit teamwork. excavating creates chambers. tasks include building. worker ants use communication. communication involves signals. worker ants demonstrate abilities. worker ants exhibit coordination. worker ants are involved in excavating. soldier ants are tasked with defending. soldier ants defend against threats. soldier ants defend against intruders. leafcutter ants are involved in carrying. leafcutter ants are involved in cutting. leafcutter ants create fungus gardens. creatures have mastered organization. creatures have mastered cooperation.",
    "evaluation": 1
  },
  {
    "correct_answer": "Ants have mastered the art of cooperation and organization.",
    "retrieved_context": "ants have symbiotic relationship. materials include soil. ants relocate to site. ants demonstrate ingenuity. example is of nature. insights are into principles. ants use techniques. ants build communities. ants work in colonies. materials include leaves. colonies are built by ants. ants respond to changes. ants build towers. ants offer lessons. colonies consist of worker ants. changes include flooding. ants utilize resources. ants demonstrate adaptability. ants build sustainable. creatures have mastered cooperation. materials include pebbles. ants are example. resources meet needs. ants are species. ants highlight resilience. creatures have mastered organization. ants are creatures. colonies are society. changes include disasters. ants mobilize to relocate. ants improvise in adversity. colonies consist of male ants. colonies serve as community. materials include twigs. ants are involved in cultivating. colonies consist of queen. colonies consist of soldier ants. lessons are for human societies. ants use materials. ants provide insights. ants build mounds. tasks include repairing. tasks include foraging. excavating creates tunnels. worker ants are backbone. worker ants perform tasks. worker ants demonstrate engineering. worker ants exhibit teamwork. excavating creates chambers. tasks include building. worker ants use communication. communication involves signals. worker ants demonstrate abilities. worker ants exhibit coordination. worker ants are involved in excavating. leafcutter ants are involved in carrying. leafcutter ants are involved in cutting. leafcutter ants create fungus gardens. soldier ants are tasked with defending. soldier ants defend against threats. soldier ants defend against intruders.",
    "evaluation": 1
  },
  {
    "correct_answer": "Ant colonies serve as the central hub for ants to live, work, and thrive together.",
    "retrieved_context": "tasks include repairing. tasks include foraging. excavating creates tunnels. worker ants are backbone. worker ants perform tasks. worker ants demonstrate engineering. worker ants exhibit teamwork. excavating creates chambers. tasks include building. worker ants use communication. communication involves signals. worker ants demonstrate abilities. worker ants exhibit coordination. worker ants are involved in excavating. ants have symbiotic relationship. materials include soil. ants relocate to site. ants demonstrate ingenuity. example is of nature. insights are into principles. ants use techniques. ants build communities. ants work in colonies. materials include leaves. colonies are built by ants. ants respond to changes. ants build towers. ants offer lessons. colonies consist of worker ants. changes include flooding. ants utilize resources. ants demonstrate adaptability. ants build sustainable. creatures have mastered cooperation. materials include pebbles. ants are example. resources meet needs. ants are species. ants highlight resilience. creatures have mastered organization. ants are creatures. colonies are society. changes include disasters. ants mobilize to relocate. ants improvise in adversity. colonies consist of male ants. colonies serve as community. materials include twigs. ants are involved in cultivating. colonies consist of queen. colonies consist of soldier ants. lessons are for human societies. ants use materials. ants provide insights. ants build mounds. leafcutter ants are involved in carrying. leafcutter ants are involved in cutting. leafcutter ants create fungus gardens. soldier ants are tasked with defending. soldier ants defend against threats. soldier ants defend against intruders. ants have symbiotic relationship. ants relocate to site. ants demonstrate ingenuity. ants use techniques. ants build communities. ants work in colonies. colonies are built by ants. ants respond to changes. ants build towers. ants offer lessons. colonies consist of worker ants. queen is responsible for population. ants utilize resources. ants demonstrate adaptability. ants build sustainable. worker ants are backbone. society is organization. worker ants demonstrate engineering. worker ants use communication. ants are example. worker ants demonstrate abilities. worker ants exhibit coordination. ants are species. ants highlight resilience. colonies are society. ants are creatures. soldier ants are tasked with defending. soldier ants defend against intruders. ants mobilize to relocate. ants improvise in adversity. worker ants perform tasks. colonies consist of male ants. worker ants exhibit teamwork. society ensures survival. colonies serve as community. worker ants are involved in excavating. soldier ants defend against threats. ants are involved in cultivating. society ensures prosperity. colonies consist of queen. colonies consist of soldier ants. queen is heart. ants use materials. ants provide insights. ants build mounds.",
    "evaluation": 1
  },
  {
    "correct_answer": "Ant colonies are highly structured and organized societies.",
    "retrieved_context": "ants have symbiotic relationship. materials include soil. ants relocate to site. ants demonstrate ingenuity. example is of nature. insights are into principles. ants use techniques. ants build communities. ants work in colonies. materials include leaves. colonies are built by ants. ants respond to changes. ants build towers. ants offer lessons. colonies consist of worker ants. changes include flooding. ants utilize resources. ants demonstrate adaptability. ants build sustainable. creatures have mastered cooperation. materials include pebbles. ants are example. resources meet needs. ants are species. ants highlight resilience. creatures have mastered organization. ants are creatures. colonies are society. changes include disasters. ants mobilize to relocate. ants improvise in adversity. colonies consist of male ants. colonies serve as community. materials include twigs. ants are involved in cultivating. colonies consist of queen. colonies consist of soldier ants. lessons are for human societies. ants use materials. ants provide insights. ants build mounds. tasks include repairing. tasks include foraging. excavating creates tunnels. worker ants are backbone. worker ants perform tasks. worker ants demonstrate engineering. worker ants exhibit teamwork. excavating creates chambers. tasks include building. worker ants use communication. communication involves signals. worker ants demonstrate abilities. worker ants exhibit coordination. worker ants are involved in excavating. leafcutter ants are involved in carrying. leafcutter ants are involved in cutting. leafcutter ants create fungus gardens. soldier ants are tasked with defending. soldier ants defend against threats. soldier ants defend against intruders. ants have symbiotic relationship. ants relocate to site. ants demonstrate ingenuity. ants use techniques. ants build communities. ants work in colonies. colonies are built by ants. ants respond to changes. ants build towers. ants offer lessons. colonies consist of worker ants. queen is responsible for population. ants utilize resources. ants demonstrate adaptability. ants build sustainable. worker ants are backbone. society is organization. worker ants demonstrate engineering. worker ants use communication. ants are example. worker ants demonstrate abilities. worker ants exhibit coordination. ants are species. ants highlight resilience. colonies are society. ants are creatures. soldier ants are tasked with defending. soldier ants defend against intruders. ants mobilize to relocate. ants improvise in adversity. worker ants perform tasks. colonies consist of male ants. worker ants exhibit teamwork. society ensures survival. colonies serve as community. worker ants are involved in excavating. soldier ants defend against threats. ants are involved in cultivating. society ensures prosperity. colonies consist of queen. colonies consist of soldier ants. queen is heart. ants use materials. ants provide insights. ants build mounds.",
    "evaluation": 1
  },
  {
    "correct_answer": "Each ant in a colony has a specific role to play.",
    "retrieved_context": "ants have symbiotic relationship. materials include soil. ants relocate to site. ants demonstrate ingenuity. example is of nature. insights are into principles. ants use techniques. ants build communities. ants work in colonies. materials include leaves. colonies are built by ants. ants respond to changes. ants build towers. ants offer lessons. colonies consist of worker ants. changes include flooding. ants utilize resources. ants demonstrate adaptability. ants build sustainable. creatures have mastered cooperation. materials include pebbles. ants are example. resources meet needs. ants are species. ants highlight resilience. creatures have mastered organization. ants are creatures. colonies are society. changes include disasters. ants mobilize to relocate. ants improvise in adversity. colonies consist of male ants. colonies serve as community. materials include twigs. ants are involved in cultivating. colonies consist of queen. colonies consist of soldier ants. lessons are for human societies. ants use materials. ants provide insights. ants build mounds. tasks include repairing. tasks include foraging. excavating creates tunnels. worker ants are backbone. worker ants perform tasks. worker ants demonstrate engineering. worker ants exhibit teamwork. excavating creates chambers. tasks include building. worker ants use communication. communication involves signals. worker ants demonstrate abilities. worker ants exhibit coordination. worker ants are involved in excavating. leafcutter ants are involved in carrying. leafcutter ants are involved in cutting. leafcutter ants create fungus gardens. soldier ants are tasked with defending. soldier ants defend against threats. soldier ants defend against intruders. ants have symbiotic relationship. ants relocate to site. ants demonstrate ingenuity. ants use techniques. ants build communities. ants work in colonies. colonies are built by ants. ants respond to changes. ants build towers. ants offer lessons. colonies consist of worker ants. queen is responsible for population. ants utilize resources. ants demonstrate adaptability. ants build sustainable. worker ants are backbone. society is organization. worker ants demonstrate engineering. worker ants use communication. ants are example. worker ants demonstrate abilities. worker ants exhibit coordination. ants are species. ants highlight resilience. colonies are society. ants are creatures. soldier ants are tasked with defending. soldier ants defend against intruders. ants mobilize to relocate. ants improvise in adversity. worker ants perform tasks. colonies consist of male ants. worker ants exhibit teamwork. society ensures survival. colonies serve as community. worker ants are involved in excavating. soldier ants defend against threats. ants are involved in cultivating. society ensures prosperity. colonies consist of queen. colonies consist of soldier ants. queen is heart. ants use materials. ants provide insights. ants build mounds.",
    "evaluation": 1
  },
  {
    "correct_answer": "Ant colonies typically consist of a queen, male ants, worker ants, and soldier ants.",
    "retrieved_context": "tasks include repairing. tasks include foraging. excavating creates tunnels. worker ants are backbone. worker ants perform tasks. worker ants demonstrate engineering. worker ants exhibit teamwork. excavating creates chambers. tasks include building. worker ants use communication. communication involves signals. worker ants demonstrate abilities. worker ants exhibit coordination. worker ants are involved in excavating. ants have symbiotic relationship. materials include soil. ants relocate to site. ants demonstrate ingenuity. example is of nature. insights are into principles. ants use techniques. ants build communities. ants work in colonies. materials include leaves. colonies are built by ants. ants respond to changes. ants build towers. ants offer lessons. colonies consist of worker ants. changes include flooding. ants utilize resources. ants demonstrate adaptability. ants build sustainable. creatures have mastered cooperation. materials include pebbles. ants are example. resources meet needs. ants are species. ants highlight resilience. creatures have mastered organization. ants are creatures. colonies are society. changes include disasters. ants mobilize to relocate. ants improvise in adversity. colonies consist of male ants. colonies serve as community. materials include twigs. ants are involved in cultivating. colonies consist of queen. colonies consist of soldier ants. lessons are for human societies. ants use materials. ants provide insights. ants build mounds. soldier ants are tasked with defending. soldier ants defend against threats. soldier ants defend against intruders. leafcutter ants are involved in carrying. leafcutter ants are involved in cutting. leafcutter ants create fungus gardens. ants have symbiotic relationship. ants relocate to site. ants demonstrate ingenuity. ants use techniques. ants build communities. ants work in colonies. colonies are built by ants. ants respond to changes. ants build towers. ants offer lessons. colonies consist of worker ants. queen is responsible for population. ants utilize resources. ants demonstrate adaptability. ants build sustainable. worker ants are backbone. society is organization. worker ants demonstrate engineering. worker ants use communication. ants are example. worker ants demonstrate abilities. worker ants exhibit coordination. ants are species. ants highlight resilience. colonies are society. ants are creatures. soldier ants are tasked with defending. soldier ants defend against intruders. ants mobilize to relocate. ants improvise in adversity. worker ants perform tasks. colonies consist of male ants. worker ants exhibit teamwork. society ensures survival. colonies serve as community. worker ants are involved in excavating. soldier ants defend against threats. ants are involved in cultivating. society ensures prosperity. colonies consist of queen. colonies consist of soldier ants. queen is heart. ants use materials. ants provide insights. ants build mounds. queen is heart. queen is responsible for population.",
    "evaluation": 1
  },
  {
    "correct_answer": "The queen ant is responsible for laying eggs.",
    "retrieved_context": "ants have symbiotic relationship. materials include soil. ants relocate to site. ants demonstrate ingenuity. example is of nature. insights are into principles. ants use techniques. ants build communities. ants work in colonies. materials include leaves. colonies are built by ants. ants respond to changes. ants build towers. ants offer lessons. colonies consist of worker ants. changes include flooding. ants utilize resources. ants demonstrate adaptability. ants build sustainable. creatures have mastered cooperation. materials include pebbles. ants are example. resources meet needs. ants are species. ants highlight resilience. creatures have mastered organization. ants are creatures. colonies are society. changes include disasters. ants mobilize to relocate. ants improvise in adversity. colonies consist of male ants. colonies serve as community. materials include twigs. ants are involved in cultivating. colonies consist of queen. colonies consist of soldier ants. lessons are for human societies. ants use materials. ants provide insights. ants build mounds. tasks include repairing. tasks include foraging. excavating creates tunnels. worker ants are backbone. worker ants perform tasks. worker ants demonstrate engineering. worker ants exhibit teamwork. excavating creates chambers. tasks include building. worker ants use communication. communication involves signals. worker ants demonstrate abilities. worker ants exhibit coordination. worker ants are involved in excavating. leafcutter ants are involved in carrying. leafcutter ants are involved in cutting. leafcutter ants create fungus gardens. soldier ants are tasked with defending. soldier ants defend against threats. soldier ants defend against intruders. queen is heart. queen is responsible for population.",
    "evaluation": 0
  },
  {
    "correct_answer": "Worker ants cater to the queen's needs and maintain the nest.",
    "retrieved_context": "tasks include repairing. tasks include foraging. excavating creates tunnels. worker ants are backbone. worker ants perform tasks. worker ants demonstrate engineering. worker ants exhibit teamwork. excavating creates chambers. tasks include building. worker ants use communication. communication involves signals. worker ants demonstrate abilities. worker ants exhibit coordination. worker ants are involved in excavating. ants have symbiotic relationship. materials include soil. ants relocate to site. ants demonstrate ingenuity. example is of nature. insights are into principles. ants use techniques. ants build communities. ants work in colonies. materials include leaves. colonies are built by ants. ants respond to changes. ants build towers. ants offer lessons. colonies consist of worker ants. changes include flooding. ants utilize resources. ants demonstrate adaptability. ants build sustainable. creatures have mastered cooperation. materials include pebbles. ants are example. resources meet needs. ants are species. ants highlight resilience. creatures have mastered organization. ants are creatures. colonies are society. changes include disasters. ants mobilize to relocate. ants improvise in adversity. colonies consist of male ants. colonies serve as community. materials include twigs. ants are involved in cultivating. colonies consist of queen. colonies consist of soldier ants. lessons are for human societies. ants use materials. ants provide insights. ants build mounds. leafcutter ants are involved in carrying. leafcutter ants are involved in cutting. leafcutter ants create fungus gardens. soldier ants are tasked with defending. soldier ants defend against threats. soldier ants defend against intruders. queen is heart. queen is responsible for population.",
    "evaluation": 0
  },
  {
    "correct_answer": "Worker ants perform tasks like foraging for food and caring for the young.",
    "retrieved_context": "tasks include repairing. tasks include foraging. excavating creates tunnels. worker ants are backbone. worker ants perform tasks. worker ants demonstrate engineering. worker ants exhibit teamwork. excavating creates chambers. tasks include building. worker ants use communication. communication involves signals. worker ants demonstrate abilities. worker ants exhibit coordination. worker ants are involved in excavating. ants have symbiotic relationship. materials include soil. ants relocate to site. ants demonstrate ingenuity. example is of nature. insights are into principles. ants use techniques. ants build communities. ants work in colonies. materials include leaves. colonies are built by ants. ants respond to changes. ants build towers. ants offer lessons. colonies consist of worker ants. changes include flooding. ants utilize resources. ants demonstrate adaptability. ants build sustainable. creatures have mastered cooperation. materials include pebbles. ants are example. resources meet needs. ants are species. ants highlight resilience. creatures have mastered organization. ants are creatures. colonies are society. changes include disasters. ants mobilize to relocate. ants improvise in adversity. colonies consist of male ants. colonies serve as community. materials include twigs. ants are involved in cultivating. colonies consist of queen. colonies consist of soldier ants. lessons are for human societies. ants use materials. ants provide insights. ants build mounds. leafcutter ants are involved in carrying. leafcutter ants are involved in cutting. leafcutter ants create fungus gardens. soldier ants are tasked with defending. soldier ants defend against threats. soldier ants defend against intruders. tasks include building. tasks include repairing. tasks include foraging.",
    "evaluation": 0
  },
  {
    "correct_answer": "Soldier ants defend the colony from external threats.",
    "retrieved_context": "soldier ants are tasked with defending. soldier ants defend against threats. soldier ants defend against intruders. ants have symbiotic relationship. materials include soil. ants relocate to site. ants demonstrate ingenuity. example is of nature. insights are into principles. ants use techniques. ants build communities. ants work in colonies. materials include leaves. colonies are built by ants. ants respond to changes. ants build towers. ants offer lessons. colonies consist of worker ants. changes include flooding. ants utilize resources. ants demonstrate adaptability. ants build sustainable. creatures have mastered cooperation. materials include pebbles. ants are example. resources meet needs. ants are species. ants highlight resilience. creatures have mastered organization. ants are creatures. colonies are society. changes include disasters. ants mobilize to relocate. ants improvise in adversity. colonies consist of male ants. colonies serve as community. materials include twigs. ants are involved in cultivating. colonies consist of queen. colonies consist of soldier ants. lessons are for human societies. ants use materials. ants provide insights. ants build mounds. tasks include repairing. tasks include foraging. excavating creates tunnels. worker ants are backbone. worker ants perform tasks. worker ants demonstrate engineering. worker ants exhibit teamwork. excavating creates chambers. tasks include building. worker ants use communication. communication involves signals. worker ants demonstrate abilities. worker ants exhibit coordination. worker ants are involved in excavating. leafcutter ants are involved in carrying. leafcutter ants are involved in cutting. leafcutter ants create fungus gardens. ants have symbiotic relationship. ants relocate to site. ants demonstrate ingenuity. ants use techniques. ants build communities. ants work in colonies. colonies are built by ants. ants respond to changes. ants build towers. ants offer lessons. colonies consist of worker ants. queen is responsible for population. ants utilize resources. ants demonstrate adaptability. ants build sustainable. worker ants are backbone. society is organization. worker ants demonstrate engineering. worker ants use communication. ants are example. worker ants demonstrate abilities. worker ants exhibit coordination. ants are species. ants highlight resilience. colonies are society. ants are creatures. soldier ants are tasked with defending. soldier ants defend against intruders. ants mobilize to relocate. ants improvise in adversity. worker ants perform tasks. colonies consist of male ants. worker ants exhibit teamwork. society ensures survival. colonies serve as community. worker ants are involved in excavating. soldier ants defend against threats. ants are involved in cultivating. society ensures prosperity. colonies consist of queen. colonies consist of soldier ants. queen is heart. ants use materials. ants provide insights. ants build mounds.",
    "evaluation": 1
  },
  {
    "correct_answer": "Ants use a variety of materials to build their nests, such as soil, leaves, twigs, and pebbles.",
    "retrieved_context": "ants have symbiotic relationship. materials include soil. ants relocate to site. ants demonstrate ingenuity. example is of nature. insights are into principles. ants use techniques. ants build communities. ants work in colonies. materials include leaves. colonies are built by ants. ants respond to changes. ants build towers. ants offer lessons. colonies consist of worker ants. changes include flooding. ants utilize resources. ants demonstrate adaptability. ants build sustainable. creatures have mastered cooperation. materials include pebbles. ants are example. resources meet needs. ants are species. ants highlight resilience. creatures have mastered organization. ants are creatures. colonies are society. changes include disasters. ants mobilize to relocate. ants improvise in adversity. colonies consist of male ants. colonies serve as community. materials include twigs. ants are involved in cultivating. colonies consist of queen. colonies consist of soldier ants. lessons are for human societies. ants use materials. ants provide insights. ants build mounds. tasks include repairing. tasks include foraging. excavating creates tunnels. worker ants are backbone. worker ants perform tasks. worker ants demonstrate engineering. worker ants exhibit teamwork. excavating creates chambers. tasks include building. worker ants use communication. communication involves signals. worker ants demonstrate abilities. worker ants exhibit coordination. worker ants are involved in excavating. leafcutter ants are involved in carrying. leafcutter ants are involved in cutting. leafcutter ants create fungus gardens. soldier ants are tasked with defending. soldier ants defend against threats. soldier ants defend against intruders. materials include soil. materials include twigs. leaves are used as substrate. materials include leaves. materials include pebbles.",
    "evaluation": 1
  },
  {
    "correct_answer": "Worker ants excavate the soil and create tunnels and chambers underground.",
    "retrieved_context": "tasks include repairing. tasks include foraging. excavating creates tunnels. worker ants are backbone. worker ants perform tasks. worker ants demonstrate engineering. worker ants exhibit teamwork. excavating creates chambers. tasks include building. worker ants use communication. communication involves signals. worker ants demonstrate abilities. worker ants exhibit coordination. worker ants are involved in excavating. ants have symbiotic relationship. materials include soil. ants relocate to site. ants demonstrate ingenuity. example is of nature. insights are into principles. ants use techniques. ants build communities. ants work in colonies. materials include leaves. colonies are built by ants. ants respond to changes. ants build towers. ants offer lessons. colonies consist of worker ants. changes include flooding. ants utilize resources. ants demonstrate adaptability. ants build sustainable. creatures have mastered cooperation. materials include pebbles. ants are example. resources meet needs. ants are species. ants highlight resilience. creatures have mastered organization. ants are creatures. colonies are society. changes include disasters. ants mobilize to relocate. ants improvise in adversity. colonies consist of male ants. colonies serve as community. materials include twigs. ants are involved in cultivating. colonies consist of queen. colonies consist of soldier ants. lessons are for human societies. ants use materials. ants provide insights. ants build mounds. soldier ants are tasked with defending. soldier ants defend against threats. soldier ants defend against intruders. leafcutter ants are involved in carrying. leafcutter ants are involved in cutting. leafcutter ants create fungus gardens. tunnels serve as passageways. chambers are used for storing. excavating creates tunnels. chambers are used for brood. excavating creates chambers. tunnels serve as passageways.",
    "evaluation": 1
  },
  {
    "correct_answer": "Ants communicate with each other using chemical signals called pheromones.",
    "retrieved_context": "ants have symbiotic relationship. materials include soil. ants relocate to site. ants demonstrate ingenuity. example is of nature. insights are into principles. ants use techniques. ants build communities. ants work in colonies. materials include leaves. colonies are built by ants. ants respond to changes. ants build towers. ants offer lessons. colonies consist of worker ants. changes include flooding. ants utilize resources. ants demonstrate adaptability. ants build sustainable. creatures have mastered cooperation. materials include pebbles. ants are example. resources meet needs. ants are species. ants highlight resilience. creatures have mastered organization. ants are creatures. colonies are society. changes include disasters. ants mobilize to relocate. ants improvise in adversity. colonies consist of male ants. colonies serve as community. materials include twigs. ants are involved in cultivating. colonies consist of queen. colonies consist of soldier ants. lessons are for human societies. ants use materials. ants provide insights. ants build mounds. tasks include repairing. tasks include foraging. excavating creates tunnels. worker ants are backbone. worker ants perform tasks. worker ants demonstrate engineering. worker ants exhibit teamwork. excavating creates chambers. tasks include building. worker ants use communication. communication involves signals. worker ants demonstrate abilities. worker ants exhibit coordination. worker ants are involved in excavating. leafcutter ants are involved in carrying. leafcutter ants are involved in cutting. leafcutter ants create fungus gardens. soldier ants are tasked with defending. soldier ants defend against threats. soldier ants defend against intruders. communication involves signals. signals are pheromones. signals are pheromones.",
    "evaluation": 1
  },
  {
    "correct_answer": "Ants demonstrate impressive engineering abilities when constructing their nests.",
    "retrieved_context": "ants have symbiotic relationship. materials include soil. ants relocate to site. ants demonstrate ingenuity. example is of nature. insights are into principles. ants use techniques. ants build communities. ants work in colonies. materials include leaves. colonies are built by ants. ants respond to changes. ants build towers. ants offer lessons. colonies consist of worker ants. changes include flooding. ants utilize resources. ants demonstrate adaptability. ants build sustainable. creatures have mastered cooperation. materials include pebbles. ants are example. resources meet needs. ants are species. ants highlight resilience. creatures have mastered organization. ants are creatures. colonies are society. changes include disasters. ants mobilize to relocate. ants improvise in adversity. colonies consist of male ants. colonies serve as community. materials include twigs. ants are involved in cultivating. colonies consist of queen. colonies consist of soldier ants. lessons are for human societies. ants use materials. ants provide insights. ants build mounds. tasks include repairing. tasks include foraging. excavating creates tunnels. worker ants are backbone. worker ants perform tasks. worker ants demonstrate engineering. worker ants exhibit teamwork. excavating creates chambers. tasks include building. worker ants use communication. communication involves signals. worker ants demonstrate abilities. worker ants exhibit coordination. worker ants are involved in excavating. leafcutter ants are involved in carrying. leafcutter ants are involved in cutting. leafcutter ants create fungus gardens. soldier ants are tasked with defending. soldier ants defend against threats. soldier ants defend against intruders.",
    "evaluation": 1
  },
  {
    "correct_answer": "Ants exhibit remarkable adaptability in responding to changes in their environment.",
    "retrieved_context": "ants have symbiotic relationship. materials include soil. ants relocate to site. ants demonstrate ingenuity. example is of nature. insights are into principles. ants use techniques. ants build communities. ants work in colonies. materials include leaves. colonies are built by ants. ants respond to changes. ants build towers. ants offer lessons. colonies consist of worker ants. changes include flooding. ants utilize resources. ants demonstrate adaptability. ants build sustainable. creatures have mastered cooperation. materials include pebbles. ants are example. resources meet needs. ants are species. ants highlight resilience. creatures have mastered organization. ants are creatures. colonies are society. changes include disasters. ants mobilize to relocate. ants improvise in adversity. colonies consist of male ants. colonies serve as community. materials include twigs. ants are involved in cultivating. colonies consist of queen. colonies consist of soldier ants. lessons are for human societies. ants use materials. ants provide insights. ants build mounds. tasks include repairing. tasks include foraging. excavating creates tunnels. worker ants are backbone. worker ants perform tasks. worker ants demonstrate engineering. worker ants exhibit teamwork. excavating creates chambers. tasks include building. worker ants use communication. communication involves signals. worker ants demonstrate abilities. worker ants exhibit coordination. worker ants are involved in excavating. leafcutter ants are involved in carrying. leafcutter ants are involved in cutting. leafcutter ants create fungus gardens. soldier ants are tasked with defending. soldier ants defend against threats. soldier ants defend against intruders.",
    "evaluation": 1
  },
  {
    "accuracy": "80.00%"
  }
]