[
  {
    "correct_answer": "Architecture shapes the way we live, work, and interact with one another.",
    "retrieved_context": "architecture create resilient. architecture is socially equitable. force shapes interact. architecture impact on individuals. architecture is functional. force shapes live. architecture impact on communities. architecture can transform. force shapes work. architecture influences design. architecture is aesthetically pleasing. architecture recognized as force. architecture influence economic development. design impact on quality of life. architecture is environmentally responsible. architecture shapes built environment. architecture is economically sustainable. architecture played role in character. architecture create inclusive. architecture impact on sustainability. architecture influences society. built environment includes residential areas. design convey sense. architecture impact on environment. architecture influences development. government offices have roof. government offices have columns. buildings include libraries. buildings shape interact. buildings serve as symbols. buildings include schools. symbols represent priorities. buildings create jobs. government offices project stability. government offices project power. buildings have symbolic value. buildings attract investment. symbols represent values. buildings include museums. buildings attract tourism. buildings boost economy. buildings include government offices. sense include modernity. design convey sense. design impact on quality of life. sense include tradition. sense include authority. built environment includes residential areas. residential areas include homes. residential areas include neighborhoods. tourist attractions generate revenue. burj khalifa located in dubai. iconic buildings include burj khalifa. sydney opera house located in australia. iconic buildings are tourist attractions. iconic buildings include sydney opera house. tourist attractions draw visitors. construction contributes to greenhouse gas emissions. construction contributes to energy consumption.",
    "evaluation": 1
  },
  {
    "correct_answer": "Architecture influences society through the design of public spaces.",
    "retrieved_context": "buildings include libraries. buildings shape interact. buildings serve as symbols. buildings include schools. buildings create jobs. public spaces include buildings. buildings have symbolic value. buildings attract investment. buildings include museums. buildings attract tourism. buildings boost economy. buildings include government offices. architecture create resilient. architecture is socially equitable. force shapes interact. architecture impact on individuals. architecture is functional. force shapes live. architecture impact on communities. architecture can transform. force shapes work. architecture influences design. architecture is aesthetically pleasing. architecture recognized as force. architecture influence economic development. design impact on quality of life. architecture is environmentally responsible. architecture shapes built environment. architecture is economically sustainable. architecture played role in character. architecture create inclusive. architecture impact on sustainability. architecture influences society. built environment includes residential areas. design convey sense. architecture impact on environment. architecture influences development. government offices have roof. government offices have columns. buildings include libraries. buildings shape interact. buildings serve as symbols. buildings include schools. symbols represent priorities. buildings create jobs. government offices project stability. government offices project power. buildings have symbolic value. buildings attract investment. symbols represent values. buildings include museums. buildings attract tourism. buildings boost economy. buildings include government offices. tourist attractions generate revenue. burj khalifa located in dubai. iconic buildings include burj khalifa. sydney opera house located in australia. iconic buildings are tourist attractions. iconic buildings include sydney opera house. tourist attractions draw visitors. sense include modernity. design convey sense. design impact on quality of life. sense include tradition. sense include authority. houses built with materials. houses promote pride. houses contribute to isolation. houses lead to social cohesion. houses contribute to outcomes. houses promote ownership. houses contribute to crime.",
    "evaluation": 1
  },
  {
    "correct_answer": "Public buildings serve as symbols of a society's values and priorities.",
    "retrieved_context": "tourist attractions generate revenue. burj khalifa located in dubai. iconic buildings include burj khalifa. sydney opera house located in australia. iconic buildings are tourist attractions. iconic buildings include sydney opera house. tourist attractions draw visitors. government offices have roof. government offices have columns. buildings include libraries. buildings shape interact. buildings serve as symbols. buildings include schools. symbols represent priorities. buildings create jobs. government offices project stability. government offices project power. buildings have symbolic value. buildings attract investment. symbols represent values. buildings include museums. buildings attract tourism. buildings boost economy. buildings include government offices. buildings include libraries. buildings shape interact. buildings serve as symbols. buildings include schools. buildings create jobs. public spaces include buildings. buildings have symbolic value. buildings attract investment. buildings include museums. buildings attract tourism. buildings boost economy. buildings include government offices. architecture create resilient. architecture is socially equitable. force shapes interact. architecture impact on individuals. architecture is functional. force shapes live. architecture impact on communities. architecture can transform. force shapes work. architecture influences design. architecture is aesthetically pleasing. architecture recognized as force. architecture influence economic development. design impact on quality of life. architecture is environmentally responsible. architecture shapes built environment. architecture is economically sustainable. architecture played role in character. architecture create inclusive. architecture impact on sustainability. architecture influences society. built environment includes residential areas. design convey sense. architecture impact on environment. architecture influences development. government offices have roof. government offices have columns. government offices project stability. government offices project power.",
    "evaluation": 1
  },
  {
    "correct_answer": "The design of public buildings can convey a sense of authority, tradition, or modernity.",
    "retrieved_context": "tourist attractions generate revenue. burj khalifa located in dubai. iconic buildings include burj khalifa. sydney opera house located in australia. iconic buildings are tourist attractions. iconic buildings include sydney opera house. tourist attractions draw visitors. government offices have roof. government offices have columns. buildings include libraries. buildings shape interact. buildings serve as symbols. buildings include schools. symbols represent priorities. buildings create jobs. government offices project stability. government offices project power. buildings have symbolic value. buildings attract investment. symbols represent values. buildings include museums. buildings attract tourism. buildings boost economy. buildings include government offices. buildings include libraries. buildings shape interact. buildings serve as symbols. buildings include schools. buildings create jobs. public spaces include buildings. buildings have symbolic value. buildings attract investment. buildings include museums. buildings attract tourism. buildings boost economy. buildings include government offices. architecture create resilient. architecture is socially equitable. force shapes interact. architecture impact on individuals. architecture is functional. force shapes live. architecture impact on communities. architecture can transform. force shapes work. architecture influences design. architecture is aesthetically pleasing. architecture recognized as force. architecture influence economic development. design impact on quality of life. architecture is environmentally responsible. architecture shapes built environment. architecture is economically sustainable. architecture played role in character. architecture create inclusive. architecture impact on sustainability. architecture influences society. built environment includes residential areas. design convey sense. architecture impact on environment. architecture influences development. sense include modernity. design convey sense. design impact on quality of life. sense include tradition. sense include authority. modernist describes library. library have glass. library signal openness. library signal innovation. library have lines.",
    "evaluation": 1
  },
  {
    "correct_answer": "Public buildings shape how people interact with their surroundings.",
    "retrieved_context": "buildings include libraries. buildings shape interact. buildings serve as symbols. buildings include schools. buildings create jobs. public spaces include buildings. buildings have symbolic value. buildings attract investment. buildings include museums. buildings attract tourism. buildings boost economy. buildings include government offices. government offices have roof. government offices have columns. buildings include libraries. buildings shape interact. buildings serve as symbols. buildings include schools. symbols represent priorities. buildings create jobs. government offices project stability. government offices project power. buildings have symbolic value. buildings attract investment. symbols represent values. buildings include museums. buildings attract tourism. buildings boost economy. buildings include government offices. tourist attractions generate revenue. burj khalifa located in dubai. iconic buildings include burj khalifa. sydney opera house located in australia. iconic buildings are tourist attractions. iconic buildings include sydney opera house. tourist attractions draw visitors. residential areas include homes. residential areas include neighborhoods. architecture create resilient. architecture is socially equitable. force shapes interact. architecture impact on individuals. architecture is functional. force shapes live. architecture impact on communities. architecture can transform. force shapes work. architecture influences design. architecture is aesthetically pleasing. architecture recognized as force. architecture influence economic development. design impact on quality of life. architecture is environmentally responsible. architecture shapes built environment. architecture is economically sustainable. architecture played role in character. architecture create inclusive. architecture impact on sustainability. architecture influences society. built environment includes residential areas. design convey sense. architecture impact on environment. architecture influences development. built environment includes residential areas. residential areas include homes. residential areas include neighborhoods.",
    "evaluation": 1
  },
  {
    "correct_answer": "The layout of a city influences how people move through urban spaces.",
    "retrieved_context": "buildings include libraries. buildings shape interact. buildings serve as symbols. buildings include schools. buildings create jobs. public spaces include buildings. buildings have symbolic value. buildings attract investment. buildings include museums. buildings attract tourism. buildings boost economy. buildings include government offices. city includes parks. city includes squares. city includes streets. city includes sidewalks. residential areas include homes. residential areas include neighborhoods.",
    "evaluation": 0
  },
  {
    "correct_answer": "Well-designed parks can encourage social interaction and community engagement.",
    "retrieved_context": "park have seating. park have greenery. park encourage community engagement. park encourage social interaction. buildings include libraries. buildings shape interact. buildings serve as symbols. buildings include schools. buildings create jobs. public spaces include buildings. buildings have symbolic value. buildings attract investment. buildings include museums. buildings attract tourism. buildings boost economy. buildings include government offices. tourist attractions draw visitors. tourist attractions generate revenue.",
    "evaluation": 1
  },
  {
    "correct_answer": "Architecture shapes the built environment of residential areas.",
    "retrieved_context": "residential areas include homes. residential areas include neighborhoods. built environment includes residential areas. residential areas include homes. residential areas include neighborhoods. architecture create resilient. architecture is socially equitable. force shapes interact. architecture impact on individuals. architecture is functional. force shapes live. architecture impact on communities. architecture can transform. force shapes work. architecture influences design. architecture is aesthetically pleasing. architecture recognized as force. architecture influence economic development. design impact on quality of life. architecture is environmentally responsible. architecture shapes built environment. architecture is economically sustainable. architecture played role in character. architecture create inclusive. architecture impact on sustainability. architecture influences society. built environment includes residential areas. design convey sense. architecture impact on environment. architecture influences development. government offices have roof. government offices have columns. buildings include libraries. buildings shape interact. buildings serve as symbols. buildings include schools. symbols represent priorities. buildings create jobs. government offices project stability. government offices project power. buildings have symbolic value. buildings attract investment. symbols represent values. buildings include museums. buildings attract tourism. buildings boost economy. buildings include government offices. houses built with materials. houses promote pride. houses contribute to isolation. houses lead to social cohesion. houses contribute to outcomes. houses promote ownership. houses contribute to crime. tourist attractions generate revenue. burj khalifa located in dubai. iconic buildings include burj khalifa. sydney opera house located in australia. iconic buildings are tourist attractions. iconic buildings include sydney opera house. tourist attractions draw visitors.",
    "evaluation": 1
  },
  {
    "correct_answer": "The design of homes and neighborhoods impacts the quality of life of residents.",
    "retrieved_context": "residential areas include homes. residential areas include neighborhoods. houses built with materials. houses promote pride. houses contribute to isolation. houses lead to social cohesion. houses contribute to outcomes. houses promote ownership. houses contribute to crime. residents live in homes. built environment includes residential areas. residential areas include homes. residential areas include neighborhoods.",
    "evaluation": 1
  },
  {
    "correct_answer": "Well-designed houses can promote a sense of pride and ownership among residents.",
    "retrieved_context": "houses built with materials. houses promote pride. houses contribute to isolation. houses lead to social cohesion. houses contribute to outcomes. houses promote ownership. houses contribute to crime. residential areas include homes. residential areas include neighborhoods. tourist attractions generate revenue. burj khalifa located in dubai. iconic buildings include burj khalifa. sydney opera house located in australia. iconic buildings are tourist attractions. iconic buildings include sydney opera house. tourist attractions draw visitors. built environment includes residential areas. residential areas include homes. residential areas include neighborhoods. government offices have roof. government offices have columns. buildings include libraries. buildings shape interact. buildings serve as symbols. buildings include schools. symbols represent priorities. buildings create jobs. government offices project stability. government offices project power. buildings have symbolic value. buildings attract investment. symbols represent values. buildings include museums. buildings attract tourism. buildings boost economy. buildings include government offices.",
    "evaluation": 1
  },
  {
    "correct_answer": "Architecture influences the economic development of a society.",
    "retrieved_context": "architecture create resilient. architecture is socially equitable. force shapes interact. architecture impact on individuals. architecture is functional. force shapes live. architecture impact on communities. architecture can transform. force shapes work. architecture influences design. architecture is aesthetically pleasing. architecture recognized as force. architecture influence economic development. design impact on quality of life. architecture is environmentally responsible. architecture shapes built environment. architecture is economically sustainable. architecture played role in character. architecture create inclusive. architecture impact on sustainability. architecture influences society. built environment includes residential areas. design convey sense. architecture impact on environment. architecture influences development. government offices have roof. government offices have columns. buildings include libraries. buildings shape interact. buildings serve as symbols. buildings include schools. symbols represent priorities. buildings create jobs. government offices project stability. government offices project power. buildings have symbolic value. buildings attract investment. symbols represent values. buildings include museums. buildings attract tourism. buildings boost economy. buildings include government offices. tourist attractions generate revenue. burj khalifa located in dubai. iconic buildings include burj khalifa. sydney opera house located in australia. iconic buildings are tourist attractions. iconic buildings include sydney opera house. tourist attractions draw visitors.",
    "evaluation": 1
  },
  {
    "correct_answer": "Well-designed buildings can attract investment and tourism, boosting the local economy.",
    "retrieved_context": "tourist attractions generate revenue. burj khalifa located in dubai. iconic buildings include burj khalifa. sydney opera house located in australia. iconic buildings are tourist attractions. iconic buildings include sydney opera house. tourist attractions draw visitors. government offices have roof. government offices have columns. buildings include libraries. buildings shape interact. buildings serve as symbols. buildings include schools. symbols represent priorities. buildings create jobs. government offices project stability. government offices project power. buildings have symbolic value. buildings attract investment. symbols represent values. buildings include museums. buildings attract tourism. buildings boost economy. buildings include government offices. tourist attractions draw visitors. tourist attractions generate revenue. architecture create resilient. architecture is socially equitable. force shapes interact. architecture impact on individuals. architecture is functional. force shapes live. architecture impact on communities. architecture can transform. force shapes work. architecture influences design. architecture is aesthetically pleasing. architecture recognized as force. architecture influence economic development. design impact on quality of life. architecture is environmentally responsible. architecture shapes built environment. architecture is economically sustainable. architecture played role in character. architecture create inclusive. architecture impact on sustainability. architecture influences society. built environment includes residential areas. design convey sense. architecture impact on environment. architecture influences development. residential areas include homes. residential areas include neighborhoods. built environment includes residential areas. residential areas include homes. residential areas include neighborhoods.",
    "evaluation": 1
  },
  {
    "correct_answer": "Architecture can influence the environment and sustainability.",
    "retrieved_context": "architecture create resilient. architecture is socially equitable. force shapes interact. architecture impact on individuals. architecture is functional. force shapes live. architecture impact on communities. architecture can transform. force shapes work. architecture influences design. architecture is aesthetically pleasing. architecture recognized as force. architecture influence economic development. design impact on quality of life. architecture is environmentally responsible. architecture shapes built environment. architecture is economically sustainable. architecture played role in character. architecture create inclusive. architecture impact on sustainability. architecture influences society. built environment includes residential areas. design convey sense. architecture impact on environment. architecture influences development. government offices have roof. government offices have columns. buildings include libraries. buildings shape interact. buildings serve as symbols. buildings include schools. symbols represent priorities. buildings create jobs. government offices project stability. government offices project power. buildings have symbolic value. buildings attract investment. symbols represent values. buildings include museums. buildings attract tourism. buildings boost economy. buildings include government offices. built environment includes residential areas. residential areas include homes. residential areas include neighborhoods. tourist attractions generate revenue. burj khalifa located in dubai. iconic buildings include burj khalifa. sydney opera house located in australia. iconic buildings are tourist attractions. iconic buildings include sydney opera house. tourist attractions draw visitors.",
    "evaluation": 1
  },
  {
    "correct_answer": "Designing energy-efficient buildings can help reduce the carbon footprint of the built environment.",
    "retrieved_context": "energy-efficient mitigate climate change. energy-efficient reduce carbon footprint. government offices have roof. government offices have columns. buildings include libraries. buildings shape interact. buildings serve as symbols. buildings include schools. symbols represent priorities. buildings create jobs. government offices project stability. government offices project power. buildings have symbolic value. buildings attract investment. symbols represent values. buildings include museums. buildings attract tourism. buildings boost economy. buildings include government offices. built environment includes residential areas. residential areas include homes. residential areas include neighborhoods. tourist attractions generate revenue. burj khalifa located in dubai. iconic buildings include burj khalifa. sydney opera house located in australia. iconic buildings are tourist attractions. iconic buildings include sydney opera house. tourist attractions draw visitors. architecture create resilient. architecture is socially equitable. force shapes interact. architecture impact on individuals. architecture is functional. force shapes live. architecture impact on communities. architecture can transform. force shapes work. architecture influences design. architecture is aesthetically pleasing. architecture recognized as force. architecture influence economic development. design impact on quality of life. architecture is environmentally responsible. architecture shapes built environment. architecture is economically sustainable. architecture played role in character. architecture create inclusive. architecture impact on sustainability. architecture influences society. built environment includes residential areas. design convey sense. architecture impact on environment. architecture influences development.",
    "evaluation": 1
  },
  {
    "correct_answer": "Green spaces and urban forests can improve air quality and provide habitat for wildlife.",
    "retrieved_context": "green spaces provide habitat. green spaces reduce urban heat islands. green spaces improve air quality. green spaces enhance quality of life.",
    "evaluation": 1
  },
  {
    "accuracy": "93.33%"
  }
]