[
  {
    "correct_answer": "Deja Vu is a mysterious phenomenon that has intrigued scientists, psychologists, and the general public for centuries.",
    "retrieved_context": "deja vu capture imagination. deja vu is eerie. deja vu is term. deja vu is difficult quantify. term is of origin. deja vu prompts investigation. deja vu has intrigued scientists. deja vu is intriguing. term is of french. deja vu is difficult measure. deja vu prompts exploration. deja vu has intrigued psychologists. deja vu is difficult replicated. deja vu defies explanation. deja vu is familiarity. deja vu is mysterious. deja vu has intrigued public. deja vu is phenomenon. deja vu is nature. term is of sensation. deja vu is difficult study. deja vu is enigmatic. deja vu is unexplained. term is of feeling. deja vu is fleeting. deja vu is fascination. deja vu is elusive. deja vu is difficult controlled. deja vu is puzzling. deja vu is intrigue. deja vu is complexities. deja vu is curious. imagination associated with prone. term is of meaning. deja vu is fascinating. deja vu is subjective. human brain is consciousness. human brain is complexities. human brain is secrets.",
    "evaluation": 1
  },
  {
    "correct_answer": "The term 'deja vu' is of French origin, meaning 'already seen'.",
    "retrieved_context": "deja vu capture imagination. deja vu is eerie. deja vu is term. deja vu is difficult quantify. term is of origin. deja vu prompts investigation. deja vu has intrigued scientists. deja vu is intriguing. term is of french. deja vu is difficult measure. deja vu prompts exploration. deja vu has intrigued psychologists. deja vu is difficult replicated. deja vu defies explanation. deja vu is familiarity. deja vu is mysterious. deja vu has intrigued public. deja vu is phenomenon. deja vu is nature. term is of sensation. deja vu is difficult study. deja vu is enigmatic. deja vu is unexplained. term is of feeling. deja vu is fleeting. deja vu is fascination. deja vu is elusive. deja vu is difficult controlled. deja vu is puzzling. deja vu is intrigue. deja vu is complexities. deja vu is curious. imagination associated with prone. term is of meaning. deja vu is fascinating. deja vu is subjective.",
    "evaluation": 0
  },
  {
    "correct_answer": "Deja Vu refers to the feeling that one has experienced a current situation before, even though it is happening for the first time.",
    "retrieved_context": "deja vu capture imagination. deja vu is eerie. deja vu is term. deja vu is difficult quantify. term is of origin. deja vu prompts investigation. deja vu has intrigued scientists. deja vu is intriguing. term is of french. deja vu is difficult measure. deja vu prompts exploration. deja vu has intrigued psychologists. deja vu is difficult replicated. deja vu defies explanation. deja vu is familiarity. deja vu is mysterious. deja vu has intrigued public. deja vu is phenomenon. deja vu is nature. term is of sensation. deja vu is difficult study. deja vu is enigmatic. deja vu is unexplained. term is of feeling. deja vu is fleeting. deja vu is fascination. deja vu is elusive. deja vu is difficult controlled. deja vu is puzzling. deja vu is intrigue. deja vu is complexities. deja vu is curious. imagination associated with prone. term is of meaning. deja vu is fascinating. deja vu is subjective.",
    "evaluation": 0
  },
  {
    "correct_answer": "Many people have experienced deja vu at some point in their lives.",
    "retrieved_context": "deja vu capture imagination. deja vu is eerie. deja vu is term. deja vu is difficult quantify. term is of origin. deja vu prompts investigation. deja vu has intrigued scientists. deja vu is intriguing. term is of french. deja vu is difficult measure. deja vu prompts exploration. deja vu has intrigued psychologists. deja vu is difficult replicated. deja vu defies explanation. deja vu is familiarity. deja vu is mysterious. deja vu has intrigued public. deja vu is phenomenon. deja vu is nature. term is of sensation. deja vu is difficult study. deja vu is enigmatic. deja vu is unexplained. term is of feeling. deja vu is fleeting. deja vu is fascination. deja vu is elusive. deja vu is difficult controlled. deja vu is puzzling. deja vu is intrigue. deja vu is complexities. deja vu is curious. imagination associated with prone. term is of meaning. deja vu is fascinating. deja vu is subjective. human brain is consciousness. human brain is complexities. human brain is secrets. imagination associated with prone.",
    "evaluation": 0
  },
  {
    "correct_answer": "The science behind deja vu remains largely unexplained.",
    "retrieved_context": "deja vu capture imagination. deja vu is eerie. deja vu is term. deja vu is difficult quantify. term is of origin. deja vu prompts investigation. deja vu has intrigued scientists. deja vu is intriguing. term is of french. deja vu is difficult measure. deja vu prompts exploration. deja vu has intrigued psychologists. deja vu is difficult replicated. deja vu defies explanation. deja vu is familiarity. deja vu is mysterious. deja vu has intrigued public. deja vu is phenomenon. deja vu is nature. term is of sensation. deja vu is difficult study. deja vu is enigmatic. deja vu is unexplained. term is of feeling. deja vu is fleeting. deja vu is fascination. deja vu is elusive. deja vu is difficult controlled. deja vu is puzzling. deja vu is intrigue. deja vu is complexities. deja vu is curious. imagination associated with prone. term is of meaning. deja vu is fascinating. deja vu is subjective. human brain is consciousness. human brain is complexities. human brain is secrets.",
    "evaluation": 1
  },
  {
    "correct_answer": "The 'dual processing' theory suggests that deja vu occurs when the brain processes information in two different ways simultaneously.",
    "retrieved_context": "deja vu capture imagination. deja vu is eerie. deja vu is term. deja vu is difficult quantify. term is of origin. deja vu prompts investigation. deja vu has intrigued scientists. deja vu is intriguing. term is of french. deja vu is difficult measure. deja vu prompts exploration. deja vu has intrigued psychologists. deja vu is difficult replicated. deja vu defies explanation. deja vu is familiarity. deja vu is mysterious. deja vu has intrigued public. deja vu is phenomenon. deja vu is nature. term is of sensation. deja vu is difficult study. deja vu is enigmatic. deja vu is unexplained. term is of feeling. deja vu is fleeting. deja vu is fascination. deja vu is elusive. deja vu is difficult controlled. deja vu is puzzling. deja vu is intrigue. deja vu is complexities. deja vu is curious. imagination associated with prone. term is of meaning. deja vu is fascinating. deja vu is subjective. human brain is consciousness. human brain is complexities. human brain is secrets. deja vu capture imagination. deja vu is eerie. deja vu is term. deja vu is difficult quantify. dual processing suggests deja vu. deja vu prompts investigation. deja vu has intrigued scientists. deja vu is intriguing. deja vu is difficult measure. dual processing is theories. deja vu prompts exploration. deja vu has intrigued psychologists. deja vu is difficult replicated. deja vu defies explanation. theories regarding deja vu. deja vu is familiarity. deja vu is mysterious. deja vu has intrigued public. deja vu is phenomenon. deja vu is nature. deja vu is difficult study. deja vu is enigmatic. deja vu is unexplained. deja vu is fleeting. deja vu is fascination. deja vu is elusive. deja vu is difficult controlled. deja vu is puzzling. deja vu is intrigue. deja vu is complexities. deja vu is curious. deja vu is fascinating. deja vu is subjective. situation is reminiscent. information is sent storage. brain encounters situation. brain may interpret memory. information is sent retrieval. brain processes information. information is processed simultaneously.",
    "evaluation": 1
  },
  {
    "correct_answer": "According to the 'dual processing' theory, a delay or discrepancy in processing can create the sensation of having experienced the current situation before.",
    "retrieved_context": "delay creates sensation. deja vu capture imagination. deja vu is eerie. deja vu is term. deja vu is difficult quantify. term is of origin. deja vu prompts investigation. deja vu has intrigued scientists. deja vu is intriguing. term is of french. deja vu is difficult measure. deja vu prompts exploration. deja vu has intrigued psychologists. deja vu is difficult replicated. deja vu defies explanation. deja vu is familiarity. deja vu is mysterious. deja vu has intrigued public. deja vu is phenomenon. deja vu is nature. term is of sensation. deja vu is difficult study. deja vu is enigmatic. deja vu is unexplained. term is of feeling. deja vu is fleeting. deja vu is fascination. deja vu is elusive. deja vu is difficult controlled. deja vu is puzzling. deja vu is intrigue. deja vu is complexities. deja vu is curious. imagination associated with prone. term is of meaning. deja vu is fascinating. deja vu is subjective. deja vu capture imagination. deja vu is eerie. deja vu is term. deja vu is difficult quantify. dual processing suggests deja vu. deja vu prompts investigation. deja vu has intrigued scientists. deja vu is intriguing. deja vu is difficult measure. dual processing is theories. deja vu prompts exploration. deja vu has intrigued psychologists. deja vu is difficult replicated. deja vu defies explanation. theories regarding deja vu. deja vu is familiarity. deja vu is mysterious. deja vu has intrigued public. deja vu is phenomenon. deja vu is nature. deja vu is difficult study. deja vu is enigmatic. deja vu is unexplained. deja vu is fleeting. deja vu is fascination. deja vu is elusive. deja vu is difficult controlled. deja vu is puzzling. deja vu is intrigue. deja vu is complexities. deja vu is curious. deja vu is fascinating. deja vu is subjective. human brain is consciousness. human brain is complexities. human brain is secrets.",
    "evaluation": 0
  },
  {
    "correct_answer": "The 'memory-based' theory posits that deja vu is triggered by similarities between the current situation and a past memory.",
    "retrieved_context": "deja vu capture imagination. deja vu is eerie. deja vu is term. deja vu is difficult quantify. term is of origin. deja vu prompts investigation. deja vu has intrigued scientists. deja vu is intriguing. term is of french. deja vu is difficult measure. deja vu prompts exploration. deja vu has intrigued psychologists. deja vu is difficult replicated. deja vu defies explanation. deja vu is familiarity. deja vu is mysterious. deja vu has intrigued public. deja vu is phenomenon. deja vu is nature. term is of sensation. deja vu is difficult study. deja vu is enigmatic. deja vu is unexplained. term is of feeling. deja vu is fleeting. deja vu is fascination. deja vu is elusive. deja vu is difficult controlled. deja vu is puzzling. deja vu is intrigue. deja vu is complexities. deja vu is curious. imagination associated with prone. term is of meaning. deja vu is fascinating. deja vu is subjective. deja vu capture imagination. deja vu is eerie. deja vu is term. deja vu is difficult quantify. deja vu prompts investigation. deja vu has intrigued scientists. deja vu is intriguing. deja vu is difficult measure. deja vu prompts exploration. deja vu has intrigued psychologists. deja vu is difficult replicated. deja vu defies explanation. theories regarding deja vu. deja vu is familiarity. deja vu is mysterious. deja vu has intrigued public. deja vu is phenomenon. deja vu is nature. deja vu is difficult study. deja vu is enigmatic. deja vu is unexplained. deja vu is fleeting. deja vu is fascination. deja vu is elusive. deja vu is difficult controlled. deja vu is puzzling. deja vu is intrigue. deja vu is complexities. deja vu is curious. deja vu is fascinating. deja vu is subjective. similarities between memory. memory-based is theories. memory-based is triggered by similarities. similarities between past. theories regarding deja vu. human brain is consciousness. human brain is complexities. human brain is secrets.",
    "evaluation": 0
  },
  {
    "correct_answer": "According to the 'memory-based' theory, the brain may mistakenly interpret a situation as a memory, leading to the sensation of deja vu.",
    "retrieved_context": "deja vu capture imagination. deja vu is eerie. deja vu is term. deja vu is difficult quantify. term is of origin. deja vu prompts investigation. deja vu has intrigued scientists. deja vu is intriguing. term is of french. deja vu is difficult measure. deja vu prompts exploration. deja vu has intrigued psychologists. deja vu is difficult replicated. deja vu defies explanation. deja vu is familiarity. deja vu is mysterious. deja vu has intrigued public. deja vu is phenomenon. deja vu is nature. term is of sensation. deja vu is difficult study. deja vu is enigmatic. deja vu is unexplained. term is of feeling. deja vu is fleeting. deja vu is fascination. deja vu is elusive. deja vu is difficult controlled. deja vu is puzzling. deja vu is intrigue. deja vu is complexities. deja vu is curious. imagination associated with prone. term is of meaning. deja vu is fascinating. deja vu is subjective. human brain is consciousness. human brain is complexities. human brain is secrets. situation is reminiscent. information is sent storage. brain encounters situation. brain may interpret memory. information is sent retrieval. brain processes information. information is processed simultaneously. similarities between memory. memory-based is theories. memory-based is triggered by similarities. similarities between past. theories regarding deja vu. imagination associated with prone.",
    "evaluation": 0
  },
  {
    "correct_answer": "Factors like stress, fatigue, and sleep deprivation have been associated with an increased frequency of deja vu episodes.",
    "retrieved_context": "deja vu capture imagination. deja vu is eerie. deja vu is term. deja vu is difficult quantify. term is of origin. deja vu prompts investigation. deja vu has intrigued scientists. deja vu is intriguing. term is of french. deja vu is difficult measure. deja vu prompts exploration. deja vu has intrigued psychologists. deja vu is difficult replicated. deja vu defies explanation. deja vu is familiarity. deja vu is mysterious. deja vu has intrigued public. deja vu is phenomenon. deja vu is nature. term is of sensation. deja vu is difficult study. deja vu is enigmatic. deja vu is unexplained. term is of feeling. deja vu is fleeting. deja vu is fascination. deja vu is elusive. deja vu is difficult controlled. deja vu is puzzling. deja vu is intrigue. deja vu is complexities. deja vu is curious. imagination associated with prone. term is of meaning. deja vu is fascinating. deja vu is subjective. sleep deprivation associated with frequency. fatigue associated with frequency. stress associated with frequency. human brain is consciousness. human brain is complexities. human brain is secrets. variability complicates efforts. efforts to understand.",
    "evaluation": 0
  },
  {
    "correct_answer": "Individuals with a higher level of creativity or imagination may be more prone to experiencing deja vu.",
    "retrieved_context": "deja vu capture imagination. deja vu is eerie. deja vu is term. deja vu is difficult quantify. term is of origin. deja vu prompts investigation. deja vu has intrigued scientists. deja vu is intriguing. term is of french. deja vu is difficult measure. deja vu prompts exploration. deja vu has intrigued psychologists. deja vu is difficult replicated. deja vu defies explanation. deja vu is familiarity. deja vu is mysterious. deja vu has intrigued public. deja vu is phenomenon. deja vu is nature. term is of sensation. deja vu is difficult study. deja vu is enigmatic. deja vu is unexplained. term is of feeling. deja vu is fleeting. deja vu is fascination. deja vu is elusive. deja vu is difficult controlled. deja vu is puzzling. deja vu is intrigue. deja vu is complexities. deja vu is curious. imagination associated with prone. term is of meaning. deja vu is fascinating. deja vu is subjective. imagination associated with prone. creativity associated with prone. situation is reminiscent. information is sent storage. brain encounters situation. brain may interpret memory. information is sent retrieval. brain processes information. information is processed simultaneously. human brain is consciousness. human brain is complexities. human brain is secrets.",
    "evaluation": 0
  },
  {
    "correct_answer": "Deja vu is difficult to study in a laboratory setting due to its fleeting and subjective nature.",
    "retrieved_context": "deja vu capture imagination. deja vu is eerie. deja vu is term. deja vu is difficult quantify. term is of origin. deja vu prompts investigation. deja vu has intrigued scientists. deja vu is intriguing. term is of french. deja vu is difficult measure. deja vu prompts exploration. deja vu has intrigued psychologists. deja vu is difficult replicated. deja vu defies explanation. deja vu is familiarity. deja vu is mysterious. deja vu has intrigued public. deja vu is phenomenon. deja vu is nature. term is of sensation. deja vu is difficult study. deja vu is enigmatic. deja vu is unexplained. term is of feeling. deja vu is fleeting. deja vu is fascination. deja vu is elusive. deja vu is difficult controlled. deja vu is puzzling. deja vu is intrigue. deja vu is complexities. deja vu is curious. imagination associated with prone. term is of meaning. deja vu is fascinating. deja vu is subjective. human brain is consciousness. human brain is complexities. human brain is secrets. sleep deprivation associated with frequency.",
    "evaluation": 1
  },
  {
    "correct_answer": "The subjective nature of deja vu makes it challenging to measure and quantify.",
    "retrieved_context": "deja vu capture imagination. deja vu is eerie. deja vu is term. deja vu is difficult quantify. term is of origin. deja vu prompts investigation. deja vu has intrigued scientists. deja vu is intriguing. term is of french. deja vu is difficult measure. deja vu prompts exploration. deja vu has intrigued psychologists. deja vu is difficult replicated. deja vu defies explanation. deja vu is familiarity. deja vu is mysterious. deja vu has intrigued public. deja vu is phenomenon. deja vu is nature. term is of sensation. deja vu is difficult study. deja vu is enigmatic. deja vu is unexplained. term is of feeling. deja vu is fleeting. deja vu is fascination. deja vu is elusive. deja vu is difficult controlled. deja vu is puzzling. deja vu is intrigue. deja vu is complexities. deja vu is curious. imagination associated with prone. term is of meaning. deja vu is fascinating. deja vu is subjective. variability complicates efforts. efforts to understand. imagination associated with prone.",
    "evaluation": 1
  },
  {
    "correct_answer": "Variability in how deja vu is experienced and reported complicates efforts to understand its underlying mechanisms.",
    "retrieved_context": "deja vu capture imagination. deja vu is eerie. deja vu is term. deja vu is difficult quantify. term is of origin. deja vu prompts investigation. deja vu has intrigued scientists. deja vu is intriguing. term is of french. deja vu is difficult measure. deja vu prompts exploration. deja vu has intrigued psychologists. deja vu is difficult replicated. deja vu defies explanation. deja vu is familiarity. deja vu is mysterious. deja vu has intrigued public. deja vu is phenomenon. deja vu is nature. term is of sensation. deja vu is difficult study. deja vu is enigmatic. deja vu is unexplained. term is of feeling. deja vu is fleeting. deja vu is fascination. deja vu is elusive. deja vu is difficult controlled. deja vu is puzzling. deja vu is intrigue. deja vu is complexities. deja vu is curious. imagination associated with prone. term is of meaning. deja vu is fascinating. deja vu is subjective. variability complicates efforts. efforts to understand. imagination associated with prone.",
    "evaluation": 1
  },
  {
    "correct_answer": "Despite being mysterious, deja vu continues to capture the imagination of researchers and the general public.",
    "retrieved_context": "deja vu capture imagination. deja vu is eerie. deja vu is term. deja vu is difficult quantify. term is of origin. deja vu prompts investigation. deja vu has intrigued scientists. deja vu is intriguing. term is of french. deja vu is difficult measure. deja vu prompts exploration. deja vu has intrigued psychologists. deja vu is difficult replicated. deja vu defies explanation. deja vu is familiarity. deja vu is mysterious. deja vu has intrigued public. deja vu is phenomenon. deja vu is nature. term is of sensation. deja vu is difficult study. deja vu is enigmatic. deja vu is unexplained. term is of feeling. deja vu is fleeting. deja vu is fascination. deja vu is elusive. deja vu is difficult controlled. deja vu is puzzling. deja vu is intrigue. deja vu is complexities. deja vu is curious. imagination associated with prone. term is of meaning. deja vu is fascinating. deja vu is subjective. imagination associated with prone.",
    "evaluation": 1
  },
  {
    "accuracy": "46.67%"
  }
]