[
  {
    "correct_answer": "The human body has defense mechanisms to protect itself against harmful pathogens.",
    "retrieved_context": "harmful pathogens such as fungi. human body is a intricate. human body is a complex. harmful pathogens such as viruses. harmful pathogens such as parasites. harmful pathogens invade human body. harmful pathogens such as bacteria. harmful pathogens such as fungi. defense mechanisms protect harmful pathogens. harmful pathogens such as viruses. harmful pathogens such as parasites. harmful pathogens invade human body. harmful pathogens such as bacteria. immune system interplay cells. immune system dysregulated chronic inflammation. harmful pathogens such as viruses. immune system evolved combat. immune system is a specific. immune system is a sophisticated. immune system mechanisms disease. immune system minimizing damage. harmful pathogens such as fungi. immune system interplay molecules. chronic inflammation contribute cancer. immune system restore health. immune system is a targeted. immune system encounters harmful pathogens. harmful pathogens such as bacteria. immune system rapid re-exposure. immune system remember past infections. chronic inflammation contribute diabetes. chronic inflammation contribute heart disease. immune system interplay tissues. harmful pathogens invade human body. immune system fight infection. harmful pathogens such as parasites. immune system tightly regulated balanced. immune system is a network. human body is a intricate. human body is a complex.",
    "evaluation": 1
  },
  {
    "correct_answer": "The immune system fights off infections to restore health.",
    "retrieved_context": "immune system interplay cells. immune system dysregulated chronic inflammation. harmful pathogens such as viruses. immune system evolved combat. immune system is a specific. immune system is a sophisticated. immune system mechanisms disease. immune system minimizing damage. harmful pathogens such as fungi. immune system interplay molecules. chronic inflammation contribute cancer. immune system restore health. immune system is a targeted. immune system encounters harmful pathogens. harmful pathogens such as bacteria. immune system rapid re-exposure. immune system remember past infections. chronic inflammation contribute diabetes. chronic inflammation contribute heart disease. immune system interplay tissues. harmful pathogens invade human body. immune system fight infection. harmful pathogens such as parasites. immune system tightly regulated balanced. immune system is a network. chronic inflammation contribute diabetes. chronic inflammation contribute cancer. chronic inflammation contribute heart disease. immune system interplay cells. immune system dysregulated chronic inflammation. immune system evolved combat. immune system mechanisms disease. immune system is a specific. immune system is a sophisticated. immune system minimizing damage. immune system interplay molecules. immune system restore health. immune system is a targeted. immune system encounters harmful pathogens. immune system rapid re-exposure. immune system remember past infections. immune system interplay tissues. cytokines coordinate immune system. immune system fight infection. cytokines regulate activity. immune system tightly regulated balanced. immune system is a network. harmful pathogens such as fungi. human body is a intricate. human body is a complex. harmful pathogens such as viruses. harmful pathogens such as parasites. harmful pathogens invade human body. harmful pathogens such as bacteria. natural killer cells directly attack infection.",
    "evaluation": 1
  },
  {
    "correct_answer": "The immune response involves coordinated responses of cells, tissues, and organs.",
    "retrieved_context": "immune system interplay cells. immune system dysregulated chronic inflammation. harmful pathogens such as viruses. immune system evolved combat. immune system is a specific. immune system is a sophisticated. immune system mechanisms disease. immune system minimizing damage. harmful pathogens such as fungi. immune system interplay molecules. chronic inflammation contribute cancer. immune system restore health. immune system is a targeted. immune system encounters harmful pathogens. harmful pathogens such as bacteria. immune system rapid re-exposure. immune system remember past infections. chronic inflammation contribute diabetes. chronic inflammation contribute heart disease. immune system interplay tissues. harmful pathogens invade human body. immune system fight infection. harmful pathogens such as parasites. immune system tightly regulated balanced. immune system is a network. coordinated responses eliminate threat. coordinated responses involve organs. coordinated responses involve tissues. coordinated responses involve cells. immunological memory is the basis for vaccination. memory cells recognize harmful pathogens. lymphocytes mounting targeted. lymphocytes differentiate memory cells. memory cells preventing development. immune system interplay cells. immune system dysregulated chronic inflammation. immune system evolved combat. immune system mechanisms disease. immune system is a specific. immune system is a sophisticated. immune system minimizing damage. immune system interplay molecules. immune system restore health. immune system is a targeted. immune system encounters harmful pathogens. immune system rapid re-exposure. immune system remember past infections. immune system interplay tissues. cytokines coordinate immune system. immune system fight infection. cytokines regulate activity. immune system tightly regulated balanced. immune system is a network. dendritic cells capturing presenting antigens. t cells directly attack infection.",
    "evaluation": 1
  },
  {
    "correct_answer": "Physical barriers prevent pathogens from entering the body.",
    "retrieved_context": "harmful pathogens such as fungi. human body is a intricate. human body is a complex. harmful pathogens such as viruses. harmful pathogens such as parasites. harmful pathogens invade human body. harmful pathogens such as bacteria. harmful pathogens such as fungi. physical barriers play crucial role. harmful pathogens such as viruses. harmful pathogens such as parasites. physical barriers reducing burden. harmful pathogens invade human body. harmful pathogens such as bacteria. physical barriers prevent harmful pathogens. immune system interplay cells. immune system dysregulated chronic inflammation. harmful pathogens such as viruses. immune system evolved combat. immune system is a specific. immune system is a sophisticated. immune system mechanisms disease. immune system minimizing damage. harmful pathogens such as fungi. immune system interplay molecules. chronic inflammation contribute cancer. immune system restore health. immune system is a targeted. immune system encounters harmful pathogens. harmful pathogens such as bacteria. immune system rapid re-exposure. immune system remember past infections. chronic inflammation contribute diabetes. chronic inflammation contribute heart disease. immune system interplay tissues. harmful pathogens invade human body. immune system fight infection. harmful pathogens such as parasites. immune system tightly regulated balanced. immune system is a network. harmful pathogens such as fungi. defense mechanisms protect harmful pathogens. harmful pathogens such as viruses. harmful pathogens such as parasites. harmful pathogens invade human body. harmful pathogens such as bacteria.",
    "evaluation": 1
  },
  {
    "correct_answer": "The skin acts as a protective barrier against pathogens.",
    "retrieved_context": "harmful pathogens such as fungi. human body is a intricate. human body is a complex. harmful pathogens such as viruses. harmful pathogens such as parasites. harmful pathogens invade human body. harmful pathogens such as bacteria. immune system interplay cells. immune system dysregulated chronic inflammation. harmful pathogens such as viruses. immune system evolved combat. immune system is a specific. immune system is a sophisticated. immune system mechanisms disease. immune system minimizing damage. harmful pathogens such as fungi. immune system interplay molecules. chronic inflammation contribute cancer. immune system restore health. immune system is a targeted. immune system encounters harmful pathogens. harmful pathogens such as bacteria. immune system rapid re-exposure. immune system remember past infections. chronic inflammation contribute diabetes. chronic inflammation contribute heart disease. immune system interplay tissues. harmful pathogens invade human body. immune system fight infection. harmful pathogens such as parasites. immune system tightly regulated balanced. immune system is a network. skin is a protective barrier. skin prevents penetrating. harmful pathogens such as fungi. defense mechanisms protect harmful pathogens. harmful pathogens such as viruses. harmful pathogens such as parasites. harmful pathogens invade human body. harmful pathogens such as bacteria.",
    "evaluation": 1
  },
  {
    "correct_answer": "Mucous membranes produce mucus to trap pathogens.",
    "retrieved_context": "mucus traps harmful pathogens. mucous membranes are in respiratory tract. mucous membranes are in digestive tract. mucous membranes produce mucus. harmful pathogens such as fungi. mucus traps harmful pathogens. harmful pathogens such as viruses. harmful pathogens such as parasites. harmful pathogens invade human body. harmful pathogens such as bacteria. harmful pathogens such as fungi. human body is a intricate. human body is a complex. harmful pathogens such as viruses. harmful pathogens such as parasites. harmful pathogens invade human body. harmful pathogens such as bacteria. immune system interplay cells. immune system dysregulated chronic inflammation. harmful pathogens such as viruses. immune system evolved combat. immune system is a specific. immune system is a sophisticated. immune system mechanisms disease. immune system minimizing damage. harmful pathogens such as fungi. immune system interplay molecules. chronic inflammation contribute cancer. immune system restore health. immune system is a targeted. immune system encounters harmful pathogens. harmful pathogens such as bacteria. immune system rapid re-exposure. immune system remember past infections. chronic inflammation contribute diabetes. chronic inflammation contribute heart disease. immune system interplay tissues. harmful pathogens invade human body. immune system fight infection. harmful pathogens such as parasites. immune system tightly regulated balanced. immune system is a network.",
    "evaluation": 1
  },
  {
    "correct_answer": "The acidic environment of the stomach can kill pathogens.",
    "retrieved_context": "harmful pathogens such as fungi. human body is a intricate. human body is a complex. harmful pathogens such as viruses. harmful pathogens such as parasites. harmful pathogens invade human body. harmful pathogens such as bacteria. acidic environment is in stomach. acidic environment can kill.",
    "evaluation": 1
  },
  {
    "correct_answer": "White blood cells are key players in the immune response.",
    "retrieved_context": "harmful pathogens such as fungi. harmful pathogens such as viruses. harmful pathogens such as parasites. harmful pathogens invade human body. white blood cells identify harmful pathogens. harmful pathogens such as bacteria. immune system interplay cells. immune system dysregulated chronic inflammation. harmful pathogens such as viruses. immune system evolved combat. immune system is a specific. immune system is a sophisticated. immune system mechanisms disease. immune system minimizing damage. harmful pathogens such as fungi. immune system interplay molecules. chronic inflammation contribute cancer. immune system restore health. immune system is a targeted. immune system encounters harmful pathogens. harmful pathogens such as bacteria. immune system rapid re-exposure. immune system remember past infections. chronic inflammation contribute diabetes. chronic inflammation contribute heart disease. immune system interplay tissues. harmful pathogens invade human body. immune system fight infection. harmful pathogens such as parasites. immune system tightly regulated balanced. immune system is a network. memory cells recognize harmful pathogens. lymphocytes mounting targeted. lymphocytes differentiate memory cells. memory cells preventing development. immune system interplay cells. immune system dysregulated chronic inflammation. immune system evolved combat. immune system mechanisms disease. immune system is a specific. immune system is a sophisticated. immune system minimizing damage. immune system interplay molecules. immune system restore health. immune system is a targeted. immune system encounters harmful pathogens. immune system rapid re-exposure. immune system remember past infections. immune system interplay tissues. cytokines coordinate immune system. immune system fight infection. cytokines regulate activity. immune system tightly regulated balanced. immune system is a network. natural killer cells directly attack infection. immunological memory is the basis for vaccination. harmful pathogens such as fungi. harmful pathogens such as viruses. harmful pathogens such as parasites. harmful pathogens invade human body. harmful pathogens such as bacteria. b cells produce antibodies harmful pathogens.",
    "evaluation": 1
  },
  {
    "correct_answer": "Neutrophils are the first responders to infections.",
    "retrieved_context": "harmful pathogens such as fungi. neutrophils engulf harmful pathogens. harmful pathogens such as viruses. harmful pathogens such as parasites. neutrophils through phagocytosis. harmful pathogens invade human body. harmful pathogens such as bacteria. harmful pathogens such as fungi. human body is a intricate. human body is a complex. harmful pathogens such as viruses. harmful pathogens such as parasites. harmful pathogens invade human body. harmful pathogens such as bacteria. chronic inflammation contribute diabetes. chronic inflammation contribute cancer. chronic inflammation contribute heart disease. immune system interplay cells. immune system dysregulated chronic inflammation. harmful pathogens such as viruses. immune system evolved combat. immune system is a specific. immune system is a sophisticated. immune system mechanisms disease. immune system minimizing damage. harmful pathogens such as fungi. immune system interplay molecules. chronic inflammation contribute cancer. immune system restore health. immune system is a targeted. immune system encounters harmful pathogens. harmful pathogens such as bacteria. immune system rapid re-exposure. immune system remember past infections. chronic inflammation contribute diabetes. chronic inflammation contribute heart disease. immune system interplay tissues. harmful pathogens invade human body. immune system fight infection. harmful pathogens such as parasites. immune system tightly regulated balanced. immune system is a network. immune system interplay cells. immune system dysregulated chronic inflammation. immune system evolved combat. immune system mechanisms disease. immune system is a specific. immune system is a sophisticated. immune system minimizing damage. immune system interplay molecules. immune system restore health. immune system is a targeted. immune system encounters harmful pathogens. immune system rapid re-exposure. immune system remember past infections. immune system interplay tissues. cytokines coordinate immune system. immune system fight infection. cytokines regulate activity. immune system tightly regulated balanced. immune system is a network.",
    "evaluation": 0
  },
  {
    "correct_answer": "Macrophages patrol the body and alert other immune cells.",
    "retrieved_context": "macrophages alerting presence. macrophages patrol human body. human body is a intricate. human body is a complex. immune system interplay cells. immune system dysregulated chronic inflammation. immune system evolved combat. immune system mechanisms disease. immune system is a specific. immune system is a sophisticated. immune system minimizing damage. immune system interplay molecules. immune system restore health. immune system is a targeted. immune system encounters harmful pathogens. immune system rapid re-exposure. immune system remember past infections. immune system interplay tissues. cytokines coordinate immune system. immune system fight infection. cytokines regulate activity. immune system tightly regulated balanced. immune system is a network. immune system interplay cells. immune system dysregulated chronic inflammation. harmful pathogens such as viruses. immune system evolved combat. immune system is a specific. immune system is a sophisticated. immune system mechanisms disease. immune system minimizing damage. harmful pathogens such as fungi. immune system interplay molecules. chronic inflammation contribute cancer. immune system restore health. immune system is a targeted. immune system encounters harmful pathogens. harmful pathogens such as bacteria. immune system rapid re-exposure. immune system remember past infections. chronic inflammation contribute diabetes. chronic inflammation contribute heart disease. immune system interplay tissues. harmful pathogens invade human body. immune system fight infection. harmful pathogens such as parasites. immune system tightly regulated balanced. immune system is a network. natural killer cells directly attack infection. chronic inflammation contribute diabetes. chronic inflammation contribute cancer. chronic inflammation contribute heart disease. dendritic cells capturing presenting antigens.",
    "evaluation": 1
  },
  {
    "correct_answer": "Lymphocytes mount a targeted immune response.",
    "retrieved_context": "memory cells recognize harmful pathogens. lymphocytes mounting targeted. lymphocytes differentiate memory cells. memory cells preventing development. immune system interplay cells. immune system dysregulated chronic inflammation. harmful pathogens such as viruses. immune system evolved combat. immune system is a specific. immune system is a sophisticated. immune system mechanisms disease. immune system minimizing damage. harmful pathogens such as fungi. immune system interplay molecules. chronic inflammation contribute cancer. immune system restore health. immune system is a targeted. immune system encounters harmful pathogens. harmful pathogens such as bacteria. immune system rapid re-exposure. immune system remember past infections. chronic inflammation contribute diabetes. chronic inflammation contribute heart disease. immune system interplay tissues. harmful pathogens invade human body. immune system fight infection. harmful pathogens such as parasites. immune system tightly regulated balanced. immune system is a network. immune system interplay cells. immune system dysregulated chronic inflammation. immune system evolved combat. immune system mechanisms disease. immune system is a specific. immune system is a sophisticated. immune system minimizing damage. immune system interplay molecules. immune system restore health. immune system is a targeted. immune system encounters harmful pathogens. immune system rapid re-exposure. immune system remember past infections. immune system interplay tissues. cytokines coordinate immune system. immune system fight infection. cytokines regulate activity. immune system tightly regulated balanced. immune system is a network. immunological memory is the basis for vaccination. natural killer cells directly attack infection. dendritic cells capturing presenting antigens.",
    "evaluation": 1
  },
  {
    "correct_answer": "Dendritic cells present antigens to T cells for a specific immune response.",
    "retrieved_context": "dendritic cells capturing presenting antigens. t cells directly attack infection. immune system interplay cells. immune system dysregulated chronic inflammation. harmful pathogens such as viruses. immune system evolved combat. immune system is a specific. immune system is a sophisticated. immune system mechanisms disease. immune system minimizing damage. harmful pathogens such as fungi. immune system interplay molecules. chronic inflammation contribute cancer. immune system restore health. immune system is a targeted. immune system encounters harmful pathogens. harmful pathogens such as bacteria. immune system rapid re-exposure. immune system remember past infections. chronic inflammation contribute diabetes. chronic inflammation contribute heart disease. immune system interplay tissues. harmful pathogens invade human body. immune system fight infection. harmful pathogens such as parasites. immune system tightly regulated balanced. immune system is a network. immunological memory is the basis for vaccination. memory cells recognize harmful pathogens. lymphocytes mounting targeted. lymphocytes differentiate memory cells. memory cells preventing development. natural killer cells directly attack infection.",
    "evaluation": 0
  },
  {
    "correct_answer": "Natural killer cells can directly kill infected cells.",
    "retrieved_context": "natural killer cells directly attack infection. immune system interplay cells. immune system dysregulated chronic inflammation. harmful pathogens such as viruses. immune system evolved combat. immune system is a specific. immune system is a sophisticated. immune system mechanisms disease. immune system minimizing damage. harmful pathogens such as fungi. immune system interplay molecules. chronic inflammation contribute cancer. immune system restore health. immune system is a targeted. immune system encounters harmful pathogens. harmful pathogens such as bacteria. immune system rapid re-exposure. immune system remember past infections. chronic inflammation contribute diabetes. chronic inflammation contribute heart disease. immune system interplay tissues. harmful pathogens invade human body. immune system fight infection. harmful pathogens such as parasites. immune system tightly regulated balanced. immune system is a network. dendritic cells capturing presenting antigens. memory cells recognize harmful pathogens. lymphocytes mounting targeted. lymphocytes differentiate memory cells. memory cells preventing development. t cells directly attack infection. harmful pathogens such as fungi. human body is a intricate. human body is a complex. harmful pathogens such as viruses. harmful pathogens such as parasites. harmful pathogens invade human body. harmful pathogens such as bacteria.",
    "evaluation": 1
  },
  {
    "correct_answer": "Complement proteins enhance the ability of antibodies to destroy pathogens.",
    "retrieved_context": "immune system interplay molecules. immune system is a network. immune system restore health. immune system fight infection. immune system interplay cells. immune system is a targeted. immune system dysregulated chronic inflammation. complement proteins enhance immune system. immune system evolved combat. immune system remember past infections. immune system encounters harmful pathogens. immune system interplay tissues. immune system mechanisms disease. immune system tightly regulated balanced. immune system is a specific. immune system is a sophisticated. immune system minimizing damage. immune system rapid re-exposure. immune system interplay cells. immune system dysregulated chronic inflammation. harmful pathogens such as viruses. immune system evolved combat. immune system is a specific. immune system is a sophisticated. immune system mechanisms disease. immune system minimizing damage. harmful pathogens such as fungi. immune system interplay molecules. chronic inflammation contribute cancer. immune system restore health. immune system is a targeted. immune system encounters harmful pathogens. harmful pathogens such as bacteria. immune system rapid re-exposure. immune system remember past infections. chronic inflammation contribute diabetes. chronic inflammation contribute heart disease. immune system interplay tissues. harmful pathogens invade human body. immune system fight infection. harmful pathogens such as parasites. immune system tightly regulated balanced. immune system is a network. harmful pathogens such as fungi. human body is a intricate. human body is a complex. harmful pathogens such as viruses. harmful pathogens such as parasites. harmful pathogens invade human body. harmful pathogens such as bacteria. autoimmune diseases mistakenly attacks tissue damage. autoimmune diseases mistakenly attacks dysfunction. autoimmune diseases include multiple sclerosis. autoimmune diseases include lupus. autoimmune diseases include rheumatoid arthritis. immune system interplay cells. immune system dysregulated chronic inflammation. immune system evolved combat. immune system mechanisms disease. immune system is a specific. immune system is a sophisticated. immune system minimizing damage. immune system interplay molecules. immune system restore health. immune system is a targeted. immune system encounters harmful pathogens. immune system rapid re-exposure. immune system remember past infections. immune system interplay tissues. cytokines coordinate immune system. immune system fight infection. cytokines regulate activity. immune system tightly regulated balanced. immune system is a network. natural killer cells directly attack infection.",
    "evaluation": 0
  },
  {
    "correct_answer": "Cytokines coordinate the immune response and regulate immune cell activity.",
    "retrieved_context": "immune system interplay cells. immune system dysregulated chronic inflammation. immune system evolved combat. immune system mechanisms disease. immune system is a specific. immune system is a sophisticated. immune system minimizing damage. immune system interplay molecules. immune system restore health. immune system is a targeted. immune system encounters harmful pathogens. immune system rapid re-exposure. immune system remember past infections. immune system interplay tissues. cytokines coordinate immune system. immune system fight infection. cytokines regulate activity. immune system tightly regulated balanced. immune system is a network. immune system interplay cells. immune system dysregulated chronic inflammation. harmful pathogens such as viruses. immune system evolved combat. immune system is a specific. immune system is a sophisticated. immune system mechanisms disease. immune system minimizing damage. harmful pathogens such as fungi. immune system interplay molecules. chronic inflammation contribute cancer. immune system restore health. immune system is a targeted. immune system encounters harmful pathogens. harmful pathogens such as bacteria. immune system rapid re-exposure. immune system remember past infections. chronic inflammation contribute diabetes. chronic inflammation contribute heart disease. immune system interplay tissues. harmful pathogens invade human body. immune system fight infection. harmful pathogens such as parasites. immune system tightly regulated balanced. immune system is a network. chronic inflammation contribute diabetes. chronic inflammation contribute cancer. chronic inflammation contribute heart disease. memory cells recognize harmful pathogens. lymphocytes mounting targeted. lymphocytes differentiate memory cells. memory cells preventing development. dendritic cells capturing presenting antigens. macrophages alerting presence. macrophages patrol human body. human body is a intricate. human body is a complex.",
    "evaluation": 0
  },
  {
    "accuracy": "73.33%"
  }
]