[
  {
    "correct_answer": "Consumer behavior is a study area within psychology.",
    "retrieved_context": "consumer behavior is driven by intrinsic motivation. consumer behavior is study. consumer behavior is driven by extrinsic motivation. intrinsic motivation refers to internal factors. consumer behavior is fascinating. study within psychology. extrinsic motivation is influenced by external factors. consumer behavior is complex. understanding of motivational. understanding of perceptual. psychology involves understanding. understanding of decision-making processes. understanding of attitudinal. marketing strategies include advertisements. consumer behavior is driven by intrinsic motivation. marketing strategies include product placements. consumer behavior is study. marketing strategies include endorsements. marketing strategies influence consumer behavior. consumer behavior is driven by extrinsic motivation. consumer behavior is fascinating. consumer behavior is complex. impulse purchases driven by situational factors. impulse purchases driven by emotional triggers.",
    "evaluation": 1
  },
  {
    "correct_answer": "Understanding consumer purchasing decisions is crucial for businesses.",
    "retrieved_context": "businesses market products. businesses tailor marketing strategies. businesses create compelling. businesses market services. purchasing decisions are crucial for businesses. businesses understand target audience. businesses harness psychological factors. businesses create engaging. consumer behavior is driven by intrinsic motivation. consumer behavior is study. consumer behavior is driven by extrinsic motivation. intrinsic motivation refers to internal factors. consumer behavior is fascinating. study within psychology. extrinsic motivation is influenced by external factors. consumer behavior is complex. impulse purchases driven by situational factors. impulse purchases driven by emotional triggers.",
    "evaluation": 1
  },
  {
    "correct_answer": "Motivation influences consumer behavior.",
    "retrieved_context": "consumer behavior is driven by intrinsic motivation. consumer behavior is study. consumer behavior is driven by extrinsic motivation. intrinsic motivation refers to internal factors. consumer behavior is fascinating. study within psychology. extrinsic motivation is influenced by external factors. consumer behavior is complex. consumer behavior is driven by intrinsic motivation. consumer behavior is study. motivation influences consumer behavior. consumer behavior is driven by extrinsic motivation. consumer behavior is fascinating. consumer behavior is complex. internal factors include values. intrinsic motivation refers to internal factors. internal factors include personal preferences. internal factors include emotions. external factors include social norms. extrinsic motivation is influenced by external factors. external factors include peer pressure. external factors include marketing messages.",
    "evaluation": 1
  },
  {
    "correct_answer": "Consumers are driven by intrinsic and extrinsic motivations.",
    "retrieved_context": "internal factors include values. intrinsic motivation refers to internal factors. internal factors include personal preferences. internal factors include emotions. external factors include social norms. extrinsic motivation is influenced by external factors. external factors include peer pressure. external factors include marketing messages. consumer behavior is driven by intrinsic motivation. consumer behavior is study. consumer behavior is driven by extrinsic motivation. intrinsic motivation refers to internal factors. consumer behavior is fascinating. study within psychology. extrinsic motivation is influenced by external factors. consumer behavior is complex. consumer behavior is driven by intrinsic motivation. consumer behavior is study. motivation influences consumer behavior. consumer behavior is driven by extrinsic motivation. consumer behavior is fascinating. consumer behavior is complex. marketing strategies include advertisements. consumer behavior is driven by intrinsic motivation. marketing strategies include product placements. consumer behavior is study. marketing strategies include endorsements. marketing strategies influence consumer behavior. consumer behavior is driven by extrinsic motivation. consumer behavior is fascinating. consumer behavior is complex.",
    "evaluation": 1
  },
  {
    "correct_answer": "Intrinsic motivation includes personal preferences and values.",
    "retrieved_context": "internal factors include values. intrinsic motivation refers to internal factors. internal factors include personal preferences. internal factors include emotions. consumer behavior is driven by intrinsic motivation. consumer behavior is study. motivation influences consumer behavior. consumer behavior is driven by extrinsic motivation. consumer behavior is fascinating. consumer behavior is complex. external factors include social norms. extrinsic motivation is influenced by external factors. external factors include peer pressure. external factors include marketing messages. positive attitudes result in purchase intentions. attitudes developed from social influences. attitudes are based on feelings. attitudes influence consumer behavior. consumer behavior is driven by intrinsic motivation. consumer behavior is study. attitudes developed from past experiences. attitudes are based on beliefs. attitudes developed from cognitive. consumer behavior is driven by extrinsic motivation. consumer behavior is fascinating. attitudes are based on behaviors. consumer behavior is complex.",
    "evaluation": 1
  },
  {
    "correct_answer": "Extrinsic motivation is influenced by external factors like social norms.",
    "retrieved_context": "external factors include social norms. extrinsic motivation is influenced by external factors. external factors include peer pressure. external factors include marketing messages. internal factors include values. intrinsic motivation refers to internal factors. internal factors include personal preferences. internal factors include emotions. consumer behavior is driven by intrinsic motivation. consumer behavior is study. motivation influences consumer behavior. consumer behavior is driven by extrinsic motivation. consumer behavior is fascinating. consumer behavior is complex. consumer behavior is driven by intrinsic motivation. psychological factors influence consumer behavior. consumer behavior is study. consumer behavior is driven by extrinsic motivation. consumer behavior is fascinating. consumer behavior is complex. external factors include social norms. external factors include peer pressure. external factors include marketing messages.",
    "evaluation": 1
  },
  {
    "correct_answer": "Perception shapes consumer behavior.",
    "retrieved_context": "consumer behavior is driven by intrinsic motivation. consumer behavior is study. consumer behavior is driven by extrinsic motivation. intrinsic motivation refers to internal factors. consumer behavior is fascinating. study within psychology. extrinsic motivation is influenced by external factors. consumer behavior is complex. perception influenced by past experiences. consumer behavior is driven by intrinsic motivation. perception shapes consumer behavior. consumer behavior is study. perception influenced by brand image. consumer behavior is driven by extrinsic motivation. consumer behavior is fascinating. perception influenced by packaging. perception influenced by marketing messages. consumer behavior is complex. attitudes developed from social influences. attitudes are based on feelings. attitudes influence consumer behavior. consumer behavior is driven by intrinsic motivation. consumer behavior is study. attitudes developed from past experiences. attitudes are based on beliefs. attitudes developed from cognitive. consumer behavior is driven by extrinsic motivation. consumer behavior is fascinating. attitudes are based on behaviors. consumer behavior is complex.",
    "evaluation": 1
  },
  {
    "correct_answer": "Consumer perception is influenced by marketing messages.",
    "retrieved_context": "consumer behavior is driven by intrinsic motivation. consumer behavior is study. consumer behavior is driven by extrinsic motivation. intrinsic motivation refers to internal factors. consumer behavior is fascinating. study within psychology. extrinsic motivation is influenced by external factors. consumer behavior is complex. marketing strategies include advertisements. consumer behavior is driven by intrinsic motivation. marketing strategies include product placements. consumer behavior is study. marketing strategies include endorsements. marketing strategies influence consumer behavior. consumer behavior is driven by extrinsic motivation. consumer behavior is fascinating. consumer behavior is complex. perception influenced by past experiences. consumer behavior is driven by intrinsic motivation. perception shapes consumer behavior. consumer behavior is study. perception influenced by brand image. consumer behavior is driven by extrinsic motivation. consumer behavior is fascinating. perception influenced by packaging. perception influenced by marketing messages. consumer behavior is complex.",
    "evaluation": 1
  },
  {
    "correct_answer": "Attitudes impact consumer behavior.",
    "retrieved_context": "consumer behavior is driven by intrinsic motivation. consumer behavior is study. consumer behavior is driven by extrinsic motivation. intrinsic motivation refers to internal factors. consumer behavior is fascinating. study within psychology. extrinsic motivation is influenced by external factors. consumer behavior is complex. attitudes developed from social influences. attitudes are based on feelings. attitudes influence consumer behavior. consumer behavior is driven by intrinsic motivation. consumer behavior is study. attitudes developed from past experiences. attitudes are based on beliefs. attitudes developed from cognitive. consumer behavior is driven by extrinsic motivation. consumer behavior is fascinating. attitudes are based on behaviors. consumer behavior is complex. positive attitudes result in purchase intentions. purchasing decisions are crucial for businesses. negative attitudes deter purchasing decisions. marketing strategies include advertisements. consumer behavior is driven by intrinsic motivation. marketing strategies include product placements. consumer behavior is study. marketing strategies include endorsements. marketing strategies influence consumer behavior. consumer behavior is driven by extrinsic motivation. consumer behavior is fascinating. consumer behavior is complex.",
    "evaluation": 1
  },
  {
    "correct_answer": "Attitudes are a combination of beliefs, feelings, and behaviors.",
    "retrieved_context": "attitudes developed from social influences. attitudes are based on feelings. attitudes influence consumer behavior. consumer behavior is driven by intrinsic motivation. consumer behavior is study. attitudes developed from past experiences. attitudes are based on beliefs. attitudes developed from cognitive. consumer behavior is driven by extrinsic motivation. consumer behavior is fascinating. attitudes are based on behaviors. consumer behavior is complex. positive attitudes result in purchase intentions. purchasing decisions are crucial for businesses. negative attitudes deter purchasing decisions. consumer behavior is driven by intrinsic motivation. psychological factors influence consumer behavior. consumer behavior is study. consumer behavior is driven by extrinsic motivation. consumer behavior is fascinating. consumer behavior is complex. perception influenced by past experiences. consumer behavior is driven by intrinsic motivation. perception shapes consumer behavior. consumer behavior is study. perception influenced by brand image. consumer behavior is driven by extrinsic motivation. consumer behavior is fascinating. perception influenced by packaging. perception influenced by marketing messages. consumer behavior is complex.",
    "evaluation": 1
  },
  {
    "correct_answer": "Decision-making processes involve cognitive, emotional, and behavioral factors.",
    "retrieved_context": "decision-making processes are complex. stages include information search. decision-making processes involve behavioral factors. decision-making processes involve cognitive. decision-making processes involve emotional. stages include post-purchase evaluation. decision-making processes include stages. stages include evaluation of alternatives. stages include purchase decision. stages include problem recognition. consumer behavior is driven by intrinsic motivation. psychological factors influence consumer behavior. consumer behavior is study. consumer behavior is driven by extrinsic motivation. consumer behavior is fascinating. consumer behavior is complex. understanding of motivational. understanding of perceptual. psychology involves understanding. understanding of decision-making processes. understanding of attitudinal.",
    "evaluation": 1
  },
  {
    "correct_answer": "Consumers go through stages like problem recognition and information search.",
    "retrieved_context": "consumer behavior is driven by intrinsic motivation. consumer behavior is study. consumer behavior is driven by extrinsic motivation. intrinsic motivation refers to internal factors. consumer behavior is fascinating. study within psychology. extrinsic motivation is influenced by external factors. consumer behavior is complex. marketing strategies include advertisements. consumer behavior is driven by intrinsic motivation. marketing strategies include product placements. consumer behavior is study. marketing strategies include endorsements. marketing strategies influence consumer behavior. consumer behavior is driven by extrinsic motivation. consumer behavior is fascinating. consumer behavior is complex. information search includes comparison shopping. decision-making processes are complex. stages include information search. decision-making processes involve behavioral factors. decision-making processes involve cognitive. decision-making processes involve emotional. stages include post-purchase evaluation. decision-making processes include stages. stages include evaluation of alternatives. stages include purchase decision. stages include problem recognition.",
    "evaluation": 1
  },
  {
    "correct_answer": "Cultural factors influence consumer preferences and decision-making.",
    "retrieved_context": "consumer behavior is driven by intrinsic motivation. consumer behavior is study. cultural factors influence consumer behavior. consumer behavior is driven by extrinsic motivation. consumer behavior is fascinating. consumer behavior is complex. consumer behavior is driven by intrinsic motivation. consumer behavior is study. consumer behavior is driven by extrinsic motivation. intrinsic motivation refers to internal factors. consumer behavior is fascinating. study within psychology. extrinsic motivation is influenced by external factors. consumer behavior is complex. cultural differences impact decision-making processes. decision-making processes are complex. cultural differences impact buying habits. decision-making processes involve behavioral factors. decision-making processes involve cognitive. decision-making processes involve emotional. decision-making processes include stages. cultural differences impact preferences. consumer behavior is driven by intrinsic motivation. psychological factors influence consumer behavior. consumer behavior is study. consumer behavior is driven by extrinsic motivation. consumer behavior is fascinating. consumer behavior is complex.",
    "evaluation": 1
  },
  {
    "correct_answer": "Culture includes values, beliefs, customs, and norms.",
    "retrieved_context": "culture includes values. culture includes beliefs. culture includes norms. culture includes customs. consumer behavior is driven by intrinsic motivation. consumer behavior is study. cultural factors influence consumer behavior. consumer behavior is driven by extrinsic motivation. consumer behavior is fascinating. consumer behavior is complex. individualistic cultures focus on personal preferences. individualistic cultures focus on self-expression. cultural differences impact decision-making processes. decision-making processes are complex. cultural differences impact buying habits. decision-making processes involve behavioral factors. decision-making processes involve cognitive. decision-making processes involve emotional. decision-making processes include stages. cultural differences impact preferences. collectivist cultures prioritize social relationships. collectivist cultures prioritize group harmony. attitudes developed from social influences. attitudes are based on feelings. attitudes influence consumer behavior. consumer behavior is driven by intrinsic motivation. consumer behavior is study. attitudes developed from past experiences. attitudes are based on beliefs. attitudes developed from cognitive. consumer behavior is driven by extrinsic motivation. consumer behavior is fascinating. attitudes are based on behaviors. consumer behavior is complex.",
    "evaluation": 1
  },
  {
    "correct_answer": "Businesses can tailor marketing strategies based on psychological factors.",
    "retrieved_context": "marketing strategies include advertisements. consumer behavior is driven by intrinsic motivation. marketing strategies include product placements. consumer behavior is study. marketing strategies include endorsements. marketing strategies influence consumer behavior. consumer behavior is driven by extrinsic motivation. consumer behavior is fascinating. consumer behavior is complex. consumer behavior is driven by intrinsic motivation. psychological factors influence consumer behavior. consumer behavior is study. consumer behavior is driven by extrinsic motivation. consumer behavior is fascinating. consumer behavior is complex. consumer behavior is driven by intrinsic motivation. consumer behavior is study. consumer behavior is driven by extrinsic motivation. intrinsic motivation refers to internal factors. consumer behavior is fascinating. study within psychology. extrinsic motivation is influenced by external factors. consumer behavior is complex.",
    "evaluation": 1
  },
  {
    "accuracy": "100.00%"
  }
]