[
  {
    "correct_answer": "AI revolutionized the way we live and work.",
    "retrieved_context": "ai research enhance workplace. ai research embracing responsibly. ai research enhance problem-solving. ai research transformed job market. ai research embracing proactively. ai research assist lawyers. ai research harness sustainable employment. demand for expertise. ai research reduce risk. concerns are about economic. ai research improve safety. ai research create demand. skills are in job market. ai research lead to benefits. ai research lead to concerns. concerns are about social. ai research assist engineers. ai research is complex and multifaceted impact. ai research replace workers. ai research create opportunities. ai research lead to outcomes. ai research enhance productivity. ai research leading to job displacement. ai research reduce injury. ai research harness growth. ai research enhance creativity. ai research has impact on employment. demand for skills. ai research leading to unemployment. ai research create job opportunities. ai research augment capabilities. ai research enhance efficiency. ai research complement skills. ai research assist doctors. artificial intelligence has impact on employment. artificial intelligence has revolutionized industries. sectors include customer service. automation is affecting employment. sectors include manufacturing. sectors include logistics. automation is in sectors. automation replace workers. tasks are strategic. tasks were exclusive to human workers. machines perform tasks. tasks are creative. tasks are strategic. tasks were exclusive to human workers. tasks are creative. robots perform tasks. creation of industries. technological advancements result in creation. creation of job opportunities.",
    "evaluation": 1
  },
  {
    "correct_answer": "AI brings significant changes in various industries.",
    "retrieved_context": "ai research enhance workplace. ai research embracing responsibly. ai research enhance problem-solving. ai research transformed job market. ai research embracing proactively. ai research assist lawyers. ai research harness sustainable employment. demand for expertise. ai research reduce risk. concerns are about economic. ai research improve safety. ai research create demand. skills are in job market. ai research lead to benefits. ai research lead to concerns. concerns are about social. ai research assist engineers. ai research is complex and multifaceted impact. ai research replace workers. ai research create opportunities. ai research lead to outcomes. ai research enhance productivity. ai research leading to job displacement. ai research reduce injury. ai research harness growth. ai research enhance creativity. ai research has impact on employment. demand for skills. ai research leading to unemployment. ai research create job opportunities. ai research augment capabilities. ai research enhance efficiency. ai research complement skills. ai research assist doctors. creation of industries. technological advancements result in creation. creation of job opportunities. artificial intelligence has impact on employment. artificial intelligence has revolutionized industries. sectors include customer service. automation is affecting employment. sectors include manufacturing. sectors include logistics. automation is in sectors. automation replace workers.",
    "evaluation": 1
  },
  {
    "correct_answer": "There is a concern about AI's impact on employment.",
    "retrieved_context": "ai research enhance workplace. ai research embracing responsibly. ai research enhance problem-solving. ai research transformed job market. ai research embracing proactively. ai research assist lawyers. ai research harness sustainable employment. demand for expertise. ai research reduce risk. concerns are about economic. ai research improve safety. ai research create demand. skills are in job market. ai research lead to benefits. ai research lead to concerns. concerns are about social. ai research assist engineers. ai research is complex and multifaceted impact. ai research replace workers. ai research create opportunities. ai research lead to outcomes. ai research enhance productivity. ai research leading to job displacement. ai research reduce injury. ai research harness growth. ai research enhance creativity. ai research has impact on employment. demand for skills. ai research leading to unemployment. ai research create job opportunities. ai research augment capabilities. ai research enhance efficiency. ai research complement skills. ai research assist doctors. ai research enhance workplace. ai research embracing responsibly. ai research enhance problem-solving. ai research transformed job market. ai research embracing proactively. ai research assist lawyers. ai research reduce risk. low-skilled workers are displaced by ai research. ai research improve safety. ai research create demand. ai research lead to benefits. ai research lead to concerns. ai research assist engineers. ai research is complex and multifaceted impact. ai research replace workers. ai research create opportunities. ai research complement skills. ai research lead to outcomes. ai research enhance productivity. ai research leading to job displacement. ai research reduce injury. ai research harness growth. ai research enhance creativity. ai research has impact on employment. ai research leading to unemployment. ai research create job opportunities. ai research augment capabilities. ai research enhance efficiency. ai research harness sustainable employment. ai research assist doctors.",
    "evaluation": 1
  },
  {
    "correct_answer": "AI technologies advance rapidly.",
    "retrieved_context": "ai research enhance workplace. ai research embracing responsibly. ai research enhance problem-solving. ai research transformed job market. ai research embracing proactively. ai research assist lawyers. ai research harness sustainable employment. demand for expertise. ai research reduce risk. concerns are about economic. ai research improve safety. ai research create demand. skills are in job market. ai research lead to benefits. ai research lead to concerns. concerns are about social. ai research assist engineers. ai research is complex and multifaceted impact. ai research replace workers. ai research create opportunities. ai research lead to outcomes. ai research enhance productivity. ai research leading to job displacement. ai research reduce injury. ai research harness growth. ai research enhance creativity. ai research has impact on employment. demand for skills. ai research leading to unemployment. ai research create job opportunities. ai research augment capabilities. ai research enhance efficiency. ai research complement skills. ai research assist doctors. creation of industries. technological advancements result in creation. creation of job opportunities. artificial intelligence has impact on employment. artificial intelligence has revolutionized industries. sectors include customer service. automation is affecting employment. sectors include manufacturing. sectors include logistics. automation is in sectors. automation replace workers. tasks are strategic. tasks were exclusive to human workers. tasks are creative. robots perform tasks. tasks are strategic. tasks were exclusive to human workers. machines perform tasks. tasks are creative.",
    "evaluation": 0
  },
  {
    "correct_answer": "There is fear of automation replacing human workers.",
    "retrieved_context": "sectors include customer service. automation is affecting employment. sectors include manufacturing. sectors include logistics. automation is in sectors. automation replace workers. ai research enhance workplace. ai research embracing responsibly. ai research enhance problem-solving. ai research transformed job market. ai research embracing proactively. ai research assist lawyers. ai research reduce risk. low-skilled workers are displaced by ai research. ai research improve safety. ai research create demand. ai research lead to benefits. ai research lead to concerns. ai research assist engineers. ai research is complex and multifaceted impact. ai research replace workers. ai research create opportunities. ai research complement skills. ai research lead to outcomes. ai research enhance productivity. ai research leading to job displacement. ai research reduce injury. ai research harness growth. ai research enhance creativity. ai research has impact on employment. ai research leading to unemployment. ai research create job opportunities. ai research augment capabilities. ai research enhance efficiency. ai research harness sustainable employment. ai research assist doctors. tasks are strategic. tasks were exclusive to human workers. tasks are creative. robots perform tasks.",
    "evaluation": 1
  },
  {
    "correct_answer": "AI automates repetitive and routine jobs.",
    "retrieved_context": "sectors include customer service. automation is affecting employment. sectors include manufacturing. sectors include logistics. automation is in sectors. automation replace workers. ai research enhance workplace. ai research embracing responsibly. ai research enhance problem-solving. ai research transformed job market. ai research embracing proactively. ai research assist lawyers. ai research harness sustainable employment. demand for expertise. ai research reduce risk. concerns are about economic. ai research improve safety. ai research create demand. skills are in job market. ai research lead to benefits. ai research lead to concerns. concerns are about social. ai research assist engineers. ai research is complex and multifaceted impact. ai research replace workers. ai research create opportunities. ai research lead to outcomes. ai research enhance productivity. ai research leading to job displacement. ai research reduce injury. ai research harness growth. ai research enhance creativity. ai research has impact on employment. demand for skills. ai research leading to unemployment. ai research create job opportunities. ai research augment capabilities. ai research enhance efficiency. ai research complement skills. ai research assist doctors. artificial intelligence has impact on employment. artificial intelligence has revolutionized industries. tasks are strategic. tasks were exclusive to human workers. tasks are creative. robots perform tasks. virtual assistants replace customer service representatives. tasks are strategic. tasks were exclusive to human workers. machines perform tasks. tasks are creative.",
    "evaluation": 0
  },
  {
    "correct_answer": "Low-skilled workers are at risk of displacement by AI.",
    "retrieved_context": "ai research enhance workplace. ai research embracing responsibly. ai research enhance problem-solving. ai research transformed job market. ai research embracing proactively. ai research assist lawyers. ai research reduce risk. low-skilled workers are displaced by ai research. ai research improve safety. ai research create demand. ai research lead to benefits. ai research lead to concerns. ai research assist engineers. ai research is complex and multifaceted impact. ai research replace workers. ai research create opportunities. ai research complement skills. ai research lead to outcomes. ai research enhance productivity. ai research leading to job displacement. ai research reduce injury. ai research harness growth. ai research enhance creativity. ai research has impact on employment. ai research leading to unemployment. ai research create job opportunities. ai research augment capabilities. ai research enhance efficiency. ai research harness sustainable employment. ai research assist doctors. ai research enhance workplace. ai research embracing responsibly. ai research enhance problem-solving. ai research transformed job market. ai research embracing proactively. ai research assist lawyers. ai research harness sustainable employment. demand for expertise. ai research reduce risk. concerns are about economic. ai research improve safety. ai research create demand. skills are in job market. ai research lead to benefits. ai research lead to concerns. concerns are about social. ai research assist engineers. ai research is complex and multifaceted impact. ai research replace workers. ai research create opportunities. ai research lead to outcomes. ai research enhance productivity. ai research leading to job displacement. ai research reduce injury. ai research harness growth. ai research enhance creativity. ai research has impact on employment. demand for skills. ai research leading to unemployment. ai research create job opportunities. ai research augment capabilities. ai research enhance efficiency. ai research complement skills. ai research assist doctors. artificial intelligence has impact on employment. artificial intelligence has revolutionized industries.",
    "evaluation": 1
  },
  {
    "correct_answer": "Automation has historical precedence.",
    "retrieved_context": "sectors include customer service. automation is affecting employment. sectors include manufacturing. sectors include logistics. automation is in sectors. automation replace workers. tasks are strategic. tasks were exclusive to human workers. machines perform tasks. tasks are creative. tasks are strategic. tasks were exclusive to human workers. tasks are creative. robots perform tasks. artificial intelligence has impact on employment. artificial intelligence has revolutionized industries. creation of industries. technological advancements result in creation. creation of job opportunities.",
    "evaluation": 0
  },
  {
    "correct_answer": "AI can create new jobs in emerging fields.",
    "retrieved_context": "ai research enhance workplace. ai research embracing responsibly. ai research enhance problem-solving. ai research transformed job market. ai research embracing proactively. ai research assist lawyers. ai research harness sustainable employment. demand for expertise. ai research reduce risk. concerns are about economic. ai research improve safety. ai research create demand. skills are in job market. ai research lead to benefits. ai research lead to concerns. concerns are about social. ai research assist engineers. ai research is complex and multifaceted impact. ai research replace workers. ai research create opportunities. ai research lead to outcomes. ai research enhance productivity. ai research leading to job displacement. ai research reduce injury. ai research harness growth. ai research enhance creativity. ai research has impact on employment. demand for skills. ai research leading to unemployment. ai research create job opportunities. ai research augment capabilities. ai research enhance efficiency. ai research complement skills. ai research assist doctors. artificial intelligence has impact on employment. artificial intelligence has revolutionized industries. creation of industries. technological advancements result in creation. creation of job opportunities.",
    "evaluation": 1
  },
  {
    "correct_answer": "AI enhances productivity and efficiency in the workplace.",
    "retrieved_context": "ai research enhance workplace. ai research embracing responsibly. ai research enhance problem-solving. ai research transformed job market. ai research embracing proactively. ai research assist lawyers. ai research harness sustainable employment. demand for expertise. ai research reduce risk. concerns are about economic. ai research improve safety. ai research create demand. skills are in job market. ai research lead to benefits. ai research lead to concerns. concerns are about social. ai research assist engineers. ai research is complex and multifaceted impact. ai research replace workers. ai research create opportunities. ai research lead to outcomes. ai research enhance productivity. ai research leading to job displacement. ai research reduce injury. ai research harness growth. ai research enhance creativity. ai research has impact on employment. demand for skills. ai research leading to unemployment. ai research create job opportunities. ai research augment capabilities. ai research enhance efficiency. ai research complement skills. ai research assist doctors. artificial intelligence has impact on employment. artificial intelligence has revolutionized industries. tasks are strategic. tasks were exclusive to human workers. tasks are creative.",
    "evaluation": 1
  },
  {
    "correct_answer": "AI-powered tools can streamline processes.",
    "retrieved_context": "ai research enhance workplace. ai research embracing responsibly. ai research enhance problem-solving. ai research transformed job market. ai research embracing proactively. ai research assist lawyers. ai research harness sustainable employment. demand for expertise. ai research reduce risk. concerns are about economic. ai research improve safety. ai research create demand. skills are in job market. ai research lead to benefits. ai research lead to concerns. concerns are about social. ai research assist engineers. ai research is complex and multifaceted impact. ai research replace workers. ai research create opportunities. ai research lead to outcomes. ai research enhance productivity. ai research leading to job displacement. ai research reduce injury. ai research harness growth. ai research enhance creativity. ai research has impact on employment. demand for skills. ai research leading to unemployment. ai research create job opportunities. ai research augment capabilities. ai research enhance efficiency. ai research complement skills. ai research assist doctors. sectors include customer service. automation is affecting employment. sectors include manufacturing. sectors include logistics. automation is in sectors. automation replace workers. virtual assistants replace customer service representatives. tools provide insights. insights help businesses. tools streamline processes. tools analyze datasets. tasks are strategic. tasks were exclusive to human workers. tasks are creative. robots perform tasks. artificial intelligence has impact on employment. artificial intelligence has revolutionized industries.",
    "evaluation": 1
  },
  {
    "correct_answer": "AI can improve workplace safety.",
    "retrieved_context": "ai research enhance workplace. ai research embracing responsibly. ai research enhance problem-solving. ai research transformed job market. ai research embracing proactively. ai research assist lawyers. ai research harness sustainable employment. demand for expertise. ai research reduce risk. concerns are about economic. ai research improve safety. ai research create demand. skills are in job market. ai research lead to benefits. ai research lead to concerns. concerns are about social. ai research assist engineers. ai research is complex and multifaceted impact. ai research replace workers. ai research create opportunities. ai research lead to outcomes. ai research enhance productivity. ai research leading to job displacement. ai research reduce injury. ai research harness growth. ai research enhance creativity. ai research has impact on employment. demand for skills. ai research leading to unemployment. ai research create job opportunities. ai research augment capabilities. ai research enhance efficiency. ai research complement skills. ai research assist doctors. artificial intelligence has impact on employment. artificial intelligence has revolutionized industries. sectors include customer service. automation is affecting employment. sectors include manufacturing. sectors include logistics. automation is in sectors. automation replace workers. tasks are strategic. tasks were exclusive to human workers. tasks are creative. robots perform tasks.",
    "evaluation": 1
  },
  {
    "correct_answer": "AI augments human capabilities.",
    "retrieved_context": "ai research enhance workplace. ai research embracing responsibly. ai research enhance problem-solving. ai research transformed job market. ai research embracing proactively. ai research assist lawyers. ai research harness sustainable employment. demand for expertise. ai research reduce risk. concerns are about economic. ai research improve safety. ai research create demand. skills are in job market. ai research lead to benefits. ai research lead to concerns. concerns are about social. ai research assist engineers. ai research is complex and multifaceted impact. ai research replace workers. ai research create opportunities. ai research lead to outcomes. ai research enhance productivity. ai research leading to job displacement. ai research reduce injury. ai research harness growth. ai research enhance creativity. ai research has impact on employment. demand for skills. ai research leading to unemployment. ai research create job opportunities. ai research augment capabilities. ai research enhance efficiency. ai research complement skills. ai research assist doctors. artificial intelligence has impact on employment. artificial intelligence has revolutionized industries. tasks are strategic. tasks were exclusive to human workers. tasks are creative. robots perform tasks. skills are in job market.",
    "evaluation": 1
  },
  {
    "correct_answer": "AI technologies complement human skills.",
    "retrieved_context": "ai research enhance workplace. ai research embracing responsibly. ai research enhance problem-solving. ai research transformed job market. ai research embracing proactively. ai research assist lawyers. ai research harness sustainable employment. demand for expertise. ai research reduce risk. concerns are about economic. ai research improve safety. ai research create demand. skills are in job market. ai research lead to benefits. ai research lead to concerns. concerns are about social. ai research assist engineers. ai research is complex and multifaceted impact. ai research replace workers. ai research create opportunities. ai research lead to outcomes. ai research enhance productivity. ai research leading to job displacement. ai research reduce injury. ai research harness growth. ai research enhance creativity. ai research has impact on employment. demand for skills. ai research leading to unemployment. ai research create job opportunities. ai research augment capabilities. ai research enhance efficiency. ai research complement skills. ai research assist doctors. artificial intelligence has impact on employment. artificial intelligence has revolutionized industries. skills are in job market. tasks are strategic. tasks were exclusive to human workers. tasks are creative. robots perform tasks. creation of industries. technological advancements result in creation. creation of job opportunities. sectors include customer service. automation is affecting employment. sectors include manufacturing. sectors include logistics. automation is in sectors. automation replace workers. tasks are strategic. tasks were exclusive to human workers. machines perform tasks. tasks are creative.",
    "evaluation": 1
  },
  {
    "correct_answer": "There are concerns about social and economic implications of automation.",
    "retrieved_context": "sectors include customer service. automation is affecting employment. sectors include manufacturing. sectors include logistics. automation is in sectors. automation replace workers. creation of industries. technological advancements result in creation. creation of job opportunities. ai research enhance workplace. ai research embracing responsibly. ai research enhance problem-solving. ai research transformed job market. ai research embracing proactively. ai research assist lawyers. ai research reduce risk. low-skilled workers are displaced by ai research. ai research improve safety. ai research create demand. ai research lead to benefits. ai research lead to concerns. ai research assist engineers. ai research is complex and multifaceted impact. ai research replace workers. ai research create opportunities. ai research complement skills. ai research lead to outcomes. ai research enhance productivity. ai research leading to job displacement. ai research reduce injury. ai research harness growth. ai research enhance creativity. ai research has impact on employment. ai research leading to unemployment. ai research create job opportunities. ai research augment capabilities. ai research enhance efficiency. ai research harness sustainable employment. ai research assist doctors. concerns are about social. concerns are about economic. implications are about social unrest. automation is affecting employment. implications are about income inequality. automation is in sectors. implications are about automation. automation replace workers. implications are about insecurity. tasks are strategic. tasks were exclusive to human workers. tasks are creative. robots perform tasks.",
    "evaluation": 1
  },
  {
    "accuracy": "80.00%"
  }
]