[
  {
    "correct_answer": "Forensic science is the application of scientific methods and techniques to solve crimes and legal issues.",
    "retrieved_context": "physical evidence includes fingerprints. forensic science use spectroscopy. technology continues to advance. forensic science solve puzzles. forensic science use chromatography. evidence helps in prosecution. forensic science use dna profiling. evidence helps in investigation. forensic science solve legal issues. forensic science uncover truth. forensic science solve crimes. forensic science use scanning electron microscopes. forensic science involves technology. forensic science presentation of findings. forensic science communicate lawyers. forensic science plays a crucial role in criminal justice system. forensic science involves crime scene investigation. physical evidence includes tool marks. forensic science use mass spectrometry. forensic science ensuring guilty. conclusions presented in court. forensic science ensuring justice. forensic science use microscopy. forensic science combines disciplines. forensic science determine substance. forensic science responsible for documenting. forensic science work under pressure. forensic science uncover clues. mass spectrometry identify drugs. technology improved reliability. forensic science preserving integrity. forensic science handled in controlled. forensic science communicate judges. forensic science determine identity. forensic science requires creative. forensic science involves cataloging. forensic science is the application of scientific methods. forensic science requires attention to detail. forensic science testifying as expert witnesses. forensic science become more sophisticated. forensic science interpretation of evidence. physical evidence includes firearms. disciplines include mathematics. forensic science requires analytical. disciplines include chemistry. forensic science requires critical thinking skills. forensic science reconstruct events. disciplines include physics. forensic science involves instrumentation. physical evidence includes dna samples. forensic science draw conclusions. forensic science held accountable. mass spectrometry identify toxins. forensic science involves analysis. forensic science become more effective. forensic science communicate law enforcement agencies. forensic science requires technical expertise. forensic science analyze physical evidence. technology improved accuracy. forensic science determine cause of death. forensic science involves collection. disciplines include biology. forensic science handled in consistent. physical evidence includes fingerprints. physical evidence includes tool marks. physical evidence includes firearms. physical evidence includes dna samples.",
    "evaluation": 1
  },
  {
    "correct_answer": "Forensic science plays a crucial role in the criminal justice system.",
    "retrieved_context": "physical evidence includes fingerprints. forensic science use spectroscopy. technology continues to advance. forensic science solve puzzles. forensic science use chromatography. evidence helps in prosecution. forensic science use dna profiling. evidence helps in investigation. forensic science solve legal issues. forensic science uncover truth. forensic science solve crimes. forensic science use scanning electron microscopes. forensic science involves technology. forensic science presentation of findings. forensic science communicate lawyers. forensic science plays a crucial role in criminal justice system. forensic science involves crime scene investigation. physical evidence includes tool marks. forensic science use mass spectrometry. forensic science ensuring guilty. conclusions presented in court. forensic science ensuring justice. forensic science use microscopy. forensic science combines disciplines. forensic science determine substance. forensic science responsible for documenting. forensic science work under pressure. forensic science uncover clues. mass spectrometry identify drugs. technology improved reliability. forensic science preserving integrity. forensic science handled in controlled. forensic science communicate judges. forensic science determine identity. forensic science requires creative. forensic science involves cataloging. forensic science is the application of scientific methods. forensic science requires attention to detail. forensic science testifying as expert witnesses. forensic science become more sophisticated. forensic science interpretation of evidence. physical evidence includes firearms. disciplines include mathematics. forensic science requires analytical. disciplines include chemistry. forensic science requires critical thinking skills. forensic science reconstruct events. disciplines include physics. forensic science involves instrumentation. physical evidence includes dna samples. forensic science draw conclusions. forensic science held accountable. mass spectrometry identify toxins. forensic science involves analysis. forensic science become more effective. forensic science communicate law enforcement agencies. forensic science requires technical expertise. forensic science analyze physical evidence. technology improved accuracy. forensic science determine cause of death. forensic science involves collection. disciplines include biology. forensic science handled in consistent.",
    "evaluation": 1
  },
  {
    "correct_answer": "Forensic science combines various scientific disciplines such as biology, chemistry, physics, and mathematics.",
    "retrieved_context": "physical evidence includes fingerprints. forensic science use spectroscopy. technology continues to advance. forensic science solve puzzles. forensic science use chromatography. evidence helps in prosecution. forensic science use dna profiling. evidence helps in investigation. forensic science solve legal issues. forensic science uncover truth. forensic science solve crimes. forensic science use scanning electron microscopes. forensic science involves technology. forensic science presentation of findings. forensic science communicate lawyers. forensic science plays a crucial role in criminal justice system. forensic science involves crime scene investigation. physical evidence includes tool marks. forensic science use mass spectrometry. forensic science ensuring guilty. conclusions presented in court. forensic science ensuring justice. forensic science use microscopy. forensic science combines disciplines. forensic science determine substance. forensic science responsible for documenting. forensic science work under pressure. forensic science uncover clues. mass spectrometry identify drugs. technology improved reliability. forensic science preserving integrity. forensic science handled in controlled. forensic science communicate judges. forensic science determine identity. forensic science requires creative. forensic science involves cataloging. forensic science is the application of scientific methods. forensic science requires attention to detail. forensic science testifying as expert witnesses. forensic science become more sophisticated. forensic science interpretation of evidence. physical evidence includes firearms. disciplines include mathematics. forensic science requires analytical. disciplines include chemistry. forensic science requires critical thinking skills. forensic science reconstruct events. disciplines include physics. forensic science involves instrumentation. physical evidence includes dna samples. forensic science draw conclusions. forensic science held accountable. mass spectrometry identify toxins. forensic science involves analysis. forensic science become more effective. forensic science communicate law enforcement agencies. forensic science requires technical expertise. forensic science analyze physical evidence. technology improved accuracy. forensic science determine cause of death. forensic science involves collection. disciplines include biology. forensic science handled in consistent. disciplines include physics. disciplines include biology. disciplines include mathematics. disciplines include chemistry. physical evidence includes fingerprints. physical evidence includes tool marks. physical evidence includes firearms. physical evidence includes dna samples.",
    "evaluation": 1
  },
  {
    "correct_answer": "Forensic science analyzes physical evidence to draw conclusions for court.",
    "retrieved_context": "physical evidence includes fingerprints. forensic science use spectroscopy. technology continues to advance. forensic science solve puzzles. forensic science use chromatography. evidence helps in prosecution. forensic science use dna profiling. evidence helps in investigation. forensic science solve legal issues. forensic science uncover truth. forensic science solve crimes. forensic science use scanning electron microscopes. forensic science involves technology. forensic science presentation of findings. forensic science communicate lawyers. forensic science plays a crucial role in criminal justice system. forensic science involves crime scene investigation. physical evidence includes tool marks. forensic science use mass spectrometry. forensic science ensuring guilty. conclusions presented in court. forensic science ensuring justice. forensic science use microscopy. forensic science combines disciplines. forensic science determine substance. forensic science responsible for documenting. forensic science work under pressure. forensic science uncover clues. mass spectrometry identify drugs. technology improved reliability. forensic science preserving integrity. forensic science handled in controlled. forensic science communicate judges. forensic science determine identity. forensic science requires creative. forensic science involves cataloging. forensic science is the application of scientific methods. forensic science requires attention to detail. forensic science testifying as expert witnesses. forensic science become more sophisticated. forensic science interpretation of evidence. physical evidence includes firearms. disciplines include mathematics. forensic science requires analytical. disciplines include chemistry. forensic science requires critical thinking skills. forensic science reconstruct events. disciplines include physics. forensic science involves instrumentation. physical evidence includes dna samples. forensic science draw conclusions. forensic science held accountable. mass spectrometry identify toxins. forensic science involves analysis. forensic science become more effective. forensic science communicate law enforcement agencies. forensic science requires technical expertise. forensic science analyze physical evidence. technology improved accuracy. forensic science determine cause of death. forensic science involves collection. disciplines include biology. forensic science handled in consistent. physical evidence includes fingerprints. physical evidence includes tool marks. physical evidence includes firearms. physical evidence includes dna samples. trace evidence includes fibers. trace evidence includes hair. evidence helps in investigation. evidence helps in prosecution.",
    "evaluation": 1
  },
  {
    "correct_answer": "Physical evidence in forensic science can include fingerprints, DNA samples, firearms, and tool marks.",
    "retrieved_context": "physical evidence includes fingerprints. physical evidence includes tool marks. physical evidence includes firearms. physical evidence includes dna samples. physical evidence includes fingerprints. forensic science use spectroscopy. technology continues to advance. forensic science solve puzzles. forensic science use chromatography. evidence helps in prosecution. forensic science use dna profiling. evidence helps in investigation. forensic science solve legal issues. forensic science uncover truth. forensic science solve crimes. forensic science use scanning electron microscopes. forensic science involves technology. forensic science presentation of findings. forensic science communicate lawyers. forensic science plays a crucial role in criminal justice system. forensic science involves crime scene investigation. physical evidence includes tool marks. forensic science use mass spectrometry. forensic science ensuring guilty. conclusions presented in court. forensic science ensuring justice. forensic science use microscopy. forensic science combines disciplines. forensic science determine substance. forensic science responsible for documenting. forensic science work under pressure. forensic science uncover clues. mass spectrometry identify drugs. technology improved reliability. forensic science preserving integrity. forensic science handled in controlled. forensic science communicate judges. forensic science determine identity. forensic science requires creative. forensic science involves cataloging. forensic science is the application of scientific methods. forensic science requires attention to detail. forensic science testifying as expert witnesses. forensic science become more sophisticated. forensic science interpretation of evidence. physical evidence includes firearms. disciplines include mathematics. forensic science requires analytical. disciplines include chemistry. forensic science requires critical thinking skills. forensic science reconstruct events. disciplines include physics. forensic science involves instrumentation. physical evidence includes dna samples. forensic science draw conclusions. forensic science held accountable. mass spectrometry identify toxins. forensic science involves analysis. forensic science become more effective. forensic science communicate law enforcement agencies. forensic science requires technical expertise. forensic science analyze physical evidence. technology improved accuracy. forensic science determine cause of death. forensic science involves collection. disciplines include biology. forensic science handled in consistent. trace evidence includes fibers. trace evidence includes hair. evidence helps in investigation. evidence helps in prosecution.",
    "evaluation": 1
  },
  {
    "correct_answer": "Forensic scientists use microscopy, spectroscopy, chromatography, and DNA profiling to analyze evidence.",
    "retrieved_context": "physical evidence includes fingerprints. forensic science use spectroscopy. technology continues to advance. forensic science solve puzzles. forensic science use chromatography. evidence helps in prosecution. forensic science use dna profiling. evidence helps in investigation. forensic science solve legal issues. forensic science uncover truth. forensic science solve crimes. forensic science use scanning electron microscopes. forensic science involves technology. forensic science presentation of findings. forensic science communicate lawyers. forensic science plays a crucial role in criminal justice system. forensic science involves crime scene investigation. physical evidence includes tool marks. forensic science use mass spectrometry. forensic science ensuring guilty. conclusions presented in court. forensic science ensuring justice. forensic science use microscopy. forensic science combines disciplines. forensic science determine substance. forensic science responsible for documenting. forensic science work under pressure. forensic science uncover clues. mass spectrometry identify drugs. technology improved reliability. forensic science preserving integrity. forensic science handled in controlled. forensic science communicate judges. forensic science determine identity. forensic science requires creative. forensic science involves cataloging. forensic science is the application of scientific methods. forensic science requires attention to detail. forensic science testifying as expert witnesses. forensic science become more sophisticated. forensic science interpretation of evidence. physical evidence includes firearms. disciplines include mathematics. forensic science requires analytical. disciplines include chemistry. forensic science requires critical thinking skills. forensic science reconstruct events. disciplines include physics. forensic science involves instrumentation. physical evidence includes dna samples. forensic science draw conclusions. forensic science held accountable. mass spectrometry identify toxins. forensic science involves analysis. forensic science become more effective. forensic science communicate law enforcement agencies. forensic science requires technical expertise. forensic science analyze physical evidence. technology improved accuracy. forensic science determine cause of death. forensic science involves collection. disciplines include biology. forensic science handled in consistent. trace evidence includes fibers. trace evidence includes hair. physical evidence includes fingerprints. physical evidence includes tool marks. physical evidence includes firearms. physical evidence includes dna samples.",
    "evaluation": 1
  },
  {
    "correct_answer": "Forensic scientists determine details like suspect identity, cause of death, and presence of substances at a crime scene.",
    "retrieved_context": "physical evidence includes fingerprints. forensic science use spectroscopy. technology continues to advance. forensic science solve puzzles. forensic science use chromatography. evidence helps in prosecution. forensic science use dna profiling. evidence helps in investigation. forensic science solve legal issues. forensic science uncover truth. forensic science solve crimes. forensic science use scanning electron microscopes. forensic science involves technology. forensic science presentation of findings. forensic science communicate lawyers. forensic science plays a crucial role in criminal justice system. forensic science involves crime scene investigation. physical evidence includes tool marks. forensic science use mass spectrometry. forensic science ensuring guilty. conclusions presented in court. forensic science ensuring justice. forensic science use microscopy. forensic science combines disciplines. forensic science determine substance. forensic science responsible for documenting. forensic science work under pressure. forensic science uncover clues. mass spectrometry identify drugs. technology improved reliability. forensic science preserving integrity. forensic science handled in controlled. forensic science communicate judges. forensic science determine identity. forensic science requires creative. forensic science involves cataloging. forensic science is the application of scientific methods. forensic science requires attention to detail. forensic science testifying as expert witnesses. forensic science become more sophisticated. forensic science interpretation of evidence. physical evidence includes firearms. disciplines include mathematics. forensic science requires analytical. disciplines include chemistry. forensic science requires critical thinking skills. forensic science reconstruct events. disciplines include physics. forensic science involves instrumentation. physical evidence includes dna samples. forensic science draw conclusions. forensic science held accountable. mass spectrometry identify toxins. forensic science involves analysis. forensic science become more effective. forensic science communicate law enforcement agencies. forensic science requires technical expertise. forensic science analyze physical evidence. technology improved accuracy. forensic science determine cause of death. forensic science involves collection. disciplines include biology. forensic science handled in consistent. physical evidence includes fingerprints. physical evidence includes tool marks. physical evidence includes firearms. physical evidence includes dna samples. trace evidence includes fibers. trace evidence includes hair.",
    "evaluation": 1
  },
  {
    "correct_answer": "Forensic science uses advanced technology like scanning electron microscopes and mass spectrometry.",
    "retrieved_context": "physical evidence includes fingerprints. forensic science use spectroscopy. technology continues to advance. forensic science solve puzzles. forensic science use chromatography. evidence helps in prosecution. forensic science use dna profiling. evidence helps in investigation. forensic science solve legal issues. forensic science uncover truth. forensic science solve crimes. forensic science use scanning electron microscopes. forensic science involves technology. forensic science presentation of findings. forensic science communicate lawyers. forensic science plays a crucial role in criminal justice system. forensic science involves crime scene investigation. physical evidence includes tool marks. forensic science use mass spectrometry. forensic science ensuring guilty. conclusions presented in court. forensic science ensuring justice. forensic science use microscopy. forensic science combines disciplines. forensic science determine substance. forensic science responsible for documenting. forensic science work under pressure. forensic science uncover clues. mass spectrometry identify drugs. technology improved reliability. forensic science preserving integrity. forensic science handled in controlled. forensic science communicate judges. forensic science determine identity. forensic science requires creative. forensic science involves cataloging. forensic science is the application of scientific methods. forensic science requires attention to detail. forensic science testifying as expert witnesses. forensic science become more sophisticated. forensic science interpretation of evidence. physical evidence includes firearms. disciplines include mathematics. forensic science requires analytical. disciplines include chemistry. forensic science requires critical thinking skills. forensic science reconstruct events. disciplines include physics. forensic science involves instrumentation. physical evidence includes dna samples. forensic science draw conclusions. forensic science held accountable. mass spectrometry identify toxins. forensic science involves analysis. forensic science become more effective. forensic science communicate law enforcement agencies. forensic science requires technical expertise. forensic science analyze physical evidence. technology improved accuracy. forensic science determine cause of death. forensic science involves collection. disciplines include biology. forensic science handled in consistent. mass spectrometry identify toxins. mass spectrometry identify drugs. technology improved reliability. technology improved accuracy. technology continues to advance. trace evidence includes fibers. trace evidence includes hair. physical evidence includes fingerprints. physical evidence includes tool marks. physical evidence includes firearms. physical evidence includes dna samples.",
    "evaluation": 1
  },
  {
    "correct_answer": "Forensic scientists document and preserve crime scenes, collect evidence, and reconstruct events.",
    "retrieved_context": "physical evidence includes fingerprints. forensic science use spectroscopy. technology continues to advance. forensic science solve puzzles. forensic science use chromatography. evidence helps in prosecution. forensic science use dna profiling. evidence helps in investigation. forensic science solve legal issues. forensic science uncover truth. forensic science solve crimes. forensic science use scanning electron microscopes. forensic science involves technology. forensic science presentation of findings. forensic science communicate lawyers. forensic science plays a crucial role in criminal justice system. forensic science involves crime scene investigation. physical evidence includes tool marks. forensic science use mass spectrometry. forensic science ensuring guilty. conclusions presented in court. forensic science ensuring justice. forensic science use microscopy. forensic science combines disciplines. forensic science determine substance. forensic science responsible for documenting. forensic science work under pressure. forensic science uncover clues. mass spectrometry identify drugs. technology improved reliability. forensic science preserving integrity. forensic science handled in controlled. forensic science communicate judges. forensic science determine identity. forensic science requires creative. forensic science involves cataloging. forensic science is the application of scientific methods. forensic science requires attention to detail. forensic science testifying as expert witnesses. forensic science become more sophisticated. forensic science interpretation of evidence. physical evidence includes firearms. disciplines include mathematics. forensic science requires analytical. disciplines include chemistry. forensic science requires critical thinking skills. forensic science reconstruct events. disciplines include physics. forensic science involves instrumentation. physical evidence includes dna samples. forensic science draw conclusions. forensic science held accountable. mass spectrometry identify toxins. forensic science involves analysis. forensic science become more effective. forensic science communicate law enforcement agencies. forensic science requires technical expertise. forensic science analyze physical evidence. technology improved accuracy. forensic science determine cause of death. forensic science involves collection. disciplines include biology. forensic science handled in consistent. physical evidence includes fingerprints. physical evidence includes tool marks. physical evidence includes firearms. physical evidence includes dna samples. trace evidence includes fibers. trace evidence includes hair.",
    "evaluation": 1
  },
  {
    "correct_answer": "Forensic scientists interpret evidence and present findings in court.",
    "retrieved_context": "physical evidence includes fingerprints. forensic science use spectroscopy. technology continues to advance. forensic science solve puzzles. forensic science use chromatography. evidence helps in prosecution. forensic science use dna profiling. evidence helps in investigation. forensic science solve legal issues. forensic science uncover truth. forensic science solve crimes. forensic science use scanning electron microscopes. forensic science involves technology. forensic science presentation of findings. forensic science communicate lawyers. forensic science plays a crucial role in criminal justice system. forensic science involves crime scene investigation. physical evidence includes tool marks. forensic science use mass spectrometry. forensic science ensuring guilty. conclusions presented in court. forensic science ensuring justice. forensic science use microscopy. forensic science combines disciplines. forensic science determine substance. forensic science responsible for documenting. forensic science work under pressure. forensic science uncover clues. mass spectrometry identify drugs. technology improved reliability. forensic science preserving integrity. forensic science handled in controlled. forensic science communicate judges. forensic science determine identity. forensic science requires creative. forensic science involves cataloging. forensic science is the application of scientific methods. forensic science requires attention to detail. forensic science testifying as expert witnesses. forensic science become more sophisticated. forensic science interpretation of evidence. physical evidence includes firearms. disciplines include mathematics. forensic science requires analytical. disciplines include chemistry. forensic science requires critical thinking skills. forensic science reconstruct events. disciplines include physics. forensic science involves instrumentation. physical evidence includes dna samples. forensic science draw conclusions. forensic science held accountable. mass spectrometry identify toxins. forensic science involves analysis. forensic science become more effective. forensic science communicate law enforcement agencies. forensic science requires technical expertise. forensic science analyze physical evidence. technology improved accuracy. forensic science determine cause of death. forensic science involves collection. disciplines include biology. forensic science handled in consistent. physical evidence includes fingerprints. physical evidence includes tool marks. physical evidence includes firearms. physical evidence includes dna samples. trace evidence includes fibers. trace evidence includes hair. evidence helps in investigation. evidence helps in prosecution.",
    "evaluation": 1
  },
  {
    "correct_answer": "Forensic scientists must analyze complex data and communicate findings effectively.",
    "retrieved_context": "physical evidence includes fingerprints. forensic science use spectroscopy. technology continues to advance. forensic science solve puzzles. forensic science use chromatography. evidence helps in prosecution. forensic science use dna profiling. evidence helps in investigation. forensic science solve legal issues. forensic science uncover truth. forensic science solve crimes. forensic science use scanning electron microscopes. forensic science involves technology. forensic science presentation of findings. forensic science communicate lawyers. forensic science plays a crucial role in criminal justice system. forensic science involves crime scene investigation. physical evidence includes tool marks. forensic science use mass spectrometry. forensic science ensuring guilty. conclusions presented in court. forensic science ensuring justice. forensic science use microscopy. forensic science combines disciplines. forensic science determine substance. forensic science responsible for documenting. forensic science work under pressure. forensic science uncover clues. mass spectrometry identify drugs. technology improved reliability. forensic science preserving integrity. forensic science handled in controlled. forensic science communicate judges. forensic science determine identity. forensic science requires creative. forensic science involves cataloging. forensic science is the application of scientific methods. forensic science requires attention to detail. forensic science testifying as expert witnesses. forensic science become more sophisticated. forensic science interpretation of evidence. physical evidence includes firearms. disciplines include mathematics. forensic science requires analytical. disciplines include chemistry. forensic science requires critical thinking skills. forensic science reconstruct events. disciplines include physics. forensic science involves instrumentation. physical evidence includes dna samples. forensic science draw conclusions. forensic science held accountable. mass spectrometry identify toxins. forensic science involves analysis. forensic science become more effective. forensic science communicate law enforcement agencies. forensic science requires technical expertise. forensic science analyze physical evidence. technology improved accuracy. forensic science determine cause of death. forensic science involves collection. disciplines include biology. forensic science handled in consistent. trace evidence includes fibers. trace evidence includes hair. physical evidence includes fingerprints. physical evidence includes tool marks. physical evidence includes firearms. physical evidence includes dna samples.",
    "evaluation": 1
  },
  {
    "correct_answer": "Forensic scientists require technical expertise, critical thinking skills, and attention to detail.",
    "retrieved_context": "physical evidence includes fingerprints. forensic science use spectroscopy. technology continues to advance. forensic science solve puzzles. forensic science use chromatography. evidence helps in prosecution. forensic science use dna profiling. evidence helps in investigation. forensic science solve legal issues. forensic science uncover truth. forensic science solve crimes. forensic science use scanning electron microscopes. forensic science involves technology. forensic science presentation of findings. forensic science communicate lawyers. forensic science plays a crucial role in criminal justice system. forensic science involves crime scene investigation. physical evidence includes tool marks. forensic science use mass spectrometry. forensic science ensuring guilty. conclusions presented in court. forensic science ensuring justice. forensic science use microscopy. forensic science combines disciplines. forensic science determine substance. forensic science responsible for documenting. forensic science work under pressure. forensic science uncover clues. mass spectrometry identify drugs. technology improved reliability. forensic science preserving integrity. forensic science handled in controlled. forensic science communicate judges. forensic science determine identity. forensic science requires creative. forensic science involves cataloging. forensic science is the application of scientific methods. forensic science requires attention to detail. forensic science testifying as expert witnesses. forensic science become more sophisticated. forensic science interpretation of evidence. physical evidence includes firearms. disciplines include mathematics. forensic science requires analytical. disciplines include chemistry. forensic science requires critical thinking skills. forensic science reconstruct events. disciplines include physics. forensic science involves instrumentation. physical evidence includes dna samples. forensic science draw conclusions. forensic science held accountable. mass spectrometry identify toxins. forensic science involves analysis. forensic science become more effective. forensic science communicate law enforcement agencies. forensic science requires technical expertise. forensic science analyze physical evidence. technology improved accuracy. forensic science determine cause of death. forensic science involves collection. disciplines include biology. forensic science handled in consistent. physical evidence includes fingerprints. physical evidence includes tool marks. physical evidence includes firearms. physical evidence includes dna samples. trace evidence includes fibers. trace evidence includes hair.",
    "evaluation": 1
  },
  {
    "correct_answer": "Forensic scientists must meticulously document every step of the analysis process.",
    "retrieved_context": "physical evidence includes fingerprints. forensic science use spectroscopy. technology continues to advance. forensic science solve puzzles. forensic science use chromatography. evidence helps in prosecution. forensic science use dna profiling. evidence helps in investigation. forensic science solve legal issues. forensic science uncover truth. forensic science solve crimes. forensic science use scanning electron microscopes. forensic science involves technology. forensic science presentation of findings. forensic science communicate lawyers. forensic science plays a crucial role in criminal justice system. forensic science involves crime scene investigation. physical evidence includes tool marks. forensic science use mass spectrometry. forensic science ensuring guilty. conclusions presented in court. forensic science ensuring justice. forensic science use microscopy. forensic science combines disciplines. forensic science determine substance. forensic science responsible for documenting. forensic science work under pressure. forensic science uncover clues. mass spectrometry identify drugs. technology improved reliability. forensic science preserving integrity. forensic science handled in controlled. forensic science communicate judges. forensic science determine identity. forensic science requires creative. forensic science involves cataloging. forensic science is the application of scientific methods. forensic science requires attention to detail. forensic science testifying as expert witnesses. forensic science become more sophisticated. forensic science interpretation of evidence. physical evidence includes firearms. disciplines include mathematics. forensic science requires analytical. disciplines include chemistry. forensic science requires critical thinking skills. forensic science reconstruct events. disciplines include physics. forensic science involves instrumentation. physical evidence includes dna samples. forensic science draw conclusions. forensic science held accountable. mass spectrometry identify toxins. forensic science involves analysis. forensic science become more effective. forensic science communicate law enforcement agencies. forensic science requires technical expertise. forensic science analyze physical evidence. technology improved accuracy. forensic science determine cause of death. forensic science involves collection. disciplines include biology. forensic science handled in consistent. trace evidence includes fibers. trace evidence includes hair. physical evidence includes fingerprints. physical evidence includes tool marks. physical evidence includes firearms. physical evidence includes dna samples.",
    "evaluation": 0
  },
  {
    "correct_answer": "Forensic scientists must handle and process evidence in a controlled and consistent manner.",
    "retrieved_context": "physical evidence includes fingerprints. forensic science use spectroscopy. technology continues to advance. forensic science solve puzzles. forensic science use chromatography. evidence helps in prosecution. forensic science use dna profiling. evidence helps in investigation. forensic science solve legal issues. forensic science uncover truth. forensic science solve crimes. forensic science use scanning electron microscopes. forensic science involves technology. forensic science presentation of findings. forensic science communicate lawyers. forensic science plays a crucial role in criminal justice system. forensic science involves crime scene investigation. physical evidence includes tool marks. forensic science use mass spectrometry. forensic science ensuring guilty. conclusions presented in court. forensic science ensuring justice. forensic science use microscopy. forensic science combines disciplines. forensic science determine substance. forensic science responsible for documenting. forensic science work under pressure. forensic science uncover clues. mass spectrometry identify drugs. technology improved reliability. forensic science preserving integrity. forensic science handled in controlled. forensic science communicate judges. forensic science determine identity. forensic science requires creative. forensic science involves cataloging. forensic science is the application of scientific methods. forensic science requires attention to detail. forensic science testifying as expert witnesses. forensic science become more sophisticated. forensic science interpretation of evidence. physical evidence includes firearms. disciplines include mathematics. forensic science requires analytical. disciplines include chemistry. forensic science requires critical thinking skills. forensic science reconstruct events. disciplines include physics. forensic science involves instrumentation. physical evidence includes dna samples. forensic science draw conclusions. forensic science held accountable. mass spectrometry identify toxins. forensic science involves analysis. forensic science become more effective. forensic science communicate law enforcement agencies. forensic science requires technical expertise. forensic science analyze physical evidence. technology improved accuracy. forensic science determine cause of death. forensic science involves collection. disciplines include biology. forensic science handled in consistent. trace evidence includes fibers. trace evidence includes hair. physical evidence includes fingerprints. physical evidence includes tool marks. physical evidence includes firearms. physical evidence includes dna samples. evidence helps in investigation. evidence helps in prosecution.",
    "evaluation": 1
  },
  {
    "correct_answer": "The art of forensic science is a powerful tool in the fight against crime and injustice.",
    "retrieved_context": "physical evidence includes fingerprints. forensic science use spectroscopy. technology continues to advance. forensic science solve puzzles. forensic science use chromatography. evidence helps in prosecution. forensic science use dna profiling. evidence helps in investigation. forensic science solve legal issues. forensic science uncover truth. forensic science solve crimes. forensic science use scanning electron microscopes. forensic science involves technology. forensic science presentation of findings. forensic science communicate lawyers. forensic science plays a crucial role in criminal justice system. forensic science involves crime scene investigation. physical evidence includes tool marks. forensic science use mass spectrometry. forensic science ensuring guilty. conclusions presented in court. forensic science ensuring justice. forensic science use microscopy. forensic science combines disciplines. forensic science determine substance. forensic science responsible for documenting. forensic science work under pressure. forensic science uncover clues. mass spectrometry identify drugs. technology improved reliability. forensic science preserving integrity. forensic science handled in controlled. forensic science communicate judges. forensic science determine identity. forensic science requires creative. forensic science involves cataloging. forensic science is the application of scientific methods. forensic science requires attention to detail. forensic science testifying as expert witnesses. forensic science become more sophisticated. forensic science interpretation of evidence. physical evidence includes firearms. disciplines include mathematics. forensic science requires analytical. disciplines include chemistry. forensic science requires critical thinking skills. forensic science reconstruct events. disciplines include physics. forensic science involves instrumentation. physical evidence includes dna samples. forensic science draw conclusions. forensic science held accountable. mass spectrometry identify toxins. forensic science involves analysis. forensic science become more effective. forensic science communicate law enforcement agencies. forensic science requires technical expertise. forensic science analyze physical evidence. technology improved accuracy. forensic science determine cause of death. forensic science involves collection. disciplines include biology. forensic science handled in consistent. physical evidence includes fingerprints. physical evidence includes tool marks. physical evidence includes firearms. physical evidence includes dna samples.",
    "evaluation": 1
  },
  {
    "accuracy": "93.33%"
  }
]