[
  {
    "correct_answer": "Political systems have evolved significantly over human history.",
    "retrieved_context": "political systems reflects progression. quest for effective. political systems adapting to needs. political systems adapting to values. quest for just. political systems have evolved history. political systems reflects civilization. political systems reflects quest. democratic systems where power is vested in people. people through elections. totalitarian regimes such as fascism. totalitarian regimes such as communism. societies grew in size. societies grew in complexity. groups governed through informal structures. tribal system was groups.",
    "evaluation": 1
  },
  {
    "correct_answer": "Political systems adapt to changing needs and values of societies.",
    "retrieved_context": "political systems reflects progression. quest for effective. political systems adapting to needs. political systems adapting to values. quest for just. political systems have evolved history. political systems reflects civilization. political systems reflects quest. democratic systems where power is vested in people. people through elections. institutions designed to prevent abuse. democratic values and institutions. societies grew in size. societies grew in complexity. democracy is prevalent. democracy not without challenges. challenges including polarization. framework for coexistence. people through elections. democracy exercised through elections. democracy where power is vested in people. democracy founded on rule of law. challenges including corruption. challenges including inequality. democracy provides framework. democracy founded on respect. framework for participation. governance became sophisticated. totalitarian regimes such as fascism. totalitarian regimes such as communism.",
    "evaluation": 1
  },
  {
    "correct_answer": "Ancient forms of governance existed before modern democracies.",
    "retrieved_context": "governance became sophisticated. democratic systems where power is vested in people. people through elections. democracy is prevalent. democracy not without challenges. challenges including polarization. framework for coexistence. people through elections. democracy exercised through elections. democracy where power is vested in people. democracy founded on rule of law. challenges including corruption. challenges including inequality. democracy provides framework. democracy founded on respect. framework for participation. political systems reflects progression. quest for effective. political systems adapting to needs. political systems adapting to values. quest for just. political systems have evolved history. political systems reflects civilization. political systems reflects quest. totalitarian regimes such as fascism. totalitarian regimes such as communism. constitutional monarchies limited by parliament. constitutional monarchies limited by constitution. societies grew in size. societies grew in complexity.",
    "evaluation": 0
  },
  {
    "correct_answer": "Tribal system was one of the earliest forms of political organization.",
    "retrieved_context": "groups governed through informal structures. tribal system was groups. political systems reflects progression. quest for effective. political systems adapting to needs. political systems adapting to values. quest for just. political systems have evolved history. political systems reflects civilization. political systems reflects quest. democratic systems where power is vested in people. people through elections. societies grew in size. societies grew in complexity. organization was tribal system. tribal system was groups. governance became sophisticated. totalitarian regimes such as fascism. totalitarian regimes such as communism. informal structures based on customs. informal structures based on kinship.",
    "evaluation": 1
  },
  {
    "correct_answer": "Leadership in tribal systems was based on personal characteristics like strength or wisdom.",
    "retrieved_context": "groups governed through informal structures. tribal system was groups. leadership based on characteristics. characteristics such as wisdom. characteristics such as strength. institutions designed to prevent abuse. democratic values and institutions. democratic systems where power is vested in people. people through elections. political systems reflects progression. quest for effective. political systems adapting to needs. political systems adapting to values. quest for just. political systems have evolved history. political systems reflects civilization. political systems reflects quest.",
    "evaluation": 1
  },
  {
    "correct_answer": "Decision-making in tribal systems was decentralized among community members.",
    "retrieved_context": "groups governed through informal structures. tribal system was groups. democratic systems where power is vested in people. people through elections. political systems reflects progression. quest for effective. political systems adapting to needs. political systems adapting to values. quest for just. political systems have evolved history. political systems reflects civilization. political systems reflects quest. governance became sophisticated. societies grew in size. societies grew in complexity. decision-making was decentralized among community. institutions designed to prevent abuse. democratic values and institutions.",
    "evaluation": 0
  },
  {
    "correct_answer": "Monarchies emerged as societies grew in size and complexity.",
    "retrieved_context": "monarchies provided stability. monarchies provided authority. monarchies provided order. monarchies evolved to include checks. monarchies raised concerns. concerns about abuse. monarchies evolved to include balances. constitutional monarchies limited by parliament. constitutional monarchies limited by constitution. societies grew in size. societies grew in complexity. governance became sophisticated.",
    "evaluation": 0
  },
  {
    "correct_answer": "Monarchies concentrated power in the hands of a single ruler or ruling family.",
    "retrieved_context": "monarchies provided stability. monarchies provided authority. monarchies provided order. monarchies evolved to include checks. monarchies raised concerns. concerns about abuse. monarchies evolved to include balances. constitutional monarchies limited by parliament. constitutional monarchies limited by constitution. governance became sophisticated. totalitarian regimes such as fascism. totalitarian regimes such as communism.",
    "evaluation": 0
  },
  {
    "correct_answer": "Monarchies evolved to include systems of checks and balances over time.",
    "retrieved_context": "monarchies provided stability. monarchies provided authority. monarchies provided order. monarchies evolved to include checks. monarchies raised concerns. concerns about abuse. monarchies evolved to include balances. constitutional monarchies limited by parliament. constitutional monarchies limited by constitution. democratic systems where power is vested in people. people through elections. political systems reflects progression. quest for effective. political systems adapting to needs. political systems adapting to values. quest for just. political systems have evolved history. political systems reflects civilization. political systems reflects quest. totalitarian regimes such as fascism. totalitarian regimes such as communism.",
    "evaluation": 1
  },
  {
    "correct_answer": "Enlightenment era marked a turning point in political systems evolution.",
    "retrieved_context": "enlightenment marked development. development was monarchies. political systems reflects progression. quest for effective. political systems adapting to needs. political systems adapting to values. quest for just. political systems have evolved history. political systems reflects civilization. political systems reflects quest. democratic systems where power is vested in people. people through elections. societies grew in size. societies grew in complexity. democracy is prevalent. democracy not without challenges. challenges including polarization. framework for coexistence. people through elections. democracy exercised through elections. democracy where power is vested in people. democracy founded on rule of law. challenges including corruption. challenges including inequality. democracy provides framework. democracy founded on respect. framework for participation. french revolution was republican. republican based on fraternity. republican based on liberty. republican based on equality.",
    "evaluation": 1
  },
  {
    "correct_answer": "Modern democratic systems are based on ideas of social contract and separation of powers.",
    "retrieved_context": "democratic systems where power is vested in people. people through elections. political systems reflects progression. quest for effective. political systems adapting to needs. political systems adapting to values. quest for just. political systems have evolved history. political systems reflects civilization. political systems reflects quest. democracy is prevalent. democracy not without challenges. challenges including polarization. framework for coexistence. people through elections. democracy exercised through elections. democracy where power is vested in people. democracy founded on rule of law. challenges including corruption. challenges including inequality. democracy provides framework. democracy founded on respect. framework for participation. institutions designed to prevent abuse. democratic values and institutions. governance became sophisticated. totalitarian regimes such as fascism. totalitarian regimes such as communism.",
    "evaluation": 0
  },
  {
    "correct_answer": "French Revolution inspired movements for democracy and self-determination worldwide.",
    "retrieved_context": "french revolution was republican. republican based on fraternity. republican based on liberty. republican based on equality. democracy is prevalent. democracy not without challenges. challenges including polarization. framework for coexistence. people through elections. democracy exercised through elections. democracy where power is vested in people. democracy founded on rule of law. challenges including corruption. challenges including inequality. democracy provides framework. democracy founded on respect. framework for participation. enlightenment marked development. development was monarchies.",
    "evaluation": 0
  },
  {
    "correct_answer": "Totalitarian regimes like fascism and communism centralized power in a single party or leader.",
    "retrieved_context": "totalitarian regimes such as fascism. totalitarian regimes such as communism. democratic systems where power is vested in people. people through elections. political systems reflects progression. quest for effective. political systems adapting to needs. political systems adapting to values. quest for just. political systems have evolved history. political systems reflects civilization. political systems reflects quest. democracy is prevalent. democracy not without challenges. challenges including polarization. framework for coexistence. people through elections. democracy exercised through elections. democracy where power is vested in people. democracy founded on rule of law. challenges including corruption. challenges including inequality. democracy provides framework. democracy founded on respect. framework for participation. 20th century witnessed totalitarian regimes. countries in 20th century.",
    "evaluation": 0
  },
  {
    "correct_answer": "Democracy is the most prevalent form of political system in the world today.",
    "retrieved_context": "democratic systems where power is vested in people. people through elections. democracy is prevalent. democracy not without challenges. challenges including polarization. framework for coexistence. people through elections. democracy exercised through elections. democracy where power is vested in people. democracy founded on rule of law. challenges including corruption. challenges including inequality. democracy provides framework. democracy founded on respect. framework for participation. political systems reflects progression. quest for effective. political systems adapting to needs. political systems adapting to values. quest for just. political systems have evolved history. political systems reflects civilization. political systems reflects quest. institutions designed to prevent abuse. democratic values and institutions. totalitarian regimes such as fascism. totalitarian regimes such as communism. societies grew in size. societies grew in complexity.",
    "evaluation": 1
  },
  {
    "correct_answer": "Democracy is founded on principles of rule of law, separation of powers, and respect for human rights.",
    "retrieved_context": "democracy is prevalent. democracy not without challenges. challenges including polarization. framework for coexistence. people through elections. democracy exercised through elections. democracy where power is vested in people. democracy founded on rule of law. challenges including corruption. challenges including inequality. democracy provides framework. democracy founded on respect. framework for participation. democratic systems where power is vested in people. people through elections. institutions designed to prevent abuse. democratic values and institutions. governance became sophisticated.",
    "evaluation": 0
  },
  {
    "accuracy": "46.67%"
  }
]