[
  {
    "correct_answer": "Space tourism is becoming a reality for civilians.",
    "retrieved_context": "space tourism becoming reality. attractive option for travelers. space tourism as attractive. space tourism as convenient. space tourism as viable option. space hotels in earth's orbit. space hotels facilitate experiences. space hotels facilitate longer stays. space hotels facilitate recreational activities. private space companies include spacex. private space companies include blue origin. private space companies include virgin galactic. revolutionize the way we traveling. space transportation technology set to revolutionize.",
    "evaluation": 1
  },
  {
    "correct_answer": "Private space companies like SpaceX, Blue Origin, and Virgin Galactic are driving the rise of space tourism.",
    "retrieved_context": "private space companies include spacex. private space companies include blue origin. private space companies include virgin galactic. space tourism becoming reality. attractive option for travelers. space tourism as attractive. space tourism as convenient. space tourism as viable option. space hotels in earth's orbit. space hotels facilitate experiences. space hotels facilitate longer stays. space hotels facilitate recreational activities. revolutionize the way we traveling. space transportation technology set to revolutionize.",
    "evaluation": 1
  },
  {
    "correct_answer": "Traveling to space for leisure is no longer confined to science fiction novels.",
    "retrieved_context": "space tourism becoming reality. attractive option for travelers. space tourism as attractive. space tourism as convenient. space tourism as viable option. space hotels in earth's orbit. space hotels facilitate experiences. space hotels facilitate longer stays. space hotels facilitate recreational activities. traveling to leisure. traveling confined to science fiction novels.",
    "evaluation": 1
  },
  {
    "correct_answer": "The future of space tourism has immense potential for transforming the perception and experience of outer space.",
    "retrieved_context": "space tourism becoming reality. attractive option for travelers. space tourism as attractive. space tourism as convenient. space tourism as viable option. space hotels in earth's orbit. space hotels facilitate experiences. space hotels facilitate longer stays. space hotels facilitate recreational activities. revolutionize the way we traveling. space transportation technology set to revolutionize. traveling to leisure. traveling confined to science fiction novels.",
    "evaluation": 1
  },
  {
    "correct_answer": "Advancements in technology and competition among private companies are driving down the cost of space tourism.",
    "retrieved_context": "space tourism becoming reality. attractive option for travelers. space tourism as attractive. space tourism as convenient. space tourism as viable option. private space companies include spacex. private space companies include blue origin. private space companies include virgin galactic. revolutionize the way we traveling. space transportation technology set to revolutionize. space hotels in earth's orbit. space hotels facilitate experiences. space hotels facilitate longer stays. space hotels facilitate recreational activities.",
    "evaluation": 0
  },
  {
    "correct_answer": "More individuals can now consider space tourism as a viable travel option due to decreasing prices.",
    "retrieved_context": "space tourism becoming reality. attractive option for travelers. space tourism as attractive. space tourism as convenient. space tourism as viable option. space hotels in earth's orbit. space hotels facilitate experiences. space hotels facilitate longer stays. space hotels facilitate recreational activities. revolutionize the way we traveling. space transportation technology set to revolutionize. private space companies include spacex. private space companies include blue origin. private space companies include virgin galactic. traveling to leisure. traveling confined to science fiction novels.",
    "evaluation": 0
  },
  {
    "correct_answer": "The affordability of space travel is increasing, making it accessible to a broader range of people.",
    "retrieved_context": "space tourism becoming reality. attractive option for travelers. space tourism as attractive. space tourism as convenient. space tourism as viable option. revolutionize the way we traveling. space transportation technology set to revolutionize. accessibility to broader range. affordability to innovative. innovative space habitats future. affordability of space travel. affordability making accessibility. traveling to leisure. traveling confined to science fiction novels. space hotels in earth's orbit. space hotels facilitate experiences. space hotels facilitate longer stays. space hotels facilitate recreational activities.",
    "evaluation": 1
  },
  {
    "correct_answer": "There is a need for more sophisticated and sustainable living spaces in space as the demand for space travel grows.",
    "retrieved_context": "space tourism becoming reality. attractive option for travelers. space tourism as attractive. space tourism as convenient. space tourism as viable option. space hotels in earth's orbit. space hotels facilitate experiences. space hotels facilitate longer stays. space hotels facilitate recreational activities. revolutionize the way we traveling. space transportation technology set to revolutionize. private space companies include spacex. private space companies include blue origin. private space companies include virgin galactic.",
    "evaluation": 0
  },
  {
    "correct_answer": "Companies like SpaceX are working on creating habitats on Mars.",
    "retrieved_context": "private space companies include spacex. private space companies include blue origin. private space companies include virgin galactic. space tourism becoming reality. attractive option for travelers. space tourism as attractive. space tourism as convenient. space tourism as viable option. space hotels in earth's orbit. space hotels facilitate experiences. space hotels facilitate longer stays. space hotels facilitate recreational activities.",
    "evaluation": 0
  },
  {
    "correct_answer": "Space hotels in Earth's orbit are being explored as a possibility.",
    "retrieved_context": "space hotels in earth's orbit. space hotels facilitate experiences. space hotels facilitate longer stays. space hotels facilitate recreational activities. space tourism becoming reality. attractive option for travelers. space tourism as attractive. space tourism as convenient. space tourism as viable option. private space companies include spacex. private space companies include blue origin. private space companies include virgin galactic.",
    "evaluation": 0
  },
  {
    "correct_answer": "Advancements in space transportation technology will revolutionize the way we travel to space.",
    "retrieved_context": "revolutionize the way we traveling. space transportation technology set to revolutionize. space tourism becoming reality. attractive option for travelers. space tourism as attractive. space tourism as convenient. space tourism as viable option. traveling to leisure. traveling confined to science fiction novels. advancements in technology. advancements in space transportation technology. space transportation technology set to revolutionize. space tourism becoming reality. space tourism as attractive. transporting passengers space tourism. space tourism as convenient. space tourism as viable option.",
    "evaluation": 1
  },
  {
    "correct_answer": "Reusable rockets and spacecraft will significantly reduce the cost of space travel.",
    "retrieved_context": "reusable rockets and spacecraft. reusable rockets reduce cost. cost of space tourism. sustainable in long run. cost traditionally been exorbitant. sustainable living spaces mars. reusable rockets make sustainable. revolutionize the way we traveling. space transportation technology set to revolutionize. space tourism becoming reality. attractive option for travelers. space tourism as attractive. space tourism as convenient. space tourism as viable option. space hotels in earth's orbit. space hotels facilitate experiences. space hotels facilitate longer stays. space hotels facilitate recreational activities. private space companies include spacex. private space companies include blue origin. private space companies include virgin galactic. transporting passengers space tourism. efficient means of transporting.",
    "evaluation": 1
  },
  {
    "correct_answer": "Advancements in space transportation technology will make space tourism more convenient and attractive for travelers.",
    "retrieved_context": "revolutionize the way we traveling. space transportation technology set to revolutionize. space tourism becoming reality. attractive option for travelers. space tourism as attractive. space tourism as convenient. space tourism as viable option. space hotels in earth's orbit. space hotels facilitate experiences. space hotels facilitate longer stays. space hotels facilitate recreational activities. traveling to leisure. traveling confined to science fiction novels.",
    "evaluation": 1
  },
  {
    "correct_answer": "The future of space tourism holds promise for scientific research and exploration.",
    "retrieved_context": "space tourism becoming reality. attractive option for travelers. space tourism as attractive. space tourism as convenient. space tourism as viable option. space hotels in earth's orbit. space hotels facilitate experiences. space hotels facilitate longer stays. space hotels facilitate recreational activities. revolutionize the way we traveling. space transportation technology set to revolutionize.",
    "evaluation": 0
  },
  {
    "correct_answer": "Space tourism could serve as a platform for collaboration between scientists, researchers, and space enthusiasts.",
    "retrieved_context": "space tourism becoming reality. attractive option for travelers. space tourism as attractive. space tourism as convenient. space tourism as viable option. space hotels in earth's orbit. space hotels facilitate experiences. space hotels facilitate longer stays. space hotels facilitate recreational activities. revolutionize the way we traveling. space transportation technology set to revolutionize.",
    "evaluation": 0
  },
  {
    "accuracy": "53.33%"
  }
]