[
  {
    "correct_answer": "Happiness is a universal goal that transcends cultural, social, and economic boundaries.",
    "retrieved_context": "happiness is a formula. happiness is a experience. experience of happiness. experience varies from person. pursuit of existence. happiness brings joy. happiness is a goal. mechanisms for stress. happiness enhance lives. goal transcends boundaries. happiness brings fulfillment. happiness is mechanisms. happiness is the pursuit. factors shape well-being. positive psychology aims to understand factors. factors shape life satisfaction. happiness is a formula. happiness is a experience. emotions play a role in happiness. happiness brings joy. happiness is a goal. happiness enhance lives. happiness is the pursuit. happiness brings fulfillment. happiness is mechanisms. emotions such as contentment. emotions such as joy. emotions such as love.",
    "evaluation": 0
  },
  {
    "correct_answer": "The study of happiness is also known as positive psychology.",
    "retrieved_context": "factors shape well-being. positive psychology aims to understand factors. factors shape life satisfaction. happiness is a formula. happiness is a experience. experience of happiness. experience varies from person. pursuit of existence. happiness brings joy. happiness is a goal. mechanisms for stress. happiness enhance lives. goal transcends boundaries. happiness brings fulfillment. happiness is mechanisms. happiness is the pursuit. happiness is a formula. happiness is a experience. emotions play a role in happiness. happiness brings joy. happiness is a goal. happiness enhance lives. happiness is the pursuit. happiness brings fulfillment. happiness is mechanisms. emotions such as contentment. emotions such as joy. emotions such as love.",
    "evaluation": 0
  },
  {
    "correct_answer": "Researchers aim to understand the factors contributing to well-being and life satisfaction.",
    "retrieved_context": "happiness is a formula. happiness is a experience. experience of happiness. experience varies from person. pursuit of existence. happiness brings joy. happiness is a goal. mechanisms for stress. happiness enhance lives. goal transcends boundaries. happiness brings fulfillment. happiness is mechanisms. happiness is the pursuit. factors shape well-being. positive psychology aims to understand factors. factors shape life satisfaction. practice of acknowledging. practice of appreciating. gratitude is the practice.",
    "evaluation": 1
  },
  {
    "correct_answer": "The science of happiness seeks to answer what makes people happy.",
    "retrieved_context": "happiness is a formula. happiness is a experience. experience of happiness. experience varies from person. pursuit of existence. happiness brings joy. happiness is a goal. mechanisms for stress. happiness enhance lives. goal transcends boundaries. happiness brings fulfillment. happiness is mechanisms. happiness is the pursuit. factors shape well-being. positive psychology aims to understand factors. factors shape life satisfaction. happiness is a formula. happiness is a experience. emotions play a role in happiness. happiness brings joy. happiness is a goal. happiness enhance lives. happiness is the pursuit. happiness brings fulfillment. happiness is mechanisms. emotions such as contentment. emotions such as joy. emotions such as love. happiness is a formula. happiness is a experience. happiness brings joy. happiness is a goal. science of happiness. happiness enhance lives. happiness is the pursuit. happiness brings fulfillment. happiness is mechanisms. science behind emotion.",
    "evaluation": 0
  },
  {
    "correct_answer": "Happiness is a subjective experience that varies from person to person.",
    "retrieved_context": "happiness is a formula. happiness is a experience. experience of happiness. experience varies from person. pursuit of existence. happiness brings joy. happiness is a goal. mechanisms for stress. happiness enhance lives. goal transcends boundaries. happiness brings fulfillment. happiness is mechanisms. happiness is the pursuit. factors shape well-being. positive psychology aims to understand factors. factors shape life satisfaction. happiness is a formula. happiness is a experience. emotions play a role in happiness. happiness brings joy. happiness is a goal. happiness enhance lives. happiness is the pursuit. happiness brings fulfillment. happiness is mechanisms. emotions such as contentment. emotions such as joy. emotions such as love.",
    "evaluation": 1
  },
  {
    "correct_answer": "Social connections are significant contributors to happiness.",
    "retrieved_context": "happiness is a formula. happiness is a experience. experience of happiness. experience varies from person. pursuit of existence. happiness brings joy. happiness is a goal. mechanisms for stress. happiness enhance lives. goal transcends boundaries. happiness brings fulfillment. happiness is mechanisms. happiness is the pursuit. factors shape well-being. positive psychology aims to understand factors. factors shape life satisfaction. relationships provide support. relationships provide belonging. relationships provide acceptance. relationships impact on emotional. support networks are levels. support essential for health. happiness is a formula. happiness is a experience. emotions play a role in happiness. happiness brings joy. happiness is a goal. happiness enhance lives. happiness is the pursuit. happiness brings fulfillment. happiness is mechanisms. emotions such as contentment. emotions such as joy. emotions such as love.",
    "evaluation": 0
  },
  {
    "correct_answer": "Strong social support networks lead to higher levels of happiness and life satisfaction.",
    "retrieved_context": "happiness is a formula. happiness is a experience. experience of happiness. experience varies from person. pursuit of existence. happiness brings joy. happiness is a goal. mechanisms for stress. happiness enhance lives. goal transcends boundaries. happiness brings fulfillment. happiness is mechanisms. happiness is the pursuit. factors shape well-being. positive psychology aims to understand factors. factors shape life satisfaction. relationships provide support. relationships provide belonging. relationships provide acceptance. relationships impact on emotional. support networks are levels. support essential for health. support networks are levels. support essential for health.",
    "evaluation": 0
  },
  {
    "correct_answer": "Meaningful relationships provide a sense of belonging, acceptance, and emotional support.",
    "retrieved_context": "relationships provide support. relationships provide belonging. relationships provide acceptance. relationships impact on emotional. support networks are levels. support essential for health. happiness is a formula. happiness is a experience. emotions play a role in happiness. happiness brings joy. happiness is a goal. happiness enhance lives. happiness is the pursuit. happiness brings fulfillment. happiness is mechanisms. emotions such as contentment. emotions such as joy. emotions such as love. happiness is a formula. happiness is a experience. experience of happiness. experience varies from person. pursuit of existence. happiness brings joy. happiness is a goal. mechanisms for stress. happiness enhance lives. goal transcends boundaries. happiness brings fulfillment. happiness is mechanisms. happiness is the pursuit.",
    "evaluation": 1
  },
  {
    "correct_answer": "Gratitude influences happiness by appreciating positive aspects of life.",
    "retrieved_context": "practice of acknowledging. practice of appreciating. gratitude is the practice. factors shape well-being. positive psychology aims to understand factors. factors shape life satisfaction. happiness is a formula. happiness is a experience. experience of happiness. experience varies from person. pursuit of existence. happiness brings joy. happiness is a goal. mechanisms for stress. happiness enhance lives. goal transcends boundaries. happiness brings fulfillment. happiness is mechanisms. happiness is the pursuit. happiness is a formula. happiness is a experience. emotions play a role in happiness. happiness brings joy. happiness is a goal. happiness enhance lives. happiness is the pursuit. happiness brings fulfillment. happiness is mechanisms. emotions such as contentment. emotions such as joy. emotions such as love.",
    "evaluation": 0
  },
  {
    "correct_answer": "Cultivating gratitude can increase happiness and life satisfaction.",
    "retrieved_context": "practice of acknowledging. practice of appreciating. gratitude is the practice. factors shape well-being. positive psychology aims to understand factors. factors shape life satisfaction. happiness is a formula. happiness is a experience. experience of happiness. experience varies from person. pursuit of existence. happiness brings joy. happiness is a goal. mechanisms for stress. happiness enhance lives. goal transcends boundaries. happiness brings fulfillment. happiness is mechanisms. happiness is the pursuit.",
    "evaluation": 0
  },
  {
    "correct_answer": "Positive emotions like joy, love, and contentment impact happiness levels.",
    "retrieved_context": "happiness is a formula. happiness is a experience. experience of happiness. experience varies from person. pursuit of existence. happiness brings joy. happiness is a goal. mechanisms for stress. happiness enhance lives. goal transcends boundaries. happiness brings fulfillment. happiness is mechanisms. happiness is the pursuit. factors shape well-being. positive psychology aims to understand factors. factors shape life satisfaction. happiness is a formula. happiness is a experience. emotions play a role in happiness. happiness brings joy. happiness is a goal. happiness enhance lives. happiness is the pursuit. happiness brings fulfillment. happiness is mechanisms. emotions such as contentment. emotions such as joy. emotions such as love.",
    "evaluation": 1
  },
  {
    "correct_answer": "Experiencing positive emotions regularly improves physical health and coping mechanisms.",
    "retrieved_context": "factors shape well-being. positive psychology aims to understand factors. factors shape life satisfaction. happiness is a formula. happiness is a experience. experience of happiness. experience varies from person. pursuit of existence. happiness brings joy. happiness is a goal. mechanisms for stress. happiness enhance lives. goal transcends boundaries. happiness brings fulfillment. happiness is mechanisms. happiness is the pursuit. happiness is a formula. happiness is a experience. emotions play a role in happiness. happiness brings joy. happiness is a goal. happiness enhance lives. happiness is the pursuit. happiness brings fulfillment. happiness is mechanisms. emotions such as contentment. emotions such as joy. emotions such as love. practice of acknowledging. practice of appreciating. gratitude is the practice.",
    "evaluation": 0
  },
  {
    "correct_answer": "Engaging in activities that promote flow enhances overall well-being.",
    "retrieved_context": "flow is a state. state of fulfillment. state of immersion. state of focus. state of satisfaction. activities promote flow. flow is a state. activities promote meaning. factors shape well-being. positive psychology aims to understand factors. factors shape life satisfaction. happiness is a formula. happiness is a experience. experience of happiness. experience varies from person. pursuit of existence. happiness brings joy. happiness is a goal. mechanisms for stress. happiness enhance lives. goal transcends boundaries. happiness brings fulfillment. happiness is mechanisms. happiness is the pursuit. practice of acknowledging. practice of appreciating.",
    "evaluation": 1
  },
  {
    "correct_answer": "Flow activities bring fulfillment and satisfaction by challenging and exciting us.",
    "retrieved_context": "flow is a state. state of fulfillment. state of immersion. state of focus. state of satisfaction. activities promote flow. flow is a state. activities promote meaning. happiness is a formula. happiness is a experience. experience of happiness. experience varies from person. pursuit of existence. happiness brings joy. happiness is a goal. mechanisms for stress. happiness enhance lives. goal transcends boundaries. happiness brings fulfillment. happiness is mechanisms. happiness is the pursuit. happiness is a formula. happiness is a experience. emotions play a role in happiness. happiness brings joy. happiness is a goal. happiness enhance lives. happiness is the pursuit. happiness brings fulfillment. happiness is mechanisms. emotions such as contentment. emotions such as joy. emotions such as love.",
    "evaluation": 0
  },
  {
    "correct_answer": "Happiness is a complex and multifaceted phenomenon unique to each individual.",
    "retrieved_context": "happiness is a formula. happiness is a experience. experience of happiness. experience varies from person. pursuit of existence. happiness brings joy. happiness is a goal. mechanisms for stress. happiness enhance lives. goal transcends boundaries. happiness brings fulfillment. happiness is mechanisms. happiness is the pursuit. factors shape well-being. positive psychology aims to understand factors. factors shape life satisfaction. happiness is a formula. happiness is a experience. emotions play a role in happiness. happiness brings joy. happiness is a goal. happiness enhance lives. happiness is the pursuit. happiness brings fulfillment. happiness is mechanisms. emotions such as contentment. emotions such as joy. emotions such as love.",
    "evaluation": 0
  },
  {
    "accuracy": "33.33%"
  }
]