[
  {
    "correct_answer": "Education influences values in society.",
    "retrieved_context": "education pushes for progress. education should be representative. education encourages empathy. education influences beliefs. education challenges norms. education acts as a tool in transforming. education celebrates richness. education influences behaviors. education empowers question. education acts as a tool in preserving. education fosters just. education fosters diverse. education drives social. education influences values. education equips with skills. education equips with critical. education contributes to harmonious. education fosters respect. education should be inclusive. education is a catalyst for change. education challenges roles. education fosters appreciation. education promotes diversity. education should be empowering. education empowers rethink. education encourages tolerance. education is a catalyst for innovation. education provides knowledge. education shapes transmission. education plays a crucial role in shaping. education advances gender. education provides understanding. education paves the way for equitable. schools serve as institutions. culture is defined as customs. culture is defined as traditions. culture is passed down through generations. culture is defined as shared. culture is constantly evolving. students learn about heritage. young carry teachings into adult. cultural values and norms are taught to young.",
    "evaluation": 1
  },
  {
    "correct_answer": "Culture is defined as shared beliefs and traditions.",
    "retrieved_context": "culture is defined as customs. culture is defined as traditions. culture is passed down through generations. culture is defined as shared. culture is constantly evolving. young carry teachings into adult. cultural values and norms are taught to young.",
    "evaluation": 1
  },
  {
    "correct_answer": "Culture is passed down through generations.",
    "retrieved_context": "culture is defined as customs. culture is defined as traditions. culture is passed down through generations. culture is defined as shared. culture is constantly evolving. young carry teachings into adult. cultural values and norms are taught to young. history instills identity. history covers events. history instills pride. history covers achievements.",
    "evaluation": 1
  },
  {
    "correct_answer": "Education preserves and transforms culture.",
    "retrieved_context": "education pushes for progress. education should be representative. education encourages empathy. education influences beliefs. education challenges norms. education acts as a tool in transforming. education celebrates richness. education influences behaviors. education empowers question. education acts as a tool in preserving. education fosters just. education fosters diverse. education drives social. education influences values. education equips with skills. education equips with critical. education contributes to harmonious. education fosters respect. education should be inclusive. education is a catalyst for change. education challenges roles. education fosters appreciation. education promotes diversity. education should be empowering. education empowers rethink. education encourages tolerance. education is a catalyst for innovation. education provides knowledge. education shapes transmission. education plays a crucial role in shaping. education advances gender. education provides understanding. education paves the way for equitable. culture is defined as customs. culture is defined as traditions. culture is passed down through generations. culture is defined as shared. culture is constantly evolving. young carry teachings into adult. cultural values and norms are taught to young. schools serve as institutions. students learn about heritage.",
    "evaluation": 1
  },
  {
    "correct_answer": "Schools transmit cultural knowledge to young individuals.",
    "retrieved_context": "young carry teachings into adult. cultural values and norms are taught to young. schools serve as institutions. education pushes for progress. education should be representative. education encourages empathy. education influences beliefs. education challenges norms. education acts as a tool in transforming. education celebrates richness. education influences behaviors. education empowers question. education acts as a tool in preserving. education fosters just. education fosters diverse. education drives social. education influences values. education equips with skills. education equips with critical. education contributes to harmonious. education fosters respect. education should be inclusive. education is a catalyst for change. education challenges roles. education fosters appreciation. education promotes diversity. education should be empowering. education empowers rethink. education encourages tolerance. education is a catalyst for innovation. education provides knowledge. education shapes transmission. education plays a crucial role in shaping. education advances gender. education provides understanding. education paves the way for equitable. culture is defined as customs. culture is defined as traditions. culture is passed down through generations. culture is defined as shared. culture is constantly evolving. students learn about heritage. young carry teachings into adult.",
    "evaluation": 1
  },
  {
    "correct_answer": "History classes cover cultural achievements and events.",
    "retrieved_context": "history instills identity. history covers events. history instills pride. history covers achievements. young carry teachings into adult. cultural values and norms are taught to young. culture is defined as customs. culture is defined as traditions. culture is passed down through generations. culture is defined as shared. culture is constantly evolving.",
    "evaluation": 1
  },
  {
    "correct_answer": "Education instills pride and identity in students.",
    "retrieved_context": "education pushes for progress. education should be representative. education encourages empathy. education influences beliefs. education challenges norms. education acts as a tool in transforming. education celebrates richness. education influences behaviors. education empowers question. education acts as a tool in preserving. education fosters just. education fosters diverse. education drives social. education influences values. education equips with skills. education equips with critical. education contributes to harmonious. education fosters respect. education should be inclusive. education is a catalyst for change. education challenges roles. education fosters appreciation. education promotes diversity. education should be empowering. education empowers rethink. education encourages tolerance. education is a catalyst for innovation. education provides knowledge. education shapes transmission. education plays a crucial role in shaping. education advances gender. education provides understanding. education paves the way for equitable. students learn about heritage. schools serve as institutions. culture is defined as customs. culture is defined as traditions. culture is passed down through generations. culture is defined as shared. culture is constantly evolving.",
    "evaluation": 0
  },
  {
    "correct_answer": "Learning about cultural heritage deepens connection to roots.",
    "retrieved_context": "young carry teachings into adult. cultural values and norms are taught to young. culture is defined as customs. culture is defined as traditions. culture is passed down through generations. culture is defined as shared. culture is constantly evolving. history instills identity. history covers events. history instills pride. history covers achievements.",
    "evaluation": 0
  },
  {
    "correct_answer": "Education promotes cultural diversity and understanding.",
    "retrieved_context": "education pushes for progress. education should be representative. education encourages empathy. education influences beliefs. education challenges norms. education acts as a tool in transforming. education celebrates richness. education influences behaviors. education empowers question. education acts as a tool in preserving. education fosters just. education fosters diverse. education drives social. education influences values. education equips with skills. education equips with critical. education contributes to harmonious. education fosters respect. education should be inclusive. education is a catalyst for change. education challenges roles. education fosters appreciation. education promotes diversity. education should be empowering. education empowers rethink. education encourages tolerance. education is a catalyst for innovation. education provides knowledge. education shapes transmission. education plays a crucial role in shaping. education advances gender. education provides understanding. education paves the way for equitable. young carry teachings into adult. cultural values and norms are taught to young. culture is defined as customs. culture is defined as traditions. culture is passed down through generations. culture is defined as shared. culture is constantly evolving. schools serve as institutions.",
    "evaluation": 1
  },
  {
    "correct_answer": "Education fosters cultural appreciation and respect.",
    "retrieved_context": "young carry teachings into adult. cultural values and norms are taught to young. culture is defined as customs. culture is defined as traditions. culture is passed down through generations. culture is defined as shared. culture is constantly evolving. education pushes for progress. education should be representative. education encourages empathy. education influences beliefs. education challenges norms. education acts as a tool in transforming. education celebrates richness. education influences behaviors. education empowers question. education acts as a tool in preserving. education fosters just. education fosters diverse. education drives social. education influences values. education equips with skills. education equips with critical. education contributes to harmonious. education fosters respect. education should be inclusive. education is a catalyst for change. education challenges roles. education fosters appreciation. education promotes diversity. education should be empowering. education empowers rethink. education encourages tolerance. education is a catalyst for innovation. education provides knowledge. education shapes transmission. education plays a crucial role in shaping. education advances gender. education provides understanding. education paves the way for equitable.",
    "evaluation": 1
  },
  {
    "correct_answer": "Education encourages empathy towards different cultures.",
    "retrieved_context": "education pushes for progress. education should be representative. education encourages empathy. education influences beliefs. education challenges norms. education acts as a tool in transforming. education celebrates richness. education influences behaviors. education empowers question. education acts as a tool in preserving. education fosters just. education fosters diverse. education drives social. education influences values. education equips with skills. education equips with critical. education contributes to harmonious. education fosters respect. education should be inclusive. education is a catalyst for change. education challenges roles. education fosters appreciation. education promotes diversity. education should be empowering. education empowers rethink. education encourages tolerance. education is a catalyst for innovation. education provides knowledge. education shapes transmission. education plays a crucial role in shaping. education advances gender. education provides understanding. education paves the way for equitable. young carry teachings into adult. cultural values and norms are taught to young. culture is defined as customs. culture is defined as traditions. culture is passed down through generations. culture is defined as shared. culture is constantly evolving. schools serve as institutions.",
    "evaluation": 0
  },
  {
    "correct_answer": "Education can drive social change and innovation.",
    "retrieved_context": "education pushes for progress. education should be representative. education encourages empathy. education influences beliefs. education challenges norms. education acts as a tool in transforming. education celebrates richness. education influences behaviors. education empowers question. education acts as a tool in preserving. education fosters just. education fosters diverse. education drives social. education influences values. education equips with skills. education equips with critical. education contributes to harmonious. education fosters respect. education should be inclusive. education is a catalyst for change. education challenges roles. education fosters appreciation. education promotes diversity. education should be empowering. education empowers rethink. education encourages tolerance. education is a catalyst for innovation. education provides knowledge. education shapes transmission. education plays a crucial role in shaping. education advances gender. education provides understanding. education paves the way for equitable. schools serve as institutions.",
    "evaluation": 1
  },
  {
    "correct_answer": "Education challenges traditional gender roles.",
    "retrieved_context": "education pushes for progress. education should be representative. education encourages empathy. education influences beliefs. education challenges norms. education acts as a tool in transforming. education celebrates richness. education influences behaviors. education empowers question. education acts as a tool in preserving. education fosters just. education fosters diverse. education drives social. education influences values. education equips with skills. education equips with critical. education contributes to harmonious. education fosters respect. education should be inclusive. education is a catalyst for change. education challenges roles. education fosters appreciation. education promotes diversity. education should be empowering. education empowers rethink. education encourages tolerance. education is a catalyst for innovation. education provides knowledge. education shapes transmission. education plays a crucial role in shaping. education advances gender. education provides understanding. education paves the way for equitable. students learn about heritage. schools serve as institutions. culture is defined as customs. culture is defined as traditions. culture is passed down through generations. culture is defined as shared. culture is constantly evolving.",
    "evaluation": 1
  },
  {
    "correct_answer": "Education can be a tool for cultural hegemony.",
    "retrieved_context": "education pushes for progress. education should be representative. education encourages empathy. education influences beliefs. education challenges norms. education acts as a tool in transforming. education celebrates richness. education influences behaviors. education empowers question. education acts as a tool in preserving. education fosters just. education fosters diverse. education drives social. education influences values. education equips with skills. education equips with critical. education contributes to harmonious. education fosters respect. education should be inclusive. education is a catalyst for change. education challenges roles. education fosters appreciation. education promotes diversity. education should be empowering. education empowers rethink. education encourages tolerance. education is a catalyst for innovation. education provides knowledge. education shapes transmission. education plays a crucial role in shaping. education advances gender. education provides understanding. education paves the way for equitable. culture is defined as customs. culture is defined as traditions. culture is passed down through generations. culture is defined as shared. culture is constantly evolving. young carry teachings into adult. cultural values and norms are taught to young. schools serve as institutions.",
    "evaluation": 0
  },
  {
    "correct_answer": "Education should be inclusive and representative of all cultural groups.",
    "retrieved_context": "young carry teachings into adult. cultural values and norms are taught to young. education pushes for progress. education should be representative. education encourages empathy. education influences beliefs. education challenges norms. education acts as a tool in transforming. education celebrates richness. education influences behaviors. education empowers question. education acts as a tool in preserving. education fosters just. education fosters diverse. education drives social. education influences values. education equips with skills. education equips with critical. education contributes to harmonious. education fosters respect. education should be inclusive. education is a catalyst for change. education challenges roles. education fosters appreciation. education promotes diversity. education should be empowering. education empowers rethink. education encourages tolerance. education is a catalyst for innovation. education provides knowledge. education shapes transmission. education plays a crucial role in shaping. education advances gender. education provides understanding. education paves the way for equitable. culture is defined as customs. culture is defined as traditions. culture is passed down through generations. culture is defined as shared. culture is constantly evolving. students learn about heritage. schools serve as institutions.",
    "evaluation": 1
  },
  {
    "accuracy": "73.33%"
  }
]