[
  {
    "correct_answer": "Language processing is a function of the human brain.",
    "retrieved_context": "HUMAN BRAIN Language processing is a function of the human brain that involves understanding and producing language LANGUAGE PROCESSING. WERNICKE'S AREA Wernicke's area is involved in the comprehension stage of language processing LANGUAGE PROCESSING. AUDITORY CORTEX The auditory cortex plays a role in the perception stage of language processing for spoken language LANGUAGE PROCESSING. WERNICKE'S AREA Both Wernicke's area and the angular gyrus contribute to language comprehension and processing ANGULAR GYRUS. WERNICKE'S AREA The arcuate fasciculus connects Wernicke's area to Broca's area ARCULATE FASCICULUS. AUDITORY CORTEX The auditory cortex processes speech sounds before the information is analyzed in Wernicke's area for comprehension WERNICKE'S AREA. WERNICKE'S AREA Wernicke's area and Broca's area are critical regions in the human brain interconnected by the arcuate fasciculus, playing pivotal roles in language processing. Wernicke's area is primarily involved in the comprehension of language, a crucial function that precedes speech production. This understanding of language facilitated by Wernicke's area is then utilized by Broca's area, which is responsible for speech production. Together, these areas ensure the seamless processing and production of language, highlighting their interconnected and complementary functions in the complex mechanism of human communication. BROCA'S AREA. FRONTAL LOBE The premotor cortex is part of the frontal lobe and is involved in planning movements, including speech PREMOTOR CORTEX. WERNICKE'S AREA Wernicke's area is involved in the comprehension stage of language processing LANGUAGE PROCESSING. VISUAL CORTEX The visual cortex processes written symbols before the information is analyzed in Wernicke's area for comprehension WERNICKE'S AREA. VISUAL CORTEX The visual cortex plays a role in the perception stage of language processing for written language LANGUAGE PROCESSING. WERNICKE'S AREA Both Wernicke's area and the angular gyrus contribute to language comprehension and processing ANGULAR GYRUS. WERNICKE'S AREA The arcuate fasciculus connects Wernicke's area to Broca's area ARCULATE FASCICULUS. WERNICKE'S AREA Wernicke's area and Broca's area are critical regions in the human brain interconnected by the arcuate fasciculus, playing pivotal roles in language processing. Wernicke's area is primarily involved in the comprehension of language, a crucial function that precedes speech production. This understanding of language facilitated by Wernicke's area is then utilized by Broca's area, which is responsible for speech production. Together, these areas ensure the seamless processing and production of language, highlighting their interconnected and complementary functions in the complex mechanism of human communication. BROCA'S AREA. LEFT TEMPORAL LOBE Damage to the left temporal lobe can lead to receptive aphasia RECEPTIVE APHASIA.",
    "evaluation": 1
  },
  {
    "correct_answer": "Language processing involves multiple regions in the brain.",
    "retrieved_context": "HUMAN BRAIN Language processing is a function of the human brain that involves understanding and producing language LANGUAGE PROCESSING. FRONTAL LOBE The premotor cortex is part of the frontal lobe and is involved in planning movements, including speech PREMOTOR CORTEX. WERNICKE'S AREA Wernicke's area is involved in the comprehension stage of language processing LANGUAGE PROCESSING. AUDITORY CORTEX The auditory cortex plays a role in the perception stage of language processing for spoken language LANGUAGE PROCESSING. WERNICKE'S AREA Both Wernicke's area and the angular gyrus contribute to language comprehension and processing ANGULAR GYRUS. WERNICKE'S AREA The arcuate fasciculus connects Wernicke's area to Broca's area ARCULATE FASCICULUS. AUDITORY CORTEX The auditory cortex processes speech sounds before the information is analyzed in Wernicke's area for comprehension WERNICKE'S AREA. WERNICKE'S AREA Wernicke's area and Broca's area are critical regions in the human brain interconnected by the arcuate fasciculus, playing pivotal roles in language processing. Wernicke's area is primarily involved in the comprehension of language, a crucial function that precedes speech production. This understanding of language facilitated by Wernicke's area is then utilized by Broca's area, which is responsible for speech production. Together, these areas ensure the seamless processing and production of language, highlighting their interconnected and complementary functions in the complex mechanism of human communication. BROCA'S AREA. LEFT TEMPORAL LOBE Damage to the left temporal lobe can lead to receptive aphasia RECEPTIVE APHASIA. WERNICKE'S AREA Wernicke's area is involved in the comprehension stage of language processing LANGUAGE PROCESSING. VISUAL CORTEX The visual cortex processes written symbols before the information is analyzed in Wernicke's area for comprehension WERNICKE'S AREA. VISUAL CORTEX The visual cortex plays a role in the perception stage of language processing for written language LANGUAGE PROCESSING. WERNICKE'S AREA Both Wernicke's area and the angular gyrus contribute to language comprehension and processing ANGULAR GYRUS. WERNICKE'S AREA The arcuate fasciculus connects Wernicke's area to Broca's area ARCULATE FASCICULUS. WERNICKE'S AREA Wernicke's area and Broca's area are critical regions in the human brain interconnected by the arcuate fasciculus, playing pivotal roles in language processing. Wernicke's area is primarily involved in the comprehension of language, a crucial function that precedes speech production. This understanding of language facilitated by Wernicke's area is then utilized by Broca's area, which is responsible for speech production. Together, these areas ensure the seamless processing and production of language, highlighting their interconnected and complementary functions in the complex mechanism of human communication. BROCA'S AREA.",
    "evaluation": 1
  },
  {
    "correct_answer": "Language processing involves intricate neural pathways.",
    "retrieved_context": "HUMAN BRAIN Language processing is a function of the human brain that involves understanding and producing language LANGUAGE PROCESSING. WERNICKE'S AREA Wernicke's area is involved in the comprehension stage of language processing LANGUAGE PROCESSING. AUDITORY CORTEX The auditory cortex plays a role in the perception stage of language processing for spoken language LANGUAGE PROCESSING. WERNICKE'S AREA Both Wernicke's area and the angular gyrus contribute to language comprehension and processing ANGULAR GYRUS. WERNICKE'S AREA The arcuate fasciculus connects Wernicke's area to Broca's area ARCULATE FASCICULUS. AUDITORY CORTEX The auditory cortex processes speech sounds before the information is analyzed in Wernicke's area for comprehension WERNICKE'S AREA. WERNICKE'S AREA Wernicke's area and Broca's area are critical regions in the human brain interconnected by the arcuate fasciculus, playing pivotal roles in language processing. Wernicke's area is primarily involved in the comprehension of language, a crucial function that precedes speech production. This understanding of language facilitated by Wernicke's area is then utilized by Broca's area, which is responsible for speech production. Together, these areas ensure the seamless processing and production of language, highlighting their interconnected and complementary functions in the complex mechanism of human communication. BROCA'S AREA. FRONTAL LOBE The premotor cortex is part of the frontal lobe and is involved in planning movements, including speech PREMOTOR CORTEX. WERNICKE'S AREA Wernicke's area is involved in the comprehension stage of language processing LANGUAGE PROCESSING. VISUAL CORTEX The visual cortex processes written symbols before the information is analyzed in Wernicke's area for comprehension WERNICKE'S AREA. VISUAL CORTEX The visual cortex plays a role in the perception stage of language processing for written language LANGUAGE PROCESSING. WERNICKE'S AREA Both Wernicke's area and the angular gyrus contribute to language comprehension and processing ANGULAR GYRUS. WERNICKE'S AREA The arcuate fasciculus connects Wernicke's area to Broca's area ARCULATE FASCICULUS. WERNICKE'S AREA Wernicke's area and Broca's area are critical regions in the human brain interconnected by the arcuate fasciculus, playing pivotal roles in language processing. Wernicke's area is primarily involved in the comprehension of language, a crucial function that precedes speech production. This understanding of language facilitated by Wernicke's area is then utilized by Broca's area, which is responsible for speech production. Together, these areas ensure the seamless processing and production of language, highlighting their interconnected and complementary functions in the complex mechanism of human communication. BROCA'S AREA. LEFT TEMPORAL LOBE Damage to the left temporal lobe can lead to receptive aphasia RECEPTIVE APHASIA.",
    "evaluation": 1
  },
  {
    "correct_answer": "Understanding and producing language is key for communication.",
    "retrieved_context": "WERNICKE'S AREA Wernicke's area is involved in the comprehension stage of language processing LANGUAGE PROCESSING. AUDITORY CORTEX The auditory cortex plays a role in the perception stage of language processing for spoken language LANGUAGE PROCESSING. WERNICKE'S AREA Both Wernicke's area and the angular gyrus contribute to language comprehension and processing ANGULAR GYRUS. WERNICKE'S AREA The arcuate fasciculus connects Wernicke's area to Broca's area ARCULATE FASCICULUS. AUDITORY CORTEX The auditory cortex processes speech sounds before the information is analyzed in Wernicke's area for comprehension WERNICKE'S AREA. WERNICKE'S AREA Wernicke's area and Broca's area are critical regions in the human brain interconnected by the arcuate fasciculus, playing pivotal roles in language processing. Wernicke's area is primarily involved in the comprehension of language, a crucial function that precedes speech production. This understanding of language facilitated by Wernicke's area is then utilized by Broca's area, which is responsible for speech production. Together, these areas ensure the seamless processing and production of language, highlighting their interconnected and complementary functions in the complex mechanism of human communication. BROCA'S AREA. HUMAN BRAIN Language processing is a function of the human brain that involves understanding and producing language LANGUAGE PROCESSING. FRONTAL LOBE The premotor cortex is part of the frontal lobe and is involved in planning movements, including speech PREMOTOR CORTEX. WERNICKE'S AREA Wernicke's area is involved in the comprehension stage of language processing LANGUAGE PROCESSING. VISUAL CORTEX The visual cortex processes written symbols before the information is analyzed in Wernicke's area for comprehension WERNICKE'S AREA. VISUAL CORTEX The visual cortex plays a role in the perception stage of language processing for written language LANGUAGE PROCESSING. WERNICKE'S AREA Both Wernicke's area and the angular gyrus contribute to language comprehension and processing ANGULAR GYRUS. WERNICKE'S AREA The arcuate fasciculus connects Wernicke's area to Broca's area ARCULATE FASCICULUS. WERNICKE'S AREA Wernicke's area and Broca's area are critical regions in the human brain interconnected by the arcuate fasciculus, playing pivotal roles in language processing. Wernicke's area is primarily involved in the comprehension of language, a crucial function that precedes speech production. This understanding of language facilitated by Wernicke's area is then utilized by Broca's area, which is responsible for speech production. Together, these areas ensure the seamless processing and production of language, highlighting their interconnected and complementary functions in the complex mechanism of human communication. BROCA'S AREA. LEFT TEMPORAL LOBE Damage to the left temporal lobe can lead to receptive aphasia RECEPTIVE APHASIA.",
    "evaluation": 1
  },
  {
    "correct_answer": "Researchers have made significant strides in understanding language processing.",
    "retrieved_context": "HUMAN BRAIN Language processing is a function of the human brain that involves understanding and producing language LANGUAGE PROCESSING. WERNICKE'S AREA Wernicke's area is involved in the comprehension stage of language processing LANGUAGE PROCESSING. AUDITORY CORTEX The auditory cortex plays a role in the perception stage of language processing for spoken language LANGUAGE PROCESSING. WERNICKE'S AREA Both Wernicke's area and the angular gyrus contribute to language comprehension and processing ANGULAR GYRUS. WERNICKE'S AREA The arcuate fasciculus connects Wernicke's area to Broca's area ARCULATE FASCICULUS. AUDITORY CORTEX The auditory cortex processes speech sounds before the information is analyzed in Wernicke's area for comprehension WERNICKE'S AREA. WERNICKE'S AREA Wernicke's area and Broca's area are critical regions in the human brain interconnected by the arcuate fasciculus, playing pivotal roles in language processing. Wernicke's area is primarily involved in the comprehension of language, a crucial function that precedes speech production. This understanding of language facilitated by Wernicke's area is then utilized by Broca's area, which is responsible for speech production. Together, these areas ensure the seamless processing and production of language, highlighting their interconnected and complementary functions in the complex mechanism of human communication. BROCA'S AREA. FRONTAL LOBE The premotor cortex is part of the frontal lobe and is involved in planning movements, including speech PREMOTOR CORTEX. LEFT TEMPORAL LOBE Damage to the left temporal lobe can lead to receptive aphasia RECEPTIVE APHASIA. WERNICKE'S AREA Wernicke's area is involved in the comprehension stage of language processing LANGUAGE PROCESSING. VISUAL CORTEX The visual cortex processes written symbols before the information is analyzed in Wernicke's area for comprehension WERNICKE'S AREA. VISUAL CORTEX The visual cortex plays a role in the perception stage of language processing for written language LANGUAGE PROCESSING. WERNICKE'S AREA Both Wernicke's area and the angular gyrus contribute to language comprehension and processing ANGULAR GYRUS. WERNICKE'S AREA The arcuate fasciculus connects Wernicke's area to Broca's area ARCULATE FASCICULUS. WERNICKE'S AREA Wernicke's area and Broca's area are critical regions in the human brain interconnected by the arcuate fasciculus, playing pivotal roles in language processing. Wernicke's area is primarily involved in the comprehension of language, a crucial function that precedes speech production. This understanding of language facilitated by Wernicke's area is then utilized by Broca's area, which is responsible for speech production. Together, these areas ensure the seamless processing and production of language, highlighting their interconnected and complementary functions in the complex mechanism of human communication. BROCA'S AREA.",
    "evaluation": 0
  },
  {
    "correct_answer": "Language processing involves stages like perception, comprehension, production, and acquisition.",
    "retrieved_context": "HUMAN BRAIN Language processing is a function of the human brain that involves understanding and producing language LANGUAGE PROCESSING. WERNICKE'S AREA Wernicke's area is involved in the comprehension stage of language processing LANGUAGE PROCESSING. AUDITORY CORTEX The auditory cortex plays a role in the perception stage of language processing for spoken language LANGUAGE PROCESSING. WERNICKE'S AREA Both Wernicke's area and the angular gyrus contribute to language comprehension and processing ANGULAR GYRUS. WERNICKE'S AREA The arcuate fasciculus connects Wernicke's area to Broca's area ARCULATE FASCICULUS. AUDITORY CORTEX The auditory cortex processes speech sounds before the information is analyzed in Wernicke's area for comprehension WERNICKE'S AREA. WERNICKE'S AREA Wernicke's area and Broca's area are critical regions in the human brain interconnected by the arcuate fasciculus, playing pivotal roles in language processing. Wernicke's area is primarily involved in the comprehension of language, a crucial function that precedes speech production. This understanding of language facilitated by Wernicke's area is then utilized by Broca's area, which is responsible for speech production. Together, these areas ensure the seamless processing and production of language, highlighting their interconnected and complementary functions in the complex mechanism of human communication. BROCA'S AREA. FRONTAL LOBE The premotor cortex is part of the frontal lobe and is involved in planning movements, including speech PREMOTOR CORTEX. LEFT TEMPORAL LOBE Damage to the left temporal lobe can lead to receptive aphasia RECEPTIVE APHASIA. WERNICKE'S AREA Wernicke's area is involved in the comprehension stage of language processing LANGUAGE PROCESSING. VISUAL CORTEX The visual cortex processes written symbols before the information is analyzed in Wernicke's area for comprehension WERNICKE'S AREA. VISUAL CORTEX The visual cortex plays a role in the perception stage of language processing for written language LANGUAGE PROCESSING. WERNICKE'S AREA Both Wernicke's area and the angular gyrus contribute to language comprehension and processing ANGULAR GYRUS. WERNICKE'S AREA The arcuate fasciculus connects Wernicke's area to Broca's area ARCULATE FASCICULUS. WERNICKE'S AREA Wernicke's area and Broca's area are critical regions in the human brain interconnected by the arcuate fasciculus, playing pivotal roles in language processing. Wernicke's area is primarily involved in the comprehension of language, a crucial function that precedes speech production. This understanding of language facilitated by Wernicke's area is then utilized by Broca's area, which is responsible for speech production. Together, these areas ensure the seamless processing and production of language, highlighting their interconnected and complementary functions in the complex mechanism of human communication. BROCA'S AREA.",
    "evaluation": 1
  },
  {
    "correct_answer": "Perception stage involves recognition and decoding of speech sounds or written symbols.",
    "retrieved_context": "WERNICKE'S AREA Wernicke's area is involved in the comprehension stage of language processing LANGUAGE PROCESSING. AUDITORY CORTEX The auditory cortex plays a role in the perception stage of language processing for spoken language LANGUAGE PROCESSING. WERNICKE'S AREA Both Wernicke's area and the angular gyrus contribute to language comprehension and processing ANGULAR GYRUS. WERNICKE'S AREA The arcuate fasciculus connects Wernicke's area to Broca's area ARCULATE FASCICULUS. AUDITORY CORTEX The auditory cortex processes speech sounds before the information is analyzed in Wernicke's area for comprehension WERNICKE'S AREA. WERNICKE'S AREA Wernicke's area and Broca's area are critical regions in the human brain interconnected by the arcuate fasciculus, playing pivotal roles in language processing. Wernicke's area is primarily involved in the comprehension of language, a crucial function that precedes speech production. This understanding of language facilitated by Wernicke's area is then utilized by Broca's area, which is responsible for speech production. Together, these areas ensure the seamless processing and production of language, highlighting their interconnected and complementary functions in the complex mechanism of human communication. BROCA'S AREA. WERNICKE'S AREA Wernicke's area is involved in the comprehension stage of language processing LANGUAGE PROCESSING. VISUAL CORTEX The visual cortex processes written symbols before the information is analyzed in Wernicke's area for comprehension WERNICKE'S AREA. VISUAL CORTEX The visual cortex plays a role in the perception stage of language processing for written language LANGUAGE PROCESSING. WERNICKE'S AREA Both Wernicke's area and the angular gyrus contribute to language comprehension and processing ANGULAR GYRUS. WERNICKE'S AREA The arcuate fasciculus connects Wernicke's area to Broca's area ARCULATE FASCICULUS. WERNICKE'S AREA Wernicke's area and Broca's area are critical regions in the human brain interconnected by the arcuate fasciculus, playing pivotal roles in language processing. Wernicke's area is primarily involved in the comprehension of language, a crucial function that precedes speech production. This understanding of language facilitated by Wernicke's area is then utilized by Broca's area, which is responsible for speech production. Together, these areas ensure the seamless processing and production of language, highlighting their interconnected and complementary functions in the complex mechanism of human communication. BROCA'S AREA. LEFT TEMPORAL LOBE Damage to the left temporal lobe can lead to receptive aphasia RECEPTIVE APHASIA. HUMAN BRAIN Language processing is a function of the human brain that involves understanding and producing language LANGUAGE PROCESSING. FRONTAL LOBE The premotor cortex is part of the frontal lobe and is involved in planning movements, including speech PREMOTOR CORTEX.",
    "evaluation": 0
  },
  {
    "correct_answer": "Perception stage begins in the auditory cortex for spoken language.",
    "retrieved_context": "WERNICKE'S AREA Wernicke's area is involved in the comprehension stage of language processing LANGUAGE PROCESSING. AUDITORY CORTEX The auditory cortex plays a role in the perception stage of language processing for spoken language LANGUAGE PROCESSING. WERNICKE'S AREA Both Wernicke's area and the angular gyrus contribute to language comprehension and processing ANGULAR GYRUS. WERNICKE'S AREA The arcuate fasciculus connects Wernicke's area to Broca's area ARCULATE FASCICULUS. AUDITORY CORTEX The auditory cortex processes speech sounds before the information is analyzed in Wernicke's area for comprehension WERNICKE'S AREA. WERNICKE'S AREA Wernicke's area and Broca's area are critical regions in the human brain interconnected by the arcuate fasciculus, playing pivotal roles in language processing. Wernicke's area is primarily involved in the comprehension of language, a crucial function that precedes speech production. This understanding of language facilitated by Wernicke's area is then utilized by Broca's area, which is responsible for speech production. Together, these areas ensure the seamless processing and production of language, highlighting their interconnected and complementary functions in the complex mechanism of human communication. BROCA'S AREA. WERNICKE'S AREA Wernicke's area is involved in the comprehension stage of language processing LANGUAGE PROCESSING. VISUAL CORTEX The visual cortex processes written symbols before the information is analyzed in Wernicke's area for comprehension WERNICKE'S AREA. VISUAL CORTEX The visual cortex plays a role in the perception stage of language processing for written language LANGUAGE PROCESSING. WERNICKE'S AREA Both Wernicke's area and the angular gyrus contribute to language comprehension and processing ANGULAR GYRUS. WERNICKE'S AREA The arcuate fasciculus connects Wernicke's area to Broca's area ARCULATE FASCICULUS. WERNICKE'S AREA Wernicke's area and Broca's area are critical regions in the human brain interconnected by the arcuate fasciculus, playing pivotal roles in language processing. Wernicke's area is primarily involved in the comprehension of language, a crucial function that precedes speech production. This understanding of language facilitated by Wernicke's area is then utilized by Broca's area, which is responsible for speech production. Together, these areas ensure the seamless processing and production of language, highlighting their interconnected and complementary functions in the complex mechanism of human communication. BROCA'S AREA. HUMAN BRAIN Language processing is a function of the human brain that involves understanding and producing language LANGUAGE PROCESSING. LEFT TEMPORAL LOBE Damage to the left temporal lobe can lead to receptive aphasia RECEPTIVE APHASIA. FRONTAL LOBE The premotor cortex is part of the frontal lobe and is involved in planning movements, including speech PREMOTOR CORTEX.",
    "evaluation": 1
  },
  {
    "correct_answer": "Comprehension involves making sense of linguistic input and extracting meaning.",
    "retrieved_context": "HUMAN BRAIN Language processing is a function of the human brain that involves understanding and producing language LANGUAGE PROCESSING. FRONTAL LOBE The premotor cortex is part of the frontal lobe and is involved in planning movements, including speech PREMOTOR CORTEX. WERNICKE'S AREA Wernicke's area is involved in the comprehension stage of language processing LANGUAGE PROCESSING. AUDITORY CORTEX The auditory cortex plays a role in the perception stage of language processing for spoken language LANGUAGE PROCESSING. WERNICKE'S AREA Both Wernicke's area and the angular gyrus contribute to language comprehension and processing ANGULAR GYRUS. WERNICKE'S AREA The arcuate fasciculus connects Wernicke's area to Broca's area ARCULATE FASCICULUS. AUDITORY CORTEX The auditory cortex processes speech sounds before the information is analyzed in Wernicke's area for comprehension WERNICKE'S AREA. WERNICKE'S AREA Wernicke's area and Broca's area are critical regions in the human brain interconnected by the arcuate fasciculus, playing pivotal roles in language processing. Wernicke's area is primarily involved in the comprehension of language, a crucial function that precedes speech production. This understanding of language facilitated by Wernicke's area is then utilized by Broca's area, which is responsible for speech production. Together, these areas ensure the seamless processing and production of language, highlighting their interconnected and complementary functions in the complex mechanism of human communication. BROCA'S AREA. WERNICKE'S AREA Wernicke's area is involved in the comprehension stage of language processing LANGUAGE PROCESSING. VISUAL CORTEX The visual cortex processes written symbols before the information is analyzed in Wernicke's area for comprehension WERNICKE'S AREA. VISUAL CORTEX The visual cortex plays a role in the perception stage of language processing for written language LANGUAGE PROCESSING. WERNICKE'S AREA Both Wernicke's area and the angular gyrus contribute to language comprehension and processing ANGULAR GYRUS. WERNICKE'S AREA The arcuate fasciculus connects Wernicke's area to Broca's area ARCULATE FASCICULUS. WERNICKE'S AREA Wernicke's area and Broca's area are critical regions in the human brain interconnected by the arcuate fasciculus, playing pivotal roles in language processing. Wernicke's area is primarily involved in the comprehension of language, a crucial function that precedes speech production. This understanding of language facilitated by Wernicke's area is then utilized by Broca's area, which is responsible for speech production. Together, these areas ensure the seamless processing and production of language, highlighting their interconnected and complementary functions in the complex mechanism of human communication. BROCA'S AREA. LEFT TEMPORAL LOBE Damage to the left temporal lobe can lead to receptive aphasia RECEPTIVE APHASIA.",
    "evaluation": 0
  },
  {
    "correct_answer": "Comprehension integrates phonological, syntactic, and semantic information.",
    "retrieved_context": "HUMAN BRAIN Language processing is a function of the human brain that involves understanding and producing language LANGUAGE PROCESSING. WERNICKE'S AREA Wernicke's area is involved in the comprehension stage of language processing LANGUAGE PROCESSING. AUDITORY CORTEX The auditory cortex plays a role in the perception stage of language processing for spoken language LANGUAGE PROCESSING. WERNICKE'S AREA Both Wernicke's area and the angular gyrus contribute to language comprehension and processing ANGULAR GYRUS. WERNICKE'S AREA The arcuate fasciculus connects Wernicke's area to Broca's area ARCULATE FASCICULUS. AUDITORY CORTEX The auditory cortex processes speech sounds before the information is analyzed in Wernicke's area for comprehension WERNICKE'S AREA. WERNICKE'S AREA Wernicke's area and Broca's area are critical regions in the human brain interconnected by the arcuate fasciculus, playing pivotal roles in language processing. Wernicke's area is primarily involved in the comprehension of language, a crucial function that precedes speech production. This understanding of language facilitated by Wernicke's area is then utilized by Broca's area, which is responsible for speech production. Together, these areas ensure the seamless processing and production of language, highlighting their interconnected and complementary functions in the complex mechanism of human communication. BROCA'S AREA. FRONTAL LOBE The premotor cortex is part of the frontal lobe and is involved in planning movements, including speech PREMOTOR CORTEX. LEFT TEMPORAL LOBE Damage to the left temporal lobe can lead to receptive aphasia RECEPTIVE APHASIA. WERNICKE'S AREA Wernicke's area is involved in the comprehension stage of language processing LANGUAGE PROCESSING. VISUAL CORTEX The visual cortex processes written symbols before the information is analyzed in Wernicke's area for comprehension WERNICKE'S AREA. VISUAL CORTEX The visual cortex plays a role in the perception stage of language processing for written language LANGUAGE PROCESSING. WERNICKE'S AREA Both Wernicke's area and the angular gyrus contribute to language comprehension and processing ANGULAR GYRUS. WERNICKE'S AREA The arcuate fasciculus connects Wernicke's area to Broca's area ARCULATE FASCICULUS. WERNICKE'S AREA Wernicke's area and Broca's area are critical regions in the human brain interconnected by the arcuate fasciculus, playing pivotal roles in language processing. Wernicke's area is primarily involved in the comprehension of language, a crucial function that precedes speech production. This understanding of language facilitated by Wernicke's area is then utilized by Broca's area, which is responsible for speech production. Together, these areas ensure the seamless processing and production of language, highlighting their interconnected and complementary functions in the complex mechanism of human communication. BROCA'S AREA.",
    "evaluation": 0
  },
  {
    "correct_answer": "Production stage involves generating a response in spoken or written language.",
    "retrieved_context": "HUMAN BRAIN Language processing is a function of the human brain that involves understanding and producing language LANGUAGE PROCESSING. WERNICKE'S AREA Wernicke's area is involved in the comprehension stage of language processing LANGUAGE PROCESSING. AUDITORY CORTEX The auditory cortex plays a role in the perception stage of language processing for spoken language LANGUAGE PROCESSING. WERNICKE'S AREA Both Wernicke's area and the angular gyrus contribute to language comprehension and processing ANGULAR GYRUS. WERNICKE'S AREA The arcuate fasciculus connects Wernicke's area to Broca's area ARCULATE FASCICULUS. AUDITORY CORTEX The auditory cortex processes speech sounds before the information is analyzed in Wernicke's area for comprehension WERNICKE'S AREA. WERNICKE'S AREA Wernicke's area and Broca's area are critical regions in the human brain interconnected by the arcuate fasciculus, playing pivotal roles in language processing. Wernicke's area is primarily involved in the comprehension of language, a crucial function that precedes speech production. This understanding of language facilitated by Wernicke's area is then utilized by Broca's area, which is responsible for speech production. Together, these areas ensure the seamless processing and production of language, highlighting their interconnected and complementary functions in the complex mechanism of human communication. BROCA'S AREA. FRONTAL LOBE The premotor cortex is part of the frontal lobe and is involved in planning movements, including speech PREMOTOR CORTEX. WERNICKE'S AREA Wernicke's area is involved in the comprehension stage of language processing LANGUAGE PROCESSING. VISUAL CORTEX The visual cortex processes written symbols before the information is analyzed in Wernicke's area for comprehension WERNICKE'S AREA. VISUAL CORTEX The visual cortex plays a role in the perception stage of language processing for written language LANGUAGE PROCESSING. WERNICKE'S AREA Both Wernicke's area and the angular gyrus contribute to language comprehension and processing ANGULAR GYRUS. WERNICKE'S AREA The arcuate fasciculus connects Wernicke's area to Broca's area ARCULATE FASCICULUS. WERNICKE'S AREA Wernicke's area and Broca's area are critical regions in the human brain interconnected by the arcuate fasciculus, playing pivotal roles in language processing. Wernicke's area is primarily involved in the comprehension of language, a crucial function that precedes speech production. This understanding of language facilitated by Wernicke's area is then utilized by Broca's area, which is responsible for speech production. Together, these areas ensure the seamless processing and production of language, highlighting their interconnected and complementary functions in the complex mechanism of human communication. BROCA'S AREA. LEFT TEMPORAL LOBE Damage to the left temporal lobe can lead to receptive aphasia RECEPTIVE APHASIA.",
    "evaluation": 0
  },
  {
    "correct_answer": "Production stage activates motor areas in the frontal lobe.",
    "retrieved_context": "FRONTAL LOBE The premotor cortex is part of the frontal lobe and is involved in planning movements, including speech PREMOTOR CORTEX. LEFT TEMPORAL LOBE Damage to the left temporal lobe can lead to receptive aphasia RECEPTIVE APHASIA. HUMAN BRAIN Language processing is a function of the human brain that involves understanding and producing language LANGUAGE PROCESSING. WERNICKE'S AREA Wernicke's area is involved in the comprehension stage of language processing LANGUAGE PROCESSING. VISUAL CORTEX The visual cortex processes written symbols before the information is analyzed in Wernicke's area for comprehension WERNICKE'S AREA. VISUAL CORTEX The visual cortex plays a role in the perception stage of language processing for written language LANGUAGE PROCESSING. WERNICKE'S AREA Both Wernicke's area and the angular gyrus contribute to language comprehension and processing ANGULAR GYRUS. WERNICKE'S AREA The arcuate fasciculus connects Wernicke's area to Broca's area ARCULATE FASCICULUS. WERNICKE'S AREA Wernicke's area and Broca's area are critical regions in the human brain interconnected by the arcuate fasciculus, playing pivotal roles in language processing. Wernicke's area is primarily involved in the comprehension of language, a crucial function that precedes speech production. This understanding of language facilitated by Wernicke's area is then utilized by Broca's area, which is responsible for speech production. Together, these areas ensure the seamless processing and production of language, highlighting their interconnected and complementary functions in the complex mechanism of human communication. BROCA'S AREA. WERNICKE'S AREA Wernicke's area is involved in the comprehension stage of language processing LANGUAGE PROCESSING. AUDITORY CORTEX The auditory cortex plays a role in the perception stage of language processing for spoken language LANGUAGE PROCESSING. WERNICKE'S AREA Both Wernicke's area and the angular gyrus contribute to language comprehension and processing ANGULAR GYRUS. WERNICKE'S AREA The arcuate fasciculus connects Wernicke's area to Broca's area ARCULATE FASCICULUS. AUDITORY CORTEX The auditory cortex processes speech sounds before the information is analyzed in Wernicke's area for comprehension WERNICKE'S AREA. WERNICKE'S AREA Wernicke's area and Broca's area are critical regions in the human brain interconnected by the arcuate fasciculus, playing pivotal roles in language processing. Wernicke's area is primarily involved in the comprehension of language, a crucial function that precedes speech production. This understanding of language facilitated by Wernicke's area is then utilized by Broca's area, which is responsible for speech production. Together, these areas ensure the seamless processing and production of language, highlighting their interconnected and complementary functions in the complex mechanism of human communication. BROCA'S AREA. FRONTAL LOBE The premotor cortex is part of the frontal lobe and is involved in planning movements, including speech PREMOTOR CORTEX. ANGULAR GYRUS The angular gyrus works in conjunction with the left temporal lobe for reading and writing LEFT TEMPORAL LOBE. BROCA'S AREA Broca's area and the angular gyrus are critical regions in the brain that collaborate closely in the comprehension and production of language. They are both involved in the process of linking words to their meanings and in grammatical processing. This partnership between Broca's area and the angular gyrus is essential for the complex functions of language understanding and communication, highlighting their interconnected roles in the neural mechanisms underlying language. ANGULAR GYRUS. BROCA'S AREA The arcuate fasciculus connects Broca's area to Wernicke's area ARCULATE FASCICULUS. BROCA'S AREA Broca's area is located within the frontal lobe and is involved in language production FRONTAL LOBE. ANGULAR GYRUS The angular gyrus is involved in the comprehension stage of language processing LANGUAGE PROCESSING. BROCA'S AREA Broca's area is involved in the production stage of language processing LANGUAGE PROCESSING.",
    "evaluation": 1
  },
  {
    "correct_answer": "Language acquisition involves learning new words and grammatical rules.",
    "retrieved_context": "WERNICKE'S AREA Wernicke's area is involved in the comprehension stage of language processing LANGUAGE PROCESSING. AUDITORY CORTEX The auditory cortex plays a role in the perception stage of language processing for spoken language LANGUAGE PROCESSING. WERNICKE'S AREA Both Wernicke's area and the angular gyrus contribute to language comprehension and processing ANGULAR GYRUS. WERNICKE'S AREA The arcuate fasciculus connects Wernicke's area to Broca's area ARCULATE FASCICULUS. AUDITORY CORTEX The auditory cortex processes speech sounds before the information is analyzed in Wernicke's area for comprehension WERNICKE'S AREA. WERNICKE'S AREA Wernicke's area and Broca's area are critical regions in the human brain interconnected by the arcuate fasciculus, playing pivotal roles in language processing. Wernicke's area is primarily involved in the comprehension of language, a crucial function that precedes speech production. This understanding of language facilitated by Wernicke's area is then utilized by Broca's area, which is responsible for speech production. Together, these areas ensure the seamless processing and production of language, highlighting their interconnected and complementary functions in the complex mechanism of human communication. BROCA'S AREA. HUMAN BRAIN Language processing is a function of the human brain that involves understanding and producing language LANGUAGE PROCESSING. FRONTAL LOBE The premotor cortex is part of the frontal lobe and is involved in planning movements, including speech PREMOTOR CORTEX. WERNICKE'S AREA Wernicke's area is involved in the comprehension stage of language processing LANGUAGE PROCESSING. VISUAL CORTEX The visual cortex processes written symbols before the information is analyzed in Wernicke's area for comprehension WERNICKE'S AREA. VISUAL CORTEX The visual cortex plays a role in the perception stage of language processing for written language LANGUAGE PROCESSING. WERNICKE'S AREA Both Wernicke's area and the angular gyrus contribute to language comprehension and processing ANGULAR GYRUS. WERNICKE'S AREA The arcuate fasciculus connects Wernicke's area to Broca's area ARCULATE FASCICULUS. WERNICKE'S AREA Wernicke's area and Broca's area are critical regions in the human brain interconnected by the arcuate fasciculus, playing pivotal roles in language processing. Wernicke's area is primarily involved in the comprehension of language, a crucial function that precedes speech production. This understanding of language facilitated by Wernicke's area is then utilized by Broca's area, which is responsible for speech production. Together, these areas ensure the seamless processing and production of language, highlighting their interconnected and complementary functions in the complex mechanism of human communication. BROCA'S AREA. LEFT TEMPORAL LOBE Damage to the left temporal lobe can lead to receptive aphasia RECEPTIVE APHASIA.",
    "evaluation": 0
  },
  {
    "correct_answer": "Broca's area is crucial for language production and grammatical processing.",
    "retrieved_context": "FRONTAL LOBE The premotor cortex is part of the frontal lobe and is involved in planning movements, including speech PREMOTOR CORTEX. ANGULAR GYRUS The angular gyrus works in conjunction with the left temporal lobe for reading and writing LEFT TEMPORAL LOBE. BROCA'S AREA Broca's area and the angular gyrus are critical regions in the brain that collaborate closely in the comprehension and production of language. They are both involved in the process of linking words to their meanings and in grammatical processing. This partnership between Broca's area and the angular gyrus is essential for the complex functions of language understanding and communication, highlighting their interconnected roles in the neural mechanisms underlying language. ANGULAR GYRUS. BROCA'S AREA The arcuate fasciculus connects Broca's area to Wernicke's area ARCULATE FASCICULUS. BROCA'S AREA Broca's area is located within the frontal lobe and is involved in language production FRONTAL LOBE. ANGULAR GYRUS The angular gyrus is involved in the comprehension stage of language processing LANGUAGE PROCESSING. BROCA'S AREA Broca's area is involved in the production stage of language processing LANGUAGE PROCESSING. FRONTAL LOBE The premotor cortex is part of the frontal lobe and is involved in planning movements, including speech PREMOTOR CORTEX. WERNICKE'S AREA Wernicke's area is involved in the comprehension stage of language processing LANGUAGE PROCESSING. AUDITORY CORTEX The auditory cortex plays a role in the perception stage of language processing for spoken language LANGUAGE PROCESSING. WERNICKE'S AREA Both Wernicke's area and the angular gyrus contribute to language comprehension and processing ANGULAR GYRUS. WERNICKE'S AREA The arcuate fasciculus connects Wernicke's area to Broca's area ARCULATE FASCICULUS. AUDITORY CORTEX The auditory cortex processes speech sounds before the information is analyzed in Wernicke's area for comprehension WERNICKE'S AREA. WERNICKE'S AREA Wernicke's area and Broca's area are critical regions in the human brain interconnected by the arcuate fasciculus, playing pivotal roles in language processing. Wernicke's area is primarily involved in the comprehension of language, a crucial function that precedes speech production. This understanding of language facilitated by Wernicke's area is then utilized by Broca's area, which is responsible for speech production. Together, these areas ensure the seamless processing and production of language, highlighting their interconnected and complementary functions in the complex mechanism of human communication. BROCA'S AREA. HUMAN BRAIN Language processing is a function of the human brain that involves understanding and producing language LANGUAGE PROCESSING. LEFT TEMPORAL LOBE Damage to the left temporal lobe can lead to receptive aphasia RECEPTIVE APHASIA. WERNICKE'S AREA Wernicke's area is involved in the comprehension stage of language processing LANGUAGE PROCESSING. VISUAL CORTEX The visual cortex processes written symbols before the information is analyzed in Wernicke's area for comprehension WERNICKE'S AREA. VISUAL CORTEX The visual cortex plays a role in the perception stage of language processing for written language LANGUAGE PROCESSING. WERNICKE'S AREA Both Wernicke's area and the angular gyrus contribute to language comprehension and processing ANGULAR GYRUS. WERNICKE'S AREA The arcuate fasciculus connects Wernicke's area to Broca's area ARCULATE FASCICULUS. WERNICKE'S AREA Wernicke's area and Broca's area are critical regions in the human brain interconnected by the arcuate fasciculus, playing pivotal roles in language processing. Wernicke's area is primarily involved in the comprehension of language, a crucial function that precedes speech production. This understanding of language facilitated by Wernicke's area is then utilized by Broca's area, which is responsible for speech production. Together, these areas ensure the seamless processing and production of language, highlighting their interconnected and complementary functions in the complex mechanism of human communication. BROCA'S AREA.",
    "evaluation": 1
  },
  {
    "correct_answer": "Wernicke's area is responsible for language comprehension and semantic processing.",
    "retrieved_context": "WERNICKE'S AREA Wernicke's area is involved in the comprehension stage of language processing LANGUAGE PROCESSING. ANGULAR GYRUS The angular gyrus works in conjunction with the left temporal lobe for reading and writing LEFT TEMPORAL LOBE. BROCA'S AREA Broca's area and the angular gyrus are critical regions in the brain that collaborate closely in the comprehension and production of language. They are both involved in the process of linking words to their meanings and in grammatical processing. This partnership between Broca's area and the angular gyrus is essential for the complex functions of language understanding and communication, highlighting their interconnected roles in the neural mechanisms underlying language. ANGULAR GYRUS. WERNICKE'S AREA Both Wernicke's area and the angular gyrus contribute to language comprehension and processing ANGULAR GYRUS. BROCA'S AREA The arcuate fasciculus connects Broca's area to Wernicke's area ARCULATE FASCICULUS. BROCA'S AREA Broca's area is located within the frontal lobe and is involved in language production FRONTAL LOBE. WERNICKE'S AREA The arcuate fasciculus connects Wernicke's area to Broca's area ARCULATE FASCICULUS. ANGULAR GYRUS The angular gyrus is involved in the comprehension stage of language processing LANGUAGE PROCESSING. BROCA'S AREA Broca's area is involved in the production stage of language processing LANGUAGE PROCESSING. WERNICKE'S AREA Wernicke's area and Broca's area are critical regions in the human brain interconnected by the arcuate fasciculus, playing pivotal roles in language processing. Wernicke's area is primarily involved in the comprehension of language, a crucial function that precedes speech production. This understanding of language facilitated by Wernicke's area is then utilized by Broca's area, which is responsible for speech production. Together, these areas ensure the seamless processing and production of language, highlighting their interconnected and complementary functions in the complex mechanism of human communication. BROCA'S AREA. HUMAN BRAIN Language processing is a function of the human brain that involves understanding and producing language LANGUAGE PROCESSING. WERNICKE'S AREA Wernicke's area is involved in the comprehension stage of language processing LANGUAGE PROCESSING. AUDITORY CORTEX The auditory cortex plays a role in the perception stage of language processing for spoken language LANGUAGE PROCESSING. WERNICKE'S AREA Both Wernicke's area and the angular gyrus contribute to language comprehension and processing ANGULAR GYRUS. WERNICKE'S AREA The arcuate fasciculus connects Wernicke's area to Broca's area ARCULATE FASCICULUS. AUDITORY CORTEX The auditory cortex processes speech sounds before the information is analyzed in Wernicke's area for comprehension WERNICKE'S AREA. WERNICKE'S AREA Wernicke's area and Broca's area are critical regions in the human brain interconnected by the arcuate fasciculus, playing pivotal roles in language processing. Wernicke's area is primarily involved in the comprehension of language, a crucial function that precedes speech production. This understanding of language facilitated by Wernicke's area is then utilized by Broca's area, which is responsible for speech production. Together, these areas ensure the seamless processing and production of language, highlighting their interconnected and complementary functions in the complex mechanism of human communication. BROCA'S AREA. FRONTAL LOBE The premotor cortex is part of the frontal lobe and is involved in planning movements, including speech PREMOTOR CORTEX. LEFT TEMPORAL LOBE Damage to the left temporal lobe can lead to receptive aphasia RECEPTIVE APHASIA. WERNICKE'S AREA Wernicke's area is involved in the comprehension stage of language processing LANGUAGE PROCESSING. VISUAL CORTEX The visual cortex processes written symbols before the information is analyzed in Wernicke's area for comprehension WERNICKE'S AREA. VISUAL CORTEX The visual cortex plays a role in the perception stage of language processing for written language LANGUAGE PROCESSING. WERNICKE'S AREA Both Wernicke's area and the angular gyrus contribute to language comprehension and processing ANGULAR GYRUS. WERNICKE'S AREA The arcuate fasciculus connects Wernicke's area to Broca's area ARCULATE FASCICULUS. WERNICKE'S AREA Wernicke's area and Broca's area are critical regions in the human brain interconnected by the arcuate fasciculus, playing pivotal roles in language processing. Wernicke's area is primarily involved in the comprehension of language, a crucial function that precedes speech production. This understanding of language facilitated by Wernicke's area is then utilized by Broca's area, which is responsible for speech production. Together, these areas ensure the seamless processing and production of language, highlighting their interconnected and complementary functions in the complex mechanism of human communication. BROCA'S AREA.",
    "evaluation": 1
  },
  {
    "accuracy": "60.00%"
  }
]