[
  {
    "correct_answer": "Magic tricks captivate audiences for centuries.",
    "retrieved_context": "RENAISSANCE John Dee was a prominent figure in the resurgence of magic during the Renaissance, using science and math in his acts JOHN DEE. RENAISSANCE Girolamo Cardano contributed to the Renaissance's interest in magic with his performances that included scientific and mathematical elements GIROLAMO CARDANO. RENAISSANCE John Dee was a prominent figure in the resurgence of magic during the Renaissance, using science and math in his acts JOHN DEE. RENAISSANCE Girolamo Cardano contributed to the Renaissance's interest in magic with his performances that included scientific and mathematical elements GIROLAMO CARDANO. MIDDLE AGES The transition from the mystical and occult magic of the Middle Ages to the scientifically influenced magic of the Renaissance RENAISSANCE. ANCIENT EGYPT Harry Houdini's performances were part of the evolution of magic that has its roots in Ancient Egypt HARRY HOUDINI. ANCIENT EGYPT Jean Eugène Robert-Houdin's art of magic was influenced by the foundational elements of magic that originated in Ancient Egypt JEAN EUGÈNE ROBERT-HOUDIN. MIDDLE AGES The transition from the mystical and occult magic of the Middle Ages to the scientifically influenced magic of the Renaissance RENAISSANCE. ANCIENT EGYPT Penn & Teller's innovative magic tricks are a continuation of the magical traditions that started in Ancient Egypt PENN & TELLER. ANCIENT EGYPT David Copperfield's sophisticated illusions are part of the long history of magic that began in Ancient Egypt DAVID COPPERFIELD. DAVID COPPERFIELD Both magicians are known for their sophisticated and technologically advanced magic tricks in the 20th century PENN & TELLER. ANCIENT EGYPT The evolution of magic from Ancient Egypt's religious ceremonies to the mystical performances of the Middle Ages MIDDLE AGES. JEAN EUGÈNE ROBERT-HOUDIN Both magicians revolutionized the art of magic in the 19th century with their performances HARRY HOUDINI. JEAN EUGÈNE ROBERT-HOUDIN Both magicians revolutionized the art of magic in the 19th century with their performances HARRY HOUDINI. DAVID COPPERFIELD Both magicians are known for their sophisticated and technologically advanced magic tricks in the 20th century PENN & TELLER.",
    "evaluation": 1
  },
  {
    "correct_answer": "Magic tricks defy logic and challenge perceptions of reality.",
    "retrieved_context": "RENAISSANCE John Dee was a prominent figure in the resurgence of magic during the Renaissance, using science and math in his acts JOHN DEE. RENAISSANCE Girolamo Cardano contributed to the Renaissance's interest in magic with his performances that included scientific and mathematical elements GIROLAMO CARDANO. ANCIENT EGYPT Harry Houdini's performances were part of the evolution of magic that has its roots in Ancient Egypt HARRY HOUDINI. ANCIENT EGYPT Jean Eugène Robert-Houdin's art of magic was influenced by the foundational elements of magic that originated in Ancient Egypt JEAN EUGÈNE ROBERT-HOUDIN. MIDDLE AGES The transition from the mystical and occult magic of the Middle Ages to the scientifically influenced magic of the Renaissance RENAISSANCE. ANCIENT EGYPT Penn & Teller's innovative magic tricks are a continuation of the magical traditions that started in Ancient Egypt PENN & TELLER. ANCIENT EGYPT David Copperfield's sophisticated illusions are part of the long history of magic that began in Ancient Egypt DAVID COPPERFIELD. DAVID COPPERFIELD Both magicians are known for their sophisticated and technologically advanced magic tricks in the 20th century PENN & TELLER. ANCIENT EGYPT The evolution of magic from Ancient Egypt's religious ceremonies to the mystical performances of the Middle Ages MIDDLE AGES. JEAN EUGÈNE ROBERT-HOUDIN Both magicians revolutionized the art of magic in the 19th century with their performances HARRY HOUDINI. RENAISSANCE John Dee was a prominent figure in the resurgence of magic during the Renaissance, using science and math in his acts JOHN DEE. RENAISSANCE Girolamo Cardano contributed to the Renaissance's interest in magic with his performances that included scientific and mathematical elements GIROLAMO CARDANO. MIDDLE AGES The transition from the mystical and occult magic of the Middle Ages to the scientifically influenced magic of the Renaissance RENAISSANCE. DAVID COPPERFIELD Both magicians are known for their sophisticated and technologically advanced magic tricks in the 20th century PENN & TELLER.",
    "evaluation": 0
  },
  {
    "correct_answer": "Magic tricks date back to ancient times.",
    "retrieved_context": "ANCIENT EGYPT Harry Houdini's performances were part of the evolution of magic that has its roots in Ancient Egypt HARRY HOUDINI. ANCIENT EGYPT Jean Eugène Robert-Houdin's art of magic was influenced by the foundational elements of magic that originated in Ancient Egypt JEAN EUGÈNE ROBERT-HOUDIN. MIDDLE AGES The transition from the mystical and occult magic of the Middle Ages to the scientifically influenced magic of the Renaissance RENAISSANCE. ANCIENT EGYPT Penn & Teller's innovative magic tricks are a continuation of the magical traditions that started in Ancient Egypt PENN & TELLER. ANCIENT EGYPT David Copperfield's sophisticated illusions are part of the long history of magic that began in Ancient Egypt DAVID COPPERFIELD. DAVID COPPERFIELD Both magicians are known for their sophisticated and technologically advanced magic tricks in the 20th century PENN & TELLER. ANCIENT EGYPT The evolution of magic from Ancient Egypt's religious ceremonies to the mystical performances of the Middle Ages MIDDLE AGES. JEAN EUGÈNE ROBERT-HOUDIN Both magicians revolutionized the art of magic in the 19th century with their performances HARRY HOUDINI. RENAISSANCE John Dee was a prominent figure in the resurgence of magic during the Renaissance, using science and math in his acts JOHN DEE. RENAISSANCE Girolamo Cardano contributed to the Renaissance's interest in magic with his performances that included scientific and mathematical elements GIROLAMO CARDANO. MIDDLE AGES The transition from the mystical and occult magic of the Middle Ages to the scientifically influenced magic of the Renaissance RENAISSANCE. RENAISSANCE John Dee was a prominent figure in the resurgence of magic during the Renaissance, using science and math in his acts JOHN DEE. RENAISSANCE Girolamo Cardano contributed to the Renaissance's interest in magic with his performances that included scientific and mathematical elements GIROLAMO CARDANO. ANCIENT GREECE Both Ancient Greece and Ancient Rome contributed to the development of magic tricks with public performances ANCIENT ROME.",
    "evaluation": 1
  },
  {
    "correct_answer": "Illusions and sleight of hand entertain and mystify people.",
    "retrieved_context": "RENAISSANCE John Dee was a prominent figure in the resurgence of magic during the Renaissance, using science and math in his acts JOHN DEE. RENAISSANCE Girolamo Cardano contributed to the Renaissance's interest in magic with his performances that included scientific and mathematical elements GIROLAMO CARDANO. RENAISSANCE John Dee was a prominent figure in the resurgence of magic during the Renaissance, using science and math in his acts JOHN DEE. RENAISSANCE Girolamo Cardano contributed to the Renaissance's interest in magic with his performances that included scientific and mathematical elements GIROLAMO CARDANO. MIDDLE AGES The transition from the mystical and occult magic of the Middle Ages to the scientifically influenced magic of the Renaissance RENAISSANCE. ANCIENT EGYPT Harry Houdini's performances were part of the evolution of magic that has its roots in Ancient Egypt HARRY HOUDINI. ANCIENT EGYPT Jean Eugène Robert-Houdin's art of magic was influenced by the foundational elements of magic that originated in Ancient Egypt JEAN EUGÈNE ROBERT-HOUDIN. MIDDLE AGES The transition from the mystical and occult magic of the Middle Ages to the scientifically influenced magic of the Renaissance RENAISSANCE. ANCIENT EGYPT Penn & Teller's innovative magic tricks are a continuation of the magical traditions that started in Ancient Egypt PENN & TELLER. ANCIENT EGYPT David Copperfield's sophisticated illusions are part of the long history of magic that began in Ancient Egypt DAVID COPPERFIELD. DAVID COPPERFIELD Both magicians are known for their sophisticated and technologically advanced magic tricks in the 20th century PENN & TELLER. ANCIENT EGYPT The evolution of magic from Ancient Egypt's religious ceremonies to the mystical performances of the Middle Ages MIDDLE AGES. JEAN EUGÈNE ROBERT-HOUDIN Both magicians revolutionized the art of magic in the 19th century with their performances HARRY HOUDINI. ANCIENT GREECE Both Ancient Greece and Ancient Rome contributed to the development of magic tricks with public performances ANCIENT ROME. DAVID COPPERFIELD Both magicians are known for their sophisticated and technologically advanced magic tricks in the 20th century PENN & TELLER.",
    "evaluation": 0
  },
  {
    "correct_answer": "Ancient Egypt has early records of magic tricks.",
    "retrieved_context": "ANCIENT EGYPT Harry Houdini's performances were part of the evolution of magic that has its roots in Ancient Egypt HARRY HOUDINI. ANCIENT EGYPT Jean Eugène Robert-Houdin's art of magic was influenced by the foundational elements of magic that originated in Ancient Egypt JEAN EUGÈNE ROBERT-HOUDIN. MIDDLE AGES The transition from the mystical and occult magic of the Middle Ages to the scientifically influenced magic of the Renaissance RENAISSANCE. ANCIENT EGYPT Penn & Teller's innovative magic tricks are a continuation of the magical traditions that started in Ancient Egypt PENN & TELLER. ANCIENT EGYPT David Copperfield's sophisticated illusions are part of the long history of magic that began in Ancient Egypt DAVID COPPERFIELD. DAVID COPPERFIELD Both magicians are known for their sophisticated and technologically advanced magic tricks in the 20th century PENN & TELLER. ANCIENT EGYPT The evolution of magic from Ancient Egypt's religious ceremonies to the mystical performances of the Middle Ages MIDDLE AGES. JEAN EUGÈNE ROBERT-HOUDIN Both magicians revolutionized the art of magic in the 19th century with their performances HARRY HOUDINI. ANCIENT GREECE Both Ancient Greece and Ancient Rome contributed to the development of magic tricks with public performances ANCIENT ROME. RENAISSANCE John Dee was a prominent figure in the resurgence of magic during the Renaissance, using science and math in his acts JOHN DEE. RENAISSANCE Girolamo Cardano contributed to the Renaissance's interest in magic with his performances that included scientific and mathematical elements GIROLAMO CARDANO. MIDDLE AGES The transition from the mystical and occult magic of the Middle Ages to the scientifically influenced magic of the Renaissance RENAISSANCE. RENAISSANCE John Dee was a prominent figure in the resurgence of magic during the Renaissance, using science and math in his acts JOHN DEE. RENAISSANCE Girolamo Cardano contributed to the Renaissance's interest in magic with his performances that included scientific and mathematical elements GIROLAMO CARDANO.",
    "evaluation": 1
  },
  {
    "correct_answer": "Magicians in ancient Egypt used sleight of hand and misdirection.",
    "retrieved_context": "ANCIENT EGYPT Harry Houdini's performances were part of the evolution of magic that has its roots in Ancient Egypt HARRY HOUDINI. ANCIENT EGYPT Jean Eugène Robert-Houdin's art of magic was influenced by the foundational elements of magic that originated in Ancient Egypt JEAN EUGÈNE ROBERT-HOUDIN. MIDDLE AGES The transition from the mystical and occult magic of the Middle Ages to the scientifically influenced magic of the Renaissance RENAISSANCE. ANCIENT EGYPT Penn & Teller's innovative magic tricks are a continuation of the magical traditions that started in Ancient Egypt PENN & TELLER. ANCIENT EGYPT David Copperfield's sophisticated illusions are part of the long history of magic that began in Ancient Egypt DAVID COPPERFIELD. DAVID COPPERFIELD Both magicians are known for their sophisticated and technologically advanced magic tricks in the 20th century PENN & TELLER. ANCIENT EGYPT The evolution of magic from Ancient Egypt's religious ceremonies to the mystical performances of the Middle Ages MIDDLE AGES. JEAN EUGÈNE ROBERT-HOUDIN Both magicians revolutionized the art of magic in the 19th century with their performances HARRY HOUDINI. RENAISSANCE John Dee was a prominent figure in the resurgence of magic during the Renaissance, using science and math in his acts JOHN DEE. RENAISSANCE Girolamo Cardano contributed to the Renaissance's interest in magic with his performances that included scientific and mathematical elements GIROLAMO CARDANO. MIDDLE AGES The transition from the mystical and occult magic of the Middle Ages to the scientifically influenced magic of the Renaissance RENAISSANCE. ANCIENT GREECE Both Ancient Greece and Ancient Rome contributed to the development of magic tricks with public performances ANCIENT ROME. RENAISSANCE John Dee was a prominent figure in the resurgence of magic during the Renaissance, using science and math in his acts JOHN DEE. RENAISSANCE Girolamo Cardano contributed to the Renaissance's interest in magic with his performances that included scientific and mathematical elements GIROLAMO CARDANO. DAVID COPPERFIELD Both magicians are known for their sophisticated and technologically advanced magic tricks in the 20th century PENN & TELLER. JEAN EUGÈNE ROBERT-HOUDIN Both magicians revolutionized the art of magic in the 19th century with their performances HARRY HOUDINI.",
    "evaluation": 0
  },
  {
    "correct_answer": "Magic tricks were used in religious ceremonies in ancient Egypt.",
    "retrieved_context": "ANCIENT EGYPT Harry Houdini's performances were part of the evolution of magic that has its roots in Ancient Egypt HARRY HOUDINI. ANCIENT EGYPT Jean Eugène Robert-Houdin's art of magic was influenced by the foundational elements of magic that originated in Ancient Egypt JEAN EUGÈNE ROBERT-HOUDIN. MIDDLE AGES The transition from the mystical and occult magic of the Middle Ages to the scientifically influenced magic of the Renaissance RENAISSANCE. ANCIENT EGYPT Penn & Teller's innovative magic tricks are a continuation of the magical traditions that started in Ancient Egypt PENN & TELLER. ANCIENT EGYPT David Copperfield's sophisticated illusions are part of the long history of magic that began in Ancient Egypt DAVID COPPERFIELD. DAVID COPPERFIELD Both magicians are known for their sophisticated and technologically advanced magic tricks in the 20th century PENN & TELLER. ANCIENT EGYPT The evolution of magic from Ancient Egypt's religious ceremonies to the mystical performances of the Middle Ages MIDDLE AGES. JEAN EUGÈNE ROBERT-HOUDIN Both magicians revolutionized the art of magic in the 19th century with their performances HARRY HOUDINI. RENAISSANCE John Dee was a prominent figure in the resurgence of magic during the Renaissance, using science and math in his acts JOHN DEE. RENAISSANCE Girolamo Cardano contributed to the Renaissance's interest in magic with his performances that included scientific and mathematical elements GIROLAMO CARDANO. MIDDLE AGES The transition from the mystical and occult magic of the Middle Ages to the scientifically influenced magic of the Renaissance RENAISSANCE. ANCIENT GREECE Both Ancient Greece and Ancient Rome contributed to the development of magic tricks with public performances ANCIENT ROME. RENAISSANCE John Dee was a prominent figure in the resurgence of magic during the Renaissance, using science and math in his acts JOHN DEE. RENAISSANCE Girolamo Cardano contributed to the Renaissance's interest in magic with his performances that included scientific and mathematical elements GIROLAMO CARDANO. DAVID COPPERFIELD Both magicians are known for their sophisticated and technologically advanced magic tricks in the 20th century PENN & TELLER.",
    "evaluation": 1
  },
  {
    "correct_answer": "Ancient Egyptians used props like cups and balls in magic tricks.",
    "retrieved_context": "ANCIENT EGYPT Harry Houdini's performances were part of the evolution of magic that has its roots in Ancient Egypt HARRY HOUDINI. ANCIENT EGYPT Jean Eugène Robert-Houdin's art of magic was influenced by the foundational elements of magic that originated in Ancient Egypt JEAN EUGÈNE ROBERT-HOUDIN. MIDDLE AGES The transition from the mystical and occult magic of the Middle Ages to the scientifically influenced magic of the Renaissance RENAISSANCE. ANCIENT EGYPT Penn & Teller's innovative magic tricks are a continuation of the magical traditions that started in Ancient Egypt PENN & TELLER. ANCIENT EGYPT David Copperfield's sophisticated illusions are part of the long history of magic that began in Ancient Egypt DAVID COPPERFIELD. DAVID COPPERFIELD Both magicians are known for their sophisticated and technologically advanced magic tricks in the 20th century PENN & TELLER. ANCIENT EGYPT The evolution of magic from Ancient Egypt's religious ceremonies to the mystical performances of the Middle Ages MIDDLE AGES. JEAN EUGÈNE ROBERT-HOUDIN Both magicians revolutionized the art of magic in the 19th century with their performances HARRY HOUDINI. ANCIENT GREECE Both Ancient Greece and Ancient Rome contributed to the development of magic tricks with public performances ANCIENT ROME. RENAISSANCE John Dee was a prominent figure in the resurgence of magic during the Renaissance, using science and math in his acts JOHN DEE. RENAISSANCE Girolamo Cardano contributed to the Renaissance's interest in magic with his performances that included scientific and mathematical elements GIROLAMO CARDANO. MIDDLE AGES The transition from the mystical and occult magic of the Middle Ages to the scientifically influenced magic of the Renaissance RENAISSANCE. RENAISSANCE John Dee was a prominent figure in the resurgence of magic during the Renaissance, using science and math in his acts JOHN DEE. RENAISSANCE Girolamo Cardano contributed to the Renaissance's interest in magic with his performances that included scientific and mathematical elements GIROLAMO CARDANO. DAVID COPPERFIELD Both magicians are known for their sophisticated and technologically advanced magic tricks in the 20th century PENN & TELLER.",
    "evaluation": 0
  },
  {
    "correct_answer": "Magicians in ancient Greece and Rome incorporated storytelling into performances.",
    "retrieved_context": "ANCIENT GREECE Both Ancient Greece and Ancient Rome contributed to the development of magic tricks with public performances ANCIENT ROME. RENAISSANCE John Dee was a prominent figure in the resurgence of magic during the Renaissance, using science and math in his acts JOHN DEE. RENAISSANCE Girolamo Cardano contributed to the Renaissance's interest in magic with his performances that included scientific and mathematical elements GIROLAMO CARDANO. ANCIENT EGYPT Harry Houdini's performances were part of the evolution of magic that has its roots in Ancient Egypt HARRY HOUDINI. ANCIENT EGYPT Jean Eugène Robert-Houdin's art of magic was influenced by the foundational elements of magic that originated in Ancient Egypt JEAN EUGÈNE ROBERT-HOUDIN. MIDDLE AGES The transition from the mystical and occult magic of the Middle Ages to the scientifically influenced magic of the Renaissance RENAISSANCE. ANCIENT EGYPT Penn & Teller's innovative magic tricks are a continuation of the magical traditions that started in Ancient Egypt PENN & TELLER. ANCIENT EGYPT David Copperfield's sophisticated illusions are part of the long history of magic that began in Ancient Egypt DAVID COPPERFIELD. DAVID COPPERFIELD Both magicians are known for their sophisticated and technologically advanced magic tricks in the 20th century PENN & TELLER. ANCIENT EGYPT The evolution of magic from Ancient Egypt's religious ceremonies to the mystical performances of the Middle Ages MIDDLE AGES. JEAN EUGÈNE ROBERT-HOUDIN Both magicians revolutionized the art of magic in the 19th century with their performances HARRY HOUDINI. JEAN EUGÈNE ROBERT-HOUDIN Both magicians revolutionized the art of magic in the 19th century with their performances HARRY HOUDINI. RENAISSANCE John Dee was a prominent figure in the resurgence of magic during the Renaissance, using science and math in his acts JOHN DEE. RENAISSANCE Girolamo Cardano contributed to the Renaissance's interest in magic with his performances that included scientific and mathematical elements GIROLAMO CARDANO. MIDDLE AGES The transition from the mystical and occult magic of the Middle Ages to the scientifically influenced magic of the Renaissance RENAISSANCE.",
    "evaluation": 0
  },
  {
    "correct_answer": "Magicians in ancient Greece and Rome performed in public squares.",
    "retrieved_context": "ANCIENT GREECE Both Ancient Greece and Ancient Rome contributed to the development of magic tricks with public performances ANCIENT ROME. ANCIENT EGYPT Harry Houdini's performances were part of the evolution of magic that has its roots in Ancient Egypt HARRY HOUDINI. ANCIENT EGYPT Jean Eugène Robert-Houdin's art of magic was influenced by the foundational elements of magic that originated in Ancient Egypt JEAN EUGÈNE ROBERT-HOUDIN. MIDDLE AGES The transition from the mystical and occult magic of the Middle Ages to the scientifically influenced magic of the Renaissance RENAISSANCE. ANCIENT EGYPT Penn & Teller's innovative magic tricks are a continuation of the magical traditions that started in Ancient Egypt PENN & TELLER. ANCIENT EGYPT David Copperfield's sophisticated illusions are part of the long history of magic that began in Ancient Egypt DAVID COPPERFIELD. DAVID COPPERFIELD Both magicians are known for their sophisticated and technologically advanced magic tricks in the 20th century PENN & TELLER. ANCIENT EGYPT The evolution of magic from Ancient Egypt's religious ceremonies to the mystical performances of the Middle Ages MIDDLE AGES. JEAN EUGÈNE ROBERT-HOUDIN Both magicians revolutionized the art of magic in the 19th century with their performances HARRY HOUDINI. RENAISSANCE John Dee was a prominent figure in the resurgence of magic during the Renaissance, using science and math in his acts JOHN DEE. RENAISSANCE Girolamo Cardano contributed to the Renaissance's interest in magic with his performances that included scientific and mathematical elements GIROLAMO CARDANO. JEAN EUGÈNE ROBERT-HOUDIN Both magicians revolutionized the art of magic in the 19th century with their performances HARRY HOUDINI. RENAISSANCE John Dee was a prominent figure in the resurgence of magic during the Renaissance, using science and math in his acts JOHN DEE. RENAISSANCE Girolamo Cardano contributed to the Renaissance's interest in magic with his performances that included scientific and mathematical elements GIROLAMO CARDANO. MIDDLE AGES The transition from the mystical and occult magic of the Middle Ages to the scientifically influenced magic of the Renaissance RENAISSANCE.",
    "evaluation": 0
  },
  {
    "correct_answer": "Magic tricks in the Middle Ages had a mysterious and mystical quality.",
    "retrieved_context": "RENAISSANCE John Dee was a prominent figure in the resurgence of magic during the Renaissance, using science and math in his acts JOHN DEE. RENAISSANCE Girolamo Cardano contributed to the Renaissance's interest in magic with his performances that included scientific and mathematical elements GIROLAMO CARDANO. MIDDLE AGES The transition from the mystical and occult magic of the Middle Ages to the scientifically influenced magic of the Renaissance RENAISSANCE. RENAISSANCE John Dee was a prominent figure in the resurgence of magic during the Renaissance, using science and math in his acts JOHN DEE. RENAISSANCE Girolamo Cardano contributed to the Renaissance's interest in magic with his performances that included scientific and mathematical elements GIROLAMO CARDANO. ANCIENT EGYPT Harry Houdini's performances were part of the evolution of magic that has its roots in Ancient Egypt HARRY HOUDINI. ANCIENT EGYPT Jean Eugène Robert-Houdin's art of magic was influenced by the foundational elements of magic that originated in Ancient Egypt JEAN EUGÈNE ROBERT-HOUDIN. MIDDLE AGES The transition from the mystical and occult magic of the Middle Ages to the scientifically influenced magic of the Renaissance RENAISSANCE. ANCIENT EGYPT Penn & Teller's innovative magic tricks are a continuation of the magical traditions that started in Ancient Egypt PENN & TELLER. ANCIENT EGYPT David Copperfield's sophisticated illusions are part of the long history of magic that began in Ancient Egypt DAVID COPPERFIELD. DAVID COPPERFIELD Both magicians are known for their sophisticated and technologically advanced magic tricks in the 20th century PENN & TELLER. ANCIENT EGYPT The evolution of magic from Ancient Egypt's religious ceremonies to the mystical performances of the Middle Ages MIDDLE AGES. JEAN EUGÈNE ROBERT-HOUDIN Both magicians revolutionized the art of magic in the 19th century with their performances HARRY HOUDINI. ANCIENT GREECE Both Ancient Greece and Ancient Rome contributed to the development of magic tricks with public performances ANCIENT ROME. JEAN EUGÈNE ROBERT-HOUDIN Both magicians revolutionized the art of magic in the 19th century with their performances HARRY HOUDINI.",
    "evaluation": 1
  },
  {
    "correct_answer": "Magicians in the Middle Ages were associated with witchcraft and the occult.",
    "retrieved_context": "RENAISSANCE John Dee was a prominent figure in the resurgence of magic during the Renaissance, using science and math in his acts JOHN DEE. RENAISSANCE Girolamo Cardano contributed to the Renaissance's interest in magic with his performances that included scientific and mathematical elements GIROLAMO CARDANO. MIDDLE AGES The transition from the mystical and occult magic of the Middle Ages to the scientifically influenced magic of the Renaissance RENAISSANCE. RENAISSANCE John Dee was a prominent figure in the resurgence of magic during the Renaissance, using science and math in his acts JOHN DEE. RENAISSANCE Girolamo Cardano contributed to the Renaissance's interest in magic with his performances that included scientific and mathematical elements GIROLAMO CARDANO. ANCIENT EGYPT Harry Houdini's performances were part of the evolution of magic that has its roots in Ancient Egypt HARRY HOUDINI. ANCIENT EGYPT Jean Eugène Robert-Houdin's art of magic was influenced by the foundational elements of magic that originated in Ancient Egypt JEAN EUGÈNE ROBERT-HOUDIN. MIDDLE AGES The transition from the mystical and occult magic of the Middle Ages to the scientifically influenced magic of the Renaissance RENAISSANCE. ANCIENT EGYPT Penn & Teller's innovative magic tricks are a continuation of the magical traditions that started in Ancient Egypt PENN & TELLER. ANCIENT EGYPT David Copperfield's sophisticated illusions are part of the long history of magic that began in Ancient Egypt DAVID COPPERFIELD. DAVID COPPERFIELD Both magicians are known for their sophisticated and technologically advanced magic tricks in the 20th century PENN & TELLER. ANCIENT EGYPT The evolution of magic from Ancient Egypt's religious ceremonies to the mystical performances of the Middle Ages MIDDLE AGES. JEAN EUGÈNE ROBERT-HOUDIN Both magicians revolutionized the art of magic in the 19th century with their performances HARRY HOUDINI. ANCIENT GREECE Both Ancient Greece and Ancient Rome contributed to the development of magic tricks with public performances ANCIENT ROME. JEAN EUGÈNE ROBERT-HOUDIN Both magicians revolutionized the art of magic in the 19th century with their performances HARRY HOUDINI.",
    "evaluation": 0
  },
  {
    "correct_answer": "Props like wands and crystal balls were common in magic performances in the Middle Ages.",
    "retrieved_context": "RENAISSANCE John Dee was a prominent figure in the resurgence of magic during the Renaissance, using science and math in his acts JOHN DEE. RENAISSANCE Girolamo Cardano contributed to the Renaissance's interest in magic with his performances that included scientific and mathematical elements GIROLAMO CARDANO. MIDDLE AGES The transition from the mystical and occult magic of the Middle Ages to the scientifically influenced magic of the Renaissance RENAISSANCE. RENAISSANCE John Dee was a prominent figure in the resurgence of magic during the Renaissance, using science and math in his acts JOHN DEE. RENAISSANCE Girolamo Cardano contributed to the Renaissance's interest in magic with his performances that included scientific and mathematical elements GIROLAMO CARDANO. ANCIENT EGYPT Harry Houdini's performances were part of the evolution of magic that has its roots in Ancient Egypt HARRY HOUDINI. ANCIENT EGYPT Jean Eugène Robert-Houdin's art of magic was influenced by the foundational elements of magic that originated in Ancient Egypt JEAN EUGÈNE ROBERT-HOUDIN. MIDDLE AGES The transition from the mystical and occult magic of the Middle Ages to the scientifically influenced magic of the Renaissance RENAISSANCE. ANCIENT EGYPT Penn & Teller's innovative magic tricks are a continuation of the magical traditions that started in Ancient Egypt PENN & TELLER. ANCIENT EGYPT David Copperfield's sophisticated illusions are part of the long history of magic that began in Ancient Egypt DAVID COPPERFIELD. DAVID COPPERFIELD Both magicians are known for their sophisticated and technologically advanced magic tricks in the 20th century PENN & TELLER. ANCIENT EGYPT The evolution of magic from Ancient Egypt's religious ceremonies to the mystical performances of the Middle Ages MIDDLE AGES. JEAN EUGÈNE ROBERT-HOUDIN Both magicians revolutionized the art of magic in the 19th century with their performances HARRY HOUDINI. ANCIENT GREECE Both Ancient Greece and Ancient Rome contributed to the development of magic tricks with public performances ANCIENT ROME. JEAN EUGÈNE ROBERT-HOUDIN Both magicians revolutionized the art of magic in the 19th century with their performances HARRY HOUDINI. DAVID COPPERFIELD Both magicians are known for their sophisticated and technologically advanced magic tricks in the 20th century PENN & TELLER.",
    "evaluation": 0
  },
  {
    "correct_answer": "The Renaissance period saw a resurgence of interest in magic tricks.",
    "retrieved_context": "RENAISSANCE John Dee was a prominent figure in the resurgence of magic during the Renaissance, using science and math in his acts JOHN DEE. RENAISSANCE Girolamo Cardano contributed to the Renaissance's interest in magic with his performances that included scientific and mathematical elements GIROLAMO CARDANO. RENAISSANCE John Dee was a prominent figure in the resurgence of magic during the Renaissance, using science and math in his acts JOHN DEE. RENAISSANCE Girolamo Cardano contributed to the Renaissance's interest in magic with his performances that included scientific and mathematical elements GIROLAMO CARDANO. MIDDLE AGES The transition from the mystical and occult magic of the Middle Ages to the scientifically influenced magic of the Renaissance RENAISSANCE. ANCIENT EGYPT Harry Houdini's performances were part of the evolution of magic that has its roots in Ancient Egypt HARRY HOUDINI. ANCIENT EGYPT Jean Eugène Robert-Houdin's art of magic was influenced by the foundational elements of magic that originated in Ancient Egypt JEAN EUGÈNE ROBERT-HOUDIN. MIDDLE AGES The transition from the mystical and occult magic of the Middle Ages to the scientifically influenced magic of the Renaissance RENAISSANCE. ANCIENT EGYPT Penn & Teller's innovative magic tricks are a continuation of the magical traditions that started in Ancient Egypt PENN & TELLER. ANCIENT EGYPT David Copperfield's sophisticated illusions are part of the long history of magic that began in Ancient Egypt DAVID COPPERFIELD. DAVID COPPERFIELD Both magicians are known for their sophisticated and technologically advanced magic tricks in the 20th century PENN & TELLER. ANCIENT EGYPT The evolution of magic from Ancient Egypt's religious ceremonies to the mystical performances of the Middle Ages MIDDLE AGES. JEAN EUGÈNE ROBERT-HOUDIN Both magicians revolutionized the art of magic in the 19th century with their performances HARRY HOUDINI. ANCIENT GREECE Both Ancient Greece and Ancient Rome contributed to the development of magic tricks with public performances ANCIENT ROME. JEAN EUGÈNE ROBERT-HOUDIN Both magicians revolutionized the art of magic in the 19th century with their performances HARRY HOUDINI.",
    "evaluation": 1
  },
  {
    "correct_answer": "Magicians in the Renaissance used science and mathematics in their performances.",
    "retrieved_context": "RENAISSANCE John Dee was a prominent figure in the resurgence of magic during the Renaissance, using science and math in his acts JOHN DEE. RENAISSANCE Girolamo Cardano contributed to the Renaissance's interest in magic with his performances that included scientific and mathematical elements GIROLAMO CARDANO. RENAISSANCE John Dee was a prominent figure in the resurgence of magic during the Renaissance, using science and math in his acts JOHN DEE. RENAISSANCE Girolamo Cardano contributed to the Renaissance's interest in magic with his performances that included scientific and mathematical elements GIROLAMO CARDANO. MIDDLE AGES The transition from the mystical and occult magic of the Middle Ages to the scientifically influenced magic of the Renaissance RENAISSANCE. JEAN EUGÈNE ROBERT-HOUDIN Both magicians revolutionized the art of magic in the 19th century with their performances HARRY HOUDINI. ANCIENT EGYPT Harry Houdini's performances were part of the evolution of magic that has its roots in Ancient Egypt HARRY HOUDINI. ANCIENT EGYPT Jean Eugène Robert-Houdin's art of magic was influenced by the foundational elements of magic that originated in Ancient Egypt JEAN EUGÈNE ROBERT-HOUDIN. MIDDLE AGES The transition from the mystical and occult magic of the Middle Ages to the scientifically influenced magic of the Renaissance RENAISSANCE. ANCIENT EGYPT Penn & Teller's innovative magic tricks are a continuation of the magical traditions that started in Ancient Egypt PENN & TELLER. ANCIENT EGYPT David Copperfield's sophisticated illusions are part of the long history of magic that began in Ancient Egypt DAVID COPPERFIELD. DAVID COPPERFIELD Both magicians are known for their sophisticated and technologically advanced magic tricks in the 20th century PENN & TELLER. ANCIENT EGYPT The evolution of magic from Ancient Egypt's religious ceremonies to the mystical performances of the Middle Ages MIDDLE AGES. JEAN EUGÈNE ROBERT-HOUDIN Both magicians revolutionized the art of magic in the 19th century with their performances HARRY HOUDINI. ANCIENT GREECE Both Ancient Greece and Ancient Rome contributed to the development of magic tricks with public performances ANCIENT ROME. DAVID COPPERFIELD Both magicians are known for their sophisticated and technologically advanced magic tricks in the 20th century PENN & TELLER.",
    "evaluation": 1
  },
  {
    "accuracy": "46.67%"
  }
]