[
  {
    "correct_answer": "Roller coasters are thrilling amusement park rides.",
    "retrieved_context": "CENTRIPETAL FORCE Centripetal force contributes to the acceleration of a roller coaster during its motion ACCELERATION. ACCELERATION Gravity is one of the forces that contribute to the acceleration of a roller coaster GRAVITY. ROLLER COASTERS Roller coasters are renowned for reaching high velocities during drops and loops, providing riders with excitement. The velocity of roller coasters significantly affects the sensations experienced by riders, making it a crucial element in the design and operation of these rides. This interplay between velocity and the design of roller coasters ensures that the thrill and enjoyment of the ride are maximized for all who dare to experience it. VELOCITY. ROLLER COASTERS Acceleration is a key aspect of the roller coaster experience, especially noted during drops and ascents, governed by physics principles ACCELERATION. ROLLER COASTERS Roller coasters are a practical application of physics, utilizing principles such as forces, energy conservation, acceleration, and velocity to operate and provide thrilling experiences PHYSICS. ROLLER COASTERS Centripetal force is crucial for the motion of roller coasters around curves and loops, ensuring the cars stay on the track CENTRIPETAL FORCE. ACCELERATION Friction affects the acceleration of a roller coaster by opposing its motion FRICTION. ENERGY CONSERVATION Friction affects the energy conservation process by either reducing kinetic energy through resistance or aiding in the conversion of potential energy into kinetic energy FRICTION. ROLLER COASTERS Gravitational force is a key component in the motion and experience of roller coasters, especially noted during drops GRAVITATIONAL FORCE. ROLLER COASTERS The principle of energy conservation is utilized in roller coasters to convert potential energy into kinetic energy and vice versa, contributing to the dynamics of the ride ENERGY CONSERVATION. ACCELERATION Acceleration affects the velocity of a roller coaster by changing its speed and direction VELOCITY. ENERGY CONSERVATION The process of energy conservation directly influences the acceleration of the roller coaster as potential energy is converted into kinetic energy ACCELERATION. ACCELERATION Gravity is one of the forces that contribute to the acceleration of a roller coaster GRAVITY. ACCELERATION Friction affects the acceleration of a roller coaster by opposing its motion FRICTION. ACCELERATION Acceleration affects the velocity of a roller coaster by changing its speed and direction VELOCITY. ACCELERATION Gravity is one of the forces that contribute to the acceleration of a roller coaster GRAVITY. ACCELERATION Friction affects the acceleration of a roller coaster by opposing its motion FRICTION. ENERGY CONSERVATION Friction affects the energy conservation process by either reducing kinetic energy through resistance or aiding in the conversion of potential energy into kinetic energy FRICTION. ACCELERATION Acceleration affects the velocity of a roller coaster by changing its speed and direction VELOCITY. ENERGY CONSERVATION The process of energy conservation directly influences the acceleration of the roller coaster as potential energy is converted into kinetic energy ACCELERATION.",
    "evaluation": 1
  },
  {
    "correct_answer": "Roller coasters provide riders with an exhilarating experience of twists, turns, drops, and loops.",
    "retrieved_context": "CENTRIPETAL FORCE Centripetal force contributes to the acceleration of a roller coaster during its motion ACCELERATION. ACCELERATION Gravity is one of the forces that contribute to the acceleration of a roller coaster GRAVITY. ROLLER COASTERS Roller coasters are renowned for reaching high velocities during drops and loops, providing riders with excitement. The velocity of roller coasters significantly affects the sensations experienced by riders, making it a crucial element in the design and operation of these rides. This interplay between velocity and the design of roller coasters ensures that the thrill and enjoyment of the ride are maximized for all who dare to experience it. VELOCITY. ROLLER COASTERS Acceleration is a key aspect of the roller coaster experience, especially noted during drops and ascents, governed by physics principles ACCELERATION. ROLLER COASTERS Roller coasters are a practical application of physics, utilizing principles such as forces, energy conservation, acceleration, and velocity to operate and provide thrilling experiences PHYSICS. ROLLER COASTERS Centripetal force is crucial for the motion of roller coasters around curves and loops, ensuring the cars stay on the track CENTRIPETAL FORCE. ACCELERATION Friction affects the acceleration of a roller coaster by opposing its motion FRICTION. ENERGY CONSERVATION Friction affects the energy conservation process by either reducing kinetic energy through resistance or aiding in the conversion of potential energy into kinetic energy FRICTION. ROLLER COASTERS Gravitational force is a key component in the motion and experience of roller coasters, especially noted during drops GRAVITATIONAL FORCE. ROLLER COASTERS The principle of energy conservation is utilized in roller coasters to convert potential energy into kinetic energy and vice versa, contributing to the dynamics of the ride ENERGY CONSERVATION. ACCELERATION Acceleration affects the velocity of a roller coaster by changing its speed and direction VELOCITY. ENERGY CONSERVATION The process of energy conservation directly influences the acceleration of the roller coaster as potential energy is converted into kinetic energy ACCELERATION. ACCELERATION Gravity is one of the forces that contribute to the acceleration of a roller coaster GRAVITY. ACCELERATION Friction affects the acceleration of a roller coaster by opposing its motion FRICTION. ACCELERATION Acceleration affects the velocity of a roller coaster by changing its speed and direction VELOCITY. CENTRIPETAL FORCE Centripetal force contributes to the acceleration of a roller coaster during its motion ACCELERATION. ACCELERATION Friction affects the acceleration of a roller coaster by opposing its motion FRICTION. ACCELERATION Gravity is one of the forces that contribute to the acceleration of a roller coaster GRAVITY. ACCELERATION Acceleration affects the velocity of a roller coaster by changing its speed and direction VELOCITY. ACCELERATION Gravity is one of the forces that contribute to the acceleration of a roller coaster GRAVITY. ACCELERATION Friction affects the acceleration of a roller coaster by opposing its motion FRICTION. ENERGY CONSERVATION Friction affects the energy conservation process by either reducing kinetic energy through resistance or aiding in the conversion of potential energy into kinetic energy FRICTION. ACCELERATION Acceleration affects the velocity of a roller coaster by changing its speed and direction VELOCITY. ENERGY CONSERVATION The process of energy conservation directly influences the acceleration of the roller coaster as potential energy is converted into kinetic energy ACCELERATION.",
    "evaluation": 0
  },
  {
    "correct_answer": "Roller coasters are a fascinating example of physics in action.",
    "retrieved_context": "CENTRIPETAL FORCE Centripetal force contributes to the acceleration of a roller coaster during its motion ACCELERATION. ACCELERATION Gravity is one of the forces that contribute to the acceleration of a roller coaster GRAVITY. ROLLER COASTERS Roller coasters are renowned for reaching high velocities during drops and loops, providing riders with excitement. The velocity of roller coasters significantly affects the sensations experienced by riders, making it a crucial element in the design and operation of these rides. This interplay between velocity and the design of roller coasters ensures that the thrill and enjoyment of the ride are maximized for all who dare to experience it. VELOCITY. ROLLER COASTERS Acceleration is a key aspect of the roller coaster experience, especially noted during drops and ascents, governed by physics principles ACCELERATION. ROLLER COASTERS Roller coasters are a practical application of physics, utilizing principles such as forces, energy conservation, acceleration, and velocity to operate and provide thrilling experiences PHYSICS. ROLLER COASTERS Centripetal force is crucial for the motion of roller coasters around curves and loops, ensuring the cars stay on the track CENTRIPETAL FORCE. ACCELERATION Friction affects the acceleration of a roller coaster by opposing its motion FRICTION. ENERGY CONSERVATION Friction affects the energy conservation process by either reducing kinetic energy through resistance or aiding in the conversion of potential energy into kinetic energy FRICTION. ROLLER COASTERS Gravitational force is a key component in the motion and experience of roller coasters, especially noted during drops GRAVITATIONAL FORCE. ROLLER COASTERS The principle of energy conservation is utilized in roller coasters to convert potential energy into kinetic energy and vice versa, contributing to the dynamics of the ride ENERGY CONSERVATION. ACCELERATION Acceleration affects the velocity of a roller coaster by changing its speed and direction VELOCITY. ENERGY CONSERVATION The process of energy conservation directly influences the acceleration of the roller coaster as potential energy is converted into kinetic energy ACCELERATION. ACCELERATION Gravity is one of the forces that contribute to the acceleration of a roller coaster GRAVITY. ACCELERATION Friction affects the acceleration of a roller coaster by opposing its motion FRICTION. ACCELERATION Acceleration affects the velocity of a roller coaster by changing its speed and direction VELOCITY. ACCELERATION Gravity is one of the forces that contribute to the acceleration of a roller coaster GRAVITY. ACCELERATION Friction affects the acceleration of a roller coaster by opposing its motion FRICTION. ENERGY CONSERVATION Friction affects the energy conservation process by either reducing kinetic energy through resistance or aiding in the conversion of potential energy into kinetic energy FRICTION. ACCELERATION Acceleration affects the velocity of a roller coaster by changing its speed and direction VELOCITY. ENERGY CONSERVATION The process of energy conservation directly influences the acceleration of the roller coaster as potential energy is converted into kinetic energy ACCELERATION.",
    "evaluation": 1
  },
  {
    "correct_answer": "Forces play a key role in the physics of roller coasters.",
    "retrieved_context": "CENTRIPETAL FORCE Centripetal force contributes to the acceleration of a roller coaster during its motion ACCELERATION. ACCELERATION Gravity is one of the forces that contribute to the acceleration of a roller coaster GRAVITY. ROLLER COASTERS Roller coasters are renowned for reaching high velocities during drops and loops, providing riders with excitement. The velocity of roller coasters significantly affects the sensations experienced by riders, making it a crucial element in the design and operation of these rides. This interplay between velocity and the design of roller coasters ensures that the thrill and enjoyment of the ride are maximized for all who dare to experience it. VELOCITY. ROLLER COASTERS Acceleration is a key aspect of the roller coaster experience, especially noted during drops and ascents, governed by physics principles ACCELERATION. ROLLER COASTERS Roller coasters are a practical application of physics, utilizing principles such as forces, energy conservation, acceleration, and velocity to operate and provide thrilling experiences PHYSICS. ROLLER COASTERS Centripetal force is crucial for the motion of roller coasters around curves and loops, ensuring the cars stay on the track CENTRIPETAL FORCE. ACCELERATION Friction affects the acceleration of a roller coaster by opposing its motion FRICTION. ENERGY CONSERVATION Friction affects the energy conservation process by either reducing kinetic energy through resistance or aiding in the conversion of potential energy into kinetic energy FRICTION. ROLLER COASTERS Gravitational force is a key component in the motion and experience of roller coasters, especially noted during drops GRAVITATIONAL FORCE. ROLLER COASTERS The principle of energy conservation is utilized in roller coasters to convert potential energy into kinetic energy and vice versa, contributing to the dynamics of the ride ENERGY CONSERVATION. ACCELERATION Acceleration affects the velocity of a roller coaster by changing its speed and direction VELOCITY. ENERGY CONSERVATION The process of energy conservation directly influences the acceleration of the roller coaster as potential energy is converted into kinetic energy ACCELERATION. ACCELERATION Gravity is one of the forces that contribute to the acceleration of a roller coaster GRAVITY. ACCELERATION Friction affects the acceleration of a roller coaster by opposing its motion FRICTION. ACCELERATION Acceleration affects the velocity of a roller coaster by changing its speed and direction VELOCITY. CENTRIPETAL FORCE Centripetal force contributes to the acceleration of a roller coaster during its motion ACCELERATION. ACCELERATION Friction affects the acceleration of a roller coaster by opposing its motion FRICTION. ACCELERATION Gravity is one of the forces that contribute to the acceleration of a roller coaster GRAVITY. ACCELERATION Acceleration affects the velocity of a roller coaster by changing its speed and direction VELOCITY.",
    "evaluation": 1
  },
  {
    "correct_answer": "Gravitational force pulls objects toward the center of the Earth.",
    "retrieved_context": "CENTRIPETAL FORCE Centripetal force contributes to the acceleration of a roller coaster during its motion ACCELERATION. ACCELERATION Friction affects the acceleration of a roller coaster by opposing its motion FRICTION. ACCELERATION Gravity is one of the forces that contribute to the acceleration of a roller coaster GRAVITY. ACCELERATION Acceleration affects the velocity of a roller coaster by changing its speed and direction VELOCITY. ACCELERATION Gravity is one of the forces that contribute to the acceleration of a roller coaster GRAVITY. ACCELERATION Friction affects the acceleration of a roller coaster by opposing its motion FRICTION. ACCELERATION Acceleration affects the velocity of a roller coaster by changing its speed and direction VELOCITY. ACCELERATION Gravity is one of the forces that contribute to the acceleration of a roller coaster GRAVITY. ACCELERATION Friction affects the acceleration of a roller coaster by opposing its motion FRICTION. ENERGY CONSERVATION Friction affects the energy conservation process by either reducing kinetic energy through resistance or aiding in the conversion of potential energy into kinetic energy FRICTION. ACCELERATION Acceleration affects the velocity of a roller coaster by changing its speed and direction VELOCITY. ENERGY CONSERVATION The process of energy conservation directly influences the acceleration of the roller coaster as potential energy is converted into kinetic energy ACCELERATION.",
    "evaluation": 0
  },
  {
    "correct_answer": "Gravity causes the roller coaster car to accelerate as it descends.",
    "retrieved_context": "CENTRIPETAL FORCE Centripetal force contributes to the acceleration of a roller coaster during its motion ACCELERATION. ACCELERATION Gravity is one of the forces that contribute to the acceleration of a roller coaster GRAVITY. ROLLER COASTERS Roller coasters are renowned for reaching high velocities during drops and loops, providing riders with excitement. The velocity of roller coasters significantly affects the sensations experienced by riders, making it a crucial element in the design and operation of these rides. This interplay between velocity and the design of roller coasters ensures that the thrill and enjoyment of the ride are maximized for all who dare to experience it. VELOCITY. ROLLER COASTERS Acceleration is a key aspect of the roller coaster experience, especially noted during drops and ascents, governed by physics principles ACCELERATION. ROLLER COASTERS Roller coasters are a practical application of physics, utilizing principles such as forces, energy conservation, acceleration, and velocity to operate and provide thrilling experiences PHYSICS. ROLLER COASTERS Centripetal force is crucial for the motion of roller coasters around curves and loops, ensuring the cars stay on the track CENTRIPETAL FORCE. ACCELERATION Friction affects the acceleration of a roller coaster by opposing its motion FRICTION. ENERGY CONSERVATION Friction affects the energy conservation process by either reducing kinetic energy through resistance or aiding in the conversion of potential energy into kinetic energy FRICTION. ROLLER COASTERS Gravitational force is a key component in the motion and experience of roller coasters, especially noted during drops GRAVITATIONAL FORCE. ROLLER COASTERS The principle of energy conservation is utilized in roller coasters to convert potential energy into kinetic energy and vice versa, contributing to the dynamics of the ride ENERGY CONSERVATION. ACCELERATION Acceleration affects the velocity of a roller coaster by changing its speed and direction VELOCITY. ENERGY CONSERVATION The process of energy conservation directly influences the acceleration of the roller coaster as potential energy is converted into kinetic energy ACCELERATION. ACCELERATION Gravity is one of the forces that contribute to the acceleration of a roller coaster GRAVITY. ACCELERATION Friction affects the acceleration of a roller coaster by opposing its motion FRICTION. ACCELERATION Acceleration affects the velocity of a roller coaster by changing its speed and direction VELOCITY. CENTRIPETAL FORCE Centripetal force contributes to the acceleration of a roller coaster during its motion ACCELERATION. ACCELERATION Friction affects the acceleration of a roller coaster by opposing its motion FRICTION. ACCELERATION Gravity is one of the forces that contribute to the acceleration of a roller coaster GRAVITY. ACCELERATION Acceleration affects the velocity of a roller coaster by changing its speed and direction VELOCITY.",
    "evaluation": 1
  },
  {
    "correct_answer": "Centripetal force keeps the roller coaster car on the track during curves and loops.",
    "retrieved_context": "CENTRIPETAL FORCE Centripetal force contributes to the acceleration of a roller coaster during its motion ACCELERATION. ACCELERATION Friction affects the acceleration of a roller coaster by opposing its motion FRICTION. ACCELERATION Gravity is one of the forces that contribute to the acceleration of a roller coaster GRAVITY. ACCELERATION Acceleration affects the velocity of a roller coaster by changing its speed and direction VELOCITY. CENTRIPETAL FORCE Centripetal force contributes to the acceleration of a roller coaster during its motion ACCELERATION. ACCELERATION Gravity is one of the forces that contribute to the acceleration of a roller coaster GRAVITY. ROLLER COASTERS Roller coasters are renowned for reaching high velocities during drops and loops, providing riders with excitement. The velocity of roller coasters significantly affects the sensations experienced by riders, making it a crucial element in the design and operation of these rides. This interplay between velocity and the design of roller coasters ensures that the thrill and enjoyment of the ride are maximized for all who dare to experience it. VELOCITY. ROLLER COASTERS Acceleration is a key aspect of the roller coaster experience, especially noted during drops and ascents, governed by physics principles ACCELERATION. ROLLER COASTERS Roller coasters are a practical application of physics, utilizing principles such as forces, energy conservation, acceleration, and velocity to operate and provide thrilling experiences PHYSICS. ROLLER COASTERS Centripetal force is crucial for the motion of roller coasters around curves and loops, ensuring the cars stay on the track CENTRIPETAL FORCE. ACCELERATION Friction affects the acceleration of a roller coaster by opposing its motion FRICTION. ENERGY CONSERVATION Friction affects the energy conservation process by either reducing kinetic energy through resistance or aiding in the conversion of potential energy into kinetic energy FRICTION. ROLLER COASTERS Gravitational force is a key component in the motion and experience of roller coasters, especially noted during drops GRAVITATIONAL FORCE. ROLLER COASTERS The principle of energy conservation is utilized in roller coasters to convert potential energy into kinetic energy and vice versa, contributing to the dynamics of the ride ENERGY CONSERVATION. ACCELERATION Acceleration affects the velocity of a roller coaster by changing its speed and direction VELOCITY. ENERGY CONSERVATION The process of energy conservation directly influences the acceleration of the roller coaster as potential energy is converted into kinetic energy ACCELERATION. ACCELERATION Gravity is one of the forces that contribute to the acceleration of a roller coaster GRAVITY. ACCELERATION Friction affects the acceleration of a roller coaster by opposing its motion FRICTION. ACCELERATION Acceleration affects the velocity of a roller coaster by changing its speed and direction VELOCITY.",
    "evaluation": 1
  },
  {
    "correct_answer": "Friction can have both positive and negative effects on a roller coaster ride.",
    "retrieved_context": "CENTRIPETAL FORCE Centripetal force contributes to the acceleration of a roller coaster during its motion ACCELERATION. ACCELERATION Gravity is one of the forces that contribute to the acceleration of a roller coaster GRAVITY. ROLLER COASTERS Roller coasters are renowned for reaching high velocities during drops and loops, providing riders with excitement. The velocity of roller coasters significantly affects the sensations experienced by riders, making it a crucial element in the design and operation of these rides. This interplay between velocity and the design of roller coasters ensures that the thrill and enjoyment of the ride are maximized for all who dare to experience it. VELOCITY. ROLLER COASTERS Acceleration is a key aspect of the roller coaster experience, especially noted during drops and ascents, governed by physics principles ACCELERATION. ROLLER COASTERS Roller coasters are a practical application of physics, utilizing principles such as forces, energy conservation, acceleration, and velocity to operate and provide thrilling experiences PHYSICS. ROLLER COASTERS Centripetal force is crucial for the motion of roller coasters around curves and loops, ensuring the cars stay on the track CENTRIPETAL FORCE. ACCELERATION Friction affects the acceleration of a roller coaster by opposing its motion FRICTION. ENERGY CONSERVATION Friction affects the energy conservation process by either reducing kinetic energy through resistance or aiding in the conversion of potential energy into kinetic energy FRICTION. ROLLER COASTERS Gravitational force is a key component in the motion and experience of roller coasters, especially noted during drops GRAVITATIONAL FORCE. ROLLER COASTERS The principle of energy conservation is utilized in roller coasters to convert potential energy into kinetic energy and vice versa, contributing to the dynamics of the ride ENERGY CONSERVATION. ACCELERATION Acceleration affects the velocity of a roller coaster by changing its speed and direction VELOCITY. ENERGY CONSERVATION The process of energy conservation directly influences the acceleration of the roller coaster as potential energy is converted into kinetic energy ACCELERATION. ACCELERATION Gravity is one of the forces that contribute to the acceleration of a roller coaster GRAVITY. ACCELERATION Friction affects the acceleration of a roller coaster by opposing its motion FRICTION. ACCELERATION Acceleration affects the velocity of a roller coaster by changing its speed and direction VELOCITY. CENTRIPETAL FORCE Centripetal force contributes to the acceleration of a roller coaster during its motion ACCELERATION. ACCELERATION Friction affects the acceleration of a roller coaster by opposing its motion FRICTION. ACCELERATION Gravity is one of the forces that contribute to the acceleration of a roller coaster GRAVITY. ACCELERATION Acceleration affects the velocity of a roller coaster by changing its speed and direction VELOCITY. ACCELERATION Gravity is one of the forces that contribute to the acceleration of a roller coaster GRAVITY. ACCELERATION Friction affects the acceleration of a roller coaster by opposing its motion FRICTION. ENERGY CONSERVATION Friction affects the energy conservation process by either reducing kinetic energy through resistance or aiding in the conversion of potential energy into kinetic energy FRICTION. ACCELERATION Acceleration affects the velocity of a roller coaster by changing its speed and direction VELOCITY. ENERGY CONSERVATION The process of energy conservation directly influences the acceleration of the roller coaster as potential energy is converted into kinetic energy ACCELERATION.",
    "evaluation": 1
  },
  {
    "correct_answer": "Roller coasters rely on the conservation of mechanical energy.",
    "retrieved_context": "CENTRIPETAL FORCE Centripetal force contributes to the acceleration of a roller coaster during its motion ACCELERATION. ACCELERATION Gravity is one of the forces that contribute to the acceleration of a roller coaster GRAVITY. ROLLER COASTERS Roller coasters are renowned for reaching high velocities during drops and loops, providing riders with excitement. The velocity of roller coasters significantly affects the sensations experienced by riders, making it a crucial element in the design and operation of these rides. This interplay between velocity and the design of roller coasters ensures that the thrill and enjoyment of the ride are maximized for all who dare to experience it. VELOCITY. ROLLER COASTERS Acceleration is a key aspect of the roller coaster experience, especially noted during drops and ascents, governed by physics principles ACCELERATION. ROLLER COASTERS Roller coasters are a practical application of physics, utilizing principles such as forces, energy conservation, acceleration, and velocity to operate and provide thrilling experiences PHYSICS. ROLLER COASTERS Centripetal force is crucial for the motion of roller coasters around curves and loops, ensuring the cars stay on the track CENTRIPETAL FORCE. ACCELERATION Friction affects the acceleration of a roller coaster by opposing its motion FRICTION. ENERGY CONSERVATION Friction affects the energy conservation process by either reducing kinetic energy through resistance or aiding in the conversion of potential energy into kinetic energy FRICTION. ROLLER COASTERS Gravitational force is a key component in the motion and experience of roller coasters, especially noted during drops GRAVITATIONAL FORCE. ROLLER COASTERS The principle of energy conservation is utilized in roller coasters to convert potential energy into kinetic energy and vice versa, contributing to the dynamics of the ride ENERGY CONSERVATION. ACCELERATION Acceleration affects the velocity of a roller coaster by changing its speed and direction VELOCITY. ENERGY CONSERVATION The process of energy conservation directly influences the acceleration of the roller coaster as potential energy is converted into kinetic energy ACCELERATION. ACCELERATION Gravity is one of the forces that contribute to the acceleration of a roller coaster GRAVITY. ACCELERATION Friction affects the acceleration of a roller coaster by opposing its motion FRICTION. ENERGY CONSERVATION Friction affects the energy conservation process by either reducing kinetic energy through resistance or aiding in the conversion of potential energy into kinetic energy FRICTION. ACCELERATION Acceleration affects the velocity of a roller coaster by changing its speed and direction VELOCITY. ENERGY CONSERVATION The process of energy conservation directly influences the acceleration of the roller coaster as potential energy is converted into kinetic energy ACCELERATION. ACCELERATION Gravity is one of the forces that contribute to the acceleration of a roller coaster GRAVITY. ACCELERATION Friction affects the acceleration of a roller coaster by opposing its motion FRICTION. ACCELERATION Acceleration affects the velocity of a roller coaster by changing its speed and direction VELOCITY.",
    "evaluation": 1
  },
  {
    "correct_answer": "Potential energy is converted into kinetic energy as the roller coaster car descends a hill.",
    "retrieved_context": "CENTRIPETAL FORCE Centripetal force contributes to the acceleration of a roller coaster during its motion ACCELERATION. ACCELERATION Gravity is one of the forces that contribute to the acceleration of a roller coaster GRAVITY. ROLLER COASTERS Roller coasters are renowned for reaching high velocities during drops and loops, providing riders with excitement. The velocity of roller coasters significantly affects the sensations experienced by riders, making it a crucial element in the design and operation of these rides. This interplay between velocity and the design of roller coasters ensures that the thrill and enjoyment of the ride are maximized for all who dare to experience it. VELOCITY. ROLLER COASTERS Acceleration is a key aspect of the roller coaster experience, especially noted during drops and ascents, governed by physics principles ACCELERATION. ROLLER COASTERS Roller coasters are a practical application of physics, utilizing principles such as forces, energy conservation, acceleration, and velocity to operate and provide thrilling experiences PHYSICS. ROLLER COASTERS Centripetal force is crucial for the motion of roller coasters around curves and loops, ensuring the cars stay on the track CENTRIPETAL FORCE. ACCELERATION Friction affects the acceleration of a roller coaster by opposing its motion FRICTION. ENERGY CONSERVATION Friction affects the energy conservation process by either reducing kinetic energy through resistance or aiding in the conversion of potential energy into kinetic energy FRICTION. ROLLER COASTERS Gravitational force is a key component in the motion and experience of roller coasters, especially noted during drops GRAVITATIONAL FORCE. ROLLER COASTERS The principle of energy conservation is utilized in roller coasters to convert potential energy into kinetic energy and vice versa, contributing to the dynamics of the ride ENERGY CONSERVATION. ACCELERATION Acceleration affects the velocity of a roller coaster by changing its speed and direction VELOCITY. ENERGY CONSERVATION The process of energy conservation directly influences the acceleration of the roller coaster as potential energy is converted into kinetic energy ACCELERATION. ACCELERATION Gravity is one of the forces that contribute to the acceleration of a roller coaster GRAVITY. ACCELERATION Friction affects the acceleration of a roller coaster by opposing its motion FRICTION. ENERGY CONSERVATION Friction affects the energy conservation process by either reducing kinetic energy through resistance or aiding in the conversion of potential energy into kinetic energy FRICTION. ACCELERATION Acceleration affects the velocity of a roller coaster by changing its speed and direction VELOCITY. ENERGY CONSERVATION The process of energy conservation directly influences the acceleration of the roller coaster as potential energy is converted into kinetic energy ACCELERATION. ACCELERATION Gravity is one of the forces that contribute to the acceleration of a roller coaster GRAVITY. ACCELERATION Friction affects the acceleration of a roller coaster by opposing its motion FRICTION. ACCELERATION Acceleration affects the velocity of a roller coaster by changing its speed and direction VELOCITY. CENTRIPETAL FORCE Centripetal force contributes to the acceleration of a roller coaster during its motion ACCELERATION. ACCELERATION Friction affects the acceleration of a roller coaster by opposing its motion FRICTION. ACCELERATION Gravity is one of the forces that contribute to the acceleration of a roller coaster GRAVITY. ACCELERATION Acceleration affects the velocity of a roller coaster by changing its speed and direction VELOCITY.",
    "evaluation": 1
  },
  {
    "correct_answer": "Acceleration is the rate of change of velocity.",
    "retrieved_context": "ACCELERATION Gravity is one of the forces that contribute to the acceleration of a roller coaster GRAVITY. ACCELERATION Friction affects the acceleration of a roller coaster by opposing its motion FRICTION. ACCELERATION Acceleration affects the velocity of a roller coaster by changing its speed and direction VELOCITY. CENTRIPETAL FORCE Centripetal force contributes to the acceleration of a roller coaster during its motion ACCELERATION. ACCELERATION Friction affects the acceleration of a roller coaster by opposing its motion FRICTION. ACCELERATION Gravity is one of the forces that contribute to the acceleration of a roller coaster GRAVITY. ACCELERATION Acceleration affects the velocity of a roller coaster by changing its speed and direction VELOCITY. ACCELERATION Gravity is one of the forces that contribute to the acceleration of a roller coaster GRAVITY. ACCELERATION Friction affects the acceleration of a roller coaster by opposing its motion FRICTION. ENERGY CONSERVATION Friction affects the energy conservation process by either reducing kinetic energy through resistance or aiding in the conversion of potential energy into kinetic energy FRICTION. ACCELERATION Acceleration affects the velocity of a roller coaster by changing its speed and direction VELOCITY. ENERGY CONSERVATION The process of energy conservation directly influences the acceleration of the roller coaster as potential energy is converted into kinetic energy ACCELERATION.",
    "evaluation": 0
  },
  {
    "correct_answer": "Riders experience acceleration when the roller coaster car speeds up, slows down, or changes direction.",
    "retrieved_context": "CENTRIPETAL FORCE Centripetal force contributes to the acceleration of a roller coaster during its motion ACCELERATION. ACCELERATION Gravity is one of the forces that contribute to the acceleration of a roller coaster GRAVITY. ROLLER COASTERS Roller coasters are renowned for reaching high velocities during drops and loops, providing riders with excitement. The velocity of roller coasters significantly affects the sensations experienced by riders, making it a crucial element in the design and operation of these rides. This interplay between velocity and the design of roller coasters ensures that the thrill and enjoyment of the ride are maximized for all who dare to experience it. VELOCITY. ROLLER COASTERS Acceleration is a key aspect of the roller coaster experience, especially noted during drops and ascents, governed by physics principles ACCELERATION. ROLLER COASTERS Roller coasters are a practical application of physics, utilizing principles such as forces, energy conservation, acceleration, and velocity to operate and provide thrilling experiences PHYSICS. ROLLER COASTERS Centripetal force is crucial for the motion of roller coasters around curves and loops, ensuring the cars stay on the track CENTRIPETAL FORCE. ACCELERATION Friction affects the acceleration of a roller coaster by opposing its motion FRICTION. ENERGY CONSERVATION Friction affects the energy conservation process by either reducing kinetic energy through resistance or aiding in the conversion of potential energy into kinetic energy FRICTION. ROLLER COASTERS Gravitational force is a key component in the motion and experience of roller coasters, especially noted during drops GRAVITATIONAL FORCE. ROLLER COASTERS The principle of energy conservation is utilized in roller coasters to convert potential energy into kinetic energy and vice versa, contributing to the dynamics of the ride ENERGY CONSERVATION. ACCELERATION Acceleration affects the velocity of a roller coaster by changing its speed and direction VELOCITY. ENERGY CONSERVATION The process of energy conservation directly influences the acceleration of the roller coaster as potential energy is converted into kinetic energy ACCELERATION. ACCELERATION Gravity is one of the forces that contribute to the acceleration of a roller coaster GRAVITY. ACCELERATION Friction affects the acceleration of a roller coaster by opposing its motion FRICTION. ACCELERATION Acceleration affects the velocity of a roller coaster by changing its speed and direction VELOCITY. CENTRIPETAL FORCE Centripetal force contributes to the acceleration of a roller coaster during its motion ACCELERATION. ACCELERATION Friction affects the acceleration of a roller coaster by opposing its motion FRICTION. ACCELERATION Gravity is one of the forces that contribute to the acceleration of a roller coaster GRAVITY. ACCELERATION Acceleration affects the velocity of a roller coaster by changing its speed and direction VELOCITY. ACCELERATION Gravity is one of the forces that contribute to the acceleration of a roller coaster GRAVITY. ACCELERATION Friction affects the acceleration of a roller coaster by opposing its motion FRICTION. ENERGY CONSERVATION Friction affects the energy conservation process by either reducing kinetic energy through resistance or aiding in the conversion of potential energy into kinetic energy FRICTION. ACCELERATION Acceleration affects the velocity of a roller coaster by changing its speed and direction VELOCITY. ENERGY CONSERVATION The process of energy conservation directly influences the acceleration of the roller coaster as potential energy is converted into kinetic energy ACCELERATION.",
    "evaluation": 1
  },
  {
    "correct_answer": "Velocity is the speed and direction of an object's motion.",
    "retrieved_context": "ACCELERATION Gravity is one of the forces that contribute to the acceleration of a roller coaster GRAVITY. ACCELERATION Friction affects the acceleration of a roller coaster by opposing its motion FRICTION. ACCELERATION Acceleration affects the velocity of a roller coaster by changing its speed and direction VELOCITY. CENTRIPETAL FORCE Centripetal force contributes to the acceleration of a roller coaster during its motion ACCELERATION. ACCELERATION Friction affects the acceleration of a roller coaster by opposing its motion FRICTION. ACCELERATION Gravity is one of the forces that contribute to the acceleration of a roller coaster GRAVITY. ACCELERATION Acceleration affects the velocity of a roller coaster by changing its speed and direction VELOCITY. CENTRIPETAL FORCE Centripetal force contributes to the acceleration of a roller coaster during its motion ACCELERATION. ACCELERATION Gravity is one of the forces that contribute to the acceleration of a roller coaster GRAVITY. ROLLER COASTERS Roller coasters are renowned for reaching high velocities during drops and loops, providing riders with excitement. The velocity of roller coasters significantly affects the sensations experienced by riders, making it a crucial element in the design and operation of these rides. This interplay between velocity and the design of roller coasters ensures that the thrill and enjoyment of the ride are maximized for all who dare to experience it. VELOCITY. ROLLER COASTERS Acceleration is a key aspect of the roller coaster experience, especially noted during drops and ascents, governed by physics principles ACCELERATION. ROLLER COASTERS Roller coasters are a practical application of physics, utilizing principles such as forces, energy conservation, acceleration, and velocity to operate and provide thrilling experiences PHYSICS. ROLLER COASTERS Centripetal force is crucial for the motion of roller coasters around curves and loops, ensuring the cars stay on the track CENTRIPETAL FORCE. ACCELERATION Friction affects the acceleration of a roller coaster by opposing its motion FRICTION. ENERGY CONSERVATION Friction affects the energy conservation process by either reducing kinetic energy through resistance or aiding in the conversion of potential energy into kinetic energy FRICTION. ROLLER COASTERS Gravitational force is a key component in the motion and experience of roller coasters, especially noted during drops GRAVITATIONAL FORCE. ROLLER COASTERS The principle of energy conservation is utilized in roller coasters to convert potential energy into kinetic energy and vice versa, contributing to the dynamics of the ride ENERGY CONSERVATION. ACCELERATION Acceleration affects the velocity of a roller coaster by changing its speed and direction VELOCITY. ENERGY CONSERVATION The process of energy conservation directly influences the acceleration of the roller coaster as potential energy is converted into kinetic energy ACCELERATION.",
    "evaluation": 0
  },
  {
    "correct_answer": "Roller coasters reach high velocities during drops and loops.",
    "retrieved_context": "CENTRIPETAL FORCE Centripetal force contributes to the acceleration of a roller coaster during its motion ACCELERATION. ACCELERATION Gravity is one of the forces that contribute to the acceleration of a roller coaster GRAVITY. ROLLER COASTERS Roller coasters are renowned for reaching high velocities during drops and loops, providing riders with excitement. The velocity of roller coasters significantly affects the sensations experienced by riders, making it a crucial element in the design and operation of these rides. This interplay between velocity and the design of roller coasters ensures that the thrill and enjoyment of the ride are maximized for all who dare to experience it. VELOCITY. ROLLER COASTERS Acceleration is a key aspect of the roller coaster experience, especially noted during drops and ascents, governed by physics principles ACCELERATION. ROLLER COASTERS Roller coasters are a practical application of physics, utilizing principles such as forces, energy conservation, acceleration, and velocity to operate and provide thrilling experiences PHYSICS. ROLLER COASTERS Centripetal force is crucial for the motion of roller coasters around curves and loops, ensuring the cars stay on the track CENTRIPETAL FORCE. ACCELERATION Friction affects the acceleration of a roller coaster by opposing its motion FRICTION. ENERGY CONSERVATION Friction affects the energy conservation process by either reducing kinetic energy through resistance or aiding in the conversion of potential energy into kinetic energy FRICTION. ROLLER COASTERS Gravitational force is a key component in the motion and experience of roller coasters, especially noted during drops GRAVITATIONAL FORCE. ROLLER COASTERS The principle of energy conservation is utilized in roller coasters to convert potential energy into kinetic energy and vice versa, contributing to the dynamics of the ride ENERGY CONSERVATION. ACCELERATION Acceleration affects the velocity of a roller coaster by changing its speed and direction VELOCITY. ENERGY CONSERVATION The process of energy conservation directly influences the acceleration of the roller coaster as potential energy is converted into kinetic energy ACCELERATION. ACCELERATION Gravity is one of the forces that contribute to the acceleration of a roller coaster GRAVITY. ACCELERATION Friction affects the acceleration of a roller coaster by opposing its motion FRICTION. ACCELERATION Acceleration affects the velocity of a roller coaster by changing its speed and direction VELOCITY. ACCELERATION Gravity is one of the forces that contribute to the acceleration of a roller coaster GRAVITY. ACCELERATION Friction affects the acceleration of a roller coaster by opposing its motion FRICTION. ENERGY CONSERVATION Friction affects the energy conservation process by either reducing kinetic energy through resistance or aiding in the conversion of potential energy into kinetic energy FRICTION. ACCELERATION Acceleration affects the velocity of a roller coaster by changing its speed and direction VELOCITY. ENERGY CONSERVATION The process of energy conservation directly influences the acceleration of the roller coaster as potential energy is converted into kinetic energy ACCELERATION.",
    "evaluation": 1
  },
  {
    "correct_answer": "Understanding the physics of roller coasters helps appreciate the design and engineering behind them.",
    "retrieved_context": "CENTRIPETAL FORCE Centripetal force contributes to the acceleration of a roller coaster during its motion ACCELERATION. ACCELERATION Gravity is one of the forces that contribute to the acceleration of a roller coaster GRAVITY. ROLLER COASTERS Roller coasters are renowned for reaching high velocities during drops and loops, providing riders with excitement. The velocity of roller coasters significantly affects the sensations experienced by riders, making it a crucial element in the design and operation of these rides. This interplay between velocity and the design of roller coasters ensures that the thrill and enjoyment of the ride are maximized for all who dare to experience it. VELOCITY. ROLLER COASTERS Acceleration is a key aspect of the roller coaster experience, especially noted during drops and ascents, governed by physics principles ACCELERATION. ROLLER COASTERS Roller coasters are a practical application of physics, utilizing principles such as forces, energy conservation, acceleration, and velocity to operate and provide thrilling experiences PHYSICS. ROLLER COASTERS Centripetal force is crucial for the motion of roller coasters around curves and loops, ensuring the cars stay on the track CENTRIPETAL FORCE. ACCELERATION Friction affects the acceleration of a roller coaster by opposing its motion FRICTION. ENERGY CONSERVATION Friction affects the energy conservation process by either reducing kinetic energy through resistance or aiding in the conversion of potential energy into kinetic energy FRICTION. ROLLER COASTERS Gravitational force is a key component in the motion and experience of roller coasters, especially noted during drops GRAVITATIONAL FORCE. ROLLER COASTERS The principle of energy conservation is utilized in roller coasters to convert potential energy into kinetic energy and vice versa, contributing to the dynamics of the ride ENERGY CONSERVATION. ACCELERATION Acceleration affects the velocity of a roller coaster by changing its speed and direction VELOCITY. ENERGY CONSERVATION The process of energy conservation directly influences the acceleration of the roller coaster as potential energy is converted into kinetic energy ACCELERATION. ACCELERATION Gravity is one of the forces that contribute to the acceleration of a roller coaster GRAVITY. ACCELERATION Friction affects the acceleration of a roller coaster by opposing its motion FRICTION. ACCELERATION Acceleration affects the velocity of a roller coaster by changing its speed and direction VELOCITY. ACCELERATION Gravity is one of the forces that contribute to the acceleration of a roller coaster GRAVITY. ACCELERATION Friction affects the acceleration of a roller coaster by opposing its motion FRICTION. ENERGY CONSERVATION Friction affects the energy conservation process by either reducing kinetic energy through resistance or aiding in the conversion of potential energy into kinetic energy FRICTION. ACCELERATION Acceleration affects the velocity of a roller coaster by changing its speed and direction VELOCITY. ENERGY CONSERVATION The process of energy conservation directly influences the acceleration of the roller coaster as potential energy is converted into kinetic energy ACCELERATION. CENTRIPETAL FORCE Centripetal force contributes to the acceleration of a roller coaster during its motion ACCELERATION. ACCELERATION Friction affects the acceleration of a roller coaster by opposing its motion FRICTION. ACCELERATION Gravity is one of the forces that contribute to the acceleration of a roller coaster GRAVITY. ACCELERATION Acceleration affects the velocity of a roller coaster by changing its speed and direction VELOCITY.",
    "evaluation": 1
  },
  {
    "accuracy": "73.33%"
  }
]