[
  {
    "correct_answer": "Tattooing is a form of art.",
    "retrieved_context": "TATTOOING Tattooing in Japan evolved from a mark of the criminal underworld to intricate designs symbolizing strength, courage, and tradition JAPAN. TATTOOING Tattoo artists are the professionals who perform the art of tattooing, creating designs that hold deep meanings TATTOO ARTISTS. TATTOOING Evidence of tattooing in ancient Europe is shown through the discovery of tattooed mummies, indicating its historical presence EUROPE. TATTOOING Tattooing holds significant cultural importance in Polynesian cultures as a rite of passage and a means to connect with ancestors POLYNESIAN CULTURES. ARTIST Artists and clients work closely together in the tattooing process to ensure the design, placement, and outcome meet the client's expectations CLIENT. TATTOOING Clients undergo the tattooing process, making it a personal and significant experience CLIENT. TATTOOING Artists are the professionals who perform the tattooing, applying their technical skill and creativity ARTIST. TATTOOING The practice of tattooing dates back to ancient civilizations, including Ancient Egypt, where tattooed mummies have been found ANCIENT EGYPT. TATTOOING Tattooing has a long history in Asia as evidenced by the discovery of tattooed mummies ASIA. ARTIST Artists and clients work closely together in the tattooing process to ensure the design, placement, and outcome meet the client's expectations CLIENT.",
    "evaluation": 1
  },
  {
    "correct_answer": "Tattooing involves inserting ink into the skin.",
    "retrieved_context": "TATTOOING Tattooing in Japan evolved from a mark of the criminal underworld to intricate designs symbolizing strength, courage, and tradition JAPAN. TATTOOING Tattoo artists are the professionals who perform the art of tattooing, creating designs that hold deep meanings TATTOO ARTISTS. TATTOOING Evidence of tattooing in ancient Europe is shown through the discovery of tattooed mummies, indicating its historical presence EUROPE. TATTOOING Tattooing holds significant cultural importance in Polynesian cultures as a rite of passage and a means to connect with ancestors POLYNESIAN CULTURES. ARTIST Artists and clients work closely together in the tattooing process to ensure the design, placement, and outcome meet the client's expectations CLIENT. TATTOOING Clients undergo the tattooing process, making it a personal and significant experience CLIENT. TATTOOING Artists are the professionals who perform the tattooing, applying their technical skill and creativity ARTIST. TATTOOING The practice of tattooing dates back to ancient civilizations, including Ancient Egypt, where tattooed mummies have been found ANCIENT EGYPT. TATTOOING Tattooing has a long history in Asia as evidenced by the discovery of tattooed mummies ASIA. ARTIST Artists and clients work closely together in the tattooing process to ensure the design, placement, and outcome meet the client's expectations CLIENT.",
    "evaluation": 0
  },
  {
    "correct_answer": "Tattoos are viewed as body decorations by some.",
    "retrieved_context": "TATTOOING Tattooing in Japan evolved from a mark of the criminal underworld to intricate designs symbolizing strength, courage, and tradition JAPAN. TATTOOING Tattoo artists are the professionals who perform the art of tattooing, creating designs that hold deep meanings TATTOO ARTISTS. TATTOOING Evidence of tattooing in ancient Europe is shown through the discovery of tattooed mummies, indicating its historical presence EUROPE. TATTOOING Tattooing holds significant cultural importance in Polynesian cultures as a rite of passage and a means to connect with ancestors POLYNESIAN CULTURES. ARTIST Artists and clients work closely together in the tattooing process to ensure the design, placement, and outcome meet the client's expectations CLIENT. TATTOOING Clients undergo the tattooing process, making it a personal and significant experience CLIENT. TATTOOING Artists are the professionals who perform the tattooing, applying their technical skill and creativity ARTIST. TATTOOING The practice of tattooing dates back to ancient civilizations, including Ancient Egypt, where tattooed mummies have been found ANCIENT EGYPT. TATTOOING Tattooing has a long history in Asia as evidenced by the discovery of tattooed mummies ASIA. ARTIST Artists and clients work closely together in the tattooing process to ensure the design, placement, and outcome meet the client's expectations CLIENT.",
    "evaluation": 0
  },
  {
    "correct_answer": "Tattoos hold deeper meanings for those who wear them.",
    "retrieved_context": "TATTOOING Tattooing in Japan evolved from a mark of the criminal underworld to intricate designs symbolizing strength, courage, and tradition JAPAN. TATTOOING Tattoo artists are the professionals who perform the art of tattooing, creating designs that hold deep meanings TATTOO ARTISTS. TATTOOING Evidence of tattooing in ancient Europe is shown through the discovery of tattooed mummies, indicating its historical presence EUROPE. TATTOOING Tattooing holds significant cultural importance in Polynesian cultures as a rite of passage and a means to connect with ancestors POLYNESIAN CULTURES. ARTIST Artists and clients work closely together in the tattooing process to ensure the design, placement, and outcome meet the client's expectations CLIENT. TATTOOING Clients undergo the tattooing process, making it a personal and significant experience CLIENT. TATTOOING Artists are the professionals who perform the tattooing, applying their technical skill and creativity ARTIST. TATTOOING The practice of tattooing dates back to ancient civilizations, including Ancient Egypt, where tattooed mummies have been found ANCIENT EGYPT. TATTOOING Tattooing has a long history in Asia as evidenced by the discovery of tattooed mummies ASIA. ARTIST Artists and clients work closely together in the tattooing process to ensure the design, placement, and outcome meet the client's expectations CLIENT.",
    "evaluation": 1
  },
  {
    "correct_answer": "Tattooing has been practiced for centuries.",
    "retrieved_context": "TATTOOING Tattooing in Japan evolved from a mark of the criminal underworld to intricate designs symbolizing strength, courage, and tradition JAPAN. TATTOOING Tattoo artists are the professionals who perform the art of tattooing, creating designs that hold deep meanings TATTOO ARTISTS. TATTOOING Evidence of tattooing in ancient Europe is shown through the discovery of tattooed mummies, indicating its historical presence EUROPE. TATTOOING Tattooing holds significant cultural importance in Polynesian cultures as a rite of passage and a means to connect with ancestors POLYNESIAN CULTURES. ARTIST Artists and clients work closely together in the tattooing process to ensure the design, placement, and outcome meet the client's expectations CLIENT. TATTOOING Clients undergo the tattooing process, making it a personal and significant experience CLIENT. TATTOOING Artists are the professionals who perform the tattooing, applying their technical skill and creativity ARTIST. TATTOOING The practice of tattooing dates back to ancient civilizations, including Ancient Egypt, where tattooed mummies have been found ANCIENT EGYPT. TATTOOING Tattooing has a long history in Asia as evidenced by the discovery of tattooed mummies ASIA. ARTIST Artists and clients work closely together in the tattooing process to ensure the design, placement, and outcome meet the client's expectations CLIENT.",
    "evaluation": 1
  },
  {
    "correct_answer": "Tattooed mummies have been found in ancient Egypt, Asia, and Europe.",
    "retrieved_context": "TATTOOING Tattooing in Japan evolved from a mark of the criminal underworld to intricate designs symbolizing strength, courage, and tradition JAPAN. TATTOOING Tattoo artists are the professionals who perform the art of tattooing, creating designs that hold deep meanings TATTOO ARTISTS. TATTOOING Evidence of tattooing in ancient Europe is shown through the discovery of tattooed mummies, indicating its historical presence EUROPE. TATTOOING Tattooing holds significant cultural importance in Polynesian cultures as a rite of passage and a means to connect with ancestors POLYNESIAN CULTURES. ARTIST Artists and clients work closely together in the tattooing process to ensure the design, placement, and outcome meet the client's expectations CLIENT. TATTOOING Clients undergo the tattooing process, making it a personal and significant experience CLIENT. TATTOOING Artists are the professionals who perform the tattooing, applying their technical skill and creativity ARTIST. TATTOOING The practice of tattooing dates back to ancient civilizations, including Ancient Egypt, where tattooed mummies have been found ANCIENT EGYPT. TATTOOING Tattooing has a long history in Asia as evidenced by the discovery of tattooed mummies ASIA. ARTIST Artists and clients work closely together in the tattooing process to ensure the design, placement, and outcome meet the client's expectations CLIENT.",
    "evaluation": 1
  },
  {
    "correct_answer": "Tattoos were used as symbols of status in many indigenous cultures.",
    "retrieved_context": "TATTOOING Tattooing in Japan evolved from a mark of the criminal underworld to intricate designs symbolizing strength, courage, and tradition JAPAN. TATTOOING Tattoo artists are the professionals who perform the art of tattooing, creating designs that hold deep meanings TATTOO ARTISTS. TATTOOING Evidence of tattooing in ancient Europe is shown through the discovery of tattooed mummies, indicating its historical presence EUROPE. TATTOOING Tattooing holds significant cultural importance in Polynesian cultures as a rite of passage and a means to connect with ancestors POLYNESIAN CULTURES. ARTIST Artists and clients work closely together in the tattooing process to ensure the design, placement, and outcome meet the client's expectations CLIENT. TATTOOING Clients undergo the tattooing process, making it a personal and significant experience CLIENT. TATTOOING Artists are the professionals who perform the tattooing, applying their technical skill and creativity ARTIST. TATTOOING The practice of tattooing dates back to ancient civilizations, including Ancient Egypt, where tattooed mummies have been found ANCIENT EGYPT. TATTOOING Tattooing has a long history in Asia as evidenced by the discovery of tattooed mummies ASIA. ARTIST Artists and clients work closely together in the tattooing process to ensure the design, placement, and outcome meet the client's expectations CLIENT.",
    "evaluation": 0
  },
  {
    "correct_answer": "In Polynesian cultures, tattoos were a rite of passage.",
    "retrieved_context": "TATTOOING Tattooing in Japan evolved from a mark of the criminal underworld to intricate designs symbolizing strength, courage, and tradition JAPAN. TATTOOING Tattoo artists are the professionals who perform the art of tattooing, creating designs that hold deep meanings TATTOO ARTISTS. TATTOOING Evidence of tattooing in ancient Europe is shown through the discovery of tattooed mummies, indicating its historical presence EUROPE. TATTOOING Tattooing holds significant cultural importance in Polynesian cultures as a rite of passage and a means to connect with ancestors POLYNESIAN CULTURES. ARTIST Artists and clients work closely together in the tattooing process to ensure the design, placement, and outcome meet the client's expectations CLIENT. TATTOOING Clients undergo the tattooing process, making it a personal and significant experience CLIENT. TATTOOING Artists are the professionals who perform the tattooing, applying their technical skill and creativity ARTIST. TATTOOING The practice of tattooing dates back to ancient civilizations, including Ancient Egypt, where tattooed mummies have been found ANCIENT EGYPT. TATTOOING Tattooing has a long history in Asia as evidenced by the discovery of tattooed mummies ASIA. ARTIST Artists and clients work closely together in the tattooing process to ensure the design, placement, and outcome meet the client's expectations CLIENT.",
    "evaluation": 1
  },
  {
    "correct_answer": "In Japan, tattoos were associated with the criminal underworld.",
    "retrieved_context": "TATTOOING Tattooing in Japan evolved from a mark of the criminal underworld to intricate designs symbolizing strength, courage, and tradition JAPAN. TATTOOING Tattoo artists are the professionals who perform the art of tattooing, creating designs that hold deep meanings TATTOO ARTISTS. TATTOOING Evidence of tattooing in ancient Europe is shown through the discovery of tattooed mummies, indicating its historical presence EUROPE. TATTOOING Tattooing holds significant cultural importance in Polynesian cultures as a rite of passage and a means to connect with ancestors POLYNESIAN CULTURES. ARTIST Artists and clients work closely together in the tattooing process to ensure the design, placement, and outcome meet the client's expectations CLIENT. TATTOOING Clients undergo the tattooing process, making it a personal and significant experience CLIENT. TATTOOING Artists are the professionals who perform the tattooing, applying their technical skill and creativity ARTIST. TATTOOING The practice of tattooing dates back to ancient civilizations, including Ancient Egypt, where tattooed mummies have been found ANCIENT EGYPT. TATTOOING Tattooing has a long history in Asia as evidenced by the discovery of tattooed mummies ASIA. ARTIST Artists and clients work closely together in the tattooing process to ensure the design, placement, and outcome meet the client's expectations CLIENT.",
    "evaluation": 1
  },
  {
    "correct_answer": "Tattoo artists bring clients' ideas to life.",
    "retrieved_context": "TATTOOING Tattooing in Japan evolved from a mark of the criminal underworld to intricate designs symbolizing strength, courage, and tradition JAPAN. TATTOOING Tattoo artists are the professionals who perform the art of tattooing, creating designs that hold deep meanings TATTOO ARTISTS. TATTOOING Evidence of tattooing in ancient Europe is shown through the discovery of tattooed mummies, indicating its historical presence EUROPE. TATTOOING Tattooing holds significant cultural importance in Polynesian cultures as a rite of passage and a means to connect with ancestors POLYNESIAN CULTURES. ARTIST Artists and clients work closely together in the tattooing process to ensure the design, placement, and outcome meet the client's expectations CLIENT. TATTOOING Clients undergo the tattooing process, making it a personal and significant experience CLIENT. TATTOOING Artists are the professionals who perform the tattooing, applying their technical skill and creativity ARTIST. TATTOOING The practice of tattooing dates back to ancient civilizations, including Ancient Egypt, where tattooed mummies have been found ANCIENT EGYPT. TATTOOING Tattooing has a long history in Asia as evidenced by the discovery of tattooed mummies ASIA. ARTIST Artists and clients work closely together in the tattooing process to ensure the design, placement, and outcome meet the client's expectations CLIENT.",
    "evaluation": 1
  },
  {
    "correct_answer": "Communication is key in the tattooing process.",
    "retrieved_context": "TATTOOING Tattooing in Japan evolved from a mark of the criminal underworld to intricate designs symbolizing strength, courage, and tradition JAPAN. TATTOOING Tattoo artists are the professionals who perform the art of tattooing, creating designs that hold deep meanings TATTOO ARTISTS. TATTOOING Evidence of tattooing in ancient Europe is shown through the discovery of tattooed mummies, indicating its historical presence EUROPE. TATTOOING Tattooing holds significant cultural importance in Polynesian cultures as a rite of passage and a means to connect with ancestors POLYNESIAN CULTURES. ARTIST Artists and clients work closely together in the tattooing process to ensure the design, placement, and outcome meet the client's expectations CLIENT. TATTOOING Clients undergo the tattooing process, making it a personal and significant experience CLIENT. TATTOOING Artists are the professionals who perform the tattooing, applying their technical skill and creativity ARTIST. TATTOOING The practice of tattooing dates back to ancient civilizations, including Ancient Egypt, where tattooed mummies have been found ANCIENT EGYPT. TATTOOING Tattooing has a long history in Asia as evidenced by the discovery of tattooed mummies ASIA. ARTIST Artists and clients work closely together in the tattooing process to ensure the design, placement, and outcome meet the client's expectations CLIENT.",
    "evaluation": 1
  },
  {
    "correct_answer": "Getting a tattoo can be a transformative experience.",
    "retrieved_context": "TATTOOING Tattooing in Japan evolved from a mark of the criminal underworld to intricate designs symbolizing strength, courage, and tradition JAPAN. TATTOOING Tattoo artists are the professionals who perform the art of tattooing, creating designs that hold deep meanings TATTOO ARTISTS. TATTOOING Evidence of tattooing in ancient Europe is shown through the discovery of tattooed mummies, indicating its historical presence EUROPE. TATTOOING Tattooing holds significant cultural importance in Polynesian cultures as a rite of passage and a means to connect with ancestors POLYNESIAN CULTURES. ARTIST Artists and clients work closely together in the tattooing process to ensure the design, placement, and outcome meet the client's expectations CLIENT. TATTOOING Clients undergo the tattooing process, making it a personal and significant experience CLIENT. TATTOOING Artists are the professionals who perform the tattooing, applying their technical skill and creativity ARTIST. TATTOOING The practice of tattooing dates back to ancient civilizations, including Ancient Egypt, where tattooed mummies have been found ANCIENT EGYPT. TATTOOING Tattooing has a long history in Asia as evidenced by the discovery of tattooed mummies ASIA. ARTIST Artists and clients work closely together in the tattooing process to ensure the design, placement, and outcome meet the client's expectations CLIENT.",
    "evaluation": 1
  },
  {
    "correct_answer": "Tattoos have become more accepted in mainstream society.",
    "retrieved_context": "TATTOOING Tattooing in Japan evolved from a mark of the criminal underworld to intricate designs symbolizing strength, courage, and tradition JAPAN. TATTOOING Tattoo artists are the professionals who perform the art of tattooing, creating designs that hold deep meanings TATTOO ARTISTS. TATTOOING Evidence of tattooing in ancient Europe is shown through the discovery of tattooed mummies, indicating its historical presence EUROPE. TATTOOING Tattooing holds significant cultural importance in Polynesian cultures as a rite of passage and a means to connect with ancestors POLYNESIAN CULTURES. ARTIST Artists and clients work closely together in the tattooing process to ensure the design, placement, and outcome meet the client's expectations CLIENT. TATTOOING Clients undergo the tattooing process, making it a personal and significant experience CLIENT. TATTOOING Artists are the professionals who perform the tattooing, applying their technical skill and creativity ARTIST. TATTOOING The practice of tattooing dates back to ancient civilizations, including Ancient Egypt, where tattooed mummies have been found ANCIENT EGYPT. TATTOOING Tattooing has a long history in Asia as evidenced by the discovery of tattooed mummies ASIA. ARTIST Artists and clients work closely together in the tattooing process to ensure the design, placement, and outcome meet the client's expectations CLIENT.",
    "evaluation": 0
  },
  {
    "correct_answer": "Tattoos can hold deep personal meanings.",
    "retrieved_context": "TATTOOING Tattooing in Japan evolved from a mark of the criminal underworld to intricate designs symbolizing strength, courage, and tradition JAPAN. TATTOOING Tattoo artists are the professionals who perform the art of tattooing, creating designs that hold deep meanings TATTOO ARTISTS. TATTOOING Evidence of tattooing in ancient Europe is shown through the discovery of tattooed mummies, indicating its historical presence EUROPE. TATTOOING Tattooing holds significant cultural importance in Polynesian cultures as a rite of passage and a means to connect with ancestors POLYNESIAN CULTURES. ARTIST Artists and clients work closely together in the tattooing process to ensure the design, placement, and outcome meet the client's expectations CLIENT. TATTOOING Clients undergo the tattooing process, making it a personal and significant experience CLIENT. TATTOOING Artists are the professionals who perform the tattooing, applying their technical skill and creativity ARTIST. TATTOOING The practice of tattooing dates back to ancient civilizations, including Ancient Egypt, where tattooed mummies have been found ANCIENT EGYPT. TATTOOING Tattooing has a long history in Asia as evidenced by the discovery of tattooed mummies ASIA. ARTIST Artists and clients work closely together in the tattooing process to ensure the design, placement, and outcome meet the client's expectations CLIENT.",
    "evaluation": 1
  },
  {
    "correct_answer": "Tattooing combines technical skill, creativity, and personal expression.",
    "retrieved_context": "TATTOOING Tattooing in Japan evolved from a mark of the criminal underworld to intricate designs symbolizing strength, courage, and tradition JAPAN. TATTOOING Tattoo artists are the professionals who perform the art of tattooing, creating designs that hold deep meanings TATTOO ARTISTS. TATTOOING Evidence of tattooing in ancient Europe is shown through the discovery of tattooed mummies, indicating its historical presence EUROPE. TATTOOING Tattooing holds significant cultural importance in Polynesian cultures as a rite of passage and a means to connect with ancestors POLYNESIAN CULTURES. ARTIST Artists and clients work closely together in the tattooing process to ensure the design, placement, and outcome meet the client's expectations CLIENT. TATTOOING Clients undergo the tattooing process, making it a personal and significant experience CLIENT. TATTOOING Artists are the professionals who perform the tattooing, applying their technical skill and creativity ARTIST. TATTOOING The practice of tattooing dates back to ancient civilizations, including Ancient Egypt, where tattooed mummies have been found ANCIENT EGYPT. TATTOOING Tattooing has a long history in Asia as evidenced by the discovery of tattooed mummies ASIA. ARTIST Artists and clients work closely together in the tattooing process to ensure the design, placement, and outcome meet the client's expectations CLIENT.",
    "evaluation": 1
  },
  {
    "accuracy": "73.33%"
  }
]