[
  {
    "correct_answer": "Ancient Egyptian burial practices reflect Egyptians' beliefs about the afterlife.",
    "retrieved_context": "BOOK OF THE DEAD The Book of the Dead is one of the most well-known religious texts found in Egyptian tombs RELIGIOUS TEXTS. ANCIENT EGYPT The Book of the Dead was a significant part of burial practices in ancient Egypt BOOK OF THE DEAD. ANCIENT EGYPT Embalming, conducted by embalmers, was essential for preparing the deceased for the afterlife in ancient Egypt EMBALMERS. ANCIENT EGYPT Religious texts were integral to ancient Egyptian burial practices to ensure safe passage into the afterlife RELIGIOUS TEXTS. MUMMIFICATION Mummification was performed to preserve bodies that were then placed in tombs TOMBS. ANCIENT EGYPT The Pyramids at Giza were constructed in Ancient Egypt as part of their burial practices PYRAMIDS AT GIZA. ANCIENT EGYPT Professional mourners were part of the funeral traditions in ancient Egypt PROFESSIONAL MOURNERS. BOOK OF THE DEAD Amulets, like the Book of the Dead, were used to guide and protect the deceased in the afterlife AMULETS. ANCIENT EGYPT Amulets were used in ancient Egypt as part of the burial practices to protect the deceased in the afterlife AMULETS. ANCIENT EGYPT Priests played a crucial role in the burial process in ancient Egypt PRIESTS. ANCIENT EGYPT Mummification was a crucial aspect of Ancient Egyptian burial practices MUMMIFICATION. BOOK OF THE DEAD Amulets, like the Book of the Dead, were used to guide and protect the deceased in the afterlife AMULETS. BOOK OF THE DEAD The Book of the Dead is one of the most well-known religious texts found in Egyptian tombs RELIGIOUS TEXTS. PHARAOHS Tombs, including the pyramids at Giza, were specifically built to house pharaohs in the afterlife TOMBS. MUMMIFICATION Mummification was performed to preserve bodies that were then placed in tombs TOMBS.",
    "evaluation": 1
  },
  {
    "correct_answer": "Elaborate tombs were constructed to house pharaohs and important individuals.",
    "retrieved_context": "PHARAOHS Tombs, including the pyramids at Giza, were specifically built to house pharaohs in the afterlife TOMBS. BOOK OF THE DEAD The Book of the Dead is one of the most well-known religious texts found in Egyptian tombs RELIGIOUS TEXTS. ANCIENT EGYPT The Book of the Dead was a significant part of burial practices in ancient Egypt BOOK OF THE DEAD. ANCIENT EGYPT Embalming, conducted by embalmers, was essential for preparing the deceased for the afterlife in ancient Egypt EMBALMERS. ANCIENT EGYPT Religious texts were integral to ancient Egyptian burial practices to ensure safe passage into the afterlife RELIGIOUS TEXTS. MUMMIFICATION Mummification was performed to preserve bodies that were then placed in tombs TOMBS. ANCIENT EGYPT The Pyramids at Giza were constructed in Ancient Egypt as part of their burial practices PYRAMIDS AT GIZA. ANCIENT EGYPT Professional mourners were part of the funeral traditions in ancient Egypt PROFESSIONAL MOURNERS. BOOK OF THE DEAD Amulets, like the Book of the Dead, were used to guide and protect the deceased in the afterlife AMULETS. ANCIENT EGYPT Amulets were used in ancient Egypt as part of the burial practices to protect the deceased in the afterlife AMULETS. ANCIENT EGYPT Priests played a crucial role in the burial process in ancient Egypt PRIESTS. ANCIENT EGYPT Mummification was a crucial aspect of Ancient Egyptian burial practices MUMMIFICATION. MUMMIFICATION Mummification was performed to preserve bodies that were then placed in tombs TOMBS. BOOK OF THE DEAD Amulets, like the Book of the Dead, were used to guide and protect the deceased in the afterlife AMULETS. BOOK OF THE DEAD The Book of the Dead is one of the most well-known religious texts found in Egyptian tombs RELIGIOUS TEXTS.",
    "evaluation": 1
  },
  {
    "correct_answer": "Pyramids at Giza were designed to protect the deceased's body and possessions.",
    "retrieved_context": "BOOK OF THE DEAD The Book of the Dead is one of the most well-known religious texts found in Egyptian tombs RELIGIOUS TEXTS. ANCIENT EGYPT The Book of the Dead was a significant part of burial practices in ancient Egypt BOOK OF THE DEAD. ANCIENT EGYPT Embalming, conducted by embalmers, was essential for preparing the deceased for the afterlife in ancient Egypt EMBALMERS. ANCIENT EGYPT Religious texts were integral to ancient Egyptian burial practices to ensure safe passage into the afterlife RELIGIOUS TEXTS. MUMMIFICATION Mummification was performed to preserve bodies that were then placed in tombs TOMBS. ANCIENT EGYPT The Pyramids at Giza were constructed in Ancient Egypt as part of their burial practices PYRAMIDS AT GIZA. ANCIENT EGYPT Professional mourners were part of the funeral traditions in ancient Egypt PROFESSIONAL MOURNERS. BOOK OF THE DEAD Amulets, like the Book of the Dead, were used to guide and protect the deceased in the afterlife AMULETS. ANCIENT EGYPT Amulets were used in ancient Egypt as part of the burial practices to protect the deceased in the afterlife AMULETS. ANCIENT EGYPT Priests played a crucial role in the burial process in ancient Egypt PRIESTS. ANCIENT EGYPT Mummification was a crucial aspect of Ancient Egyptian burial practices MUMMIFICATION. PHARAOHS Tombs, including the pyramids at Giza, were specifically built to house pharaohs in the afterlife TOMBS. BOOK OF THE DEAD Amulets, like the Book of the Dead, were used to guide and protect the deceased in the afterlife AMULETS. BOOK OF THE DEAD The Book of the Dead is one of the most well-known religious texts found in Egyptian tombs RELIGIOUS TEXTS.",
    "evaluation": 0
  },
  {
    "correct_answer": "Items like food, clothing, and jewelry were buried with the deceased.",
    "retrieved_context": "BOOK OF THE DEAD Amulets, like the Book of the Dead, were used to guide and protect the deceased in the afterlife AMULETS. BOOK OF THE DEAD The Book of the Dead is one of the most well-known religious texts found in Egyptian tombs RELIGIOUS TEXTS. BOOK OF THE DEAD The Book of the Dead is one of the most well-known religious texts found in Egyptian tombs RELIGIOUS TEXTS. ANCIENT EGYPT The Book of the Dead was a significant part of burial practices in ancient Egypt BOOK OF THE DEAD. ANCIENT EGYPT Embalming, conducted by embalmers, was essential for preparing the deceased for the afterlife in ancient Egypt EMBALMERS. ANCIENT EGYPT Religious texts were integral to ancient Egyptian burial practices to ensure safe passage into the afterlife RELIGIOUS TEXTS. MUMMIFICATION Mummification was performed to preserve bodies that were then placed in tombs TOMBS. ANCIENT EGYPT The Pyramids at Giza were constructed in Ancient Egypt as part of their burial practices PYRAMIDS AT GIZA. ANCIENT EGYPT Professional mourners were part of the funeral traditions in ancient Egypt PROFESSIONAL MOURNERS. BOOK OF THE DEAD Amulets, like the Book of the Dead, were used to guide and protect the deceased in the afterlife AMULETS. ANCIENT EGYPT Amulets were used in ancient Egypt as part of the burial practices to protect the deceased in the afterlife AMULETS. ANCIENT EGYPT Priests played a crucial role in the burial process in ancient Egypt PRIESTS. ANCIENT EGYPT Mummification was a crucial aspect of Ancient Egyptian burial practices MUMMIFICATION. PHARAOHS Tombs, including the pyramids at Giza, were specifically built to house pharaohs in the afterlife TOMBS.",
    "evaluation": 0
  },
  {
    "correct_answer": "Mummification was used to preserve the body for the afterlife.",
    "retrieved_context": "MUMMIFICATION Mummification was performed to preserve bodies that were then placed in tombs TOMBS. BOOK OF THE DEAD Amulets, like the Book of the Dead, were used to guide and protect the deceased in the afterlife AMULETS. BOOK OF THE DEAD The Book of the Dead is one of the most well-known religious texts found in Egyptian tombs RELIGIOUS TEXTS. BOOK OF THE DEAD The Book of the Dead is one of the most well-known religious texts found in Egyptian tombs RELIGIOUS TEXTS. ANCIENT EGYPT The Book of the Dead was a significant part of burial practices in ancient Egypt BOOK OF THE DEAD. ANCIENT EGYPT Embalming, conducted by embalmers, was essential for preparing the deceased for the afterlife in ancient Egypt EMBALMERS. ANCIENT EGYPT Religious texts were integral to ancient Egyptian burial practices to ensure safe passage into the afterlife RELIGIOUS TEXTS. MUMMIFICATION Mummification was performed to preserve bodies that were then placed in tombs TOMBS. ANCIENT EGYPT The Pyramids at Giza were constructed in Ancient Egypt as part of their burial practices PYRAMIDS AT GIZA. ANCIENT EGYPT Professional mourners were part of the funeral traditions in ancient Egypt PROFESSIONAL MOURNERS. BOOK OF THE DEAD Amulets, like the Book of the Dead, were used to guide and protect the deceased in the afterlife AMULETS. ANCIENT EGYPT Amulets were used in ancient Egypt as part of the burial practices to protect the deceased in the afterlife AMULETS. ANCIENT EGYPT Priests played a crucial role in the burial process in ancient Egypt PRIESTS. ANCIENT EGYPT Mummification was a crucial aspect of Ancient Egyptian burial practices MUMMIFICATION. PHARAOHS Tombs, including the pyramids at Giza, were specifically built to house pharaohs in the afterlife TOMBS.",
    "evaluation": 1
  },
  {
    "correct_answer": "Mummification involved removing internal organs and drying out the body.",
    "retrieved_context": "MUMMIFICATION Mummification was performed to preserve bodies that were then placed in tombs TOMBS. BOOK OF THE DEAD Amulets, like the Book of the Dead, were used to guide and protect the deceased in the afterlife AMULETS. BOOK OF THE DEAD The Book of the Dead is one of the most well-known religious texts found in Egyptian tombs RELIGIOUS TEXTS. PHARAOHS Tombs, including the pyramids at Giza, were specifically built to house pharaohs in the afterlife TOMBS. BOOK OF THE DEAD The Book of the Dead is one of the most well-known religious texts found in Egyptian tombs RELIGIOUS TEXTS. ANCIENT EGYPT The Book of the Dead was a significant part of burial practices in ancient Egypt BOOK OF THE DEAD. ANCIENT EGYPT Embalming, conducted by embalmers, was essential for preparing the deceased for the afterlife in ancient Egypt EMBALMERS. ANCIENT EGYPT Religious texts were integral to ancient Egyptian burial practices to ensure safe passage into the afterlife RELIGIOUS TEXTS. MUMMIFICATION Mummification was performed to preserve bodies that were then placed in tombs TOMBS. ANCIENT EGYPT The Pyramids at Giza were constructed in Ancient Egypt as part of their burial practices PYRAMIDS AT GIZA. ANCIENT EGYPT Professional mourners were part of the funeral traditions in ancient Egypt PROFESSIONAL MOURNERS. BOOK OF THE DEAD Amulets, like the Book of the Dead, were used to guide and protect the deceased in the afterlife AMULETS. ANCIENT EGYPT Amulets were used in ancient Egypt as part of the burial practices to protect the deceased in the afterlife AMULETS. ANCIENT EGYPT Priests played a crucial role in the burial process in ancient Egypt PRIESTS. ANCIENT EGYPT Mummification was a crucial aspect of Ancient Egyptian burial practices MUMMIFICATION.",
    "evaluation": 0
  },
  {
    "correct_answer": "Religious texts and amulets were included in the burial chamber.",
    "retrieved_context": "BOOK OF THE DEAD Amulets, like the Book of the Dead, were used to guide and protect the deceased in the afterlife AMULETS. BOOK OF THE DEAD The Book of the Dead is one of the most well-known religious texts found in Egyptian tombs RELIGIOUS TEXTS. BOOK OF THE DEAD The Book of the Dead is one of the most well-known religious texts found in Egyptian tombs RELIGIOUS TEXTS. ANCIENT EGYPT The Book of the Dead was a significant part of burial practices in ancient Egypt BOOK OF THE DEAD. ANCIENT EGYPT Embalming, conducted by embalmers, was essential for preparing the deceased for the afterlife in ancient Egypt EMBALMERS. ANCIENT EGYPT Religious texts were integral to ancient Egyptian burial practices to ensure safe passage into the afterlife RELIGIOUS TEXTS. MUMMIFICATION Mummification was performed to preserve bodies that were then placed in tombs TOMBS. ANCIENT EGYPT The Pyramids at Giza were constructed in Ancient Egypt as part of their burial practices PYRAMIDS AT GIZA. ANCIENT EGYPT Professional mourners were part of the funeral traditions in ancient Egypt PROFESSIONAL MOURNERS. BOOK OF THE DEAD Amulets, like the Book of the Dead, were used to guide and protect the deceased in the afterlife AMULETS. ANCIENT EGYPT Amulets were used in ancient Egypt as part of the burial practices to protect the deceased in the afterlife AMULETS. ANCIENT EGYPT Priests played a crucial role in the burial process in ancient Egypt PRIESTS. ANCIENT EGYPT Mummification was a crucial aspect of Ancient Egyptian burial practices MUMMIFICATION.",
    "evaluation": 1
  },
  {
    "correct_answer": "The Book of the Dead helped the deceased navigate the afterlife.",
    "retrieved_context": "BOOK OF THE DEAD Amulets, like the Book of the Dead, were used to guide and protect the deceased in the afterlife AMULETS. BOOK OF THE DEAD The Book of the Dead is one of the most well-known religious texts found in Egyptian tombs RELIGIOUS TEXTS. BOOK OF THE DEAD The Book of the Dead is one of the most well-known religious texts found in Egyptian tombs RELIGIOUS TEXTS. ANCIENT EGYPT The Book of the Dead was a significant part of burial practices in ancient Egypt BOOK OF THE DEAD. ANCIENT EGYPT Embalming, conducted by embalmers, was essential for preparing the deceased for the afterlife in ancient Egypt EMBALMERS. ANCIENT EGYPT Religious texts were integral to ancient Egyptian burial practices to ensure safe passage into the afterlife RELIGIOUS TEXTS. MUMMIFICATION Mummification was performed to preserve bodies that were then placed in tombs TOMBS. ANCIENT EGYPT The Pyramids at Giza were constructed in Ancient Egypt as part of their burial practices PYRAMIDS AT GIZA. ANCIENT EGYPT Professional mourners were part of the funeral traditions in ancient Egypt PROFESSIONAL MOURNERS. BOOK OF THE DEAD Amulets, like the Book of the Dead, were used to guide and protect the deceased in the afterlife AMULETS. ANCIENT EGYPT Amulets were used in ancient Egypt as part of the burial practices to protect the deceased in the afterlife AMULETS. ANCIENT EGYPT Priests played a crucial role in the burial process in ancient Egypt PRIESTS. ANCIENT EGYPT Mummification was a crucial aspect of Ancient Egyptian burial practices MUMMIFICATION. MUMMIFICATION Mummification was performed to preserve bodies that were then placed in tombs TOMBS.",
    "evaluation": 1
  },
  {
    "correct_answer": "Burial process required priests, embalmers, and skilled individuals.",
    "retrieved_context": "BOOK OF THE DEAD Amulets, like the Book of the Dead, were used to guide and protect the deceased in the afterlife AMULETS. BOOK OF THE DEAD The Book of the Dead is one of the most well-known religious texts found in Egyptian tombs RELIGIOUS TEXTS. MUMMIFICATION Mummification was performed to preserve bodies that were then placed in tombs TOMBS. PHARAOHS Tombs, including the pyramids at Giza, were specifically built to house pharaohs in the afterlife TOMBS.",
    "evaluation": 0
  },
  {
    "correct_answer": "Professional mourners were hired to lead funeral processions.",
    "retrieved_context": "BOOK OF THE DEAD Amulets, like the Book of the Dead, were used to guide and protect the deceased in the afterlife AMULETS. BOOK OF THE DEAD The Book of the Dead is one of the most well-known religious texts found in Egyptian tombs RELIGIOUS TEXTS. PHARAOHS Tombs, including the pyramids at Giza, were specifically built to house pharaohs in the afterlife TOMBS. MUMMIFICATION Mummification was performed to preserve bodies that were then placed in tombs TOMBS.",
    "evaluation": 0
  },
  {
    "correct_answer": "Common people in ancient Egypt were buried with care and respect.",
    "retrieved_context": "BOOK OF THE DEAD The Book of the Dead is one of the most well-known religious texts found in Egyptian tombs RELIGIOUS TEXTS. ANCIENT EGYPT The Book of the Dead was a significant part of burial practices in ancient Egypt BOOK OF THE DEAD. ANCIENT EGYPT Embalming, conducted by embalmers, was essential for preparing the deceased for the afterlife in ancient Egypt EMBALMERS. ANCIENT EGYPT Religious texts were integral to ancient Egyptian burial practices to ensure safe passage into the afterlife RELIGIOUS TEXTS. MUMMIFICATION Mummification was performed to preserve bodies that were then placed in tombs TOMBS. ANCIENT EGYPT The Pyramids at Giza were constructed in Ancient Egypt as part of their burial practices PYRAMIDS AT GIZA. ANCIENT EGYPT Professional mourners were part of the funeral traditions in ancient Egypt PROFESSIONAL MOURNERS. BOOK OF THE DEAD Amulets, like the Book of the Dead, were used to guide and protect the deceased in the afterlife AMULETS. ANCIENT EGYPT Amulets were used in ancient Egypt as part of the burial practices to protect the deceased in the afterlife AMULETS. ANCIENT EGYPT Priests played a crucial role in the burial process in ancient Egypt PRIESTS. ANCIENT EGYPT Mummification was a crucial aspect of Ancient Egyptian burial practices MUMMIFICATION. PHARAOHS Tombs, including the pyramids at Giza, were specifically built to house pharaohs in the afterlife TOMBS. BOOK OF THE DEAD Amulets, like the Book of the Dead, were used to guide and protect the deceased in the afterlife AMULETS. BOOK OF THE DEAD The Book of the Dead is one of the most well-known religious texts found in Egyptian tombs RELIGIOUS TEXTS. MUMMIFICATION Mummification was performed to preserve bodies that were then placed in tombs TOMBS.",
    "evaluation": 0
  },
  {
    "correct_answer": "Ordinary Egyptians were buried with items they would need in the afterlife.",
    "retrieved_context": "BOOK OF THE DEAD The Book of the Dead is one of the most well-known religious texts found in Egyptian tombs RELIGIOUS TEXTS. ANCIENT EGYPT The Book of the Dead was a significant part of burial practices in ancient Egypt BOOK OF THE DEAD. ANCIENT EGYPT Embalming, conducted by embalmers, was essential for preparing the deceased for the afterlife in ancient Egypt EMBALMERS. ANCIENT EGYPT Religious texts were integral to ancient Egyptian burial practices to ensure safe passage into the afterlife RELIGIOUS TEXTS. MUMMIFICATION Mummification was performed to preserve bodies that were then placed in tombs TOMBS. ANCIENT EGYPT The Pyramids at Giza were constructed in Ancient Egypt as part of their burial practices PYRAMIDS AT GIZA. ANCIENT EGYPT Professional mourners were part of the funeral traditions in ancient Egypt PROFESSIONAL MOURNERS. BOOK OF THE DEAD Amulets, like the Book of the Dead, were used to guide and protect the deceased in the afterlife AMULETS. ANCIENT EGYPT Amulets were used in ancient Egypt as part of the burial practices to protect the deceased in the afterlife AMULETS. ANCIENT EGYPT Priests played a crucial role in the burial process in ancient Egypt PRIESTS. ANCIENT EGYPT Mummification was a crucial aspect of Ancient Egyptian burial practices MUMMIFICATION. PHARAOHS Tombs, including the pyramids at Giza, were specifically built to house pharaohs in the afterlife TOMBS. BOOK OF THE DEAD Amulets, like the Book of the Dead, were used to guide and protect the deceased in the afterlife AMULETS. BOOK OF THE DEAD The Book of the Dead is one of the most well-known religious texts found in Egyptian tombs RELIGIOUS TEXTS.",
    "evaluation": 0
  },
  {
    "correct_answer": "Burial practices ensured the deceased's safe passage into the afterlife.",
    "retrieved_context": "BOOK OF THE DEAD Amulets, like the Book of the Dead, were used to guide and protect the deceased in the afterlife AMULETS. BOOK OF THE DEAD The Book of the Dead is one of the most well-known religious texts found in Egyptian tombs RELIGIOUS TEXTS. MUMMIFICATION Mummification was performed to preserve bodies that were then placed in tombs TOMBS. BOOK OF THE DEAD The Book of the Dead is one of the most well-known religious texts found in Egyptian tombs RELIGIOUS TEXTS. ANCIENT EGYPT The Book of the Dead was a significant part of burial practices in ancient Egypt BOOK OF THE DEAD. ANCIENT EGYPT Embalming, conducted by embalmers, was essential for preparing the deceased for the afterlife in ancient Egypt EMBALMERS. ANCIENT EGYPT Religious texts were integral to ancient Egyptian burial practices to ensure safe passage into the afterlife RELIGIOUS TEXTS. MUMMIFICATION Mummification was performed to preserve bodies that were then placed in tombs TOMBS. ANCIENT EGYPT The Pyramids at Giza were constructed in Ancient Egypt as part of their burial practices PYRAMIDS AT GIZA. ANCIENT EGYPT Professional mourners were part of the funeral traditions in ancient Egypt PROFESSIONAL MOURNERS. BOOK OF THE DEAD Amulets, like the Book of the Dead, were used to guide and protect the deceased in the afterlife AMULETS. ANCIENT EGYPT Amulets were used in ancient Egypt as part of the burial practices to protect the deceased in the afterlife AMULETS. ANCIENT EGYPT Priests played a crucial role in the burial process in ancient Egypt PRIESTS. ANCIENT EGYPT Mummification was a crucial aspect of Ancient Egyptian burial practices MUMMIFICATION.",
    "evaluation": 1
  },
  {
    "correct_answer": "Ancient Egyptians believed in the existence of a soul.",
    "retrieved_context": "BOOK OF THE DEAD The Book of the Dead is one of the most well-known religious texts found in Egyptian tombs RELIGIOUS TEXTS. ANCIENT EGYPT The Book of the Dead was a significant part of burial practices in ancient Egypt BOOK OF THE DEAD. ANCIENT EGYPT Embalming, conducted by embalmers, was essential for preparing the deceased for the afterlife in ancient Egypt EMBALMERS. ANCIENT EGYPT Religious texts were integral to ancient Egyptian burial practices to ensure safe passage into the afterlife RELIGIOUS TEXTS. MUMMIFICATION Mummification was performed to preserve bodies that were then placed in tombs TOMBS. ANCIENT EGYPT The Pyramids at Giza were constructed in Ancient Egypt as part of their burial practices PYRAMIDS AT GIZA. ANCIENT EGYPT Professional mourners were part of the funeral traditions in ancient Egypt PROFESSIONAL MOURNERS. BOOK OF THE DEAD Amulets, like the Book of the Dead, were used to guide and protect the deceased in the afterlife AMULETS. ANCIENT EGYPT Amulets were used in ancient Egypt as part of the burial practices to protect the deceased in the afterlife AMULETS. ANCIENT EGYPT Priests played a crucial role in the burial process in ancient Egypt PRIESTS. ANCIENT EGYPT Mummification was a crucial aspect of Ancient Egyptian burial practices MUMMIFICATION. PHARAOHS Tombs, including the pyramids at Giza, were specifically built to house pharaohs in the afterlife TOMBS. BOOK OF THE DEAD Amulets, like the Book of the Dead, were used to guide and protect the deceased in the afterlife AMULETS. BOOK OF THE DEAD The Book of the Dead is one of the most well-known religious texts found in Egyptian tombs RELIGIOUS TEXTS.",
    "evaluation": 0
  },
  {
    "correct_answer": "Ancient Egyptian burial practices were a vital part of Egyptian culture.",
    "retrieved_context": "BOOK OF THE DEAD The Book of the Dead is one of the most well-known religious texts found in Egyptian tombs RELIGIOUS TEXTS. ANCIENT EGYPT The Book of the Dead was a significant part of burial practices in ancient Egypt BOOK OF THE DEAD. ANCIENT EGYPT Embalming, conducted by embalmers, was essential for preparing the deceased for the afterlife in ancient Egypt EMBALMERS. ANCIENT EGYPT Religious texts were integral to ancient Egyptian burial practices to ensure safe passage into the afterlife RELIGIOUS TEXTS. MUMMIFICATION Mummification was performed to preserve bodies that were then placed in tombs TOMBS. ANCIENT EGYPT The Pyramids at Giza were constructed in Ancient Egypt as part of their burial practices PYRAMIDS AT GIZA. ANCIENT EGYPT Professional mourners were part of the funeral traditions in ancient Egypt PROFESSIONAL MOURNERS. BOOK OF THE DEAD Amulets, like the Book of the Dead, were used to guide and protect the deceased in the afterlife AMULETS. ANCIENT EGYPT Amulets were used in ancient Egypt as part of the burial practices to protect the deceased in the afterlife AMULETS. ANCIENT EGYPT Priests played a crucial role in the burial process in ancient Egypt PRIESTS. ANCIENT EGYPT Mummification was a crucial aspect of Ancient Egyptian burial practices MUMMIFICATION. PHARAOHS Tombs, including the pyramids at Giza, were specifically built to house pharaohs in the afterlife TOMBS. BOOK OF THE DEAD Amulets, like the Book of the Dead, were used to guide and protect the deceased in the afterlife AMULETS. BOOK OF THE DEAD The Book of the Dead is one of the most well-known religious texts found in Egyptian tombs RELIGIOUS TEXTS. MUMMIFICATION Mummification was performed to preserve bodies that were then placed in tombs TOMBS.",
    "evaluation": 1
  },
  {
    "accuracy": "46.67%"
  }
]