[
  {
    "correct_answer": "Cooking is a complex chemical reaction.",
    "retrieved_context": "MAILLARD REACTION Both the Maillard reaction and emulsification are chemical processes that influence the flavor and texture of food EMULSIFICATION. FERMENTATION Fermentation and pickling are both traditional methods used for preserving food, with each process also serving to enhance the flavor of the food. These techniques have been utilized for centuries to extend the shelf life of various foods, allowing for a diverse range of tastes and textures. By employing either fermentation or pickling, foods are not only kept from spoiling but are also imbued with unique flavors that are often sought after in culinary practices. PICKLING. FERMENTATION Fermentation and pickling are both traditional methods used for preserving food, with each process also serving to enhance the flavor of the food. These techniques have been utilized for centuries to extend the shelf life of various foods, allowing for a diverse range of tastes and textures. By employing either fermentation or pickling, foods are not only kept from spoiling but are also imbued with unique flavors that are often sought after in culinary practices. PICKLING. TEMPERATURE CONTROL Temperature control is crucial in fermentation to ensure the desired chemical reactions occur FERMENTATION. LEMON JUICE Both lemon juice and salt are used to enhance and balance the flavor of food SALT.",
    "evaluation": 0
  },
  {
    "correct_answer": "Chemistry of cooking determines taste, texture, and nutritional value of food.",
    "retrieved_context": "MAILLARD REACTION Both the Maillard reaction and emulsification are chemical processes that influence the flavor and texture of food EMULSIFICATION. FERMENTATION Fermentation and pickling are both traditional methods used for preserving food, with each process also serving to enhance the flavor of the food. These techniques have been utilized for centuries to extend the shelf life of various foods, allowing for a diverse range of tastes and textures. By employing either fermentation or pickling, foods are not only kept from spoiling but are also imbued with unique flavors that are often sought after in culinary practices. PICKLING. FERMENTATION Fermentation and pickling are both traditional methods used for preserving food, with each process also serving to enhance the flavor of the food. These techniques have been utilized for centuries to extend the shelf life of various foods, allowing for a diverse range of tastes and textures. By employing either fermentation or pickling, foods are not only kept from spoiling but are also imbued with unique flavors that are often sought after in culinary practices. PICKLING. TEMPERATURE CONTROL Temperature control is crucial in fermentation to ensure the desired chemical reactions occur FERMENTATION. LEMON JUICE Both lemon juice and salt are used to enhance and balance the flavor of food SALT.",
    "evaluation": 1
  },
  {
    "correct_answer": "Maillard reaction is a key chemical reaction during cooking.",
    "retrieved_context": "MAILLARD REACTION Both the Maillard reaction and emulsification are chemical processes that influence the flavor and texture of food EMULSIFICATION. FERMENTATION Fermentation and pickling are both traditional methods used for preserving food, with each process also serving to enhance the flavor of the food. These techniques have been utilized for centuries to extend the shelf life of various foods, allowing for a diverse range of tastes and textures. By employing either fermentation or pickling, foods are not only kept from spoiling but are also imbued with unique flavors that are often sought after in culinary practices. PICKLING. LEMON JUICE Both lemon juice and salt are used to enhance and balance the flavor of food SALT. FERMENTATION Fermentation and pickling are both traditional methods used for preserving food, with each process also serving to enhance the flavor of the food. These techniques have been utilized for centuries to extend the shelf life of various foods, allowing for a diverse range of tastes and textures. By employing either fermentation or pickling, foods are not only kept from spoiling but are also imbued with unique flavors that are often sought after in culinary practices. PICKLING. TEMPERATURE CONTROL Temperature control is crucial in fermentation to ensure the desired chemical reactions occur FERMENTATION.",
    "evaluation": 0
  },
  {
    "correct_answer": "Maillard reaction results in browning of food and formation of flavor compounds.",
    "retrieved_context": "MAILLARD REACTION Both the Maillard reaction and emulsification are chemical processes that influence the flavor and texture of food EMULSIFICATION. FERMENTATION Fermentation and pickling are both traditional methods used for preserving food, with each process also serving to enhance the flavor of the food. These techniques have been utilized for centuries to extend the shelf life of various foods, allowing for a diverse range of tastes and textures. By employing either fermentation or pickling, foods are not only kept from spoiling but are also imbued with unique flavors that are often sought after in culinary practices. PICKLING. LEMON JUICE Both lemon juice and salt are used to enhance and balance the flavor of food SALT. FERMENTATION Fermentation and pickling are both traditional methods used for preserving food, with each process also serving to enhance the flavor of the food. These techniques have been utilized for centuries to extend the shelf life of various foods, allowing for a diverse range of tastes and textures. By employing either fermentation or pickling, foods are not only kept from spoiling but are also imbued with unique flavors that are often sought after in culinary practices. PICKLING. TEMPERATURE CONTROL Temperature control is crucial in fermentation to ensure the desired chemical reactions occur FERMENTATION.",
    "evaluation": 0
  },
  {
    "correct_answer": "Emulsification is an important chemical process in cooking.",
    "retrieved_context": "MAILLARD REACTION Both the Maillard reaction and emulsification are chemical processes that influence the flavor and texture of food EMULSIFICATION. FERMENTATION Fermentation and pickling are both traditional methods used for preserving food, with each process also serving to enhance the flavor of the food. These techniques have been utilized for centuries to extend the shelf life of various foods, allowing for a diverse range of tastes and textures. By employing either fermentation or pickling, foods are not only kept from spoiling but are also imbued with unique flavors that are often sought after in culinary practices. PICKLING. LEMON JUICE Both lemon juice and salt are used to enhance and balance the flavor of food SALT. FERMENTATION Fermentation and pickling are both traditional methods used for preserving food, with each process also serving to enhance the flavor of the food. These techniques have been utilized for centuries to extend the shelf life of various foods, allowing for a diverse range of tastes and textures. By employing either fermentation or pickling, foods are not only kept from spoiling but are also imbued with unique flavors that are often sought after in culinary practices. PICKLING. TEMPERATURE CONTROL Temperature control is crucial in fermentation to ensure the desired chemical reactions occur FERMENTATION.",
    "evaluation": 1
  },
  {
    "correct_answer": "Emulsification involves mixing immiscible liquids to form a stable emulsion.",
    "retrieved_context": "MAILLARD REACTION Both the Maillard reaction and emulsification are chemical processes that influence the flavor and texture of food EMULSIFICATION. FERMENTATION Fermentation and pickling are both traditional methods used for preserving food, with each process also serving to enhance the flavor of the food. These techniques have been utilized for centuries to extend the shelf life of various foods, allowing for a diverse range of tastes and textures. By employing either fermentation or pickling, foods are not only kept from spoiling but are also imbued with unique flavors that are often sought after in culinary practices. PICKLING. LEMON JUICE Both lemon juice and salt are used to enhance and balance the flavor of food SALT. FERMENTATION Fermentation and pickling are both traditional methods used for preserving food, with each process also serving to enhance the flavor of the food. These techniques have been utilized for centuries to extend the shelf life of various foods, allowing for a diverse range of tastes and textures. By employing either fermentation or pickling, foods are not only kept from spoiling but are also imbued with unique flavors that are often sought after in culinary practices. PICKLING. TEMPERATURE CONTROL Temperature control is crucial in fermentation to ensure the desired chemical reactions occur FERMENTATION.",
    "evaluation": 0
  },
  {
    "correct_answer": "Acids influence flavor, texture, and structure of food in cooking.",
    "retrieved_context": "MAILLARD REACTION Both the Maillard reaction and emulsification are chemical processes that influence the flavor and texture of food EMULSIFICATION. FERMENTATION Fermentation and pickling are both traditional methods used for preserving food, with each process also serving to enhance the flavor of the food. These techniques have been utilized for centuries to extend the shelf life of various foods, allowing for a diverse range of tastes and textures. By employing either fermentation or pickling, foods are not only kept from spoiling but are also imbued with unique flavors that are often sought after in culinary practices. PICKLING. LEMON JUICE Both lemon juice and salt are used to enhance and balance the flavor of food SALT. FERMENTATION Fermentation and pickling are both traditional methods used for preserving food, with each process also serving to enhance the flavor of the food. These techniques have been utilized for centuries to extend the shelf life of various foods, allowing for a diverse range of tastes and textures. By employing either fermentation or pickling, foods are not only kept from spoiling but are also imbued with unique flavors that are often sought after in culinary practices. PICKLING. TEMPERATURE CONTROL Temperature control is crucial in fermentation to ensure the desired chemical reactions occur FERMENTATION.",
    "evaluation": 0
  },
  {
    "correct_answer": "Salt enhances flavor and regulates enzymatic reactions in cooking.",
    "retrieved_context": "MAILLARD REACTION Both the Maillard reaction and emulsification are chemical processes that influence the flavor and texture of food EMULSIFICATION. FERMENTATION Fermentation and pickling are both traditional methods used for preserving food, with each process also serving to enhance the flavor of the food. These techniques have been utilized for centuries to extend the shelf life of various foods, allowing for a diverse range of tastes and textures. By employing either fermentation or pickling, foods are not only kept from spoiling but are also imbued with unique flavors that are often sought after in culinary practices. PICKLING. LEMON JUICE Both lemon juice and salt are used to enhance and balance the flavor of food SALT. FERMENTATION Fermentation and pickling are both traditional methods used for preserving food, with each process also serving to enhance the flavor of the food. These techniques have been utilized for centuries to extend the shelf life of various foods, allowing for a diverse range of tastes and textures. By employing either fermentation or pickling, foods are not only kept from spoiling but are also imbued with unique flavors that are often sought after in culinary practices. PICKLING. TEMPERATURE CONTROL Temperature control is crucial in fermentation to ensure the desired chemical reactions occur FERMENTATION.",
    "evaluation": 0
  },
  {
    "correct_answer": "Temperature control affects texture, color, and flavor of food.",
    "retrieved_context": "FERMENTATION Fermentation and pickling are both traditional methods used for preserving food, with each process also serving to enhance the flavor of the food. These techniques have been utilized for centuries to extend the shelf life of various foods, allowing for a diverse range of tastes and textures. By employing either fermentation or pickling, foods are not only kept from spoiling but are also imbued with unique flavors that are often sought after in culinary practices. PICKLING. TEMPERATURE CONTROL Temperature control is crucial in fermentation to ensure the desired chemical reactions occur FERMENTATION. MAILLARD REACTION Both the Maillard reaction and emulsification are chemical processes that influence the flavor and texture of food EMULSIFICATION. FERMENTATION Fermentation and pickling are both traditional methods used for preserving food, with each process also serving to enhance the flavor of the food. These techniques have been utilized for centuries to extend the shelf life of various foods, allowing for a diverse range of tastes and textures. By employing either fermentation or pickling, foods are not only kept from spoiling but are also imbued with unique flavors that are often sought after in culinary practices. PICKLING. LEMON JUICE Both lemon juice and salt are used to enhance and balance the flavor of food SALT.",
    "evaluation": 0
  },
  {
    "correct_answer": "Proteins denature and coagulate at specific temperatures.",
    "retrieved_context": "FERMENTATION Fermentation and pickling are both traditional methods used for preserving food, with each process also serving to enhance the flavor of the food. These techniques have been utilized for centuries to extend the shelf life of various foods, allowing for a diverse range of tastes and textures. By employing either fermentation or pickling, foods are not only kept from spoiling but are also imbued with unique flavors that are often sought after in culinary practices. PICKLING. TEMPERATURE CONTROL Temperature control is crucial in fermentation to ensure the desired chemical reactions occur FERMENTATION. MAILLARD REACTION Both the Maillard reaction and emulsification are chemical processes that influence the flavor and texture of food EMULSIFICATION. FERMENTATION Fermentation and pickling are both traditional methods used for preserving food, with each process also serving to enhance the flavor of the food. These techniques have been utilized for centuries to extend the shelf life of various foods, allowing for a diverse range of tastes and textures. By employing either fermentation or pickling, foods are not only kept from spoiling but are also imbued with unique flavors that are often sought after in culinary practices. PICKLING. LEMON JUICE Both lemon juice and salt are used to enhance and balance the flavor of food SALT.",
    "evaluation": 0
  },
  {
    "correct_answer": "Fermentation is a food preservation technique involving microorganisms.",
    "retrieved_context": "FERMENTATION Fermentation and pickling are both traditional methods used for preserving food, with each process also serving to enhance the flavor of the food. These techniques have been utilized for centuries to extend the shelf life of various foods, allowing for a diverse range of tastes and textures. By employing either fermentation or pickling, foods are not only kept from spoiling but are also imbued with unique flavors that are often sought after in culinary practices. PICKLING. MAILLARD REACTION Both the Maillard reaction and emulsification are chemical processes that influence the flavor and texture of food EMULSIFICATION. LEMON JUICE Both lemon juice and salt are used to enhance and balance the flavor of food SALT. FERMENTATION Fermentation and pickling are both traditional methods used for preserving food, with each process also serving to enhance the flavor of the food. These techniques have been utilized for centuries to extend the shelf life of various foods, allowing for a diverse range of tastes and textures. By employing either fermentation or pickling, foods are not only kept from spoiling but are also imbued with unique flavors that are often sought after in culinary practices. PICKLING. TEMPERATURE CONTROL Temperature control is crucial in fermentation to ensure the desired chemical reactions occur FERMENTATION.",
    "evaluation": 0
  },
  {
    "correct_answer": "Fermentation enhances flavor and nutritional value of food.",
    "retrieved_context": "FERMENTATION Fermentation and pickling are both traditional methods used for preserving food, with each process also serving to enhance the flavor of the food. These techniques have been utilized for centuries to extend the shelf life of various foods, allowing for a diverse range of tastes and textures. By employing either fermentation or pickling, foods are not only kept from spoiling but are also imbued with unique flavors that are often sought after in culinary practices. PICKLING. MAILLARD REACTION Both the Maillard reaction and emulsification are chemical processes that influence the flavor and texture of food EMULSIFICATION. LEMON JUICE Both lemon juice and salt are used to enhance and balance the flavor of food SALT. FERMENTATION Fermentation and pickling are both traditional methods used for preserving food, with each process also serving to enhance the flavor of the food. These techniques have been utilized for centuries to extend the shelf life of various foods, allowing for a diverse range of tastes and textures. By employing either fermentation or pickling, foods are not only kept from spoiling but are also imbued with unique flavors that are often sought after in culinary practices. PICKLING. TEMPERATURE CONTROL Temperature control is crucial in fermentation to ensure the desired chemical reactions occur FERMENTATION.",
    "evaluation": 1
  },
  {
    "correct_answer": "Pickling involves preserving food in a brine solution.",
    "retrieved_context": "FERMENTATION Fermentation and pickling are both traditional methods used for preserving food, with each process also serving to enhance the flavor of the food. These techniques have been utilized for centuries to extend the shelf life of various foods, allowing for a diverse range of tastes and textures. By employing either fermentation or pickling, foods are not only kept from spoiling but are also imbued with unique flavors that are often sought after in culinary practices. PICKLING. MAILLARD REACTION Both the Maillard reaction and emulsification are chemical processes that influence the flavor and texture of food EMULSIFICATION. LEMON JUICE Both lemon juice and salt are used to enhance and balance the flavor of food SALT. FERMENTATION Fermentation and pickling are both traditional methods used for preserving food, with each process also serving to enhance the flavor of the food. These techniques have been utilized for centuries to extend the shelf life of various foods, allowing for a diverse range of tastes and textures. By employing either fermentation or pickling, foods are not only kept from spoiling but are also imbued with unique flavors that are often sought after in culinary practices. PICKLING. TEMPERATURE CONTROL Temperature control is crucial in fermentation to ensure the desired chemical reactions occur FERMENTATION.",
    "evaluation": 0
  },
  {
    "correct_answer": "Chemistry of cooking is essential in culinary arts.",
    "retrieved_context": "FERMENTATION Fermentation and pickling are both traditional methods used for preserving food, with each process also serving to enhance the flavor of the food. These techniques have been utilized for centuries to extend the shelf life of various foods, allowing for a diverse range of tastes and textures. By employing either fermentation or pickling, foods are not only kept from spoiling but are also imbued with unique flavors that are often sought after in culinary practices. PICKLING. MAILLARD REACTION Both the Maillard reaction and emulsification are chemical processes that influence the flavor and texture of food EMULSIFICATION. FERMENTATION Fermentation and pickling are both traditional methods used for preserving food, with each process also serving to enhance the flavor of the food. These techniques have been utilized for centuries to extend the shelf life of various foods, allowing for a diverse range of tastes and textures. By employing either fermentation or pickling, foods are not only kept from spoiling but are also imbued with unique flavors that are often sought after in culinary practices. PICKLING. TEMPERATURE CONTROL Temperature control is crucial in fermentation to ensure the desired chemical reactions occur FERMENTATION. LEMON JUICE Both lemon juice and salt are used to enhance and balance the flavor of food SALT.",
    "evaluation": 1
  },
  {
    "correct_answer": "Understanding chemical reactions in cooking helps create delicious dishes.",
    "retrieved_context": "MAILLARD REACTION Both the Maillard reaction and emulsification are chemical processes that influence the flavor and texture of food EMULSIFICATION. FERMENTATION Fermentation and pickling are both traditional methods used for preserving food, with each process also serving to enhance the flavor of the food. These techniques have been utilized for centuries to extend the shelf life of various foods, allowing for a diverse range of tastes and textures. By employing either fermentation or pickling, foods are not only kept from spoiling but are also imbued with unique flavors that are often sought after in culinary practices. PICKLING. FERMENTATION Fermentation and pickling are both traditional methods used for preserving food, with each process also serving to enhance the flavor of the food. These techniques have been utilized for centuries to extend the shelf life of various foods, allowing for a diverse range of tastes and textures. By employing either fermentation or pickling, foods are not only kept from spoiling but are also imbued with unique flavors that are often sought after in culinary practices. PICKLING. TEMPERATURE CONTROL Temperature control is crucial in fermentation to ensure the desired chemical reactions occur FERMENTATION. LEMON JUICE Both lemon juice and salt are used to enhance and balance the flavor of food SALT.",
    "evaluation": 1
  },
  {
    "accuracy": "33.33%"
  }
]