[
  {
    "correct_answer": "Sleep is a fundamental biological process.",
    "retrieved_context": "SLEEP Adenosine is a neurotransmitter that promotes sleep ADENOSINE. NON-REM SLEEP N1 stage is the initial phase of non-REM sleep, marking the transition from wakefulness to sleep N1 STAGE. SLEEP Sleep significantly affects cognitive functions COGNITIVE FUNCTION. SLEEP REM sleep is a crucial stage within the overall sleep process, involved in memory consolidation and emotional processing REM SLEEP. NON-REM SLEEP N2 stage is a deeper phase of non-REM sleep, characterized by specific physiological markers like sleep spindles N2 STAGE. SLEEP Serotonin plays a role in the regulation of sleep SEROTONIN. NON-REM SLEEP N3 stage is the deepest phase of non-REM sleep, essential for restorative processes N3 STAGE. SLEEP Sleep is crucial for the proper functioning of the immune system IMMUNE FUNCTION. SLEEP Dopamine is involved in the regulation of sleep and wakefulness DOPAMINE. SLEEP Non-REM sleep is a fundamental part of the sleep cycle, consisting of stages N1, N2, and N3 NON-REM SLEEP. SLEEP Sleep plays a crucial role in metabolism METABOLISM. NON-REM SLEEP N1 stage is the initial phase of non-REM sleep, marking the transition from wakefulness to sleep N1 STAGE. NON-REM SLEEP N3 stage is the deepest phase of non-REM sleep, essential for restorative processes N3 STAGE. NON-REM SLEEP N2 stage is a deeper phase of non-REM sleep, characterized by specific physiological markers like sleep spindles N2 STAGE. SUPRACHIASMATIC NUCLEUS The suprachiasmatic nucleus regulates the release of melatonin MELATONIN. CIRCADIAN RHYTHM The circadian rhythm is regulated by the suprachiasmatic nucleus in the brain SUPRACHIASMATIC NUCLEUS. SUPRACHIASMATIC NUCLEUS The suprachiasmatic nucleus regulates the release of melatonin MELATONIN.",
    "evaluation": 1
  },
  {
    "correct_answer": "Sleep is essential for human health and well-being.",
    "retrieved_context": "NON-REM SLEEP N1 stage is the initial phase of non-REM sleep, marking the transition from wakefulness to sleep N1 STAGE. NON-REM SLEEP N3 stage is the deepest phase of non-REM sleep, essential for restorative processes N3 STAGE. NON-REM SLEEP N2 stage is a deeper phase of non-REM sleep, characterized by specific physiological markers like sleep spindles N2 STAGE. SLEEP Adenosine is a neurotransmitter that promotes sleep ADENOSINE. NON-REM SLEEP N1 stage is the initial phase of non-REM sleep, marking the transition from wakefulness to sleep N1 STAGE. SLEEP Sleep significantly affects cognitive functions COGNITIVE FUNCTION. SLEEP REM sleep is a crucial stage within the overall sleep process, involved in memory consolidation and emotional processing REM SLEEP. NON-REM SLEEP N2 stage is a deeper phase of non-REM sleep, characterized by specific physiological markers like sleep spindles N2 STAGE. SLEEP Serotonin plays a role in the regulation of sleep SEROTONIN. NON-REM SLEEP N3 stage is the deepest phase of non-REM sleep, essential for restorative processes N3 STAGE. SLEEP Sleep is crucial for the proper functioning of the immune system IMMUNE FUNCTION. SLEEP Dopamine is involved in the regulation of sleep and wakefulness DOPAMINE. SLEEP Non-REM sleep is a fundamental part of the sleep cycle, consisting of stages N1, N2, and N3 NON-REM SLEEP. SLEEP Sleep plays a crucial role in metabolism METABOLISM. SUPRACHIASMATIC NUCLEUS The suprachiasmatic nucleus regulates the release of melatonin MELATONIN. CIRCADIAN RHYTHM The circadian rhythm is regulated by the suprachiasmatic nucleus in the brain SUPRACHIASMATIC NUCLEUS. OBESITY Chronic sleep deprivation has been linked to an increased risk of obesity SLEEP DEPRIVATION.",
    "evaluation": 1
  },
  {
    "correct_answer": "Sleep involves various physiological and neurological mechanisms.",
    "retrieved_context": "SLEEP Adenosine is a neurotransmitter that promotes sleep ADENOSINE. NON-REM SLEEP N1 stage is the initial phase of non-REM sleep, marking the transition from wakefulness to sleep N1 STAGE. SLEEP Sleep significantly affects cognitive functions COGNITIVE FUNCTION. SLEEP REM sleep is a crucial stage within the overall sleep process, involved in memory consolidation and emotional processing REM SLEEP. NON-REM SLEEP N2 stage is a deeper phase of non-REM sleep, characterized by specific physiological markers like sleep spindles N2 STAGE. SLEEP Serotonin plays a role in the regulation of sleep SEROTONIN. NON-REM SLEEP N3 stage is the deepest phase of non-REM sleep, essential for restorative processes N3 STAGE. SLEEP Sleep is crucial for the proper functioning of the immune system IMMUNE FUNCTION. SLEEP Dopamine is involved in the regulation of sleep and wakefulness DOPAMINE. SLEEP Non-REM sleep is a fundamental part of the sleep cycle, consisting of stages N1, N2, and N3 NON-REM SLEEP. SLEEP Sleep plays a crucial role in metabolism METABOLISM. NON-REM SLEEP N1 stage is the initial phase of non-REM sleep, marking the transition from wakefulness to sleep N1 STAGE. NON-REM SLEEP N3 stage is the deepest phase of non-REM sleep, essential for restorative processes N3 STAGE. NON-REM SLEEP N2 stage is a deeper phase of non-REM sleep, characterized by specific physiological markers like sleep spindles N2 STAGE. SUPRACHIASMATIC NUCLEUS The suprachiasmatic nucleus regulates the release of melatonin MELATONIN. CIRCADIAN RHYTHM The circadian rhythm is regulated by the suprachiasmatic nucleus in the brain SUPRACHIASMATIC NUCLEUS.",
    "evaluation": 1
  },
  {
    "correct_answer": "Sleep is divided into rapid eye movement (REM) sleep and non-REM sleep.",
    "retrieved_context": "NON-REM SLEEP N1 stage is the initial phase of non-REM sleep, marking the transition from wakefulness to sleep N1 STAGE. NON-REM SLEEP N3 stage is the deepest phase of non-REM sleep, essential for restorative processes N3 STAGE. NON-REM SLEEP N2 stage is a deeper phase of non-REM sleep, characterized by specific physiological markers like sleep spindles N2 STAGE. SLEEP Adenosine is a neurotransmitter that promotes sleep ADENOSINE. NON-REM SLEEP N1 stage is the initial phase of non-REM sleep, marking the transition from wakefulness to sleep N1 STAGE. SLEEP Sleep significantly affects cognitive functions COGNITIVE FUNCTION. SLEEP REM sleep is a crucial stage within the overall sleep process, involved in memory consolidation and emotional processing REM SLEEP. NON-REM SLEEP N2 stage is a deeper phase of non-REM sleep, characterized by specific physiological markers like sleep spindles N2 STAGE. SLEEP Serotonin plays a role in the regulation of sleep SEROTONIN. NON-REM SLEEP N3 stage is the deepest phase of non-REM sleep, essential for restorative processes N3 STAGE. SLEEP Sleep is crucial for the proper functioning of the immune system IMMUNE FUNCTION. SLEEP Dopamine is involved in the regulation of sleep and wakefulness DOPAMINE. SLEEP Non-REM sleep is a fundamental part of the sleep cycle, consisting of stages N1, N2, and N3 NON-REM SLEEP. SLEEP Sleep plays a crucial role in metabolism METABOLISM. SUPRACHIASMATIC NUCLEUS The suprachiasmatic nucleus regulates the release of melatonin MELATONIN. CIRCADIAN RHYTHM The circadian rhythm is regulated by the suprachiasmatic nucleus in the brain SUPRACHIASMATIC NUCLEUS.",
    "evaluation": 1
  },
  {
    "correct_answer": "Non-REM sleep consists of three stages: N1, N2, and N3.",
    "retrieved_context": "NON-REM SLEEP N1 stage is the initial phase of non-REM sleep, marking the transition from wakefulness to sleep N1 STAGE. NON-REM SLEEP N3 stage is the deepest phase of non-REM sleep, essential for restorative processes N3 STAGE. NON-REM SLEEP N2 stage is a deeper phase of non-REM sleep, characterized by specific physiological markers like sleep spindles N2 STAGE. SLEEP Adenosine is a neurotransmitter that promotes sleep ADENOSINE. NON-REM SLEEP N1 stage is the initial phase of non-REM sleep, marking the transition from wakefulness to sleep N1 STAGE. SLEEP Sleep significantly affects cognitive functions COGNITIVE FUNCTION. SLEEP REM sleep is a crucial stage within the overall sleep process, involved in memory consolidation and emotional processing REM SLEEP. NON-REM SLEEP N2 stage is a deeper phase of non-REM sleep, characterized by specific physiological markers like sleep spindles N2 STAGE. SLEEP Serotonin plays a role in the regulation of sleep SEROTONIN. NON-REM SLEEP N3 stage is the deepest phase of non-REM sleep, essential for restorative processes N3 STAGE. SLEEP Sleep is crucial for the proper functioning of the immune system IMMUNE FUNCTION. SLEEP Dopamine is involved in the regulation of sleep and wakefulness DOPAMINE. SLEEP Non-REM sleep is a fundamental part of the sleep cycle, consisting of stages N1, N2, and N3 NON-REM SLEEP. SLEEP Sleep plays a crucial role in metabolism METABOLISM.",
    "evaluation": 1
  },
  {
    "correct_answer": "N1 stage is the lightest stage of sleep.",
    "retrieved_context": "NON-REM SLEEP N1 stage is the initial phase of non-REM sleep, marking the transition from wakefulness to sleep N1 STAGE. NON-REM SLEEP N3 stage is the deepest phase of non-REM sleep, essential for restorative processes N3 STAGE. NON-REM SLEEP N2 stage is a deeper phase of non-REM sleep, characterized by specific physiological markers like sleep spindles N2 STAGE. SLEEP Adenosine is a neurotransmitter that promotes sleep ADENOSINE. NON-REM SLEEP N1 stage is the initial phase of non-REM sleep, marking the transition from wakefulness to sleep N1 STAGE. SLEEP Sleep significantly affects cognitive functions COGNITIVE FUNCTION. SLEEP REM sleep is a crucial stage within the overall sleep process, involved in memory consolidation and emotional processing REM SLEEP. NON-REM SLEEP N2 stage is a deeper phase of non-REM sleep, characterized by specific physiological markers like sleep spindles N2 STAGE. SLEEP Serotonin plays a role in the regulation of sleep SEROTONIN. NON-REM SLEEP N3 stage is the deepest phase of non-REM sleep, essential for restorative processes N3 STAGE. SLEEP Sleep is crucial for the proper functioning of the immune system IMMUNE FUNCTION. SLEEP Dopamine is involved in the regulation of sleep and wakefulness DOPAMINE. SLEEP Non-REM sleep is a fundamental part of the sleep cycle, consisting of stages N1, N2, and N3 NON-REM SLEEP. SLEEP Sleep plays a crucial role in metabolism METABOLISM.",
    "evaluation": 0
  },
  {
    "correct_answer": "N2 stage is characterized by a decrease in body temperature and heart rate.",
    "retrieved_context": "SUPRACHIASMATIC NUCLEUS The suprachiasmatic nucleus regulates the release of melatonin MELATONIN. CIRCADIAN RHYTHM The circadian rhythm is regulated by the suprachiasmatic nucleus in the brain SUPRACHIASMATIC NUCLEUS. SUPRACHIASMATIC NUCLEUS The suprachiasmatic nucleus regulates the release of melatonin MELATONIN.",
    "evaluation": 0
  },
  {
    "correct_answer": "N3 stage is the deepest stage of sleep.",
    "retrieved_context": "NON-REM SLEEP N1 stage is the initial phase of non-REM sleep, marking the transition from wakefulness to sleep N1 STAGE. NON-REM SLEEP N3 stage is the deepest phase of non-REM sleep, essential for restorative processes N3 STAGE. NON-REM SLEEP N2 stage is a deeper phase of non-REM sleep, characterized by specific physiological markers like sleep spindles N2 STAGE. SLEEP Adenosine is a neurotransmitter that promotes sleep ADENOSINE. NON-REM SLEEP N1 stage is the initial phase of non-REM sleep, marking the transition from wakefulness to sleep N1 STAGE. SLEEP Sleep significantly affects cognitive functions COGNITIVE FUNCTION. SLEEP REM sleep is a crucial stage within the overall sleep process, involved in memory consolidation and emotional processing REM SLEEP. NON-REM SLEEP N2 stage is a deeper phase of non-REM sleep, characterized by specific physiological markers like sleep spindles N2 STAGE. SLEEP Serotonin plays a role in the regulation of sleep SEROTONIN. NON-REM SLEEP N3 stage is the deepest phase of non-REM sleep, essential for restorative processes N3 STAGE. SLEEP Sleep is crucial for the proper functioning of the immune system IMMUNE FUNCTION. SLEEP Dopamine is involved in the regulation of sleep and wakefulness DOPAMINE. SLEEP Non-REM sleep is a fundamental part of the sleep cycle, consisting of stages N1, N2, and N3 NON-REM SLEEP. SLEEP Sleep plays a crucial role in metabolism METABOLISM.",
    "evaluation": 1
  },
  {
    "correct_answer": "REM sleep is the stage where most dreaming occurs.",
    "retrieved_context": "NON-REM SLEEP N1 stage is the initial phase of non-REM sleep, marking the transition from wakefulness to sleep N1 STAGE. NON-REM SLEEP N3 stage is the deepest phase of non-REM sleep, essential for restorative processes N3 STAGE. NON-REM SLEEP N2 stage is a deeper phase of non-REM sleep, characterized by specific physiological markers like sleep spindles N2 STAGE. SLEEP Adenosine is a neurotransmitter that promotes sleep ADENOSINE. NON-REM SLEEP N1 stage is the initial phase of non-REM sleep, marking the transition from wakefulness to sleep N1 STAGE. SLEEP Sleep significantly affects cognitive functions COGNITIVE FUNCTION. SLEEP REM sleep is a crucial stage within the overall sleep process, involved in memory consolidation and emotional processing REM SLEEP. NON-REM SLEEP N2 stage is a deeper phase of non-REM sleep, characterized by specific physiological markers like sleep spindles N2 STAGE. SLEEP Serotonin plays a role in the regulation of sleep SEROTONIN. NON-REM SLEEP N3 stage is the deepest phase of non-REM sleep, essential for restorative processes N3 STAGE. SLEEP Sleep is crucial for the proper functioning of the immune system IMMUNE FUNCTION. SLEEP Dopamine is involved in the regulation of sleep and wakefulness DOPAMINE. SLEEP Non-REM sleep is a fundamental part of the sleep cycle, consisting of stages N1, N2, and N3 NON-REM SLEEP. SLEEP Sleep plays a crucial role in metabolism METABOLISM. SUPRACHIASMATIC NUCLEUS The suprachiasmatic nucleus regulates the release of melatonin MELATONIN. CIRCADIAN RHYTHM The circadian rhythm is regulated by the suprachiasmatic nucleus in the brain SUPRACHIASMATIC NUCLEUS.",
    "evaluation": 0
  },
  {
    "correct_answer": "REM sleep is characterized by rapid eye movements and muscle paralysis.",
    "retrieved_context": "NON-REM SLEEP N1 stage is the initial phase of non-REM sleep, marking the transition from wakefulness to sleep N1 STAGE. NON-REM SLEEP N3 stage is the deepest phase of non-REM sleep, essential for restorative processes N3 STAGE. NON-REM SLEEP N2 stage is a deeper phase of non-REM sleep, characterized by specific physiological markers like sleep spindles N2 STAGE. SLEEP Adenosine is a neurotransmitter that promotes sleep ADENOSINE. NON-REM SLEEP N1 stage is the initial phase of non-REM sleep, marking the transition from wakefulness to sleep N1 STAGE. SLEEP Sleep significantly affects cognitive functions COGNITIVE FUNCTION. SLEEP REM sleep is a crucial stage within the overall sleep process, involved in memory consolidation and emotional processing REM SLEEP. NON-REM SLEEP N2 stage is a deeper phase of non-REM sleep, characterized by specific physiological markers like sleep spindles N2 STAGE. SLEEP Serotonin plays a role in the regulation of sleep SEROTONIN. NON-REM SLEEP N3 stage is the deepest phase of non-REM sleep, essential for restorative processes N3 STAGE. SLEEP Sleep is crucial for the proper functioning of the immune system IMMUNE FUNCTION. SLEEP Dopamine is involved in the regulation of sleep and wakefulness DOPAMINE. SLEEP Non-REM sleep is a fundamental part of the sleep cycle, consisting of stages N1, N2, and N3 NON-REM SLEEP. SLEEP Sleep plays a crucial role in metabolism METABOLISM. SUPRACHIASMATIC NUCLEUS The suprachiasmatic nucleus regulates the release of melatonin MELATONIN. CIRCADIAN RHYTHM The circadian rhythm is regulated by the suprachiasmatic nucleus in the brain SUPRACHIASMATIC NUCLEUS. SUPRACHIASMATIC NUCLEUS The suprachiasmatic nucleus regulates the release of melatonin MELATONIN.",
    "evaluation": 0
  },
  {
    "correct_answer": "Circadian rhythm plays a significant role in determining sleep timing.",
    "retrieved_context": "SUPRACHIASMATIC NUCLEUS The suprachiasmatic nucleus regulates the release of melatonin MELATONIN. CIRCADIAN RHYTHM The circadian rhythm is regulated by the suprachiasmatic nucleus in the brain SUPRACHIASMATIC NUCLEUS. SLEEP Adenosine is a neurotransmitter that promotes sleep ADENOSINE. NON-REM SLEEP N1 stage is the initial phase of non-REM sleep, marking the transition from wakefulness to sleep N1 STAGE. SLEEP Sleep significantly affects cognitive functions COGNITIVE FUNCTION. SLEEP REM sleep is a crucial stage within the overall sleep process, involved in memory consolidation and emotional processing REM SLEEP. NON-REM SLEEP N2 stage is a deeper phase of non-REM sleep, characterized by specific physiological markers like sleep spindles N2 STAGE. SLEEP Serotonin plays a role in the regulation of sleep SEROTONIN. NON-REM SLEEP N3 stage is the deepest phase of non-REM sleep, essential for restorative processes N3 STAGE. SLEEP Sleep is crucial for the proper functioning of the immune system IMMUNE FUNCTION. SLEEP Dopamine is involved in the regulation of sleep and wakefulness DOPAMINE. SLEEP Non-REM sleep is a fundamental part of the sleep cycle, consisting of stages N1, N2, and N3 NON-REM SLEEP. SLEEP Sleep plays a crucial role in metabolism METABOLISM. NON-REM SLEEP N1 stage is the initial phase of non-REM sleep, marking the transition from wakefulness to sleep N1 STAGE. NON-REM SLEEP N3 stage is the deepest phase of non-REM sleep, essential for restorative processes N3 STAGE. NON-REM SLEEP N2 stage is a deeper phase of non-REM sleep, characterized by specific physiological markers like sleep spindles N2 STAGE.",
    "evaluation": 0
  },
  {
    "correct_answer": "The suprachiasmatic nucleus in the brain regulates the release of melatonin.",
    "retrieved_context": "SUPRACHIASMATIC NUCLEUS The suprachiasmatic nucleus regulates the release of melatonin MELATONIN. SUPRACHIASMATIC NUCLEUS The suprachiasmatic nucleus regulates the release of melatonin MELATONIN. CIRCADIAN RHYTHM The circadian rhythm is regulated by the suprachiasmatic nucleus in the brain SUPRACHIASMATIC NUCLEUS. NON-REM SLEEP N1 stage is the initial phase of non-REM sleep, marking the transition from wakefulness to sleep N1 STAGE. NON-REM SLEEP N3 stage is the deepest phase of non-REM sleep, essential for restorative processes N3 STAGE. NON-REM SLEEP N2 stage is a deeper phase of non-REM sleep, characterized by specific physiological markers like sleep spindles N2 STAGE. SLEEP Adenosine is a neurotransmitter that promotes sleep ADENOSINE. NON-REM SLEEP N1 stage is the initial phase of non-REM sleep, marking the transition from wakefulness to sleep N1 STAGE. SLEEP Sleep significantly affects cognitive functions COGNITIVE FUNCTION. SLEEP REM sleep is a crucial stage within the overall sleep process, involved in memory consolidation and emotional processing REM SLEEP. NON-REM SLEEP N2 stage is a deeper phase of non-REM sleep, characterized by specific physiological markers like sleep spindles N2 STAGE. SLEEP Serotonin plays a role in the regulation of sleep SEROTONIN. NON-REM SLEEP N3 stage is the deepest phase of non-REM sleep, essential for restorative processes N3 STAGE. SLEEP Sleep is crucial for the proper functioning of the immune system IMMUNE FUNCTION. SLEEP Dopamine is involved in the regulation of sleep and wakefulness DOPAMINE. SLEEP Non-REM sleep is a fundamental part of the sleep cycle, consisting of stages N1, N2, and N3 NON-REM SLEEP. SLEEP Sleep plays a crucial role in metabolism METABOLISM.",
    "evaluation": 1
  },
  {
    "correct_answer": "Adenosine is a neurotransmitter that promotes sleep.",
    "retrieved_context": "NON-REM SLEEP N1 stage is the initial phase of non-REM sleep, marking the transition from wakefulness to sleep N1 STAGE. NON-REM SLEEP N3 stage is the deepest phase of non-REM sleep, essential for restorative processes N3 STAGE. NON-REM SLEEP N2 stage is a deeper phase of non-REM sleep, characterized by specific physiological markers like sleep spindles N2 STAGE. SLEEP Adenosine is a neurotransmitter that promotes sleep ADENOSINE. NON-REM SLEEP N1 stage is the initial phase of non-REM sleep, marking the transition from wakefulness to sleep N1 STAGE. SLEEP Sleep significantly affects cognitive functions COGNITIVE FUNCTION. SLEEP REM sleep is a crucial stage within the overall sleep process, involved in memory consolidation and emotional processing REM SLEEP. NON-REM SLEEP N2 stage is a deeper phase of non-REM sleep, characterized by specific physiological markers like sleep spindles N2 STAGE. SLEEP Serotonin plays a role in the regulation of sleep SEROTONIN. NON-REM SLEEP N3 stage is the deepest phase of non-REM sleep, essential for restorative processes N3 STAGE. SLEEP Sleep is crucial for the proper functioning of the immune system IMMUNE FUNCTION. SLEEP Dopamine is involved in the regulation of sleep and wakefulness DOPAMINE. SLEEP Non-REM sleep is a fundamental part of the sleep cycle, consisting of stages N1, N2, and N3 NON-REM SLEEP. SLEEP Sleep plays a crucial role in metabolism METABOLISM. SUPRACHIASMATIC NUCLEUS The suprachiasmatic nucleus regulates the release of melatonin MELATONIN. CIRCADIAN RHYTHM The circadian rhythm is regulated by the suprachiasmatic nucleus in the brain SUPRACHIASMATIC NUCLEUS.",
    "evaluation": 1
  },
  {
    "correct_answer": "Serotonin and dopamine also play a role in sleep regulation.",
    "retrieved_context": "SLEEP Adenosine is a neurotransmitter that promotes sleep ADENOSINE. NON-REM SLEEP N1 stage is the initial phase of non-REM sleep, marking the transition from wakefulness to sleep N1 STAGE. SLEEP Sleep significantly affects cognitive functions COGNITIVE FUNCTION. SLEEP REM sleep is a crucial stage within the overall sleep process, involved in memory consolidation and emotional processing REM SLEEP. NON-REM SLEEP N2 stage is a deeper phase of non-REM sleep, characterized by specific physiological markers like sleep spindles N2 STAGE. SLEEP Serotonin plays a role in the regulation of sleep SEROTONIN. NON-REM SLEEP N3 stage is the deepest phase of non-REM sleep, essential for restorative processes N3 STAGE. SLEEP Sleep is crucial for the proper functioning of the immune system IMMUNE FUNCTION. SLEEP Dopamine is involved in the regulation of sleep and wakefulness DOPAMINE. SLEEP Non-REM sleep is a fundamental part of the sleep cycle, consisting of stages N1, N2, and N3 NON-REM SLEEP. SLEEP Sleep plays a crucial role in metabolism METABOLISM. NON-REM SLEEP N1 stage is the initial phase of non-REM sleep, marking the transition from wakefulness to sleep N1 STAGE. NON-REM SLEEP N3 stage is the deepest phase of non-REM sleep, essential for restorative processes N3 STAGE. NON-REM SLEEP N2 stage is a deeper phase of non-REM sleep, characterized by specific physiological markers like sleep spindles N2 STAGE. SUPRACHIASMATIC NUCLEUS The suprachiasmatic nucleus regulates the release of melatonin MELATONIN. CIRCADIAN RHYTHM The circadian rhythm is regulated by the suprachiasmatic nucleus in the brain SUPRACHIASMATIC NUCLEUS.",
    "evaluation": 1
  },
  {
    "correct_answer": "External factors like light exposure, noise, and temperature can impact sleep quality.",
    "retrieved_context": "NON-REM SLEEP N1 stage is the initial phase of non-REM sleep, marking the transition from wakefulness to sleep N1 STAGE. NON-REM SLEEP N3 stage is the deepest phase of non-REM sleep, essential for restorative processes N3 STAGE. NON-REM SLEEP N2 stage is a deeper phase of non-REM sleep, characterized by specific physiological markers like sleep spindles N2 STAGE. SLEEP Adenosine is a neurotransmitter that promotes sleep ADENOSINE. NON-REM SLEEP N1 stage is the initial phase of non-REM sleep, marking the transition from wakefulness to sleep N1 STAGE. SLEEP Sleep significantly affects cognitive functions COGNITIVE FUNCTION. SLEEP REM sleep is a crucial stage within the overall sleep process, involved in memory consolidation and emotional processing REM SLEEP. NON-REM SLEEP N2 stage is a deeper phase of non-REM sleep, characterized by specific physiological markers like sleep spindles N2 STAGE. SLEEP Serotonin plays a role in the regulation of sleep SEROTONIN. NON-REM SLEEP N3 stage is the deepest phase of non-REM sleep, essential for restorative processes N3 STAGE. SLEEP Sleep is crucial for the proper functioning of the immune system IMMUNE FUNCTION. SLEEP Dopamine is involved in the regulation of sleep and wakefulness DOPAMINE. SLEEP Non-REM sleep is a fundamental part of the sleep cycle, consisting of stages N1, N2, and N3 NON-REM SLEEP. SLEEP Sleep plays a crucial role in metabolism METABOLISM. SUPRACHIASMATIC NUCLEUS The suprachiasmatic nucleus regulates the release of melatonin MELATONIN. CIRCADIAN RHYTHM The circadian rhythm is regulated by the suprachiasmatic nucleus in the brain SUPRACHIASMATIC NUCLEUS. OBESITY Chronic sleep deprivation has been linked to an increased risk of obesity SLEEP DEPRIVATION.",
    "evaluation": 0
  },
  {
    "accuracy": "60.00%"
  }
]