[
  {
    "correct_answer": "Butterflies undergo a remarkable transformation throughout their life cycle.",
    "retrieved_context": "BUTTERFLIES Butterflies feed on nectar from flowers NECTAR. HOST PLANTS Female butterflies specifically choose host plants to lay their eggs FEMALE BUTTERFLIES. BUTTERFLIES Female butterflies lay their eggs on host plants HOST PLANTS. BUTTERFLIES Butterflies serve as a food source for birds BIRDS. NECTAR Adult butterflies feed on nectar as their primary food source ADULT BUTTERFLIES. BUTTERFLIES Butterflies are consumed by reptiles, indicating a predator-prey relationship REPTILES. BUTTERFLIES Butterflies contribute to the overall biodiversity by being part of the food chain involving other insects INSECTS. BUTTERFLIES Butterflies contribute to pollination by transferring pollen POLLINATION. BUTTERFLY The larva stage is a critical part of the butterfly's transformation process LARVA STAGE. BUTTERFLY The pupa stage is a crucial part of the butterfly's life cycle, leading to its emergence as an adult PUPA. LARVA STAGE After completing its growth, the caterpillar enters the pupa stage, marking its transformation towards becoming an adult butterfly PUPA. BUTTERFLY The egg stage is the beginning of the butterfly's life cycle EGG STAGE. LARVA STAGE Caterpillars represent the larva stage in the butterfly's life cycle, focusing on feeding and growth CATERPILLAR. EGG STAGE The larva stage follows the egg stage in the butterfly's life cycle, with the caterpillar emerging from the egg LARVA STAGE. BUTTERFLY Metamorphosis results in the transformation of the caterpillar into a butterfly METAMORPHOSIS. CATERPILLAR The caterpillar forms the chrysalis around itself to protect during the pupa stage of its life cycle CHRYSALIS. BUTTERFLY The butterfly is the final stage in the life cycle that begins with the caterpillar CATERPILLAR. CHRYSALIS Inside the chrysalis, the caterpillar undergoes metamorphosis METAMORPHOSIS. CATERPILLAR The caterpillar forms the chrysalis around itself to protect during the pupa stage of its life cycle CHRYSALIS.",
    "evaluation": 1
  },
  {
    "correct_answer": "Female butterflies lay their eggs on specific host plants.",
    "retrieved_context": "BUTTERFLIES Butterflies feed on nectar from flowers NECTAR. HOST PLANTS Female butterflies specifically choose host plants to lay their eggs FEMALE BUTTERFLIES. BUTTERFLIES Female butterflies lay their eggs on host plants HOST PLANTS. BUTTERFLIES Butterflies serve as a food source for birds BIRDS. NECTAR Adult butterflies feed on nectar as their primary food source ADULT BUTTERFLIES. BUTTERFLIES Butterflies are consumed by reptiles, indicating a predator-prey relationship REPTILES. BUTTERFLIES Butterflies contribute to the overall biodiversity by being part of the food chain involving other insects INSECTS. BUTTERFLIES Butterflies contribute to pollination by transferring pollen POLLINATION. HOST PLANTS Female butterflies specifically choose host plants to lay their eggs FEMALE BUTTERFLIES. BUTTERFLY The larva stage is a critical part of the butterfly's transformation process LARVA STAGE. BUTTERFLY The pupa stage is a crucial part of the butterfly's life cycle, leading to its emergence as an adult PUPA. LARVA STAGE After completing its growth, the caterpillar enters the pupa stage, marking its transformation towards becoming an adult butterfly PUPA. BUTTERFLY The egg stage is the beginning of the butterfly's life cycle EGG STAGE. LARVA STAGE Caterpillars represent the larva stage in the butterfly's life cycle, focusing on feeding and growth CATERPILLAR. EGG STAGE The larva stage follows the egg stage in the butterfly's life cycle, with the caterpillar emerging from the egg LARVA STAGE. BUTTERFLY Metamorphosis results in the transformation of the caterpillar into a butterfly METAMORPHOSIS. CATERPILLAR The caterpillar forms the chrysalis around itself to protect during the pupa stage of its life cycle CHRYSALIS. BUTTERFLY The butterfly is the final stage in the life cycle that begins with the caterpillar CATERPILLAR. CHRYSALIS Inside the chrysalis, the caterpillar undergoes metamorphosis METAMORPHOSIS. CATERPILLAR The caterpillar forms the chrysalis around itself to protect during the pupa stage of its life cycle CHRYSALIS.",
    "evaluation": 1
  },
  {
    "correct_answer": "Butterfly eggs are usually laid on the underside of leaves.",
    "retrieved_context": "BUTTERFLIES Butterflies feed on nectar from flowers NECTAR. HOST PLANTS Female butterflies specifically choose host plants to lay their eggs FEMALE BUTTERFLIES. BUTTERFLIES Female butterflies lay their eggs on host plants HOST PLANTS. BUTTERFLIES Butterflies serve as a food source for birds BIRDS. NECTAR Adult butterflies feed on nectar as their primary food source ADULT BUTTERFLIES. BUTTERFLIES Butterflies are consumed by reptiles, indicating a predator-prey relationship REPTILES. BUTTERFLIES Butterflies contribute to the overall biodiversity by being part of the food chain involving other insects INSECTS. BUTTERFLIES Butterflies contribute to pollination by transferring pollen POLLINATION. BUTTERFLY The larva stage is a critical part of the butterfly's transformation process LARVA STAGE. BUTTERFLY The pupa stage is a crucial part of the butterfly's life cycle, leading to its emergence as an adult PUPA. LARVA STAGE After completing its growth, the caterpillar enters the pupa stage, marking its transformation towards becoming an adult butterfly PUPA. BUTTERFLY The egg stage is the beginning of the butterfly's life cycle EGG STAGE. LARVA STAGE Caterpillars represent the larva stage in the butterfly's life cycle, focusing on feeding and growth CATERPILLAR. EGG STAGE The larva stage follows the egg stage in the butterfly's life cycle, with the caterpillar emerging from the egg LARVA STAGE. BUTTERFLY Metamorphosis results in the transformation of the caterpillar into a butterfly METAMORPHOSIS. CATERPILLAR The caterpillar forms the chrysalis around itself to protect during the pupa stage of its life cycle CHRYSALIS. BUTTERFLY The butterfly is the final stage in the life cycle that begins with the caterpillar CATERPILLAR. CHRYSALIS Inside the chrysalis, the caterpillar undergoes metamorphosis METAMORPHOSIS. CATERPILLAR The caterpillar forms the chrysalis around itself to protect during the pupa stage of its life cycle CHRYSALIS. LARVA STAGE After completing its growth, the caterpillar enters the pupa stage, marking its transformation towards becoming an adult butterfly PUPA. EGG STAGE The larva stage follows the egg stage in the butterfly's life cycle, with the caterpillar emerging from the egg LARVA STAGE. LARVA STAGE Caterpillars represent the larva stage in the butterfly's life cycle, focusing on feeding and growth CATERPILLAR.",
    "evaluation": 0
  },
  {
    "correct_answer": "The size, shape, and color of butterfly eggs vary depending on the species.",
    "retrieved_context": "BUTTERFLIES Butterflies feed on nectar from flowers NECTAR. HOST PLANTS Female butterflies specifically choose host plants to lay their eggs FEMALE BUTTERFLIES. BUTTERFLIES Female butterflies lay their eggs on host plants HOST PLANTS. BUTTERFLIES Butterflies serve as a food source for birds BIRDS. NECTAR Adult butterflies feed on nectar as their primary food source ADULT BUTTERFLIES. BUTTERFLIES Butterflies are consumed by reptiles, indicating a predator-prey relationship REPTILES. BUTTERFLIES Butterflies contribute to the overall biodiversity by being part of the food chain involving other insects INSECTS. BUTTERFLIES Butterflies contribute to pollination by transferring pollen POLLINATION. BUTTERFLY The larva stage is a critical part of the butterfly's transformation process LARVA STAGE. BUTTERFLY The pupa stage is a crucial part of the butterfly's life cycle, leading to its emergence as an adult PUPA. LARVA STAGE After completing its growth, the caterpillar enters the pupa stage, marking its transformation towards becoming an adult butterfly PUPA. BUTTERFLY The egg stage is the beginning of the butterfly's life cycle EGG STAGE. LARVA STAGE Caterpillars represent the larva stage in the butterfly's life cycle, focusing on feeding and growth CATERPILLAR. EGG STAGE The larva stage follows the egg stage in the butterfly's life cycle, with the caterpillar emerging from the egg LARVA STAGE. BUTTERFLY Metamorphosis results in the transformation of the caterpillar into a butterfly METAMORPHOSIS. CATERPILLAR The caterpillar forms the chrysalis around itself to protect during the pupa stage of its life cycle CHRYSALIS. BUTTERFLY The butterfly is the final stage in the life cycle that begins with the caterpillar CATERPILLAR. CHRYSALIS Inside the chrysalis, the caterpillar undergoes metamorphosis METAMORPHOSIS. CATERPILLAR The caterpillar forms the chrysalis around itself to protect during the pupa stage of its life cycle CHRYSALIS. LARVA STAGE After completing its growth, the caterpillar enters the pupa stage, marking its transformation towards becoming an adult butterfly PUPA. EGG STAGE The larva stage follows the egg stage in the butterfly's life cycle, with the caterpillar emerging from the egg LARVA STAGE. LARVA STAGE Caterpillars represent the larva stage in the butterfly's life cycle, focusing on feeding and growth CATERPILLAR.",
    "evaluation": 0
  },
  {
    "correct_answer": "After hatching, a tiny larva, known as a caterpillar, emerges.",
    "retrieved_context": "CHRYSALIS Inside the chrysalis, the caterpillar undergoes metamorphosis METAMORPHOSIS. CATERPILLAR The caterpillar forms the chrysalis around itself to protect during the pupa stage of its life cycle CHRYSALIS. CATERPILLAR The caterpillar forms the chrysalis around itself to protect during the pupa stage of its life cycle CHRYSALIS. LARVA STAGE After completing its growth, the caterpillar enters the pupa stage, marking its transformation towards becoming an adult butterfly PUPA. LARVA STAGE Caterpillars represent the larva stage in the butterfly's life cycle, focusing on feeding and growth CATERPILLAR. BUTTERFLIES Butterflies feed on nectar from flowers NECTAR. HOST PLANTS Female butterflies specifically choose host plants to lay their eggs FEMALE BUTTERFLIES. BUTTERFLIES Female butterflies lay their eggs on host plants HOST PLANTS. BUTTERFLIES Butterflies serve as a food source for birds BIRDS. NECTAR Adult butterflies feed on nectar as their primary food source ADULT BUTTERFLIES. BUTTERFLIES Butterflies are consumed by reptiles, indicating a predator-prey relationship REPTILES. BUTTERFLIES Butterflies contribute to the overall biodiversity by being part of the food chain involving other insects INSECTS. BUTTERFLIES Butterflies contribute to pollination by transferring pollen POLLINATION. BUTTERFLY The larva stage is a critical part of the butterfly's transformation process LARVA STAGE. BUTTERFLY The pupa stage is a crucial part of the butterfly's life cycle, leading to its emergence as an adult PUPA. LARVA STAGE After completing its growth, the caterpillar enters the pupa stage, marking its transformation towards becoming an adult butterfly PUPA. BUTTERFLY The egg stage is the beginning of the butterfly's life cycle EGG STAGE. LARVA STAGE Caterpillars represent the larva stage in the butterfly's life cycle, focusing on feeding and growth CATERPILLAR. EGG STAGE The larva stage follows the egg stage in the butterfly's life cycle, with the caterpillar emerging from the egg LARVA STAGE. BUTTERFLY Metamorphosis results in the transformation of the caterpillar into a butterfly METAMORPHOSIS. CATERPILLAR The caterpillar forms the chrysalis around itself to protect during the pupa stage of its life cycle CHRYSALIS. BUTTERFLY The butterfly is the final stage in the life cycle that begins with the caterpillar CATERPILLAR. CHRYSALIS Inside the chrysalis, the caterpillar undergoes metamorphosis METAMORPHOSIS.",
    "evaluation": 1
  },
  {
    "correct_answer": "Caterpillars are voracious eaters and spend most of their time feeding on leaves.",
    "retrieved_context": "CHRYSALIS Inside the chrysalis, the caterpillar undergoes metamorphosis METAMORPHOSIS. CATERPILLAR The caterpillar forms the chrysalis around itself to protect during the pupa stage of its life cycle CHRYSALIS. BUTTERFLIES Butterflies feed on nectar from flowers NECTAR. HOST PLANTS Female butterflies specifically choose host plants to lay their eggs FEMALE BUTTERFLIES. BUTTERFLIES Female butterflies lay their eggs on host plants HOST PLANTS. BUTTERFLIES Butterflies serve as a food source for birds BIRDS. NECTAR Adult butterflies feed on nectar as their primary food source ADULT BUTTERFLIES. BUTTERFLIES Butterflies are consumed by reptiles, indicating a predator-prey relationship REPTILES. BUTTERFLIES Butterflies contribute to the overall biodiversity by being part of the food chain involving other insects INSECTS. BUTTERFLIES Butterflies contribute to pollination by transferring pollen POLLINATION. BUTTERFLY The larva stage is a critical part of the butterfly's transformation process LARVA STAGE. BUTTERFLY The pupa stage is a crucial part of the butterfly's life cycle, leading to its emergence as an adult PUPA. LARVA STAGE After completing its growth, the caterpillar enters the pupa stage, marking its transformation towards becoming an adult butterfly PUPA. BUTTERFLY The egg stage is the beginning of the butterfly's life cycle EGG STAGE. LARVA STAGE Caterpillars represent the larva stage in the butterfly's life cycle, focusing on feeding and growth CATERPILLAR. EGG STAGE The larva stage follows the egg stage in the butterfly's life cycle, with the caterpillar emerging from the egg LARVA STAGE. BUTTERFLY Metamorphosis results in the transformation of the caterpillar into a butterfly METAMORPHOSIS. CATERPILLAR The caterpillar forms the chrysalis around itself to protect during the pupa stage of its life cycle CHRYSALIS. BUTTERFLY The butterfly is the final stage in the life cycle that begins with the caterpillar CATERPILLAR. CHRYSALIS Inside the chrysalis, the caterpillar undergoes metamorphosis METAMORPHOSIS.",
    "evaluation": 0
  },
  {
    "correct_answer": "Caterpillars shed their skin several times as they grow.",
    "retrieved_context": "CHRYSALIS Inside the chrysalis, the caterpillar undergoes metamorphosis METAMORPHOSIS. CATERPILLAR The caterpillar forms the chrysalis around itself to protect during the pupa stage of its life cycle CHRYSALIS. BUTTERFLIES Butterflies feed on nectar from flowers NECTAR. HOST PLANTS Female butterflies specifically choose host plants to lay their eggs FEMALE BUTTERFLIES. BUTTERFLIES Female butterflies lay their eggs on host plants HOST PLANTS. BUTTERFLIES Butterflies serve as a food source for birds BIRDS. NECTAR Adult butterflies feed on nectar as their primary food source ADULT BUTTERFLIES. BUTTERFLIES Butterflies are consumed by reptiles, indicating a predator-prey relationship REPTILES. BUTTERFLIES Butterflies contribute to the overall biodiversity by being part of the food chain involving other insects INSECTS. BUTTERFLIES Butterflies contribute to pollination by transferring pollen POLLINATION. CATERPILLAR The caterpillar forms the chrysalis around itself to protect during the pupa stage of its life cycle CHRYSALIS. LARVA STAGE After completing its growth, the caterpillar enters the pupa stage, marking its transformation towards becoming an adult butterfly PUPA. LARVA STAGE Caterpillars represent the larva stage in the butterfly's life cycle, focusing on feeding and growth CATERPILLAR. CHRYSALIS Inside the chrysalis, the caterpillar undergoes metamorphosis METAMORPHOSIS.",
    "evaluation": 0
  },
  {
    "correct_answer": "Caterpillars come in a variety of shapes, sizes, and colors.",
    "retrieved_context": "CHRYSALIS Inside the chrysalis, the caterpillar undergoes metamorphosis METAMORPHOSIS. CATERPILLAR The caterpillar forms the chrysalis around itself to protect during the pupa stage of its life cycle CHRYSALIS. BUTTERFLIES Butterflies feed on nectar from flowers NECTAR. HOST PLANTS Female butterflies specifically choose host plants to lay their eggs FEMALE BUTTERFLIES. BUTTERFLIES Female butterflies lay their eggs on host plants HOST PLANTS. BUTTERFLIES Butterflies serve as a food source for birds BIRDS. NECTAR Adult butterflies feed on nectar as their primary food source ADULT BUTTERFLIES. BUTTERFLIES Butterflies are consumed by reptiles, indicating a predator-prey relationship REPTILES. BUTTERFLIES Butterflies contribute to the overall biodiversity by being part of the food chain involving other insects INSECTS. BUTTERFLIES Butterflies contribute to pollination by transferring pollen POLLINATION. CHRYSALIS Inside the chrysalis, the caterpillar undergoes metamorphosis METAMORPHOSIS. BUTTERFLY The larva stage is a critical part of the butterfly's transformation process LARVA STAGE. BUTTERFLY The pupa stage is a crucial part of the butterfly's life cycle, leading to its emergence as an adult PUPA. LARVA STAGE After completing its growth, the caterpillar enters the pupa stage, marking its transformation towards becoming an adult butterfly PUPA. BUTTERFLY The egg stage is the beginning of the butterfly's life cycle EGG STAGE. LARVA STAGE Caterpillars represent the larva stage in the butterfly's life cycle, focusing on feeding and growth CATERPILLAR. EGG STAGE The larva stage follows the egg stage in the butterfly's life cycle, with the caterpillar emerging from the egg LARVA STAGE. BUTTERFLY Metamorphosis results in the transformation of the caterpillar into a butterfly METAMORPHOSIS. CATERPILLAR The caterpillar forms the chrysalis around itself to protect during the pupa stage of its life cycle CHRYSALIS. BUTTERFLY The butterfly is the final stage in the life cycle that begins with the caterpillar CATERPILLAR.",
    "evaluation": 0
  },
  {
    "correct_answer": "Caterpillars play a crucial role in pollination and maintaining plant populations.",
    "retrieved_context": "CHRYSALIS Inside the chrysalis, the caterpillar undergoes metamorphosis METAMORPHOSIS. CATERPILLAR The caterpillar forms the chrysalis around itself to protect during the pupa stage of its life cycle CHRYSALIS. BUTTERFLIES Butterflies feed on nectar from flowers NECTAR. HOST PLANTS Female butterflies specifically choose host plants to lay their eggs FEMALE BUTTERFLIES. BUTTERFLIES Female butterflies lay their eggs on host plants HOST PLANTS. BUTTERFLIES Butterflies serve as a food source for birds BIRDS. NECTAR Adult butterflies feed on nectar as their primary food source ADULT BUTTERFLIES. BUTTERFLIES Butterflies are consumed by reptiles, indicating a predator-prey relationship REPTILES. BUTTERFLIES Butterflies contribute to the overall biodiversity by being part of the food chain involving other insects INSECTS. BUTTERFLIES Butterflies contribute to pollination by transferring pollen POLLINATION. HOST PLANTS Female butterflies specifically choose host plants to lay their eggs FEMALE BUTTERFLIES. CHRYSALIS Inside the chrysalis, the caterpillar undergoes metamorphosis METAMORPHOSIS.",
    "evaluation": 0
  },
  {
    "correct_answer": "The caterpillar attaches itself to a leaf or stem and forms a chrysalis.",
    "retrieved_context": "CHRYSALIS Inside the chrysalis, the caterpillar undergoes metamorphosis METAMORPHOSIS. CATERPILLAR The caterpillar forms the chrysalis around itself to protect during the pupa stage of its life cycle CHRYSALIS. CHRYSALIS Inside the chrysalis, the caterpillar undergoes metamorphosis METAMORPHOSIS. BUTTERFLIES Butterflies feed on nectar from flowers NECTAR. HOST PLANTS Female butterflies specifically choose host plants to lay their eggs FEMALE BUTTERFLIES. BUTTERFLIES Female butterflies lay their eggs on host plants HOST PLANTS. BUTTERFLIES Butterflies serve as a food source for birds BIRDS. NECTAR Adult butterflies feed on nectar as their primary food source ADULT BUTTERFLIES. BUTTERFLIES Butterflies are consumed by reptiles, indicating a predator-prey relationship REPTILES. BUTTERFLIES Butterflies contribute to the overall biodiversity by being part of the food chain involving other insects INSECTS. BUTTERFLIES Butterflies contribute to pollination by transferring pollen POLLINATION. CATERPILLAR The caterpillar forms the chrysalis around itself to protect during the pupa stage of its life cycle CHRYSALIS. LARVA STAGE After completing its growth, the caterpillar enters the pupa stage, marking its transformation towards becoming an adult butterfly PUPA. LARVA STAGE Caterpillars represent the larva stage in the butterfly's life cycle, focusing on feeding and growth CATERPILLAR. BUTTERFLY The larva stage is a critical part of the butterfly's transformation process LARVA STAGE. BUTTERFLY The pupa stage is a crucial part of the butterfly's life cycle, leading to its emergence as an adult PUPA. LARVA STAGE After completing its growth, the caterpillar enters the pupa stage, marking its transformation towards becoming an adult butterfly PUPA. BUTTERFLY The egg stage is the beginning of the butterfly's life cycle EGG STAGE. LARVA STAGE Caterpillars represent the larva stage in the butterfly's life cycle, focusing on feeding and growth CATERPILLAR. EGG STAGE The larva stage follows the egg stage in the butterfly's life cycle, with the caterpillar emerging from the egg LARVA STAGE. BUTTERFLY Metamorphosis results in the transformation of the caterpillar into a butterfly METAMORPHOSIS. CATERPILLAR The caterpillar forms the chrysalis around itself to protect during the pupa stage of its life cycle CHRYSALIS. BUTTERFLY The butterfly is the final stage in the life cycle that begins with the caterpillar CATERPILLAR.",
    "evaluation": 0
  },
  {
    "correct_answer": "Inside the chrysalis, the caterpillar undergoes metamorphosis.",
    "retrieved_context": "CHRYSALIS Inside the chrysalis, the caterpillar undergoes metamorphosis METAMORPHOSIS. CATERPILLAR The caterpillar forms the chrysalis around itself to protect during the pupa stage of its life cycle CHRYSALIS. CHRYSALIS Inside the chrysalis, the caterpillar undergoes metamorphosis METAMORPHOSIS. CATERPILLAR The caterpillar forms the chrysalis around itself to protect during the pupa stage of its life cycle CHRYSALIS. LARVA STAGE After completing its growth, the caterpillar enters the pupa stage, marking its transformation towards becoming an adult butterfly PUPA. LARVA STAGE Caterpillars represent the larva stage in the butterfly's life cycle, focusing on feeding and growth CATERPILLAR. BUTTERFLIES Butterflies feed on nectar from flowers NECTAR. HOST PLANTS Female butterflies specifically choose host plants to lay their eggs FEMALE BUTTERFLIES. BUTTERFLIES Female butterflies lay their eggs on host plants HOST PLANTS. BUTTERFLIES Butterflies serve as a food source for birds BIRDS. NECTAR Adult butterflies feed on nectar as their primary food source ADULT BUTTERFLIES. BUTTERFLIES Butterflies are consumed by reptiles, indicating a predator-prey relationship REPTILES. BUTTERFLIES Butterflies contribute to the overall biodiversity by being part of the food chain involving other insects INSECTS. BUTTERFLIES Butterflies contribute to pollination by transferring pollen POLLINATION. BUTTERFLY The larva stage is a critical part of the butterfly's transformation process LARVA STAGE. BUTTERFLY The pupa stage is a crucial part of the butterfly's life cycle, leading to its emergence as an adult PUPA. LARVA STAGE After completing its growth, the caterpillar enters the pupa stage, marking its transformation towards becoming an adult butterfly PUPA. BUTTERFLY The egg stage is the beginning of the butterfly's life cycle EGG STAGE. LARVA STAGE Caterpillars represent the larva stage in the butterfly's life cycle, focusing on feeding and growth CATERPILLAR. EGG STAGE The larva stage follows the egg stage in the butterfly's life cycle, with the caterpillar emerging from the egg LARVA STAGE. BUTTERFLY Metamorphosis results in the transformation of the caterpillar into a butterfly METAMORPHOSIS. CATERPILLAR The caterpillar forms the chrysalis around itself to protect during the pupa stage of its life cycle CHRYSALIS. BUTTERFLY The butterfly is the final stage in the life cycle that begins with the caterpillar CATERPILLAR.",
    "evaluation": 1
  },
  {
    "correct_answer": "During metamorphosis, the caterpillar's body undergoes significant changes.",
    "retrieved_context": "CHRYSALIS Inside the chrysalis, the caterpillar undergoes metamorphosis METAMORPHOSIS. CATERPILLAR The caterpillar forms the chrysalis around itself to protect during the pupa stage of its life cycle CHRYSALIS. CATERPILLAR The caterpillar forms the chrysalis around itself to protect during the pupa stage of its life cycle CHRYSALIS. LARVA STAGE After completing its growth, the caterpillar enters the pupa stage, marking its transformation towards becoming an adult butterfly PUPA. LARVA STAGE Caterpillars represent the larva stage in the butterfly's life cycle, focusing on feeding and growth CATERPILLAR. BUTTERFLIES Butterflies feed on nectar from flowers NECTAR. HOST PLANTS Female butterflies specifically choose host plants to lay their eggs FEMALE BUTTERFLIES. BUTTERFLIES Female butterflies lay their eggs on host plants HOST PLANTS. BUTTERFLIES Butterflies serve as a food source for birds BIRDS. NECTAR Adult butterflies feed on nectar as their primary food source ADULT BUTTERFLIES. BUTTERFLIES Butterflies are consumed by reptiles, indicating a predator-prey relationship REPTILES. BUTTERFLIES Butterflies contribute to the overall biodiversity by being part of the food chain involving other insects INSECTS. BUTTERFLIES Butterflies contribute to pollination by transferring pollen POLLINATION. BUTTERFLY The larva stage is a critical part of the butterfly's transformation process LARVA STAGE. BUTTERFLY The pupa stage is a crucial part of the butterfly's life cycle, leading to its emergence as an adult PUPA. LARVA STAGE After completing its growth, the caterpillar enters the pupa stage, marking its transformation towards becoming an adult butterfly PUPA. BUTTERFLY The egg stage is the beginning of the butterfly's life cycle EGG STAGE. LARVA STAGE Caterpillars represent the larva stage in the butterfly's life cycle, focusing on feeding and growth CATERPILLAR. EGG STAGE The larva stage follows the egg stage in the butterfly's life cycle, with the caterpillar emerging from the egg LARVA STAGE. BUTTERFLY Metamorphosis results in the transformation of the caterpillar into a butterfly METAMORPHOSIS. CATERPILLAR The caterpillar forms the chrysalis around itself to protect during the pupa stage of its life cycle CHRYSALIS. BUTTERFLY The butterfly is the final stage in the life cycle that begins with the caterpillar CATERPILLAR.",
    "evaluation": 1
  },
  {
    "correct_answer": "The adult butterfly emerges from the chrysalis after metamorphosis is complete.",
    "retrieved_context": "BUTTERFLIES Butterflies feed on nectar from flowers NECTAR. HOST PLANTS Female butterflies specifically choose host plants to lay their eggs FEMALE BUTTERFLIES. BUTTERFLIES Female butterflies lay their eggs on host plants HOST PLANTS. BUTTERFLIES Butterflies serve as a food source for birds BIRDS. NECTAR Adult butterflies feed on nectar as their primary food source ADULT BUTTERFLIES. BUTTERFLIES Butterflies are consumed by reptiles, indicating a predator-prey relationship REPTILES. BUTTERFLIES Butterflies contribute to the overall biodiversity by being part of the food chain involving other insects INSECTS. BUTTERFLIES Butterflies contribute to pollination by transferring pollen POLLINATION. BUTTERFLY The larva stage is a critical part of the butterfly's transformation process LARVA STAGE. BUTTERFLY The pupa stage is a crucial part of the butterfly's life cycle, leading to its emergence as an adult PUPA. LARVA STAGE After completing its growth, the caterpillar enters the pupa stage, marking its transformation towards becoming an adult butterfly PUPA. BUTTERFLY The egg stage is the beginning of the butterfly's life cycle EGG STAGE. LARVA STAGE Caterpillars represent the larva stage in the butterfly's life cycle, focusing on feeding and growth CATERPILLAR. EGG STAGE The larva stage follows the egg stage in the butterfly's life cycle, with the caterpillar emerging from the egg LARVA STAGE. BUTTERFLY Metamorphosis results in the transformation of the caterpillar into a butterfly METAMORPHOSIS. CATERPILLAR The caterpillar forms the chrysalis around itself to protect during the pupa stage of its life cycle CHRYSALIS. BUTTERFLY The butterfly is the final stage in the life cycle that begins with the caterpillar CATERPILLAR. CHRYSALIS Inside the chrysalis, the caterpillar undergoes metamorphosis METAMORPHOSIS. CHRYSALIS Inside the chrysalis, the caterpillar undergoes metamorphosis METAMORPHOSIS. CATERPILLAR The caterpillar forms the chrysalis around itself to protect during the pupa stage of its life cycle CHRYSALIS. CATERPILLAR The caterpillar forms the chrysalis around itself to protect during the pupa stage of its life cycle CHRYSALIS. LARVA STAGE After completing its growth, the caterpillar enters the pupa stage, marking its transformation towards becoming an adult butterfly PUPA. LARVA STAGE Caterpillars represent the larva stage in the butterfly's life cycle, focusing on feeding and growth CATERPILLAR.",
    "evaluation": 1
  },
  {
    "correct_answer": "Adult butterflies feed on nectar from flowers using their proboscis.",
    "retrieved_context": "BUTTERFLIES Butterflies feed on nectar from flowers NECTAR. HOST PLANTS Female butterflies specifically choose host plants to lay their eggs FEMALE BUTTERFLIES. BUTTERFLIES Female butterflies lay their eggs on host plants HOST PLANTS. BUTTERFLIES Butterflies serve as a food source for birds BIRDS. NECTAR Adult butterflies feed on nectar as their primary food source ADULT BUTTERFLIES. BUTTERFLIES Butterflies are consumed by reptiles, indicating a predator-prey relationship REPTILES. BUTTERFLIES Butterflies contribute to the overall biodiversity by being part of the food chain involving other insects INSECTS. BUTTERFLIES Butterflies contribute to pollination by transferring pollen POLLINATION. NECTAR Adult butterflies feed on nectar as their primary food source ADULT BUTTERFLIES. BUTTERFLY The larva stage is a critical part of the butterfly's transformation process LARVA STAGE. BUTTERFLY The pupa stage is a crucial part of the butterfly's life cycle, leading to its emergence as an adult PUPA. LARVA STAGE After completing its growth, the caterpillar enters the pupa stage, marking its transformation towards becoming an adult butterfly PUPA. BUTTERFLY The egg stage is the beginning of the butterfly's life cycle EGG STAGE. LARVA STAGE Caterpillars represent the larva stage in the butterfly's life cycle, focusing on feeding and growth CATERPILLAR. EGG STAGE The larva stage follows the egg stage in the butterfly's life cycle, with the caterpillar emerging from the egg LARVA STAGE. BUTTERFLY Metamorphosis results in the transformation of the caterpillar into a butterfly METAMORPHOSIS. CATERPILLAR The caterpillar forms the chrysalis around itself to protect during the pupa stage of its life cycle CHRYSALIS. BUTTERFLY The butterfly is the final stage in the life cycle that begins with the caterpillar CATERPILLAR. CHRYSALIS Inside the chrysalis, the caterpillar undergoes metamorphosis METAMORPHOSIS. CATERPILLAR The caterpillar forms the chrysalis around itself to protect during the pupa stage of its life cycle CHRYSALIS.",
    "evaluation": 0
  },
  {
    "correct_answer": "Butterflies play a crucial role in pollination and serve as a food source for other animals.",
    "retrieved_context": "BUTTERFLIES Butterflies feed on nectar from flowers NECTAR. HOST PLANTS Female butterflies specifically choose host plants to lay their eggs FEMALE BUTTERFLIES. BUTTERFLIES Female butterflies lay their eggs on host plants HOST PLANTS. BUTTERFLIES Butterflies serve as a food source for birds BIRDS. NECTAR Adult butterflies feed on nectar as their primary food source ADULT BUTTERFLIES. BUTTERFLIES Butterflies are consumed by reptiles, indicating a predator-prey relationship REPTILES. BUTTERFLIES Butterflies contribute to the overall biodiversity by being part of the food chain involving other insects INSECTS. BUTTERFLIES Butterflies contribute to pollination by transferring pollen POLLINATION. BUTTERFLY The larva stage is a critical part of the butterfly's transformation process LARVA STAGE. BUTTERFLY The pupa stage is a crucial part of the butterfly's life cycle, leading to its emergence as an adult PUPA. LARVA STAGE After completing its growth, the caterpillar enters the pupa stage, marking its transformation towards becoming an adult butterfly PUPA. BUTTERFLY The egg stage is the beginning of the butterfly's life cycle EGG STAGE. LARVA STAGE Caterpillars represent the larva stage in the butterfly's life cycle, focusing on feeding and growth CATERPILLAR. EGG STAGE The larva stage follows the egg stage in the butterfly's life cycle, with the caterpillar emerging from the egg LARVA STAGE. BUTTERFLY Metamorphosis results in the transformation of the caterpillar into a butterfly METAMORPHOSIS. CATERPILLAR The caterpillar forms the chrysalis around itself to protect during the pupa stage of its life cycle CHRYSALIS. BUTTERFLY The butterfly is the final stage in the life cycle that begins with the caterpillar CATERPILLAR. CHRYSALIS Inside the chrysalis, the caterpillar undergoes metamorphosis METAMORPHOSIS. CATERPILLAR The caterpillar forms the chrysalis around itself to protect during the pupa stage of its life cycle CHRYSALIS. NECTAR Adult butterflies feed on nectar as their primary food source ADULT BUTTERFLIES.",
    "evaluation": 1
  },
  {
    "accuracy": "46.67%"
  }
]