[
  {
    "correct_answer": "VR technology has rapidly evolved in recent years.",
    "retrieved_context": "VIRTUAL REALITY Virtual reality is used in education to create immersive and engaging learning experiences EDUCATION. VIRTUAL REALITY History students use virtual reality to explore historical landmarks and events in an immersive manner HISTORY STUDENTS. VIRTUAL REALITY Medical students use virtual reality to practice surgical procedures in a simulated environment MEDICAL STUDENTS. EDUCATORS Educators use virtual reality technology to enhance learning outcomes and foster deeper understanding VIRTUAL REALITY TECHNOLOGY. EDUCATORS Educators need to be familiar with VR equipment and software to effectively integrate it into their teaching VR EQUIPMENT AND SOFTWARE. VIRTUAL REALITY IN EDUCATION Educators need training to effectively use virtual reality in their teaching practices EDUCATORS. STUDENTS Educators enhance the learning experiences of students through the use of virtual reality technology EDUCATORS. SCHOOLS AND EDUCATIONAL INSTITUTIONS Schools and educational institutions may face financial barriers when investing in VR equipment and software VR EQUIPMENT AND SOFTWARE. STUDENTS Students benefit from the immersive and engaging learning experiences provided by virtual reality technology VIRTUAL REALITY TECHNOLOGY. VIRTUAL REALITY IN EDUCATION Schools and educational institutions need to invest in VR technology to implement virtual reality in education SCHOOLS AND EDUCATIONAL INSTITUTIONS. STUDENTS Students may experience health and safety risks such as motion sickness and eye strain from using VR headsets HEALTH AND SAFETY RISKS. VIRTUAL REALITY IN EDUCATION Virtual reality in education aims to provide equal learning opportunities to students from different backgrounds STUDENTS. EDUCATORS Educators need to be familiar with VR equipment and software to effectively integrate it into their teaching VR EQUIPMENT AND SOFTWARE. EDUCATORS Educators use virtual reality technology to enhance learning outcomes and foster deeper understanding VIRTUAL REALITY TECHNOLOGY. SCHOOLS AND EDUCATIONAL INSTITUTIONS Schools and educational institutions may face financial barriers when investing in VR equipment and software VR EQUIPMENT AND SOFTWARE.",
    "evaluation": 0
  },
  {
    "correct_answer": "Virtual reality offers new possibilities for various industries, including education.",
    "retrieved_context": "EDUCATORS Educators use virtual reality technology to enhance learning outcomes and foster deeper understanding VIRTUAL REALITY TECHNOLOGY. EDUCATORS Educators need to be familiar with VR equipment and software to effectively integrate it into their teaching VR EQUIPMENT AND SOFTWARE. VIRTUAL REALITY IN EDUCATION Educators need training to effectively use virtual reality in their teaching practices EDUCATORS. STUDENTS Educators enhance the learning experiences of students through the use of virtual reality technology EDUCATORS. SCHOOLS AND EDUCATIONAL INSTITUTIONS Schools and educational institutions may face financial barriers when investing in VR equipment and software VR EQUIPMENT AND SOFTWARE. STUDENTS Students benefit from the immersive and engaging learning experiences provided by virtual reality technology VIRTUAL REALITY TECHNOLOGY. VIRTUAL REALITY IN EDUCATION Schools and educational institutions need to invest in VR technology to implement virtual reality in education SCHOOLS AND EDUCATIONAL INSTITUTIONS. STUDENTS Students may experience health and safety risks such as motion sickness and eye strain from using VR headsets HEALTH AND SAFETY RISKS. VIRTUAL REALITY IN EDUCATION Virtual reality in education aims to provide equal learning opportunities to students from different backgrounds STUDENTS. VIRTUAL REALITY Virtual reality is used in education to create immersive and engaging learning experiences EDUCATION. VIRTUAL REALITY History students use virtual reality to explore historical landmarks and events in an immersive manner HISTORY STUDENTS. VIRTUAL REALITY Medical students use virtual reality to practice surgical procedures in a simulated environment MEDICAL STUDENTS. EDUCATORS Educators need to be familiar with VR equipment and software to effectively integrate it into their teaching VR EQUIPMENT AND SOFTWARE. EDUCATORS Educators use virtual reality technology to enhance learning outcomes and foster deeper understanding VIRTUAL REALITY TECHNOLOGY. SCHOOLS AND EDUCATIONAL INSTITUTIONS Schools and educational institutions may face financial barriers when investing in VR equipment and software VR EQUIPMENT AND SOFTWARE. EDUCATORS Educators need to be familiar with VR equipment and software to effectively integrate it into their teaching VR EQUIPMENT AND SOFTWARE. STUDENTS Educators enhance the learning experiences of students through the use of virtual reality technology EDUCATORS. STUDENTS Students benefit from the immersive and engaging learning experiences provided by virtual reality technology VIRTUAL REALITY TECHNOLOGY. STUDENTS Students may experience health and safety risks such as motion sickness and eye strain from using VR headsets HEALTH AND SAFETY RISKS. EDUCATORS Educators use virtual reality technology to enhance learning outcomes and foster deeper understanding VIRTUAL REALITY TECHNOLOGY.",
    "evaluation": 1
  },
  {
    "correct_answer": "Virtual reality can create immersive and engaging learning experiences.",
    "retrieved_context": "EDUCATORS Educators use virtual reality technology to enhance learning outcomes and foster deeper understanding VIRTUAL REALITY TECHNOLOGY. EDUCATORS Educators need to be familiar with VR equipment and software to effectively integrate it into their teaching VR EQUIPMENT AND SOFTWARE. VIRTUAL REALITY IN EDUCATION Educators need training to effectively use virtual reality in their teaching practices EDUCATORS. STUDENTS Educators enhance the learning experiences of students through the use of virtual reality technology EDUCATORS. SCHOOLS AND EDUCATIONAL INSTITUTIONS Schools and educational institutions may face financial barriers when investing in VR equipment and software VR EQUIPMENT AND SOFTWARE. STUDENTS Students benefit from the immersive and engaging learning experiences provided by virtual reality technology VIRTUAL REALITY TECHNOLOGY. VIRTUAL REALITY IN EDUCATION Schools and educational institutions need to invest in VR technology to implement virtual reality in education SCHOOLS AND EDUCATIONAL INSTITUTIONS. STUDENTS Students may experience health and safety risks such as motion sickness and eye strain from using VR headsets HEALTH AND SAFETY RISKS. VIRTUAL REALITY IN EDUCATION Virtual reality in education aims to provide equal learning opportunities to students from different backgrounds STUDENTS. VIRTUAL REALITY Virtual reality is used in education to create immersive and engaging learning experiences EDUCATION. VIRTUAL REALITY History students use virtual reality to explore historical landmarks and events in an immersive manner HISTORY STUDENTS. VIRTUAL REALITY Medical students use virtual reality to practice surgical procedures in a simulated environment MEDICAL STUDENTS. EDUCATORS Educators need to be familiar with VR equipment and software to effectively integrate it into their teaching VR EQUIPMENT AND SOFTWARE. EDUCATORS Educators use virtual reality technology to enhance learning outcomes and foster deeper understanding VIRTUAL REALITY TECHNOLOGY. EDUCATORS Educators need to be familiar with VR equipment and software to effectively integrate it into their teaching VR EQUIPMENT AND SOFTWARE. STUDENTS Educators enhance the learning experiences of students through the use of virtual reality technology EDUCATORS. STUDENTS Students benefit from the immersive and engaging learning experiences provided by virtual reality technology VIRTUAL REALITY TECHNOLOGY. STUDENTS Students may experience health and safety risks such as motion sickness and eye strain from using VR headsets HEALTH AND SAFETY RISKS. EDUCATORS Educators use virtual reality technology to enhance learning outcomes and foster deeper understanding VIRTUAL REALITY TECHNOLOGY. SCHOOLS AND EDUCATIONAL INSTITUTIONS Schools and educational institutions may face financial barriers when investing in VR equipment and software VR EQUIPMENT AND SOFTWARE.",
    "evaluation": 1
  },
  {
    "correct_answer": "VR simulates real-world environments and scenarios.",
    "retrieved_context": "VIRTUAL REALITY Virtual reality is used in education to create immersive and engaging learning experiences EDUCATION. VIRTUAL REALITY History students use virtual reality to explore historical landmarks and events in an immersive manner HISTORY STUDENTS. VIRTUAL REALITY Medical students use virtual reality to practice surgical procedures in a simulated environment MEDICAL STUDENTS. EDUCATORS Educators use virtual reality technology to enhance learning outcomes and foster deeper understanding VIRTUAL REALITY TECHNOLOGY. EDUCATORS Educators need to be familiar with VR equipment and software to effectively integrate it into their teaching VR EQUIPMENT AND SOFTWARE. VIRTUAL REALITY IN EDUCATION Educators need training to effectively use virtual reality in their teaching practices EDUCATORS. STUDENTS Educators enhance the learning experiences of students through the use of virtual reality technology EDUCATORS. SCHOOLS AND EDUCATIONAL INSTITUTIONS Schools and educational institutions may face financial barriers when investing in VR equipment and software VR EQUIPMENT AND SOFTWARE. STUDENTS Students benefit from the immersive and engaging learning experiences provided by virtual reality technology VIRTUAL REALITY TECHNOLOGY. VIRTUAL REALITY IN EDUCATION Schools and educational institutions need to invest in VR technology to implement virtual reality in education SCHOOLS AND EDUCATIONAL INSTITUTIONS. STUDENTS Students may experience health and safety risks such as motion sickness and eye strain from using VR headsets HEALTH AND SAFETY RISKS. VIRTUAL REALITY IN EDUCATION Virtual reality in education aims to provide equal learning opportunities to students from different backgrounds STUDENTS. SCHOOLS AND EDUCATIONAL INSTITUTIONS Schools and educational institutions may face financial barriers when investing in VR equipment and software VR EQUIPMENT AND SOFTWARE. EDUCATORS Educators need to be familiar with VR equipment and software to effectively integrate it into their teaching VR EQUIPMENT AND SOFTWARE. EDUCATORS Educators use virtual reality technology to enhance learning outcomes and foster deeper understanding VIRTUAL REALITY TECHNOLOGY.",
    "evaluation": 0
  },
  {
    "correct_answer": "Virtual reality helps students visualize complex concepts in a hands-on manner.",
    "retrieved_context": "EDUCATORS Educators use virtual reality technology to enhance learning outcomes and foster deeper understanding VIRTUAL REALITY TECHNOLOGY. EDUCATORS Educators need to be familiar with VR equipment and software to effectively integrate it into their teaching VR EQUIPMENT AND SOFTWARE. VIRTUAL REALITY IN EDUCATION Educators need training to effectively use virtual reality in their teaching practices EDUCATORS. STUDENTS Educators enhance the learning experiences of students through the use of virtual reality technology EDUCATORS. SCHOOLS AND EDUCATIONAL INSTITUTIONS Schools and educational institutions may face financial barriers when investing in VR equipment and software VR EQUIPMENT AND SOFTWARE. STUDENTS Students benefit from the immersive and engaging learning experiences provided by virtual reality technology VIRTUAL REALITY TECHNOLOGY. VIRTUAL REALITY IN EDUCATION Schools and educational institutions need to invest in VR technology to implement virtual reality in education SCHOOLS AND EDUCATIONAL INSTITUTIONS. STUDENTS Students may experience health and safety risks such as motion sickness and eye strain from using VR headsets HEALTH AND SAFETY RISKS. VIRTUAL REALITY IN EDUCATION Virtual reality in education aims to provide equal learning opportunities to students from different backgrounds STUDENTS. VIRTUAL REALITY Virtual reality is used in education to create immersive and engaging learning experiences EDUCATION. VIRTUAL REALITY History students use virtual reality to explore historical landmarks and events in an immersive manner HISTORY STUDENTS. VIRTUAL REALITY Medical students use virtual reality to practice surgical procedures in a simulated environment MEDICAL STUDENTS. EDUCATORS Educators need to be familiar with VR equipment and software to effectively integrate it into their teaching VR EQUIPMENT AND SOFTWARE. STUDENTS Educators enhance the learning experiences of students through the use of virtual reality technology EDUCATORS. STUDENTS Students benefit from the immersive and engaging learning experiences provided by virtual reality technology VIRTUAL REALITY TECHNOLOGY. STUDENTS Students may experience health and safety risks such as motion sickness and eye strain from using VR headsets HEALTH AND SAFETY RISKS. EDUCATORS Educators use virtual reality technology to enhance learning outcomes and foster deeper understanding VIRTUAL REALITY TECHNOLOGY. EDUCATORS Educators need to be familiar with VR equipment and software to effectively integrate it into their teaching VR EQUIPMENT AND SOFTWARE. EDUCATORS Educators use virtual reality technology to enhance learning outcomes and foster deeper understanding VIRTUAL REALITY TECHNOLOGY.",
    "evaluation": 0
  },
  {
    "correct_answer": "Medical students can practice surgical procedures in a virtual operating room.",
    "retrieved_context": "EDUCATORS Educators use virtual reality technology to enhance learning outcomes and foster deeper understanding VIRTUAL REALITY TECHNOLOGY. EDUCATORS Educators need to be familiar with VR equipment and software to effectively integrate it into their teaching VR EQUIPMENT AND SOFTWARE. VIRTUAL REALITY IN EDUCATION Educators need training to effectively use virtual reality in their teaching practices EDUCATORS. STUDENTS Educators enhance the learning experiences of students through the use of virtual reality technology EDUCATORS. SCHOOLS AND EDUCATIONAL INSTITUTIONS Schools and educational institutions may face financial barriers when investing in VR equipment and software VR EQUIPMENT AND SOFTWARE. STUDENTS Students benefit from the immersive and engaging learning experiences provided by virtual reality technology VIRTUAL REALITY TECHNOLOGY. VIRTUAL REALITY IN EDUCATION Schools and educational institutions need to invest in VR technology to implement virtual reality in education SCHOOLS AND EDUCATIONAL INSTITUTIONS. STUDENTS Students may experience health and safety risks such as motion sickness and eye strain from using VR headsets HEALTH AND SAFETY RISKS. VIRTUAL REALITY IN EDUCATION Virtual reality in education aims to provide equal learning opportunities to students from different backgrounds STUDENTS. VIRTUAL REALITY Virtual reality is used in education to create immersive and engaging learning experiences EDUCATION. VIRTUAL REALITY History students use virtual reality to explore historical landmarks and events in an immersive manner HISTORY STUDENTS. VIRTUAL REALITY Medical students use virtual reality to practice surgical procedures in a simulated environment MEDICAL STUDENTS. EDUCATORS Educators need to be familiar with VR equipment and software to effectively integrate it into their teaching VR EQUIPMENT AND SOFTWARE. STUDENTS Educators enhance the learning experiences of students through the use of virtual reality technology EDUCATORS. STUDENTS Students benefit from the immersive and engaging learning experiences provided by virtual reality technology VIRTUAL REALITY TECHNOLOGY. STUDENTS Students may experience health and safety risks such as motion sickness and eye strain from using VR headsets HEALTH AND SAFETY RISKS. EDUCATORS Educators use virtual reality technology to enhance learning outcomes and foster deeper understanding VIRTUAL REALITY TECHNOLOGY. EDUCATORS Educators need to be familiar with VR equipment and software to effectively integrate it into their teaching VR EQUIPMENT AND SOFTWARE. EDUCATORS Educators use virtual reality technology to enhance learning outcomes and foster deeper understanding VIRTUAL REALITY TECHNOLOGY.",
    "evaluation": 1
  },
  {
    "correct_answer": "History students can explore historical landmarks through immersive virtual tours.",
    "retrieved_context": "EDUCATORS Educators use virtual reality technology to enhance learning outcomes and foster deeper understanding VIRTUAL REALITY TECHNOLOGY. EDUCATORS Educators need to be familiar with VR equipment and software to effectively integrate it into their teaching VR EQUIPMENT AND SOFTWARE. VIRTUAL REALITY IN EDUCATION Educators need training to effectively use virtual reality in their teaching practices EDUCATORS. STUDENTS Educators enhance the learning experiences of students through the use of virtual reality technology EDUCATORS. SCHOOLS AND EDUCATIONAL INSTITUTIONS Schools and educational institutions may face financial barriers when investing in VR equipment and software VR EQUIPMENT AND SOFTWARE. STUDENTS Students benefit from the immersive and engaging learning experiences provided by virtual reality technology VIRTUAL REALITY TECHNOLOGY. VIRTUAL REALITY IN EDUCATION Schools and educational institutions need to invest in VR technology to implement virtual reality in education SCHOOLS AND EDUCATIONAL INSTITUTIONS. STUDENTS Students may experience health and safety risks such as motion sickness and eye strain from using VR headsets HEALTH AND SAFETY RISKS. VIRTUAL REALITY IN EDUCATION Virtual reality in education aims to provide equal learning opportunities to students from different backgrounds STUDENTS. VIRTUAL REALITY Virtual reality is used in education to create immersive and engaging learning experiences EDUCATION. VIRTUAL REALITY History students use virtual reality to explore historical landmarks and events in an immersive manner HISTORY STUDENTS. VIRTUAL REALITY Medical students use virtual reality to practice surgical procedures in a simulated environment MEDICAL STUDENTS. EDUCATORS Educators need to be familiar with VR equipment and software to effectively integrate it into their teaching VR EQUIPMENT AND SOFTWARE. STUDENTS Educators enhance the learning experiences of students through the use of virtual reality technology EDUCATORS. STUDENTS Students benefit from the immersive and engaging learning experiences provided by virtual reality technology VIRTUAL REALITY TECHNOLOGY. STUDENTS Students may experience health and safety risks such as motion sickness and eye strain from using VR headsets HEALTH AND SAFETY RISKS. EDUCATORS Educators use virtual reality technology to enhance learning outcomes and foster deeper understanding VIRTUAL REALITY TECHNOLOGY. EDUCATORS Educators need to be familiar with VR equipment and software to effectively integrate it into their teaching VR EQUIPMENT AND SOFTWARE. EDUCATORS Educators use virtual reality technology to enhance learning outcomes and foster deeper understanding VIRTUAL REALITY TECHNOLOGY.",
    "evaluation": 1
  },
  {
    "correct_answer": "Virtual reality caters to different learning styles and preferences.",
    "retrieved_context": "EDUCATORS Educators use virtual reality technology to enhance learning outcomes and foster deeper understanding VIRTUAL REALITY TECHNOLOGY. EDUCATORS Educators need to be familiar with VR equipment and software to effectively integrate it into their teaching VR EQUIPMENT AND SOFTWARE. VIRTUAL REALITY IN EDUCATION Educators need training to effectively use virtual reality in their teaching practices EDUCATORS. STUDENTS Educators enhance the learning experiences of students through the use of virtual reality technology EDUCATORS. SCHOOLS AND EDUCATIONAL INSTITUTIONS Schools and educational institutions may face financial barriers when investing in VR equipment and software VR EQUIPMENT AND SOFTWARE. STUDENTS Students benefit from the immersive and engaging learning experiences provided by virtual reality technology VIRTUAL REALITY TECHNOLOGY. VIRTUAL REALITY IN EDUCATION Schools and educational institutions need to invest in VR technology to implement virtual reality in education SCHOOLS AND EDUCATIONAL INSTITUTIONS. STUDENTS Students may experience health and safety risks such as motion sickness and eye strain from using VR headsets HEALTH AND SAFETY RISKS. VIRTUAL REALITY IN EDUCATION Virtual reality in education aims to provide equal learning opportunities to students from different backgrounds STUDENTS. VIRTUAL REALITY Virtual reality is used in education to create immersive and engaging learning experiences EDUCATION. VIRTUAL REALITY History students use virtual reality to explore historical landmarks and events in an immersive manner HISTORY STUDENTS. VIRTUAL REALITY Medical students use virtual reality to practice surgical procedures in a simulated environment MEDICAL STUDENTS. EDUCATORS Educators need to be familiar with VR equipment and software to effectively integrate it into their teaching VR EQUIPMENT AND SOFTWARE. EDUCATORS Educators use virtual reality technology to enhance learning outcomes and foster deeper understanding VIRTUAL REALITY TECHNOLOGY. SCHOOLS AND EDUCATIONAL INSTITUTIONS Schools and educational institutions may face financial barriers when investing in VR equipment and software VR EQUIPMENT AND SOFTWARE. EDUCATORS Educators need to be familiar with VR equipment and software to effectively integrate it into their teaching VR EQUIPMENT AND SOFTWARE. STUDENTS Educators enhance the learning experiences of students through the use of virtual reality technology EDUCATORS. STUDENTS Students benefit from the immersive and engaging learning experiences provided by virtual reality technology VIRTUAL REALITY TECHNOLOGY. STUDENTS Students may experience health and safety risks such as motion sickness and eye strain from using VR headsets HEALTH AND SAFETY RISKS. EDUCATORS Educators use virtual reality technology to enhance learning outcomes and foster deeper understanding VIRTUAL REALITY TECHNOLOGY.",
    "evaluation": 0
  },
  {
    "correct_answer": "VR benefits visual and kinesthetic learners.",
    "retrieved_context": "EDUCATORS Educators use virtual reality technology to enhance learning outcomes and foster deeper understanding VIRTUAL REALITY TECHNOLOGY. EDUCATORS Educators need to be familiar with VR equipment and software to effectively integrate it into their teaching VR EQUIPMENT AND SOFTWARE. VIRTUAL REALITY IN EDUCATION Educators need training to effectively use virtual reality in their teaching practices EDUCATORS. STUDENTS Educators enhance the learning experiences of students through the use of virtual reality technology EDUCATORS. SCHOOLS AND EDUCATIONAL INSTITUTIONS Schools and educational institutions may face financial barriers when investing in VR equipment and software VR EQUIPMENT AND SOFTWARE. STUDENTS Students benefit from the immersive and engaging learning experiences provided by virtual reality technology VIRTUAL REALITY TECHNOLOGY. VIRTUAL REALITY IN EDUCATION Schools and educational institutions need to invest in VR technology to implement virtual reality in education SCHOOLS AND EDUCATIONAL INSTITUTIONS. STUDENTS Students may experience health and safety risks such as motion sickness and eye strain from using VR headsets HEALTH AND SAFETY RISKS. VIRTUAL REALITY IN EDUCATION Virtual reality in education aims to provide equal learning opportunities to students from different backgrounds STUDENTS. VIRTUAL REALITY Virtual reality is used in education to create immersive and engaging learning experiences EDUCATION. VIRTUAL REALITY History students use virtual reality to explore historical landmarks and events in an immersive manner HISTORY STUDENTS. VIRTUAL REALITY Medical students use virtual reality to practice surgical procedures in a simulated environment MEDICAL STUDENTS. EDUCATORS Educators need to be familiar with VR equipment and software to effectively integrate it into their teaching VR EQUIPMENT AND SOFTWARE. EDUCATORS Educators use virtual reality technology to enhance learning outcomes and foster deeper understanding VIRTUAL REALITY TECHNOLOGY.",
    "evaluation": 0
  },
  {
    "correct_answer": "Students with disabilities can benefit from virtual reality technology.",
    "retrieved_context": "EDUCATORS Educators use virtual reality technology to enhance learning outcomes and foster deeper understanding VIRTUAL REALITY TECHNOLOGY. EDUCATORS Educators need to be familiar with VR equipment and software to effectively integrate it into their teaching VR EQUIPMENT AND SOFTWARE. VIRTUAL REALITY IN EDUCATION Educators need training to effectively use virtual reality in their teaching practices EDUCATORS. STUDENTS Educators enhance the learning experiences of students through the use of virtual reality technology EDUCATORS. SCHOOLS AND EDUCATIONAL INSTITUTIONS Schools and educational institutions may face financial barriers when investing in VR equipment and software VR EQUIPMENT AND SOFTWARE. STUDENTS Students benefit from the immersive and engaging learning experiences provided by virtual reality technology VIRTUAL REALITY TECHNOLOGY. VIRTUAL REALITY IN EDUCATION Schools and educational institutions need to invest in VR technology to implement virtual reality in education SCHOOLS AND EDUCATIONAL INSTITUTIONS. STUDENTS Students may experience health and safety risks such as motion sickness and eye strain from using VR headsets HEALTH AND SAFETY RISKS. VIRTUAL REALITY IN EDUCATION Virtual reality in education aims to provide equal learning opportunities to students from different backgrounds STUDENTS. VIRTUAL REALITY Virtual reality is used in education to create immersive and engaging learning experiences EDUCATION. VIRTUAL REALITY History students use virtual reality to explore historical landmarks and events in an immersive manner HISTORY STUDENTS. VIRTUAL REALITY Medical students use virtual reality to practice surgical procedures in a simulated environment MEDICAL STUDENTS. EDUCATORS Educators need to be familiar with VR equipment and software to effectively integrate it into their teaching VR EQUIPMENT AND SOFTWARE. STUDENTS Educators enhance the learning experiences of students through the use of virtual reality technology EDUCATORS. STUDENTS Students benefit from the immersive and engaging learning experiences provided by virtual reality technology VIRTUAL REALITY TECHNOLOGY. STUDENTS Students may experience health and safety risks such as motion sickness and eye strain from using VR headsets HEALTH AND SAFETY RISKS. EDUCATORS Educators use virtual reality technology to enhance learning outcomes and foster deeper understanding VIRTUAL REALITY TECHNOLOGY. EDUCATORS Educators need to be familiar with VR equipment and software to effectively integrate it into their teaching VR EQUIPMENT AND SOFTWARE. EDUCATORS Educators use virtual reality technology to enhance learning outcomes and foster deeper understanding VIRTUAL REALITY TECHNOLOGY.",
    "evaluation": 0
  },
  {
    "correct_answer": "VR can democratize access to high-quality educational resources.",
    "retrieved_context": "EDUCATORS Educators use virtual reality technology to enhance learning outcomes and foster deeper understanding VIRTUAL REALITY TECHNOLOGY. EDUCATORS Educators need to be familiar with VR equipment and software to effectively integrate it into their teaching VR EQUIPMENT AND SOFTWARE. VIRTUAL REALITY IN EDUCATION Educators need training to effectively use virtual reality in their teaching practices EDUCATORS. STUDENTS Educators enhance the learning experiences of students through the use of virtual reality technology EDUCATORS. SCHOOLS AND EDUCATIONAL INSTITUTIONS Schools and educational institutions may face financial barriers when investing in VR equipment and software VR EQUIPMENT AND SOFTWARE. STUDENTS Students benefit from the immersive and engaging learning experiences provided by virtual reality technology VIRTUAL REALITY TECHNOLOGY. VIRTUAL REALITY IN EDUCATION Schools and educational institutions need to invest in VR technology to implement virtual reality in education SCHOOLS AND EDUCATIONAL INSTITUTIONS. STUDENTS Students may experience health and safety risks such as motion sickness and eye strain from using VR headsets HEALTH AND SAFETY RISKS. VIRTUAL REALITY IN EDUCATION Virtual reality in education aims to provide equal learning opportunities to students from different backgrounds STUDENTS. VIRTUAL REALITY Virtual reality is used in education to create immersive and engaging learning experiences EDUCATION. VIRTUAL REALITY History students use virtual reality to explore historical landmarks and events in an immersive manner HISTORY STUDENTS. VIRTUAL REALITY Medical students use virtual reality to practice surgical procedures in a simulated environment MEDICAL STUDENTS. SCHOOLS AND EDUCATIONAL INSTITUTIONS Schools and educational institutions may face financial barriers when investing in VR equipment and software VR EQUIPMENT AND SOFTWARE. EDUCATORS Educators need to be familiar with VR equipment and software to effectively integrate it into their teaching VR EQUIPMENT AND SOFTWARE. EDUCATORS Educators use virtual reality technology to enhance learning outcomes and foster deeper understanding VIRTUAL REALITY TECHNOLOGY. EDUCATORS Educators need to be familiar with VR equipment and software to effectively integrate it into their teaching VR EQUIPMENT AND SOFTWARE. STUDENTS Educators enhance the learning experiences of students through the use of virtual reality technology EDUCATORS. STUDENTS Students benefit from the immersive and engaging learning experiences provided by virtual reality technology VIRTUAL REALITY TECHNOLOGY. STUDENTS Students may experience health and safety risks such as motion sickness and eye strain from using VR headsets HEALTH AND SAFETY RISKS. EDUCATORS Educators use virtual reality technology to enhance learning outcomes and foster deeper understanding VIRTUAL REALITY TECHNOLOGY.",
    "evaluation": 0
  },
  {
    "correct_answer": "VR headsets are becoming more affordable and widespread.",
    "retrieved_context": "VIRTUAL REALITY Virtual reality is used in education to create immersive and engaging learning experiences EDUCATION. VIRTUAL REALITY History students use virtual reality to explore historical landmarks and events in an immersive manner HISTORY STUDENTS. VIRTUAL REALITY Medical students use virtual reality to practice surgical procedures in a simulated environment MEDICAL STUDENTS. EDUCATORS Educators use virtual reality technology to enhance learning outcomes and foster deeper understanding VIRTUAL REALITY TECHNOLOGY. EDUCATORS Educators need to be familiar with VR equipment and software to effectively integrate it into their teaching VR EQUIPMENT AND SOFTWARE. VIRTUAL REALITY IN EDUCATION Educators need training to effectively use virtual reality in their teaching practices EDUCATORS. STUDENTS Educators enhance the learning experiences of students through the use of virtual reality technology EDUCATORS. SCHOOLS AND EDUCATIONAL INSTITUTIONS Schools and educational institutions may face financial barriers when investing in VR equipment and software VR EQUIPMENT AND SOFTWARE. STUDENTS Students benefit from the immersive and engaging learning experiences provided by virtual reality technology VIRTUAL REALITY TECHNOLOGY. VIRTUAL REALITY IN EDUCATION Schools and educational institutions need to invest in VR technology to implement virtual reality in education SCHOOLS AND EDUCATIONAL INSTITUTIONS. STUDENTS Students may experience health and safety risks such as motion sickness and eye strain from using VR headsets HEALTH AND SAFETY RISKS. VIRTUAL REALITY IN EDUCATION Virtual reality in education aims to provide equal learning opportunities to students from different backgrounds STUDENTS. EDUCATORS Educators need to be familiar with VR equipment and software to effectively integrate it into their teaching VR EQUIPMENT AND SOFTWARE. EDUCATORS Educators use virtual reality technology to enhance learning outcomes and foster deeper understanding VIRTUAL REALITY TECHNOLOGY.",
    "evaluation": 0
  },
  {
    "correct_answer": "One challenge is the cost of acquiring and maintaining VR equipment.",
    "retrieved_context": "VIRTUAL REALITY Virtual reality is used in education to create immersive and engaging learning experiences EDUCATION. VIRTUAL REALITY History students use virtual reality to explore historical landmarks and events in an immersive manner HISTORY STUDENTS. VIRTUAL REALITY Medical students use virtual reality to practice surgical procedures in a simulated environment MEDICAL STUDENTS. EDUCATORS Educators use virtual reality technology to enhance learning outcomes and foster deeper understanding VIRTUAL REALITY TECHNOLOGY. EDUCATORS Educators need to be familiar with VR equipment and software to effectively integrate it into their teaching VR EQUIPMENT AND SOFTWARE. VIRTUAL REALITY IN EDUCATION Educators need training to effectively use virtual reality in their teaching practices EDUCATORS. STUDENTS Educators enhance the learning experiences of students through the use of virtual reality technology EDUCATORS. SCHOOLS AND EDUCATIONAL INSTITUTIONS Schools and educational institutions may face financial barriers when investing in VR equipment and software VR EQUIPMENT AND SOFTWARE. STUDENTS Students benefit from the immersive and engaging learning experiences provided by virtual reality technology VIRTUAL REALITY TECHNOLOGY. VIRTUAL REALITY IN EDUCATION Schools and educational institutions need to invest in VR technology to implement virtual reality in education SCHOOLS AND EDUCATIONAL INSTITUTIONS. STUDENTS Students may experience health and safety risks such as motion sickness and eye strain from using VR headsets HEALTH AND SAFETY RISKS. VIRTUAL REALITY IN EDUCATION Virtual reality in education aims to provide equal learning opportunities to students from different backgrounds STUDENTS. EDUCATORS Educators need to be familiar with VR equipment and software to effectively integrate it into their teaching VR EQUIPMENT AND SOFTWARE. EDUCATORS Educators use virtual reality technology to enhance learning outcomes and foster deeper understanding VIRTUAL REALITY TECHNOLOGY. SCHOOLS AND EDUCATIONAL INSTITUTIONS Schools and educational institutions may face financial barriers when investing in VR equipment and software VR EQUIPMENT AND SOFTWARE.",
    "evaluation": 1
  },
  {
    "correct_answer": "There are concerns about health and safety risks associated with VR devices.",
    "retrieved_context": "VIRTUAL REALITY Virtual reality is used in education to create immersive and engaging learning experiences EDUCATION. VIRTUAL REALITY History students use virtual reality to explore historical landmarks and events in an immersive manner HISTORY STUDENTS. VIRTUAL REALITY Medical students use virtual reality to practice surgical procedures in a simulated environment MEDICAL STUDENTS. EDUCATORS Educators use virtual reality technology to enhance learning outcomes and foster deeper understanding VIRTUAL REALITY TECHNOLOGY. EDUCATORS Educators need to be familiar with VR equipment and software to effectively integrate it into their teaching VR EQUIPMENT AND SOFTWARE. VIRTUAL REALITY IN EDUCATION Educators need training to effectively use virtual reality in their teaching practices EDUCATORS. STUDENTS Educators enhance the learning experiences of students through the use of virtual reality technology EDUCATORS. SCHOOLS AND EDUCATIONAL INSTITUTIONS Schools and educational institutions may face financial barriers when investing in VR equipment and software VR EQUIPMENT AND SOFTWARE. STUDENTS Students benefit from the immersive and engaging learning experiences provided by virtual reality technology VIRTUAL REALITY TECHNOLOGY. VIRTUAL REALITY IN EDUCATION Schools and educational institutions need to invest in VR technology to implement virtual reality in education SCHOOLS AND EDUCATIONAL INSTITUTIONS. STUDENTS Students may experience health and safety risks such as motion sickness and eye strain from using VR headsets HEALTH AND SAFETY RISKS. VIRTUAL REALITY IN EDUCATION Virtual reality in education aims to provide equal learning opportunities to students from different backgrounds STUDENTS. EDUCATORS Educators need to be familiar with VR equipment and software to effectively integrate it into their teaching VR EQUIPMENT AND SOFTWARE. EDUCATORS Educators use virtual reality technology to enhance learning outcomes and foster deeper understanding VIRTUAL REALITY TECHNOLOGY.",
    "evaluation": 1
  },
  {
    "correct_answer": "Educators need training on how to integrate virtual reality into teaching practices.",
    "retrieved_context": "EDUCATORS Educators use virtual reality technology to enhance learning outcomes and foster deeper understanding VIRTUAL REALITY TECHNOLOGY. EDUCATORS Educators need to be familiar with VR equipment and software to effectively integrate it into their teaching VR EQUIPMENT AND SOFTWARE. VIRTUAL REALITY IN EDUCATION Educators need training to effectively use virtual reality in their teaching practices EDUCATORS. STUDENTS Educators enhance the learning experiences of students through the use of virtual reality technology EDUCATORS. SCHOOLS AND EDUCATIONAL INSTITUTIONS Schools and educational institutions may face financial barriers when investing in VR equipment and software VR EQUIPMENT AND SOFTWARE. STUDENTS Students benefit from the immersive and engaging learning experiences provided by virtual reality technology VIRTUAL REALITY TECHNOLOGY. VIRTUAL REALITY IN EDUCATION Schools and educational institutions need to invest in VR technology to implement virtual reality in education SCHOOLS AND EDUCATIONAL INSTITUTIONS. STUDENTS Students may experience health and safety risks such as motion sickness and eye strain from using VR headsets HEALTH AND SAFETY RISKS. VIRTUAL REALITY IN EDUCATION Virtual reality in education aims to provide equal learning opportunities to students from different backgrounds STUDENTS. VIRTUAL REALITY Virtual reality is used in education to create immersive and engaging learning experiences EDUCATION. VIRTUAL REALITY History students use virtual reality to explore historical landmarks and events in an immersive manner HISTORY STUDENTS. VIRTUAL REALITY Medical students use virtual reality to practice surgical procedures in a simulated environment MEDICAL STUDENTS. EDUCATORS Educators need to be familiar with VR equipment and software to effectively integrate it into their teaching VR EQUIPMENT AND SOFTWARE. EDUCATORS Educators use virtual reality technology to enhance learning outcomes and foster deeper understanding VIRTUAL REALITY TECHNOLOGY. SCHOOLS AND EDUCATIONAL INSTITUTIONS Schools and educational institutions may face financial barriers when investing in VR equipment and software VR EQUIPMENT AND SOFTWARE. EDUCATORS Educators need to be familiar with VR equipment and software to effectively integrate it into their teaching VR EQUIPMENT AND SOFTWARE. STUDENTS Educators enhance the learning experiences of students through the use of virtual reality technology EDUCATORS. STUDENTS Students benefit from the immersive and engaging learning experiences provided by virtual reality technology VIRTUAL REALITY TECHNOLOGY. STUDENTS Students may experience health and safety risks such as motion sickness and eye strain from using VR headsets HEALTH AND SAFETY RISKS. EDUCATORS Educators use virtual reality technology to enhance learning outcomes and foster deeper understanding VIRTUAL REALITY TECHNOLOGY.",
    "evaluation": 1
  },
  {
    "accuracy": "46.67%"
  }
]