[
  {
    "correct_answer": "Plants release volatile organic compounds (VOCs) to communicate with neighboring plants.",
    "retrieved_context": "PLANTS Plants release chemicals to attract insects for pollination, forming a mutualistic relationship INSECTS. VOLATILE ORGANIC COMPOUNDS (VOCS) Both VOCs and mycorrhizal networks are methods through which plants communicate and support each other in their ecosystems MYCORRHIZAL NETWORKS. PLANTS Plants attract nitrogen-fixing bacteria to improve nutrient uptake and enhance growth NITROGEN-FIXING BACTERIA. VOLATILE ORGANIC COMPOUNDS (VOCS) Plants release VOCs to communicate with neighboring plants about dangers such as herbivore attacks PLANTS. PLANTS Plants form symbiotic relationships with mycorrhizal fungi to increase water and nutrient absorption MYCORRHIZAL FUNGI. MYCORRHIZAL NETWORKS Plants use mycorrhizal networks to exchange nutrients, water, and chemical signals with each other PLANTS. PLANTS Plants interact with soil microbes through rhizosphere communication to improve nutrient uptake and disease resistance MICROBES. PLANTS Plants use rhizosphere communication to attract beneficial microbes and enhance their growth and resilience RHIZOSPHERE COMMUNICATION. PLANTS Plants release chemicals to attract insects for pollination, forming a mutualistic relationship INSECTS. PLANTS Plants attract nitrogen-fixing bacteria to improve nutrient uptake and enhance growth NITROGEN-FIXING BACTERIA. PLANTS Plants form symbiotic relationships with mycorrhizal fungi to increase water and nutrient absorption MYCORRHIZAL FUNGI. PLANTS Plants interact with soil microbes through rhizosphere communication to improve nutrient uptake and disease resistance MICROBES. PLANTS Plants use rhizosphere communication to attract beneficial microbes and enhance their growth and resilience RHIZOSPHERE COMMUNICATION. PLANTS Plants release chemicals to attract insects for pollination, forming a mutualistic relationship INSECTS. PLANTS Plants attract nitrogen-fixing bacteria to improve nutrient uptake and enhance growth NITROGEN-FIXING BACTERIA. PLANTS Plants form symbiotic relationships with mycorrhizal fungi to increase water and nutrient absorption MYCORRHIZAL FUNGI. MYCORRHIZAL NETWORKS Plants use mycorrhizal networks to exchange nutrients, water, and chemical signals with each other PLANTS. PLANTS Plants interact with soil microbes through rhizosphere communication to improve nutrient uptake and disease resistance MICROBES. PLANTS Plants use rhizosphere communication to attract beneficial microbes and enhance their growth and resilience RHIZOSPHERE COMMUNICATION.",
    "evaluation": 1
  },
  {
    "correct_answer": "VOCs can warn nearby plants of impending danger, such as herbivore attacks.",
    "retrieved_context": "PLANTS Plants release chemicals to attract insects for pollination, forming a mutualistic relationship INSECTS. VOLATILE ORGANIC COMPOUNDS (VOCS) Both VOCs and mycorrhizal networks are methods through which plants communicate and support each other in their ecosystems MYCORRHIZAL NETWORKS. PLANTS Plants attract nitrogen-fixing bacteria to improve nutrient uptake and enhance growth NITROGEN-FIXING BACTERIA. VOLATILE ORGANIC COMPOUNDS (VOCS) Plants release VOCs to communicate with neighboring plants about dangers such as herbivore attacks PLANTS. PLANTS Plants form symbiotic relationships with mycorrhizal fungi to increase water and nutrient absorption MYCORRHIZAL FUNGI. MYCORRHIZAL NETWORKS Plants use mycorrhizal networks to exchange nutrients, water, and chemical signals with each other PLANTS. PLANTS Plants interact with soil microbes through rhizosphere communication to improve nutrient uptake and disease resistance MICROBES. PLANTS Plants use rhizosphere communication to attract beneficial microbes and enhance their growth and resilience RHIZOSPHERE COMMUNICATION. PLANTS Plants release chemicals to attract insects for pollination, forming a mutualistic relationship INSECTS. PLANTS Plants attract nitrogen-fixing bacteria to improve nutrient uptake and enhance growth NITROGEN-FIXING BACTERIA. PLANTS Plants form symbiotic relationships with mycorrhizal fungi to increase water and nutrient absorption MYCORRHIZAL FUNGI. PLANTS Plants interact with soil microbes through rhizosphere communication to improve nutrient uptake and disease resistance MICROBES. PLANTS Plants use rhizosphere communication to attract beneficial microbes and enhance their growth and resilience RHIZOSPHERE COMMUNICATION. PLANTS Plants release chemicals to attract insects for pollination, forming a mutualistic relationship INSECTS. PLANTS Plants attract nitrogen-fixing bacteria to improve nutrient uptake and enhance growth NITROGEN-FIXING BACTERIA. PLANTS Plants form symbiotic relationships with mycorrhizal fungi to increase water and nutrient absorption MYCORRHIZAL FUNGI. MYCORRHIZAL NETWORKS Plants use mycorrhizal networks to exchange nutrients, water, and chemical signals with each other PLANTS. PLANTS Plants interact with soil microbes through rhizosphere communication to improve nutrient uptake and disease resistance MICROBES. PLANTS Plants use rhizosphere communication to attract beneficial microbes and enhance their growth and resilience RHIZOSPHERE COMMUNICATION.",
    "evaluation": 1
  },
  {
    "correct_answer": "Neighboring plants may increase production of defensive chemicals in response to VOC signals.",
    "retrieved_context": "PLANTS Plants release chemicals to attract insects for pollination, forming a mutualistic relationship INSECTS. VOLATILE ORGANIC COMPOUNDS (VOCS) Both VOCs and mycorrhizal networks are methods through which plants communicate and support each other in their ecosystems MYCORRHIZAL NETWORKS. PLANTS Plants attract nitrogen-fixing bacteria to improve nutrient uptake and enhance growth NITROGEN-FIXING BACTERIA. VOLATILE ORGANIC COMPOUNDS (VOCS) Plants release VOCs to communicate with neighboring plants about dangers such as herbivore attacks PLANTS. PLANTS Plants form symbiotic relationships with mycorrhizal fungi to increase water and nutrient absorption MYCORRHIZAL FUNGI. MYCORRHIZAL NETWORKS Plants use mycorrhizal networks to exchange nutrients, water, and chemical signals with each other PLANTS. PLANTS Plants interact with soil microbes through rhizosphere communication to improve nutrient uptake and disease resistance MICROBES. PLANTS Plants use rhizosphere communication to attract beneficial microbes and enhance their growth and resilience RHIZOSPHERE COMMUNICATION. PLANTS Plants release chemicals to attract insects for pollination, forming a mutualistic relationship INSECTS. PLANTS Plants attract nitrogen-fixing bacteria to improve nutrient uptake and enhance growth NITROGEN-FIXING BACTERIA. PLANTS Plants form symbiotic relationships with mycorrhizal fungi to increase water and nutrient absorption MYCORRHIZAL FUNGI. PLANTS Plants interact with soil microbes through rhizosphere communication to improve nutrient uptake and disease resistance MICROBES. PLANTS Plants use rhizosphere communication to attract beneficial microbes and enhance their growth and resilience RHIZOSPHERE COMMUNICATION. PLANTS Plants release chemicals to attract insects for pollination, forming a mutualistic relationship INSECTS. PLANTS Plants attract nitrogen-fixing bacteria to improve nutrient uptake and enhance growth NITROGEN-FIXING BACTERIA. PLANTS Plants form symbiotic relationships with mycorrhizal fungi to increase water and nutrient absorption MYCORRHIZAL FUNGI. MYCORRHIZAL NETWORKS Plants use mycorrhizal networks to exchange nutrients, water, and chemical signals with each other PLANTS. PLANTS Plants interact with soil microbes through rhizosphere communication to improve nutrient uptake and disease resistance MICROBES. PLANTS Plants use rhizosphere communication to attract beneficial microbes and enhance their growth and resilience RHIZOSPHERE COMMUNICATION.",
    "evaluation": 0
  },
  {
    "correct_answer": "Plants communicate through mycorrhizal networks in their roots.",
    "retrieved_context": "PLANTS Plants release chemicals to attract insects for pollination, forming a mutualistic relationship INSECTS. PLANTS Plants attract nitrogen-fixing bacteria to improve nutrient uptake and enhance growth NITROGEN-FIXING BACTERIA. PLANTS Plants form symbiotic relationships with mycorrhizal fungi to increase water and nutrient absorption MYCORRHIZAL FUNGI. MYCORRHIZAL NETWORKS Plants use mycorrhizal networks to exchange nutrients, water, and chemical signals with each other PLANTS. PLANTS Plants interact with soil microbes through rhizosphere communication to improve nutrient uptake and disease resistance MICROBES. PLANTS Plants use rhizosphere communication to attract beneficial microbes and enhance their growth and resilience RHIZOSPHERE COMMUNICATION. PLANTS Plants release chemicals to attract insects for pollination, forming a mutualistic relationship INSECTS. PLANTS Plants attract nitrogen-fixing bacteria to improve nutrient uptake and enhance growth NITROGEN-FIXING BACTERIA. PLANTS Plants form symbiotic relationships with mycorrhizal fungi to increase water and nutrient absorption MYCORRHIZAL FUNGI. PLANTS Plants interact with soil microbes through rhizosphere communication to improve nutrient uptake and disease resistance MICROBES. PLANTS Plants use rhizosphere communication to attract beneficial microbes and enhance their growth and resilience RHIZOSPHERE COMMUNICATION. PLANTS Plants release chemicals to attract insects for pollination, forming a mutualistic relationship INSECTS. VOLATILE ORGANIC COMPOUNDS (VOCS) Both VOCs and mycorrhizal networks are methods through which plants communicate and support each other in their ecosystems MYCORRHIZAL NETWORKS. PLANTS Plants attract nitrogen-fixing bacteria to improve nutrient uptake and enhance growth NITROGEN-FIXING BACTERIA. VOLATILE ORGANIC COMPOUNDS (VOCS) Plants release VOCs to communicate with neighboring plants about dangers such as herbivore attacks PLANTS. PLANTS Plants form symbiotic relationships with mycorrhizal fungi to increase water and nutrient absorption MYCORRHIZAL FUNGI. MYCORRHIZAL NETWORKS Plants use mycorrhizal networks to exchange nutrients, water, and chemical signals with each other PLANTS. PLANTS Plants interact with soil microbes through rhizosphere communication to improve nutrient uptake and disease resistance MICROBES. PLANTS Plants use rhizosphere communication to attract beneficial microbes and enhance their growth and resilience RHIZOSPHERE COMMUNICATION.",
    "evaluation": 1
  },
  {
    "correct_answer": "Mycorrhizal networks enable plants to exchange nutrients, water, and chemical signals.",
    "retrieved_context": "PLANTS Plants release chemicals to attract insects for pollination, forming a mutualistic relationship INSECTS. PLANTS Plants attract nitrogen-fixing bacteria to improve nutrient uptake and enhance growth NITROGEN-FIXING BACTERIA. PLANTS Plants form symbiotic relationships with mycorrhizal fungi to increase water and nutrient absorption MYCORRHIZAL FUNGI. MYCORRHIZAL NETWORKS Plants use mycorrhizal networks to exchange nutrients, water, and chemical signals with each other PLANTS. PLANTS Plants interact with soil microbes through rhizosphere communication to improve nutrient uptake and disease resistance MICROBES. PLANTS Plants use rhizosphere communication to attract beneficial microbes and enhance their growth and resilience RHIZOSPHERE COMMUNICATION. PLANTS Plants release chemicals to attract insects for pollination, forming a mutualistic relationship INSECTS. PLANTS Plants attract nitrogen-fixing bacteria to improve nutrient uptake and enhance growth NITROGEN-FIXING BACTERIA. PLANTS Plants form symbiotic relationships with mycorrhizal fungi to increase water and nutrient absorption MYCORRHIZAL FUNGI. PLANTS Plants interact with soil microbes through rhizosphere communication to improve nutrient uptake and disease resistance MICROBES. PLANTS Plants use rhizosphere communication to attract beneficial microbes and enhance their growth and resilience RHIZOSPHERE COMMUNICATION. PLANTS Plants release chemicals to attract insects for pollination, forming a mutualistic relationship INSECTS. VOLATILE ORGANIC COMPOUNDS (VOCS) Both VOCs and mycorrhizal networks are methods through which plants communicate and support each other in their ecosystems MYCORRHIZAL NETWORKS. PLANTS Plants attract nitrogen-fixing bacteria to improve nutrient uptake and enhance growth NITROGEN-FIXING BACTERIA. VOLATILE ORGANIC COMPOUNDS (VOCS) Plants release VOCs to communicate with neighboring plants about dangers such as herbivore attacks PLANTS. PLANTS Plants form symbiotic relationships with mycorrhizal fungi to increase water and nutrient absorption MYCORRHIZAL FUNGI. MYCORRHIZAL NETWORKS Plants use mycorrhizal networks to exchange nutrients, water, and chemical signals with each other PLANTS. PLANTS Plants interact with soil microbes through rhizosphere communication to improve nutrient uptake and disease resistance MICROBES. PLANTS Plants use rhizosphere communication to attract beneficial microbes and enhance their growth and resilience RHIZOSPHERE COMMUNICATION.",
    "evaluation": 1
  },
  {
    "correct_answer": "Plants can transfer resources to neighboring plants through mycorrhizal networks.",
    "retrieved_context": "PLANTS Plants release chemicals to attract insects for pollination, forming a mutualistic relationship INSECTS. PLANTS Plants attract nitrogen-fixing bacteria to improve nutrient uptake and enhance growth NITROGEN-FIXING BACTERIA. PLANTS Plants form symbiotic relationships with mycorrhizal fungi to increase water and nutrient absorption MYCORRHIZAL FUNGI. MYCORRHIZAL NETWORKS Plants use mycorrhizal networks to exchange nutrients, water, and chemical signals with each other PLANTS. PLANTS Plants interact with soil microbes through rhizosphere communication to improve nutrient uptake and disease resistance MICROBES. PLANTS Plants use rhizosphere communication to attract beneficial microbes and enhance their growth and resilience RHIZOSPHERE COMMUNICATION. PLANTS Plants release chemicals to attract insects for pollination, forming a mutualistic relationship INSECTS. PLANTS Plants attract nitrogen-fixing bacteria to improve nutrient uptake and enhance growth NITROGEN-FIXING BACTERIA. PLANTS Plants form symbiotic relationships with mycorrhizal fungi to increase water and nutrient absorption MYCORRHIZAL FUNGI. PLANTS Plants interact with soil microbes through rhizosphere communication to improve nutrient uptake and disease resistance MICROBES. PLANTS Plants use rhizosphere communication to attract beneficial microbes and enhance their growth and resilience RHIZOSPHERE COMMUNICATION. PLANTS Plants release chemicals to attract insects for pollination, forming a mutualistic relationship INSECTS. VOLATILE ORGANIC COMPOUNDS (VOCS) Both VOCs and mycorrhizal networks are methods through which plants communicate and support each other in their ecosystems MYCORRHIZAL NETWORKS. PLANTS Plants attract nitrogen-fixing bacteria to improve nutrient uptake and enhance growth NITROGEN-FIXING BACTERIA. VOLATILE ORGANIC COMPOUNDS (VOCS) Plants release VOCs to communicate with neighboring plants about dangers such as herbivore attacks PLANTS. PLANTS Plants form symbiotic relationships with mycorrhizal fungi to increase water and nutrient absorption MYCORRHIZAL FUNGI. MYCORRHIZAL NETWORKS Plants use mycorrhizal networks to exchange nutrients, water, and chemical signals with each other PLANTS. PLANTS Plants interact with soil microbes through rhizosphere communication to improve nutrient uptake and disease resistance MICROBES. PLANTS Plants use rhizosphere communication to attract beneficial microbes and enhance their growth and resilience RHIZOSPHERE COMMUNICATION.",
    "evaluation": 1
  },
  {
    "correct_answer": "Plants release chemicals to attract pollinators for successful reproduction.",
    "retrieved_context": "PLANTS Plants release chemicals to attract insects for pollination, forming a mutualistic relationship INSECTS. PLANTS Plants attract nitrogen-fixing bacteria to improve nutrient uptake and enhance growth NITROGEN-FIXING BACTERIA. PLANTS Plants form symbiotic relationships with mycorrhizal fungi to increase water and nutrient absorption MYCORRHIZAL FUNGI. PLANTS Plants interact with soil microbes through rhizosphere communication to improve nutrient uptake and disease resistance MICROBES. PLANTS Plants use rhizosphere communication to attract beneficial microbes and enhance their growth and resilience RHIZOSPHERE COMMUNICATION. PLANTS Plants release chemicals to attract insects for pollination, forming a mutualistic relationship INSECTS. VOLATILE ORGANIC COMPOUNDS (VOCS) Both VOCs and mycorrhizal networks are methods through which plants communicate and support each other in their ecosystems MYCORRHIZAL NETWORKS. PLANTS Plants attract nitrogen-fixing bacteria to improve nutrient uptake and enhance growth NITROGEN-FIXING BACTERIA. VOLATILE ORGANIC COMPOUNDS (VOCS) Plants release VOCs to communicate with neighboring plants about dangers such as herbivore attacks PLANTS. PLANTS Plants form symbiotic relationships with mycorrhizal fungi to increase water and nutrient absorption MYCORRHIZAL FUNGI. MYCORRHIZAL NETWORKS Plants use mycorrhizal networks to exchange nutrients, water, and chemical signals with each other PLANTS. PLANTS Plants interact with soil microbes through rhizosphere communication to improve nutrient uptake and disease resistance MICROBES. PLANTS Plants use rhizosphere communication to attract beneficial microbes and enhance their growth and resilience RHIZOSPHERE COMMUNICATION. PLANTS Plants release chemicals to attract insects for pollination, forming a mutualistic relationship INSECTS. PLANTS Plants attract nitrogen-fixing bacteria to improve nutrient uptake and enhance growth NITROGEN-FIXING BACTERIA. PLANTS Plants form symbiotic relationships with mycorrhizal fungi to increase water and nutrient absorption MYCORRHIZAL FUNGI. MYCORRHIZAL NETWORKS Plants use mycorrhizal networks to exchange nutrients, water, and chemical signals with each other PLANTS. PLANTS Plants interact with soil microbes through rhizosphere communication to improve nutrient uptake and disease resistance MICROBES. PLANTS Plants use rhizosphere communication to attract beneficial microbes and enhance their growth and resilience RHIZOSPHERE COMMUNICATION.",
    "evaluation": 1
  },
  {
    "correct_answer": "Pollinators receive nectar or pollen as a food source from plants.",
    "retrieved_context": "PLANTS Plants release chemicals to attract insects for pollination, forming a mutualistic relationship INSECTS. PLANTS Plants attract nitrogen-fixing bacteria to improve nutrient uptake and enhance growth NITROGEN-FIXING BACTERIA. PLANTS Plants form symbiotic relationships with mycorrhizal fungi to increase water and nutrient absorption MYCORRHIZAL FUNGI. PLANTS Plants interact with soil microbes through rhizosphere communication to improve nutrient uptake and disease resistance MICROBES. PLANTS Plants use rhizosphere communication to attract beneficial microbes and enhance their growth and resilience RHIZOSPHERE COMMUNICATION. PLANTS Plants release chemicals to attract insects for pollination, forming a mutualistic relationship INSECTS. VOLATILE ORGANIC COMPOUNDS (VOCS) Both VOCs and mycorrhizal networks are methods through which plants communicate and support each other in their ecosystems MYCORRHIZAL NETWORKS. PLANTS Plants attract nitrogen-fixing bacteria to improve nutrient uptake and enhance growth NITROGEN-FIXING BACTERIA. VOLATILE ORGANIC COMPOUNDS (VOCS) Plants release VOCs to communicate with neighboring plants about dangers such as herbivore attacks PLANTS. PLANTS Plants form symbiotic relationships with mycorrhizal fungi to increase water and nutrient absorption MYCORRHIZAL FUNGI. MYCORRHIZAL NETWORKS Plants use mycorrhizal networks to exchange nutrients, water, and chemical signals with each other PLANTS. PLANTS Plants interact with soil microbes through rhizosphere communication to improve nutrient uptake and disease resistance MICROBES. PLANTS Plants use rhizosphere communication to attract beneficial microbes and enhance their growth and resilience RHIZOSPHERE COMMUNICATION. PLANTS Plants release chemicals to attract insects for pollination, forming a mutualistic relationship INSECTS. PLANTS Plants attract nitrogen-fixing bacteria to improve nutrient uptake and enhance growth NITROGEN-FIXING BACTERIA. PLANTS Plants form symbiotic relationships with mycorrhizal fungi to increase water and nutrient absorption MYCORRHIZAL FUNGI. MYCORRHIZAL NETWORKS Plants use mycorrhizal networks to exchange nutrients, water, and chemical signals with each other PLANTS. PLANTS Plants interact with soil microbes through rhizosphere communication to improve nutrient uptake and disease resistance MICROBES. PLANTS Plants use rhizosphere communication to attract beneficial microbes and enhance their growth and resilience RHIZOSPHERE COMMUNICATION.",
    "evaluation": 0
  },
  {
    "correct_answer": "Plants interact with beneficial microbes in the soil through rhizosphere communication.",
    "retrieved_context": "PLANTS Plants release chemicals to attract insects for pollination, forming a mutualistic relationship INSECTS. PLANTS Plants attract nitrogen-fixing bacteria to improve nutrient uptake and enhance growth NITROGEN-FIXING BACTERIA. PLANTS Plants form symbiotic relationships with mycorrhizal fungi to increase water and nutrient absorption MYCORRHIZAL FUNGI. PLANTS Plants interact with soil microbes through rhizosphere communication to improve nutrient uptake and disease resistance MICROBES. PLANTS Plants use rhizosphere communication to attract beneficial microbes and enhance their growth and resilience RHIZOSPHERE COMMUNICATION. PLANTS Plants release chemicals to attract insects for pollination, forming a mutualistic relationship INSECTS. PLANTS Plants attract nitrogen-fixing bacteria to improve nutrient uptake and enhance growth NITROGEN-FIXING BACTERIA. PLANTS Plants form symbiotic relationships with mycorrhizal fungi to increase water and nutrient absorption MYCORRHIZAL FUNGI. MYCORRHIZAL NETWORKS Plants use mycorrhizal networks to exchange nutrients, water, and chemical signals with each other PLANTS. PLANTS Plants interact with soil microbes through rhizosphere communication to improve nutrient uptake and disease resistance MICROBES. PLANTS Plants use rhizosphere communication to attract beneficial microbes and enhance their growth and resilience RHIZOSPHERE COMMUNICATION. PLANTS Plants release chemicals to attract insects for pollination, forming a mutualistic relationship INSECTS. VOLATILE ORGANIC COMPOUNDS (VOCS) Both VOCs and mycorrhizal networks are methods through which plants communicate and support each other in their ecosystems MYCORRHIZAL NETWORKS. PLANTS Plants attract nitrogen-fixing bacteria to improve nutrient uptake and enhance growth NITROGEN-FIXING BACTERIA. VOLATILE ORGANIC COMPOUNDS (VOCS) Plants release VOCs to communicate with neighboring plants about dangers such as herbivore attacks PLANTS. PLANTS Plants form symbiotic relationships with mycorrhizal fungi to increase water and nutrient absorption MYCORRHIZAL FUNGI. MYCORRHIZAL NETWORKS Plants use mycorrhizal networks to exchange nutrients, water, and chemical signals with each other PLANTS. PLANTS Plants interact with soil microbes through rhizosphere communication to improve nutrient uptake and disease resistance MICROBES. PLANTS Plants use rhizosphere communication to attract beneficial microbes and enhance their growth and resilience RHIZOSPHERE COMMUNICATION.",
    "evaluation": 1
  },
  {
    "correct_answer": "Rhizosphere communication involves plants releasing root exudates to attract beneficial microbes.",
    "retrieved_context": "PLANTS Plants release chemicals to attract insects for pollination, forming a mutualistic relationship INSECTS. PLANTS Plants attract nitrogen-fixing bacteria to improve nutrient uptake and enhance growth NITROGEN-FIXING BACTERIA. PLANTS Plants form symbiotic relationships with mycorrhizal fungi to increase water and nutrient absorption MYCORRHIZAL FUNGI. PLANTS Plants interact with soil microbes through rhizosphere communication to improve nutrient uptake and disease resistance MICROBES. PLANTS Plants use rhizosphere communication to attract beneficial microbes and enhance their growth and resilience RHIZOSPHERE COMMUNICATION. PLANTS Plants release chemicals to attract insects for pollination, forming a mutualistic relationship INSECTS. PLANTS Plants attract nitrogen-fixing bacteria to improve nutrient uptake and enhance growth NITROGEN-FIXING BACTERIA. PLANTS Plants form symbiotic relationships with mycorrhizal fungi to increase water and nutrient absorption MYCORRHIZAL FUNGI. MYCORRHIZAL NETWORKS Plants use mycorrhizal networks to exchange nutrients, water, and chemical signals with each other PLANTS. PLANTS Plants interact with soil microbes through rhizosphere communication to improve nutrient uptake and disease resistance MICROBES. PLANTS Plants use rhizosphere communication to attract beneficial microbes and enhance their growth and resilience RHIZOSPHERE COMMUNICATION. PLANTS Plants release chemicals to attract insects for pollination, forming a mutualistic relationship INSECTS. VOLATILE ORGANIC COMPOUNDS (VOCS) Both VOCs and mycorrhizal networks are methods through which plants communicate and support each other in their ecosystems MYCORRHIZAL NETWORKS. PLANTS Plants attract nitrogen-fixing bacteria to improve nutrient uptake and enhance growth NITROGEN-FIXING BACTERIA. VOLATILE ORGANIC COMPOUNDS (VOCS) Plants release VOCs to communicate with neighboring plants about dangers such as herbivore attacks PLANTS. PLANTS Plants form symbiotic relationships with mycorrhizal fungi to increase water and nutrient absorption MYCORRHIZAL FUNGI. MYCORRHIZAL NETWORKS Plants use mycorrhizal networks to exchange nutrients, water, and chemical signals with each other PLANTS. PLANTS Plants interact with soil microbes through rhizosphere communication to improve nutrient uptake and disease resistance MICROBES. PLANTS Plants use rhizosphere communication to attract beneficial microbes and enhance their growth and resilience RHIZOSPHERE COMMUNICATION.",
    "evaluation": 0
  },
  {
    "correct_answer": "Plants can detect touch and vibrations as physical cues for adaptation.",
    "retrieved_context": "PLANTS Plants release chemicals to attract insects for pollination, forming a mutualistic relationship INSECTS. PLANTS Plants attract nitrogen-fixing bacteria to improve nutrient uptake and enhance growth NITROGEN-FIXING BACTERIA. PLANTS Plants form symbiotic relationships with mycorrhizal fungi to increase water and nutrient absorption MYCORRHIZAL FUNGI. PLANTS Plants interact with soil microbes through rhizosphere communication to improve nutrient uptake and disease resistance MICROBES. PLANTS Plants use rhizosphere communication to attract beneficial microbes and enhance their growth and resilience RHIZOSPHERE COMMUNICATION. PLANTS Plants release chemicals to attract insects for pollination, forming a mutualistic relationship INSECTS. PLANTS Plants attract nitrogen-fixing bacteria to improve nutrient uptake and enhance growth NITROGEN-FIXING BACTERIA. PLANTS Plants form symbiotic relationships with mycorrhizal fungi to increase water and nutrient absorption MYCORRHIZAL FUNGI. MYCORRHIZAL NETWORKS Plants use mycorrhizal networks to exchange nutrients, water, and chemical signals with each other PLANTS. PLANTS Plants interact with soil microbes through rhizosphere communication to improve nutrient uptake and disease resistance MICROBES. PLANTS Plants use rhizosphere communication to attract beneficial microbes and enhance their growth and resilience RHIZOSPHERE COMMUNICATION. PLANTS Plants release chemicals to attract insects for pollination, forming a mutualistic relationship INSECTS. VOLATILE ORGANIC COMPOUNDS (VOCS) Both VOCs and mycorrhizal networks are methods through which plants communicate and support each other in their ecosystems MYCORRHIZAL NETWORKS. PLANTS Plants attract nitrogen-fixing bacteria to improve nutrient uptake and enhance growth NITROGEN-FIXING BACTERIA. VOLATILE ORGANIC COMPOUNDS (VOCS) Plants release VOCs to communicate with neighboring plants about dangers such as herbivore attacks PLANTS. PLANTS Plants form symbiotic relationships with mycorrhizal fungi to increase water and nutrient absorption MYCORRHIZAL FUNGI. MYCORRHIZAL NETWORKS Plants use mycorrhizal networks to exchange nutrients, water, and chemical signals with each other PLANTS. PLANTS Plants interact with soil microbes through rhizosphere communication to improve nutrient uptake and disease resistance MICROBES. PLANTS Plants use rhizosphere communication to attract beneficial microbes and enhance their growth and resilience RHIZOSPHERE COMMUNICATION.",
    "evaluation": 0
  },
  {
    "correct_answer": "Touching a plant may trigger the release of defensive chemicals.",
    "retrieved_context": "PLANTS Plants release chemicals to attract insects for pollination, forming a mutualistic relationship INSECTS. PLANTS Plants attract nitrogen-fixing bacteria to improve nutrient uptake and enhance growth NITROGEN-FIXING BACTERIA. PLANTS Plants form symbiotic relationships with mycorrhizal fungi to increase water and nutrient absorption MYCORRHIZAL FUNGI. PLANTS Plants interact with soil microbes through rhizosphere communication to improve nutrient uptake and disease resistance MICROBES. PLANTS Plants use rhizosphere communication to attract beneficial microbes and enhance their growth and resilience RHIZOSPHERE COMMUNICATION. PLANTS Plants release chemicals to attract insects for pollination, forming a mutualistic relationship INSECTS. VOLATILE ORGANIC COMPOUNDS (VOCS) Both VOCs and mycorrhizal networks are methods through which plants communicate and support each other in their ecosystems MYCORRHIZAL NETWORKS. PLANTS Plants attract nitrogen-fixing bacteria to improve nutrient uptake and enhance growth NITROGEN-FIXING BACTERIA. VOLATILE ORGANIC COMPOUNDS (VOCS) Plants release VOCs to communicate with neighboring plants about dangers such as herbivore attacks PLANTS. PLANTS Plants form symbiotic relationships with mycorrhizal fungi to increase water and nutrient absorption MYCORRHIZAL FUNGI. MYCORRHIZAL NETWORKS Plants use mycorrhizal networks to exchange nutrients, water, and chemical signals with each other PLANTS. PLANTS Plants interact with soil microbes through rhizosphere communication to improve nutrient uptake and disease resistance MICROBES. PLANTS Plants use rhizosphere communication to attract beneficial microbes and enhance their growth and resilience RHIZOSPHERE COMMUNICATION. PLANTS Plants release chemicals to attract insects for pollination, forming a mutualistic relationship INSECTS. PLANTS Plants attract nitrogen-fixing bacteria to improve nutrient uptake and enhance growth NITROGEN-FIXING BACTERIA. PLANTS Plants form symbiotic relationships with mycorrhizal fungi to increase water and nutrient absorption MYCORRHIZAL FUNGI. MYCORRHIZAL NETWORKS Plants use mycorrhizal networks to exchange nutrients, water, and chemical signals with each other PLANTS. PLANTS Plants interact with soil microbes through rhizosphere communication to improve nutrient uptake and disease resistance MICROBES. PLANTS Plants use rhizosphere communication to attract beneficial microbes and enhance their growth and resilience RHIZOSPHERE COMMUNICATION.",
    "evaluation": 0
  },
  {
    "correct_answer": "Plants can sense vibrations caused by wind or nearby organisms.",
    "retrieved_context": "PLANTS Plants release chemicals to attract insects for pollination, forming a mutualistic relationship INSECTS. PLANTS Plants attract nitrogen-fixing bacteria to improve nutrient uptake and enhance growth NITROGEN-FIXING BACTERIA. PLANTS Plants form symbiotic relationships with mycorrhizal fungi to increase water and nutrient absorption MYCORRHIZAL FUNGI. PLANTS Plants interact with soil microbes through rhizosphere communication to improve nutrient uptake and disease resistance MICROBES. PLANTS Plants use rhizosphere communication to attract beneficial microbes and enhance their growth and resilience RHIZOSPHERE COMMUNICATION. PLANTS Plants release chemicals to attract insects for pollination, forming a mutualistic relationship INSECTS. PLANTS Plants attract nitrogen-fixing bacteria to improve nutrient uptake and enhance growth NITROGEN-FIXING BACTERIA. PLANTS Plants form symbiotic relationships with mycorrhizal fungi to increase water and nutrient absorption MYCORRHIZAL FUNGI. MYCORRHIZAL NETWORKS Plants use mycorrhizal networks to exchange nutrients, water, and chemical signals with each other PLANTS. PLANTS Plants interact with soil microbes through rhizosphere communication to improve nutrient uptake and disease resistance MICROBES. PLANTS Plants use rhizosphere communication to attract beneficial microbes and enhance their growth and resilience RHIZOSPHERE COMMUNICATION. PLANTS Plants release chemicals to attract insects for pollination, forming a mutualistic relationship INSECTS. VOLATILE ORGANIC COMPOUNDS (VOCS) Both VOCs and mycorrhizal networks are methods through which plants communicate and support each other in their ecosystems MYCORRHIZAL NETWORKS. PLANTS Plants attract nitrogen-fixing bacteria to improve nutrient uptake and enhance growth NITROGEN-FIXING BACTERIA. VOLATILE ORGANIC COMPOUNDS (VOCS) Plants release VOCs to communicate with neighboring plants about dangers such as herbivore attacks PLANTS. PLANTS Plants form symbiotic relationships with mycorrhizal fungi to increase water and nutrient absorption MYCORRHIZAL FUNGI. MYCORRHIZAL NETWORKS Plants use mycorrhizal networks to exchange nutrients, water, and chemical signals with each other PLANTS. PLANTS Plants interact with soil microbes through rhizosphere communication to improve nutrient uptake and disease resistance MICROBES. PLANTS Plants use rhizosphere communication to attract beneficial microbes and enhance their growth and resilience RHIZOSPHERE COMMUNICATION.",
    "evaluation": 0
  },
  {
    "correct_answer": "Plants interact with their environment through chemical, physical, and microbial signals.",
    "retrieved_context": "PLANTS Plants release chemicals to attract insects for pollination, forming a mutualistic relationship INSECTS. PLANTS Plants attract nitrogen-fixing bacteria to improve nutrient uptake and enhance growth NITROGEN-FIXING BACTERIA. PLANTS Plants form symbiotic relationships with mycorrhizal fungi to increase water and nutrient absorption MYCORRHIZAL FUNGI. PLANTS Plants interact with soil microbes through rhizosphere communication to improve nutrient uptake and disease resistance MICROBES. PLANTS Plants use rhizosphere communication to attract beneficial microbes and enhance their growth and resilience RHIZOSPHERE COMMUNICATION. PLANTS Plants release chemicals to attract insects for pollination, forming a mutualistic relationship INSECTS. PLANTS Plants attract nitrogen-fixing bacteria to improve nutrient uptake and enhance growth NITROGEN-FIXING BACTERIA. PLANTS Plants form symbiotic relationships with mycorrhizal fungi to increase water and nutrient absorption MYCORRHIZAL FUNGI. MYCORRHIZAL NETWORKS Plants use mycorrhizal networks to exchange nutrients, water, and chemical signals with each other PLANTS. PLANTS Plants interact with soil microbes through rhizosphere communication to improve nutrient uptake and disease resistance MICROBES. PLANTS Plants use rhizosphere communication to attract beneficial microbes and enhance their growth and resilience RHIZOSPHERE COMMUNICATION. PLANTS Plants release chemicals to attract insects for pollination, forming a mutualistic relationship INSECTS. VOLATILE ORGANIC COMPOUNDS (VOCS) Both VOCs and mycorrhizal networks are methods through which plants communicate and support each other in their ecosystems MYCORRHIZAL NETWORKS. PLANTS Plants attract nitrogen-fixing bacteria to improve nutrient uptake and enhance growth NITROGEN-FIXING BACTERIA. VOLATILE ORGANIC COMPOUNDS (VOCS) Plants release VOCs to communicate with neighboring plants about dangers such as herbivore attacks PLANTS. PLANTS Plants form symbiotic relationships with mycorrhizal fungi to increase water and nutrient absorption MYCORRHIZAL FUNGI. MYCORRHIZAL NETWORKS Plants use mycorrhizal networks to exchange nutrients, water, and chemical signals with each other PLANTS. PLANTS Plants interact with soil microbes through rhizosphere communication to improve nutrient uptake and disease resistance MICROBES. PLANTS Plants use rhizosphere communication to attract beneficial microbes and enhance their growth and resilience RHIZOSPHERE COMMUNICATION.",
    "evaluation": 1
  },
  {
    "correct_answer": "Studying plant communication reveals the complexity of plant behavior and interactions.",
    "retrieved_context": "PLANTS Plants release chemicals to attract insects for pollination, forming a mutualistic relationship INSECTS. PLANTS Plants attract nitrogen-fixing bacteria to improve nutrient uptake and enhance growth NITROGEN-FIXING BACTERIA. PLANTS Plants form symbiotic relationships with mycorrhizal fungi to increase water and nutrient absorption MYCORRHIZAL FUNGI. PLANTS Plants interact with soil microbes through rhizosphere communication to improve nutrient uptake and disease resistance MICROBES. PLANTS Plants use rhizosphere communication to attract beneficial microbes and enhance their growth and resilience RHIZOSPHERE COMMUNICATION. PLANTS Plants release chemicals to attract insects for pollination, forming a mutualistic relationship INSECTS. PLANTS Plants attract nitrogen-fixing bacteria to improve nutrient uptake and enhance growth NITROGEN-FIXING BACTERIA. PLANTS Plants form symbiotic relationships with mycorrhizal fungi to increase water and nutrient absorption MYCORRHIZAL FUNGI. MYCORRHIZAL NETWORKS Plants use mycorrhizal networks to exchange nutrients, water, and chemical signals with each other PLANTS. PLANTS Plants interact with soil microbes through rhizosphere communication to improve nutrient uptake and disease resistance MICROBES. PLANTS Plants use rhizosphere communication to attract beneficial microbes and enhance their growth and resilience RHIZOSPHERE COMMUNICATION. PLANTS Plants release chemicals to attract insects for pollination, forming a mutualistic relationship INSECTS. VOLATILE ORGANIC COMPOUNDS (VOCS) Both VOCs and mycorrhizal networks are methods through which plants communicate and support each other in their ecosystems MYCORRHIZAL NETWORKS. PLANTS Plants attract nitrogen-fixing bacteria to improve nutrient uptake and enhance growth NITROGEN-FIXING BACTERIA. VOLATILE ORGANIC COMPOUNDS (VOCS) Plants release VOCs to communicate with neighboring plants about dangers such as herbivore attacks PLANTS. PLANTS Plants form symbiotic relationships with mycorrhizal fungi to increase water and nutrient absorption MYCORRHIZAL FUNGI. MYCORRHIZAL NETWORKS Plants use mycorrhizal networks to exchange nutrients, water, and chemical signals with each other PLANTS. PLANTS Plants interact with soil microbes through rhizosphere communication to improve nutrient uptake and disease resistance MICROBES. PLANTS Plants use rhizosphere communication to attract beneficial microbes and enhance their growth and resilience RHIZOSPHERE COMMUNICATION.",
    "evaluation": 1
  },
  {
    "accuracy": "60.00%"
  }
]