[
  {
    "correct_answer": "Astronaut is fascinated by space exploration.",
    "retrieved_context": "SPACE STATION The space station orbits Earth, allowing astronauts to view it from space EARTH. ASTRONAUT Astronauts live and work on the space station, conducting daily tasks and experiments SPACE STATION. ASTRONAUT Mission Control provides astronauts with daily instructions, coordinates their activities, and addresses any issues that arise MISSION CONTROL. ASTRONAUT Astronauts perform maintenance work on the space station's systems and equipment as part of their daily tasks MAINTENANCE WORK. MISSION CONTROL Astronauts have a final check-in with Mission Control before going to sleep ASTRONAUTS. ASTRONAUT Astronauts conduct scientific experiments as part of their daily tasks on the space station SCIENTIFIC EXPERIMENTS. ASTRONAUT Astronauts marvel at the beauty of Earth from space, highlighting a unique relationship between them and the planet EARTH. SPACE STATION Scientific experiments are conducted on the space station to take advantage of the microgravity conditions SCIENTIFIC EXPERIMENTS. SPACE STATION Astronauts perform their duties and live on the space station ASTRONAUTS. SPACE STATION Maintenance work is essential for the smooth operation and safety of the space station MAINTENANCE WORK. SPACE STATION Mission Control oversees the operations and well-being of the space station and its crew MISSION CONTROL. ASTRONAUTS Astronauts use resistance machines alongside treadmills for exercise RESISTANCE MACHINES. ASTRONAUTS Astronauts use treadmills as part of their daily exercise regimen TREADMILLS. SPACE STATION The space station orbits Earth, allowing astronauts to view it from space EARTH. MISSION CONTROL Astronauts have a final check-in with Mission Control before going to sleep ASTRONAUTS. ASTRONAUTS Astronauts use resistance machines alongside treadmills for exercise RESISTANCE MACHINES. SPACE STATION Scientific experiments are conducted on the space station to take advantage of the microgravity conditions SCIENTIFIC EXPERIMENTS. ASTRONAUTS Astronauts use treadmills as part of their daily exercise regimen TREADMILLS. SPACE STATION Astronauts perform their duties and live on the space station ASTRONAUTS. SPACE STATION Maintenance work is essential for the smooth operation and safety of the space station MAINTENANCE WORK. SPACE STATION Mission Control oversees the operations and well-being of the space station and its crew MISSION CONTROL. ASTRONAUTS Astronauts use resistance machines alongside treadmills for exercise RESISTANCE MACHINES. MICROGRAVITY Astronauts exercise to counteract the effects of microgravity ASTRONAUTS. ASTRONAUTS Astronauts use treadmills as part of their daily exercise regimen TREADMILLS. MISSION CONTROL Astronauts have a final check-in with Mission Control before going to sleep ASTRONAUTS. ASTRONAUTS Astronauts use resistance machines alongside treadmills for exercise RESISTANCE MACHINES. ASTRONAUTS Astronauts use treadmills as part of their daily exercise regimen TREADMILLS.",
    "evaluation": 0
  },
  {
    "correct_answer": "Astronaut requires dedication, intelligence, and physical fitness.",
    "retrieved_context": "SPACE STATION The space station orbits Earth, allowing astronauts to view it from space EARTH. ASTRONAUT Astronauts live and work on the space station, conducting daily tasks and experiments SPACE STATION. ASTRONAUT Mission Control provides astronauts with daily instructions, coordinates their activities, and addresses any issues that arise MISSION CONTROL. ASTRONAUT Astronauts perform maintenance work on the space station's systems and equipment as part of their daily tasks MAINTENANCE WORK. MISSION CONTROL Astronauts have a final check-in with Mission Control before going to sleep ASTRONAUTS. ASTRONAUT Astronauts conduct scientific experiments as part of their daily tasks on the space station SCIENTIFIC EXPERIMENTS. ASTRONAUT Astronauts marvel at the beauty of Earth from space, highlighting a unique relationship between them and the planet EARTH. SPACE STATION Scientific experiments are conducted on the space station to take advantage of the microgravity conditions SCIENTIFIC EXPERIMENTS. SPACE STATION Astronauts perform their duties and live on the space station ASTRONAUTS. SPACE STATION Maintenance work is essential for the smooth operation and safety of the space station MAINTENANCE WORK. SPACE STATION Mission Control oversees the operations and well-being of the space station and its crew MISSION CONTROL. ASTRONAUTS Astronauts use resistance machines alongside treadmills for exercise RESISTANCE MACHINES. ASTRONAUTS Astronauts use treadmills as part of their daily exercise regimen TREADMILLS. SPACE STATION The space station orbits Earth, allowing astronauts to view it from space EARTH. MISSION CONTROL Astronauts have a final check-in with Mission Control before going to sleep ASTRONAUTS. ASTRONAUTS Astronauts use resistance machines alongside treadmills for exercise RESISTANCE MACHINES. SPACE STATION Scientific experiments are conducted on the space station to take advantage of the microgravity conditions SCIENTIFIC EXPERIMENTS. ASTRONAUTS Astronauts use treadmills as part of their daily exercise regimen TREADMILLS. SPACE STATION Astronauts perform their duties and live on the space station ASTRONAUTS. SPACE STATION Maintenance work is essential for the smooth operation and safety of the space station MAINTENANCE WORK. SPACE STATION Mission Control oversees the operations and well-being of the space station and its crew MISSION CONTROL. ASTRONAUTS Astronauts use resistance machines alongside treadmills for exercise RESISTANCE MACHINES. MICROGRAVITY Astronauts exercise to counteract the effects of microgravity ASTRONAUTS. ASTRONAUTS Astronauts use treadmills as part of their daily exercise regimen TREADMILLS. MISSION CONTROL Astronauts have a final check-in with Mission Control before going to sleep ASTRONAUTS. ASTRONAUTS Astronauts use resistance machines alongside treadmills for exercise RESISTANCE MACHINES. ASTRONAUTS Astronauts use treadmills as part of their daily exercise regimen TREADMILLS.",
    "evaluation": 0
  },
  {
    "correct_answer": "Astronaut's day is filled with tasks like scientific experiments and maintenance work.",
    "retrieved_context": "SPACE STATION The space station orbits Earth, allowing astronauts to view it from space EARTH. ASTRONAUT Astronauts live and work on the space station, conducting daily tasks and experiments SPACE STATION. ASTRONAUT Mission Control provides astronauts with daily instructions, coordinates their activities, and addresses any issues that arise MISSION CONTROL. ASTRONAUT Astronauts perform maintenance work on the space station's systems and equipment as part of their daily tasks MAINTENANCE WORK. MISSION CONTROL Astronauts have a final check-in with Mission Control before going to sleep ASTRONAUTS. ASTRONAUT Astronauts conduct scientific experiments as part of their daily tasks on the space station SCIENTIFIC EXPERIMENTS. ASTRONAUT Astronauts marvel at the beauty of Earth from space, highlighting a unique relationship between them and the planet EARTH. SPACE STATION Scientific experiments are conducted on the space station to take advantage of the microgravity conditions SCIENTIFIC EXPERIMENTS. SPACE STATION Astronauts perform their duties and live on the space station ASTRONAUTS. SPACE STATION Maintenance work is essential for the smooth operation and safety of the space station MAINTENANCE WORK. SPACE STATION Mission Control oversees the operations and well-being of the space station and its crew MISSION CONTROL. ASTRONAUTS Astronauts use resistance machines alongside treadmills for exercise RESISTANCE MACHINES. ASTRONAUTS Astronauts use treadmills as part of their daily exercise regimen TREADMILLS. SPACE STATION The space station orbits Earth, allowing astronauts to view it from space EARTH. MISSION CONTROL Astronauts have a final check-in with Mission Control before going to sleep ASTRONAUTS. ASTRONAUTS Astronauts use resistance machines alongside treadmills for exercise RESISTANCE MACHINES. SPACE STATION Scientific experiments are conducted on the space station to take advantage of the microgravity conditions SCIENTIFIC EXPERIMENTS. ASTRONAUTS Astronauts use treadmills as part of their daily exercise regimen TREADMILLS. SPACE STATION Astronauts perform their duties and live on the space station ASTRONAUTS. SPACE STATION Maintenance work is essential for the smooth operation and safety of the space station MAINTENANCE WORK. SPACE STATION Mission Control oversees the operations and well-being of the space station and its crew MISSION CONTROL. MISSION CONTROL Astronauts have a final check-in with Mission Control before going to sleep ASTRONAUTS. ASTRONAUTS Astronauts use resistance machines alongside treadmills for exercise RESISTANCE MACHINES. ASTRONAUTS Astronauts use treadmills as part of their daily exercise regimen TREADMILLS. ASTRONAUTS Astronauts use resistance machines alongside treadmills for exercise RESISTANCE MACHINES. MICROGRAVITY Astronauts exercise to counteract the effects of microgravity ASTRONAUTS. ASTRONAUTS Astronauts use treadmills as part of their daily exercise regimen TREADMILLS.",
    "evaluation": 1
  },
  {
    "correct_answer": "Astronaut begins the day with a morning briefing with the crew.",
    "retrieved_context": "SPACE STATION The space station orbits Earth, allowing astronauts to view it from space EARTH. ASTRONAUT Astronauts live and work on the space station, conducting daily tasks and experiments SPACE STATION. ASTRONAUT Mission Control provides astronauts with daily instructions, coordinates their activities, and addresses any issues that arise MISSION CONTROL. ASTRONAUT Astronauts perform maintenance work on the space station's systems and equipment as part of their daily tasks MAINTENANCE WORK. MISSION CONTROL Astronauts have a final check-in with Mission Control before going to sleep ASTRONAUTS. ASTRONAUT Astronauts conduct scientific experiments as part of their daily tasks on the space station SCIENTIFIC EXPERIMENTS. ASTRONAUT Astronauts marvel at the beauty of Earth from space, highlighting a unique relationship between them and the planet EARTH. SPACE STATION Scientific experiments are conducted on the space station to take advantage of the microgravity conditions SCIENTIFIC EXPERIMENTS. SPACE STATION Astronauts perform their duties and live on the space station ASTRONAUTS. SPACE STATION Maintenance work is essential for the smooth operation and safety of the space station MAINTENANCE WORK. SPACE STATION Mission Control oversees the operations and well-being of the space station and its crew MISSION CONTROL. ASTRONAUTS Astronauts use resistance machines alongside treadmills for exercise RESISTANCE MACHINES. ASTRONAUTS Astronauts use treadmills as part of their daily exercise regimen TREADMILLS. SPACE STATION The space station orbits Earth, allowing astronauts to view it from space EARTH. MISSION CONTROL Astronauts have a final check-in with Mission Control before going to sleep ASTRONAUTS. ASTRONAUTS Astronauts use resistance machines alongside treadmills for exercise RESISTANCE MACHINES. SPACE STATION Scientific experiments are conducted on the space station to take advantage of the microgravity conditions SCIENTIFIC EXPERIMENTS. ASTRONAUTS Astronauts use treadmills as part of their daily exercise regimen TREADMILLS. SPACE STATION Astronauts perform their duties and live on the space station ASTRONAUTS. SPACE STATION Maintenance work is essential for the smooth operation and safety of the space station MAINTENANCE WORK. SPACE STATION Mission Control oversees the operations and well-being of the space station and its crew MISSION CONTROL. MISSION CONTROL Astronauts have a final check-in with Mission Control before going to sleep ASTRONAUTS. ASTRONAUTS Astronauts use resistance machines alongside treadmills for exercise RESISTANCE MACHINES. ASTRONAUTS Astronauts use treadmills as part of their daily exercise regimen TREADMILLS. ASTRONAUTS Astronauts use resistance machines alongside treadmills for exercise RESISTANCE MACHINES. MICROGRAVITY Astronauts exercise to counteract the effects of microgravity ASTRONAUTS. ASTRONAUTS Astronauts use treadmills as part of their daily exercise regimen TREADMILLS.",
    "evaluation": 0
  },
  {
    "correct_answer": "Astronauts have breakfast together before starting daily work assignments.",
    "retrieved_context": "ASTRONAUTS Astronauts use resistance machines alongside treadmills for exercise RESISTANCE MACHINES. ASTRONAUTS Astronauts use treadmills as part of their daily exercise regimen TREADMILLS. SPACE STATION The space station orbits Earth, allowing astronauts to view it from space EARTH. ASTRONAUT Astronauts live and work on the space station, conducting daily tasks and experiments SPACE STATION. ASTRONAUT Mission Control provides astronauts with daily instructions, coordinates their activities, and addresses any issues that arise MISSION CONTROL. ASTRONAUT Astronauts perform maintenance work on the space station's systems and equipment as part of their daily tasks MAINTENANCE WORK. MISSION CONTROL Astronauts have a final check-in with Mission Control before going to sleep ASTRONAUTS. ASTRONAUT Astronauts conduct scientific experiments as part of their daily tasks on the space station SCIENTIFIC EXPERIMENTS. ASTRONAUT Astronauts marvel at the beauty of Earth from space, highlighting a unique relationship between them and the planet EARTH. SPACE STATION Scientific experiments are conducted on the space station to take advantage of the microgravity conditions SCIENTIFIC EXPERIMENTS. SPACE STATION Astronauts perform their duties and live on the space station ASTRONAUTS. SPACE STATION Maintenance work is essential for the smooth operation and safety of the space station MAINTENANCE WORK. SPACE STATION Mission Control oversees the operations and well-being of the space station and its crew MISSION CONTROL. SPACE STATION The space station orbits Earth, allowing astronauts to view it from space EARTH. MISSION CONTROL Astronauts have a final check-in with Mission Control before going to sleep ASTRONAUTS. ASTRONAUTS Astronauts use resistance machines alongside treadmills for exercise RESISTANCE MACHINES. SPACE STATION Scientific experiments are conducted on the space station to take advantage of the microgravity conditions SCIENTIFIC EXPERIMENTS. ASTRONAUTS Astronauts use treadmills as part of their daily exercise regimen TREADMILLS. SPACE STATION Astronauts perform their duties and live on the space station ASTRONAUTS. SPACE STATION Maintenance work is essential for the smooth operation and safety of the space station MAINTENANCE WORK. SPACE STATION Mission Control oversees the operations and well-being of the space station and its crew MISSION CONTROL. ASTRONAUTS Astronauts use resistance machines alongside treadmills for exercise RESISTANCE MACHINES. MICROGRAVITY Astronauts exercise to counteract the effects of microgravity ASTRONAUTS. ASTRONAUTS Astronauts use treadmills as part of their daily exercise regimen TREADMILLS. MISSION CONTROL Astronauts have a final check-in with Mission Control before going to sleep ASTRONAUTS. ASTRONAUTS Astronauts use resistance machines alongside treadmills for exercise RESISTANCE MACHINES. ASTRONAUTS Astronauts use treadmills as part of their daily exercise regimen TREADMILLS.",
    "evaluation": 0
  },
  {
    "correct_answer": "Astronauts conduct scientific research or perform maintenance work.",
    "retrieved_context": "ASTRONAUTS Astronauts use resistance machines alongside treadmills for exercise RESISTANCE MACHINES. ASTRONAUTS Astronauts use treadmills as part of their daily exercise regimen TREADMILLS. SPACE STATION The space station orbits Earth, allowing astronauts to view it from space EARTH. ASTRONAUT Astronauts live and work on the space station, conducting daily tasks and experiments SPACE STATION. ASTRONAUT Mission Control provides astronauts with daily instructions, coordinates their activities, and addresses any issues that arise MISSION CONTROL. ASTRONAUT Astronauts perform maintenance work on the space station's systems and equipment as part of their daily tasks MAINTENANCE WORK. MISSION CONTROL Astronauts have a final check-in with Mission Control before going to sleep ASTRONAUTS. ASTRONAUT Astronauts conduct scientific experiments as part of their daily tasks on the space station SCIENTIFIC EXPERIMENTS. ASTRONAUT Astronauts marvel at the beauty of Earth from space, highlighting a unique relationship between them and the planet EARTH. SPACE STATION Scientific experiments are conducted on the space station to take advantage of the microgravity conditions SCIENTIFIC EXPERIMENTS. SPACE STATION Astronauts perform their duties and live on the space station ASTRONAUTS. SPACE STATION Maintenance work is essential for the smooth operation and safety of the space station MAINTENANCE WORK. SPACE STATION Mission Control oversees the operations and well-being of the space station and its crew MISSION CONTROL. SPACE STATION The space station orbits Earth, allowing astronauts to view it from space EARTH. MISSION CONTROL Astronauts have a final check-in with Mission Control before going to sleep ASTRONAUTS. ASTRONAUTS Astronauts use resistance machines alongside treadmills for exercise RESISTANCE MACHINES. SPACE STATION Scientific experiments are conducted on the space station to take advantage of the microgravity conditions SCIENTIFIC EXPERIMENTS. ASTRONAUTS Astronauts use treadmills as part of their daily exercise regimen TREADMILLS. SPACE STATION Astronauts perform their duties and live on the space station ASTRONAUTS. SPACE STATION Maintenance work is essential for the smooth operation and safety of the space station MAINTENANCE WORK. SPACE STATION Mission Control oversees the operations and well-being of the space station and its crew MISSION CONTROL. ASTRONAUTS Astronauts use resistance machines alongside treadmills for exercise RESISTANCE MACHINES. MICROGRAVITY Astronauts exercise to counteract the effects of microgravity ASTRONAUTS. ASTRONAUTS Astronauts use treadmills as part of their daily exercise regimen TREADMILLS. MISSION CONTROL Astronauts have a final check-in with Mission Control before going to sleep ASTRONAUTS. ASTRONAUTS Astronauts use resistance machines alongside treadmills for exercise RESISTANCE MACHINES. ASTRONAUTS Astronauts use treadmills as part of their daily exercise regimen TREADMILLS.",
    "evaluation": 1
  },
  {
    "correct_answer": "Astronauts spend at least two hours daily exercising.",
    "retrieved_context": "ASTRONAUTS Astronauts use resistance machines alongside treadmills for exercise RESISTANCE MACHINES. ASTRONAUTS Astronauts use treadmills as part of their daily exercise regimen TREADMILLS. SPACE STATION The space station orbits Earth, allowing astronauts to view it from space EARTH. ASTRONAUT Astronauts live and work on the space station, conducting daily tasks and experiments SPACE STATION. ASTRONAUT Mission Control provides astronauts with daily instructions, coordinates their activities, and addresses any issues that arise MISSION CONTROL. ASTRONAUT Astronauts perform maintenance work on the space station's systems and equipment as part of their daily tasks MAINTENANCE WORK. MISSION CONTROL Astronauts have a final check-in with Mission Control before going to sleep ASTRONAUTS. ASTRONAUT Astronauts conduct scientific experiments as part of their daily tasks on the space station SCIENTIFIC EXPERIMENTS. ASTRONAUT Astronauts marvel at the beauty of Earth from space, highlighting a unique relationship between them and the planet EARTH. SPACE STATION Scientific experiments are conducted on the space station to take advantage of the microgravity conditions SCIENTIFIC EXPERIMENTS. SPACE STATION Astronauts perform their duties and live on the space station ASTRONAUTS. SPACE STATION Maintenance work is essential for the smooth operation and safety of the space station MAINTENANCE WORK. SPACE STATION Mission Control oversees the operations and well-being of the space station and its crew MISSION CONTROL. SPACE STATION The space station orbits Earth, allowing astronauts to view it from space EARTH. MISSION CONTROL Astronauts have a final check-in with Mission Control before going to sleep ASTRONAUTS. ASTRONAUTS Astronauts use resistance machines alongside treadmills for exercise RESISTANCE MACHINES. SPACE STATION Scientific experiments are conducted on the space station to take advantage of the microgravity conditions SCIENTIFIC EXPERIMENTS. ASTRONAUTS Astronauts use treadmills as part of their daily exercise regimen TREADMILLS. SPACE STATION Astronauts perform their duties and live on the space station ASTRONAUTS. SPACE STATION Maintenance work is essential for the smooth operation and safety of the space station MAINTENANCE WORK. SPACE STATION Mission Control oversees the operations and well-being of the space station and its crew MISSION CONTROL. ASTRONAUTS Astronauts use resistance machines alongside treadmills for exercise RESISTANCE MACHINES. MICROGRAVITY Astronauts exercise to counteract the effects of microgravity ASTRONAUTS. ASTRONAUTS Astronauts use treadmills as part of their daily exercise regimen TREADMILLS. MISSION CONTROL Astronauts have a final check-in with Mission Control before going to sleep ASTRONAUTS. ASTRONAUTS Astronauts use resistance machines alongside treadmills for exercise RESISTANCE MACHINES. ASTRONAUTS Astronauts use treadmills as part of their daily exercise regimen TREADMILLS.",
    "evaluation": 0
  },
  {
    "correct_answer": "Astronauts use specialized equipment for exercise.",
    "retrieved_context": "ASTRONAUTS Astronauts use resistance machines alongside treadmills for exercise RESISTANCE MACHINES. ASTRONAUTS Astronauts use treadmills as part of their daily exercise regimen TREADMILLS. SPACE STATION The space station orbits Earth, allowing astronauts to view it from space EARTH. ASTRONAUT Astronauts live and work on the space station, conducting daily tasks and experiments SPACE STATION. ASTRONAUT Mission Control provides astronauts with daily instructions, coordinates their activities, and addresses any issues that arise MISSION CONTROL. ASTRONAUT Astronauts perform maintenance work on the space station's systems and equipment as part of their daily tasks MAINTENANCE WORK. MISSION CONTROL Astronauts have a final check-in with Mission Control before going to sleep ASTRONAUTS. ASTRONAUT Astronauts conduct scientific experiments as part of their daily tasks on the space station SCIENTIFIC EXPERIMENTS. ASTRONAUT Astronauts marvel at the beauty of Earth from space, highlighting a unique relationship between them and the planet EARTH. SPACE STATION Scientific experiments are conducted on the space station to take advantage of the microgravity conditions SCIENTIFIC EXPERIMENTS. SPACE STATION Astronauts perform their duties and live on the space station ASTRONAUTS. SPACE STATION Maintenance work is essential for the smooth operation and safety of the space station MAINTENANCE WORK. SPACE STATION Mission Control oversees the operations and well-being of the space station and its crew MISSION CONTROL. SPACE STATION The space station orbits Earth, allowing astronauts to view it from space EARTH. MISSION CONTROL Astronauts have a final check-in with Mission Control before going to sleep ASTRONAUTS. ASTRONAUTS Astronauts use resistance machines alongside treadmills for exercise RESISTANCE MACHINES. SPACE STATION Scientific experiments are conducted on the space station to take advantage of the microgravity conditions SCIENTIFIC EXPERIMENTS. ASTRONAUTS Astronauts use treadmills as part of their daily exercise regimen TREADMILLS. SPACE STATION Astronauts perform their duties and live on the space station ASTRONAUTS. SPACE STATION Maintenance work is essential for the smooth operation and safety of the space station MAINTENANCE WORK. SPACE STATION Mission Control oversees the operations and well-being of the space station and its crew MISSION CONTROL. ASTRONAUTS Astronauts use resistance machines alongside treadmills for exercise RESISTANCE MACHINES. MICROGRAVITY Astronauts exercise to counteract the effects of microgravity ASTRONAUTS. ASTRONAUTS Astronauts use treadmills as part of their daily exercise regimen TREADMILLS. MISSION CONTROL Astronauts have a final check-in with Mission Control before going to sleep ASTRONAUTS. ASTRONAUTS Astronauts use resistance machines alongside treadmills for exercise RESISTANCE MACHINES. ASTRONAUTS Astronauts use treadmills as part of their daily exercise regimen TREADMILLS.",
    "evaluation": 1
  },
  {
    "correct_answer": "Astronauts have daily chores like cleaning, meal preparation, and system checks.",
    "retrieved_context": "ASTRONAUTS Astronauts use resistance machines alongside treadmills for exercise RESISTANCE MACHINES. ASTRONAUTS Astronauts use treadmills as part of their daily exercise regimen TREADMILLS. SPACE STATION The space station orbits Earth, allowing astronauts to view it from space EARTH. ASTRONAUT Astronauts live and work on the space station, conducting daily tasks and experiments SPACE STATION. ASTRONAUT Mission Control provides astronauts with daily instructions, coordinates their activities, and addresses any issues that arise MISSION CONTROL. ASTRONAUT Astronauts perform maintenance work on the space station's systems and equipment as part of their daily tasks MAINTENANCE WORK. MISSION CONTROL Astronauts have a final check-in with Mission Control before going to sleep ASTRONAUTS. ASTRONAUT Astronauts conduct scientific experiments as part of their daily tasks on the space station SCIENTIFIC EXPERIMENTS. ASTRONAUT Astronauts marvel at the beauty of Earth from space, highlighting a unique relationship between them and the planet EARTH. SPACE STATION Scientific experiments are conducted on the space station to take advantage of the microgravity conditions SCIENTIFIC EXPERIMENTS. SPACE STATION Astronauts perform their duties and live on the space station ASTRONAUTS. SPACE STATION Maintenance work is essential for the smooth operation and safety of the space station MAINTENANCE WORK. SPACE STATION Mission Control oversees the operations and well-being of the space station and its crew MISSION CONTROL. SPACE STATION The space station orbits Earth, allowing astronauts to view it from space EARTH. MISSION CONTROL Astronauts have a final check-in with Mission Control before going to sleep ASTRONAUTS. ASTRONAUTS Astronauts use resistance machines alongside treadmills for exercise RESISTANCE MACHINES. SPACE STATION Scientific experiments are conducted on the space station to take advantage of the microgravity conditions SCIENTIFIC EXPERIMENTS. ASTRONAUTS Astronauts use treadmills as part of their daily exercise regimen TREADMILLS. SPACE STATION Astronauts perform their duties and live on the space station ASTRONAUTS. SPACE STATION Maintenance work is essential for the smooth operation and safety of the space station MAINTENANCE WORK. SPACE STATION Mission Control oversees the operations and well-being of the space station and its crew MISSION CONTROL. MISSION CONTROL Astronauts have a final check-in with Mission Control before going to sleep ASTRONAUTS. ASTRONAUTS Astronauts use resistance machines alongside treadmills for exercise RESISTANCE MACHINES. ASTRONAUTS Astronauts use treadmills as part of their daily exercise regimen TREADMILLS. ASTRONAUTS Astronauts use resistance machines alongside treadmills for exercise RESISTANCE MACHINES. MICROGRAVITY Astronauts exercise to counteract the effects of microgravity ASTRONAUTS. ASTRONAUTS Astronauts use treadmills as part of their daily exercise regimen TREADMILLS.",
    "evaluation": 0
  },
  {
    "correct_answer": "Astronauts have scheduled breaks for meals and relaxation.",
    "retrieved_context": "ASTRONAUTS Astronauts use resistance machines alongside treadmills for exercise RESISTANCE MACHINES. ASTRONAUTS Astronauts use treadmills as part of their daily exercise regimen TREADMILLS. SPACE STATION The space station orbits Earth, allowing astronauts to view it from space EARTH. ASTRONAUT Astronauts live and work on the space station, conducting daily tasks and experiments SPACE STATION. ASTRONAUT Mission Control provides astronauts with daily instructions, coordinates their activities, and addresses any issues that arise MISSION CONTROL. ASTRONAUT Astronauts perform maintenance work on the space station's systems and equipment as part of their daily tasks MAINTENANCE WORK. MISSION CONTROL Astronauts have a final check-in with Mission Control before going to sleep ASTRONAUTS. ASTRONAUT Astronauts conduct scientific experiments as part of their daily tasks on the space station SCIENTIFIC EXPERIMENTS. ASTRONAUT Astronauts marvel at the beauty of Earth from space, highlighting a unique relationship between them and the planet EARTH. SPACE STATION Scientific experiments are conducted on the space station to take advantage of the microgravity conditions SCIENTIFIC EXPERIMENTS. SPACE STATION Astronauts perform their duties and live on the space station ASTRONAUTS. SPACE STATION Maintenance work is essential for the smooth operation and safety of the space station MAINTENANCE WORK. SPACE STATION Mission Control oversees the operations and well-being of the space station and its crew MISSION CONTROL. SPACE STATION The space station orbits Earth, allowing astronauts to view it from space EARTH. MISSION CONTROL Astronauts have a final check-in with Mission Control before going to sleep ASTRONAUTS. ASTRONAUTS Astronauts use resistance machines alongside treadmills for exercise RESISTANCE MACHINES. SPACE STATION Scientific experiments are conducted on the space station to take advantage of the microgravity conditions SCIENTIFIC EXPERIMENTS. ASTRONAUTS Astronauts use treadmills as part of their daily exercise regimen TREADMILLS. SPACE STATION Astronauts perform their duties and live on the space station ASTRONAUTS. SPACE STATION Maintenance work is essential for the smooth operation and safety of the space station MAINTENANCE WORK. SPACE STATION Mission Control oversees the operations and well-being of the space station and its crew MISSION CONTROL. MISSION CONTROL Astronauts have a final check-in with Mission Control before going to sleep ASTRONAUTS. ASTRONAUTS Astronauts use resistance machines alongside treadmills for exercise RESISTANCE MACHINES. ASTRONAUTS Astronauts use treadmills as part of their daily exercise regimen TREADMILLS. ASTRONAUTS Astronauts use resistance machines alongside treadmills for exercise RESISTANCE MACHINES. MICROGRAVITY Astronauts exercise to counteract the effects of microgravity ASTRONAUTS. ASTRONAUTS Astronauts use treadmills as part of their daily exercise regimen TREADMILLS.",
    "evaluation": 0
  },
  {
    "correct_answer": "Astronauts socialize with crewmates during breaks.",
    "retrieved_context": "ASTRONAUTS Astronauts use resistance machines alongside treadmills for exercise RESISTANCE MACHINES. ASTRONAUTS Astronauts use treadmills as part of their daily exercise regimen TREADMILLS. SPACE STATION The space station orbits Earth, allowing astronauts to view it from space EARTH. ASTRONAUT Astronauts live and work on the space station, conducting daily tasks and experiments SPACE STATION. ASTRONAUT Mission Control provides astronauts with daily instructions, coordinates their activities, and addresses any issues that arise MISSION CONTROL. ASTRONAUT Astronauts perform maintenance work on the space station's systems and equipment as part of their daily tasks MAINTENANCE WORK. MISSION CONTROL Astronauts have a final check-in with Mission Control before going to sleep ASTRONAUTS. ASTRONAUT Astronauts conduct scientific experiments as part of their daily tasks on the space station SCIENTIFIC EXPERIMENTS. ASTRONAUT Astronauts marvel at the beauty of Earth from space, highlighting a unique relationship between them and the planet EARTH. SPACE STATION Scientific experiments are conducted on the space station to take advantage of the microgravity conditions SCIENTIFIC EXPERIMENTS. SPACE STATION Astronauts perform their duties and live on the space station ASTRONAUTS. SPACE STATION Maintenance work is essential for the smooth operation and safety of the space station MAINTENANCE WORK. SPACE STATION Mission Control oversees the operations and well-being of the space station and its crew MISSION CONTROL. SPACE STATION The space station orbits Earth, allowing astronauts to view it from space EARTH. MISSION CONTROL Astronauts have a final check-in with Mission Control before going to sleep ASTRONAUTS. ASTRONAUTS Astronauts use resistance machines alongside treadmills for exercise RESISTANCE MACHINES. SPACE STATION Scientific experiments are conducted on the space station to take advantage of the microgravity conditions SCIENTIFIC EXPERIMENTS. ASTRONAUTS Astronauts use treadmills as part of their daily exercise regimen TREADMILLS. SPACE STATION Astronauts perform their duties and live on the space station ASTRONAUTS. SPACE STATION Maintenance work is essential for the smooth operation and safety of the space station MAINTENANCE WORK. SPACE STATION Mission Control oversees the operations and well-being of the space station and its crew MISSION CONTROL. MISSION CONTROL Astronauts have a final check-in with Mission Control before going to sleep ASTRONAUTS. ASTRONAUTS Astronauts use resistance machines alongside treadmills for exercise RESISTANCE MACHINES. ASTRONAUTS Astronauts use treadmills as part of their daily exercise regimen TREADMILLS. ASTRONAUTS Astronauts use resistance machines alongside treadmills for exercise RESISTANCE MACHINES. MICROGRAVITY Astronauts exercise to counteract the effects of microgravity ASTRONAUTS. ASTRONAUTS Astronauts use treadmills as part of their daily exercise regimen TREADMILLS.",
    "evaluation": 0
  },
  {
    "correct_answer": "Astronauts have downtime for reading, watching movies, or gazing at Earth.",
    "retrieved_context": "ASTRONAUTS Astronauts use resistance machines alongside treadmills for exercise RESISTANCE MACHINES. ASTRONAUTS Astronauts use treadmills as part of their daily exercise regimen TREADMILLS. SPACE STATION The space station orbits Earth, allowing astronauts to view it from space EARTH. ASTRONAUT Astronauts live and work on the space station, conducting daily tasks and experiments SPACE STATION. ASTRONAUT Mission Control provides astronauts with daily instructions, coordinates their activities, and addresses any issues that arise MISSION CONTROL. ASTRONAUT Astronauts perform maintenance work on the space station's systems and equipment as part of their daily tasks MAINTENANCE WORK. MISSION CONTROL Astronauts have a final check-in with Mission Control before going to sleep ASTRONAUTS. ASTRONAUT Astronauts conduct scientific experiments as part of their daily tasks on the space station SCIENTIFIC EXPERIMENTS. ASTRONAUT Astronauts marvel at the beauty of Earth from space, highlighting a unique relationship between them and the planet EARTH. SPACE STATION Scientific experiments are conducted on the space station to take advantage of the microgravity conditions SCIENTIFIC EXPERIMENTS. SPACE STATION Astronauts perform their duties and live on the space station ASTRONAUTS. SPACE STATION Maintenance work is essential for the smooth operation and safety of the space station MAINTENANCE WORK. SPACE STATION Mission Control oversees the operations and well-being of the space station and its crew MISSION CONTROL. SPACE STATION The space station orbits Earth, allowing astronauts to view it from space EARTH. MISSION CONTROL Astronauts have a final check-in with Mission Control before going to sleep ASTRONAUTS. ASTRONAUTS Astronauts use resistance machines alongside treadmills for exercise RESISTANCE MACHINES. SPACE STATION Scientific experiments are conducted on the space station to take advantage of the microgravity conditions SCIENTIFIC EXPERIMENTS. ASTRONAUTS Astronauts use treadmills as part of their daily exercise regimen TREADMILLS. SPACE STATION Astronauts perform their duties and live on the space station ASTRONAUTS. SPACE STATION Maintenance work is essential for the smooth operation and safety of the space station MAINTENANCE WORK. SPACE STATION Mission Control oversees the operations and well-being of the space station and its crew MISSION CONTROL. ASTRONAUTS Astronauts use resistance machines alongside treadmills for exercise RESISTANCE MACHINES. MICROGRAVITY Astronauts exercise to counteract the effects of microgravity ASTRONAUTS. ASTRONAUTS Astronauts use treadmills as part of their daily exercise regimen TREADMILLS. MISSION CONTROL Astronauts have a final check-in with Mission Control before going to sleep ASTRONAUTS. ASTRONAUTS Astronauts use resistance machines alongside treadmills for exercise RESISTANCE MACHINES. ASTRONAUTS Astronauts use treadmills as part of their daily exercise regimen TREADMILLS.",
    "evaluation": 0
  },
  {
    "correct_answer": "Astronauts wind down activities in the evening and prepare for bed.",
    "retrieved_context": "ASTRONAUTS Astronauts use resistance machines alongside treadmills for exercise RESISTANCE MACHINES. ASTRONAUTS Astronauts use treadmills as part of their daily exercise regimen TREADMILLS. SPACE STATION The space station orbits Earth, allowing astronauts to view it from space EARTH. ASTRONAUT Astronauts live and work on the space station, conducting daily tasks and experiments SPACE STATION. ASTRONAUT Mission Control provides astronauts with daily instructions, coordinates their activities, and addresses any issues that arise MISSION CONTROL. ASTRONAUT Astronauts perform maintenance work on the space station's systems and equipment as part of their daily tasks MAINTENANCE WORK. MISSION CONTROL Astronauts have a final check-in with Mission Control before going to sleep ASTRONAUTS. ASTRONAUT Astronauts conduct scientific experiments as part of their daily tasks on the space station SCIENTIFIC EXPERIMENTS. ASTRONAUT Astronauts marvel at the beauty of Earth from space, highlighting a unique relationship between them and the planet EARTH. SPACE STATION Scientific experiments are conducted on the space station to take advantage of the microgravity conditions SCIENTIFIC EXPERIMENTS. SPACE STATION Astronauts perform their duties and live on the space station ASTRONAUTS. SPACE STATION Maintenance work is essential for the smooth operation and safety of the space station MAINTENANCE WORK. SPACE STATION Mission Control oversees the operations and well-being of the space station and its crew MISSION CONTROL. SPACE STATION The space station orbits Earth, allowing astronauts to view it from space EARTH. MISSION CONTROL Astronauts have a final check-in with Mission Control before going to sleep ASTRONAUTS. ASTRONAUTS Astronauts use resistance machines alongside treadmills for exercise RESISTANCE MACHINES. SPACE STATION Scientific experiments are conducted on the space station to take advantage of the microgravity conditions SCIENTIFIC EXPERIMENTS. ASTRONAUTS Astronauts use treadmills as part of their daily exercise regimen TREADMILLS. SPACE STATION Astronauts perform their duties and live on the space station ASTRONAUTS. SPACE STATION Maintenance work is essential for the smooth operation and safety of the space station MAINTENANCE WORK. SPACE STATION Mission Control oversees the operations and well-being of the space station and its crew MISSION CONTROL. MISSION CONTROL Astronauts have a final check-in with Mission Control before going to sleep ASTRONAUTS. ASTRONAUTS Astronauts use resistance machines alongside treadmills for exercise RESISTANCE MACHINES. ASTRONAUTS Astronauts use treadmills as part of their daily exercise regimen TREADMILLS. ASTRONAUTS Astronauts use resistance machines alongside treadmills for exercise RESISTANCE MACHINES. MICROGRAVITY Astronauts exercise to counteract the effects of microgravity ASTRONAUTS. ASTRONAUTS Astronauts use treadmills as part of their daily exercise regimen TREADMILLS.",
    "evaluation": 0
  },
  {
    "correct_answer": "Astronauts have a final check-in with mission control before sleeping.",
    "retrieved_context": "ASTRONAUTS Astronauts use resistance machines alongside treadmills for exercise RESISTANCE MACHINES. ASTRONAUTS Astronauts use treadmills as part of their daily exercise regimen TREADMILLS. MISSION CONTROL Astronauts have a final check-in with Mission Control before going to sleep ASTRONAUTS. ASTRONAUTS Astronauts use resistance machines alongside treadmills for exercise RESISTANCE MACHINES. ASTRONAUTS Astronauts use treadmills as part of their daily exercise regimen TREADMILLS. SPACE STATION The space station orbits Earth, allowing astronauts to view it from space EARTH. ASTRONAUT Astronauts live and work on the space station, conducting daily tasks and experiments SPACE STATION. ASTRONAUT Mission Control provides astronauts with daily instructions, coordinates their activities, and addresses any issues that arise MISSION CONTROL. ASTRONAUT Astronauts perform maintenance work on the space station's systems and equipment as part of their daily tasks MAINTENANCE WORK. MISSION CONTROL Astronauts have a final check-in with Mission Control before going to sleep ASTRONAUTS. ASTRONAUT Astronauts conduct scientific experiments as part of their daily tasks on the space station SCIENTIFIC EXPERIMENTS. ASTRONAUT Astronauts marvel at the beauty of Earth from space, highlighting a unique relationship between them and the planet EARTH. SPACE STATION Scientific experiments are conducted on the space station to take advantage of the microgravity conditions SCIENTIFIC EXPERIMENTS. SPACE STATION Astronauts perform their duties and live on the space station ASTRONAUTS. SPACE STATION Maintenance work is essential for the smooth operation and safety of the space station MAINTENANCE WORK. SPACE STATION Mission Control oversees the operations and well-being of the space station and its crew MISSION CONTROL. SPACE STATION The space station orbits Earth, allowing astronauts to view it from space EARTH. MISSION CONTROL Astronauts have a final check-in with Mission Control before going to sleep ASTRONAUTS. ASTRONAUTS Astronauts use resistance machines alongside treadmills for exercise RESISTANCE MACHINES. SPACE STATION Scientific experiments are conducted on the space station to take advantage of the microgravity conditions SCIENTIFIC EXPERIMENTS. ASTRONAUTS Astronauts use treadmills as part of their daily exercise regimen TREADMILLS. SPACE STATION Astronauts perform their duties and live on the space station ASTRONAUTS. SPACE STATION Maintenance work is essential for the smooth operation and safety of the space station MAINTENANCE WORK. SPACE STATION Mission Control oversees the operations and well-being of the space station and its crew MISSION CONTROL. ASTRONAUTS Astronauts use resistance machines alongside treadmills for exercise RESISTANCE MACHINES. MICROGRAVITY Astronauts exercise to counteract the effects of microgravity ASTRONAUTS. ASTRONAUTS Astronauts use treadmills as part of their daily exercise regimen TREADMILLS.",
    "evaluation": 1
  },
  {
    "correct_answer": "Astronauts sleep in quarters with sleeping bags attached to walls.",
    "retrieved_context": "ASTRONAUTS Astronauts use resistance machines alongside treadmills for exercise RESISTANCE MACHINES. ASTRONAUTS Astronauts use treadmills as part of their daily exercise regimen TREADMILLS. SPACE STATION The space station orbits Earth, allowing astronauts to view it from space EARTH. ASTRONAUT Astronauts live and work on the space station, conducting daily tasks and experiments SPACE STATION. ASTRONAUT Mission Control provides astronauts with daily instructions, coordinates their activities, and addresses any issues that arise MISSION CONTROL. ASTRONAUT Astronauts perform maintenance work on the space station's systems and equipment as part of their daily tasks MAINTENANCE WORK. MISSION CONTROL Astronauts have a final check-in with Mission Control before going to sleep ASTRONAUTS. ASTRONAUT Astronauts conduct scientific experiments as part of their daily tasks on the space station SCIENTIFIC EXPERIMENTS. ASTRONAUT Astronauts marvel at the beauty of Earth from space, highlighting a unique relationship between them and the planet EARTH. SPACE STATION Scientific experiments are conducted on the space station to take advantage of the microgravity conditions SCIENTIFIC EXPERIMENTS. SPACE STATION Astronauts perform their duties and live on the space station ASTRONAUTS. SPACE STATION Maintenance work is essential for the smooth operation and safety of the space station MAINTENANCE WORK. SPACE STATION Mission Control oversees the operations and well-being of the space station and its crew MISSION CONTROL. SPACE STATION The space station orbits Earth, allowing astronauts to view it from space EARTH. MISSION CONTROL Astronauts have a final check-in with Mission Control before going to sleep ASTRONAUTS. ASTRONAUTS Astronauts use resistance machines alongside treadmills for exercise RESISTANCE MACHINES. SPACE STATION Scientific experiments are conducted on the space station to take advantage of the microgravity conditions SCIENTIFIC EXPERIMENTS. ASTRONAUTS Astronauts use treadmills as part of their daily exercise regimen TREADMILLS. SPACE STATION Astronauts perform their duties and live on the space station ASTRONAUTS. SPACE STATION Maintenance work is essential for the smooth operation and safety of the space station MAINTENANCE WORK. SPACE STATION Mission Control oversees the operations and well-being of the space station and its crew MISSION CONTROL. ASTRONAUTS Astronauts use resistance machines alongside treadmills for exercise RESISTANCE MACHINES. MICROGRAVITY Astronauts exercise to counteract the effects of microgravity ASTRONAUTS. ASTRONAUTS Astronauts use treadmills as part of their daily exercise regimen TREADMILLS. MISSION CONTROL Astronauts have a final check-in with Mission Control before going to sleep ASTRONAUTS. ASTRONAUTS Astronauts use resistance machines alongside treadmills for exercise RESISTANCE MACHINES. ASTRONAUTS Astronauts use treadmills as part of their daily exercise regimen TREADMILLS.",
    "evaluation": 0
  },
  {
    "accuracy": "26.67%"
  }
]