[
  {
    "correct_answer": "Social media revolutionized communication in the digital age.",
    "retrieved_context": "SOCIAL MEDIA Snapchat is included under the umbrella of social media platforms, known for its unique approach to messaging and content sharing SNAPCHAT. SOCIAL MEDIA Social media has changed the way people connect, share information, and interact, both positively by empowering voices and negatively by promoting shallow interactions COMMUNICATION. SOCIAL MEDIA Social media platforms have facilitated the rise of citizen journalism by allowing users to share news and information instantly, broadening the scope of who can disseminate news CITIZEN JOURNALISM. TWITTER Twitter, in particular, has been instrumental in the spread of citizen journalism, providing a platform for real-time news sharing and discussions CITIZEN JOURNALISM. SOCIAL MEDIA Facebook is one of the platforms encompassed by the broader term social media FACEBOOK. SOCIAL MEDIA Instagram is a key player in the social media landscape, affecting how people share and consume visual content INSTAGRAM. SOCIAL MEDIA Social media platforms have been criticized for the rise of misinformation and fake news, making it hard to discern fact from fiction MISINFORMATION. SOCIAL MEDIA Twitter is part of the social media ecosystem, contributing to its impact on communication and information sharing TWITTER. TWITTER Twitter, in particular, has been instrumental in the spread of citizen journalism, providing a platform for real-time news sharing and discussions CITIZEN JOURNALISM.",
    "evaluation": 1
  },
  {
    "correct_answer": "Social media impacted relationships, behaviors, and perceptions.",
    "retrieved_context": "SOCIAL MEDIA Snapchat is included under the umbrella of social media platforms, known for its unique approach to messaging and content sharing SNAPCHAT. SOCIAL MEDIA Social media has changed the way people connect, share information, and interact, both positively by empowering voices and negatively by promoting shallow interactions COMMUNICATION. SOCIAL MEDIA Social media platforms have facilitated the rise of citizen journalism by allowing users to share news and information instantly, broadening the scope of who can disseminate news CITIZEN JOURNALISM. TWITTER Twitter, in particular, has been instrumental in the spread of citizen journalism, providing a platform for real-time news sharing and discussions CITIZEN JOURNALISM. SOCIAL MEDIA Facebook is one of the platforms encompassed by the broader term social media FACEBOOK. SOCIAL MEDIA Instagram is a key player in the social media landscape, affecting how people share and consume visual content INSTAGRAM. SOCIAL MEDIA Social media platforms have been criticized for the rise of misinformation and fake news, making it hard to discern fact from fiction MISINFORMATION. SOCIAL MEDIA Twitter is part of the social media ecosystem, contributing to its impact on communication and information sharing TWITTER. TWITTER Twitter, in particular, has been instrumental in the spread of citizen journalism, providing a platform for real-time news sharing and discussions CITIZEN JOURNALISM.",
    "evaluation": 1
  },
  {
    "correct_answer": "Social media influenced communication positively and negatively.",
    "retrieved_context": "SOCIAL MEDIA Snapchat is included under the umbrella of social media platforms, known for its unique approach to messaging and content sharing SNAPCHAT. SOCIAL MEDIA Social media has changed the way people connect, share information, and interact, both positively by empowering voices and negatively by promoting shallow interactions COMMUNICATION. SOCIAL MEDIA Social media platforms have facilitated the rise of citizen journalism by allowing users to share news and information instantly, broadening the scope of who can disseminate news CITIZEN JOURNALISM. TWITTER Twitter, in particular, has been instrumental in the spread of citizen journalism, providing a platform for real-time news sharing and discussions CITIZEN JOURNALISM. SOCIAL MEDIA Facebook is one of the platforms encompassed by the broader term social media FACEBOOK. SOCIAL MEDIA Instagram is a key player in the social media landscape, affecting how people share and consume visual content INSTAGRAM. SOCIAL MEDIA Social media platforms have been criticized for the rise of misinformation and fake news, making it hard to discern fact from fiction MISINFORMATION. SOCIAL MEDIA Twitter is part of the social media ecosystem, contributing to its impact on communication and information sharing TWITTER. TWITTER Twitter, in particular, has been instrumental in the spread of citizen journalism, providing a platform for real-time news sharing and discussions CITIZEN JOURNALISM.",
    "evaluation": 1
  },
  {
    "correct_answer": "Social media enables connection regardless of physical distance.",
    "retrieved_context": "SOCIAL MEDIA Snapchat is included under the umbrella of social media platforms, known for its unique approach to messaging and content sharing SNAPCHAT. SOCIAL MEDIA Social media has changed the way people connect, share information, and interact, both positively by empowering voices and negatively by promoting shallow interactions COMMUNICATION. SOCIAL MEDIA Social media platforms have facilitated the rise of citizen journalism by allowing users to share news and information instantly, broadening the scope of who can disseminate news CITIZEN JOURNALISM. TWITTER Twitter, in particular, has been instrumental in the spread of citizen journalism, providing a platform for real-time news sharing and discussions CITIZEN JOURNALISM. SOCIAL MEDIA Facebook is one of the platforms encompassed by the broader term social media FACEBOOK. SOCIAL MEDIA Instagram is a key player in the social media landscape, affecting how people share and consume visual content INSTAGRAM. SOCIAL MEDIA Social media platforms have been criticized for the rise of misinformation and fake news, making it hard to discern fact from fiction MISINFORMATION. SOCIAL MEDIA Twitter is part of the social media ecosystem, contributing to its impact on communication and information sharing TWITTER. TWITTER Twitter, in particular, has been instrumental in the spread of citizen journalism, providing a platform for real-time news sharing and discussions CITIZEN JOURNALISM.",
    "evaluation": 0
  },
  {
    "correct_answer": "Platforms like Facebook, Twitter, Instagram, and Snapchat facilitate staying in touch globally.",
    "retrieved_context": "SOCIAL MEDIA Snapchat is included under the umbrella of social media platforms, known for its unique approach to messaging and content sharing SNAPCHAT. SOCIAL MEDIA Social media has changed the way people connect, share information, and interact, both positively by empowering voices and negatively by promoting shallow interactions COMMUNICATION. SOCIAL MEDIA Social media platforms have facilitated the rise of citizen journalism by allowing users to share news and information instantly, broadening the scope of who can disseminate news CITIZEN JOURNALISM. TWITTER Twitter, in particular, has been instrumental in the spread of citizen journalism, providing a platform for real-time news sharing and discussions CITIZEN JOURNALISM. SOCIAL MEDIA Facebook is one of the platforms encompassed by the broader term social media FACEBOOK. SOCIAL MEDIA Instagram is a key player in the social media landscape, affecting how people share and consume visual content INSTAGRAM. SOCIAL MEDIA Social media platforms have been criticized for the rise of misinformation and fake news, making it hard to discern fact from fiction MISINFORMATION. SOCIAL MEDIA Twitter is part of the social media ecosystem, contributing to its impact on communication and information sharing TWITTER. TWITTER Twitter, in particular, has been instrumental in the spread of citizen journalism, providing a platform for real-time news sharing and discussions CITIZEN JOURNALISM.",
    "evaluation": 1
  },
  {
    "correct_answer": "Social media allows sharing updates, photos, and thoughts in real-time.",
    "retrieved_context": "SOCIAL MEDIA Snapchat is included under the umbrella of social media platforms, known for its unique approach to messaging and content sharing SNAPCHAT. SOCIAL MEDIA Social media has changed the way people connect, share information, and interact, both positively by empowering voices and negatively by promoting shallow interactions COMMUNICATION. SOCIAL MEDIA Social media platforms have facilitated the rise of citizen journalism by allowing users to share news and information instantly, broadening the scope of who can disseminate news CITIZEN JOURNALISM. TWITTER Twitter, in particular, has been instrumental in the spread of citizen journalism, providing a platform for real-time news sharing and discussions CITIZEN JOURNALISM. SOCIAL MEDIA Facebook is one of the platforms encompassed by the broader term social media FACEBOOK. SOCIAL MEDIA Instagram is a key player in the social media landscape, affecting how people share and consume visual content INSTAGRAM. SOCIAL MEDIA Social media platforms have been criticized for the rise of misinformation and fake news, making it hard to discern fact from fiction MISINFORMATION. SOCIAL MEDIA Twitter is part of the social media ecosystem, contributing to its impact on communication and information sharing TWITTER. TWITTER Twitter, in particular, has been instrumental in the spread of citizen journalism, providing a platform for real-time news sharing and discussions CITIZEN JOURNALISM.",
    "evaluation": 1
  },
  {
    "correct_answer": "News spreads rapidly through social media via citizen journalism and user-generated content.",
    "retrieved_context": "SOCIAL MEDIA Snapchat is included under the umbrella of social media platforms, known for its unique approach to messaging and content sharing SNAPCHAT. SOCIAL MEDIA Social media has changed the way people connect, share information, and interact, both positively by empowering voices and negatively by promoting shallow interactions COMMUNICATION. SOCIAL MEDIA Social media platforms have facilitated the rise of citizen journalism by allowing users to share news and information instantly, broadening the scope of who can disseminate news CITIZEN JOURNALISM. TWITTER Twitter, in particular, has been instrumental in the spread of citizen journalism, providing a platform for real-time news sharing and discussions CITIZEN JOURNALISM. SOCIAL MEDIA Facebook is one of the platforms encompassed by the broader term social media FACEBOOK. SOCIAL MEDIA Instagram is a key player in the social media landscape, affecting how people share and consume visual content INSTAGRAM. SOCIAL MEDIA Social media platforms have been criticized for the rise of misinformation and fake news, making it hard to discern fact from fiction MISINFORMATION. SOCIAL MEDIA Twitter is part of the social media ecosystem, contributing to its impact on communication and information sharing TWITTER. TWITTER Twitter, in particular, has been instrumental in the spread of citizen journalism, providing a platform for real-time news sharing and discussions CITIZEN JOURNALISM.",
    "evaluation": 1
  },
  {
    "correct_answer": "Social media democratizes information and engages individuals in current events.",
    "retrieved_context": "SOCIAL MEDIA Snapchat is included under the umbrella of social media platforms, known for its unique approach to messaging and content sharing SNAPCHAT. SOCIAL MEDIA Social media has changed the way people connect, share information, and interact, both positively by empowering voices and negatively by promoting shallow interactions COMMUNICATION. SOCIAL MEDIA Social media platforms have facilitated the rise of citizen journalism by allowing users to share news and information instantly, broadening the scope of who can disseminate news CITIZEN JOURNALISM. TWITTER Twitter, in particular, has been instrumental in the spread of citizen journalism, providing a platform for real-time news sharing and discussions CITIZEN JOURNALISM. SOCIAL MEDIA Facebook is one of the platforms encompassed by the broader term social media FACEBOOK. SOCIAL MEDIA Instagram is a key player in the social media landscape, affecting how people share and consume visual content INSTAGRAM. SOCIAL MEDIA Social media platforms have been criticized for the rise of misinformation and fake news, making it hard to discern fact from fiction MISINFORMATION. SOCIAL MEDIA Twitter is part of the social media ecosystem, contributing to its impact on communication and information sharing TWITTER. TWITTER Twitter, in particular, has been instrumental in the spread of citizen journalism, providing a platform for real-time news sharing and discussions CITIZEN JOURNALISM.",
    "evaluation": 1
  },
  {
    "correct_answer": "Twitter provides a platform for marginalized groups to share stories and advocate for change.",
    "retrieved_context": "TWITTER Twitter, in particular, has been instrumental in the spread of citizen journalism, providing a platform for real-time news sharing and discussions CITIZEN JOURNALISM. SOCIAL MEDIA Snapchat is included under the umbrella of social media platforms, known for its unique approach to messaging and content sharing SNAPCHAT. SOCIAL MEDIA Social media has changed the way people connect, share information, and interact, both positively by empowering voices and negatively by promoting shallow interactions COMMUNICATION. SOCIAL MEDIA Social media platforms have facilitated the rise of citizen journalism by allowing users to share news and information instantly, broadening the scope of who can disseminate news CITIZEN JOURNALISM. TWITTER Twitter, in particular, has been instrumental in the spread of citizen journalism, providing a platform for real-time news sharing and discussions CITIZEN JOURNALISM. SOCIAL MEDIA Facebook is one of the platforms encompassed by the broader term social media FACEBOOK. SOCIAL MEDIA Instagram is a key player in the social media landscape, affecting how people share and consume visual content INSTAGRAM. SOCIAL MEDIA Social media platforms have been criticized for the rise of misinformation and fake news, making it hard to discern fact from fiction MISINFORMATION. SOCIAL MEDIA Twitter is part of the social media ecosystem, contributing to its impact on communication and information sharing TWITTER.",
    "evaluation": 0
  },
  {
    "correct_answer": "Social media amplifies voices and visibility of underrepresented communities.",
    "retrieved_context": "SOCIAL MEDIA Snapchat is included under the umbrella of social media platforms, known for its unique approach to messaging and content sharing SNAPCHAT. SOCIAL MEDIA Social media has changed the way people connect, share information, and interact, both positively by empowering voices and negatively by promoting shallow interactions COMMUNICATION. SOCIAL MEDIA Social media platforms have facilitated the rise of citizen journalism by allowing users to share news and information instantly, broadening the scope of who can disseminate news CITIZEN JOURNALISM. TWITTER Twitter, in particular, has been instrumental in the spread of citizen journalism, providing a platform for real-time news sharing and discussions CITIZEN JOURNALISM. SOCIAL MEDIA Facebook is one of the platforms encompassed by the broader term social media FACEBOOK. SOCIAL MEDIA Instagram is a key player in the social media landscape, affecting how people share and consume visual content INSTAGRAM. SOCIAL MEDIA Social media platforms have been criticized for the rise of misinformation and fake news, making it hard to discern fact from fiction MISINFORMATION. SOCIAL MEDIA Twitter is part of the social media ecosystem, contributing to its impact on communication and information sharing TWITTER. TWITTER Twitter, in particular, has been instrumental in the spread of citizen journalism, providing a platform for real-time news sharing and discussions CITIZEN JOURNALISM.",
    "evaluation": 0
  },
  {
    "correct_answer": "Misinformation and fake news are challenges on social networking sites.",
    "retrieved_context": "SOCIAL MEDIA Snapchat is included under the umbrella of social media platforms, known for its unique approach to messaging and content sharing SNAPCHAT. SOCIAL MEDIA Social media has changed the way people connect, share information, and interact, both positively by empowering voices and negatively by promoting shallow interactions COMMUNICATION. SOCIAL MEDIA Social media platforms have facilitated the rise of citizen journalism by allowing users to share news and information instantly, broadening the scope of who can disseminate news CITIZEN JOURNALISM. TWITTER Twitter, in particular, has been instrumental in the spread of citizen journalism, providing a platform for real-time news sharing and discussions CITIZEN JOURNALISM. SOCIAL MEDIA Facebook is one of the platforms encompassed by the broader term social media FACEBOOK. SOCIAL MEDIA Instagram is a key player in the social media landscape, affecting how people share and consume visual content INSTAGRAM. SOCIAL MEDIA Social media platforms have been criticized for the rise of misinformation and fake news, making it hard to discern fact from fiction MISINFORMATION. SOCIAL MEDIA Twitter is part of the social media ecosystem, contributing to its impact on communication and information sharing TWITTER. TWITTER Twitter, in particular, has been instrumental in the spread of citizen journalism, providing a platform for real-time news sharing and discussions CITIZEN JOURNALISM.",
    "evaluation": 1
  },
  {
    "correct_answer": "Social media promotes shallow communication forms like likes and emojis.",
    "retrieved_context": "SOCIAL MEDIA Snapchat is included under the umbrella of social media platforms, known for its unique approach to messaging and content sharing SNAPCHAT. SOCIAL MEDIA Social media has changed the way people connect, share information, and interact, both positively by empowering voices and negatively by promoting shallow interactions COMMUNICATION. SOCIAL MEDIA Social media platforms have facilitated the rise of citizen journalism by allowing users to share news and information instantly, broadening the scope of who can disseminate news CITIZEN JOURNALISM. TWITTER Twitter, in particular, has been instrumental in the spread of citizen journalism, providing a platform for real-time news sharing and discussions CITIZEN JOURNALISM. SOCIAL MEDIA Facebook is one of the platforms encompassed by the broader term social media FACEBOOK. SOCIAL MEDIA Instagram is a key player in the social media landscape, affecting how people share and consume visual content INSTAGRAM. SOCIAL MEDIA Social media platforms have been criticized for the rise of misinformation and fake news, making it hard to discern fact from fiction MISINFORMATION. SOCIAL MEDIA Twitter is part of the social media ecosystem, contributing to its impact on communication and information sharing TWITTER. TWITTER Twitter, in particular, has been instrumental in the spread of citizen journalism, providing a platform for real-time news sharing and discussions CITIZEN JOURNALISM.",
    "evaluation": 0
  },
  {
    "correct_answer": "Superficial communication on social media can lead to a lack of genuine connections.",
    "retrieved_context": "SOCIAL MEDIA Snapchat is included under the umbrella of social media platforms, known for its unique approach to messaging and content sharing SNAPCHAT. SOCIAL MEDIA Social media has changed the way people connect, share information, and interact, both positively by empowering voices and negatively by promoting shallow interactions COMMUNICATION. SOCIAL MEDIA Social media platforms have facilitated the rise of citizen journalism by allowing users to share news and information instantly, broadening the scope of who can disseminate news CITIZEN JOURNALISM. TWITTER Twitter, in particular, has been instrumental in the spread of citizen journalism, providing a platform for real-time news sharing and discussions CITIZEN JOURNALISM. SOCIAL MEDIA Facebook is one of the platforms encompassed by the broader term social media FACEBOOK. SOCIAL MEDIA Instagram is a key player in the social media landscape, affecting how people share and consume visual content INSTAGRAM. SOCIAL MEDIA Social media platforms have been criticized for the rise of misinformation and fake news, making it hard to discern fact from fiction MISINFORMATION. SOCIAL MEDIA Twitter is part of the social media ecosystem, contributing to its impact on communication and information sharing TWITTER. TWITTER Twitter, in particular, has been instrumental in the spread of citizen journalism, providing a platform for real-time news sharing and discussions CITIZEN JOURNALISM.",
    "evaluation": 0
  },
  {
    "correct_answer": "Validation through likes and comments can impact mental health and self-esteem.",
    "retrieved_context": "SOCIAL MEDIA Snapchat is included under the umbrella of social media platforms, known for its unique approach to messaging and content sharing SNAPCHAT. SOCIAL MEDIA Social media has changed the way people connect, share information, and interact, both positively by empowering voices and negatively by promoting shallow interactions COMMUNICATION. SOCIAL MEDIA Social media platforms have facilitated the rise of citizen journalism by allowing users to share news and information instantly, broadening the scope of who can disseminate news CITIZEN JOURNALISM. TWITTER Twitter, in particular, has been instrumental in the spread of citizen journalism, providing a platform for real-time news sharing and discussions CITIZEN JOURNALISM. SOCIAL MEDIA Facebook is one of the platforms encompassed by the broader term social media FACEBOOK. SOCIAL MEDIA Instagram is a key player in the social media landscape, affecting how people share and consume visual content INSTAGRAM. SOCIAL MEDIA Social media platforms have been criticized for the rise of misinformation and fake news, making it hard to discern fact from fiction MISINFORMATION. SOCIAL MEDIA Twitter is part of the social media ecosystem, contributing to its impact on communication and information sharing TWITTER. TWITTER Twitter, in particular, has been instrumental in the spread of citizen journalism, providing a platform for real-time news sharing and discussions CITIZEN JOURNALISM.",
    "evaluation": 0
  },
  {
    "correct_answer": "Social media shapes connectivity, information sharing, and interactions in society.",
    "retrieved_context": "SOCIAL MEDIA Snapchat is included under the umbrella of social media platforms, known for its unique approach to messaging and content sharing SNAPCHAT. SOCIAL MEDIA Social media has changed the way people connect, share information, and interact, both positively by empowering voices and negatively by promoting shallow interactions COMMUNICATION. SOCIAL MEDIA Social media platforms have facilitated the rise of citizen journalism by allowing users to share news and information instantly, broadening the scope of who can disseminate news CITIZEN JOURNALISM. TWITTER Twitter, in particular, has been instrumental in the spread of citizen journalism, providing a platform for real-time news sharing and discussions CITIZEN JOURNALISM. SOCIAL MEDIA Facebook is one of the platforms encompassed by the broader term social media FACEBOOK. SOCIAL MEDIA Instagram is a key player in the social media landscape, affecting how people share and consume visual content INSTAGRAM. SOCIAL MEDIA Social media platforms have been criticized for the rise of misinformation and fake news, making it hard to discern fact from fiction MISINFORMATION. SOCIAL MEDIA Twitter is part of the social media ecosystem, contributing to its impact on communication and information sharing TWITTER. TWITTER Twitter, in particular, has been instrumental in the spread of citizen journalism, providing a platform for real-time news sharing and discussions CITIZEN JOURNALISM.",
    "evaluation": 1
  },
  {
    "accuracy": "60.00%"
  }
]