[
  {
    "correct_answer": "Genetic engineering is a rapidly advancing field.",
    "retrieved_context": "GENETIC ENGINEERING Genetic engineering is responsible for the creation of GMOs, leading to debates about their implications GMOS. GENETIC ENGINEERING The accessibility and application of genetic engineering could exacerbate social inequalities SOCIAL INEQUALITIES. GENETIC ENGINEERING Genetic engineering directly involves the manipulation of genetic traits, raising ethical and social concerns GENETIC TRAITS. GENETIC ENGINEERING The impact of genetic enhancements could extend to educational opportunities and achievements EDUCATION. GENETIC ENGINEERING The application of genetic engineering has potential consequences for the environment, necessitating careful consideration ENVIRONMENT. GENETIC ENGINEERING Genetic engineering is used to create genetically modified crops with specific traits GENETICALLY MODIFIED CROPS. GENETIC ENGINEERING Genetic engineering, a field with significant potential, has made the creation of designer babies possible. This advancement has led to ethical debates surrounding the implications and consequences of designing babies with specific traits. Genetic engineering's ability to enable the creation of designer babies highlights both its potential and the complex ethical considerations it brings to the forefront of modern science and society. DESIGNER BABIES. GENETIC ENGINEERING Policymakers play a crucial role in regulating genetic engineering and addressing its ethical implications POLICYMAKERS. GENETIC ENGINEERING Genetic engineering could influence the distribution of opportunities across society OPPORTUNITIES. GENETIC ENGINEERING Scientists are at the forefront of research and ethical discussions in genetic engineering SCIENTISTS. GENETIC ENGINEERING Genetic engineering is applied to produce genetically engineered animals for various purposes GENETICALLY ENGINEERED ANIMALS. GENETIC ENGINEERING The advancement and accessibility of genetic engineering technologies raise concerns about social justice and equity SOCIAL JUSTICE. GENETIC ENGINEERING The field of genetic engineering intersects with ethical considerations regarding the value and commodification of human life HUMAN LIFE. GENETIC ENGINEERING Genetic engineering has significant implications for human health, with the potential to both improve and raise ethical concerns HEALTH. GENETIC TECHNOLOGIES Access to genetic technologies may be disproportionately available to the wealthy, affecting social equity WEALTHY.",
    "evaluation": 0
  },
  {
    "correct_answer": "Genetic engineering has the potential to revolutionize medicine.",
    "retrieved_context": "GENETIC ENGINEERING Genetic engineering is responsible for the creation of GMOs, leading to debates about their implications GMOS. GENETIC ENGINEERING The accessibility and application of genetic engineering could exacerbate social inequalities SOCIAL INEQUALITIES. GENETIC ENGINEERING Genetic engineering directly involves the manipulation of genetic traits, raising ethical and social concerns GENETIC TRAITS. GENETIC ENGINEERING The impact of genetic enhancements could extend to educational opportunities and achievements EDUCATION. GENETIC ENGINEERING The application of genetic engineering has potential consequences for the environment, necessitating careful consideration ENVIRONMENT. GENETIC ENGINEERING Genetic engineering is used to create genetically modified crops with specific traits GENETICALLY MODIFIED CROPS. GENETIC ENGINEERING Genetic engineering, a field with significant potential, has made the creation of designer babies possible. This advancement has led to ethical debates surrounding the implications and consequences of designing babies with specific traits. Genetic engineering's ability to enable the creation of designer babies highlights both its potential and the complex ethical considerations it brings to the forefront of modern science and society. DESIGNER BABIES. GENETIC ENGINEERING Policymakers play a crucial role in regulating genetic engineering and addressing its ethical implications POLICYMAKERS. GENETIC ENGINEERING Genetic engineering could influence the distribution of opportunities across society OPPORTUNITIES. GENETIC ENGINEERING Scientists are at the forefront of research and ethical discussions in genetic engineering SCIENTISTS. GENETIC ENGINEERING Genetic engineering is applied to produce genetically engineered animals for various purposes GENETICALLY ENGINEERED ANIMALS. GENETIC ENGINEERING The advancement and accessibility of genetic engineering technologies raise concerns about social justice and equity SOCIAL JUSTICE. GENETIC ENGINEERING The field of genetic engineering intersects with ethical considerations regarding the value and commodification of human life HUMAN LIFE. GENETIC ENGINEERING Genetic engineering has significant implications for human health, with the potential to both improve and raise ethical concerns HEALTH. GENETIC TECHNOLOGIES Access to genetic technologies may be disproportionately available to the wealthy, affecting social equity WEALTHY.",
    "evaluation": 0
  },
  {
    "correct_answer": "Genetic engineering has the potential to revolutionize agriculture.",
    "retrieved_context": "GENETIC ENGINEERING Genetic engineering is responsible for the creation of GMOs, leading to debates about their implications GMOS. GENETIC ENGINEERING The accessibility and application of genetic engineering could exacerbate social inequalities SOCIAL INEQUALITIES. GENETIC ENGINEERING Genetic engineering directly involves the manipulation of genetic traits, raising ethical and social concerns GENETIC TRAITS. GENETIC ENGINEERING The impact of genetic enhancements could extend to educational opportunities and achievements EDUCATION. GENETIC ENGINEERING The application of genetic engineering has potential consequences for the environment, necessitating careful consideration ENVIRONMENT. GENETIC ENGINEERING Genetic engineering is used to create genetically modified crops with specific traits GENETICALLY MODIFIED CROPS. GENETIC ENGINEERING Genetic engineering, a field with significant potential, has made the creation of designer babies possible. This advancement has led to ethical debates surrounding the implications and consequences of designing babies with specific traits. Genetic engineering's ability to enable the creation of designer babies highlights both its potential and the complex ethical considerations it brings to the forefront of modern science and society. DESIGNER BABIES. GENETIC ENGINEERING Policymakers play a crucial role in regulating genetic engineering and addressing its ethical implications POLICYMAKERS. GENETIC ENGINEERING Genetic engineering could influence the distribution of opportunities across society OPPORTUNITIES. GENETIC ENGINEERING Scientists are at the forefront of research and ethical discussions in genetic engineering SCIENTISTS. GENETIC ENGINEERING Genetic engineering is applied to produce genetically engineered animals for various purposes GENETICALLY ENGINEERED ANIMALS. GENETIC ENGINEERING The advancement and accessibility of genetic engineering technologies raise concerns about social justice and equity SOCIAL JUSTICE. GENETIC ENGINEERING The field of genetic engineering intersects with ethical considerations regarding the value and commodification of human life HUMAN LIFE. GENETIC ENGINEERING Genetic engineering has significant implications for human health, with the potential to both improve and raise ethical concerns HEALTH. GENETIC TECHNOLOGIES Access to genetic technologies may be disproportionately available to the wealthy, affecting social equity WEALTHY.",
    "evaluation": 1
  },
  {
    "correct_answer": "Genetic engineering raises ethical concerns.",
    "retrieved_context": "GENETIC ENGINEERING Genetic engineering is responsible for the creation of GMOs, leading to debates about their implications GMOS. GENETIC ENGINEERING The accessibility and application of genetic engineering could exacerbate social inequalities SOCIAL INEQUALITIES. GENETIC ENGINEERING Genetic engineering directly involves the manipulation of genetic traits, raising ethical and social concerns GENETIC TRAITS. GENETIC ENGINEERING The impact of genetic enhancements could extend to educational opportunities and achievements EDUCATION. GENETIC ENGINEERING The application of genetic engineering has potential consequences for the environment, necessitating careful consideration ENVIRONMENT. GENETIC ENGINEERING Genetic engineering is used to create genetically modified crops with specific traits GENETICALLY MODIFIED CROPS. GENETIC ENGINEERING Genetic engineering, a field with significant potential, has made the creation of designer babies possible. This advancement has led to ethical debates surrounding the implications and consequences of designing babies with specific traits. Genetic engineering's ability to enable the creation of designer babies highlights both its potential and the complex ethical considerations it brings to the forefront of modern science and society. DESIGNER BABIES. GENETIC ENGINEERING Policymakers play a crucial role in regulating genetic engineering and addressing its ethical implications POLICYMAKERS. GENETIC ENGINEERING Genetic engineering could influence the distribution of opportunities across society OPPORTUNITIES. GENETIC ENGINEERING Scientists are at the forefront of research and ethical discussions in genetic engineering SCIENTISTS. GENETIC ENGINEERING Genetic engineering is applied to produce genetically engineered animals for various purposes GENETICALLY ENGINEERED ANIMALS. GENETIC ENGINEERING The advancement and accessibility of genetic engineering technologies raise concerns about social justice and equity SOCIAL JUSTICE. GENETIC ENGINEERING The field of genetic engineering intersects with ethical considerations regarding the value and commodification of human life HUMAN LIFE. GENETIC ENGINEERING Genetic engineering has significant implications for human health, with the potential to both improve and raise ethical concerns HEALTH. GENETIC TECHNOLOGIES Access to genetic technologies may be disproportionately available to the wealthy, affecting social equity WEALTHY.",
    "evaluation": 1
  },
  {
    "correct_answer": "Genetic engineering can alter the fundamental building blocks of life.",
    "retrieved_context": "GENETIC ENGINEERING Genetic engineering is responsible for the creation of GMOs, leading to debates about their implications GMOS. GENETIC ENGINEERING The accessibility and application of genetic engineering could exacerbate social inequalities SOCIAL INEQUALITIES. GENETIC ENGINEERING Genetic engineering directly involves the manipulation of genetic traits, raising ethical and social concerns GENETIC TRAITS. GENETIC ENGINEERING The impact of genetic enhancements could extend to educational opportunities and achievements EDUCATION. GENETIC ENGINEERING The application of genetic engineering has potential consequences for the environment, necessitating careful consideration ENVIRONMENT. GENETIC ENGINEERING Genetic engineering is used to create genetically modified crops with specific traits GENETICALLY MODIFIED CROPS. GENETIC ENGINEERING Genetic engineering, a field with significant potential, has made the creation of designer babies possible. This advancement has led to ethical debates surrounding the implications and consequences of designing babies with specific traits. Genetic engineering's ability to enable the creation of designer babies highlights both its potential and the complex ethical considerations it brings to the forefront of modern science and society. DESIGNER BABIES. GENETIC ENGINEERING Policymakers play a crucial role in regulating genetic engineering and addressing its ethical implications POLICYMAKERS. GENETIC ENGINEERING Genetic engineering could influence the distribution of opportunities across society OPPORTUNITIES. GENETIC ENGINEERING Scientists are at the forefront of research and ethical discussions in genetic engineering SCIENTISTS. GENETIC ENGINEERING Genetic engineering is applied to produce genetically engineered animals for various purposes GENETICALLY ENGINEERED ANIMALS. GENETIC ENGINEERING The advancement and accessibility of genetic engineering technologies raise concerns about social justice and equity SOCIAL JUSTICE. GENETIC ENGINEERING The field of genetic engineering intersects with ethical considerations regarding the value and commodification of human life HUMAN LIFE. GENETIC ENGINEERING Genetic engineering has significant implications for human health, with the potential to both improve and raise ethical concerns HEALTH. GENETIC TECHNOLOGIES Access to genetic technologies may be disproportionately available to the wealthy, affecting social equity WEALTHY.",
    "evaluation": 1
  },
  {
    "correct_answer": "Genetic engineering manipulates genes to create organisms with specific traits.",
    "retrieved_context": "GENETIC ENGINEERING Genetic engineering is responsible for the creation of GMOs, leading to debates about their implications GMOS. GENETIC ENGINEERING The accessibility and application of genetic engineering could exacerbate social inequalities SOCIAL INEQUALITIES. GENETIC ENGINEERING Genetic engineering directly involves the manipulation of genetic traits, raising ethical and social concerns GENETIC TRAITS. GENETIC ENGINEERING The impact of genetic enhancements could extend to educational opportunities and achievements EDUCATION. GENETIC ENGINEERING The application of genetic engineering has potential consequences for the environment, necessitating careful consideration ENVIRONMENT. GENETIC ENGINEERING Genetic engineering is used to create genetically modified crops with specific traits GENETICALLY MODIFIED CROPS. GENETIC ENGINEERING Genetic engineering, a field with significant potential, has made the creation of designer babies possible. This advancement has led to ethical debates surrounding the implications and consequences of designing babies with specific traits. Genetic engineering's ability to enable the creation of designer babies highlights both its potential and the complex ethical considerations it brings to the forefront of modern science and society. DESIGNER BABIES. GENETIC ENGINEERING Policymakers play a crucial role in regulating genetic engineering and addressing its ethical implications POLICYMAKERS. GENETIC ENGINEERING Genetic engineering could influence the distribution of opportunities across society OPPORTUNITIES. GENETIC ENGINEERING Scientists are at the forefront of research and ethical discussions in genetic engineering SCIENTISTS. GENETIC ENGINEERING Genetic engineering is applied to produce genetically engineered animals for various purposes GENETICALLY ENGINEERED ANIMALS. GENETIC ENGINEERING The advancement and accessibility of genetic engineering technologies raise concerns about social justice and equity SOCIAL JUSTICE. GENETIC ENGINEERING The field of genetic engineering intersects with ethical considerations regarding the value and commodification of human life HUMAN LIFE. GENETIC ENGINEERING Genetic engineering has significant implications for human health, with the potential to both improve and raise ethical concerns HEALTH. GENETIC TECHNOLOGIES Access to genetic technologies may be disproportionately available to the wealthy, affecting social equity WEALTHY.",
    "evaluation": 1
  },
  {
    "correct_answer": "Genetic engineering raises questions about human intervention in the natural world.",
    "retrieved_context": "GENETIC ENGINEERING Genetic engineering is responsible for the creation of GMOs, leading to debates about their implications GMOS. GENETIC ENGINEERING The accessibility and application of genetic engineering could exacerbate social inequalities SOCIAL INEQUALITIES. GENETIC ENGINEERING Genetic engineering directly involves the manipulation of genetic traits, raising ethical and social concerns GENETIC TRAITS. GENETIC ENGINEERING The impact of genetic enhancements could extend to educational opportunities and achievements EDUCATION. GENETIC ENGINEERING The application of genetic engineering has potential consequences for the environment, necessitating careful consideration ENVIRONMENT. GENETIC ENGINEERING Genetic engineering is used to create genetically modified crops with specific traits GENETICALLY MODIFIED CROPS. GENETIC ENGINEERING Genetic engineering, a field with significant potential, has made the creation of designer babies possible. This advancement has led to ethical debates surrounding the implications and consequences of designing babies with specific traits. Genetic engineering's ability to enable the creation of designer babies highlights both its potential and the complex ethical considerations it brings to the forefront of modern science and society. DESIGNER BABIES. GENETIC ENGINEERING Policymakers play a crucial role in regulating genetic engineering and addressing its ethical implications POLICYMAKERS. GENETIC ENGINEERING Genetic engineering could influence the distribution of opportunities across society OPPORTUNITIES. GENETIC ENGINEERING Scientists are at the forefront of research and ethical discussions in genetic engineering SCIENTISTS. GENETIC ENGINEERING Genetic engineering is applied to produce genetically engineered animals for various purposes GENETICALLY ENGINEERED ANIMALS. GENETIC ENGINEERING The advancement and accessibility of genetic engineering technologies raise concerns about social justice and equity SOCIAL JUSTICE. GENETIC ENGINEERING The field of genetic engineering intersects with ethical considerations regarding the value and commodification of human life HUMAN LIFE. GENETIC ENGINEERING Genetic engineering has significant implications for human health, with the potential to both improve and raise ethical concerns HEALTH. GENETIC TECHNOLOGIES Access to genetic technologies may be disproportionately available to the wealthy, affecting social equity WEALTHY.",
    "evaluation": 1
  },
  {
    "correct_answer": "Genetic engineering involves deliberate changes to the genetic makeup of living organisms.",
    "retrieved_context": "GENETIC ENGINEERING Genetic engineering is responsible for the creation of GMOs, leading to debates about their implications GMOS. GENETIC ENGINEERING The accessibility and application of genetic engineering could exacerbate social inequalities SOCIAL INEQUALITIES. GENETIC ENGINEERING Genetic engineering directly involves the manipulation of genetic traits, raising ethical and social concerns GENETIC TRAITS. GENETIC ENGINEERING The impact of genetic enhancements could extend to educational opportunities and achievements EDUCATION. GENETIC ENGINEERING The application of genetic engineering has potential consequences for the environment, necessitating careful consideration ENVIRONMENT. GENETIC ENGINEERING Genetic engineering is used to create genetically modified crops with specific traits GENETICALLY MODIFIED CROPS. GENETIC ENGINEERING Genetic engineering, a field with significant potential, has made the creation of designer babies possible. This advancement has led to ethical debates surrounding the implications and consequences of designing babies with specific traits. Genetic engineering's ability to enable the creation of designer babies highlights both its potential and the complex ethical considerations it brings to the forefront of modern science and society. DESIGNER BABIES. GENETIC ENGINEERING Policymakers play a crucial role in regulating genetic engineering and addressing its ethical implications POLICYMAKERS. GENETIC ENGINEERING Genetic engineering could influence the distribution of opportunities across society OPPORTUNITIES. GENETIC ENGINEERING Scientists are at the forefront of research and ethical discussions in genetic engineering SCIENTISTS. GENETIC ENGINEERING Genetic engineering is applied to produce genetically engineered animals for various purposes GENETICALLY ENGINEERED ANIMALS. GENETIC ENGINEERING The advancement and accessibility of genetic engineering technologies raise concerns about social justice and equity SOCIAL JUSTICE. GENETIC ENGINEERING The field of genetic engineering intersects with ethical considerations regarding the value and commodification of human life HUMAN LIFE. GENETIC ENGINEERING Genetic engineering has significant implications for human health, with the potential to both improve and raise ethical concerns HEALTH. GENETIC TECHNOLOGIES Access to genetic technologies may be disproportionately available to the wealthy, affecting social equity WEALTHY.",
    "evaluation": 1
  },
  {
    "correct_answer": "Genetic engineering interventions could have unforeseen consequences.",
    "retrieved_context": "GENETIC ENGINEERING Genetic engineering is responsible for the creation of GMOs, leading to debates about their implications GMOS. GENETIC ENGINEERING The accessibility and application of genetic engineering could exacerbate social inequalities SOCIAL INEQUALITIES. GENETIC ENGINEERING Genetic engineering directly involves the manipulation of genetic traits, raising ethical and social concerns GENETIC TRAITS. GENETIC ENGINEERING The impact of genetic enhancements could extend to educational opportunities and achievements EDUCATION. GENETIC ENGINEERING The application of genetic engineering has potential consequences for the environment, necessitating careful consideration ENVIRONMENT. GENETIC ENGINEERING Genetic engineering is used to create genetically modified crops with specific traits GENETICALLY MODIFIED CROPS. GENETIC ENGINEERING Genetic engineering, a field with significant potential, has made the creation of designer babies possible. This advancement has led to ethical debates surrounding the implications and consequences of designing babies with specific traits. Genetic engineering's ability to enable the creation of designer babies highlights both its potential and the complex ethical considerations it brings to the forefront of modern science and society. DESIGNER BABIES. GENETIC ENGINEERING Policymakers play a crucial role in regulating genetic engineering and addressing its ethical implications POLICYMAKERS. GENETIC ENGINEERING Genetic engineering could influence the distribution of opportunities across society OPPORTUNITIES. GENETIC ENGINEERING Scientists are at the forefront of research and ethical discussions in genetic engineering SCIENTISTS. GENETIC ENGINEERING Genetic engineering is applied to produce genetically engineered animals for various purposes GENETICALLY ENGINEERED ANIMALS. GENETIC ENGINEERING The advancement and accessibility of genetic engineering technologies raise concerns about social justice and equity SOCIAL JUSTICE. GENETIC ENGINEERING The field of genetic engineering intersects with ethical considerations regarding the value and commodification of human life HUMAN LIFE. GENETIC ENGINEERING Genetic engineering has significant implications for human health, with the potential to both improve and raise ethical concerns HEALTH. GENETIC TECHNOLOGIES Access to genetic technologies may be disproportionately available to the wealthy, affecting social equity WEALTHY.",
    "evaluation": 1
  },
  {
    "correct_answer": "Genetically modified organisms have sparked debates about safety for human consumption.",
    "retrieved_context": "GENETIC ENGINEERING Genetic engineering is responsible for the creation of GMOs, leading to debates about their implications GMOS. GENETIC ENGINEERING The accessibility and application of genetic engineering could exacerbate social inequalities SOCIAL INEQUALITIES. GENETIC ENGINEERING Genetic engineering directly involves the manipulation of genetic traits, raising ethical and social concerns GENETIC TRAITS. GENETIC ENGINEERING The impact of genetic enhancements could extend to educational opportunities and achievements EDUCATION. GENETIC ENGINEERING The application of genetic engineering has potential consequences for the environment, necessitating careful consideration ENVIRONMENT. GENETIC ENGINEERING Genetic engineering is used to create genetically modified crops with specific traits GENETICALLY MODIFIED CROPS. GENETIC ENGINEERING Genetic engineering, a field with significant potential, has made the creation of designer babies possible. This advancement has led to ethical debates surrounding the implications and consequences of designing babies with specific traits. Genetic engineering's ability to enable the creation of designer babies highlights both its potential and the complex ethical considerations it brings to the forefront of modern science and society. DESIGNER BABIES. GENETIC ENGINEERING Policymakers play a crucial role in regulating genetic engineering and addressing its ethical implications POLICYMAKERS. GENETIC ENGINEERING Genetic engineering could influence the distribution of opportunities across society OPPORTUNITIES. GENETIC ENGINEERING Scientists are at the forefront of research and ethical discussions in genetic engineering SCIENTISTS. GENETIC ENGINEERING Genetic engineering is applied to produce genetically engineered animals for various purposes GENETICALLY ENGINEERED ANIMALS. GENETIC ENGINEERING The advancement and accessibility of genetic engineering technologies raise concerns about social justice and equity SOCIAL JUSTICE. GENETIC ENGINEERING The field of genetic engineering intersects with ethical considerations regarding the value and commodification of human life HUMAN LIFE. GENETIC ENGINEERING Genetic engineering has significant implications for human health, with the potential to both improve and raise ethical concerns HEALTH. GENETIC TECHNOLOGIES Access to genetic technologies may be disproportionately available to the wealthy, affecting social equity WEALTHY.",
    "evaluation": 0
  },
  {
    "correct_answer": "Genetic engineering raises concerns about consent and autonomy.",
    "retrieved_context": "GENETIC ENGINEERING Genetic engineering is responsible for the creation of GMOs, leading to debates about their implications GMOS. GENETIC ENGINEERING The accessibility and application of genetic engineering could exacerbate social inequalities SOCIAL INEQUALITIES. GENETIC ENGINEERING Genetic engineering directly involves the manipulation of genetic traits, raising ethical and social concerns GENETIC TRAITS. GENETIC ENGINEERING The impact of genetic enhancements could extend to educational opportunities and achievements EDUCATION. GENETIC ENGINEERING The application of genetic engineering has potential consequences for the environment, necessitating careful consideration ENVIRONMENT. GENETIC ENGINEERING Genetic engineering is used to create genetically modified crops with specific traits GENETICALLY MODIFIED CROPS. GENETIC ENGINEERING Genetic engineering, a field with significant potential, has made the creation of designer babies possible. This advancement has led to ethical debates surrounding the implications and consequences of designing babies with specific traits. Genetic engineering's ability to enable the creation of designer babies highlights both its potential and the complex ethical considerations it brings to the forefront of modern science and society. DESIGNER BABIES. GENETIC ENGINEERING Policymakers play a crucial role in regulating genetic engineering and addressing its ethical implications POLICYMAKERS. GENETIC ENGINEERING Genetic engineering could influence the distribution of opportunities across society OPPORTUNITIES. GENETIC ENGINEERING Scientists are at the forefront of research and ethical discussions in genetic engineering SCIENTISTS. GENETIC ENGINEERING Genetic engineering is applied to produce genetically engineered animals for various purposes GENETICALLY ENGINEERED ANIMALS. GENETIC ENGINEERING The advancement and accessibility of genetic engineering technologies raise concerns about social justice and equity SOCIAL JUSTICE. GENETIC ENGINEERING The field of genetic engineering intersects with ethical considerations regarding the value and commodification of human life HUMAN LIFE. GENETIC ENGINEERING Genetic engineering has significant implications for human health, with the potential to both improve and raise ethical concerns HEALTH. GENETIC TECHNOLOGIES Access to genetic technologies may be disproportionately available to the wealthy, affecting social equity WEALTHY.",
    "evaluation": 0
  },
  {
    "correct_answer": "Genetic engineering risks infringing on individuals' rights to make informed decisions.",
    "retrieved_context": "GENETIC ENGINEERING Genetic engineering is responsible for the creation of GMOs, leading to debates about their implications GMOS. GENETIC ENGINEERING The accessibility and application of genetic engineering could exacerbate social inequalities SOCIAL INEQUALITIES. GENETIC ENGINEERING Genetic engineering directly involves the manipulation of genetic traits, raising ethical and social concerns GENETIC TRAITS. GENETIC ENGINEERING The impact of genetic enhancements could extend to educational opportunities and achievements EDUCATION. GENETIC ENGINEERING The application of genetic engineering has potential consequences for the environment, necessitating careful consideration ENVIRONMENT. GENETIC ENGINEERING Genetic engineering is used to create genetically modified crops with specific traits GENETICALLY MODIFIED CROPS. GENETIC ENGINEERING Genetic engineering, a field with significant potential, has made the creation of designer babies possible. This advancement has led to ethical debates surrounding the implications and consequences of designing babies with specific traits. Genetic engineering's ability to enable the creation of designer babies highlights both its potential and the complex ethical considerations it brings to the forefront of modern science and society. DESIGNER BABIES. GENETIC ENGINEERING Policymakers play a crucial role in regulating genetic engineering and addressing its ethical implications POLICYMAKERS. GENETIC ENGINEERING Genetic engineering could influence the distribution of opportunities across society OPPORTUNITIES. GENETIC ENGINEERING Scientists are at the forefront of research and ethical discussions in genetic engineering SCIENTISTS. GENETIC ENGINEERING Genetic engineering is applied to produce genetically engineered animals for various purposes GENETICALLY ENGINEERED ANIMALS. GENETIC ENGINEERING The advancement and accessibility of genetic engineering technologies raise concerns about social justice and equity SOCIAL JUSTICE. GENETIC ENGINEERING The field of genetic engineering intersects with ethical considerations regarding the value and commodification of human life HUMAN LIFE. GENETIC ENGINEERING Genetic engineering has significant implications for human health, with the potential to both improve and raise ethical concerns HEALTH. GENETIC TECHNOLOGIES Access to genetic technologies may be disproportionately available to the wealthy, affecting social equity WEALTHY.",
    "evaluation": 0
  },
  {
    "correct_answer": "Genetic engineering raises concerns about social justice and equity.",
    "retrieved_context": "GENETIC ENGINEERING Genetic engineering is responsible for the creation of GMOs, leading to debates about their implications GMOS. GENETIC ENGINEERING The accessibility and application of genetic engineering could exacerbate social inequalities SOCIAL INEQUALITIES. GENETIC ENGINEERING Genetic engineering directly involves the manipulation of genetic traits, raising ethical and social concerns GENETIC TRAITS. GENETIC ENGINEERING The impact of genetic enhancements could extend to educational opportunities and achievements EDUCATION. GENETIC ENGINEERING The application of genetic engineering has potential consequences for the environment, necessitating careful consideration ENVIRONMENT. GENETIC ENGINEERING Genetic engineering is used to create genetically modified crops with specific traits GENETICALLY MODIFIED CROPS. GENETIC ENGINEERING Genetic engineering, a field with significant potential, has made the creation of designer babies possible. This advancement has led to ethical debates surrounding the implications and consequences of designing babies with specific traits. Genetic engineering's ability to enable the creation of designer babies highlights both its potential and the complex ethical considerations it brings to the forefront of modern science and society. DESIGNER BABIES. GENETIC ENGINEERING Policymakers play a crucial role in regulating genetic engineering and addressing its ethical implications POLICYMAKERS. GENETIC ENGINEERING Genetic engineering could influence the distribution of opportunities across society OPPORTUNITIES. GENETIC ENGINEERING Scientists are at the forefront of research and ethical discussions in genetic engineering SCIENTISTS. GENETIC ENGINEERING Genetic engineering is applied to produce genetically engineered animals for various purposes GENETICALLY ENGINEERED ANIMALS. GENETIC ENGINEERING The advancement and accessibility of genetic engineering technologies raise concerns about social justice and equity SOCIAL JUSTICE. GENETIC ENGINEERING The field of genetic engineering intersects with ethical considerations regarding the value and commodification of human life HUMAN LIFE. GENETIC ENGINEERING Genetic engineering has significant implications for human health, with the potential to both improve and raise ethical concerns HEALTH. GENETIC TECHNOLOGIES Access to genetic technologies may be disproportionately available to the wealthy, affecting social equity WEALTHY.",
    "evaluation": 1
  },
  {
    "correct_answer": "Genetic technologies could widen the gap between those who can afford enhancements.",
    "retrieved_context": "GENETIC TECHNOLOGIES Access to genetic technologies may be disproportionately available to the wealthy, affecting social equity WEALTHY. GENETIC ENGINEERING Genetic engineering is responsible for the creation of GMOs, leading to debates about their implications GMOS. GENETIC ENGINEERING The accessibility and application of genetic engineering could exacerbate social inequalities SOCIAL INEQUALITIES. GENETIC ENGINEERING Genetic engineering directly involves the manipulation of genetic traits, raising ethical and social concerns GENETIC TRAITS. GENETIC ENGINEERING The impact of genetic enhancements could extend to educational opportunities and achievements EDUCATION. GENETIC ENGINEERING The application of genetic engineering has potential consequences for the environment, necessitating careful consideration ENVIRONMENT. GENETIC ENGINEERING Genetic engineering is used to create genetically modified crops with specific traits GENETICALLY MODIFIED CROPS. GENETIC ENGINEERING Genetic engineering, a field with significant potential, has made the creation of designer babies possible. This advancement has led to ethical debates surrounding the implications and consequences of designing babies with specific traits. Genetic engineering's ability to enable the creation of designer babies highlights both its potential and the complex ethical considerations it brings to the forefront of modern science and society. DESIGNER BABIES. GENETIC ENGINEERING Policymakers play a crucial role in regulating genetic engineering and addressing its ethical implications POLICYMAKERS. GENETIC ENGINEERING Genetic engineering could influence the distribution of opportunities across society OPPORTUNITIES. GENETIC ENGINEERING Scientists are at the forefront of research and ethical discussions in genetic engineering SCIENTISTS. GENETIC ENGINEERING Genetic engineering is applied to produce genetically engineered animals for various purposes GENETICALLY ENGINEERED ANIMALS. GENETIC ENGINEERING The advancement and accessibility of genetic engineering technologies raise concerns about social justice and equity SOCIAL JUSTICE. GENETIC ENGINEERING The field of genetic engineering intersects with ethical considerations regarding the value and commodification of human life HUMAN LIFE. GENETIC ENGINEERING Genetic engineering has significant implications for human health, with the potential to both improve and raise ethical concerns HEALTH.",
    "evaluation": 1
  },
  {
    "correct_answer": "Genetic engineering raises questions about the long-term implications of altering the genetic code.",
    "retrieved_context": "GENETIC ENGINEERING Genetic engineering is responsible for the creation of GMOs, leading to debates about their implications GMOS. GENETIC ENGINEERING The accessibility and application of genetic engineering could exacerbate social inequalities SOCIAL INEQUALITIES. GENETIC ENGINEERING Genetic engineering directly involves the manipulation of genetic traits, raising ethical and social concerns GENETIC TRAITS. GENETIC ENGINEERING The impact of genetic enhancements could extend to educational opportunities and achievements EDUCATION. GENETIC ENGINEERING The application of genetic engineering has potential consequences for the environment, necessitating careful consideration ENVIRONMENT. GENETIC ENGINEERING Genetic engineering is used to create genetically modified crops with specific traits GENETICALLY MODIFIED CROPS. GENETIC ENGINEERING Genetic engineering, a field with significant potential, has made the creation of designer babies possible. This advancement has led to ethical debates surrounding the implications and consequences of designing babies with specific traits. Genetic engineering's ability to enable the creation of designer babies highlights both its potential and the complex ethical considerations it brings to the forefront of modern science and society. DESIGNER BABIES. GENETIC ENGINEERING Policymakers play a crucial role in regulating genetic engineering and addressing its ethical implications POLICYMAKERS. GENETIC ENGINEERING Genetic engineering could influence the distribution of opportunities across society OPPORTUNITIES. GENETIC ENGINEERING Scientists are at the forefront of research and ethical discussions in genetic engineering SCIENTISTS. GENETIC ENGINEERING Genetic engineering is applied to produce genetically engineered animals for various purposes GENETICALLY ENGINEERED ANIMALS. GENETIC ENGINEERING The advancement and accessibility of genetic engineering technologies raise concerns about social justice and equity SOCIAL JUSTICE. GENETIC ENGINEERING The field of genetic engineering intersects with ethical considerations regarding the value and commodification of human life HUMAN LIFE. GENETIC ENGINEERING Genetic engineering has significant implications for human health, with the potential to both improve and raise ethical concerns HEALTH. GENETIC TECHNOLOGIES Access to genetic technologies may be disproportionately available to the wealthy, affecting social equity WEALTHY.",
    "evaluation": 1
  },
  {
    "accuracy": "66.67%"
  }
]