[
  {
    "correct_answer": "Rocket requires careful planning",
    "retrieved_context": "ROCKET Electronics are crucial for the guidance, control, and communication of rockets ELECTRONICS. ROCKET The nose cone is a key component of a rocket, designed for aerodynamic efficiency and payload protection NOSE CONE. ROCKET Stability is a critical aspect of rocket design, affecting its ability to maintain a desired flight path STABILITY. ROCKET Careful consideration of weight distribution in a rocket is essential for its stability and performance WEIGHT DISTRIBUTION. ROCKET Rockets are designed to carry payloads, which can vary based on the rocket's purpose and design PAYLOAD. ROCKET A rocket's fuel system is integral to its propulsion and overall functionality FUEL SYSTEM. ROCKET Fins are used on rockets to provide necessary stability during flight FIN. ROCKET Parachutes are employed in rockets for safe recovery of payloads or rocket components PARACHUTE. ROCKET Aspiring aerospace engineers build rockets to apply engineering principles ASPIRING AEROSPACE ENGINEER. ROCKET Students can engage in building rockets as a learning experience STUDENT. ROCKET The design of a rocket takes into account aerodynamics to ensure stability and efficiency in flight AERODYNAMICS. ROCKET Rockets can be built as part of a science project to demonstrate principles of physics and engineering SCIENCE PROJECT. ROCKET Guidance and control systems are essential for directing a rocket's flight path GUIDANCE AND CONTROL. ROCKET Hobbyists engage in building rockets as a leisure activity HOBBYIST.",
    "evaluation": 1
  },
  {
    "correct_answer": "Rocket requires precise engineering",
    "retrieved_context": "ROCKET Electronics are crucial for the guidance, control, and communication of rockets ELECTRONICS. ROCKET The nose cone is a key component of a rocket, designed for aerodynamic efficiency and payload protection NOSE CONE. ROCKET Stability is a critical aspect of rocket design, affecting its ability to maintain a desired flight path STABILITY. ROCKET Careful consideration of weight distribution in a rocket is essential for its stability and performance WEIGHT DISTRIBUTION. ROCKET Rockets are designed to carry payloads, which can vary based on the rocket's purpose and design PAYLOAD. ROCKET A rocket's fuel system is integral to its propulsion and overall functionality FUEL SYSTEM. ROCKET Fins are used on rockets to provide necessary stability during flight FIN. ROCKET Parachutes are employed in rockets for safe recovery of payloads or rocket components PARACHUTE. ROCKET Aspiring aerospace engineers build rockets to apply engineering principles ASPIRING AEROSPACE ENGINEER. ROCKET Students can engage in building rockets as a learning experience STUDENT. ROCKET The design of a rocket takes into account aerodynamics to ensure stability and efficiency in flight AERODYNAMICS. ROCKET Rockets can be built as part of a science project to demonstrate principles of physics and engineering SCIENCE PROJECT. ROCKET Guidance and control systems are essential for directing a rocket's flight path GUIDANCE AND CONTROL. ROCKET Hobbyists engage in building rockets as a leisure activity HOBBYIST. LIQUID FUEL ENGINES Liquid fuel engines and hybrid engines are related as types of propulsion systems in rockets HYBRID ENGINES. SOLID FUEL ENGINES Both solid fuel engines and liquid fuel engines are types of propulsion systems used in rockets LIQUID FUEL ENGINES. SOLID FUEL ENGINES Solid fuel engines and hybrid engines are related as types of propulsion systems in rockets HYBRID ENGINES. HYBRID ENGINES Hybrid engines and electric propulsion represent advanced propulsion systems in rockets ELECTRIC PROPULSION. LIQUID FUEL ENGINES Liquid fuel engines and hybrid engines are related as types of propulsion systems in rockets HYBRID ENGINES. HYBRID ENGINES Hybrid engines and electric propulsion represent advanced propulsion systems in rockets ELECTRIC PROPULSION. HYBRID ENGINES Hybrid engines and electric propulsion represent advanced propulsion systems in rockets ELECTRIC PROPULSION.",
    "evaluation": 1
  },
  {
    "correct_answer": "Rocket requires understanding of physics",
    "retrieved_context": "ROCKET Electronics are crucial for the guidance, control, and communication of rockets ELECTRONICS. ROCKET The nose cone is a key component of a rocket, designed for aerodynamic efficiency and payload protection NOSE CONE. ROCKET Stability is a critical aspect of rocket design, affecting its ability to maintain a desired flight path STABILITY. ROCKET Careful consideration of weight distribution in a rocket is essential for its stability and performance WEIGHT DISTRIBUTION. ROCKET Rockets are designed to carry payloads, which can vary based on the rocket's purpose and design PAYLOAD. ROCKET A rocket's fuel system is integral to its propulsion and overall functionality FUEL SYSTEM. ROCKET Fins are used on rockets to provide necessary stability during flight FIN. ROCKET Parachutes are employed in rockets for safe recovery of payloads or rocket components PARACHUTE. ROCKET Aspiring aerospace engineers build rockets to apply engineering principles ASPIRING AEROSPACE ENGINEER. ROCKET Students can engage in building rockets as a learning experience STUDENT. ROCKET The design of a rocket takes into account aerodynamics to ensure stability and efficiency in flight AERODYNAMICS. ROCKET Rockets can be built as part of a science project to demonstrate principles of physics and engineering SCIENCE PROJECT. ROCKET Guidance and control systems are essential for directing a rocket's flight path GUIDANCE AND CONTROL. ROCKET Hobbyists engage in building rockets as a leisure activity HOBBYIST. LIQUID FUEL ENGINES Liquid fuel engines and hybrid engines are related as types of propulsion systems in rockets HYBRID ENGINES. SOLID FUEL ENGINES Both solid fuel engines and liquid fuel engines are types of propulsion systems used in rockets LIQUID FUEL ENGINES. SOLID FUEL ENGINES Solid fuel engines and hybrid engines are related as types of propulsion systems in rockets HYBRID ENGINES. HYBRID ENGINES Hybrid engines and electric propulsion represent advanced propulsion systems in rockets ELECTRIC PROPULSION. LIQUID FUEL ENGINES Liquid fuel engines and hybrid engines are related as types of propulsion systems in rockets HYBRID ENGINES. HYBRID ENGINES Hybrid engines and electric propulsion represent advanced propulsion systems in rockets ELECTRIC PROPULSION. HYBRID ENGINES Hybrid engines and electric propulsion represent advanced propulsion systems in rockets ELECTRIC PROPULSION.",
    "evaluation": 1
  },
  {
    "correct_answer": "Rocket requires understanding of materials science",
    "retrieved_context": "ROCKET Electronics are crucial for the guidance, control, and communication of rockets ELECTRONICS. ROCKET The nose cone is a key component of a rocket, designed for aerodynamic efficiency and payload protection NOSE CONE. ROCKET Stability is a critical aspect of rocket design, affecting its ability to maintain a desired flight path STABILITY. ROCKET Careful consideration of weight distribution in a rocket is essential for its stability and performance WEIGHT DISTRIBUTION. ROCKET Rockets are designed to carry payloads, which can vary based on the rocket's purpose and design PAYLOAD. ROCKET A rocket's fuel system is integral to its propulsion and overall functionality FUEL SYSTEM. ROCKET Fins are used on rockets to provide necessary stability during flight FIN. ROCKET Parachutes are employed in rockets for safe recovery of payloads or rocket components PARACHUTE. ROCKET Aspiring aerospace engineers build rockets to apply engineering principles ASPIRING AEROSPACE ENGINEER. ROCKET Students can engage in building rockets as a learning experience STUDENT. ROCKET The design of a rocket takes into account aerodynamics to ensure stability and efficiency in flight AERODYNAMICS. ROCKET Rockets can be built as part of a science project to demonstrate principles of physics and engineering SCIENCE PROJECT. ROCKET Guidance and control systems are essential for directing a rocket's flight path GUIDANCE AND CONTROL. ROCKET Hobbyists engage in building rockets as a leisure activity HOBBYIST. LIQUID FUEL ENGINES Liquid fuel engines and hybrid engines are related as types of propulsion systems in rockets HYBRID ENGINES. SOLID FUEL ENGINES Both solid fuel engines and liquid fuel engines are types of propulsion systems used in rockets LIQUID FUEL ENGINES. SOLID FUEL ENGINES Solid fuel engines and hybrid engines are related as types of propulsion systems in rockets HYBRID ENGINES. HYBRID ENGINES Hybrid engines and electric propulsion represent advanced propulsion systems in rockets ELECTRIC PROPULSION. LIQUID FUEL ENGINES Liquid fuel engines and hybrid engines are related as types of propulsion systems in rockets HYBRID ENGINES. HYBRID ENGINES Hybrid engines and electric propulsion represent advanced propulsion systems in rockets ELECTRIC PROPULSION.",
    "evaluation": 0
  },
  {
    "correct_answer": "Rockets have been instrumental in space exploration",
    "retrieved_context": "ROCKET Electronics are crucial for the guidance, control, and communication of rockets ELECTRONICS. ROCKET The nose cone is a key component of a rocket, designed for aerodynamic efficiency and payload protection NOSE CONE. ROCKET Stability is a critical aspect of rocket design, affecting its ability to maintain a desired flight path STABILITY. ROCKET Careful consideration of weight distribution in a rocket is essential for its stability and performance WEIGHT DISTRIBUTION. ROCKET Rockets are designed to carry payloads, which can vary based on the rocket's purpose and design PAYLOAD. ROCKET A rocket's fuel system is integral to its propulsion and overall functionality FUEL SYSTEM. ROCKET Fins are used on rockets to provide necessary stability during flight FIN. ROCKET Parachutes are employed in rockets for safe recovery of payloads or rocket components PARACHUTE. ROCKET Aspiring aerospace engineers build rockets to apply engineering principles ASPIRING AEROSPACE ENGINEER. ROCKET Students can engage in building rockets as a learning experience STUDENT. ROCKET The design of a rocket takes into account aerodynamics to ensure stability and efficiency in flight AERODYNAMICS. ROCKET Rockets can be built as part of a science project to demonstrate principles of physics and engineering SCIENCE PROJECT. ROCKET Guidance and control systems are essential for directing a rocket's flight path GUIDANCE AND CONTROL. ROCKET Hobbyists engage in building rockets as a leisure activity HOBBYIST. LIQUID FUEL ENGINES Liquid fuel engines and hybrid engines are related as types of propulsion systems in rockets HYBRID ENGINES. HYBRID ENGINES Hybrid engines and electric propulsion represent advanced propulsion systems in rockets ELECTRIC PROPULSION. LIQUID FUEL ENGINES Liquid fuel engines and hybrid engines are related as types of propulsion systems in rockets HYBRID ENGINES. SOLID FUEL ENGINES Both solid fuel engines and liquid fuel engines are types of propulsion systems used in rockets LIQUID FUEL ENGINES. SOLID FUEL ENGINES Solid fuel engines and hybrid engines are related as types of propulsion systems in rockets HYBRID ENGINES. HYBRID ENGINES Hybrid engines and electric propulsion represent advanced propulsion systems in rockets ELECTRIC PROPULSION. HYBRID ENGINES Hybrid engines and electric propulsion represent advanced propulsion systems in rockets ELECTRIC PROPULSION.",
    "evaluation": 0
  },
  {
    "correct_answer": "Building a rocket can be rewarding",
    "retrieved_context": "ROCKET Electronics are crucial for the guidance, control, and communication of rockets ELECTRONICS. ROCKET The nose cone is a key component of a rocket, designed for aerodynamic efficiency and payload protection NOSE CONE. ROCKET Stability is a critical aspect of rocket design, affecting its ability to maintain a desired flight path STABILITY. ROCKET Careful consideration of weight distribution in a rocket is essential for its stability and performance WEIGHT DISTRIBUTION. ROCKET Rockets are designed to carry payloads, which can vary based on the rocket's purpose and design PAYLOAD. ROCKET A rocket's fuel system is integral to its propulsion and overall functionality FUEL SYSTEM. ROCKET Fins are used on rockets to provide necessary stability during flight FIN. ROCKET Parachutes are employed in rockets for safe recovery of payloads or rocket components PARACHUTE. ROCKET Aspiring aerospace engineers build rockets to apply engineering principles ASPIRING AEROSPACE ENGINEER. ROCKET Students can engage in building rockets as a learning experience STUDENT. ROCKET The design of a rocket takes into account aerodynamics to ensure stability and efficiency in flight AERODYNAMICS. ROCKET Rockets can be built as part of a science project to demonstrate principles of physics and engineering SCIENCE PROJECT. ROCKET Guidance and control systems are essential for directing a rocket's flight path GUIDANCE AND CONTROL. ROCKET Hobbyists engage in building rockets as a leisure activity HOBBYIST. LIQUID FUEL ENGINES Liquid fuel engines and hybrid engines are related as types of propulsion systems in rockets HYBRID ENGINES. SOLID FUEL ENGINES Both solid fuel engines and liquid fuel engines are types of propulsion systems used in rockets LIQUID FUEL ENGINES. SOLID FUEL ENGINES Solid fuel engines and hybrid engines are related as types of propulsion systems in rockets HYBRID ENGINES. HYBRID ENGINES Hybrid engines and electric propulsion represent advanced propulsion systems in rockets ELECTRIC PROPULSION. LIQUID FUEL ENGINES Liquid fuel engines and hybrid engines are related as types of propulsion systems in rockets HYBRID ENGINES. HYBRID ENGINES Hybrid engines and electric propulsion represent advanced propulsion systems in rockets ELECTRIC PROPULSION.",
    "evaluation": 0
  },
  {
    "correct_answer": "Building a rocket can be educational",
    "retrieved_context": "ROCKET Electronics are crucial for the guidance, control, and communication of rockets ELECTRONICS. ROCKET The nose cone is a key component of a rocket, designed for aerodynamic efficiency and payload protection NOSE CONE. ROCKET Stability is a critical aspect of rocket design, affecting its ability to maintain a desired flight path STABILITY. ROCKET Careful consideration of weight distribution in a rocket is essential for its stability and performance WEIGHT DISTRIBUTION. ROCKET Rockets are designed to carry payloads, which can vary based on the rocket's purpose and design PAYLOAD. ROCKET A rocket's fuel system is integral to its propulsion and overall functionality FUEL SYSTEM. ROCKET Fins are used on rockets to provide necessary stability during flight FIN. ROCKET Parachutes are employed in rockets for safe recovery of payloads or rocket components PARACHUTE. ROCKET Aspiring aerospace engineers build rockets to apply engineering principles ASPIRING AEROSPACE ENGINEER. ROCKET Students can engage in building rockets as a learning experience STUDENT. ROCKET The design of a rocket takes into account aerodynamics to ensure stability and efficiency in flight AERODYNAMICS. ROCKET Rockets can be built as part of a science project to demonstrate principles of physics and engineering SCIENCE PROJECT. ROCKET Guidance and control systems are essential for directing a rocket's flight path GUIDANCE AND CONTROL. ROCKET Hobbyists engage in building rockets as a leisure activity HOBBYIST. LIQUID FUEL ENGINES Liquid fuel engines and hybrid engines are related as types of propulsion systems in rockets HYBRID ENGINES. SOLID FUEL ENGINES Both solid fuel engines and liquid fuel engines are types of propulsion systems used in rockets LIQUID FUEL ENGINES. SOLID FUEL ENGINES Solid fuel engines and hybrid engines are related as types of propulsion systems in rockets HYBRID ENGINES. HYBRID ENGINES Hybrid engines and electric propulsion represent advanced propulsion systems in rockets ELECTRIC PROPULSION. LIQUID FUEL ENGINES Liquid fuel engines and hybrid engines are related as types of propulsion systems in rockets HYBRID ENGINES. HYBRID ENGINES Hybrid engines and electric propulsion represent advanced propulsion systems in rockets ELECTRIC PROPULSION. HYBRID ENGINES Hybrid engines and electric propulsion represent advanced propulsion systems in rockets ELECTRIC PROPULSION.",
    "evaluation": 1
  },
  {
    "correct_answer": "Rocket building involves defining purpose and requirements",
    "retrieved_context": "ROCKET Electronics are crucial for the guidance, control, and communication of rockets ELECTRONICS. ROCKET The nose cone is a key component of a rocket, designed for aerodynamic efficiency and payload protection NOSE CONE. ROCKET Stability is a critical aspect of rocket design, affecting its ability to maintain a desired flight path STABILITY. ROCKET Careful consideration of weight distribution in a rocket is essential for its stability and performance WEIGHT DISTRIBUTION. ROCKET Rockets are designed to carry payloads, which can vary based on the rocket's purpose and design PAYLOAD. ROCKET A rocket's fuel system is integral to its propulsion and overall functionality FUEL SYSTEM. ROCKET Fins are used on rockets to provide necessary stability during flight FIN. ROCKET Parachutes are employed in rockets for safe recovery of payloads or rocket components PARACHUTE. ROCKET Aspiring aerospace engineers build rockets to apply engineering principles ASPIRING AEROSPACE ENGINEER. ROCKET Students can engage in building rockets as a learning experience STUDENT. ROCKET The design of a rocket takes into account aerodynamics to ensure stability and efficiency in flight AERODYNAMICS. ROCKET Rockets can be built as part of a science project to demonstrate principles of physics and engineering SCIENCE PROJECT. ROCKET Guidance and control systems are essential for directing a rocket's flight path GUIDANCE AND CONTROL. ROCKET Hobbyists engage in building rockets as a leisure activity HOBBYIST. LIQUID FUEL ENGINES Liquid fuel engines and hybrid engines are related as types of propulsion systems in rockets HYBRID ENGINES. SOLID FUEL ENGINES Both solid fuel engines and liquid fuel engines are types of propulsion systems used in rockets LIQUID FUEL ENGINES. SOLID FUEL ENGINES Solid fuel engines and hybrid engines are related as types of propulsion systems in rockets HYBRID ENGINES. HYBRID ENGINES Hybrid engines and electric propulsion represent advanced propulsion systems in rockets ELECTRIC PROPULSION. HYBRID ENGINES Hybrid engines and electric propulsion represent advanced propulsion systems in rockets ELECTRIC PROPULSION.",
    "evaluation": 0
  },
  {
    "correct_answer": "Rocket building involves designing the rocket",
    "retrieved_context": "ROCKET Electronics are crucial for the guidance, control, and communication of rockets ELECTRONICS. ROCKET The nose cone is a key component of a rocket, designed for aerodynamic efficiency and payload protection NOSE CONE. ROCKET Stability is a critical aspect of rocket design, affecting its ability to maintain a desired flight path STABILITY. ROCKET Careful consideration of weight distribution in a rocket is essential for its stability and performance WEIGHT DISTRIBUTION. ROCKET Rockets are designed to carry payloads, which can vary based on the rocket's purpose and design PAYLOAD. ROCKET A rocket's fuel system is integral to its propulsion and overall functionality FUEL SYSTEM. ROCKET Fins are used on rockets to provide necessary stability during flight FIN. ROCKET Parachutes are employed in rockets for safe recovery of payloads or rocket components PARACHUTE. ROCKET Aspiring aerospace engineers build rockets to apply engineering principles ASPIRING AEROSPACE ENGINEER. ROCKET Students can engage in building rockets as a learning experience STUDENT. ROCKET The design of a rocket takes into account aerodynamics to ensure stability and efficiency in flight AERODYNAMICS. ROCKET Rockets can be built as part of a science project to demonstrate principles of physics and engineering SCIENCE PROJECT. ROCKET Guidance and control systems are essential for directing a rocket's flight path GUIDANCE AND CONTROL. ROCKET Hobbyists engage in building rockets as a leisure activity HOBBYIST. HYBRID ENGINES Hybrid engines and electric propulsion represent advanced propulsion systems in rockets ELECTRIC PROPULSION. LIQUID FUEL ENGINES Liquid fuel engines and hybrid engines are related as types of propulsion systems in rockets HYBRID ENGINES. SOLID FUEL ENGINES Both solid fuel engines and liquid fuel engines are types of propulsion systems used in rockets LIQUID FUEL ENGINES. SOLID FUEL ENGINES Solid fuel engines and hybrid engines are related as types of propulsion systems in rockets HYBRID ENGINES. HYBRID ENGINES Hybrid engines and electric propulsion represent advanced propulsion systems in rockets ELECTRIC PROPULSION. LIQUID FUEL ENGINES Liquid fuel engines and hybrid engines are related as types of propulsion systems in rockets HYBRID ENGINES. HYBRID ENGINES Hybrid engines and electric propulsion represent advanced propulsion systems in rockets ELECTRIC PROPULSION.",
    "evaluation": 1
  },
  {
    "correct_answer": "Rocket building involves gathering materials and components",
    "retrieved_context": "ROCKET Electronics are crucial for the guidance, control, and communication of rockets ELECTRONICS. ROCKET The nose cone is a key component of a rocket, designed for aerodynamic efficiency and payload protection NOSE CONE. ROCKET Stability is a critical aspect of rocket design, affecting its ability to maintain a desired flight path STABILITY. ROCKET Careful consideration of weight distribution in a rocket is essential for its stability and performance WEIGHT DISTRIBUTION. ROCKET Rockets are designed to carry payloads, which can vary based on the rocket's purpose and design PAYLOAD. ROCKET A rocket's fuel system is integral to its propulsion and overall functionality FUEL SYSTEM. ROCKET Fins are used on rockets to provide necessary stability during flight FIN. ROCKET Parachutes are employed in rockets for safe recovery of payloads or rocket components PARACHUTE. ROCKET Aspiring aerospace engineers build rockets to apply engineering principles ASPIRING AEROSPACE ENGINEER. ROCKET Students can engage in building rockets as a learning experience STUDENT. ROCKET The design of a rocket takes into account aerodynamics to ensure stability and efficiency in flight AERODYNAMICS. ROCKET Rockets can be built as part of a science project to demonstrate principles of physics and engineering SCIENCE PROJECT. ROCKET Guidance and control systems are essential for directing a rocket's flight path GUIDANCE AND CONTROL. ROCKET Hobbyists engage in building rockets as a leisure activity HOBBYIST. LIQUID FUEL ENGINES Liquid fuel engines and hybrid engines are related as types of propulsion systems in rockets HYBRID ENGINES. SOLID FUEL ENGINES Both solid fuel engines and liquid fuel engines are types of propulsion systems used in rockets LIQUID FUEL ENGINES. SOLID FUEL ENGINES Solid fuel engines and hybrid engines are related as types of propulsion systems in rockets HYBRID ENGINES. HYBRID ENGINES Hybrid engines and electric propulsion represent advanced propulsion systems in rockets ELECTRIC PROPULSION. FIBERGLASS Both aluminum and fiberglass are used as materials in the construction of rocket bodies ALUMINUM.",
    "evaluation": 0
  },
  {
    "correct_answer": "Rocket body is typically constructed from lightweight materials",
    "retrieved_context": "ROCKET Electronics are crucial for the guidance, control, and communication of rockets ELECTRONICS. ROCKET The nose cone is a key component of a rocket, designed for aerodynamic efficiency and payload protection NOSE CONE. ROCKET Stability is a critical aspect of rocket design, affecting its ability to maintain a desired flight path STABILITY. ROCKET Careful consideration of weight distribution in a rocket is essential for its stability and performance WEIGHT DISTRIBUTION. ROCKET Rockets are designed to carry payloads, which can vary based on the rocket's purpose and design PAYLOAD. ROCKET A rocket's fuel system is integral to its propulsion and overall functionality FUEL SYSTEM. ROCKET Fins are used on rockets to provide necessary stability during flight FIN. ROCKET Parachutes are employed in rockets for safe recovery of payloads or rocket components PARACHUTE. ROCKET Aspiring aerospace engineers build rockets to apply engineering principles ASPIRING AEROSPACE ENGINEER. ROCKET Students can engage in building rockets as a learning experience STUDENT. ROCKET The design of a rocket takes into account aerodynamics to ensure stability and efficiency in flight AERODYNAMICS. ROCKET Rockets can be built as part of a science project to demonstrate principles of physics and engineering SCIENCE PROJECT. ROCKET Guidance and control systems are essential for directing a rocket's flight path GUIDANCE AND CONTROL. ROCKET Hobbyists engage in building rockets as a leisure activity HOBBYIST. LIQUID FUEL ENGINES Liquid fuel engines and hybrid engines are related as types of propulsion systems in rockets HYBRID ENGINES. SOLID FUEL ENGINES Both solid fuel engines and liquid fuel engines are types of propulsion systems used in rockets LIQUID FUEL ENGINES. SOLID FUEL ENGINES Solid fuel engines and hybrid engines are related as types of propulsion systems in rockets HYBRID ENGINES. HYBRID ENGINES Hybrid engines and electric propulsion represent advanced propulsion systems in rockets ELECTRIC PROPULSION. FIBERGLASS Both aluminum and fiberglass are used as materials in the construction of rocket bodies ALUMINUM.",
    "evaluation": 1
  },
  {
    "correct_answer": "Propulsion system provides thrust to the rocket",
    "retrieved_context": "ROCKET Electronics are crucial for the guidance, control, and communication of rockets ELECTRONICS. ROCKET The nose cone is a key component of a rocket, designed for aerodynamic efficiency and payload protection NOSE CONE. ROCKET Stability is a critical aspect of rocket design, affecting its ability to maintain a desired flight path STABILITY. ROCKET Careful consideration of weight distribution in a rocket is essential for its stability and performance WEIGHT DISTRIBUTION. ROCKET Rockets are designed to carry payloads, which can vary based on the rocket's purpose and design PAYLOAD. ROCKET A rocket's fuel system is integral to its propulsion and overall functionality FUEL SYSTEM. ROCKET Fins are used on rockets to provide necessary stability during flight FIN. ROCKET Parachutes are employed in rockets for safe recovery of payloads or rocket components PARACHUTE. ROCKET Aspiring aerospace engineers build rockets to apply engineering principles ASPIRING AEROSPACE ENGINEER. ROCKET Students can engage in building rockets as a learning experience STUDENT. ROCKET The design of a rocket takes into account aerodynamics to ensure stability and efficiency in flight AERODYNAMICS. ROCKET Rockets can be built as part of a science project to demonstrate principles of physics and engineering SCIENCE PROJECT. ROCKET Guidance and control systems are essential for directing a rocket's flight path GUIDANCE AND CONTROL. ROCKET Hobbyists engage in building rockets as a leisure activity HOBBYIST. LIQUID FUEL ENGINES Liquid fuel engines and hybrid engines are related as types of propulsion systems in rockets HYBRID ENGINES. HYBRID ENGINES Hybrid engines and electric propulsion represent advanced propulsion systems in rockets ELECTRIC PROPULSION. HYBRID ENGINES Hybrid engines and electric propulsion represent advanced propulsion systems in rockets ELECTRIC PROPULSION. LIQUID FUEL ENGINES Liquid fuel engines and hybrid engines are related as types of propulsion systems in rockets HYBRID ENGINES. SOLID FUEL ENGINES Both solid fuel engines and liquid fuel engines are types of propulsion systems used in rockets LIQUID FUEL ENGINES. SOLID FUEL ENGINES Solid fuel engines and hybrid engines are related as types of propulsion systems in rockets HYBRID ENGINES. HYBRID ENGINES Hybrid engines and electric propulsion represent advanced propulsion systems in rockets ELECTRIC PROPULSION.",
    "evaluation": 0
  },
  {
    "correct_answer": "Modern rockets use sophisticated electronics and guidance systems",
    "retrieved_context": "ROCKET Electronics are crucial for the guidance, control, and communication of rockets ELECTRONICS. ROCKET The nose cone is a key component of a rocket, designed for aerodynamic efficiency and payload protection NOSE CONE. ROCKET Stability is a critical aspect of rocket design, affecting its ability to maintain a desired flight path STABILITY. ROCKET Careful consideration of weight distribution in a rocket is essential for its stability and performance WEIGHT DISTRIBUTION. ROCKET Rockets are designed to carry payloads, which can vary based on the rocket's purpose and design PAYLOAD. ROCKET A rocket's fuel system is integral to its propulsion and overall functionality FUEL SYSTEM. ROCKET Fins are used on rockets to provide necessary stability during flight FIN. ROCKET Parachutes are employed in rockets for safe recovery of payloads or rocket components PARACHUTE. ROCKET Aspiring aerospace engineers build rockets to apply engineering principles ASPIRING AEROSPACE ENGINEER. ROCKET Students can engage in building rockets as a learning experience STUDENT. ROCKET The design of a rocket takes into account aerodynamics to ensure stability and efficiency in flight AERODYNAMICS. ROCKET Rockets can be built as part of a science project to demonstrate principles of physics and engineering SCIENCE PROJECT. ROCKET Guidance and control systems are essential for directing a rocket's flight path GUIDANCE AND CONTROL. ROCKET Hobbyists engage in building rockets as a leisure activity HOBBYIST. HYBRID ENGINES Hybrid engines and electric propulsion represent advanced propulsion systems in rockets ELECTRIC PROPULSION. LIQUID FUEL ENGINES Liquid fuel engines and hybrid engines are related as types of propulsion systems in rockets HYBRID ENGINES. HYBRID ENGINES Hybrid engines and electric propulsion represent advanced propulsion systems in rockets ELECTRIC PROPULSION.",
    "evaluation": 1
  },
  {
    "correct_answer": "Testing is essential before launching the rocket",
    "retrieved_context": "ROCKET Electronics are crucial for the guidance, control, and communication of rockets ELECTRONICS. ROCKET The nose cone is a key component of a rocket, designed for aerodynamic efficiency and payload protection NOSE CONE. ROCKET Stability is a critical aspect of rocket design, affecting its ability to maintain a desired flight path STABILITY. ROCKET Careful consideration of weight distribution in a rocket is essential for its stability and performance WEIGHT DISTRIBUTION. ROCKET Rockets are designed to carry payloads, which can vary based on the rocket's purpose and design PAYLOAD. ROCKET A rocket's fuel system is integral to its propulsion and overall functionality FUEL SYSTEM. ROCKET Fins are used on rockets to provide necessary stability during flight FIN. ROCKET Parachutes are employed in rockets for safe recovery of payloads or rocket components PARACHUTE. ROCKET Aspiring aerospace engineers build rockets to apply engineering principles ASPIRING AEROSPACE ENGINEER. ROCKET Students can engage in building rockets as a learning experience STUDENT. ROCKET The design of a rocket takes into account aerodynamics to ensure stability and efficiency in flight AERODYNAMICS. ROCKET Rockets can be built as part of a science project to demonstrate principles of physics and engineering SCIENCE PROJECT. ROCKET Guidance and control systems are essential for directing a rocket's flight path GUIDANCE AND CONTROL. ROCKET Hobbyists engage in building rockets as a leisure activity HOBBYIST. HYBRID ENGINES Hybrid engines and electric propulsion represent advanced propulsion systems in rockets ELECTRIC PROPULSION. LIQUID FUEL ENGINES Liquid fuel engines and hybrid engines are related as types of propulsion systems in rockets HYBRID ENGINES. HYBRID ENGINES Hybrid engines and electric propulsion represent advanced propulsion systems in rockets ELECTRIC PROPULSION.",
    "evaluation": 0
  },
  {
    "correct_answer": "Building a rocket requires a deep understanding of science and engineering principles",
    "retrieved_context": "ROCKET Electronics are crucial for the guidance, control, and communication of rockets ELECTRONICS. ROCKET The nose cone is a key component of a rocket, designed for aerodynamic efficiency and payload protection NOSE CONE. ROCKET Stability is a critical aspect of rocket design, affecting its ability to maintain a desired flight path STABILITY. ROCKET Careful consideration of weight distribution in a rocket is essential for its stability and performance WEIGHT DISTRIBUTION. ROCKET Rockets are designed to carry payloads, which can vary based on the rocket's purpose and design PAYLOAD. ROCKET A rocket's fuel system is integral to its propulsion and overall functionality FUEL SYSTEM. ROCKET Fins are used on rockets to provide necessary stability during flight FIN. ROCKET Parachutes are employed in rockets for safe recovery of payloads or rocket components PARACHUTE. ROCKET Aspiring aerospace engineers build rockets to apply engineering principles ASPIRING AEROSPACE ENGINEER. ROCKET Students can engage in building rockets as a learning experience STUDENT. ROCKET The design of a rocket takes into account aerodynamics to ensure stability and efficiency in flight AERODYNAMICS. ROCKET Rockets can be built as part of a science project to demonstrate principles of physics and engineering SCIENCE PROJECT. ROCKET Guidance and control systems are essential for directing a rocket's flight path GUIDANCE AND CONTROL. ROCKET Hobbyists engage in building rockets as a leisure activity HOBBYIST. LIQUID FUEL ENGINES Liquid fuel engines and hybrid engines are related as types of propulsion systems in rockets HYBRID ENGINES. SOLID FUEL ENGINES Both solid fuel engines and liquid fuel engines are types of propulsion systems used in rockets LIQUID FUEL ENGINES. SOLID FUEL ENGINES Solid fuel engines and hybrid engines are related as types of propulsion systems in rockets HYBRID ENGINES. HYBRID ENGINES Hybrid engines and electric propulsion represent advanced propulsion systems in rockets ELECTRIC PROPULSION. LIQUID FUEL ENGINES Liquid fuel engines and hybrid engines are related as types of propulsion systems in rockets HYBRID ENGINES. HYBRID ENGINES Hybrid engines and electric propulsion represent advanced propulsion systems in rockets ELECTRIC PROPULSION. HYBRID ENGINES Hybrid engines and electric propulsion represent advanced propulsion systems in rockets ELECTRIC PROPULSION.",
    "evaluation": 1
  },
  {
    "accuracy": "53.33%"
  }
]