[
  {
    "correct_answer": "Hoaxes have been a part of human history for centuries.",
    "retrieved_context": "SOCIAL TEXT The article was published by Social Text, leading to the Sokal Affair and debates on postmodernist scholarship credibility BOUNDARIES: TOWARDS A TRANSFORMATIVE HERMENEUTICS OF QUANTUM GRAVITY. PILTDOWN MAN Both the Piltdown Man and the War of the Worlds broadcast were hoaxes that challenged established beliefs and tested the boundaries of truth and fiction WAR OF THE WORLDS BROADCAST. PILTDOWN MAN The Piltdown Man hoax misled the scientific community for decades, sparking debate and skepticism about evolutionary theory SCIENTIFIC COMMUNITY. HAN VAN MEEGEREN Hermann Göring purchased a forged Vermeer from Han van Meegeren HERMANN GÖRING.",
    "evaluation": 1
  },
  {
    "correct_answer": "Individuals and groups perpetrate elaborate deceptions for various purposes.",
    "retrieved_context": "ALAN SOKAL Alan Sokal submitted a fake paper to Social Text, which was published, as part of the Sokal Affair SOCIAL TEXT. SOKAL AFFAIR The Sokal Affair was sparked by Social Text's publication of a nonsensical article, leading to a debate on academic credibility SOCIAL TEXT. SOCIAL TEXT The article was published by Social Text, leading to the Sokal Affair and debates on postmodernist scholarship credibility BOUNDARIES: TOWARDS A TRANSFORMATIVE HERMENEUTICS OF QUANTUM GRAVITY. SOKAL AFFAIR Alan Sokal was the physicist behind the Sokal Affair, submitting a fake paper to critique postmodernism ALAN SOKAL. PUBLIC The War of the Worlds radio broadcast caused panic among the public, demonstrating the influence of media on perception WAR OF THE WORLDS RADIO. SOCIAL TEXT The article was published by Social Text, leading to the Sokal Affair and debates on postmodernist scholarship credibility BOUNDARIES: TOWARDS A TRANSFORMATIVE HERMENEUTICS OF QUANTUM GRAVITY. PILTDOWN MAN Both the Piltdown Man and the War of the Worlds broadcast were hoaxes that challenged established beliefs and tested the boundaries of truth and fiction WAR OF THE WORLDS BROADCAST. PILTDOWN MAN The Piltdown Man hoax misled the scientific community for decades, sparking debate and skepticism about evolutionary theory SCIENTIFIC COMMUNITY.",
    "evaluation": 1
  },
  {
    "correct_answer": "Hoaxes often capture the public's imagination.",
    "retrieved_context": "PUBLIC The War of the Worlds radio broadcast caused panic among the public, demonstrating the influence of media on perception WAR OF THE WORLDS RADIO. SOCIAL TEXT The article was published by Social Text, leading to the Sokal Affair and debates on postmodernist scholarship credibility BOUNDARIES: TOWARDS A TRANSFORMATIVE HERMENEUTICS OF QUANTUM GRAVITY. PILTDOWN MAN Both the Piltdown Man and the War of the Worlds broadcast were hoaxes that challenged established beliefs and tested the boundaries of truth and fiction WAR OF THE WORLDS BROADCAST. PILTDOWN MAN The Piltdown Man hoax misled the scientific community for decades, sparking debate and skepticism about evolutionary theory SCIENTIFIC COMMUNITY. HAN VAN MEEGEREN Hermann Göring purchased a forged Vermeer from Han van Meegeren HERMANN GÖRING. CARDIFF GIANT The Cardiff Giant hoax captivated the public and attracted massive crowds before its true nature was uncovered PUBLIC. PUBLIC The War of the Worlds radio broadcast caused panic among the public, demonstrating the influence of media on perception WAR OF THE WORLDS RADIO. CARDIFF GIANT George Hull created the Cardiff Giant as a hoax GEORGE HULL.",
    "evaluation": 1
  },
  {
    "correct_answer": "Hoaxes spark debate about the nature of truth and deception.",
    "retrieved_context": "SOCIAL TEXT The article was published by Social Text, leading to the Sokal Affair and debates on postmodernist scholarship credibility BOUNDARIES: TOWARDS A TRANSFORMATIVE HERMENEUTICS OF QUANTUM GRAVITY. ALAN SOKAL Alan Sokal submitted a fake paper to Social Text, which was published, as part of the Sokal Affair SOCIAL TEXT. SOKAL AFFAIR The Sokal Affair was sparked by Social Text's publication of a nonsensical article, leading to a debate on academic credibility SOCIAL TEXT. SOCIAL TEXT The article was published by Social Text, leading to the Sokal Affair and debates on postmodernist scholarship credibility BOUNDARIES: TOWARDS A TRANSFORMATIVE HERMENEUTICS OF QUANTUM GRAVITY. SOKAL AFFAIR Alan Sokal was the physicist behind the Sokal Affair, submitting a fake paper to critique postmodernism ALAN SOKAL. PILTDOWN MAN Both the Piltdown Man and the War of the Worlds broadcast were hoaxes that challenged established beliefs and tested the boundaries of truth and fiction WAR OF THE WORLDS BROADCAST. PILTDOWN MAN The Piltdown Man hoax misled the scientific community for decades, sparking debate and skepticism about evolutionary theory SCIENTIFIC COMMUNITY. ALAN SOKAL Alan Sokal submitted a fake paper to Social Text, which was published, as part of the Sokal Affair SOCIAL TEXT. SOCIAL TEXT The article was published by Social Text, leading to the Sokal Affair and debates on postmodernist scholarship credibility BOUNDARIES: TOWARDS A TRANSFORMATIVE HERMENEUTICS OF QUANTUM GRAVITY.",
    "evaluation": 1
  },
  {
    "correct_answer": "The Piltdown Man hoax was discovered in England in 1912.",
    "retrieved_context": "PILTDOWN MAN Both the Piltdown Man and the War of the Worlds broadcast were hoaxes that challenged established beliefs and tested the boundaries of truth and fiction WAR OF THE WORLDS BROADCAST. PILTDOWN MAN The Piltdown Man hoax misled the scientific community for decades, sparking debate and skepticism about evolutionary theory SCIENTIFIC COMMUNITY. CARDIFF GIANT The Cardiff Giant hoax captivated the public and attracted massive crowds before its true nature was uncovered PUBLIC. PUBLIC The War of the Worlds radio broadcast caused panic among the public, demonstrating the influence of media on perception WAR OF THE WORLDS RADIO. CARDIFF GIANT George Hull created the Cardiff Giant as a hoax GEORGE HULL. WAR OF THE WORLDS RADIO BROADCAST Orson Welles directed and narrated the War of the Worlds broadcast that caused mass hysteria ORSON WELLES. WAR OF THE WORLDS RADIO BROADCAST The War of the Worlds broadcast was an adaptation of H.G. Wells' novel H.G. WELLS.",
    "evaluation": 0
  },
  {
    "correct_answer": "The Piltdown Man was a supposed missing link between humans and apes.",
    "retrieved_context": "PILTDOWN MAN Both the Piltdown Man and the War of the Worlds broadcast were hoaxes that challenged established beliefs and tested the boundaries of truth and fiction WAR OF THE WORLDS BROADCAST. PILTDOWN MAN The Piltdown Man hoax misled the scientific community for decades, sparking debate and skepticism about evolutionary theory SCIENTIFIC COMMUNITY.",
    "evaluation": 0
  },
  {
    "correct_answer": "The Piltdown Man was revealed to be a forgery in 1953.",
    "retrieved_context": "PILTDOWN MAN Both the Piltdown Man and the War of the Worlds broadcast were hoaxes that challenged established beliefs and tested the boundaries of truth and fiction WAR OF THE WORLDS BROADCAST. PILTDOWN MAN The Piltdown Man hoax misled the scientific community for decades, sparking debate and skepticism about evolutionary theory SCIENTIFIC COMMUNITY. ALAN SOKAL Alan Sokal submitted a fake paper to Social Text, which was published, as part of the Sokal Affair SOCIAL TEXT. SOKAL AFFAIR The Sokal Affair was sparked by Social Text's publication of a nonsensical article, leading to a debate on academic credibility SOCIAL TEXT. SOCIAL TEXT The article was published by Social Text, leading to the Sokal Affair and debates on postmodernist scholarship credibility BOUNDARIES: TOWARDS A TRANSFORMATIVE HERMENEUTICS OF QUANTUM GRAVITY. SOKAL AFFAIR Alan Sokal was the physicist behind the Sokal Affair, submitting a fake paper to critique postmodernism ALAN SOKAL. HAN VAN MEEGEREN Hermann Göring purchased a forged Vermeer from Han van Meegeren HERMANN GÖRING. ALAN SOKAL Alan Sokal submitted a fake paper to Social Text, which was published, as part of the Sokal Affair SOCIAL TEXT. SOCIAL TEXT The article was published by Social Text, leading to the Sokal Affair and debates on postmodernist scholarship credibility BOUNDARIES: TOWARDS A TRANSFORMATIVE HERMENEUTICS OF QUANTUM GRAVITY.",
    "evaluation": 0
  },
  {
    "correct_answer": "The Cardiff Giant hoax was discovered in Cardiff, New York, in 1869.",
    "retrieved_context": "CARDIFF GIANT The Cardiff Giant hoax captivated the public and attracted massive crowds before its true nature was uncovered PUBLIC. PUBLIC The War of the Worlds radio broadcast caused panic among the public, demonstrating the influence of media on perception WAR OF THE WORLDS RADIO. CARDIFF GIANT George Hull created the Cardiff Giant as a hoax GEORGE HULL. WAR OF THE WORLDS RADIO BROADCAST Orson Welles directed and narrated the War of the Worlds broadcast that caused mass hysteria ORSON WELLES. WAR OF THE WORLDS RADIO BROADCAST The War of the Worlds broadcast was an adaptation of H.G. Wells' novel H.G. WELLS.",
    "evaluation": 0
  },
  {
    "correct_answer": "The Cardiff Giant was later revealed to be a sculpture created by George Hull.",
    "retrieved_context": "CARDIFF GIANT The Cardiff Giant hoax captivated the public and attracted massive crowds before its true nature was uncovered PUBLIC. PUBLIC The War of the Worlds radio broadcast caused panic among the public, demonstrating the influence of media on perception WAR OF THE WORLDS RADIO. CARDIFF GIANT George Hull created the Cardiff Giant as a hoax GEORGE HULL. HAN VAN MEEGEREN Hermann Göring purchased a forged Vermeer from Han van Meegeren HERMANN GÖRING. ALAN SOKAL Alan Sokal submitted a fake paper to Social Text, which was published, as part of the Sokal Affair SOCIAL TEXT. SOCIAL TEXT The article was published by Social Text, leading to the Sokal Affair and debates on postmodernist scholarship credibility BOUNDARIES: TOWARDS A TRANSFORMATIVE HERMENEUTICS OF QUANTUM GRAVITY.",
    "evaluation": 1
  },
  {
    "correct_answer": "The War of the Worlds radio broadcast by Orson Welles occurred in 1938.",
    "retrieved_context": "WAR OF THE WORLDS RADIO BROADCAST Orson Welles directed and narrated the War of the Worlds broadcast that caused mass hysteria ORSON WELLES. WAR OF THE WORLDS RADIO BROADCAST The War of the Worlds broadcast was an adaptation of H.G. Wells' novel H.G. WELLS. HAN VAN MEEGEREN Hermann Göring purchased a forged Vermeer from Han van Meegeren HERMANN GÖRING. SOCIAL TEXT The article was published by Social Text, leading to the Sokal Affair and debates on postmodernist scholarship credibility BOUNDARIES: TOWARDS A TRANSFORMATIVE HERMENEUTICS OF QUANTUM GRAVITY.",
    "evaluation": 0
  },
  {
    "correct_answer": "The War of the Worlds broadcast led to panic and confusion.",
    "retrieved_context": "WAR OF THE WORLDS RADIO BROADCAST Orson Welles directed and narrated the War of the Worlds broadcast that caused mass hysteria ORSON WELLES. WAR OF THE WORLDS RADIO BROADCAST The War of the Worlds broadcast was an adaptation of H.G. Wells' novel H.G. WELLS. SOCIAL TEXT The article was published by Social Text, leading to the Sokal Affair and debates on postmodernist scholarship credibility BOUNDARIES: TOWARDS A TRANSFORMATIVE HERMENEUTICS OF QUANTUM GRAVITY.",
    "evaluation": 1
  },
  {
    "correct_answer": "Han van Meegeren created and sold fake Vermeer paintings during the 1930s and 1940s.",
    "retrieved_context": "HAN VAN MEEGEREN Hermann Göring purchased a forged Vermeer from Han van Meegeren HERMANN GÖRING. ALAN SOKAL Alan Sokal submitted a fake paper to Social Text, which was published, as part of the Sokal Affair SOCIAL TEXT. SOCIAL TEXT The article was published by Social Text, leading to the Sokal Affair and debates on postmodernist scholarship credibility BOUNDARIES: TOWARDS A TRANSFORMATIVE HERMENEUTICS OF QUANTUM GRAVITY.",
    "evaluation": 0
  },
  {
    "correct_answer": "The Sokal Affair of 1996 exposed the shortcomings of postmodernist academic discourse.",
    "retrieved_context": "ALAN SOKAL Alan Sokal submitted a fake paper to Social Text, which was published, as part of the Sokal Affair SOCIAL TEXT. SOKAL AFFAIR The Sokal Affair was sparked by Social Text's publication of a nonsensical article, leading to a debate on academic credibility SOCIAL TEXT. SOCIAL TEXT The article was published by Social Text, leading to the Sokal Affair and debates on postmodernist scholarship credibility BOUNDARIES: TOWARDS A TRANSFORMATIVE HERMENEUTICS OF QUANTUM GRAVITY. SOKAL AFFAIR Alan Sokal was the physicist behind the Sokal Affair, submitting a fake paper to critique postmodernism ALAN SOKAL. ALAN SOKAL Alan Sokal submitted a fake paper to Social Text, which was published, as part of the Sokal Affair SOCIAL TEXT. SOCIAL TEXT The article was published by Social Text, leading to the Sokal Affair and debates on postmodernist scholarship credibility BOUNDARIES: TOWARDS A TRANSFORMATIVE HERMENEUTICS OF QUANTUM GRAVITY. SOCIAL TEXT The article was published by Social Text, leading to the Sokal Affair and debates on postmodernist scholarship credibility BOUNDARIES: TOWARDS A TRANSFORMATIVE HERMENEUTICS OF QUANTUM GRAVITY. PUBLIC The War of the Worlds radio broadcast caused panic among the public, demonstrating the influence of media on perception WAR OF THE WORLDS RADIO.",
    "evaluation": 0
  },
  {
    "correct_answer": "Alan Sokal submitted a fake paper to the journal Social Text.",
    "retrieved_context": "ALAN SOKAL Alan Sokal submitted a fake paper to Social Text, which was published, as part of the Sokal Affair SOCIAL TEXT. SOCIAL TEXT The article was published by Social Text, leading to the Sokal Affair and debates on postmodernist scholarship credibility BOUNDARIES: TOWARDS A TRANSFORMATIVE HERMENEUTICS OF QUANTUM GRAVITY. ALAN SOKAL Alan Sokal submitted a fake paper to Social Text, which was published, as part of the Sokal Affair SOCIAL TEXT. SOKAL AFFAIR The Sokal Affair was sparked by Social Text's publication of a nonsensical article, leading to a debate on academic credibility SOCIAL TEXT. SOCIAL TEXT The article was published by Social Text, leading to the Sokal Affair and debates on postmodernist scholarship credibility BOUNDARIES: TOWARDS A TRANSFORMATIVE HERMENEUTICS OF QUANTUM GRAVITY. SOKAL AFFAIR Alan Sokal was the physicist behind the Sokal Affair, submitting a fake paper to critique postmodernism ALAN SOKAL. SOCIAL TEXT The article was published by Social Text, leading to the Sokal Affair and debates on postmodernist scholarship credibility BOUNDARIES: TOWARDS A TRANSFORMATIVE HERMENEUTICS OF QUANTUM GRAVITY. PUBLIC The War of the Worlds radio broadcast caused panic among the public, demonstrating the influence of media on perception WAR OF THE WORLDS RADIO.",
    "evaluation": 1
  },
  {
    "correct_answer": "Hoaxes have tested the boundaries of truth and fiction.",
    "retrieved_context": "SOCIAL TEXT The article was published by Social Text, leading to the Sokal Affair and debates on postmodernist scholarship credibility BOUNDARIES: TOWARDS A TRANSFORMATIVE HERMENEUTICS OF QUANTUM GRAVITY. PILTDOWN MAN Both the Piltdown Man and the War of the Worlds broadcast were hoaxes that challenged established beliefs and tested the boundaries of truth and fiction WAR OF THE WORLDS BROADCAST. PILTDOWN MAN The Piltdown Man hoax misled the scientific community for decades, sparking debate and skepticism about evolutionary theory SCIENTIFIC COMMUNITY. ALAN SOKAL Alan Sokal submitted a fake paper to Social Text, which was published, as part of the Sokal Affair SOCIAL TEXT. SOKAL AFFAIR The Sokal Affair was sparked by Social Text's publication of a nonsensical article, leading to a debate on academic credibility SOCIAL TEXT. SOCIAL TEXT The article was published by Social Text, leading to the Sokal Affair and debates on postmodernist scholarship credibility BOUNDARIES: TOWARDS A TRANSFORMATIVE HERMENEUTICS OF QUANTUM GRAVITY. SOKAL AFFAIR Alan Sokal was the physicist behind the Sokal Affair, submitting a fake paper to critique postmodernism ALAN SOKAL. HAN VAN MEEGEREN Hermann Göring purchased a forged Vermeer from Han van Meegeren HERMANN GÖRING.",
    "evaluation": 1
  },
  {
    "accuracy": "53.33%"
  }
]