[
  {
    "correct_answer": "Old English was spoken in England from the 5th to the 11th century.",
    "retrieved_context": "OLD ENGLISH Old English evolved significantly after the Norman Conquest of England NORMAN CONQUEST OF ENGLAND. NORMAN CONQUEST OF ENGLAND The Norman Conquest of England established the Normans as the ruling class NORMANS. EARLY MODERN ENGLISH PERIOD The Great Vowel Shift was a significant linguistic event during the Early Modern English period GREAT VOWEL SHIFT. EARLY MODERN ENGLISH PERIOD William Shakespeare's works exemplify the language of the Early Modern English period WILLIAM SHAKESPEARE. ANGLO-SAXONS The Anglo-Saxons arrived in Britain and influenced the development of Old English BRITAIN. MIDDLE ENGLISH Geoffrey Chaucer's works, such as 'The Canterbury Tales', are examples of Middle English literature GEOFFREY CHAUCER. MIDDLE ENGLISH William Caxton's introduction of the printing press helped standardize Middle English WILLIAM CAXTON. WILLIAM CAXTON William Caxton's printing press contributed significantly to the spread and standardization of the English language ENGLISH LANGUAGE. NORMANS The Normans' language, Old Norman, mixed with Old English to give rise to Middle English MIDDLE ENGLISH. NORMAN CONQUEST OF ENGLAND The Norman Conquest of England established the Normans as the ruling class NORMANS. ENGLISH LANGUAGE The British Empire's global influence was instrumental in spreading the English language worldwide BRITISH EMPIRE. EARLY MODERN ENGLISH PERIOD The Great Vowel Shift was a significant linguistic event during the Early Modern English period GREAT VOWEL SHIFT. ENGLISH LANGUAGE The Early Modern English period saw further development and changes in the English language EARLY MODERN ENGLISH PERIOD. ENGLISH LANGUAGE In the 20th century, English became the global lingua franca, further cementing its importance worldwide 20TH CENTURY. EARLY MODERN ENGLISH PERIOD William Shakespeare's works exemplify the language of the Early Modern English period WILLIAM SHAKESPEARE.",
    "evaluation": 0
  },
  {
    "correct_answer": "Norman Conquest of England led to the mixing of Old English and Old Norman.",
    "retrieved_context": "NORMANS The Normans' language, Old Norman, mixed with Old English to give rise to Middle English MIDDLE ENGLISH. NORMAN CONQUEST OF ENGLAND The Norman Conquest of England established the Normans as the ruling class NORMANS. MIDDLE ENGLISH Geoffrey Chaucer's works, such as 'The Canterbury Tales', are examples of Middle English literature GEOFFREY CHAUCER. NORMANS The Normans' language, Old Norman, mixed with Old English to give rise to Middle English MIDDLE ENGLISH. MIDDLE ENGLISH William Caxton's introduction of the printing press helped standardize Middle English WILLIAM CAXTON. ANGLO-SAXONS The Anglo-Saxons arrived in Britain and influenced the development of Old English BRITAIN. EARLY MODERN ENGLISH PERIOD The Great Vowel Shift was a significant linguistic event during the Early Modern English period GREAT VOWEL SHIFT. EARLY MODERN ENGLISH PERIOD William Shakespeare's works exemplify the language of the Early Modern English period WILLIAM SHAKESPEARE. OLD ENGLISH Old English evolved significantly after the Norman Conquest of England NORMAN CONQUEST OF ENGLAND. NORMAN CONQUEST OF ENGLAND The Norman Conquest of England established the Normans as the ruling class NORMANS. MIDDLE ENGLISH Geoffrey Chaucer's works, such as 'The Canterbury Tales', are examples of Middle English literature GEOFFREY CHAUCER. MIDDLE ENGLISH William Caxton's introduction of the printing press helped standardize Middle English WILLIAM CAXTON. WILLIAM CAXTON William Caxton's printing press contributed significantly to the spread and standardization of the English language ENGLISH LANGUAGE.",
    "evaluation": 1
  },
  {
    "correct_answer": "Middle English was spoken from the 11th to the 15th century.",
    "retrieved_context": "MIDDLE ENGLISH Geoffrey Chaucer's works, such as 'The Canterbury Tales', are examples of Middle English literature GEOFFREY CHAUCER. MIDDLE ENGLISH William Caxton's introduction of the printing press helped standardize Middle English WILLIAM CAXTON. WILLIAM CAXTON William Caxton's printing press contributed significantly to the spread and standardization of the English language ENGLISH LANGUAGE. EARLY MODERN ENGLISH PERIOD The Great Vowel Shift was a significant linguistic event during the Early Modern English period GREAT VOWEL SHIFT. EARLY MODERN ENGLISH PERIOD William Shakespeare's works exemplify the language of the Early Modern English period WILLIAM SHAKESPEARE. ANGLO-SAXONS The Anglo-Saxons arrived in Britain and influenced the development of Old English BRITAIN. OLD ENGLISH Old English evolved significantly after the Norman Conquest of England NORMAN CONQUEST OF ENGLAND. NORMAN CONQUEST OF ENGLAND The Norman Conquest of England established the Normans as the ruling class NORMANS. ENGLISH LANGUAGE The British Empire's global influence was instrumental in spreading the English language worldwide BRITISH EMPIRE. EARLY MODERN ENGLISH PERIOD The Great Vowel Shift was a significant linguistic event during the Early Modern English period GREAT VOWEL SHIFT. ENGLISH LANGUAGE The Early Modern English period saw further development and changes in the English language EARLY MODERN ENGLISH PERIOD. ENGLISH LANGUAGE In the 20th century, English became the global lingua franca, further cementing its importance worldwide 20TH CENTURY. EARLY MODERN ENGLISH PERIOD William Shakespeare's works exemplify the language of the Early Modern English period WILLIAM SHAKESPEARE. NORMANS The Normans' language, Old Norman, mixed with Old English to give rise to Middle English MIDDLE ENGLISH. NORMAN CONQUEST OF ENGLAND The Norman Conquest of England established the Normans as the ruling class NORMANS.",
    "evaluation": 0
  },
  {
    "correct_answer": "Geoffrey Chaucer's works are prime examples of Middle English literature.",
    "retrieved_context": "EARLY MODERN ENGLISH PERIOD The Great Vowel Shift was a significant linguistic event during the Early Modern English period GREAT VOWEL SHIFT. EARLY MODERN ENGLISH PERIOD William Shakespeare's works exemplify the language of the Early Modern English period WILLIAM SHAKESPEARE. MIDDLE ENGLISH Geoffrey Chaucer's works, such as 'The Canterbury Tales', are examples of Middle English literature GEOFFREY CHAUCER. MIDDLE ENGLISH William Caxton's introduction of the printing press helped standardize Middle English WILLIAM CAXTON. WILLIAM CAXTON William Caxton's printing press contributed significantly to the spread and standardization of the English language ENGLISH LANGUAGE. ANGLO-SAXONS The Anglo-Saxons arrived in Britain and influenced the development of Old English BRITAIN. OLD ENGLISH Old English evolved significantly after the Norman Conquest of England NORMAN CONQUEST OF ENGLAND. NORMAN CONQUEST OF ENGLAND The Norman Conquest of England established the Normans as the ruling class NORMANS. ENGLISH LANGUAGE The British Empire's global influence was instrumental in spreading the English language worldwide BRITISH EMPIRE. EARLY MODERN ENGLISH PERIOD The Great Vowel Shift was a significant linguistic event during the Early Modern English period GREAT VOWEL SHIFT. ENGLISH LANGUAGE The Early Modern English period saw further development and changes in the English language EARLY MODERN ENGLISH PERIOD. ENGLISH LANGUAGE In the 20th century, English became the global lingua franca, further cementing its importance worldwide 20TH CENTURY. EARLY MODERN ENGLISH PERIOD William Shakespeare's works exemplify the language of the Early Modern English period WILLIAM SHAKESPEARE. NORMANS The Normans' language, Old Norman, mixed with Old English to give rise to Middle English MIDDLE ENGLISH. NORMAN CONQUEST OF ENGLAND The Norman Conquest of England established the Normans as the ruling class NORMANS.",
    "evaluation": 1
  },
  {
    "correct_answer": "William Caxton invented the printing press in the late 15th century.",
    "retrieved_context": "ENGLISH LANGUAGE The British Empire's global influence was instrumental in spreading the English language worldwide BRITISH EMPIRE. ENGLISH LANGUAGE In the 20th century, English became the global lingua franca, further cementing its importance worldwide 20TH CENTURY. ENGLISH LANGUAGE The Early Modern English period saw further development and changes in the English language EARLY MODERN ENGLISH PERIOD. WILLIAM CAXTON William Caxton's printing press contributed significantly to the spread and standardization of the English language ENGLISH LANGUAGE. EARLY MODERN ENGLISH PERIOD The Great Vowel Shift was a significant linguistic event during the Early Modern English period GREAT VOWEL SHIFT. EARLY MODERN ENGLISH PERIOD William Shakespeare's works exemplify the language of the Early Modern English period WILLIAM SHAKESPEARE. NORMANS The Normans' language, Old Norman, mixed with Old English to give rise to Middle English MIDDLE ENGLISH. NORMAN CONQUEST OF ENGLAND The Norman Conquest of England established the Normans as the ruling class NORMANS. OLD ENGLISH Old English evolved significantly after the Norman Conquest of England NORMAN CONQUEST OF ENGLAND. NORMAN CONQUEST OF ENGLAND The Norman Conquest of England established the Normans as the ruling class NORMANS. ANGLO-SAXONS The Anglo-Saxons arrived in Britain and influenced the development of Old English BRITAIN.",
    "evaluation": 0
  },
  {
    "correct_answer": "Caxton's printing press helped spread the use of English across England.",
    "retrieved_context": "EARLY MODERN ENGLISH PERIOD The Great Vowel Shift was a significant linguistic event during the Early Modern English period GREAT VOWEL SHIFT. EARLY MODERN ENGLISH PERIOD William Shakespeare's works exemplify the language of the Early Modern English period WILLIAM SHAKESPEARE. OLD ENGLISH Old English evolved significantly after the Norman Conquest of England NORMAN CONQUEST OF ENGLAND. NORMAN CONQUEST OF ENGLAND The Norman Conquest of England established the Normans as the ruling class NORMANS. ANGLO-SAXONS The Anglo-Saxons arrived in Britain and influenced the development of Old English BRITAIN. ENGLISH LANGUAGE The British Empire's global influence was instrumental in spreading the English language worldwide BRITISH EMPIRE. ENGLISH LANGUAGE In the 20th century, English became the global lingua franca, further cementing its importance worldwide 20TH CENTURY. ENGLISH LANGUAGE The Early Modern English period saw further development and changes in the English language EARLY MODERN ENGLISH PERIOD. WILLIAM CAXTON William Caxton's printing press contributed significantly to the spread and standardization of the English language ENGLISH LANGUAGE. MIDDLE ENGLISH Geoffrey Chaucer's works, such as 'The Canterbury Tales', are examples of Middle English literature GEOFFREY CHAUCER. MIDDLE ENGLISH William Caxton's introduction of the printing press helped standardize Middle English WILLIAM CAXTON. WILLIAM CAXTON William Caxton's printing press contributed significantly to the spread and standardization of the English language ENGLISH LANGUAGE. NORMANS The Normans' language, Old Norman, mixed with Old English to give rise to Middle English MIDDLE ENGLISH. NORMAN CONQUEST OF ENGLAND The Norman Conquest of England established the Normans as the ruling class NORMANS. ENGLISH LANGUAGE The British Empire's global influence was instrumental in spreading the English language worldwide BRITISH EMPIRE. EARLY MODERN ENGLISH PERIOD The Great Vowel Shift was a significant linguistic event during the Early Modern English period GREAT VOWEL SHIFT. ENGLISH LANGUAGE The Early Modern English period saw further development and changes in the English language EARLY MODERN ENGLISH PERIOD. ENGLISH LANGUAGE In the 20th century, English became the global lingua franca, further cementing its importance worldwide 20TH CENTURY. EARLY MODERN ENGLISH PERIOD William Shakespeare's works exemplify the language of the Early Modern English period WILLIAM SHAKESPEARE.",
    "evaluation": 1
  },
  {
    "correct_answer": "Early Modern English period began in the late 15th century.",
    "retrieved_context": "EARLY MODERN ENGLISH PERIOD The Great Vowel Shift was a significant linguistic event during the Early Modern English period GREAT VOWEL SHIFT. EARLY MODERN ENGLISH PERIOD William Shakespeare's works exemplify the language of the Early Modern English period WILLIAM SHAKESPEARE. ANGLO-SAXONS The Anglo-Saxons arrived in Britain and influenced the development of Old English BRITAIN. MIDDLE ENGLISH Geoffrey Chaucer's works, such as 'The Canterbury Tales', are examples of Middle English literature GEOFFREY CHAUCER. MIDDLE ENGLISH William Caxton's introduction of the printing press helped standardize Middle English WILLIAM CAXTON. WILLIAM CAXTON William Caxton's printing press contributed significantly to the spread and standardization of the English language ENGLISH LANGUAGE. OLD ENGLISH Old English evolved significantly after the Norman Conquest of England NORMAN CONQUEST OF ENGLAND. NORMAN CONQUEST OF ENGLAND The Norman Conquest of England established the Normans as the ruling class NORMANS. NORMANS The Normans' language, Old Norman, mixed with Old English to give rise to Middle English MIDDLE ENGLISH. NORMAN CONQUEST OF ENGLAND The Norman Conquest of England established the Normans as the ruling class NORMANS. ENGLISH LANGUAGE The British Empire's global influence was instrumental in spreading the English language worldwide BRITISH EMPIRE. EARLY MODERN ENGLISH PERIOD The Great Vowel Shift was a significant linguistic event during the Early Modern English period GREAT VOWEL SHIFT. ENGLISH LANGUAGE The Early Modern English period saw further development and changes in the English language EARLY MODERN ENGLISH PERIOD. ENGLISH LANGUAGE In the 20th century, English became the global lingua franca, further cementing its importance worldwide 20TH CENTURY. EARLY MODERN ENGLISH PERIOD William Shakespeare's works exemplify the language of the Early Modern English period WILLIAM SHAKESPEARE.",
    "evaluation": 0
  },
  {
    "correct_answer": "William Shakespeare's works exemplify Early Modern English.",
    "retrieved_context": "EARLY MODERN ENGLISH PERIOD The Great Vowel Shift was a significant linguistic event during the Early Modern English period GREAT VOWEL SHIFT. EARLY MODERN ENGLISH PERIOD William Shakespeare's works exemplify the language of the Early Modern English period WILLIAM SHAKESPEARE. OLD ENGLISH Old English evolved significantly after the Norman Conquest of England NORMAN CONQUEST OF ENGLAND. NORMAN CONQUEST OF ENGLAND The Norman Conquest of England established the Normans as the ruling class NORMANS. MIDDLE ENGLISH Geoffrey Chaucer's works, such as 'The Canterbury Tales', are examples of Middle English literature GEOFFREY CHAUCER. MIDDLE ENGLISH William Caxton's introduction of the printing press helped standardize Middle English WILLIAM CAXTON. WILLIAM CAXTON William Caxton's printing press contributed significantly to the spread and standardization of the English language ENGLISH LANGUAGE. ENGLISH LANGUAGE The British Empire's global influence was instrumental in spreading the English language worldwide BRITISH EMPIRE. EARLY MODERN ENGLISH PERIOD The Great Vowel Shift was a significant linguistic event during the Early Modern English period GREAT VOWEL SHIFT. ENGLISH LANGUAGE The Early Modern English period saw further development and changes in the English language EARLY MODERN ENGLISH PERIOD. ENGLISH LANGUAGE In the 20th century, English became the global lingua franca, further cementing its importance worldwide 20TH CENTURY. EARLY MODERN ENGLISH PERIOD William Shakespeare's works exemplify the language of the Early Modern English period WILLIAM SHAKESPEARE. ANGLO-SAXONS The Anglo-Saxons arrived in Britain and influenced the development of Old English BRITAIN. NORMANS The Normans' language, Old Norman, mixed with Old English to give rise to Middle English MIDDLE ENGLISH. NORMAN CONQUEST OF ENGLAND The Norman Conquest of England established the Normans as the ruling class NORMANS. ENGLISH LANGUAGE The British Empire's global influence was instrumental in spreading the English language worldwide BRITISH EMPIRE. ENGLISH LANGUAGE In the 20th century, English became the global lingua franca, further cementing its importance worldwide 20TH CENTURY. ENGLISH LANGUAGE The Early Modern English period saw further development and changes in the English language EARLY MODERN ENGLISH PERIOD. WILLIAM CAXTON William Caxton's printing press contributed significantly to the spread and standardization of the English language ENGLISH LANGUAGE.",
    "evaluation": 1
  },
  {
    "correct_answer": "The British Empire's rise led to the spread of English to various parts of the world.",
    "retrieved_context": "EARLY MODERN ENGLISH PERIOD The Great Vowel Shift was a significant linguistic event during the Early Modern English period GREAT VOWEL SHIFT. EARLY MODERN ENGLISH PERIOD William Shakespeare's works exemplify the language of the Early Modern English period WILLIAM SHAKESPEARE. ANGLO-SAXONS The Anglo-Saxons arrived in Britain and influenced the development of Old English BRITAIN. NORMANS The Normans' language, Old Norman, mixed with Old English to give rise to Middle English MIDDLE ENGLISH. NORMAN CONQUEST OF ENGLAND The Norman Conquest of England established the Normans as the ruling class NORMANS. MIDDLE ENGLISH Geoffrey Chaucer's works, such as 'The Canterbury Tales', are examples of Middle English literature GEOFFREY CHAUCER. MIDDLE ENGLISH William Caxton's introduction of the printing press helped standardize Middle English WILLIAM CAXTON. WILLIAM CAXTON William Caxton's printing press contributed significantly to the spread and standardization of the English language ENGLISH LANGUAGE. OLD ENGLISH Old English evolved significantly after the Norman Conquest of England NORMAN CONQUEST OF ENGLAND. NORMAN CONQUEST OF ENGLAND The Norman Conquest of England established the Normans as the ruling class NORMANS.",
    "evaluation": 0
  },
  {
    "correct_answer": "The British Empire's global influence contributed to the development of different English dialects.",
    "retrieved_context": "EARLY MODERN ENGLISH PERIOD The Great Vowel Shift was a significant linguistic event during the Early Modern English period GREAT VOWEL SHIFT. EARLY MODERN ENGLISH PERIOD William Shakespeare's works exemplify the language of the Early Modern English period WILLIAM SHAKESPEARE. ANGLO-SAXONS The Anglo-Saxons arrived in Britain and influenced the development of Old English BRITAIN. NORMANS The Normans' language, Old Norman, mixed with Old English to give rise to Middle English MIDDLE ENGLISH. NORMAN CONQUEST OF ENGLAND The Norman Conquest of England established the Normans as the ruling class NORMANS. OLD ENGLISH Old English evolved significantly after the Norman Conquest of England NORMAN CONQUEST OF ENGLAND. NORMAN CONQUEST OF ENGLAND The Norman Conquest of England established the Normans as the ruling class NORMANS. MIDDLE ENGLISH Geoffrey Chaucer's works, such as 'The Canterbury Tales', are examples of Middle English literature GEOFFREY CHAUCER. MIDDLE ENGLISH William Caxton's introduction of the printing press helped standardize Middle English WILLIAM CAXTON. WILLIAM CAXTON William Caxton's printing press contributed significantly to the spread and standardization of the English language ENGLISH LANGUAGE.",
    "evaluation": 0
  },
  {
    "correct_answer": "English solidified its status as a global language in the 20th century.",
    "retrieved_context": "EARLY MODERN ENGLISH PERIOD The Great Vowel Shift was a significant linguistic event during the Early Modern English period GREAT VOWEL SHIFT. EARLY MODERN ENGLISH PERIOD William Shakespeare's works exemplify the language of the Early Modern English period WILLIAM SHAKESPEARE. OLD ENGLISH Old English evolved significantly after the Norman Conquest of England NORMAN CONQUEST OF ENGLAND. NORMAN CONQUEST OF ENGLAND The Norman Conquest of England established the Normans as the ruling class NORMANS. ENGLISH LANGUAGE The British Empire's global influence was instrumental in spreading the English language worldwide BRITISH EMPIRE. EARLY MODERN ENGLISH PERIOD The Great Vowel Shift was a significant linguistic event during the Early Modern English period GREAT VOWEL SHIFT. ENGLISH LANGUAGE The Early Modern English period saw further development and changes in the English language EARLY MODERN ENGLISH PERIOD. ENGLISH LANGUAGE In the 20th century, English became the global lingua franca, further cementing its importance worldwide 20TH CENTURY. EARLY MODERN ENGLISH PERIOD William Shakespeare's works exemplify the language of the Early Modern English period WILLIAM SHAKESPEARE. MIDDLE ENGLISH Geoffrey Chaucer's works, such as 'The Canterbury Tales', are examples of Middle English literature GEOFFREY CHAUCER. MIDDLE ENGLISH William Caxton's introduction of the printing press helped standardize Middle English WILLIAM CAXTON. WILLIAM CAXTON William Caxton's printing press contributed significantly to the spread and standardization of the English language ENGLISH LANGUAGE. ANGLO-SAXONS The Anglo-Saxons arrived in Britain and influenced the development of Old English BRITAIN.",
    "evaluation": 1
  },
  {
    "correct_answer": "English became the lingua franca of international communication, business, and diplomacy.",
    "retrieved_context": "ENGLISH LANGUAGE The British Empire's global influence was instrumental in spreading the English language worldwide BRITISH EMPIRE. EARLY MODERN ENGLISH PERIOD The Great Vowel Shift was a significant linguistic event during the Early Modern English period GREAT VOWEL SHIFT. ENGLISH LANGUAGE The Early Modern English period saw further development and changes in the English language EARLY MODERN ENGLISH PERIOD. ENGLISH LANGUAGE In the 20th century, English became the global lingua franca, further cementing its importance worldwide 20TH CENTURY. EARLY MODERN ENGLISH PERIOD William Shakespeare's works exemplify the language of the Early Modern English period WILLIAM SHAKESPEARE. EARLY MODERN ENGLISH PERIOD The Great Vowel Shift was a significant linguistic event during the Early Modern English period GREAT VOWEL SHIFT. EARLY MODERN ENGLISH PERIOD William Shakespeare's works exemplify the language of the Early Modern English period WILLIAM SHAKESPEARE. OLD ENGLISH Old English evolved significantly after the Norman Conquest of England NORMAN CONQUEST OF ENGLAND. NORMAN CONQUEST OF ENGLAND The Norman Conquest of England established the Normans as the ruling class NORMANS. MIDDLE ENGLISH Geoffrey Chaucer's works, such as 'The Canterbury Tales', are examples of Middle English literature GEOFFREY CHAUCER. MIDDLE ENGLISH William Caxton's introduction of the printing press helped standardize Middle English WILLIAM CAXTON. WILLIAM CAXTON William Caxton's printing press contributed significantly to the spread and standardization of the English language ENGLISH LANGUAGE. ANGLO-SAXONS The Anglo-Saxons arrived in Britain and influenced the development of Old English BRITAIN. NORMANS The Normans' language, Old Norman, mixed with Old English to give rise to Middle English MIDDLE ENGLISH. NORMAN CONQUEST OF ENGLAND The Norman Conquest of England established the Normans as the ruling class NORMANS.",
    "evaluation": 1
  },
  {
    "correct_answer": "English is spoken by over 1.5 billion people worldwide today.",
    "retrieved_context": "ENGLISH LANGUAGE The British Empire's global influence was instrumental in spreading the English language worldwide BRITISH EMPIRE. EARLY MODERN ENGLISH PERIOD The Great Vowel Shift was a significant linguistic event during the Early Modern English period GREAT VOWEL SHIFT. ENGLISH LANGUAGE The Early Modern English period saw further development and changes in the English language EARLY MODERN ENGLISH PERIOD. ENGLISH LANGUAGE In the 20th century, English became the global lingua franca, further cementing its importance worldwide 20TH CENTURY. EARLY MODERN ENGLISH PERIOD William Shakespeare's works exemplify the language of the Early Modern English period WILLIAM SHAKESPEARE. MIDDLE ENGLISH Geoffrey Chaucer's works, such as 'The Canterbury Tales', are examples of Middle English literature GEOFFREY CHAUCER. MIDDLE ENGLISH William Caxton's introduction of the printing press helped standardize Middle English WILLIAM CAXTON. WILLIAM CAXTON William Caxton's printing press contributed significantly to the spread and standardization of the English language ENGLISH LANGUAGE. OLD ENGLISH Old English evolved significantly after the Norman Conquest of England NORMAN CONQUEST OF ENGLAND. NORMAN CONQUEST OF ENGLAND The Norman Conquest of England established the Normans as the ruling class NORMANS. ANGLO-SAXONS The Anglo-Saxons arrived in Britain and influenced the development of Old English BRITAIN. EARLY MODERN ENGLISH PERIOD The Great Vowel Shift was a significant linguistic event during the Early Modern English period GREAT VOWEL SHIFT. EARLY MODERN ENGLISH PERIOD William Shakespeare's works exemplify the language of the Early Modern English period WILLIAM SHAKESPEARE.",
    "evaluation": 0
  },
  {
    "correct_answer": "English continues to evolve with the influence of technology and globalization.",
    "retrieved_context": "ENGLISH LANGUAGE The British Empire's global influence was instrumental in spreading the English language worldwide BRITISH EMPIRE. EARLY MODERN ENGLISH PERIOD The Great Vowel Shift was a significant linguistic event during the Early Modern English period GREAT VOWEL SHIFT. ENGLISH LANGUAGE The Early Modern English period saw further development and changes in the English language EARLY MODERN ENGLISH PERIOD. ENGLISH LANGUAGE In the 20th century, English became the global lingua franca, further cementing its importance worldwide 20TH CENTURY. EARLY MODERN ENGLISH PERIOD William Shakespeare's works exemplify the language of the Early Modern English period WILLIAM SHAKESPEARE. OLD ENGLISH Old English evolved significantly after the Norman Conquest of England NORMAN CONQUEST OF ENGLAND. NORMAN CONQUEST OF ENGLAND The Norman Conquest of England established the Normans as the ruling class NORMANS. MIDDLE ENGLISH Geoffrey Chaucer's works, such as 'The Canterbury Tales', are examples of Middle English literature GEOFFREY CHAUCER. MIDDLE ENGLISH William Caxton's introduction of the printing press helped standardize Middle English WILLIAM CAXTON. WILLIAM CAXTON William Caxton's printing press contributed significantly to the spread and standardization of the English language ENGLISH LANGUAGE. EARLY MODERN ENGLISH PERIOD The Great Vowel Shift was a significant linguistic event during the Early Modern English period GREAT VOWEL SHIFT. EARLY MODERN ENGLISH PERIOD William Shakespeare's works exemplify the language of the Early Modern English period WILLIAM SHAKESPEARE. ANGLO-SAXONS The Anglo-Saxons arrived in Britain and influenced the development of Old English BRITAIN.",
    "evaluation": 0
  },
  {
    "correct_answer": "The history of the English language reflects diverse cultures and peoples.",
    "retrieved_context": "ANGLO-SAXONS The Anglo-Saxons arrived in Britain and influenced the development of Old English BRITAIN. EARLY MODERN ENGLISH PERIOD The Great Vowel Shift was a significant linguistic event during the Early Modern English period GREAT VOWEL SHIFT. EARLY MODERN ENGLISH PERIOD William Shakespeare's works exemplify the language of the Early Modern English period WILLIAM SHAKESPEARE. ENGLISH LANGUAGE The British Empire's global influence was instrumental in spreading the English language worldwide BRITISH EMPIRE. EARLY MODERN ENGLISH PERIOD The Great Vowel Shift was a significant linguistic event during the Early Modern English period GREAT VOWEL SHIFT. ENGLISH LANGUAGE The Early Modern English period saw further development and changes in the English language EARLY MODERN ENGLISH PERIOD. ENGLISH LANGUAGE In the 20th century, English became the global lingua franca, further cementing its importance worldwide 20TH CENTURY. EARLY MODERN ENGLISH PERIOD William Shakespeare's works exemplify the language of the Early Modern English period WILLIAM SHAKESPEARE. OLD ENGLISH Old English evolved significantly after the Norman Conquest of England NORMAN CONQUEST OF ENGLAND. NORMAN CONQUEST OF ENGLAND The Norman Conquest of England established the Normans as the ruling class NORMANS. MIDDLE ENGLISH Geoffrey Chaucer's works, such as 'The Canterbury Tales', are examples of Middle English literature GEOFFREY CHAUCER. MIDDLE ENGLISH William Caxton's introduction of the printing press helped standardize Middle English WILLIAM CAXTON. WILLIAM CAXTON William Caxton's printing press contributed significantly to the spread and standardization of the English language ENGLISH LANGUAGE. NORMANS The Normans' language, Old Norman, mixed with Old English to give rise to Middle English MIDDLE ENGLISH. NORMAN CONQUEST OF ENGLAND The Norman Conquest of England established the Normans as the ruling class NORMANS.",
    "evaluation": 1
  },
  {
    "accuracy": "46.67%"
  }
]