[
  {
    "correct_answer": "Urban legends are a fascinating aspect of modern folklore.",
    "retrieved_context": "URBAN LEGENDS Ghostly apparitions feature prominently in urban legends GHOSTLY APPARITIONS. URBAN LEGENDS Urban legends are a product of collective imagination and creativity COLLECTIVE IMAGINATION. URBAN LEGENDS Urban legends have been a fascinating aspect of modern folklore for centuries MODERN FOLKLORE. URBAN LEGENDS Mysterious creatures are often subjects of urban legends MYSTERIOUS CREATURES. HOOK MAN The Hook Man legend involves elements of the supernatural or paranormal SUPERNATURAL. MYSTERIOUS CREATURES Mysterious creatures are part of the supernatural theme in urban legends SUPERNATURAL. URBAN LEGENDS The supernatural is a central theme in many urban legends SUPERNATURAL. URBAN LEGENDS Urban Legends often encapsulate the essence of fear and the unknown within society, and the Hook Man is a quintessential example of such folklore. This urban legend, known as the Hook Man, embodies common themes of fear and the unknown, illustrating how these narratives are woven into the fabric of cultural storytelling to convey cautionary tales and explore societal anxieties. HOOK MAN. URBAN LEGENDS The spread of urban legends has been facilitated by the internet INTERNET. URBAN LEGENDS Social media platforms have accelerated the dissemination of urban legends SOCIAL MEDIA. HAUNTED HOUSES Haunted houses are often associated with ghostly apparitions GHOSTLY APPARITIONS. URBAN LEGENDS Urban legends have a significant impact on popular culture POPULAR CULTURE. INTERNET Social media platforms operate over the internet, facilitating the spread of urban legends SOCIAL MEDIA. URBAN LEGENDS Haunted houses are a common theme in urban legends HAUNTED HOUSES. HAUNTED HOUSES Haunted houses are often associated with ghostly apparitions GHOSTLY APPARITIONS. MYSTERIOUS CREATURES Mysterious creatures are part of the supernatural theme in urban legends SUPERNATURAL.",
    "evaluation": 1
  },
  {
    "correct_answer": "Urban legends capture the imagination and curiosity of people worldwide.",
    "retrieved_context": "URBAN LEGENDS Ghostly apparitions feature prominently in urban legends GHOSTLY APPARITIONS. URBAN LEGENDS Urban legends are a product of collective imagination and creativity COLLECTIVE IMAGINATION. URBAN LEGENDS Urban legends have been a fascinating aspect of modern folklore for centuries MODERN FOLKLORE. URBAN LEGENDS Mysterious creatures are often subjects of urban legends MYSTERIOUS CREATURES. HOOK MAN The Hook Man legend involves elements of the supernatural or paranormal SUPERNATURAL. MYSTERIOUS CREATURES Mysterious creatures are part of the supernatural theme in urban legends SUPERNATURAL. URBAN LEGENDS The supernatural is a central theme in many urban legends SUPERNATURAL. URBAN LEGENDS Urban Legends often encapsulate the essence of fear and the unknown within society, and the Hook Man is a quintessential example of such folklore. This urban legend, known as the Hook Man, embodies common themes of fear and the unknown, illustrating how these narratives are woven into the fabric of cultural storytelling to convey cautionary tales and explore societal anxieties. HOOK MAN. URBAN LEGENDS The spread of urban legends has been facilitated by the internet INTERNET. URBAN LEGENDS Social media platforms have accelerated the dissemination of urban legends SOCIAL MEDIA. HAUNTED HOUSES Haunted houses are often associated with ghostly apparitions GHOSTLY APPARITIONS. URBAN LEGENDS Urban legends have a significant impact on popular culture POPULAR CULTURE. INTERNET Social media platforms operate over the internet, facilitating the spread of urban legends SOCIAL MEDIA. URBAN LEGENDS Haunted houses are a common theme in urban legends HAUNTED HOUSES. HAUNTED HOUSES Haunted houses are often associated with ghostly apparitions GHOSTLY APPARITIONS. INTERNET Social media platforms operate over the internet, facilitating the spread of urban legends SOCIAL MEDIA.",
    "evaluation": 0
  },
  {
    "correct_answer": "Urban legends are often passed down through generations.",
    "retrieved_context": "URBAN LEGENDS Ghostly apparitions feature prominently in urban legends GHOSTLY APPARITIONS. URBAN LEGENDS Urban legends are a product of collective imagination and creativity COLLECTIVE IMAGINATION. URBAN LEGENDS Urban legends have been a fascinating aspect of modern folklore for centuries MODERN FOLKLORE. URBAN LEGENDS Mysterious creatures are often subjects of urban legends MYSTERIOUS CREATURES. HOOK MAN The Hook Man legend involves elements of the supernatural or paranormal SUPERNATURAL. MYSTERIOUS CREATURES Mysterious creatures are part of the supernatural theme in urban legends SUPERNATURAL. URBAN LEGENDS The supernatural is a central theme in many urban legends SUPERNATURAL. URBAN LEGENDS Urban Legends often encapsulate the essence of fear and the unknown within society, and the Hook Man is a quintessential example of such folklore. This urban legend, known as the Hook Man, embodies common themes of fear and the unknown, illustrating how these narratives are woven into the fabric of cultural storytelling to convey cautionary tales and explore societal anxieties. HOOK MAN. URBAN LEGENDS The spread of urban legends has been facilitated by the internet INTERNET. URBAN LEGENDS Social media platforms have accelerated the dissemination of urban legends SOCIAL MEDIA. HAUNTED HOUSES Haunted houses are often associated with ghostly apparitions GHOSTLY APPARITIONS. URBAN LEGENDS Urban legends have a significant impact on popular culture POPULAR CULTURE. INTERNET Social media platforms operate over the internet, facilitating the spread of urban legends SOCIAL MEDIA. URBAN LEGENDS Haunted houses are a common theme in urban legends HAUNTED HOUSES. HAUNTED HOUSES Haunted houses are often associated with ghostly apparitions GHOSTLY APPARITIONS. INTERNET Social media platforms operate over the internet, facilitating the spread of urban legends SOCIAL MEDIA.",
    "evaluation": 0
  },
  {
    "correct_answer": "Urban legends are shared and retold in communities both large and small.",
    "retrieved_context": "URBAN LEGENDS Ghostly apparitions feature prominently in urban legends GHOSTLY APPARITIONS. URBAN LEGENDS Urban legends are a product of collective imagination and creativity COLLECTIVE IMAGINATION. URBAN LEGENDS Urban legends have been a fascinating aspect of modern folklore for centuries MODERN FOLKLORE. URBAN LEGENDS Mysterious creatures are often subjects of urban legends MYSTERIOUS CREATURES. HOOK MAN The Hook Man legend involves elements of the supernatural or paranormal SUPERNATURAL. MYSTERIOUS CREATURES Mysterious creatures are part of the supernatural theme in urban legends SUPERNATURAL. URBAN LEGENDS The supernatural is a central theme in many urban legends SUPERNATURAL. URBAN LEGENDS Urban Legends often encapsulate the essence of fear and the unknown within society, and the Hook Man is a quintessential example of such folklore. This urban legend, known as the Hook Man, embodies common themes of fear and the unknown, illustrating how these narratives are woven into the fabric of cultural storytelling to convey cautionary tales and explore societal anxieties. HOOK MAN. URBAN LEGENDS The spread of urban legends has been facilitated by the internet INTERNET. URBAN LEGENDS Social media platforms have accelerated the dissemination of urban legends SOCIAL MEDIA. HAUNTED HOUSES Haunted houses are often associated with ghostly apparitions GHOSTLY APPARITIONS. URBAN LEGENDS Urban legends have a significant impact on popular culture POPULAR CULTURE. INTERNET Social media platforms operate over the internet, facilitating the spread of urban legends SOCIAL MEDIA. URBAN LEGENDS Haunted houses are a common theme in urban legends HAUNTED HOUSES. HAUNTED HOUSES Haunted houses are often associated with ghostly apparitions GHOSTLY APPARITIONS. INTERNET Social media platforms operate over the internet, facilitating the spread of urban legends SOCIAL MEDIA.",
    "evaluation": 0
  },
  {
    "correct_answer": "The origins of urban legends can be traced back to ancient times.",
    "retrieved_context": "URBAN LEGENDS Ghostly apparitions feature prominently in urban legends GHOSTLY APPARITIONS. URBAN LEGENDS Urban legends are a product of collective imagination and creativity COLLECTIVE IMAGINATION. URBAN LEGENDS Urban legends have been a fascinating aspect of modern folklore for centuries MODERN FOLKLORE. URBAN LEGENDS Mysterious creatures are often subjects of urban legends MYSTERIOUS CREATURES. HOOK MAN The Hook Man legend involves elements of the supernatural or paranormal SUPERNATURAL. MYSTERIOUS CREATURES Mysterious creatures are part of the supernatural theme in urban legends SUPERNATURAL. URBAN LEGENDS The supernatural is a central theme in many urban legends SUPERNATURAL. URBAN LEGENDS Urban Legends often encapsulate the essence of fear and the unknown within society, and the Hook Man is a quintessential example of such folklore. This urban legend, known as the Hook Man, embodies common themes of fear and the unknown, illustrating how these narratives are woven into the fabric of cultural storytelling to convey cautionary tales and explore societal anxieties. HOOK MAN. URBAN LEGENDS The spread of urban legends has been facilitated by the internet INTERNET. URBAN LEGENDS Social media platforms have accelerated the dissemination of urban legends SOCIAL MEDIA. HAUNTED HOUSES Haunted houses are often associated with ghostly apparitions GHOSTLY APPARITIONS. URBAN LEGENDS Urban legends have a significant impact on popular culture POPULAR CULTURE. INTERNET Social media platforms operate over the internet, facilitating the spread of urban legends SOCIAL MEDIA. URBAN LEGENDS Haunted houses are a common theme in urban legends HAUNTED HOUSES. HAUNTED HOUSES Haunted houses are often associated with ghostly apparitions GHOSTLY APPARITIONS. MYSTERIOUS CREATURES Mysterious creatures are part of the supernatural theme in urban legends SUPERNATURAL.",
    "evaluation": 0
  },
  {
    "correct_answer": "Urban legends were used to explain the unknown and the supernatural.",
    "retrieved_context": "URBAN LEGENDS Ghostly apparitions feature prominently in urban legends GHOSTLY APPARITIONS. URBAN LEGENDS Urban legends are a product of collective imagination and creativity COLLECTIVE IMAGINATION. URBAN LEGENDS Urban legends have been a fascinating aspect of modern folklore for centuries MODERN FOLKLORE. URBAN LEGENDS Mysterious creatures are often subjects of urban legends MYSTERIOUS CREATURES. HOOK MAN The Hook Man legend involves elements of the supernatural or paranormal SUPERNATURAL. MYSTERIOUS CREATURES Mysterious creatures are part of the supernatural theme in urban legends SUPERNATURAL. URBAN LEGENDS The supernatural is a central theme in many urban legends SUPERNATURAL. URBAN LEGENDS Urban Legends often encapsulate the essence of fear and the unknown within society, and the Hook Man is a quintessential example of such folklore. This urban legend, known as the Hook Man, embodies common themes of fear and the unknown, illustrating how these narratives are woven into the fabric of cultural storytelling to convey cautionary tales and explore societal anxieties. HOOK MAN. URBAN LEGENDS The spread of urban legends has been facilitated by the internet INTERNET. URBAN LEGENDS Social media platforms have accelerated the dissemination of urban legends SOCIAL MEDIA. HAUNTED HOUSES Haunted houses are often associated with ghostly apparitions GHOSTLY APPARITIONS. URBAN LEGENDS Urban legends have a significant impact on popular culture POPULAR CULTURE. INTERNET Social media platforms operate over the internet, facilitating the spread of urban legends SOCIAL MEDIA. URBAN LEGENDS Haunted houses are a common theme in urban legends HAUNTED HOUSES. HAUNTED HOUSES Haunted houses are often associated with ghostly apparitions GHOSTLY APPARITIONS. MYSTERIOUS CREATURES Mysterious creatures are part of the supernatural theme in urban legends SUPERNATURAL.",
    "evaluation": 1
  },
  {
    "correct_answer": "Urban legends were shared orally and passed down through generations.",
    "retrieved_context": "URBAN LEGENDS Ghostly apparitions feature prominently in urban legends GHOSTLY APPARITIONS. URBAN LEGENDS Urban legends are a product of collective imagination and creativity COLLECTIVE IMAGINATION. URBAN LEGENDS Urban legends have been a fascinating aspect of modern folklore for centuries MODERN FOLKLORE. URBAN LEGENDS Mysterious creatures are often subjects of urban legends MYSTERIOUS CREATURES. HOOK MAN The Hook Man legend involves elements of the supernatural or paranormal SUPERNATURAL. MYSTERIOUS CREATURES Mysterious creatures are part of the supernatural theme in urban legends SUPERNATURAL. URBAN LEGENDS The supernatural is a central theme in many urban legends SUPERNATURAL. URBAN LEGENDS Urban Legends often encapsulate the essence of fear and the unknown within society, and the Hook Man is a quintessential example of such folklore. This urban legend, known as the Hook Man, embodies common themes of fear and the unknown, illustrating how these narratives are woven into the fabric of cultural storytelling to convey cautionary tales and explore societal anxieties. HOOK MAN. URBAN LEGENDS The spread of urban legends has been facilitated by the internet INTERNET. URBAN LEGENDS Social media platforms have accelerated the dissemination of urban legends SOCIAL MEDIA. HAUNTED HOUSES Haunted houses are often associated with ghostly apparitions GHOSTLY APPARITIONS. URBAN LEGENDS Urban legends have a significant impact on popular culture POPULAR CULTURE. INTERNET Social media platforms operate over the internet, facilitating the spread of urban legends SOCIAL MEDIA. URBAN LEGENDS Haunted houses are a common theme in urban legends HAUNTED HOUSES. HAUNTED HOUSES Haunted houses are often associated with ghostly apparitions GHOSTLY APPARITIONS.",
    "evaluation": 0
  },
  {
    "correct_answer": "Urban legends evolved over time to suit different cultures' interests and fears.",
    "retrieved_context": "URBAN LEGENDS Ghostly apparitions feature prominently in urban legends GHOSTLY APPARITIONS. URBAN LEGENDS Urban legends are a product of collective imagination and creativity COLLECTIVE IMAGINATION. URBAN LEGENDS Urban legends have been a fascinating aspect of modern folklore for centuries MODERN FOLKLORE. URBAN LEGENDS Mysterious creatures are often subjects of urban legends MYSTERIOUS CREATURES. HOOK MAN The Hook Man legend involves elements of the supernatural or paranormal SUPERNATURAL. MYSTERIOUS CREATURES Mysterious creatures are part of the supernatural theme in urban legends SUPERNATURAL. URBAN LEGENDS The supernatural is a central theme in many urban legends SUPERNATURAL. URBAN LEGENDS Urban Legends often encapsulate the essence of fear and the unknown within society, and the Hook Man is a quintessential example of such folklore. This urban legend, known as the Hook Man, embodies common themes of fear and the unknown, illustrating how these narratives are woven into the fabric of cultural storytelling to convey cautionary tales and explore societal anxieties. HOOK MAN. URBAN LEGENDS The spread of urban legends has been facilitated by the internet INTERNET. URBAN LEGENDS Social media platforms have accelerated the dissemination of urban legends SOCIAL MEDIA. HAUNTED HOUSES Haunted houses are often associated with ghostly apparitions GHOSTLY APPARITIONS. URBAN LEGENDS Urban legends have a significant impact on popular culture POPULAR CULTURE. INTERNET Social media platforms operate over the internet, facilitating the spread of urban legends SOCIAL MEDIA. URBAN LEGENDS Haunted houses are a common theme in urban legends HAUNTED HOUSES. HAUNTED HOUSES Haunted houses are often associated with ghostly apparitions GHOSTLY APPARITIONS. MYSTERIOUS CREATURES Mysterious creatures are part of the supernatural theme in urban legends SUPERNATURAL.",
    "evaluation": 0
  },
  {
    "correct_answer": "Urban legends began to spread across regions and continents as societies became more interconnected.",
    "retrieved_context": "URBAN LEGENDS Ghostly apparitions feature prominently in urban legends GHOSTLY APPARITIONS. URBAN LEGENDS Urban legends are a product of collective imagination and creativity COLLECTIVE IMAGINATION. URBAN LEGENDS Urban legends have been a fascinating aspect of modern folklore for centuries MODERN FOLKLORE. URBAN LEGENDS Mysterious creatures are often subjects of urban legends MYSTERIOUS CREATURES. HOOK MAN The Hook Man legend involves elements of the supernatural or paranormal SUPERNATURAL. MYSTERIOUS CREATURES Mysterious creatures are part of the supernatural theme in urban legends SUPERNATURAL. URBAN LEGENDS The supernatural is a central theme in many urban legends SUPERNATURAL. URBAN LEGENDS Urban Legends often encapsulate the essence of fear and the unknown within society, and the Hook Man is a quintessential example of such folklore. This urban legend, known as the Hook Man, embodies common themes of fear and the unknown, illustrating how these narratives are woven into the fabric of cultural storytelling to convey cautionary tales and explore societal anxieties. HOOK MAN. URBAN LEGENDS The spread of urban legends has been facilitated by the internet INTERNET. URBAN LEGENDS Social media platforms have accelerated the dissemination of urban legends SOCIAL MEDIA. HAUNTED HOUSES Haunted houses are often associated with ghostly apparitions GHOSTLY APPARITIONS. URBAN LEGENDS Urban legends have a significant impact on popular culture POPULAR CULTURE. INTERNET Social media platforms operate over the internet, facilitating the spread of urban legends SOCIAL MEDIA. URBAN LEGENDS Haunted houses are a common theme in urban legends HAUNTED HOUSES. INTERNET Social media platforms operate over the internet, facilitating the spread of urban legends SOCIAL MEDIA. HAUNTED HOUSES Haunted houses are often associated with ghostly apparitions GHOSTLY APPARITIONS.",
    "evaluation": 0
  },
  {
    "correct_answer": "One famous urban legend is that of the 'Hook Man'.",
    "retrieved_context": "HOOK MAN The Hook Man legend involves elements of the supernatural or paranormal SUPERNATURAL. URBAN LEGENDS Ghostly apparitions feature prominently in urban legends GHOSTLY APPARITIONS. URBAN LEGENDS Urban legends are a product of collective imagination and creativity COLLECTIVE IMAGINATION. URBAN LEGENDS Urban legends have been a fascinating aspect of modern folklore for centuries MODERN FOLKLORE. URBAN LEGENDS Mysterious creatures are often subjects of urban legends MYSTERIOUS CREATURES. HOOK MAN The Hook Man legend involves elements of the supernatural or paranormal SUPERNATURAL. MYSTERIOUS CREATURES Mysterious creatures are part of the supernatural theme in urban legends SUPERNATURAL. URBAN LEGENDS The supernatural is a central theme in many urban legends SUPERNATURAL. URBAN LEGENDS Urban Legends often encapsulate the essence of fear and the unknown within society, and the Hook Man is a quintessential example of such folklore. This urban legend, known as the Hook Man, embodies common themes of fear and the unknown, illustrating how these narratives are woven into the fabric of cultural storytelling to convey cautionary tales and explore societal anxieties. HOOK MAN. URBAN LEGENDS The spread of urban legends has been facilitated by the internet INTERNET. URBAN LEGENDS Social media platforms have accelerated the dissemination of urban legends SOCIAL MEDIA. HAUNTED HOUSES Haunted houses are often associated with ghostly apparitions GHOSTLY APPARITIONS. URBAN LEGENDS Urban legends have a significant impact on popular culture POPULAR CULTURE. INTERNET Social media platforms operate over the internet, facilitating the spread of urban legends SOCIAL MEDIA. URBAN LEGENDS Haunted houses are a common theme in urban legends HAUNTED HOUSES. HAUNTED HOUSES Haunted houses are often associated with ghostly apparitions GHOSTLY APPARITIONS. INTERNET Social media platforms operate over the internet, facilitating the spread of urban legends SOCIAL MEDIA.",
    "evaluation": 1
  },
  {
    "correct_answer": "The 'Hook Man' legend involves a young couple in a secluded area.",
    "retrieved_context": "HOOK MAN The Hook Man legend involves elements of the supernatural or paranormal SUPERNATURAL. URBAN LEGENDS Ghostly apparitions feature prominently in urban legends GHOSTLY APPARITIONS. URBAN LEGENDS Urban legends are a product of collective imagination and creativity COLLECTIVE IMAGINATION. URBAN LEGENDS Urban legends have been a fascinating aspect of modern folklore for centuries MODERN FOLKLORE. URBAN LEGENDS Mysterious creatures are often subjects of urban legends MYSTERIOUS CREATURES. HOOK MAN The Hook Man legend involves elements of the supernatural or paranormal SUPERNATURAL. MYSTERIOUS CREATURES Mysterious creatures are part of the supernatural theme in urban legends SUPERNATURAL. URBAN LEGENDS The supernatural is a central theme in many urban legends SUPERNATURAL. URBAN LEGENDS Urban Legends often encapsulate the essence of fear and the unknown within society, and the Hook Man is a quintessential example of such folklore. This urban legend, known as the Hook Man, embodies common themes of fear and the unknown, illustrating how these narratives are woven into the fabric of cultural storytelling to convey cautionary tales and explore societal anxieties. HOOK MAN. URBAN LEGENDS The spread of urban legends has been facilitated by the internet INTERNET. URBAN LEGENDS Social media platforms have accelerated the dissemination of urban legends SOCIAL MEDIA. HAUNTED HOUSES Haunted houses are often associated with ghostly apparitions GHOSTLY APPARITIONS. URBAN LEGENDS Urban legends have a significant impact on popular culture POPULAR CULTURE. INTERNET Social media platforms operate over the internet, facilitating the spread of urban legends SOCIAL MEDIA. URBAN LEGENDS Haunted houses are a common theme in urban legends HAUNTED HOUSES. MYSTERIOUS CREATURES Mysterious creatures are part of the supernatural theme in urban legends SUPERNATURAL. HAUNTED HOUSES Haunted houses are often associated with ghostly apparitions GHOSTLY APPARITIONS.",
    "evaluation": 0
  },
  {
    "correct_answer": "The 'Hook Man' legend features a news report about an escaped criminal with a hook for a hand.",
    "retrieved_context": "HOOK MAN The Hook Man legend involves elements of the supernatural or paranormal SUPERNATURAL. URBAN LEGENDS Ghostly apparitions feature prominently in urban legends GHOSTLY APPARITIONS. URBAN LEGENDS Urban legends are a product of collective imagination and creativity COLLECTIVE IMAGINATION. URBAN LEGENDS Urban legends have been a fascinating aspect of modern folklore for centuries MODERN FOLKLORE. URBAN LEGENDS Mysterious creatures are often subjects of urban legends MYSTERIOUS CREATURES. HOOK MAN The Hook Man legend involves elements of the supernatural or paranormal SUPERNATURAL. MYSTERIOUS CREATURES Mysterious creatures are part of the supernatural theme in urban legends SUPERNATURAL. URBAN LEGENDS The supernatural is a central theme in many urban legends SUPERNATURAL. URBAN LEGENDS Urban Legends often encapsulate the essence of fear and the unknown within society, and the Hook Man is a quintessential example of such folklore. This urban legend, known as the Hook Man, embodies common themes of fear and the unknown, illustrating how these narratives are woven into the fabric of cultural storytelling to convey cautionary tales and explore societal anxieties. HOOK MAN. URBAN LEGENDS The spread of urban legends has been facilitated by the internet INTERNET. URBAN LEGENDS Social media platforms have accelerated the dissemination of urban legends SOCIAL MEDIA. HAUNTED HOUSES Haunted houses are often associated with ghostly apparitions GHOSTLY APPARITIONS. URBAN LEGENDS Urban legends have a significant impact on popular culture POPULAR CULTURE. INTERNET Social media platforms operate over the internet, facilitating the spread of urban legends SOCIAL MEDIA. URBAN LEGENDS Haunted houses are a common theme in urban legends HAUNTED HOUSES. MYSTERIOUS CREATURES Mysterious creatures are part of the supernatural theme in urban legends SUPERNATURAL. INTERNET Social media platforms operate over the internet, facilitating the spread of urban legends SOCIAL MEDIA.",
    "evaluation": 0
  },
  {
    "correct_answer": "Urban legends often involve stories of haunted houses, ghostly apparitions, and mysterious creatures.",
    "retrieved_context": "HAUNTED HOUSES Haunted houses are often associated with ghostly apparitions GHOSTLY APPARITIONS. URBAN LEGENDS Ghostly apparitions feature prominently in urban legends GHOSTLY APPARITIONS. URBAN LEGENDS Urban legends are a product of collective imagination and creativity COLLECTIVE IMAGINATION. URBAN LEGENDS Urban legends have been a fascinating aspect of modern folklore for centuries MODERN FOLKLORE. URBAN LEGENDS Mysterious creatures are often subjects of urban legends MYSTERIOUS CREATURES. HOOK MAN The Hook Man legend involves elements of the supernatural or paranormal SUPERNATURAL. MYSTERIOUS CREATURES Mysterious creatures are part of the supernatural theme in urban legends SUPERNATURAL. URBAN LEGENDS The supernatural is a central theme in many urban legends SUPERNATURAL. URBAN LEGENDS Urban Legends often encapsulate the essence of fear and the unknown within society, and the Hook Man is a quintessential example of such folklore. This urban legend, known as the Hook Man, embodies common themes of fear and the unknown, illustrating how these narratives are woven into the fabric of cultural storytelling to convey cautionary tales and explore societal anxieties. HOOK MAN. URBAN LEGENDS The spread of urban legends has been facilitated by the internet INTERNET. URBAN LEGENDS Social media platforms have accelerated the dissemination of urban legends SOCIAL MEDIA. HAUNTED HOUSES Haunted houses are often associated with ghostly apparitions GHOSTLY APPARITIONS. URBAN LEGENDS Urban legends have a significant impact on popular culture POPULAR CULTURE. INTERNET Social media platforms operate over the internet, facilitating the spread of urban legends SOCIAL MEDIA. URBAN LEGENDS Haunted houses are a common theme in urban legends HAUNTED HOUSES. MYSTERIOUS CREATURES Mysterious creatures are part of the supernatural theme in urban legends SUPERNATURAL.",
    "evaluation": 1
  },
  {
    "correct_answer": "Urban legends blur the line between fact and fiction.",
    "retrieved_context": "URBAN LEGENDS Ghostly apparitions feature prominently in urban legends GHOSTLY APPARITIONS. URBAN LEGENDS Urban legends are a product of collective imagination and creativity COLLECTIVE IMAGINATION. URBAN LEGENDS Urban legends have been a fascinating aspect of modern folklore for centuries MODERN FOLKLORE. URBAN LEGENDS Mysterious creatures are often subjects of urban legends MYSTERIOUS CREATURES. HOOK MAN The Hook Man legend involves elements of the supernatural or paranormal SUPERNATURAL. MYSTERIOUS CREATURES Mysterious creatures are part of the supernatural theme in urban legends SUPERNATURAL. URBAN LEGENDS The supernatural is a central theme in many urban legends SUPERNATURAL. URBAN LEGENDS Urban Legends often encapsulate the essence of fear and the unknown within society, and the Hook Man is a quintessential example of such folklore. This urban legend, known as the Hook Man, embodies common themes of fear and the unknown, illustrating how these narratives are woven into the fabric of cultural storytelling to convey cautionary tales and explore societal anxieties. HOOK MAN. URBAN LEGENDS The spread of urban legends has been facilitated by the internet INTERNET. URBAN LEGENDS Social media platforms have accelerated the dissemination of urban legends SOCIAL MEDIA. HAUNTED HOUSES Haunted houses are often associated with ghostly apparitions GHOSTLY APPARITIONS. URBAN LEGENDS Urban legends have a significant impact on popular culture POPULAR CULTURE. INTERNET Social media platforms operate over the internet, facilitating the spread of urban legends SOCIAL MEDIA. URBAN LEGENDS Haunted houses are a common theme in urban legends HAUNTED HOUSES. INTERNET Social media platforms operate over the internet, facilitating the spread of urban legends SOCIAL MEDIA. HAUNTED HOUSES Haunted houses are often associated with ghostly apparitions GHOSTLY APPARITIONS.",
    "evaluation": 0
  },
  {
    "correct_answer": "Urban legends serve as cautionary tales reflecting society's fears and anxieties.",
    "retrieved_context": "URBAN LEGENDS Ghostly apparitions feature prominently in urban legends GHOSTLY APPARITIONS. URBAN LEGENDS Urban legends are a product of collective imagination and creativity COLLECTIVE IMAGINATION. URBAN LEGENDS Urban legends have been a fascinating aspect of modern folklore for centuries MODERN FOLKLORE. URBAN LEGENDS Mysterious creatures are often subjects of urban legends MYSTERIOUS CREATURES. HOOK MAN The Hook Man legend involves elements of the supernatural or paranormal SUPERNATURAL. MYSTERIOUS CREATURES Mysterious creatures are part of the supernatural theme in urban legends SUPERNATURAL. URBAN LEGENDS The supernatural is a central theme in many urban legends SUPERNATURAL. URBAN LEGENDS Urban Legends often encapsulate the essence of fear and the unknown within society, and the Hook Man is a quintessential example of such folklore. This urban legend, known as the Hook Man, embodies common themes of fear and the unknown, illustrating how these narratives are woven into the fabric of cultural storytelling to convey cautionary tales and explore societal anxieties. HOOK MAN. URBAN LEGENDS The spread of urban legends has been facilitated by the internet INTERNET. URBAN LEGENDS Social media platforms have accelerated the dissemination of urban legends SOCIAL MEDIA. HAUNTED HOUSES Haunted houses are often associated with ghostly apparitions GHOSTLY APPARITIONS. URBAN LEGENDS Urban legends have a significant impact on popular culture POPULAR CULTURE. INTERNET Social media platforms operate over the internet, facilitating the spread of urban legends SOCIAL MEDIA. URBAN LEGENDS Haunted houses are a common theme in urban legends HAUNTED HOUSES. HAUNTED HOUSES Haunted houses are often associated with ghostly apparitions GHOSTLY APPARITIONS. MYSTERIOUS CREATURES Mysterious creatures are part of the supernatural theme in urban legends SUPERNATURAL.",
    "evaluation": 1
  },
  {
    "accuracy": "33.33%"
  }
]