[
  {
    "correct_answer": "Sir Alexander Fleming discovered penicillin in 1928.",
    "retrieved_context": "SIR ALEXANDER FLEMING Sir Alexander Fleming identified the Penicillium genus mold as the source of penicillin PENICILLIUM GENUS. PENICILLIN Penicillin was discovered when Fleming observed its effect on Staphylococcus bacteria STAPHYLOCOCCUS. PENICILLIN Howard Florey was instrumental in the purification and successful demonstration of penicillin's efficacy HOWARD FLOREY. HOWARD FLOREY Howard Florey was part of the University of Oxford team that worked on penicillin UNIVERSITY OF OXFORD. PENICILLIN Penicillin revolutionized the treatment of bacterial infections, significantly reducing mortality rates BACTERIAL INFECTIONS. PENICILLIN Penicillin is the first discovered antibiotic and led to the widespread use of antibiotics in medicine ANTIBIOTICS. PENICILLIN The Penicillium genus mold was responsible for producing penicillin, which Fleming identified for its antibacterial properties PENICILLIUM GENUS. SIR ALEXANDER FLEMING Sir Alexander Fleming made his discovery of penicillin while working at St. Mary's Hospital ST. MARY'S HOSPITAL. ANTIBIOTICS The overuse and misuse of antibiotics have led to the emergence of antibiotic-resistant bacteria ANTIBIOTIC-RESISTANT BACTERIA. ERNST CHAIN Ernst Chain was part of the University of Oxford team that worked on penicillin UNIVERSITY OF OXFORD. PENICILLIN Ernst Chain was instrumental in the purification and successful demonstration of penicillin's efficacy ERNST CHAIN. PENICILLIN Sir Alexander Fleming is credited with the discovery of penicillin, marking a significant breakthrough in medical history. This groundbreaking event is recognized as one of the most important developments in the field of medicine, highlighting Fleming's pivotal role in the advancement of antibiotic treatment. SIR ALEXANDER FLEMING. PENICILLIN The use of penicillin during World War II significantly impacted the survival rates of soldiers and civilians WORLD WAR II. SIR ALEXANDER FLEMING Sir Alexander Fleming identified the Penicillium genus mold as the source of penicillin PENICILLIUM GENUS. SIR ALEXANDER FLEMING Sir Alexander Fleming made his discovery of penicillin while working at St. Mary's Hospital ST. MARY'S HOSPITAL. ANTIBIOTICS The overuse and misuse of antibiotics have led to the emergence of antibiotic-resistant bacteria ANTIBIOTIC-RESISTANT BACTERIA.",
    "evaluation": 0
  },
  {
    "correct_answer": "Fleming was researching the properties of Staphylococcus bacteria.",
    "retrieved_context": "SIR ALEXANDER FLEMING Sir Alexander Fleming identified the Penicillium genus mold as the source of penicillin PENICILLIUM GENUS. SIR ALEXANDER FLEMING Sir Alexander Fleming made his discovery of penicillin while working at St. Mary's Hospital ST. MARY'S HOSPITAL. ANTIBIOTICS The overuse and misuse of antibiotics have led to the emergence of antibiotic-resistant bacteria ANTIBIOTIC-RESISTANT BACTERIA. SIR ALEXANDER FLEMING Sir Alexander Fleming identified the Penicillium genus mold as the source of penicillin PENICILLIUM GENUS. PENICILLIN Penicillin was discovered when Fleming observed its effect on Staphylococcus bacteria STAPHYLOCOCCUS. PENICILLIN Howard Florey was instrumental in the purification and successful demonstration of penicillin's efficacy HOWARD FLOREY. HOWARD FLOREY Howard Florey was part of the University of Oxford team that worked on penicillin UNIVERSITY OF OXFORD. PENICILLIN Penicillin revolutionized the treatment of bacterial infections, significantly reducing mortality rates BACTERIAL INFECTIONS. PENICILLIN Penicillin is the first discovered antibiotic and led to the widespread use of antibiotics in medicine ANTIBIOTICS. PENICILLIN The Penicillium genus mold was responsible for producing penicillin, which Fleming identified for its antibacterial properties PENICILLIUM GENUS. SIR ALEXANDER FLEMING Sir Alexander Fleming made his discovery of penicillin while working at St. Mary's Hospital ST. MARY'S HOSPITAL. ANTIBIOTICS The overuse and misuse of antibiotics have led to the emergence of antibiotic-resistant bacteria ANTIBIOTIC-RESISTANT BACTERIA. ERNST CHAIN Ernst Chain was part of the University of Oxford team that worked on penicillin UNIVERSITY OF OXFORD. PENICILLIN Ernst Chain was instrumental in the purification and successful demonstration of penicillin's efficacy ERNST CHAIN. PENICILLIN Sir Alexander Fleming is credited with the discovery of penicillin, marking a significant breakthrough in medical history. This groundbreaking event is recognized as one of the most important developments in the field of medicine, highlighting Fleming's pivotal role in the advancement of antibiotic treatment. SIR ALEXANDER FLEMING. PENICILLIN The use of penicillin during World War II significantly impacted the survival rates of soldiers and civilians WORLD WAR II.",
    "evaluation": 1
  },
  {
    "correct_answer": "Fleming observed that a mold contaminated a petri dish with Staphylococcus bacteria.",
    "retrieved_context": "ANTIBIOTICS The overuse and misuse of antibiotics have led to the emergence of antibiotic-resistant bacteria ANTIBIOTIC-RESISTANT BACTERIA. SIR ALEXANDER FLEMING Sir Alexander Fleming identified the Penicillium genus mold as the source of penicillin PENICILLIUM GENUS. PENICILLIN Penicillin was discovered when Fleming observed its effect on Staphylococcus bacteria STAPHYLOCOCCUS. PENICILLIN Howard Florey was instrumental in the purification and successful demonstration of penicillin's efficacy HOWARD FLOREY. HOWARD FLOREY Howard Florey was part of the University of Oxford team that worked on penicillin UNIVERSITY OF OXFORD. PENICILLIN Penicillin revolutionized the treatment of bacterial infections, significantly reducing mortality rates BACTERIAL INFECTIONS. PENICILLIN Penicillin is the first discovered antibiotic and led to the widespread use of antibiotics in medicine ANTIBIOTICS. PENICILLIN The Penicillium genus mold was responsible for producing penicillin, which Fleming identified for its antibacterial properties PENICILLIUM GENUS. SIR ALEXANDER FLEMING Sir Alexander Fleming made his discovery of penicillin while working at St. Mary's Hospital ST. MARY'S HOSPITAL. ANTIBIOTICS The overuse and misuse of antibiotics have led to the emergence of antibiotic-resistant bacteria ANTIBIOTIC-RESISTANT BACTERIA. ERNST CHAIN Ernst Chain was part of the University of Oxford team that worked on penicillin UNIVERSITY OF OXFORD. PENICILLIN Ernst Chain was instrumental in the purification and successful demonstration of penicillin's efficacy ERNST CHAIN. PENICILLIN Sir Alexander Fleming is credited with the discovery of penicillin, marking a significant breakthrough in medical history. This groundbreaking event is recognized as one of the most important developments in the field of medicine, highlighting Fleming's pivotal role in the advancement of antibiotic treatment. SIR ALEXANDER FLEMING. PENICILLIN The use of penicillin during World War II significantly impacted the survival rates of soldiers and civilians WORLD WAR II. SIR ALEXANDER FLEMING Sir Alexander Fleming identified the Penicillium genus mold as the source of penicillin PENICILLIUM GENUS. SIR ALEXANDER FLEMING Sir Alexander Fleming made his discovery of penicillin while working at St. Mary's Hospital ST. MARY'S HOSPITAL.",
    "evaluation": 0
  },
  {
    "correct_answer": "The mold was identified as belonging to the Penicillium genus.",
    "retrieved_context": "SIR ALEXANDER FLEMING Sir Alexander Fleming identified the Penicillium genus mold as the source of penicillin PENICILLIUM GENUS. PENICILLIN Penicillin was discovered when Fleming observed its effect on Staphylococcus bacteria STAPHYLOCOCCUS. PENICILLIN Howard Florey was instrumental in the purification and successful demonstration of penicillin's efficacy HOWARD FLOREY. HOWARD FLOREY Howard Florey was part of the University of Oxford team that worked on penicillin UNIVERSITY OF OXFORD. PENICILLIN Penicillin revolutionized the treatment of bacterial infections, significantly reducing mortality rates BACTERIAL INFECTIONS. PENICILLIN Penicillin is the first discovered antibiotic and led to the widespread use of antibiotics in medicine ANTIBIOTICS. PENICILLIN The Penicillium genus mold was responsible for producing penicillin, which Fleming identified for its antibacterial properties PENICILLIUM GENUS. SIR ALEXANDER FLEMING Sir Alexander Fleming made his discovery of penicillin while working at St. Mary's Hospital ST. MARY'S HOSPITAL. ANTIBIOTICS The overuse and misuse of antibiotics have led to the emergence of antibiotic-resistant bacteria ANTIBIOTIC-RESISTANT BACTERIA. ERNST CHAIN Ernst Chain was part of the University of Oxford team that worked on penicillin UNIVERSITY OF OXFORD. PENICILLIN Ernst Chain was instrumental in the purification and successful demonstration of penicillin's efficacy ERNST CHAIN. PENICILLIN Sir Alexander Fleming is credited with the discovery of penicillin, marking a significant breakthrough in medical history. This groundbreaking event is recognized as one of the most important developments in the field of medicine, highlighting Fleming's pivotal role in the advancement of antibiotic treatment. SIR ALEXANDER FLEMING. PENICILLIN The use of penicillin during World War II significantly impacted the survival rates of soldiers and civilians WORLD WAR II. ANTIBIOTICS The overuse and misuse of antibiotics have led to the emergence of antibiotic-resistant bacteria ANTIBIOTIC-RESISTANT BACTERIA. ERNST CHAIN Ernst Chain was part of the University of Oxford team that worked on penicillin UNIVERSITY OF OXFORD. SIR ALEXANDER FLEMING Sir Alexander Fleming identified the Penicillium genus mold as the source of penicillin PENICILLIUM GENUS. SIR ALEXANDER FLEMING Sir Alexander Fleming made his discovery of penicillin while working at St. Mary's Hospital ST. MARY'S HOSPITAL.",
    "evaluation": 1
  },
  {
    "correct_answer": "The bacteria surrounding the mold were being destroyed.",
    "retrieved_context": "ANTIBIOTICS The overuse and misuse of antibiotics have led to the emergence of antibiotic-resistant bacteria ANTIBIOTIC-RESISTANT BACTERIA. SIR ALEXANDER FLEMING Sir Alexander Fleming identified the Penicillium genus mold as the source of penicillin PENICILLIUM GENUS. PENICILLIN Penicillin was discovered when Fleming observed its effect on Staphylococcus bacteria STAPHYLOCOCCUS. PENICILLIN Howard Florey was instrumental in the purification and successful demonstration of penicillin's efficacy HOWARD FLOREY. HOWARD FLOREY Howard Florey was part of the University of Oxford team that worked on penicillin UNIVERSITY OF OXFORD. PENICILLIN Penicillin revolutionized the treatment of bacterial infections, significantly reducing mortality rates BACTERIAL INFECTIONS. PENICILLIN Penicillin is the first discovered antibiotic and led to the widespread use of antibiotics in medicine ANTIBIOTICS. PENICILLIN The Penicillium genus mold was responsible for producing penicillin, which Fleming identified for its antibacterial properties PENICILLIUM GENUS. SIR ALEXANDER FLEMING Sir Alexander Fleming made his discovery of penicillin while working at St. Mary's Hospital ST. MARY'S HOSPITAL. ANTIBIOTICS The overuse and misuse of antibiotics have led to the emergence of antibiotic-resistant bacteria ANTIBIOTIC-RESISTANT BACTERIA. ERNST CHAIN Ernst Chain was part of the University of Oxford team that worked on penicillin UNIVERSITY OF OXFORD. PENICILLIN Ernst Chain was instrumental in the purification and successful demonstration of penicillin's efficacy ERNST CHAIN. PENICILLIN Sir Alexander Fleming is credited with the discovery of penicillin, marking a significant breakthrough in medical history. This groundbreaking event is recognized as one of the most important developments in the field of medicine, highlighting Fleming's pivotal role in the advancement of antibiotic treatment. SIR ALEXANDER FLEMING. PENICILLIN The use of penicillin during World War II significantly impacted the survival rates of soldiers and civilians WORLD WAR II. ERNST CHAIN Ernst Chain was part of the University of Oxford team that worked on penicillin UNIVERSITY OF OXFORD.",
    "evaluation": 0
  },
  {
    "correct_answer": "Fleming hypothesized that the mold was producing a substance with antibacterial properties.",
    "retrieved_context": "ANTIBIOTICS The overuse and misuse of antibiotics have led to the emergence of antibiotic-resistant bacteria ANTIBIOTIC-RESISTANT BACTERIA. SIR ALEXANDER FLEMING Sir Alexander Fleming identified the Penicillium genus mold as the source of penicillin PENICILLIUM GENUS. PENICILLIN Penicillin was discovered when Fleming observed its effect on Staphylococcus bacteria STAPHYLOCOCCUS. PENICILLIN Howard Florey was instrumental in the purification and successful demonstration of penicillin's efficacy HOWARD FLOREY. HOWARD FLOREY Howard Florey was part of the University of Oxford team that worked on penicillin UNIVERSITY OF OXFORD. PENICILLIN Penicillin revolutionized the treatment of bacterial infections, significantly reducing mortality rates BACTERIAL INFECTIONS. PENICILLIN Penicillin is the first discovered antibiotic and led to the widespread use of antibiotics in medicine ANTIBIOTICS. PENICILLIN The Penicillium genus mold was responsible for producing penicillin, which Fleming identified for its antibacterial properties PENICILLIUM GENUS. SIR ALEXANDER FLEMING Sir Alexander Fleming made his discovery of penicillin while working at St. Mary's Hospital ST. MARY'S HOSPITAL. ANTIBIOTICS The overuse and misuse of antibiotics have led to the emergence of antibiotic-resistant bacteria ANTIBIOTIC-RESISTANT BACTERIA. ERNST CHAIN Ernst Chain was part of the University of Oxford team that worked on penicillin UNIVERSITY OF OXFORD. PENICILLIN Ernst Chain was instrumental in the purification and successful demonstration of penicillin's efficacy ERNST CHAIN. PENICILLIN Sir Alexander Fleming is credited with the discovery of penicillin, marking a significant breakthrough in medical history. This groundbreaking event is recognized as one of the most important developments in the field of medicine, highlighting Fleming's pivotal role in the advancement of antibiotic treatment. SIR ALEXANDER FLEMING. PENICILLIN The use of penicillin during World War II significantly impacted the survival rates of soldiers and civilians WORLD WAR II. SIR ALEXANDER FLEMING Sir Alexander Fleming identified the Penicillium genus mold as the source of penicillin PENICILLIUM GENUS. SIR ALEXANDER FLEMING Sir Alexander Fleming made his discovery of penicillin while working at St. Mary's Hospital ST. MARY'S HOSPITAL. ERNST CHAIN Ernst Chain was part of the University of Oxford team that worked on penicillin UNIVERSITY OF OXFORD.",
    "evaluation": 1
  },
  {
    "correct_answer": "Fleming named the substance produced by the mold as penicillin.",
    "retrieved_context": "SIR ALEXANDER FLEMING Sir Alexander Fleming identified the Penicillium genus mold as the source of penicillin PENICILLIUM GENUS. PENICILLIN Penicillin was discovered when Fleming observed its effect on Staphylococcus bacteria STAPHYLOCOCCUS. PENICILLIN Howard Florey was instrumental in the purification and successful demonstration of penicillin's efficacy HOWARD FLOREY. HOWARD FLOREY Howard Florey was part of the University of Oxford team that worked on penicillin UNIVERSITY OF OXFORD. PENICILLIN Penicillin revolutionized the treatment of bacterial infections, significantly reducing mortality rates BACTERIAL INFECTIONS. PENICILLIN Penicillin is the first discovered antibiotic and led to the widespread use of antibiotics in medicine ANTIBIOTICS. PENICILLIN The Penicillium genus mold was responsible for producing penicillin, which Fleming identified for its antibacterial properties PENICILLIUM GENUS. SIR ALEXANDER FLEMING Sir Alexander Fleming made his discovery of penicillin while working at St. Mary's Hospital ST. MARY'S HOSPITAL. ANTIBIOTICS The overuse and misuse of antibiotics have led to the emergence of antibiotic-resistant bacteria ANTIBIOTIC-RESISTANT BACTERIA. ERNST CHAIN Ernst Chain was part of the University of Oxford team that worked on penicillin UNIVERSITY OF OXFORD. PENICILLIN Ernst Chain was instrumental in the purification and successful demonstration of penicillin's efficacy ERNST CHAIN. PENICILLIN Sir Alexander Fleming is credited with the discovery of penicillin, marking a significant breakthrough in medical history. This groundbreaking event is recognized as one of the most important developments in the field of medicine, highlighting Fleming's pivotal role in the advancement of antibiotic treatment. SIR ALEXANDER FLEMING. PENICILLIN The use of penicillin during World War II significantly impacted the survival rates of soldiers and civilians WORLD WAR II. ANTIBIOTICS The overuse and misuse of antibiotics have led to the emergence of antibiotic-resistant bacteria ANTIBIOTIC-RESISTANT BACTERIA. SIR ALEXANDER FLEMING Sir Alexander Fleming identified the Penicillium genus mold as the source of penicillin PENICILLIUM GENUS. SIR ALEXANDER FLEMING Sir Alexander Fleming made his discovery of penicillin while working at St. Mary's Hospital ST. MARY'S HOSPITAL. ERNST CHAIN Ernst Chain was part of the University of Oxford team that worked on penicillin UNIVERSITY OF OXFORD.",
    "evaluation": 0
  },
  {
    "correct_answer": "Penicillin was the first antibiotic drug developed.",
    "retrieved_context": "SIR ALEXANDER FLEMING Sir Alexander Fleming identified the Penicillium genus mold as the source of penicillin PENICILLIUM GENUS. PENICILLIN Penicillin was discovered when Fleming observed its effect on Staphylococcus bacteria STAPHYLOCOCCUS. PENICILLIN Howard Florey was instrumental in the purification and successful demonstration of penicillin's efficacy HOWARD FLOREY. HOWARD FLOREY Howard Florey was part of the University of Oxford team that worked on penicillin UNIVERSITY OF OXFORD. PENICILLIN Penicillin revolutionized the treatment of bacterial infections, significantly reducing mortality rates BACTERIAL INFECTIONS. PENICILLIN Penicillin is the first discovered antibiotic and led to the widespread use of antibiotics in medicine ANTIBIOTICS. PENICILLIN The Penicillium genus mold was responsible for producing penicillin, which Fleming identified for its antibacterial properties PENICILLIUM GENUS. SIR ALEXANDER FLEMING Sir Alexander Fleming made his discovery of penicillin while working at St. Mary's Hospital ST. MARY'S HOSPITAL. ANTIBIOTICS The overuse and misuse of antibiotics have led to the emergence of antibiotic-resistant bacteria ANTIBIOTIC-RESISTANT BACTERIA. ERNST CHAIN Ernst Chain was part of the University of Oxford team that worked on penicillin UNIVERSITY OF OXFORD. PENICILLIN Ernst Chain was instrumental in the purification and successful demonstration of penicillin's efficacy ERNST CHAIN. PENICILLIN Sir Alexander Fleming is credited with the discovery of penicillin, marking a significant breakthrough in medical history. This groundbreaking event is recognized as one of the most important developments in the field of medicine, highlighting Fleming's pivotal role in the advancement of antibiotic treatment. SIR ALEXANDER FLEMING. PENICILLIN The use of penicillin during World War II significantly impacted the survival rates of soldiers and civilians WORLD WAR II. ANTIBIOTICS The overuse and misuse of antibiotics have led to the emergence of antibiotic-resistant bacteria ANTIBIOTIC-RESISTANT BACTERIA. SIR ALEXANDER FLEMING Sir Alexander Fleming identified the Penicillium genus mold as the source of penicillin PENICILLIUM GENUS. SIR ALEXANDER FLEMING Sir Alexander Fleming made his discovery of penicillin while working at St. Mary's Hospital ST. MARY'S HOSPITAL.",
    "evaluation": 1
  },
  {
    "correct_answer": "Howard Florey and Ernst Chain successfully purified penicillin in the early 1940s.",
    "retrieved_context": "SIR ALEXANDER FLEMING Sir Alexander Fleming identified the Penicillium genus mold as the source of penicillin PENICILLIUM GENUS. PENICILLIN Penicillin was discovered when Fleming observed its effect on Staphylococcus bacteria STAPHYLOCOCCUS. PENICILLIN Howard Florey was instrumental in the purification and successful demonstration of penicillin's efficacy HOWARD FLOREY. HOWARD FLOREY Howard Florey was part of the University of Oxford team that worked on penicillin UNIVERSITY OF OXFORD. PENICILLIN Penicillin revolutionized the treatment of bacterial infections, significantly reducing mortality rates BACTERIAL INFECTIONS. PENICILLIN Penicillin is the first discovered antibiotic and led to the widespread use of antibiotics in medicine ANTIBIOTICS. PENICILLIN The Penicillium genus mold was responsible for producing penicillin, which Fleming identified for its antibacterial properties PENICILLIUM GENUS. SIR ALEXANDER FLEMING Sir Alexander Fleming made his discovery of penicillin while working at St. Mary's Hospital ST. MARY'S HOSPITAL. ANTIBIOTICS The overuse and misuse of antibiotics have led to the emergence of antibiotic-resistant bacteria ANTIBIOTIC-RESISTANT BACTERIA. ERNST CHAIN Ernst Chain was part of the University of Oxford team that worked on penicillin UNIVERSITY OF OXFORD. PENICILLIN Ernst Chain was instrumental in the purification and successful demonstration of penicillin's efficacy ERNST CHAIN. PENICILLIN Sir Alexander Fleming is credited with the discovery of penicillin, marking a significant breakthrough in medical history. This groundbreaking event is recognized as one of the most important developments in the field of medicine, highlighting Fleming's pivotal role in the advancement of antibiotic treatment. SIR ALEXANDER FLEMING. PENICILLIN The use of penicillin during World War II significantly impacted the survival rates of soldiers and civilians WORLD WAR II. ANTIBIOTICS The overuse and misuse of antibiotics have led to the emergence of antibiotic-resistant bacteria ANTIBIOTIC-RESISTANT BACTERIA. ERNST CHAIN Ernst Chain was part of the University of Oxford team that worked on penicillin UNIVERSITY OF OXFORD. HOWARD FLOREY Howard Florey was part of the University of Oxford team that worked on penicillin UNIVERSITY OF OXFORD. SIR ALEXANDER FLEMING Sir Alexander Fleming identified the Penicillium genus mold as the source of penicillin PENICILLIUM GENUS. SIR ALEXANDER FLEMING Sir Alexander Fleming made his discovery of penicillin while working at St. Mary's Hospital ST. MARY'S HOSPITAL.",
    "evaluation": 1
  },
  {
    "correct_answer": "Penicillin was demonstrated to be effective in treating bacterial infections.",
    "retrieved_context": "SIR ALEXANDER FLEMING Sir Alexander Fleming identified the Penicillium genus mold as the source of penicillin PENICILLIUM GENUS. PENICILLIN Penicillin was discovered when Fleming observed its effect on Staphylococcus bacteria STAPHYLOCOCCUS. PENICILLIN Howard Florey was instrumental in the purification and successful demonstration of penicillin's efficacy HOWARD FLOREY. HOWARD FLOREY Howard Florey was part of the University of Oxford team that worked on penicillin UNIVERSITY OF OXFORD. PENICILLIN Penicillin revolutionized the treatment of bacterial infections, significantly reducing mortality rates BACTERIAL INFECTIONS. PENICILLIN Penicillin is the first discovered antibiotic and led to the widespread use of antibiotics in medicine ANTIBIOTICS. PENICILLIN The Penicillium genus mold was responsible for producing penicillin, which Fleming identified for its antibacterial properties PENICILLIUM GENUS. SIR ALEXANDER FLEMING Sir Alexander Fleming made his discovery of penicillin while working at St. Mary's Hospital ST. MARY'S HOSPITAL. ANTIBIOTICS The overuse and misuse of antibiotics have led to the emergence of antibiotic-resistant bacteria ANTIBIOTIC-RESISTANT BACTERIA. ERNST CHAIN Ernst Chain was part of the University of Oxford team that worked on penicillin UNIVERSITY OF OXFORD. PENICILLIN Ernst Chain was instrumental in the purification and successful demonstration of penicillin's efficacy ERNST CHAIN. PENICILLIN Sir Alexander Fleming is credited with the discovery of penicillin, marking a significant breakthrough in medical history. This groundbreaking event is recognized as one of the most important developments in the field of medicine, highlighting Fleming's pivotal role in the advancement of antibiotic treatment. SIR ALEXANDER FLEMING. PENICILLIN The use of penicillin during World War II significantly impacted the survival rates of soldiers and civilians WORLD WAR II. ANTIBIOTICS The overuse and misuse of antibiotics have led to the emergence of antibiotic-resistant bacteria ANTIBIOTIC-RESISTANT BACTERIA. SIR ALEXANDER FLEMING Sir Alexander Fleming identified the Penicillium genus mold as the source of penicillin PENICILLIUM GENUS. SIR ALEXANDER FLEMING Sir Alexander Fleming made his discovery of penicillin while working at St. Mary's Hospital ST. MARY'S HOSPITAL.",
    "evaluation": 1
  },
  {
    "correct_answer": "The discovery of penicillin coincided with World War II.",
    "retrieved_context": "SIR ALEXANDER FLEMING Sir Alexander Fleming identified the Penicillium genus mold as the source of penicillin PENICILLIUM GENUS. PENICILLIN Penicillin was discovered when Fleming observed its effect on Staphylococcus bacteria STAPHYLOCOCCUS. PENICILLIN Howard Florey was instrumental in the purification and successful demonstration of penicillin's efficacy HOWARD FLOREY. HOWARD FLOREY Howard Florey was part of the University of Oxford team that worked on penicillin UNIVERSITY OF OXFORD. PENICILLIN Penicillin revolutionized the treatment of bacterial infections, significantly reducing mortality rates BACTERIAL INFECTIONS. PENICILLIN Penicillin is the first discovered antibiotic and led to the widespread use of antibiotics in medicine ANTIBIOTICS. PENICILLIN The Penicillium genus mold was responsible for producing penicillin, which Fleming identified for its antibacterial properties PENICILLIUM GENUS. SIR ALEXANDER FLEMING Sir Alexander Fleming made his discovery of penicillin while working at St. Mary's Hospital ST. MARY'S HOSPITAL. ANTIBIOTICS The overuse and misuse of antibiotics have led to the emergence of antibiotic-resistant bacteria ANTIBIOTIC-RESISTANT BACTERIA. ERNST CHAIN Ernst Chain was part of the University of Oxford team that worked on penicillin UNIVERSITY OF OXFORD. PENICILLIN Ernst Chain was instrumental in the purification and successful demonstration of penicillin's efficacy ERNST CHAIN. PENICILLIN Sir Alexander Fleming is credited with the discovery of penicillin, marking a significant breakthrough in medical history. This groundbreaking event is recognized as one of the most important developments in the field of medicine, highlighting Fleming's pivotal role in the advancement of antibiotic treatment. SIR ALEXANDER FLEMING. PENICILLIN The use of penicillin during World War II significantly impacted the survival rates of soldiers and civilians WORLD WAR II. ANTIBIOTICS The overuse and misuse of antibiotics have led to the emergence of antibiotic-resistant bacteria ANTIBIOTIC-RESISTANT BACTERIA. SIR ALEXANDER FLEMING Sir Alexander Fleming identified the Penicillium genus mold as the source of penicillin PENICILLIUM GENUS. SIR ALEXANDER FLEMING Sir Alexander Fleming made his discovery of penicillin while working at St. Mary's Hospital ST. MARY'S HOSPITAL.",
    "evaluation": 0
  },
  {
    "correct_answer": "Penicillin played a crucial role in saving lives during the war.",
    "retrieved_context": "SIR ALEXANDER FLEMING Sir Alexander Fleming identified the Penicillium genus mold as the source of penicillin PENICILLIUM GENUS. PENICILLIN Penicillin was discovered when Fleming observed its effect on Staphylococcus bacteria STAPHYLOCOCCUS. PENICILLIN Howard Florey was instrumental in the purification and successful demonstration of penicillin's efficacy HOWARD FLOREY. HOWARD FLOREY Howard Florey was part of the University of Oxford team that worked on penicillin UNIVERSITY OF OXFORD. PENICILLIN Penicillin revolutionized the treatment of bacterial infections, significantly reducing mortality rates BACTERIAL INFECTIONS. PENICILLIN Penicillin is the first discovered antibiotic and led to the widespread use of antibiotics in medicine ANTIBIOTICS. PENICILLIN The Penicillium genus mold was responsible for producing penicillin, which Fleming identified for its antibacterial properties PENICILLIUM GENUS. SIR ALEXANDER FLEMING Sir Alexander Fleming made his discovery of penicillin while working at St. Mary's Hospital ST. MARY'S HOSPITAL. ANTIBIOTICS The overuse and misuse of antibiotics have led to the emergence of antibiotic-resistant bacteria ANTIBIOTIC-RESISTANT BACTERIA. ERNST CHAIN Ernst Chain was part of the University of Oxford team that worked on penicillin UNIVERSITY OF OXFORD. PENICILLIN Ernst Chain was instrumental in the purification and successful demonstration of penicillin's efficacy ERNST CHAIN. PENICILLIN Sir Alexander Fleming is credited with the discovery of penicillin, marking a significant breakthrough in medical history. This groundbreaking event is recognized as one of the most important developments in the field of medicine, highlighting Fleming's pivotal role in the advancement of antibiotic treatment. SIR ALEXANDER FLEMING. PENICILLIN The use of penicillin during World War II significantly impacted the survival rates of soldiers and civilians WORLD WAR II. ANTIBIOTICS The overuse and misuse of antibiotics have led to the emergence of antibiotic-resistant bacteria ANTIBIOTIC-RESISTANT BACTERIA. SIR ALEXANDER FLEMING Sir Alexander Fleming identified the Penicillium genus mold as the source of penicillin PENICILLIUM GENUS. SIR ALEXANDER FLEMING Sir Alexander Fleming made his discovery of penicillin while working at St. Mary's Hospital ST. MARY'S HOSPITAL.",
    "evaluation": 1
  },
  {
    "correct_answer": "Penicillin revolutionized the treatment of bacterial infections.",
    "retrieved_context": "SIR ALEXANDER FLEMING Sir Alexander Fleming identified the Penicillium genus mold as the source of penicillin PENICILLIUM GENUS. PENICILLIN Penicillin was discovered when Fleming observed its effect on Staphylococcus bacteria STAPHYLOCOCCUS. PENICILLIN Howard Florey was instrumental in the purification and successful demonstration of penicillin's efficacy HOWARD FLOREY. HOWARD FLOREY Howard Florey was part of the University of Oxford team that worked on penicillin UNIVERSITY OF OXFORD. PENICILLIN Penicillin revolutionized the treatment of bacterial infections, significantly reducing mortality rates BACTERIAL INFECTIONS. PENICILLIN Penicillin is the first discovered antibiotic and led to the widespread use of antibiotics in medicine ANTIBIOTICS. PENICILLIN The Penicillium genus mold was responsible for producing penicillin, which Fleming identified for its antibacterial properties PENICILLIUM GENUS. SIR ALEXANDER FLEMING Sir Alexander Fleming made his discovery of penicillin while working at St. Mary's Hospital ST. MARY'S HOSPITAL. ANTIBIOTICS The overuse and misuse of antibiotics have led to the emergence of antibiotic-resistant bacteria ANTIBIOTIC-RESISTANT BACTERIA. ERNST CHAIN Ernst Chain was part of the University of Oxford team that worked on penicillin UNIVERSITY OF OXFORD. PENICILLIN Ernst Chain was instrumental in the purification and successful demonstration of penicillin's efficacy ERNST CHAIN. PENICILLIN Sir Alexander Fleming is credited with the discovery of penicillin, marking a significant breakthrough in medical history. This groundbreaking event is recognized as one of the most important developments in the field of medicine, highlighting Fleming's pivotal role in the advancement of antibiotic treatment. SIR ALEXANDER FLEMING. PENICILLIN The use of penicillin during World War II significantly impacted the survival rates of soldiers and civilians WORLD WAR II. ANTIBIOTICS The overuse and misuse of antibiotics have led to the emergence of antibiotic-resistant bacteria ANTIBIOTIC-RESISTANT BACTERIA. SIR ALEXANDER FLEMING Sir Alexander Fleming identified the Penicillium genus mold as the source of penicillin PENICILLIUM GENUS. SIR ALEXANDER FLEMING Sir Alexander Fleming made his discovery of penicillin while working at St. Mary's Hospital ST. MARY'S HOSPITAL.",
    "evaluation": 1
  },
  {
    "correct_answer": "The overuse of antibiotics has led to the emergence of antibiotic-resistant bacteria.",
    "retrieved_context": "ANTIBIOTICS The overuse and misuse of antibiotics have led to the emergence of antibiotic-resistant bacteria ANTIBIOTIC-RESISTANT BACTERIA. SIR ALEXANDER FLEMING Sir Alexander Fleming identified the Penicillium genus mold as the source of penicillin PENICILLIUM GENUS. PENICILLIN Penicillin was discovered when Fleming observed its effect on Staphylococcus bacteria STAPHYLOCOCCUS. PENICILLIN Howard Florey was instrumental in the purification and successful demonstration of penicillin's efficacy HOWARD FLOREY. HOWARD FLOREY Howard Florey was part of the University of Oxford team that worked on penicillin UNIVERSITY OF OXFORD. PENICILLIN Penicillin revolutionized the treatment of bacterial infections, significantly reducing mortality rates BACTERIAL INFECTIONS. PENICILLIN Penicillin is the first discovered antibiotic and led to the widespread use of antibiotics in medicine ANTIBIOTICS. PENICILLIN The Penicillium genus mold was responsible for producing penicillin, which Fleming identified for its antibacterial properties PENICILLIUM GENUS. SIR ALEXANDER FLEMING Sir Alexander Fleming made his discovery of penicillin while working at St. Mary's Hospital ST. MARY'S HOSPITAL. ANTIBIOTICS The overuse and misuse of antibiotics have led to the emergence of antibiotic-resistant bacteria ANTIBIOTIC-RESISTANT BACTERIA. ERNST CHAIN Ernst Chain was part of the University of Oxford team that worked on penicillin UNIVERSITY OF OXFORD. PENICILLIN Ernst Chain was instrumental in the purification and successful demonstration of penicillin's efficacy ERNST CHAIN. PENICILLIN Sir Alexander Fleming is credited with the discovery of penicillin, marking a significant breakthrough in medical history. This groundbreaking event is recognized as one of the most important developments in the field of medicine, highlighting Fleming's pivotal role in the advancement of antibiotic treatment. SIR ALEXANDER FLEMING. PENICILLIN The use of penicillin during World War II significantly impacted the survival rates of soldiers and civilians WORLD WAR II.",
    "evaluation": 1
  },
  {
    "correct_answer": "The rise of antibiotic resistance poses a significant challenge to global public health.",
    "retrieved_context": "ANTIBIOTICS The overuse and misuse of antibiotics have led to the emergence of antibiotic-resistant bacteria ANTIBIOTIC-RESISTANT BACTERIA. SIR ALEXANDER FLEMING Sir Alexander Fleming identified the Penicillium genus mold as the source of penicillin PENICILLIUM GENUS. PENICILLIN Penicillin was discovered when Fleming observed its effect on Staphylococcus bacteria STAPHYLOCOCCUS. PENICILLIN Howard Florey was instrumental in the purification and successful demonstration of penicillin's efficacy HOWARD FLOREY. HOWARD FLOREY Howard Florey was part of the University of Oxford team that worked on penicillin UNIVERSITY OF OXFORD. PENICILLIN Penicillin revolutionized the treatment of bacterial infections, significantly reducing mortality rates BACTERIAL INFECTIONS. PENICILLIN Penicillin is the first discovered antibiotic and led to the widespread use of antibiotics in medicine ANTIBIOTICS. PENICILLIN The Penicillium genus mold was responsible for producing penicillin, which Fleming identified for its antibacterial properties PENICILLIUM GENUS. SIR ALEXANDER FLEMING Sir Alexander Fleming made his discovery of penicillin while working at St. Mary's Hospital ST. MARY'S HOSPITAL. ANTIBIOTICS The overuse and misuse of antibiotics have led to the emergence of antibiotic-resistant bacteria ANTIBIOTIC-RESISTANT BACTERIA. ERNST CHAIN Ernst Chain was part of the University of Oxford team that worked on penicillin UNIVERSITY OF OXFORD. PENICILLIN Ernst Chain was instrumental in the purification and successful demonstration of penicillin's efficacy ERNST CHAIN. PENICILLIN Sir Alexander Fleming is credited with the discovery of penicillin, marking a significant breakthrough in medical history. This groundbreaking event is recognized as one of the most important developments in the field of medicine, highlighting Fleming's pivotal role in the advancement of antibiotic treatment. SIR ALEXANDER FLEMING. PENICILLIN The use of penicillin during World War II significantly impacted the survival rates of soldiers and civilians WORLD WAR II.",
    "evaluation": 0
  },
  {
    "accuracy": "60.00%"
  }
]