[
  {
    "correct_answer": "Bonsai cultivation is a centuries-old practice.",
    "retrieved_context": "BONSAI CULTIVATION Bonsai cultivation draws inspiration from nature, reflecting its beauty and essence in miniature trees NATURE. BONSAI TREE CULTIVATION Miniaturization is a crucial aspect of bonsai tree cultivation, focusing on the tree's small size and sense of maturity MINIATURIZATION. CHINA China influences bonsai cultivation with its naturalistic and informal styles, contributing to the diversity of the art form BONSAI CULTIVATION. BONSAI TREE CULTIVATION Shaping and styling are essential techniques in bonsai tree cultivation for achieving the desired form and balance SHAPING AND STYLING. BONSAI TREE CULTIVATION Bonsai tree cultivation was developed and refined in Japan JAPAN. BONSAI TREE CULTIVATION Bonsai tree cultivation originated in China CHINA. JAPAN Japan is known for its significant contribution to the elegant and refined styles of bonsai cultivation BONSAI CULTIVATION. CHINA China influences bonsai cultivation with its naturalistic and informal styles, contributing to the diversity of the art form BONSAI CULTIVATION. BONSAI CULTIVATION Bonsai cultivation draws inspiration from nature, reflecting its beauty and essence in miniature trees NATURE. JAPAN Japan is known for its significant contribution to the elegant and refined styles of bonsai cultivation BONSAI CULTIVATION. BONSAI CULTIVATION Bonsai cultivation draws inspiration from nature, reflecting its beauty and essence in miniature trees NATURE.",
    "evaluation": 0
  },
  {
    "correct_answer": "Bonsai originated in China and Japan.",
    "retrieved_context": "BONSAI CULTIVATION Bonsai cultivation draws inspiration from nature, reflecting its beauty and essence in miniature trees NATURE. BONSAI TREE CULTIVATION Miniaturization is a crucial aspect of bonsai tree cultivation, focusing on the tree's small size and sense of maturity MINIATURIZATION. CHINA China influences bonsai cultivation with its naturalistic and informal styles, contributing to the diversity of the art form BONSAI CULTIVATION. BONSAI TREE CULTIVATION Shaping and styling are essential techniques in bonsai tree cultivation for achieving the desired form and balance SHAPING AND STYLING. BONSAI TREE CULTIVATION Bonsai tree cultivation was developed and refined in Japan JAPAN. BONSAI TREE CULTIVATION Bonsai tree cultivation originated in China CHINA. JAPAN Japan is known for its significant contribution to the elegant and refined styles of bonsai cultivation BONSAI CULTIVATION. JAPAN Japan is known for its significant contribution to the elegant and refined styles of bonsai cultivation BONSAI CULTIVATION. BONSAI CULTIVATION Bonsai cultivation draws inspiration from nature, reflecting its beauty and essence in miniature trees NATURE. CHINA China influences bonsai cultivation with its naturalistic and informal styles, contributing to the diversity of the art form BONSAI CULTIVATION. BONSAI CULTIVATION Bonsai cultivation draws inspiration from nature, reflecting its beauty and essence in miniature trees NATURE.",
    "evaluation": 1
  },
  {
    "correct_answer": "Bonsai translates to 'planted in a container'.",
    "retrieved_context": "BONSAI CULTIVATION Bonsai cultivation draws inspiration from nature, reflecting its beauty and essence in miniature trees NATURE. BONSAI TREE CULTIVATION Miniaturization is a crucial aspect of bonsai tree cultivation, focusing on the tree's small size and sense of maturity MINIATURIZATION. CHINA China influences bonsai cultivation with its naturalistic and informal styles, contributing to the diversity of the art form BONSAI CULTIVATION. BONSAI TREE CULTIVATION Shaping and styling are essential techniques in bonsai tree cultivation for achieving the desired form and balance SHAPING AND STYLING. BONSAI TREE CULTIVATION Bonsai tree cultivation was developed and refined in Japan JAPAN. BONSAI TREE CULTIVATION Bonsai tree cultivation originated in China CHINA. JAPAN Japan is known for its significant contribution to the elegant and refined styles of bonsai cultivation BONSAI CULTIVATION. CHINA China influences bonsai cultivation with its naturalistic and informal styles, contributing to the diversity of the art form BONSAI CULTIVATION. BONSAI CULTIVATION Bonsai cultivation draws inspiration from nature, reflecting its beauty and essence in miniature trees NATURE. JAPAN Japan is known for its significant contribution to the elegant and refined styles of bonsai cultivation BONSAI CULTIVATION. BONSAI CULTIVATION Bonsai cultivation draws inspiration from nature, reflecting its beauty and essence in miniature trees NATURE.",
    "evaluation": 0
  },
  {
    "correct_answer": "Bonsai involves growing and shaping miniature trees in pots.",
    "retrieved_context": "BONSAI TREE CULTIVATION Miniaturization is a crucial aspect of bonsai tree cultivation, focusing on the tree's small size and sense of maturity MINIATURIZATION. CHINA China influences bonsai cultivation with its naturalistic and informal styles, contributing to the diversity of the art form BONSAI CULTIVATION. BONSAI TREE CULTIVATION Shaping and styling are essential techniques in bonsai tree cultivation for achieving the desired form and balance SHAPING AND STYLING. BONSAI TREE CULTIVATION Bonsai tree cultivation was developed and refined in Japan JAPAN. BONSAI TREE CULTIVATION Bonsai tree cultivation originated in China CHINA. JAPAN Japan is known for its significant contribution to the elegant and refined styles of bonsai cultivation BONSAI CULTIVATION. BONSAI CULTIVATION Bonsai cultivation draws inspiration from nature, reflecting its beauty and essence in miniature trees NATURE. JAPAN Japan is known for its significant contribution to the elegant and refined styles of bonsai cultivation BONSAI CULTIVATION. BONSAI CULTIVATION Bonsai cultivation draws inspiration from nature, reflecting its beauty and essence in miniature trees NATURE. CHINA China influences bonsai cultivation with its naturalistic and informal styles, contributing to the diversity of the art form BONSAI CULTIVATION. BONSAI CULTIVATION Bonsai cultivation draws inspiration from nature, reflecting its beauty and essence in miniature trees NATURE.",
    "evaluation": 1
  },
  {
    "correct_answer": "Bonsai mimics the appearance of full-sized trees in nature.",
    "retrieved_context": "BONSAI TREE CULTIVATION Miniaturization is a crucial aspect of bonsai tree cultivation, focusing on the tree's small size and sense of maturity MINIATURIZATION. CHINA China influences bonsai cultivation with its naturalistic and informal styles, contributing to the diversity of the art form BONSAI CULTIVATION. BONSAI TREE CULTIVATION Shaping and styling are essential techniques in bonsai tree cultivation for achieving the desired form and balance SHAPING AND STYLING. BONSAI TREE CULTIVATION Bonsai tree cultivation was developed and refined in Japan JAPAN. BONSAI TREE CULTIVATION Bonsai tree cultivation originated in China CHINA. JAPAN Japan is known for its significant contribution to the elegant and refined styles of bonsai cultivation BONSAI CULTIVATION. BONSAI CULTIVATION Bonsai cultivation draws inspiration from nature, reflecting its beauty and essence in miniature trees NATURE. JAPAN Japan is known for its significant contribution to the elegant and refined styles of bonsai cultivation BONSAI CULTIVATION. BONSAI CULTIVATION Bonsai cultivation draws inspiration from nature, reflecting its beauty and essence in miniature trees NATURE. CHINA China influences bonsai cultivation with its naturalistic and informal styles, contributing to the diversity of the art form BONSAI CULTIVATION. BONSAI CULTIVATION Bonsai cultivation draws inspiration from nature, reflecting its beauty and essence in miniature trees NATURE.",
    "evaluation": 1
  },
  {
    "correct_answer": "Bonsai cultivation requires patience and skill.",
    "retrieved_context": "BONSAI CULTIVATION Bonsai cultivation draws inspiration from nature, reflecting its beauty and essence in miniature trees NATURE. BONSAI TREE CULTIVATION Miniaturization is a crucial aspect of bonsai tree cultivation, focusing on the tree's small size and sense of maturity MINIATURIZATION. CHINA China influences bonsai cultivation with its naturalistic and informal styles, contributing to the diversity of the art form BONSAI CULTIVATION. BONSAI TREE CULTIVATION Shaping and styling are essential techniques in bonsai tree cultivation for achieving the desired form and balance SHAPING AND STYLING. BONSAI TREE CULTIVATION Bonsai tree cultivation was developed and refined in Japan JAPAN. BONSAI TREE CULTIVATION Bonsai tree cultivation originated in China CHINA. JAPAN Japan is known for its significant contribution to the elegant and refined styles of bonsai cultivation BONSAI CULTIVATION. CHINA China influences bonsai cultivation with its naturalistic and informal styles, contributing to the diversity of the art form BONSAI CULTIVATION. BONSAI CULTIVATION Bonsai cultivation draws inspiration from nature, reflecting its beauty and essence in miniature trees NATURE. JAPAN Japan is known for its significant contribution to the elegant and refined styles of bonsai cultivation BONSAI CULTIVATION. BONSAI CULTIVATION Bonsai cultivation draws inspiration from nature, reflecting its beauty and essence in miniature trees NATURE.",
    "evaluation": 0
  },
  {
    "correct_answer": "Bonsai cultivation requires a deep understanding of horticulture and aesthetics.",
    "retrieved_context": "BONSAI CULTIVATION Bonsai cultivation draws inspiration from nature, reflecting its beauty and essence in miniature trees NATURE. BONSAI TREE CULTIVATION Miniaturization is a crucial aspect of bonsai tree cultivation, focusing on the tree's small size and sense of maturity MINIATURIZATION. CHINA China influences bonsai cultivation with its naturalistic and informal styles, contributing to the diversity of the art form BONSAI CULTIVATION. BONSAI TREE CULTIVATION Shaping and styling are essential techniques in bonsai tree cultivation for achieving the desired form and balance SHAPING AND STYLING. BONSAI TREE CULTIVATION Bonsai tree cultivation was developed and refined in Japan JAPAN. BONSAI TREE CULTIVATION Bonsai tree cultivation originated in China CHINA. JAPAN Japan is known for its significant contribution to the elegant and refined styles of bonsai cultivation BONSAI CULTIVATION. CHINA China influences bonsai cultivation with its naturalistic and informal styles, contributing to the diversity of the art form BONSAI CULTIVATION. BONSAI CULTIVATION Bonsai cultivation draws inspiration from nature, reflecting its beauty and essence in miniature trees NATURE. JAPAN Japan is known for its significant contribution to the elegant and refined styles of bonsai cultivation BONSAI CULTIVATION. BONSAI CULTIVATION Bonsai cultivation draws inspiration from nature, reflecting its beauty and essence in miniature trees NATURE.",
    "evaluation": 0
  },
  {
    "correct_answer": "Bonsai artists prune and trim branches and roots to maintain small size.",
    "retrieved_context": "BONSAI TREE CULTIVATION Miniaturization is a crucial aspect of bonsai tree cultivation, focusing on the tree's small size and sense of maturity MINIATURIZATION. CHINA China influences bonsai cultivation with its naturalistic and informal styles, contributing to the diversity of the art form BONSAI CULTIVATION. BONSAI TREE CULTIVATION Shaping and styling are essential techniques in bonsai tree cultivation for achieving the desired form and balance SHAPING AND STYLING. BONSAI TREE CULTIVATION Bonsai tree cultivation was developed and refined in Japan JAPAN. BONSAI TREE CULTIVATION Bonsai tree cultivation originated in China CHINA. JAPAN Japan is known for its significant contribution to the elegant and refined styles of bonsai cultivation BONSAI CULTIVATION. BONSAI CULTIVATION Bonsai cultivation draws inspiration from nature, reflecting its beauty and essence in miniature trees NATURE. JAPAN Japan is known for its significant contribution to the elegant and refined styles of bonsai cultivation BONSAI CULTIVATION. BONSAI CULTIVATION Bonsai cultivation draws inspiration from nature, reflecting its beauty and essence in miniature trees NATURE. CHINA China influences bonsai cultivation with its naturalistic and informal styles, contributing to the diversity of the art form BONSAI CULTIVATION. BONSAI CULTIVATION Bonsai cultivation draws inspiration from nature, reflecting its beauty and essence in miniature trees NATURE.",
    "evaluation": 0
  },
  {
    "correct_answer": "Bonsai artists create a sense of age and maturity in the trees.",
    "retrieved_context": "BONSAI CULTIVATION Bonsai cultivation draws inspiration from nature, reflecting its beauty and essence in miniature trees NATURE. BONSAI TREE CULTIVATION Miniaturization is a crucial aspect of bonsai tree cultivation, focusing on the tree's small size and sense of maturity MINIATURIZATION. CHINA China influences bonsai cultivation with its naturalistic and informal styles, contributing to the diversity of the art form BONSAI CULTIVATION. BONSAI TREE CULTIVATION Shaping and styling are essential techniques in bonsai tree cultivation for achieving the desired form and balance SHAPING AND STYLING. BONSAI TREE CULTIVATION Bonsai tree cultivation was developed and refined in Japan JAPAN. BONSAI TREE CULTIVATION Bonsai tree cultivation originated in China CHINA. JAPAN Japan is known for its significant contribution to the elegant and refined styles of bonsai cultivation BONSAI CULTIVATION. JAPAN Japan is known for its significant contribution to the elegant and refined styles of bonsai cultivation BONSAI CULTIVATION. BONSAI CULTIVATION Bonsai cultivation draws inspiration from nature, reflecting its beauty and essence in miniature trees NATURE. CHINA China influences bonsai cultivation with its naturalistic and informal styles, contributing to the diversity of the art form BONSAI CULTIVATION. BONSAI CULTIVATION Bonsai cultivation draws inspiration from nature, reflecting its beauty and essence in miniature trees NATURE.",
    "evaluation": 1
  },
  {
    "correct_answer": "Bonsai artists carefully control the growth of the trees.",
    "retrieved_context": "BONSAI TREE CULTIVATION Miniaturization is a crucial aspect of bonsai tree cultivation, focusing on the tree's small size and sense of maturity MINIATURIZATION. CHINA China influences bonsai cultivation with its naturalistic and informal styles, contributing to the diversity of the art form BONSAI CULTIVATION. BONSAI TREE CULTIVATION Shaping and styling are essential techniques in bonsai tree cultivation for achieving the desired form and balance SHAPING AND STYLING. BONSAI TREE CULTIVATION Bonsai tree cultivation was developed and refined in Japan JAPAN. BONSAI TREE CULTIVATION Bonsai tree cultivation originated in China CHINA. JAPAN Japan is known for its significant contribution to the elegant and refined styles of bonsai cultivation BONSAI CULTIVATION. BONSAI CULTIVATION Bonsai cultivation draws inspiration from nature, reflecting its beauty and essence in miniature trees NATURE. CHINA China influences bonsai cultivation with its naturalistic and informal styles, contributing to the diversity of the art form BONSAI CULTIVATION. BONSAI CULTIVATION Bonsai cultivation draws inspiration from nature, reflecting its beauty and essence in miniature trees NATURE. JAPAN Japan is known for its significant contribution to the elegant and refined styles of bonsai cultivation BONSAI CULTIVATION. BONSAI CULTIVATION Bonsai cultivation draws inspiration from nature, reflecting its beauty and essence in miniature trees NATURE.",
    "evaluation": 0
  },
  {
    "correct_answer": "Bonsai artists use wiring, pruning, and grafting techniques.",
    "retrieved_context": "BONSAI CULTIVATION Bonsai cultivation draws inspiration from nature, reflecting its beauty and essence in miniature trees NATURE. BONSAI TREE CULTIVATION Miniaturization is a crucial aspect of bonsai tree cultivation, focusing on the tree's small size and sense of maturity MINIATURIZATION. CHINA China influences bonsai cultivation with its naturalistic and informal styles, contributing to the diversity of the art form BONSAI CULTIVATION. BONSAI TREE CULTIVATION Shaping and styling are essential techniques in bonsai tree cultivation for achieving the desired form and balance SHAPING AND STYLING. BONSAI TREE CULTIVATION Bonsai tree cultivation was developed and refined in Japan JAPAN. BONSAI TREE CULTIVATION Bonsai tree cultivation originated in China CHINA. JAPAN Japan is known for its significant contribution to the elegant and refined styles of bonsai cultivation BONSAI CULTIVATION. JAPAN Japan is known for its significant contribution to the elegant and refined styles of bonsai cultivation BONSAI CULTIVATION. BONSAI CULTIVATION Bonsai cultivation draws inspiration from nature, reflecting its beauty and essence in miniature trees NATURE. CHINA China influences bonsai cultivation with its naturalistic and informal styles, contributing to the diversity of the art form BONSAI CULTIVATION. BONSAI CULTIVATION Bonsai cultivation draws inspiration from nature, reflecting its beauty and essence in miniature trees NATURE.",
    "evaluation": 0
  },
  {
    "correct_answer": "Bonsai artists aim to create a harmonious balance in the trees.",
    "retrieved_context": "BONSAI CULTIVATION Bonsai cultivation draws inspiration from nature, reflecting its beauty and essence in miniature trees NATURE. BONSAI TREE CULTIVATION Miniaturization is a crucial aspect of bonsai tree cultivation, focusing on the tree's small size and sense of maturity MINIATURIZATION. CHINA China influences bonsai cultivation with its naturalistic and informal styles, contributing to the diversity of the art form BONSAI CULTIVATION. BONSAI TREE CULTIVATION Shaping and styling are essential techniques in bonsai tree cultivation for achieving the desired form and balance SHAPING AND STYLING. BONSAI TREE CULTIVATION Bonsai tree cultivation was developed and refined in Japan JAPAN. BONSAI TREE CULTIVATION Bonsai tree cultivation originated in China CHINA. JAPAN Japan is known for its significant contribution to the elegant and refined styles of bonsai cultivation BONSAI CULTIVATION. JAPAN Japan is known for its significant contribution to the elegant and refined styles of bonsai cultivation BONSAI CULTIVATION. BONSAI CULTIVATION Bonsai cultivation draws inspiration from nature, reflecting its beauty and essence in miniature trees NATURE. CHINA China influences bonsai cultivation with its naturalistic and informal styles, contributing to the diversity of the art form BONSAI CULTIVATION. BONSAI CULTIVATION Bonsai cultivation draws inspiration from nature, reflecting its beauty and essence in miniature trees NATURE.",
    "evaluation": 0
  },
  {
    "correct_answer": "Bonsai artists consider proportion, balance, and asymmetry in their compositions.",
    "retrieved_context": "BONSAI CULTIVATION Bonsai cultivation draws inspiration from nature, reflecting its beauty and essence in miniature trees NATURE. BONSAI TREE CULTIVATION Miniaturization is a crucial aspect of bonsai tree cultivation, focusing on the tree's small size and sense of maturity MINIATURIZATION. CHINA China influences bonsai cultivation with its naturalistic and informal styles, contributing to the diversity of the art form BONSAI CULTIVATION. BONSAI TREE CULTIVATION Shaping and styling are essential techniques in bonsai tree cultivation for achieving the desired form and balance SHAPING AND STYLING. BONSAI TREE CULTIVATION Bonsai tree cultivation was developed and refined in Japan JAPAN. BONSAI TREE CULTIVATION Bonsai tree cultivation originated in China CHINA. JAPAN Japan is known for its significant contribution to the elegant and refined styles of bonsai cultivation BONSAI CULTIVATION. JAPAN Japan is known for its significant contribution to the elegant and refined styles of bonsai cultivation BONSAI CULTIVATION. BONSAI CULTIVATION Bonsai cultivation draws inspiration from nature, reflecting its beauty and essence in miniature trees NATURE. CHINA China influences bonsai cultivation with its naturalistic and informal styles, contributing to the diversity of the art form BONSAI CULTIVATION. BONSAI CULTIVATION Bonsai cultivation draws inspiration from nature, reflecting its beauty and essence in miniature trees NATURE.",
    "evaluation": 0
  },
  {
    "correct_answer": "Bonsai cultivation is a form of artistic expression.",
    "retrieved_context": "BONSAI CULTIVATION Bonsai cultivation draws inspiration from nature, reflecting its beauty and essence in miniature trees NATURE. BONSAI TREE CULTIVATION Miniaturization is a crucial aspect of bonsai tree cultivation, focusing on the tree's small size and sense of maturity MINIATURIZATION. CHINA China influences bonsai cultivation with its naturalistic and informal styles, contributing to the diversity of the art form BONSAI CULTIVATION. BONSAI TREE CULTIVATION Shaping and styling are essential techniques in bonsai tree cultivation for achieving the desired form and balance SHAPING AND STYLING. BONSAI TREE CULTIVATION Bonsai tree cultivation was developed and refined in Japan JAPAN. BONSAI TREE CULTIVATION Bonsai tree cultivation originated in China CHINA. JAPAN Japan is known for its significant contribution to the elegant and refined styles of bonsai cultivation BONSAI CULTIVATION. JAPAN Japan is known for its significant contribution to the elegant and refined styles of bonsai cultivation BONSAI CULTIVATION. BONSAI CULTIVATION Bonsai cultivation draws inspiration from nature, reflecting its beauty and essence in miniature trees NATURE. CHINA China influences bonsai cultivation with its naturalistic and informal styles, contributing to the diversity of the art form BONSAI CULTIVATION. BONSAI CULTIVATION Bonsai cultivation draws inspiration from nature, reflecting its beauty and essence in miniature trees NATURE.",
    "evaluation": 0
  },
  {
    "correct_answer": "Bonsai cultivation offers therapeutic and meditative benefits.",
    "retrieved_context": "BONSAI CULTIVATION Bonsai cultivation draws inspiration from nature, reflecting its beauty and essence in miniature trees NATURE. BONSAI TREE CULTIVATION Miniaturization is a crucial aspect of bonsai tree cultivation, focusing on the tree's small size and sense of maturity MINIATURIZATION. CHINA China influences bonsai cultivation with its naturalistic and informal styles, contributing to the diversity of the art form BONSAI CULTIVATION. BONSAI TREE CULTIVATION Shaping and styling are essential techniques in bonsai tree cultivation for achieving the desired form and balance SHAPING AND STYLING. BONSAI TREE CULTIVATION Bonsai tree cultivation was developed and refined in Japan JAPAN. BONSAI TREE CULTIVATION Bonsai tree cultivation originated in China CHINA. JAPAN Japan is known for its significant contribution to the elegant and refined styles of bonsai cultivation BONSAI CULTIVATION. JAPAN Japan is known for its significant contribution to the elegant and refined styles of bonsai cultivation BONSAI CULTIVATION. BONSAI CULTIVATION Bonsai cultivation draws inspiration from nature, reflecting its beauty and essence in miniature trees NATURE. CHINA China influences bonsai cultivation with its naturalistic and informal styles, contributing to the diversity of the art form BONSAI CULTIVATION. BONSAI CULTIVATION Bonsai cultivation draws inspiration from nature, reflecting its beauty and essence in miniature trees NATURE.",
    "evaluation": 0
  },
  {
    "accuracy": "26.67%"
  }
]