[
  {
    "correct_answer": "Time zones shape the way we perceive and organize time across the world.",
    "retrieved_context": "TIME ZONES Global telecommunications networks facilitate real-time collaboration across time zones, underscoring the significance of time zones in international logistics GLOBAL TELECOMMUNICATIONS NETWORKS. TIME ZONES The use of telegraphs and the need for synchronized communication further emphasized the need for standardized time zones TELEGRAPHS. INTERNET Both the internet and global telecommunications networks facilitate instant communication and collaboration across different time zones GLOBAL TELECOMMUNICATIONS NETWORKS. TIME ZONES The inefficiency of local time for train schedules across long distances was a significant factor in the development of standardized time and time zones TRAINS. TIME ZONES Sir Sandford Fleming proposed the concept of time zones, which are now used worldwide to standardize time SIR SANDFORD FLEMING. TIME ZONES The internet has made coordinating time across different time zones easier, highlighting the importance of time zones in global communication INTERNET. TIME ZONES The expansion of global trade necessitated the creation of time zones to standardize time measurement across international borders GLOBAL TRADE. TIME ZONES Railway Time was an early form of standardized timekeeping that influenced the development of time zones RAILWAY TIME. TIME ZONES The development of transportation networks was a key factor in the need for the standardization of time, leading to the establishment of time zones TRANSPORTATION NETWORKS. GREENWICH MERIDIAN The Greenwich Meridian is located in London LONDON. GREENWICH MERIDIAN The Greenwich Meridian is located in London LONDON. INTERNATIONAL MERIDIAN CONFERENCE The Greenwich Meridian was chosen as the Prime Meridian at the International Meridian Conference GREENWICH MERIDIAN. INTERNATIONAL MERIDIAN CONFERENCE GMT was established as the reference point for time coordination at the International Meridian Conference GREENWICH MEAN TIME (GMT). INTERNATIONAL MERIDIAN CONFERENCE The International Meridian Conference was held in Washington, D.C. WASHINGTON, D.C..",
    "evaluation": 1
  },
  {
    "correct_answer": "The concept of time zones evolved over centuries to standardize time measurement.",
    "retrieved_context": "TIME ZONES Global telecommunications networks facilitate real-time collaboration across time zones, underscoring the significance of time zones in international logistics GLOBAL TELECOMMUNICATIONS NETWORKS. TIME ZONES The use of telegraphs and the need for synchronized communication further emphasized the need for standardized time zones TELEGRAPHS. INTERNET Both the internet and global telecommunications networks facilitate instant communication and collaboration across different time zones GLOBAL TELECOMMUNICATIONS NETWORKS. TIME ZONES The inefficiency of local time for train schedules across long distances was a significant factor in the development of standardized time and time zones TRAINS. TIME ZONES Sir Sandford Fleming proposed the concept of time zones, which are now used worldwide to standardize time SIR SANDFORD FLEMING. TIME ZONES The internet has made coordinating time across different time zones easier, highlighting the importance of time zones in global communication INTERNET. TIME ZONES The expansion of global trade necessitated the creation of time zones to standardize time measurement across international borders GLOBAL TRADE. TIME ZONES Railway Time was an early form of standardized timekeeping that influenced the development of time zones RAILWAY TIME. TIME ZONES The development of transportation networks was a key factor in the need for the standardization of time, leading to the establishment of time zones TRANSPORTATION NETWORKS. GREENWICH MERIDIAN The Greenwich Meridian is located in London LONDON. GREENWICH MERIDIAN The Greenwich Meridian is located in London LONDON. INTERNATIONAL MERIDIAN CONFERENCE The Greenwich Meridian was chosen as the Prime Meridian at the International Meridian Conference GREENWICH MERIDIAN. INTERNATIONAL MERIDIAN CONFERENCE GMT was established as the reference point for time coordination at the International Meridian Conference GREENWICH MEAN TIME (GMT). INTERNATIONAL MERIDIAN CONFERENCE The International Meridian Conference was held in Washington, D.C. WASHINGTON, D.C..",
    "evaluation": 1
  },
  {
    "correct_answer": "Time zones synchronize activities across vast distances.",
    "retrieved_context": "TIME ZONES Global telecommunications networks facilitate real-time collaboration across time zones, underscoring the significance of time zones in international logistics GLOBAL TELECOMMUNICATIONS NETWORKS. TIME ZONES The use of telegraphs and the need for synchronized communication further emphasized the need for standardized time zones TELEGRAPHS. INTERNET Both the internet and global telecommunications networks facilitate instant communication and collaboration across different time zones GLOBAL TELECOMMUNICATIONS NETWORKS. TIME ZONES The inefficiency of local time for train schedules across long distances was a significant factor in the development of standardized time and time zones TRAINS. TIME ZONES Sir Sandford Fleming proposed the concept of time zones, which are now used worldwide to standardize time SIR SANDFORD FLEMING. TIME ZONES The internet has made coordinating time across different time zones easier, highlighting the importance of time zones in global communication INTERNET. TIME ZONES The expansion of global trade necessitated the creation of time zones to standardize time measurement across international borders GLOBAL TRADE. TIME ZONES Railway Time was an early form of standardized timekeeping that influenced the development of time zones RAILWAY TIME. TIME ZONES The development of transportation networks was a key factor in the need for the standardization of time, leading to the establishment of time zones TRANSPORTATION NETWORKS. GREENWICH MERIDIAN The Greenwich Meridian is located in London LONDON. INTERNATIONAL MERIDIAN CONFERENCE The Greenwich Meridian was chosen as the Prime Meridian at the International Meridian Conference GREENWICH MERIDIAN. INTERNATIONAL MERIDIAN CONFERENCE GMT was established as the reference point for time coordination at the International Meridian Conference GREENWICH MEAN TIME (GMT). INTERNATIONAL MERIDIAN CONFERENCE The International Meridian Conference was held in Washington, D.C. WASHINGTON, D.C.. GREENWICH MERIDIAN The Greenwich Meridian is located in London LONDON.",
    "evaluation": 1
  },
  {
    "correct_answer": "The need for time zones arose with the expansion of global trade and transportation networks.",
    "retrieved_context": "TIME ZONES Global telecommunications networks facilitate real-time collaboration across time zones, underscoring the significance of time zones in international logistics GLOBAL TELECOMMUNICATIONS NETWORKS. TIME ZONES The use of telegraphs and the need for synchronized communication further emphasized the need for standardized time zones TELEGRAPHS. INTERNET Both the internet and global telecommunications networks facilitate instant communication and collaboration across different time zones GLOBAL TELECOMMUNICATIONS NETWORKS. TIME ZONES The inefficiency of local time for train schedules across long distances was a significant factor in the development of standardized time and time zones TRAINS. TIME ZONES Sir Sandford Fleming proposed the concept of time zones, which are now used worldwide to standardize time SIR SANDFORD FLEMING. TIME ZONES The internet has made coordinating time across different time zones easier, highlighting the importance of time zones in global communication INTERNET. TIME ZONES The expansion of global trade necessitated the creation of time zones to standardize time measurement across international borders GLOBAL TRADE. TIME ZONES Railway Time was an early form of standardized timekeeping that influenced the development of time zones RAILWAY TIME. TIME ZONES The development of transportation networks was a key factor in the need for the standardization of time, leading to the establishment of time zones TRANSPORTATION NETWORKS. GREENWICH MERIDIAN The Greenwich Meridian is located in London LONDON.",
    "evaluation": 1
  },
  {
    "correct_answer": "Communities used local solar time before standardized time measurement.",
    "retrieved_context": "TIME ZONES Global telecommunications networks facilitate real-time collaboration across time zones, underscoring the significance of time zones in international logistics GLOBAL TELECOMMUNICATIONS NETWORKS. TIME ZONES The use of telegraphs and the need for synchronized communication further emphasized the need for standardized time zones TELEGRAPHS. INTERNET Both the internet and global telecommunications networks facilitate instant communication and collaboration across different time zones GLOBAL TELECOMMUNICATIONS NETWORKS. TIME ZONES The inefficiency of local time for train schedules across long distances was a significant factor in the development of standardized time and time zones TRAINS. TIME ZONES Sir Sandford Fleming proposed the concept of time zones, which are now used worldwide to standardize time SIR SANDFORD FLEMING. TIME ZONES The internet has made coordinating time across different time zones easier, highlighting the importance of time zones in global communication INTERNET. TIME ZONES The expansion of global trade necessitated the creation of time zones to standardize time measurement across international borders GLOBAL TRADE. TIME ZONES Railway Time was an early form of standardized timekeeping that influenced the development of time zones RAILWAY TIME. TIME ZONES The development of transportation networks was a key factor in the need for the standardization of time, leading to the establishment of time zones TRANSPORTATION NETWORKS. GREENWICH MERIDIAN The Greenwich Meridian is located in London LONDON. GREENWICH MERIDIAN The Greenwich Meridian is located in London LONDON. INTERNATIONAL MERIDIAN CONFERENCE The Greenwich Meridian was chosen as the Prime Meridian at the International Meridian Conference GREENWICH MERIDIAN. INTERNATIONAL MERIDIAN CONFERENCE GMT was established as the reference point for time coordination at the International Meridian Conference GREENWICH MEAN TIME (GMT). INTERNATIONAL MERIDIAN CONFERENCE The International Meridian Conference was held in Washington, D.C. WASHINGTON, D.C..",
    "evaluation": 0
  },
  {
    "correct_answer": "Trains and telegraphs highlighted the inefficiencies of using local time across long distances.",
    "retrieved_context": "TIME ZONES Global telecommunications networks facilitate real-time collaboration across time zones, underscoring the significance of time zones in international logistics GLOBAL TELECOMMUNICATIONS NETWORKS. TIME ZONES The use of telegraphs and the need for synchronized communication further emphasized the need for standardized time zones TELEGRAPHS. INTERNET Both the internet and global telecommunications networks facilitate instant communication and collaboration across different time zones GLOBAL TELECOMMUNICATIONS NETWORKS. TIME ZONES The inefficiency of local time for train schedules across long distances was a significant factor in the development of standardized time and time zones TRAINS. TIME ZONES Sir Sandford Fleming proposed the concept of time zones, which are now used worldwide to standardize time SIR SANDFORD FLEMING. TIME ZONES The internet has made coordinating time across different time zones easier, highlighting the importance of time zones in global communication INTERNET. TIME ZONES The expansion of global trade necessitated the creation of time zones to standardize time measurement across international borders GLOBAL TRADE. TIME ZONES Railway Time was an early form of standardized timekeeping that influenced the development of time zones RAILWAY TIME. TIME ZONES The development of transportation networks was a key factor in the need for the standardization of time, leading to the establishment of time zones TRANSPORTATION NETWORKS. GREENWICH MERIDIAN The Greenwich Meridian is located in London LONDON.",
    "evaluation": 1
  },
  {
    "correct_answer": "The introduction of standard time in the mid-19th century marked a major development in timekeeping.",
    "retrieved_context": "TIME ZONES Global telecommunications networks facilitate real-time collaboration across time zones, underscoring the significance of time zones in international logistics GLOBAL TELECOMMUNICATIONS NETWORKS. TIME ZONES The use of telegraphs and the need for synchronized communication further emphasized the need for standardized time zones TELEGRAPHS. INTERNET Both the internet and global telecommunications networks facilitate instant communication and collaboration across different time zones GLOBAL TELECOMMUNICATIONS NETWORKS. TIME ZONES The inefficiency of local time for train schedules across long distances was a significant factor in the development of standardized time and time zones TRAINS. TIME ZONES Sir Sandford Fleming proposed the concept of time zones, which are now used worldwide to standardize time SIR SANDFORD FLEMING. TIME ZONES The internet has made coordinating time across different time zones easier, highlighting the importance of time zones in global communication INTERNET. TIME ZONES The expansion of global trade necessitated the creation of time zones to standardize time measurement across international borders GLOBAL TRADE. TIME ZONES Railway Time was an early form of standardized timekeeping that influenced the development of time zones RAILWAY TIME. TIME ZONES The development of transportation networks was a key factor in the need for the standardization of time, leading to the establishment of time zones TRANSPORTATION NETWORKS. GREENWICH MERIDIAN The Greenwich Meridian is located in London LONDON. GREENWICH MERIDIAN The Greenwich Meridian is located in London LONDON. INTERNATIONAL MERIDIAN CONFERENCE The Greenwich Meridian was chosen as the Prime Meridian at the International Meridian Conference GREENWICH MERIDIAN. INTERNATIONAL MERIDIAN CONFERENCE GMT was established as the reference point for time coordination at the International Meridian Conference GREENWICH MEAN TIME (GMT). INTERNATIONAL MERIDIAN CONFERENCE The International Meridian Conference was held in Washington, D.C. WASHINGTON, D.C..",
    "evaluation": 0
  },
  {
    "correct_answer": "Railway Time was adopted by British railway companies in 1847.",
    "retrieved_context": "TIME ZONES Global telecommunications networks facilitate real-time collaboration across time zones, underscoring the significance of time zones in international logistics GLOBAL TELECOMMUNICATIONS NETWORKS. TIME ZONES The use of telegraphs and the need for synchronized communication further emphasized the need for standardized time zones TELEGRAPHS. INTERNET Both the internet and global telecommunications networks facilitate instant communication and collaboration across different time zones GLOBAL TELECOMMUNICATIONS NETWORKS. TIME ZONES The inefficiency of local time for train schedules across long distances was a significant factor in the development of standardized time and time zones TRAINS. TIME ZONES Sir Sandford Fleming proposed the concept of time zones, which are now used worldwide to standardize time SIR SANDFORD FLEMING. TIME ZONES The internet has made coordinating time across different time zones easier, highlighting the importance of time zones in global communication INTERNET. TIME ZONES The expansion of global trade necessitated the creation of time zones to standardize time measurement across international borders GLOBAL TRADE. TIME ZONES Railway Time was an early form of standardized timekeeping that influenced the development of time zones RAILWAY TIME. TIME ZONES The development of transportation networks was a key factor in the need for the standardization of time, leading to the establishment of time zones TRANSPORTATION NETWORKS. GREENWICH MERIDIAN The Greenwich Meridian is located in London LONDON.",
    "evaluation": 0
  },
  {
    "correct_answer": "Sir Sandford Fleming proposed dividing the world into 24 time zones in the late 19th century.",
    "retrieved_context": "TIME ZONES Global telecommunications networks facilitate real-time collaboration across time zones, underscoring the significance of time zones in international logistics GLOBAL TELECOMMUNICATIONS NETWORKS. TIME ZONES The use of telegraphs and the need for synchronized communication further emphasized the need for standardized time zones TELEGRAPHS. INTERNET Both the internet and global telecommunications networks facilitate instant communication and collaboration across different time zones GLOBAL TELECOMMUNICATIONS NETWORKS. TIME ZONES The inefficiency of local time for train schedules across long distances was a significant factor in the development of standardized time and time zones TRAINS. TIME ZONES Sir Sandford Fleming proposed the concept of time zones, which are now used worldwide to standardize time SIR SANDFORD FLEMING. TIME ZONES The internet has made coordinating time across different time zones easier, highlighting the importance of time zones in global communication INTERNET. TIME ZONES The expansion of global trade necessitated the creation of time zones to standardize time measurement across international borders GLOBAL TRADE. TIME ZONES Railway Time was an early form of standardized timekeeping that influenced the development of time zones RAILWAY TIME. TIME ZONES The development of transportation networks was a key factor in the need for the standardization of time, leading to the establishment of time zones TRANSPORTATION NETWORKS. GREENWICH MERIDIAN The Greenwich Meridian is located in London LONDON. GREENWICH MERIDIAN The Greenwich Meridian is located in London LONDON. INTERNATIONAL MERIDIAN CONFERENCE The Greenwich Meridian was chosen as the Prime Meridian at the International Meridian Conference GREENWICH MERIDIAN. INTERNATIONAL MERIDIAN CONFERENCE GMT was established as the reference point for time coordination at the International Meridian Conference GREENWICH MEAN TIME (GMT). INTERNATIONAL MERIDIAN CONFERENCE The International Meridian Conference was held in Washington, D.C. WASHINGTON, D.C..",
    "evaluation": 0
  },
  {
    "correct_answer": "The International Meridian Conference in 1884 agreed to adopt a system of standard time zones based on Greenwich Mean Time.",
    "retrieved_context": "GREENWICH MERIDIAN The Greenwich Meridian is located in London LONDON. TIME ZONES Global telecommunications networks facilitate real-time collaboration across time zones, underscoring the significance of time zones in international logistics GLOBAL TELECOMMUNICATIONS NETWORKS. TIME ZONES The use of telegraphs and the need for synchronized communication further emphasized the need for standardized time zones TELEGRAPHS. INTERNET Both the internet and global telecommunications networks facilitate instant communication and collaboration across different time zones GLOBAL TELECOMMUNICATIONS NETWORKS. TIME ZONES The inefficiency of local time for train schedules across long distances was a significant factor in the development of standardized time and time zones TRAINS. TIME ZONES Sir Sandford Fleming proposed the concept of time zones, which are now used worldwide to standardize time SIR SANDFORD FLEMING. TIME ZONES The internet has made coordinating time across different time zones easier, highlighting the importance of time zones in global communication INTERNET. TIME ZONES The expansion of global trade necessitated the creation of time zones to standardize time measurement across international borders GLOBAL TRADE. TIME ZONES Railway Time was an early form of standardized timekeeping that influenced the development of time zones RAILWAY TIME. TIME ZONES The development of transportation networks was a key factor in the need for the standardization of time, leading to the establishment of time zones TRANSPORTATION NETWORKS. GREENWICH MERIDIAN The Greenwich Meridian is located in London LONDON. INTERNATIONAL MERIDIAN CONFERENCE The Greenwich Meridian was chosen as the Prime Meridian at the International Meridian Conference GREENWICH MERIDIAN. INTERNATIONAL MERIDIAN CONFERENCE GMT was established as the reference point for time coordination at the International Meridian Conference GREENWICH MEAN TIME (GMT). INTERNATIONAL MERIDIAN CONFERENCE The International Meridian Conference was held in Washington, D.C. WASHINGTON, D.C..",
    "evaluation": 1
  },
  {
    "correct_answer": "The Greenwich Meridian in London was chosen as the Prime Meridian for coordinating time globally.",
    "retrieved_context": "GREENWICH MERIDIAN The Greenwich Meridian is located in London LONDON. GREENWICH MERIDIAN The Greenwich Meridian is located in London LONDON. INTERNATIONAL MERIDIAN CONFERENCE The Greenwich Meridian was chosen as the Prime Meridian at the International Meridian Conference GREENWICH MERIDIAN. INTERNATIONAL MERIDIAN CONFERENCE GMT was established as the reference point for time coordination at the International Meridian Conference GREENWICH MEAN TIME (GMT). INTERNATIONAL MERIDIAN CONFERENCE The International Meridian Conference was held in Washington, D.C. WASHINGTON, D.C.. TIME ZONES Global telecommunications networks facilitate real-time collaboration across time zones, underscoring the significance of time zones in international logistics GLOBAL TELECOMMUNICATIONS NETWORKS. TIME ZONES The use of telegraphs and the need for synchronized communication further emphasized the need for standardized time zones TELEGRAPHS. INTERNET Both the internet and global telecommunications networks facilitate instant communication and collaboration across different time zones GLOBAL TELECOMMUNICATIONS NETWORKS. TIME ZONES The inefficiency of local time for train schedules across long distances was a significant factor in the development of standardized time and time zones TRAINS. TIME ZONES Sir Sandford Fleming proposed the concept of time zones, which are now used worldwide to standardize time SIR SANDFORD FLEMING. TIME ZONES The internet has made coordinating time across different time zones easier, highlighting the importance of time zones in global communication INTERNET. TIME ZONES The expansion of global trade necessitated the creation of time zones to standardize time measurement across international borders GLOBAL TRADE. TIME ZONES Railway Time was an early form of standardized timekeeping that influenced the development of time zones RAILWAY TIME. TIME ZONES The development of transportation networks was a key factor in the need for the standardization of time, leading to the establishment of time zones TRANSPORTATION NETWORKS.",
    "evaluation": 1
  },
  {
    "correct_answer": "The world was divided into 24 time zones, each spanning 15 degrees of longitude.",
    "retrieved_context": "TIME ZONES Global telecommunications networks facilitate real-time collaboration across time zones, underscoring the significance of time zones in international logistics GLOBAL TELECOMMUNICATIONS NETWORKS. TIME ZONES The use of telegraphs and the need for synchronized communication further emphasized the need for standardized time zones TELEGRAPHS. INTERNET Both the internet and global telecommunications networks facilitate instant communication and collaboration across different time zones GLOBAL TELECOMMUNICATIONS NETWORKS. TIME ZONES The inefficiency of local time for train schedules across long distances was a significant factor in the development of standardized time and time zones TRAINS. TIME ZONES Sir Sandford Fleming proposed the concept of time zones, which are now used worldwide to standardize time SIR SANDFORD FLEMING. TIME ZONES The internet has made coordinating time across different time zones easier, highlighting the importance of time zones in global communication INTERNET. TIME ZONES The expansion of global trade necessitated the creation of time zones to standardize time measurement across international borders GLOBAL TRADE. TIME ZONES Railway Time was an early form of standardized timekeeping that influenced the development of time zones RAILWAY TIME. TIME ZONES The development of transportation networks was a key factor in the need for the standardization of time, leading to the establishment of time zones TRANSPORTATION NETWORKS. GREENWICH MERIDIAN The Greenwich Meridian is located in London LONDON. GREENWICH MERIDIAN The Greenwich Meridian is located in London LONDON. INTERNATIONAL MERIDIAN CONFERENCE The Greenwich Meridian was chosen as the Prime Meridian at the International Meridian Conference GREENWICH MERIDIAN. INTERNATIONAL MERIDIAN CONFERENCE GMT was established as the reference point for time coordination at the International Meridian Conference GREENWICH MEAN TIME (GMT). INTERNATIONAL MERIDIAN CONFERENCE The International Meridian Conference was held in Washington, D.C. WASHINGTON, D.C..",
    "evaluation": 0
  },
  {
    "correct_answer": "Daylight Saving Time (DST) was introduced in the early 20th century to extend daylight hours.",
    "retrieved_context": "TIME ZONES Global telecommunications networks facilitate real-time collaboration across time zones, underscoring the significance of time zones in international logistics GLOBAL TELECOMMUNICATIONS NETWORKS. TIME ZONES The use of telegraphs and the need for synchronized communication further emphasized the need for standardized time zones TELEGRAPHS. INTERNET Both the internet and global telecommunications networks facilitate instant communication and collaboration across different time zones GLOBAL TELECOMMUNICATIONS NETWORKS. TIME ZONES The inefficiency of local time for train schedules across long distances was a significant factor in the development of standardized time and time zones TRAINS. TIME ZONES Sir Sandford Fleming proposed the concept of time zones, which are now used worldwide to standardize time SIR SANDFORD FLEMING. TIME ZONES The internet has made coordinating time across different time zones easier, highlighting the importance of time zones in global communication INTERNET. TIME ZONES The expansion of global trade necessitated the creation of time zones to standardize time measurement across international borders GLOBAL TRADE. TIME ZONES Railway Time was an early form of standardized timekeeping that influenced the development of time zones RAILWAY TIME. TIME ZONES The development of transportation networks was a key factor in the need for the standardization of time, leading to the establishment of time zones TRANSPORTATION NETWORKS. GREENWICH MERIDIAN The Greenwich Meridian is located in London LONDON. GREENWICH MERIDIAN The Greenwich Meridian is located in London LONDON. INTERNATIONAL MERIDIAN CONFERENCE The Greenwich Meridian was chosen as the Prime Meridian at the International Meridian Conference GREENWICH MERIDIAN. INTERNATIONAL MERIDIAN CONFERENCE GMT was established as the reference point for time coordination at the International Meridian Conference GREENWICH MEAN TIME (GMT). INTERNATIONAL MERIDIAN CONFERENCE The International Meridian Conference was held in Washington, D.C. WASHINGTON, D.C..",
    "evaluation": 0
  },
  {
    "correct_answer": "DST was first implemented during World War I to conserve energy.",
    "retrieved_context": "GREENWICH MERIDIAN The Greenwich Meridian is located in London LONDON. TIME ZONES Global telecommunications networks facilitate real-time collaboration across time zones, underscoring the significance of time zones in international logistics GLOBAL TELECOMMUNICATIONS NETWORKS. TIME ZONES The use of telegraphs and the need for synchronized communication further emphasized the need for standardized time zones TELEGRAPHS. INTERNET Both the internet and global telecommunications networks facilitate instant communication and collaboration across different time zones GLOBAL TELECOMMUNICATIONS NETWORKS. TIME ZONES The inefficiency of local time for train schedules across long distances was a significant factor in the development of standardized time and time zones TRAINS. TIME ZONES Sir Sandford Fleming proposed the concept of time zones, which are now used worldwide to standardize time SIR SANDFORD FLEMING. TIME ZONES The internet has made coordinating time across different time zones easier, highlighting the importance of time zones in global communication INTERNET. TIME ZONES The expansion of global trade necessitated the creation of time zones to standardize time measurement across international borders GLOBAL TRADE. TIME ZONES Railway Time was an early form of standardized timekeeping that influenced the development of time zones RAILWAY TIME. TIME ZONES The development of transportation networks was a key factor in the need for the standardization of time, leading to the establishment of time zones TRANSPORTATION NETWORKS. GREENWICH MERIDIAN The Greenwich Meridian is located in London LONDON. INTERNATIONAL MERIDIAN CONFERENCE The Greenwich Meridian was chosen as the Prime Meridian at the International Meridian Conference GREENWICH MERIDIAN. INTERNATIONAL MERIDIAN CONFERENCE GMT was established as the reference point for time coordination at the International Meridian Conference GREENWICH MEAN TIME (GMT). INTERNATIONAL MERIDIAN CONFERENCE The International Meridian Conference was held in Washington, D.C. WASHINGTON, D.C..",
    "evaluation": 0
  },
  {
    "correct_answer": "Advances in technology and communication have made coordinating time across different time zones easier.",
    "retrieved_context": "TIME ZONES Global telecommunications networks facilitate real-time collaboration across time zones, underscoring the significance of time zones in international logistics GLOBAL TELECOMMUNICATIONS NETWORKS. TIME ZONES The use of telegraphs and the need for synchronized communication further emphasized the need for standardized time zones TELEGRAPHS. INTERNET Both the internet and global telecommunications networks facilitate instant communication and collaboration across different time zones GLOBAL TELECOMMUNICATIONS NETWORKS. TIME ZONES The inefficiency of local time for train schedules across long distances was a significant factor in the development of standardized time and time zones TRAINS. TIME ZONES Sir Sandford Fleming proposed the concept of time zones, which are now used worldwide to standardize time SIR SANDFORD FLEMING. TIME ZONES The internet has made coordinating time across different time zones easier, highlighting the importance of time zones in global communication INTERNET. TIME ZONES The expansion of global trade necessitated the creation of time zones to standardize time measurement across international borders GLOBAL TRADE. TIME ZONES Railway Time was an early form of standardized timekeeping that influenced the development of time zones RAILWAY TIME. TIME ZONES The development of transportation networks was a key factor in the need for the standardization of time, leading to the establishment of time zones TRANSPORTATION NETWORKS. GREENWICH MERIDIAN The Greenwich Meridian is located in London LONDON. GREENWICH MERIDIAN The Greenwich Meridian is located in London LONDON. INTERNATIONAL MERIDIAN CONFERENCE The Greenwich Meridian was chosen as the Prime Meridian at the International Meridian Conference GREENWICH MERIDIAN. INTERNATIONAL MERIDIAN CONFERENCE GMT was established as the reference point for time coordination at the International Meridian Conference GREENWICH MEAN TIME (GMT). INTERNATIONAL MERIDIAN CONFERENCE The International Meridian Conference was held in Washington, D.C. WASHINGTON, D.C..",
    "evaluation": 1
  },
  {
    "accuracy": "53.33%"
  }
]