[
  {
    "correct_answer": "Coffee is a cultural phenomenon in society.",
    "retrieved_context": "COFFEE Kaldi discovered the stimulating effects of coffee beans, leading to its widespread popularity KALDI. COFFEE Coffee's popularity spread to Europe in the 17th century, becoming a central part of social life EUROPE. COFFEE Coffee played a pivotal role during the Enlightenment Period, facilitating the exchange of ideas among thinkers and writers ENLIGHTENMENT PERIOD. COFFEE Starbucks has played a significant role in transforming coffee into a global phenomenon STARBUCKS. COFFEE After its discovery, coffee was cultivated and traded extensively in the Arabian Peninsula ARABIAN PENINSULA. EUROPE Cafe Culture in Paris was a significant event in Europe's social history, influenced by coffee CAFE CULTURE. COFFEE Coffee's cultivation has environmental implications such as deforestation, water usage, and biodiversity loss, affecting its own industry COFFEE. COFFEE Coffee's status as a global phenomenon has significant implications for coffee production industries worldwide COFFEE PRODUCTION. COFFEE Rousseau was known to frequent coffee houses, indicating his participation in the coffee culture of the Enlightenment period ROUSSEAU. COFFEE Qahveh Khaneh were coffee houses in the Middle East where coffee was consumed socially QAHVEH KHANEH. COFFEE The global phenomenon of coffee has led to the emergence of a distinct coffee culture COFFEE CULTURE. COFFEE Consumers' demand for ethically sourced and sustainably produced coffee influences the coffee industry's practices CONSUMERS. COFFEE Voltaire was known to frequent coffee houses, indicating his participation in the coffee culture of the Enlightenment period VOLTAIRE. COFFEE Coffee's origins can be traced back to the Ethiopian Plateau ETHIOPIAN PLATEAU. COFFEE Farmers are responsible for the cultivation of coffee beans, directly impacting the coffee trade and industry FARMERS. EUROPE Penny Universities were coffee houses in London, a part of Europe's coffee house culture PENNY UNIVERSITIES. COFFEE PRODUCTION Coffee production is directly linked to the global coffee trade, impacting economies on both local and global levels GLOBAL COFFEE TRADE. COFFEE PRODUCTION Coffee production is directly linked to the global coffee trade, impacting economies on both local and global levels GLOBAL COFFEE TRADE. BARISTAS Baristas serve coffee directly to consumers, facilitating the final step in the coffee supply chain CONSUMERS.",
    "evaluation": 1
  },
  {
    "correct_answer": "Coffee is an integral part of people's daily lives.",
    "retrieved_context": "COFFEE Kaldi discovered the stimulating effects of coffee beans, leading to its widespread popularity KALDI. COFFEE Coffee's popularity spread to Europe in the 17th century, becoming a central part of social life EUROPE. COFFEE Coffee played a pivotal role during the Enlightenment Period, facilitating the exchange of ideas among thinkers and writers ENLIGHTENMENT PERIOD. COFFEE Starbucks has played a significant role in transforming coffee into a global phenomenon STARBUCKS. COFFEE After its discovery, coffee was cultivated and traded extensively in the Arabian Peninsula ARABIAN PENINSULA. EUROPE Cafe Culture in Paris was a significant event in Europe's social history, influenced by coffee CAFE CULTURE. COFFEE Coffee's cultivation has environmental implications such as deforestation, water usage, and biodiversity loss, affecting its own industry COFFEE. COFFEE Coffee's status as a global phenomenon has significant implications for coffee production industries worldwide COFFEE PRODUCTION. COFFEE Rousseau was known to frequent coffee houses, indicating his participation in the coffee culture of the Enlightenment period ROUSSEAU. COFFEE Qahveh Khaneh were coffee houses in the Middle East where coffee was consumed socially QAHVEH KHANEH. COFFEE The global phenomenon of coffee has led to the emergence of a distinct coffee culture COFFEE CULTURE. COFFEE Consumers' demand for ethically sourced and sustainably produced coffee influences the coffee industry's practices CONSUMERS. COFFEE Voltaire was known to frequent coffee houses, indicating his participation in the coffee culture of the Enlightenment period VOLTAIRE. COFFEE Coffee's origins can be traced back to the Ethiopian Plateau ETHIOPIAN PLATEAU. COFFEE Farmers are responsible for the cultivation of coffee beans, directly impacting the coffee trade and industry FARMERS. EUROPE Penny Universities were coffee houses in London, a part of Europe's coffee house culture PENNY UNIVERSITIES. COFFEE PRODUCTION Coffee production is directly linked to the global coffee trade, impacting economies on both local and global levels GLOBAL COFFEE TRADE. COFFEE PRODUCTION Coffee production is directly linked to the global coffee trade, impacting economies on both local and global levels GLOBAL COFFEE TRADE. BARISTAS Baristas serve coffee directly to consumers, facilitating the final step in the coffee supply chain CONSUMERS.",
    "evaluation": 1
  },
  {
    "correct_answer": "Coffee's history dates back to ancient times.",
    "retrieved_context": "COFFEE Kaldi discovered the stimulating effects of coffee beans, leading to its widespread popularity KALDI. COFFEE Coffee's popularity spread to Europe in the 17th century, becoming a central part of social life EUROPE. COFFEE Coffee played a pivotal role during the Enlightenment Period, facilitating the exchange of ideas among thinkers and writers ENLIGHTENMENT PERIOD. COFFEE Starbucks has played a significant role in transforming coffee into a global phenomenon STARBUCKS. COFFEE After its discovery, coffee was cultivated and traded extensively in the Arabian Peninsula ARABIAN PENINSULA. EUROPE Cafe Culture in Paris was a significant event in Europe's social history, influenced by coffee CAFE CULTURE. COFFEE Coffee's cultivation has environmental implications such as deforestation, water usage, and biodiversity loss, affecting its own industry COFFEE. COFFEE Coffee's status as a global phenomenon has significant implications for coffee production industries worldwide COFFEE PRODUCTION. COFFEE Rousseau was known to frequent coffee houses, indicating his participation in the coffee culture of the Enlightenment period ROUSSEAU. COFFEE Qahveh Khaneh were coffee houses in the Middle East where coffee was consumed socially QAHVEH KHANEH. COFFEE The global phenomenon of coffee has led to the emergence of a distinct coffee culture COFFEE CULTURE. COFFEE Consumers' demand for ethically sourced and sustainably produced coffee influences the coffee industry's practices CONSUMERS. COFFEE Voltaire was known to frequent coffee houses, indicating his participation in the coffee culture of the Enlightenment period VOLTAIRE. COFFEE Coffee's origins can be traced back to the Ethiopian Plateau ETHIOPIAN PLATEAU. COFFEE Farmers are responsible for the cultivation of coffee beans, directly impacting the coffee trade and industry FARMERS. EUROPE Penny Universities were coffee houses in London, a part of Europe's coffee house culture PENNY UNIVERSITIES. COFFEE PRODUCTION Coffee production is directly linked to the global coffee trade, impacting economies on both local and global levels GLOBAL COFFEE TRADE. COFFEE PRODUCTION Coffee production is directly linked to the global coffee trade, impacting economies on both local and global levels GLOBAL COFFEE TRADE. BARISTAS Baristas serve coffee directly to consumers, facilitating the final step in the coffee supply chain CONSUMERS.",
    "evaluation": 0
  },
  {
    "correct_answer": "Coffee originated from the Ethiopian plateau.",
    "retrieved_context": "COFFEE Kaldi discovered the stimulating effects of coffee beans, leading to its widespread popularity KALDI. COFFEE Coffee's popularity spread to Europe in the 17th century, becoming a central part of social life EUROPE. COFFEE Coffee played a pivotal role during the Enlightenment Period, facilitating the exchange of ideas among thinkers and writers ENLIGHTENMENT PERIOD. COFFEE Starbucks has played a significant role in transforming coffee into a global phenomenon STARBUCKS. COFFEE After its discovery, coffee was cultivated and traded extensively in the Arabian Peninsula ARABIAN PENINSULA. EUROPE Cafe Culture in Paris was a significant event in Europe's social history, influenced by coffee CAFE CULTURE. COFFEE Coffee's cultivation has environmental implications such as deforestation, water usage, and biodiversity loss, affecting its own industry COFFEE. COFFEE Coffee's status as a global phenomenon has significant implications for coffee production industries worldwide COFFEE PRODUCTION. COFFEE Rousseau was known to frequent coffee houses, indicating his participation in the coffee culture of the Enlightenment period ROUSSEAU. COFFEE Qahveh Khaneh were coffee houses in the Middle East where coffee was consumed socially QAHVEH KHANEH. COFFEE The global phenomenon of coffee has led to the emergence of a distinct coffee culture COFFEE CULTURE. COFFEE Consumers' demand for ethically sourced and sustainably produced coffee influences the coffee industry's practices CONSUMERS. COFFEE Voltaire was known to frequent coffee houses, indicating his participation in the coffee culture of the Enlightenment period VOLTAIRE. COFFEE Coffee's origins can be traced back to the Ethiopian Plateau ETHIOPIAN PLATEAU. COFFEE Farmers are responsible for the cultivation of coffee beans, directly impacting the coffee trade and industry FARMERS. EUROPE Penny Universities were coffee houses in London, a part of Europe's coffee house culture PENNY UNIVERSITIES. COFFEE PRODUCTION Coffee production is directly linked to the global coffee trade, impacting economies on both local and global levels GLOBAL COFFEE TRADE. COFFEE PRODUCTION Coffee production is directly linked to the global coffee trade, impacting economies on both local and global levels GLOBAL COFFEE TRADE.",
    "evaluation": 1
  },
  {
    "correct_answer": "Coffee was discovered by a goat herder named Kaldi.",
    "retrieved_context": "COFFEE PRODUCTION Coffee production is directly linked to the global coffee trade, impacting economies on both local and global levels GLOBAL COFFEE TRADE. COFFEE Kaldi discovered the stimulating effects of coffee beans, leading to its widespread popularity KALDI. COFFEE Coffee's popularity spread to Europe in the 17th century, becoming a central part of social life EUROPE. COFFEE Coffee played a pivotal role during the Enlightenment Period, facilitating the exchange of ideas among thinkers and writers ENLIGHTENMENT PERIOD. COFFEE Starbucks has played a significant role in transforming coffee into a global phenomenon STARBUCKS. COFFEE After its discovery, coffee was cultivated and traded extensively in the Arabian Peninsula ARABIAN PENINSULA. EUROPE Cafe Culture in Paris was a significant event in Europe's social history, influenced by coffee CAFE CULTURE. COFFEE Coffee's cultivation has environmental implications such as deforestation, water usage, and biodiversity loss, affecting its own industry COFFEE. COFFEE Coffee's status as a global phenomenon has significant implications for coffee production industries worldwide COFFEE PRODUCTION. COFFEE Rousseau was known to frequent coffee houses, indicating his participation in the coffee culture of the Enlightenment period ROUSSEAU. COFFEE Qahveh Khaneh were coffee houses in the Middle East where coffee was consumed socially QAHVEH KHANEH. COFFEE The global phenomenon of coffee has led to the emergence of a distinct coffee culture COFFEE CULTURE. COFFEE Consumers' demand for ethically sourced and sustainably produced coffee influences the coffee industry's practices CONSUMERS. COFFEE Voltaire was known to frequent coffee houses, indicating his participation in the coffee culture of the Enlightenment period VOLTAIRE. COFFEE Coffee's origins can be traced back to the Ethiopian Plateau ETHIOPIAN PLATEAU. COFFEE Farmers are responsible for the cultivation of coffee beans, directly impacting the coffee trade and industry FARMERS. EUROPE Penny Universities were coffee houses in London, a part of Europe's coffee house culture PENNY UNIVERSITIES. COFFEE PRODUCTION Coffee production is directly linked to the global coffee trade, impacting economies on both local and global levels GLOBAL COFFEE TRADE.",
    "evaluation": 0
  },
  {
    "correct_answer": "Coffee spread to the Arabian Peninsula.",
    "retrieved_context": "COFFEE PRODUCTION Coffee production is directly linked to the global coffee trade, impacting economies on both local and global levels GLOBAL COFFEE TRADE. COFFEE Kaldi discovered the stimulating effects of coffee beans, leading to its widespread popularity KALDI. COFFEE Coffee's popularity spread to Europe in the 17th century, becoming a central part of social life EUROPE. COFFEE Coffee played a pivotal role during the Enlightenment Period, facilitating the exchange of ideas among thinkers and writers ENLIGHTENMENT PERIOD. COFFEE Starbucks has played a significant role in transforming coffee into a global phenomenon STARBUCKS. COFFEE After its discovery, coffee was cultivated and traded extensively in the Arabian Peninsula ARABIAN PENINSULA. EUROPE Cafe Culture in Paris was a significant event in Europe's social history, influenced by coffee CAFE CULTURE. COFFEE Coffee's cultivation has environmental implications such as deforestation, water usage, and biodiversity loss, affecting its own industry COFFEE. COFFEE Coffee's status as a global phenomenon has significant implications for coffee production industries worldwide COFFEE PRODUCTION. COFFEE Rousseau was known to frequent coffee houses, indicating his participation in the coffee culture of the Enlightenment period ROUSSEAU. COFFEE Qahveh Khaneh were coffee houses in the Middle East where coffee was consumed socially QAHVEH KHANEH. COFFEE The global phenomenon of coffee has led to the emergence of a distinct coffee culture COFFEE CULTURE. COFFEE Consumers' demand for ethically sourced and sustainably produced coffee influences the coffee industry's practices CONSUMERS. COFFEE Voltaire was known to frequent coffee houses, indicating his participation in the coffee culture of the Enlightenment period VOLTAIRE. COFFEE Coffee's origins can be traced back to the Ethiopian Plateau ETHIOPIAN PLATEAU. COFFEE Farmers are responsible for the cultivation of coffee beans, directly impacting the coffee trade and industry FARMERS. EUROPE Penny Universities were coffee houses in London, a part of Europe's coffee house culture PENNY UNIVERSITIES. COFFEE PRODUCTION Coffee production is directly linked to the global coffee trade, impacting economies on both local and global levels GLOBAL COFFEE TRADE.",
    "evaluation": 1
  },
  {
    "correct_answer": "Coffee houses emerged in the Middle East as social spaces.",
    "retrieved_context": "COFFEE PRODUCTION Coffee production is directly linked to the global coffee trade, impacting economies on both local and global levels GLOBAL COFFEE TRADE. COFFEE Kaldi discovered the stimulating effects of coffee beans, leading to its widespread popularity KALDI. COFFEE Coffee's popularity spread to Europe in the 17th century, becoming a central part of social life EUROPE. COFFEE Coffee played a pivotal role during the Enlightenment Period, facilitating the exchange of ideas among thinkers and writers ENLIGHTENMENT PERIOD. COFFEE Starbucks has played a significant role in transforming coffee into a global phenomenon STARBUCKS. COFFEE After its discovery, coffee was cultivated and traded extensively in the Arabian Peninsula ARABIAN PENINSULA. EUROPE Cafe Culture in Paris was a significant event in Europe's social history, influenced by coffee CAFE CULTURE. COFFEE Coffee's cultivation has environmental implications such as deforestation, water usage, and biodiversity loss, affecting its own industry COFFEE. COFFEE Coffee's status as a global phenomenon has significant implications for coffee production industries worldwide COFFEE PRODUCTION. COFFEE Rousseau was known to frequent coffee houses, indicating his participation in the coffee culture of the Enlightenment period ROUSSEAU. COFFEE Qahveh Khaneh were coffee houses in the Middle East where coffee was consumed socially QAHVEH KHANEH. COFFEE The global phenomenon of coffee has led to the emergence of a distinct coffee culture COFFEE CULTURE. COFFEE Consumers' demand for ethically sourced and sustainably produced coffee influences the coffee industry's practices CONSUMERS. COFFEE Voltaire was known to frequent coffee houses, indicating his participation in the coffee culture of the Enlightenment period VOLTAIRE. COFFEE Coffee's origins can be traced back to the Ethiopian Plateau ETHIOPIAN PLATEAU. COFFEE Farmers are responsible for the cultivation of coffee beans, directly impacting the coffee trade and industry FARMERS. EUROPE Penny Universities were coffee houses in London, a part of Europe's coffee house culture PENNY UNIVERSITIES. COFFEE PRODUCTION Coffee production is directly linked to the global coffee trade, impacting economies on both local and global levels GLOBAL COFFEE TRADE. BARISTAS Baristas serve coffee directly to consumers, facilitating the final step in the coffee supply chain CONSUMERS.",
    "evaluation": 1
  },
  {
    "correct_answer": "Coffee reached Europe by the 17th century.",
    "retrieved_context": "COFFEE PRODUCTION Coffee production is directly linked to the global coffee trade, impacting economies on both local and global levels GLOBAL COFFEE TRADE. COFFEE Kaldi discovered the stimulating effects of coffee beans, leading to its widespread popularity KALDI. COFFEE Coffee's popularity spread to Europe in the 17th century, becoming a central part of social life EUROPE. COFFEE Coffee played a pivotal role during the Enlightenment Period, facilitating the exchange of ideas among thinkers and writers ENLIGHTENMENT PERIOD. COFFEE Starbucks has played a significant role in transforming coffee into a global phenomenon STARBUCKS. COFFEE After its discovery, coffee was cultivated and traded extensively in the Arabian Peninsula ARABIAN PENINSULA. EUROPE Cafe Culture in Paris was a significant event in Europe's social history, influenced by coffee CAFE CULTURE. COFFEE Coffee's cultivation has environmental implications such as deforestation, water usage, and biodiversity loss, affecting its own industry COFFEE. COFFEE Coffee's status as a global phenomenon has significant implications for coffee production industries worldwide COFFEE PRODUCTION. COFFEE Rousseau was known to frequent coffee houses, indicating his participation in the coffee culture of the Enlightenment period ROUSSEAU. COFFEE Qahveh Khaneh were coffee houses in the Middle East where coffee was consumed socially QAHVEH KHANEH. COFFEE The global phenomenon of coffee has led to the emergence of a distinct coffee culture COFFEE CULTURE. COFFEE Consumers' demand for ethically sourced and sustainably produced coffee influences the coffee industry's practices CONSUMERS. COFFEE Voltaire was known to frequent coffee houses, indicating his participation in the coffee culture of the Enlightenment period VOLTAIRE. COFFEE Coffee's origins can be traced back to the Ethiopian Plateau ETHIOPIAN PLATEAU. COFFEE Farmers are responsible for the cultivation of coffee beans, directly impacting the coffee trade and industry FARMERS. EUROPE Penny Universities were coffee houses in London, a part of Europe's coffee house culture PENNY UNIVERSITIES. COFFEE PRODUCTION Coffee production is directly linked to the global coffee trade, impacting economies on both local and global levels GLOBAL COFFEE TRADE. EUROPE Cafe Culture in Paris was a significant event in Europe's social history, influenced by coffee CAFE CULTURE. EUROPE Penny Universities were coffee houses in London, a part of Europe's coffee house culture PENNY UNIVERSITIES. BARISTAS Baristas serve coffee directly to consumers, facilitating the final step in the coffee supply chain CONSUMERS.",
    "evaluation": 1
  },
  {
    "correct_answer": "Coffee houses in Europe were hubs for social interaction.",
    "retrieved_context": "COFFEE PRODUCTION Coffee production is directly linked to the global coffee trade, impacting economies on both local and global levels GLOBAL COFFEE TRADE. COFFEE Kaldi discovered the stimulating effects of coffee beans, leading to its widespread popularity KALDI. COFFEE Coffee's popularity spread to Europe in the 17th century, becoming a central part of social life EUROPE. COFFEE Coffee played a pivotal role during the Enlightenment Period, facilitating the exchange of ideas among thinkers and writers ENLIGHTENMENT PERIOD. COFFEE Starbucks has played a significant role in transforming coffee into a global phenomenon STARBUCKS. COFFEE After its discovery, coffee was cultivated and traded extensively in the Arabian Peninsula ARABIAN PENINSULA. EUROPE Cafe Culture in Paris was a significant event in Europe's social history, influenced by coffee CAFE CULTURE. COFFEE Coffee's cultivation has environmental implications such as deforestation, water usage, and biodiversity loss, affecting its own industry COFFEE. COFFEE Coffee's status as a global phenomenon has significant implications for coffee production industries worldwide COFFEE PRODUCTION. COFFEE Rousseau was known to frequent coffee houses, indicating his participation in the coffee culture of the Enlightenment period ROUSSEAU. COFFEE Qahveh Khaneh were coffee houses in the Middle East where coffee was consumed socially QAHVEH KHANEH. COFFEE The global phenomenon of coffee has led to the emergence of a distinct coffee culture COFFEE CULTURE. COFFEE Consumers' demand for ethically sourced and sustainably produced coffee influences the coffee industry's practices CONSUMERS. COFFEE Voltaire was known to frequent coffee houses, indicating his participation in the coffee culture of the Enlightenment period VOLTAIRE. COFFEE Coffee's origins can be traced back to the Ethiopian Plateau ETHIOPIAN PLATEAU. COFFEE Farmers are responsible for the cultivation of coffee beans, directly impacting the coffee trade and industry FARMERS. EUROPE Penny Universities were coffee houses in London, a part of Europe's coffee house culture PENNY UNIVERSITIES. COFFEE PRODUCTION Coffee production is directly linked to the global coffee trade, impacting economies on both local and global levels GLOBAL COFFEE TRADE. BARISTAS Baristas serve coffee directly to consumers, facilitating the final step in the coffee supply chain CONSUMERS. EUROPE Cafe Culture in Paris was a significant event in Europe's social history, influenced by coffee CAFE CULTURE. EUROPE Penny Universities were coffee houses in London, a part of Europe's coffee house culture PENNY UNIVERSITIES.",
    "evaluation": 1
  },
  {
    "correct_answer": "Coffee played a pivotal role in the Enlightenment period.",
    "retrieved_context": "COFFEE Kaldi discovered the stimulating effects of coffee beans, leading to its widespread popularity KALDI. COFFEE Coffee's popularity spread to Europe in the 17th century, becoming a central part of social life EUROPE. COFFEE Coffee played a pivotal role during the Enlightenment Period, facilitating the exchange of ideas among thinkers and writers ENLIGHTENMENT PERIOD. COFFEE Starbucks has played a significant role in transforming coffee into a global phenomenon STARBUCKS. COFFEE After its discovery, coffee was cultivated and traded extensively in the Arabian Peninsula ARABIAN PENINSULA. EUROPE Cafe Culture in Paris was a significant event in Europe's social history, influenced by coffee CAFE CULTURE. COFFEE Coffee's cultivation has environmental implications such as deforestation, water usage, and biodiversity loss, affecting its own industry COFFEE. COFFEE Coffee's status as a global phenomenon has significant implications for coffee production industries worldwide COFFEE PRODUCTION. COFFEE Rousseau was known to frequent coffee houses, indicating his participation in the coffee culture of the Enlightenment period ROUSSEAU. COFFEE Qahveh Khaneh were coffee houses in the Middle East where coffee was consumed socially QAHVEH KHANEH. COFFEE The global phenomenon of coffee has led to the emergence of a distinct coffee culture COFFEE CULTURE. COFFEE Consumers' demand for ethically sourced and sustainably produced coffee influences the coffee industry's practices CONSUMERS. COFFEE Voltaire was known to frequent coffee houses, indicating his participation in the coffee culture of the Enlightenment period VOLTAIRE. COFFEE Coffee's origins can be traced back to the Ethiopian Plateau ETHIOPIAN PLATEAU. COFFEE Farmers are responsible for the cultivation of coffee beans, directly impacting the coffee trade and industry FARMERS. EUROPE Penny Universities were coffee houses in London, a part of Europe's coffee house culture PENNY UNIVERSITIES. COFFEE PRODUCTION Coffee production is directly linked to the global coffee trade, impacting economies on both local and global levels GLOBAL COFFEE TRADE. COFFEE PRODUCTION Coffee production is directly linked to the global coffee trade, impacting economies on both local and global levels GLOBAL COFFEE TRADE.",
    "evaluation": 1
  },
  {
    "correct_answer": "Coffee consumption is global in the modern era.",
    "retrieved_context": "COFFEE PRODUCTION Coffee production is directly linked to the global coffee trade, impacting economies on both local and global levels GLOBAL COFFEE TRADE. COFFEE Kaldi discovered the stimulating effects of coffee beans, leading to its widespread popularity KALDI. COFFEE Coffee's popularity spread to Europe in the 17th century, becoming a central part of social life EUROPE. COFFEE Coffee played a pivotal role during the Enlightenment Period, facilitating the exchange of ideas among thinkers and writers ENLIGHTENMENT PERIOD. COFFEE Starbucks has played a significant role in transforming coffee into a global phenomenon STARBUCKS. COFFEE After its discovery, coffee was cultivated and traded extensively in the Arabian Peninsula ARABIAN PENINSULA. EUROPE Cafe Culture in Paris was a significant event in Europe's social history, influenced by coffee CAFE CULTURE. COFFEE Coffee's cultivation has environmental implications such as deforestation, water usage, and biodiversity loss, affecting its own industry COFFEE. COFFEE Coffee's status as a global phenomenon has significant implications for coffee production industries worldwide COFFEE PRODUCTION. COFFEE Rousseau was known to frequent coffee houses, indicating his participation in the coffee culture of the Enlightenment period ROUSSEAU. COFFEE Qahveh Khaneh were coffee houses in the Middle East where coffee was consumed socially QAHVEH KHANEH. COFFEE The global phenomenon of coffee has led to the emergence of a distinct coffee culture COFFEE CULTURE. COFFEE Consumers' demand for ethically sourced and sustainably produced coffee influences the coffee industry's practices CONSUMERS. COFFEE Voltaire was known to frequent coffee houses, indicating his participation in the coffee culture of the Enlightenment period VOLTAIRE. COFFEE Coffee's origins can be traced back to the Ethiopian Plateau ETHIOPIAN PLATEAU. COFFEE Farmers are responsible for the cultivation of coffee beans, directly impacting the coffee trade and industry FARMERS. EUROPE Penny Universities were coffee houses in London, a part of Europe's coffee house culture PENNY UNIVERSITIES. COFFEE PRODUCTION Coffee production is directly linked to the global coffee trade, impacting economies on both local and global levels GLOBAL COFFEE TRADE. BARISTAS Baristas serve coffee directly to consumers, facilitating the final step in the coffee supply chain CONSUMERS.",
    "evaluation": 1
  },
  {
    "correct_answer": "Coffee chains like Starbucks have transformed coffee consumption.",
    "retrieved_context": "COFFEE PRODUCTION Coffee production is directly linked to the global coffee trade, impacting economies on both local and global levels GLOBAL COFFEE TRADE. COFFEE Kaldi discovered the stimulating effects of coffee beans, leading to its widespread popularity KALDI. COFFEE Coffee's popularity spread to Europe in the 17th century, becoming a central part of social life EUROPE. COFFEE Coffee played a pivotal role during the Enlightenment Period, facilitating the exchange of ideas among thinkers and writers ENLIGHTENMENT PERIOD. COFFEE Starbucks has played a significant role in transforming coffee into a global phenomenon STARBUCKS. COFFEE After its discovery, coffee was cultivated and traded extensively in the Arabian Peninsula ARABIAN PENINSULA. EUROPE Cafe Culture in Paris was a significant event in Europe's social history, influenced by coffee CAFE CULTURE. COFFEE Coffee's cultivation has environmental implications such as deforestation, water usage, and biodiversity loss, affecting its own industry COFFEE. COFFEE Coffee's status as a global phenomenon has significant implications for coffee production industries worldwide COFFEE PRODUCTION. COFFEE Rousseau was known to frequent coffee houses, indicating his participation in the coffee culture of the Enlightenment period ROUSSEAU. COFFEE Qahveh Khaneh were coffee houses in the Middle East where coffee was consumed socially QAHVEH KHANEH. COFFEE The global phenomenon of coffee has led to the emergence of a distinct coffee culture COFFEE CULTURE. COFFEE Consumers' demand for ethically sourced and sustainably produced coffee influences the coffee industry's practices CONSUMERS. COFFEE Voltaire was known to frequent coffee houses, indicating his participation in the coffee culture of the Enlightenment period VOLTAIRE. COFFEE Coffee's origins can be traced back to the Ethiopian Plateau ETHIOPIAN PLATEAU. COFFEE Farmers are responsible for the cultivation of coffee beans, directly impacting the coffee trade and industry FARMERS. EUROPE Penny Universities were coffee houses in London, a part of Europe's coffee house culture PENNY UNIVERSITIES. COFFEE PRODUCTION Coffee production is directly linked to the global coffee trade, impacting economies on both local and global levels GLOBAL COFFEE TRADE. BARISTAS Baristas serve coffee directly to consumers, facilitating the final step in the coffee supply chain CONSUMERS.",
    "evaluation": 1
  },
  {
    "correct_answer": "Coffee is a symbol of social status and lifestyle.",
    "retrieved_context": "COFFEE Kaldi discovered the stimulating effects of coffee beans, leading to its widespread popularity KALDI. COFFEE Coffee's popularity spread to Europe in the 17th century, becoming a central part of social life EUROPE. COFFEE Coffee played a pivotal role during the Enlightenment Period, facilitating the exchange of ideas among thinkers and writers ENLIGHTENMENT PERIOD. COFFEE Starbucks has played a significant role in transforming coffee into a global phenomenon STARBUCKS. COFFEE After its discovery, coffee was cultivated and traded extensively in the Arabian Peninsula ARABIAN PENINSULA. EUROPE Cafe Culture in Paris was a significant event in Europe's social history, influenced by coffee CAFE CULTURE. COFFEE Coffee's cultivation has environmental implications such as deforestation, water usage, and biodiversity loss, affecting its own industry COFFEE. COFFEE Coffee's status as a global phenomenon has significant implications for coffee production industries worldwide COFFEE PRODUCTION. COFFEE Rousseau was known to frequent coffee houses, indicating his participation in the coffee culture of the Enlightenment period ROUSSEAU. COFFEE Qahveh Khaneh were coffee houses in the Middle East where coffee was consumed socially QAHVEH KHANEH. COFFEE The global phenomenon of coffee has led to the emergence of a distinct coffee culture COFFEE CULTURE. COFFEE Consumers' demand for ethically sourced and sustainably produced coffee influences the coffee industry's practices CONSUMERS. COFFEE Voltaire was known to frequent coffee houses, indicating his participation in the coffee culture of the Enlightenment period VOLTAIRE. COFFEE Coffee's origins can be traced back to the Ethiopian Plateau ETHIOPIAN PLATEAU. COFFEE Farmers are responsible for the cultivation of coffee beans, directly impacting the coffee trade and industry FARMERS. EUROPE Penny Universities were coffee houses in London, a part of Europe's coffee house culture PENNY UNIVERSITIES. COFFEE PRODUCTION Coffee production is directly linked to the global coffee trade, impacting economies on both local and global levels GLOBAL COFFEE TRADE. COFFEE PRODUCTION Coffee production is directly linked to the global coffee trade, impacting economies on both local and global levels GLOBAL COFFEE TRADE. BARISTAS Baristas serve coffee directly to consumers, facilitating the final step in the coffee supply chain CONSUMERS.",
    "evaluation": 0
  },
  {
    "correct_answer": "Coffee is associated with productivity and focus.",
    "retrieved_context": "COFFEE PRODUCTION Coffee production is directly linked to the global coffee trade, impacting economies on both local and global levels GLOBAL COFFEE TRADE. COFFEE Kaldi discovered the stimulating effects of coffee beans, leading to its widespread popularity KALDI. COFFEE Coffee's popularity spread to Europe in the 17th century, becoming a central part of social life EUROPE. COFFEE Coffee played a pivotal role during the Enlightenment Period, facilitating the exchange of ideas among thinkers and writers ENLIGHTENMENT PERIOD. COFFEE Starbucks has played a significant role in transforming coffee into a global phenomenon STARBUCKS. COFFEE After its discovery, coffee was cultivated and traded extensively in the Arabian Peninsula ARABIAN PENINSULA. EUROPE Cafe Culture in Paris was a significant event in Europe's social history, influenced by coffee CAFE CULTURE. COFFEE Coffee's cultivation has environmental implications such as deforestation, water usage, and biodiversity loss, affecting its own industry COFFEE. COFFEE Coffee's status as a global phenomenon has significant implications for coffee production industries worldwide COFFEE PRODUCTION. COFFEE Rousseau was known to frequent coffee houses, indicating his participation in the coffee culture of the Enlightenment period ROUSSEAU. COFFEE Qahveh Khaneh were coffee houses in the Middle East where coffee was consumed socially QAHVEH KHANEH. COFFEE The global phenomenon of coffee has led to the emergence of a distinct coffee culture COFFEE CULTURE. COFFEE Consumers' demand for ethically sourced and sustainably produced coffee influences the coffee industry's practices CONSUMERS. COFFEE Voltaire was known to frequent coffee houses, indicating his participation in the coffee culture of the Enlightenment period VOLTAIRE. COFFEE Coffee's origins can be traced back to the Ethiopian Plateau ETHIOPIAN PLATEAU. COFFEE Farmers are responsible for the cultivation of coffee beans, directly impacting the coffee trade and industry FARMERS. EUROPE Penny Universities were coffee houses in London, a part of Europe's coffee house culture PENNY UNIVERSITIES. COFFEE PRODUCTION Coffee production is directly linked to the global coffee trade, impacting economies on both local and global levels GLOBAL COFFEE TRADE. BARISTAS Baristas serve coffee directly to consumers, facilitating the final step in the coffee supply chain CONSUMERS.",
    "evaluation": 0
  },
  {
    "correct_answer": "Coffee breaks are opportunities for socializing.",
    "retrieved_context": "COFFEE Kaldi discovered the stimulating effects of coffee beans, leading to its widespread popularity KALDI. COFFEE Coffee's popularity spread to Europe in the 17th century, becoming a central part of social life EUROPE. COFFEE Coffee played a pivotal role during the Enlightenment Period, facilitating the exchange of ideas among thinkers and writers ENLIGHTENMENT PERIOD. COFFEE Starbucks has played a significant role in transforming coffee into a global phenomenon STARBUCKS. COFFEE After its discovery, coffee was cultivated and traded extensively in the Arabian Peninsula ARABIAN PENINSULA. EUROPE Cafe Culture in Paris was a significant event in Europe's social history, influenced by coffee CAFE CULTURE. COFFEE Coffee's cultivation has environmental implications such as deforestation, water usage, and biodiversity loss, affecting its own industry COFFEE. COFFEE Coffee's status as a global phenomenon has significant implications for coffee production industries worldwide COFFEE PRODUCTION. COFFEE Rousseau was known to frequent coffee houses, indicating his participation in the coffee culture of the Enlightenment period ROUSSEAU. COFFEE Qahveh Khaneh were coffee houses in the Middle East where coffee was consumed socially QAHVEH KHANEH. COFFEE The global phenomenon of coffee has led to the emergence of a distinct coffee culture COFFEE CULTURE. COFFEE Consumers' demand for ethically sourced and sustainably produced coffee influences the coffee industry's practices CONSUMERS. COFFEE Voltaire was known to frequent coffee houses, indicating his participation in the coffee culture of the Enlightenment period VOLTAIRE. COFFEE Coffee's origins can be traced back to the Ethiopian Plateau ETHIOPIAN PLATEAU. COFFEE Farmers are responsible for the cultivation of coffee beans, directly impacting the coffee trade and industry FARMERS. EUROPE Penny Universities were coffee houses in London, a part of Europe's coffee house culture PENNY UNIVERSITIES. COFFEE PRODUCTION Coffee production is directly linked to the global coffee trade, impacting economies on both local and global levels GLOBAL COFFEE TRADE. COFFEE PRODUCTION Coffee production is directly linked to the global coffee trade, impacting economies on both local and global levels GLOBAL COFFEE TRADE. BARISTAS Baristas serve coffee directly to consumers, facilitating the final step in the coffee supply chain CONSUMERS.",
    "evaluation": 0
  },
  {
    "accuracy": "66.67%"
  }
]