[
  {
    "correct_answer": "Atlantis is a legendary island.",
    "retrieved_context": "ATLANTIS The dialogue where Atlantis is first mentioned by Plato TIMAEUS. ATLANTIS Atlantis was described by Plato as being located beyond the Pillars of Hercules, indicating its supposed position relative to the known world PILLARS OF HERCULES. ATLANTIS Some theories suggest Atlantis was located in the Atlantic Ocean ATLANTIC OCEAN. ATLANTIS Some theories suggest Atlantis was located in Antarctica ANTARCTICA. ATLANTIS The dialogue where the story of Atlantis is further elaborated by Plato CRITIAS. ATLANTIS Some theories suggest Atlantis was located in the Mediterranean Sea MEDITERRANEAN SEA. ATLANTIS Plato introduced the story of Atlantis in his dialogues, making him the primary source of the legend PLATO.",
    "evaluation": 0
  },
  {
    "correct_answer": "Plato mentioned Atlantis in his dialogues 'Timaeus' and 'Critias'.",
    "retrieved_context": "ATLANTIS The dialogue where Atlantis is first mentioned by Plato TIMAEUS. ATLANTIS Atlantis was described by Plato as being located beyond the Pillars of Hercules, indicating its supposed position relative to the known world PILLARS OF HERCULES. ATLANTIS Some theories suggest Atlantis was located in the Atlantic Ocean ATLANTIC OCEAN. ATLANTIS Some theories suggest Atlantis was located in Antarctica ANTARCTICA. ATLANTIS The dialogue where the story of Atlantis is further elaborated by Plato CRITIAS. ATLANTIS Some theories suggest Atlantis was located in the Mediterranean Sea MEDITERRANEAN SEA. ATLANTIS Plato introduced the story of Atlantis in his dialogues, making him the primary source of the legend PLATO.",
    "evaluation": 1
  },
  {
    "correct_answer": "Atlantis story has captivated people for centuries.",
    "retrieved_context": "ATLANTIS The dialogue where Atlantis is first mentioned by Plato TIMAEUS. ATLANTIS Atlantis was described by Plato as being located beyond the Pillars of Hercules, indicating its supposed position relative to the known world PILLARS OF HERCULES. ATLANTIS Some theories suggest Atlantis was located in the Atlantic Ocean ATLANTIC OCEAN. ATLANTIS Some theories suggest Atlantis was located in Antarctica ANTARCTICA. ATLANTIS The dialogue where the story of Atlantis is further elaborated by Plato CRITIAS. ATLANTIS Some theories suggest Atlantis was located in the Mediterranean Sea MEDITERRANEAN SEA. ATLANTIS Plato introduced the story of Atlantis in his dialogues, making him the primary source of the legend PLATO.",
    "evaluation": 0
  },
  {
    "correct_answer": "Plato claimed Atlantis existed around 11,000 years ago.",
    "retrieved_context": "ATLANTIS The dialogue where Atlantis is first mentioned by Plato TIMAEUS. ATLANTIS Atlantis was described by Plato as being located beyond the Pillars of Hercules, indicating its supposed position relative to the known world PILLARS OF HERCULES. ATLANTIS Some theories suggest Atlantis was located in the Atlantic Ocean ATLANTIC OCEAN. ATLANTIS Some theories suggest Atlantis was located in Antarctica ANTARCTICA. ATLANTIS The dialogue where the story of Atlantis is further elaborated by Plato CRITIAS. ATLANTIS Some theories suggest Atlantis was located in the Mediterranean Sea MEDITERRANEAN SEA. ATLANTIS Plato introduced the story of Atlantis in his dialogues, making him the primary source of the legend PLATO.",
    "evaluation": 0
  },
  {
    "correct_answer": "Some believe Atlantis was a real place in the Atlantic Ocean.",
    "retrieved_context": "ATLANTIS The dialogue where Atlantis is first mentioned by Plato TIMAEUS. ATLANTIS Atlantis was described by Plato as being located beyond the Pillars of Hercules, indicating its supposed position relative to the known world PILLARS OF HERCULES. ATLANTIS Some theories suggest Atlantis was located in the Atlantic Ocean ATLANTIC OCEAN. ATLANTIS Some theories suggest Atlantis was located in Antarctica ANTARCTICA. ATLANTIS The dialogue where the story of Atlantis is further elaborated by Plato CRITIAS. ATLANTIS Some theories suggest Atlantis was located in the Mediterranean Sea MEDITERRANEAN SEA. ATLANTIS Plato introduced the story of Atlantis in his dialogues, making him the primary source of the legend PLATO.",
    "evaluation": 1
  },
  {
    "correct_answer": "Others argue Atlantis is a myth created by Plato.",
    "retrieved_context": "ATLANTIS The dialogue where Atlantis is first mentioned by Plato TIMAEUS. ATLANTIS Atlantis was described by Plato as being located beyond the Pillars of Hercules, indicating its supposed position relative to the known world PILLARS OF HERCULES. ATLANTIS Some theories suggest Atlantis was located in the Atlantic Ocean ATLANTIC OCEAN. ATLANTIS Some theories suggest Atlantis was located in Antarctica ANTARCTICA. ATLANTIS The dialogue where the story of Atlantis is further elaborated by Plato CRITIAS. ATLANTIS Some theories suggest Atlantis was located in the Mediterranean Sea MEDITERRANEAN SEA. ATLANTIS Plato introduced the story of Atlantis in his dialogues, making him the primary source of the legend PLATO.",
    "evaluation": 0
  },
  {
    "correct_answer": "Atlantis was located beyond the 'Pillars of Hercules'.",
    "retrieved_context": "ATLANTIS The dialogue where Atlantis is first mentioned by Plato TIMAEUS. ATLANTIS Atlantis was described by Plato as being located beyond the Pillars of Hercules, indicating its supposed position relative to the known world PILLARS OF HERCULES. ATLANTIS Some theories suggest Atlantis was located in the Atlantic Ocean ATLANTIC OCEAN. ATLANTIS Some theories suggest Atlantis was located in Antarctica ANTARCTICA. ATLANTIS The dialogue where the story of Atlantis is further elaborated by Plato CRITIAS. ATLANTIS Some theories suggest Atlantis was located in the Mediterranean Sea MEDITERRANEAN SEA. ATLANTIS Plato introduced the story of Atlantis in his dialogues, making him the primary source of the legend PLATO.",
    "evaluation": 1
  },
  {
    "correct_answer": "Atlantis was rich in resources and had advanced technology.",
    "retrieved_context": "ATLANTIS The dialogue where Atlantis is first mentioned by Plato TIMAEUS. ATLANTIS Atlantis was described by Plato as being located beyond the Pillars of Hercules, indicating its supposed position relative to the known world PILLARS OF HERCULES. ATLANTIS Some theories suggest Atlantis was located in the Atlantic Ocean ATLANTIC OCEAN. ATLANTIS Some theories suggest Atlantis was located in Antarctica ANTARCTICA. ATLANTIS The dialogue where the story of Atlantis is further elaborated by Plato CRITIAS. ATLANTIS Some theories suggest Atlantis was located in the Mediterranean Sea MEDITERRANEAN SEA. ATLANTIS Plato introduced the story of Atlantis in his dialogues, making him the primary source of the legend PLATO.",
    "evaluation": 0
  },
  {
    "correct_answer": "The Atlanteans were described as noble and virtuous people.",
    "retrieved_context": "ATLANTIS The dialogue where Atlantis is first mentioned by Plato TIMAEUS. ATLANTIS Atlantis was described by Plato as being located beyond the Pillars of Hercules, indicating its supposed position relative to the known world PILLARS OF HERCULES. ATLANTIS Some theories suggest Atlantis was located in the Atlantic Ocean ATLANTIC OCEAN. ATLANTIS Some theories suggest Atlantis was located in Antarctica ANTARCTICA. ATLANTIS The dialogue where the story of Atlantis is further elaborated by Plato CRITIAS. ATLANTIS Some theories suggest Atlantis was located in the Mediterranean Sea MEDITERRANEAN SEA. ATLANTIS Plato introduced the story of Atlantis in his dialogues, making him the primary source of the legend PLATO.",
    "evaluation": 0
  },
  {
    "correct_answer": "Atlantis was destroyed suddenly and catastrophically.",
    "retrieved_context": "ATLANTIS The dialogue where Atlantis is first mentioned by Plato TIMAEUS. ATLANTIS Atlantis was described by Plato as being located beyond the Pillars of Hercules, indicating its supposed position relative to the known world PILLARS OF HERCULES. ATLANTIS Some theories suggest Atlantis was located in the Atlantic Ocean ATLANTIC OCEAN. ATLANTIS Some theories suggest Atlantis was located in Antarctica ANTARCTICA. ATLANTIS The dialogue where the story of Atlantis is further elaborated by Plato CRITIAS. ATLANTIS Some theories suggest Atlantis was located in the Mediterranean Sea MEDITERRANEAN SEA. ATLANTIS Plato introduced the story of Atlantis in his dialogues, making him the primary source of the legend PLATO.",
    "evaluation": 0
  },
  {
    "correct_answer": "The destruction of Atlantis was described by Plato.",
    "retrieved_context": "ATLANTIS The dialogue where Atlantis is first mentioned by Plato TIMAEUS. ATLANTIS Atlantis was described by Plato as being located beyond the Pillars of Hercules, indicating its supposed position relative to the known world PILLARS OF HERCULES. ATLANTIS Some theories suggest Atlantis was located in the Atlantic Ocean ATLANTIC OCEAN. ATLANTIS Some theories suggest Atlantis was located in Antarctica ANTARCTICA. ATLANTIS The dialogue where the story of Atlantis is further elaborated by Plato CRITIAS. ATLANTIS Some theories suggest Atlantis was located in the Mediterranean Sea MEDITERRANEAN SEA. ATLANTIS Plato introduced the story of Atlantis in his dialogues, making him the primary source of the legend PLATO.",
    "evaluation": 0
  },
  {
    "correct_answer": "Numerous theories have been proposed about Atlantis.",
    "retrieved_context": "ATLANTIS The dialogue where Atlantis is first mentioned by Plato TIMAEUS. ATLANTIS Atlantis was described by Plato as being located beyond the Pillars of Hercules, indicating its supposed position relative to the known world PILLARS OF HERCULES. ATLANTIS Some theories suggest Atlantis was located in the Atlantic Ocean ATLANTIC OCEAN. ATLANTIS Some theories suggest Atlantis was located in Antarctica ANTARCTICA. ATLANTIS The dialogue where the story of Atlantis is further elaborated by Plato CRITIAS. ATLANTIS Some theories suggest Atlantis was located in the Mediterranean Sea MEDITERRANEAN SEA. ATLANTIS Plato introduced the story of Atlantis in his dialogues, making him the primary source of the legend PLATO.",
    "evaluation": 1
  },
  {
    "correct_answer": "The legend of Atlantis continues to fascinate people worldwide.",
    "retrieved_context": "ATLANTIS The dialogue where Atlantis is first mentioned by Plato TIMAEUS. ATLANTIS Atlantis was described by Plato as being located beyond the Pillars of Hercules, indicating its supposed position relative to the known world PILLARS OF HERCULES. ATLANTIS Some theories suggest Atlantis was located in the Atlantic Ocean ATLANTIC OCEAN. ATLANTIS Some theories suggest Atlantis was located in Antarctica ANTARCTICA. ATLANTIS The dialogue where the story of Atlantis is further elaborated by Plato CRITIAS. ATLANTIS Some theories suggest Atlantis was located in the Mediterranean Sea MEDITERRANEAN SEA. ATLANTIS Plato introduced the story of Atlantis in his dialogues, making him the primary source of the legend PLATO.",
    "evaluation": 0
  },
  {
    "correct_answer": "Many have speculated about the possible location of Atlantis.",
    "retrieved_context": "ATLANTIS The dialogue where Atlantis is first mentioned by Plato TIMAEUS. ATLANTIS Atlantis was described by Plato as being located beyond the Pillars of Hercules, indicating its supposed position relative to the known world PILLARS OF HERCULES. ATLANTIS Some theories suggest Atlantis was located in the Atlantic Ocean ATLANTIC OCEAN. ATLANTIS Some theories suggest Atlantis was located in Antarctica ANTARCTICA. ATLANTIS The dialogue where the story of Atlantis is further elaborated by Plato CRITIAS. ATLANTIS Some theories suggest Atlantis was located in the Mediterranean Sea MEDITERRANEAN SEA. ATLANTIS Plato introduced the story of Atlantis in his dialogues, making him the primary source of the legend PLATO.",
    "evaluation": 1
  },
  {
    "correct_answer": "The enduring appeal of Atlantis lies in its mystery and intrigue.",
    "retrieved_context": "ATLANTIS The dialogue where Atlantis is first mentioned by Plato TIMAEUS. ATLANTIS Atlantis was described by Plato as being located beyond the Pillars of Hercules, indicating its supposed position relative to the known world PILLARS OF HERCULES. ATLANTIS Some theories suggest Atlantis was located in the Atlantic Ocean ATLANTIC OCEAN. ATLANTIS Some theories suggest Atlantis was located in Antarctica ANTARCTICA. ATLANTIS The dialogue where the story of Atlantis is further elaborated by Plato CRITIAS. ATLANTIS Some theories suggest Atlantis was located in the Mediterranean Sea MEDITERRANEAN SEA. ATLANTIS Plato introduced the story of Atlantis in his dialogues, making him the primary source of the legend PLATO.",
    "evaluation": 0
  },
  {
    "accuracy": "33.33%"
  }
]