[
  {
    "correct_answer": "Writing allows us to record and communicate information across time and space.",
    "retrieved_context": "WRITING SYSTEMS Egypt contributed to the development of early writing systems EGYPT. CHINA Chinese characters are a significant part of China's writing system evolution CHINESE CHARACTERS. SUMER Cuneiform was used by the ancient Sumerians in Mesopotamia CUNEIFORM. WRITING SYSTEMS Sumer contributed to the development of early writing systems SUMER. CHINA While Champollion's work was unrelated to China, both represent significant developments in the history of writing systems JEAN-FRANÇOIS CHAMPOLLION. WRITING SYSTEMS China contributed to the development of early writing systems CHINA. CHINA Greece and China developed distinct writing systems that significantly impacted the evolution of written communication GREECE. EGYPT Hieroglyphics were used as a writing system in ancient Egypt HIEROGLYPHICS. DIGITAL TECHNOLOGY Augmented and virtual reality interfaces are advancements in digital technology, shaping the future of how we interact with written content AUGMENTED REALITY AND VIRTUAL REALITY INTERFACES. DIGITAL TECHNOLOGY Emojis and emoticons are products of digital technology, representing new forms of digital communication EMOJIS AND EMOTICONS. DIGITAL TECHNOLOGY Digital technology's rise facilitated the development and adoption of Unicode for global text exchange UNICODE. ALPHABET The alphabet originated in the ancient Near East before being adapted by the Greeks ANCIENT NEAR EAST. CUNEIFORM Cuneiform was developed and used in the region of Mesopotamia by the ancient Sumerians MESOPOTAMIA. HIEROGLYPHICS Hieroglyphics were used as a writing system by the ancient Egyptian civilization ANCIENT EGYPTIAN CIVILIZATION.",
    "evaluation": 0
  },
  {
    "correct_answer": "The development of writing systems is a crucial milestone in human culture and society.",
    "retrieved_context": "WRITING SYSTEMS Egypt contributed to the development of early writing systems EGYPT. CHINA Chinese characters are a significant part of China's writing system evolution CHINESE CHARACTERS. SUMER Cuneiform was used by the ancient Sumerians in Mesopotamia CUNEIFORM. WRITING SYSTEMS Sumer contributed to the development of early writing systems SUMER. CHINA While Champollion's work was unrelated to China, both represent significant developments in the history of writing systems JEAN-FRANÇOIS CHAMPOLLION. WRITING SYSTEMS China contributed to the development of early writing systems CHINA. CHINA Greece and China developed distinct writing systems that significantly impacted the evolution of written communication GREECE. EGYPT Hieroglyphics were used as a writing system in ancient Egypt HIEROGLYPHICS. ALPHABET The alphabet originated in the ancient Near East before being adapted by the Greeks ANCIENT NEAR EAST. HIEROGLYPHICS Hieroglyphics were used as a writing system by the ancient Egyptian civilization ANCIENT EGYPTIAN CIVILIZATION. DIGITAL TECHNOLOGY Augmented and virtual reality interfaces are advancements in digital technology, shaping the future of how we interact with written content AUGMENTED REALITY AND VIRTUAL REALITY INTERFACES. DIGITAL TECHNOLOGY Emojis and emoticons are products of digital technology, representing new forms of digital communication EMOJIS AND EMOTICONS. DIGITAL TECHNOLOGY Digital technology's rise facilitated the development and adoption of Unicode for global text exchange UNICODE. CUNEIFORM Cuneiform was developed and used in the region of Mesopotamia by the ancient Sumerians MESOPOTAMIA.",
    "evaluation": 1
  },
  {
    "correct_answer": "Early writing systems were primarily pictographic, with symbols representing objects, ideas, or sounds.",
    "retrieved_context": "WRITING SYSTEMS Egypt contributed to the development of early writing systems EGYPT. CHINA Chinese characters are a significant part of China's writing system evolution CHINESE CHARACTERS. SUMER Cuneiform was used by the ancient Sumerians in Mesopotamia CUNEIFORM. WRITING SYSTEMS Sumer contributed to the development of early writing systems SUMER. CHINA While Champollion's work was unrelated to China, both represent significant developments in the history of writing systems JEAN-FRANÇOIS CHAMPOLLION. WRITING SYSTEMS China contributed to the development of early writing systems CHINA. CHINA Greece and China developed distinct writing systems that significantly impacted the evolution of written communication GREECE. EGYPT Hieroglyphics were used as a writing system in ancient Egypt HIEROGLYPHICS. HIEROGLYPHICS Hieroglyphics were used as a writing system by the ancient Egyptian civilization ANCIENT EGYPTIAN CIVILIZATION. ALPHABET The alphabet originated in the ancient Near East before being adapted by the Greeks ANCIENT NEAR EAST. CUNEIFORM Cuneiform was developed and used in the region of Mesopotamia by the ancient Sumerians MESOPOTAMIA.",
    "evaluation": 0
  },
  {
    "correct_answer": "Cuneiform was used by the ancient Sumerians in Mesopotamia for accounting and record-keeping.",
    "retrieved_context": "CUNEIFORM Cuneiform was developed and used in the region of Mesopotamia by the ancient Sumerians MESOPOTAMIA. DIGITAL TECHNOLOGY Augmented and virtual reality interfaces are advancements in digital technology, shaping the future of how we interact with written content AUGMENTED REALITY AND VIRTUAL REALITY INTERFACES. DIGITAL TECHNOLOGY Emojis and emoticons are products of digital technology, representing new forms of digital communication EMOJIS AND EMOTICONS. DIGITAL TECHNOLOGY Digital technology's rise facilitated the development and adoption of Unicode for global text exchange UNICODE. WRITING SYSTEMS Egypt contributed to the development of early writing systems EGYPT. CHINA Chinese characters are a significant part of China's writing system evolution CHINESE CHARACTERS. SUMER Cuneiform was used by the ancient Sumerians in Mesopotamia CUNEIFORM. WRITING SYSTEMS Sumer contributed to the development of early writing systems SUMER. CHINA While Champollion's work was unrelated to China, both represent significant developments in the history of writing systems JEAN-FRANÇOIS CHAMPOLLION. WRITING SYSTEMS China contributed to the development of early writing systems CHINA. CHINA Greece and China developed distinct writing systems that significantly impacted the evolution of written communication GREECE. EGYPT Hieroglyphics were used as a writing system in ancient Egypt HIEROGLYPHICS. HIEROGLYPHICS Hieroglyphics were used as a writing system by the ancient Egyptian civilization ANCIENT EGYPTIAN CIVILIZATION. EGYPT Hieroglyphics were used as a writing system in ancient Egypt HIEROGLYPHICS. HIEROGLYPHICS Hieroglyphics were used as a writing system by the ancient Egyptian civilization ANCIENT EGYPTIAN CIVILIZATION.",
    "evaluation": 0
  },
  {
    "correct_answer": "Hieroglyphics in ancient Egypt were used to record important religious and historical texts.",
    "retrieved_context": "HIEROGLYPHICS Hieroglyphics were used as a writing system by the ancient Egyptian civilization ANCIENT EGYPTIAN CIVILIZATION. EGYPT Hieroglyphics were used as a writing system in ancient Egypt HIEROGLYPHICS. HIEROGLYPHICS Hieroglyphics were used as a writing system by the ancient Egyptian civilization ANCIENT EGYPTIAN CIVILIZATION. CUNEIFORM Cuneiform was developed and used in the region of Mesopotamia by the ancient Sumerians MESOPOTAMIA. ALPHABET The alphabet originated in the ancient Near East before being adapted by the Greeks ANCIENT NEAR EAST.",
    "evaluation": 0
  },
  {
    "correct_answer": "Chinese characters are complex symbols representing words or morphemes.",
    "retrieved_context": "HIEROGLYPHICS Hieroglyphics were used as a writing system by the ancient Egyptian civilization ANCIENT EGYPTIAN CIVILIZATION. ALPHABET The alphabet originated in the ancient Near East before being adapted by the Greeks ANCIENT NEAR EAST. JEAN-FRANÇOIS CHAMPOLLION Champollion's decipherment of hieroglyphics provided new insights into the ancient Egyptian civilization ANCIENT EGYPTIAN CIVILIZATION. CHINA Chinese characters are a significant part of China's writing system evolution CHINESE CHARACTERS. CHINA While Champollion's work was unrelated to China, both represent significant developments in the history of writing systems JEAN-FRANÇOIS CHAMPOLLION. CHINA Greece and China developed distinct writing systems that significantly impacted the evolution of written communication GREECE. GREECE Greece developed the first true alphabet, influencing many modern writing systems ALPHABET. GREECE The Latin alphabet, used in English and most European languages, was derived from the Greek alphabet LATIN ALPHABET. WRITING SYSTEMS Egypt contributed to the development of early writing systems EGYPT. CHINA Chinese characters are a significant part of China's writing system evolution CHINESE CHARACTERS. SUMER Cuneiform was used by the ancient Sumerians in Mesopotamia CUNEIFORM. WRITING SYSTEMS Sumer contributed to the development of early writing systems SUMER. CHINA While Champollion's work was unrelated to China, both represent significant developments in the history of writing systems JEAN-FRANÇOIS CHAMPOLLION. WRITING SYSTEMS China contributed to the development of early writing systems CHINA. CHINA Greece and China developed distinct writing systems that significantly impacted the evolution of written communication GREECE. EGYPT Hieroglyphics were used as a writing system in ancient Egypt HIEROGLYPHICS.",
    "evaluation": 0
  },
  {
    "correct_answer": "The alphabet introduced a more efficient method of representing speech sounds.",
    "retrieved_context": "ALPHABET The alphabet originated in the ancient Near East before being adapted by the Greeks ANCIENT NEAR EAST. HIEROGLYPHICS Hieroglyphics were used as a writing system by the ancient Egyptian civilization ANCIENT EGYPTIAN CIVILIZATION. WRITING SYSTEMS Egypt contributed to the development of early writing systems EGYPT. CHINA Chinese characters are a significant part of China's writing system evolution CHINESE CHARACTERS. SUMER Cuneiform was used by the ancient Sumerians in Mesopotamia CUNEIFORM. WRITING SYSTEMS Sumer contributed to the development of early writing systems SUMER. CHINA While Champollion's work was unrelated to China, both represent significant developments in the history of writing systems JEAN-FRANÇOIS CHAMPOLLION. WRITING SYSTEMS China contributed to the development of early writing systems CHINA. CHINA Greece and China developed distinct writing systems that significantly impacted the evolution of written communication GREECE. EGYPT Hieroglyphics were used as a writing system in ancient Egypt HIEROGLYPHICS. CUNEIFORM Cuneiform was developed and used in the region of Mesopotamia by the ancient Sumerians MESOPOTAMIA. DIGITAL TECHNOLOGY Augmented and virtual reality interfaces are advancements in digital technology, shaping the future of how we interact with written content AUGMENTED REALITY AND VIRTUAL REALITY INTERFACES. DIGITAL TECHNOLOGY Emojis and emoticons are products of digital technology, representing new forms of digital communication EMOJIS AND EMOTICONS. DIGITAL TECHNOLOGY Digital technology's rise facilitated the development and adoption of Unicode for global text exchange UNICODE.",
    "evaluation": 0
  },
  {
    "correct_answer": "The spread of the Greek alphabet laid the foundation for many modern writing systems.",
    "retrieved_context": "WRITING SYSTEMS Egypt contributed to the development of early writing systems EGYPT. CHINA Chinese characters are a significant part of China's writing system evolution CHINESE CHARACTERS. SUMER Cuneiform was used by the ancient Sumerians in Mesopotamia CUNEIFORM. WRITING SYSTEMS Sumer contributed to the development of early writing systems SUMER. CHINA While Champollion's work was unrelated to China, both represent significant developments in the history of writing systems JEAN-FRANÇOIS CHAMPOLLION. WRITING SYSTEMS China contributed to the development of early writing systems CHINA. CHINA Greece and China developed distinct writing systems that significantly impacted the evolution of written communication GREECE. EGYPT Hieroglyphics were used as a writing system in ancient Egypt HIEROGLYPHICS. ALPHABET The alphabet originated in the ancient Near East before being adapted by the Greeks ANCIENT NEAR EAST. HIEROGLYPHICS Hieroglyphics were used as a writing system by the ancient Egyptian civilization ANCIENT EGYPTIAN CIVILIZATION. GREECE The Latin alphabet, used in English and most European languages, was derived from the Greek alphabet LATIN ALPHABET. GREECE Greece developed the first true alphabet, influencing many modern writing systems ALPHABET. ALPHABET The alphabet originated in the ancient Near East before being adapted by the Greeks ANCIENT NEAR EAST. CUNEIFORM Cuneiform was developed and used in the region of Mesopotamia by the ancient Sumerians MESOPOTAMIA.",
    "evaluation": 1
  },
  {
    "correct_answer": "Writing systems are influenced by cultural, technological, and social factors.",
    "retrieved_context": "WRITING SYSTEMS Egypt contributed to the development of early writing systems EGYPT. CHINA Chinese characters are a significant part of China's writing system evolution CHINESE CHARACTERS. SUMER Cuneiform was used by the ancient Sumerians in Mesopotamia CUNEIFORM. WRITING SYSTEMS Sumer contributed to the development of early writing systems SUMER. CHINA While Champollion's work was unrelated to China, both represent significant developments in the history of writing systems JEAN-FRANÇOIS CHAMPOLLION. WRITING SYSTEMS China contributed to the development of early writing systems CHINA. CHINA Greece and China developed distinct writing systems that significantly impacted the evolution of written communication GREECE. EGYPT Hieroglyphics were used as a writing system in ancient Egypt HIEROGLYPHICS. ALPHABET The alphabet originated in the ancient Near East before being adapted by the Greeks ANCIENT NEAR EAST. DIGITAL TECHNOLOGY Augmented and virtual reality interfaces are advancements in digital technology, shaping the future of how we interact with written content AUGMENTED REALITY AND VIRTUAL REALITY INTERFACES. DIGITAL TECHNOLOGY Emojis and emoticons are products of digital technology, representing new forms of digital communication EMOJIS AND EMOTICONS. DIGITAL TECHNOLOGY Digital technology's rise facilitated the development and adoption of Unicode for global text exchange UNICODE. HIEROGLYPHICS Hieroglyphics were used as a writing system by the ancient Egyptian civilization ANCIENT EGYPTIAN CIVILIZATION. CUNEIFORM Cuneiform was developed and used in the region of Mesopotamia by the ancient Sumerians MESOPOTAMIA.",
    "evaluation": 0
  },
  {
    "correct_answer": "Digital technology has transformed the way we write and communicate.",
    "retrieved_context": "DIGITAL TECHNOLOGY Augmented and virtual reality interfaces are advancements in digital technology, shaping the future of how we interact with written content AUGMENTED REALITY AND VIRTUAL REALITY INTERFACES. DIGITAL TECHNOLOGY Emojis and emoticons are products of digital technology, representing new forms of digital communication EMOJIS AND EMOTICONS. DIGITAL TECHNOLOGY Digital technology's rise facilitated the development and adoption of Unicode for global text exchange UNICODE. WRITING SYSTEMS Egypt contributed to the development of early writing systems EGYPT. CHINA Chinese characters are a significant part of China's writing system evolution CHINESE CHARACTERS. SUMER Cuneiform was used by the ancient Sumerians in Mesopotamia CUNEIFORM. WRITING SYSTEMS Sumer contributed to the development of early writing systems SUMER. CHINA While Champollion's work was unrelated to China, both represent significant developments in the history of writing systems JEAN-FRANÇOIS CHAMPOLLION. WRITING SYSTEMS China contributed to the development of early writing systems CHINA. CHINA Greece and China developed distinct writing systems that significantly impacted the evolution of written communication GREECE. EGYPT Hieroglyphics were used as a writing system in ancient Egypt HIEROGLYPHICS. CUNEIFORM Cuneiform was developed and used in the region of Mesopotamia by the ancient Sumerians MESOPOTAMIA. ALPHABET The alphabet originated in the ancient Near East before being adapted by the Greeks ANCIENT NEAR EAST. HIEROGLYPHICS Hieroglyphics were used as a writing system by the ancient Egyptian civilization ANCIENT EGYPTIAN CIVILIZATION.",
    "evaluation": 1
  },
  {
    "correct_answer": "Unicode facilitates the global exchange of written texts in multiple languages and scripts.",
    "retrieved_context": "WRITING SYSTEMS Egypt contributed to the development of early writing systems EGYPT. CHINA Chinese characters are a significant part of China's writing system evolution CHINESE CHARACTERS. SUMER Cuneiform was used by the ancient Sumerians in Mesopotamia CUNEIFORM. WRITING SYSTEMS Sumer contributed to the development of early writing systems SUMER. CHINA While Champollion's work was unrelated to China, both represent significant developments in the history of writing systems JEAN-FRANÇOIS CHAMPOLLION. WRITING SYSTEMS China contributed to the development of early writing systems CHINA. CHINA Greece and China developed distinct writing systems that significantly impacted the evolution of written communication GREECE. EGYPT Hieroglyphics were used as a writing system in ancient Egypt HIEROGLYPHICS. ALPHABET The alphabet originated in the ancient Near East before being adapted by the Greeks ANCIENT NEAR EAST. HIEROGLYPHICS Hieroglyphics were used as a writing system by the ancient Egyptian civilization ANCIENT EGYPTIAN CIVILIZATION. CUNEIFORM Cuneiform was developed and used in the region of Mesopotamia by the ancient Sumerians MESOPOTAMIA.",
    "evaluation": 0
  },
  {
    "correct_answer": "New forms of communication are emerging in response to the changing needs of society.",
    "retrieved_context": "DIGITAL TECHNOLOGY Augmented and virtual reality interfaces are advancements in digital technology, shaping the future of how we interact with written content AUGMENTED REALITY AND VIRTUAL REALITY INTERFACES. DIGITAL TECHNOLOGY Emojis and emoticons are products of digital technology, representing new forms of digital communication EMOJIS AND EMOTICONS. DIGITAL TECHNOLOGY Digital technology's rise facilitated the development and adoption of Unicode for global text exchange UNICODE. WRITING SYSTEMS Egypt contributed to the development of early writing systems EGYPT. CHINA Chinese characters are a significant part of China's writing system evolution CHINESE CHARACTERS. SUMER Cuneiform was used by the ancient Sumerians in Mesopotamia CUNEIFORM. WRITING SYSTEMS Sumer contributed to the development of early writing systems SUMER. CHINA While Champollion's work was unrelated to China, both represent significant developments in the history of writing systems JEAN-FRANÇOIS CHAMPOLLION. WRITING SYSTEMS China contributed to the development of early writing systems CHINA. CHINA Greece and China developed distinct writing systems that significantly impacted the evolution of written communication GREECE. EGYPT Hieroglyphics were used as a writing system in ancient Egypt HIEROGLYPHICS. CUNEIFORM Cuneiform was developed and used in the region of Mesopotamia by the ancient Sumerians MESOPOTAMIA. ALPHABET The alphabet originated in the ancient Near East before being adapted by the Greeks ANCIENT NEAR EAST. HIEROGLYPHICS Hieroglyphics were used as a writing system by the ancient Egyptian civilization ANCIENT EGYPTIAN CIVILIZATION.",
    "evaluation": 0
  },
  {
    "correct_answer": "Writing systems have played a crucial role in shaping human civilization and culture.",
    "retrieved_context": "WRITING SYSTEMS Egypt contributed to the development of early writing systems EGYPT. CHINA Chinese characters are a significant part of China's writing system evolution CHINESE CHARACTERS. SUMER Cuneiform was used by the ancient Sumerians in Mesopotamia CUNEIFORM. WRITING SYSTEMS Sumer contributed to the development of early writing systems SUMER. CHINA While Champollion's work was unrelated to China, both represent significant developments in the history of writing systems JEAN-FRANÇOIS CHAMPOLLION. WRITING SYSTEMS China contributed to the development of early writing systems CHINA. CHINA Greece and China developed distinct writing systems that significantly impacted the evolution of written communication GREECE. EGYPT Hieroglyphics were used as a writing system in ancient Egypt HIEROGLYPHICS. ALPHABET The alphabet originated in the ancient Near East before being adapted by the Greeks ANCIENT NEAR EAST. DIGITAL TECHNOLOGY Augmented and virtual reality interfaces are advancements in digital technology, shaping the future of how we interact with written content AUGMENTED REALITY AND VIRTUAL REALITY INTERFACES. DIGITAL TECHNOLOGY Emojis and emoticons are products of digital technology, representing new forms of digital communication EMOJIS AND EMOTICONS. DIGITAL TECHNOLOGY Digital technology's rise facilitated the development and adoption of Unicode for global text exchange UNICODE. CUNEIFORM Cuneiform was developed and used in the region of Mesopotamia by the ancient Sumerians MESOPOTAMIA. HIEROGLYPHICS Hieroglyphics were used as a writing system by the ancient Egyptian civilization ANCIENT EGYPTIAN CIVILIZATION.",
    "evaluation": 1
  },
  {
    "correct_answer": "Writing systems have evolved to meet the diverse needs of human communication.",
    "retrieved_context": "WRITING SYSTEMS Egypt contributed to the development of early writing systems EGYPT. CHINA Chinese characters are a significant part of China's writing system evolution CHINESE CHARACTERS. SUMER Cuneiform was used by the ancient Sumerians in Mesopotamia CUNEIFORM. WRITING SYSTEMS Sumer contributed to the development of early writing systems SUMER. CHINA While Champollion's work was unrelated to China, both represent significant developments in the history of writing systems JEAN-FRANÇOIS CHAMPOLLION. WRITING SYSTEMS China contributed to the development of early writing systems CHINA. CHINA Greece and China developed distinct writing systems that significantly impacted the evolution of written communication GREECE. EGYPT Hieroglyphics were used as a writing system in ancient Egypt HIEROGLYPHICS. ALPHABET The alphabet originated in the ancient Near East before being adapted by the Greeks ANCIENT NEAR EAST. DIGITAL TECHNOLOGY Augmented and virtual reality interfaces are advancements in digital technology, shaping the future of how we interact with written content AUGMENTED REALITY AND VIRTUAL REALITY INTERFACES. DIGITAL TECHNOLOGY Emojis and emoticons are products of digital technology, representing new forms of digital communication EMOJIS AND EMOTICONS. DIGITAL TECHNOLOGY Digital technology's rise facilitated the development and adoption of Unicode for global text exchange UNICODE. CUNEIFORM Cuneiform was developed and used in the region of Mesopotamia by the ancient Sumerians MESOPOTAMIA. HIEROGLYPHICS Hieroglyphics were used as a writing system by the ancient Egyptian civilization ANCIENT EGYPTIAN CIVILIZATION.",
    "evaluation": 1
  },
  {
    "correct_answer": "The legacy of ancient writing systems reminds us of the enduring power of words.",
    "retrieved_context": "WRITING SYSTEMS Egypt contributed to the development of early writing systems EGYPT. CHINA Chinese characters are a significant part of China's writing system evolution CHINESE CHARACTERS. SUMER Cuneiform was used by the ancient Sumerians in Mesopotamia CUNEIFORM. WRITING SYSTEMS Sumer contributed to the development of early writing systems SUMER. CHINA While Champollion's work was unrelated to China, both represent significant developments in the history of writing systems JEAN-FRANÇOIS CHAMPOLLION. WRITING SYSTEMS China contributed to the development of early writing systems CHINA. CHINA Greece and China developed distinct writing systems that significantly impacted the evolution of written communication GREECE. EGYPT Hieroglyphics were used as a writing system in ancient Egypt HIEROGLYPHICS. CUNEIFORM Cuneiform was developed and used in the region of Mesopotamia by the ancient Sumerians MESOPOTAMIA. ALPHABET The alphabet originated in the ancient Near East before being adapted by the Greeks ANCIENT NEAR EAST. HIEROGLYPHICS Hieroglyphics were used as a writing system by the ancient Egyptian civilization ANCIENT EGYPTIAN CIVILIZATION.",
    "evaluation": 0
  },
  {
    "accuracy": "33.33%"
  }
]