[
  {
    "correct_answer": "Origami is an ancient Japanese art of paper folding.",
    "retrieved_context": "MATHEMATICS Geometry is a branch of mathematics that is fundamental to origami GEOMETRY. ORIGAMI Origami concepts are applied in material science for new materials and designs MATERIAL SCIENCE. ORIGAMI Origami uses mathematical principles and theories for paper folding MATHEMATICS. ORIGAMI Origami principles are used in architecture for designing efficient structures ARCHITECTURE. ORIGAMI Symmetry is utilized in origami to enhance the beauty and stability of creations SYMMETRY. MATHEMATICS Symmetry, a mathematical concept, is crucial in the design of origami SYMMETRY. ORIGAMI Origami mathematics contributes to computational origami in computer science COMPUTER SCIENCE. ORIGAMI Origami principles are applied in engineering to create innovative structures ENGINEERING. ORIGAMI Geometry is applied in origami to calculate exact angles and lengths of folds GEOMETRY. MATHEMATICS Geometry is a branch of mathematics that is fundamental to origami GEOMETRY. MATHEMATICS Symmetry, a mathematical concept, is crucial in the design of origami SYMMETRY.",
    "evaluation": 0
  },
  {
    "correct_answer": "Origami involves complex mathematical principles and theories.",
    "retrieved_context": "MATHEMATICS Geometry is a branch of mathematics that is fundamental to origami GEOMETRY. ORIGAMI Origami concepts are applied in material science for new materials and designs MATERIAL SCIENCE. ORIGAMI Origami uses mathematical principles and theories for paper folding MATHEMATICS. ORIGAMI Origami principles are used in architecture for designing efficient structures ARCHITECTURE. ORIGAMI Symmetry is utilized in origami to enhance the beauty and stability of creations SYMMETRY. MATHEMATICS Symmetry, a mathematical concept, is crucial in the design of origami SYMMETRY. ORIGAMI Origami mathematics contributes to computational origami in computer science COMPUTER SCIENCE. ORIGAMI Origami principles are applied in engineering to create innovative structures ENGINEERING. ORIGAMI Geometry is applied in origami to calculate exact angles and lengths of folds GEOMETRY. MATHEMATICS Geometry is a branch of mathematics that is fundamental to origami GEOMETRY. MATHEMATICS Symmetry, a mathematical concept, is crucial in the design of origami SYMMETRY.",
    "evaluation": 1
  },
  {
    "correct_answer": "Mathematics and origami intersect to develop new geometric concepts.",
    "retrieved_context": "MATHEMATICS Geometry is a branch of mathematics that is fundamental to origami GEOMETRY. ORIGAMI Origami concepts are applied in material science for new materials and designs MATERIAL SCIENCE. ORIGAMI Origami uses mathematical principles and theories for paper folding MATHEMATICS. ORIGAMI Origami principles are used in architecture for designing efficient structures ARCHITECTURE. ORIGAMI Symmetry is utilized in origami to enhance the beauty and stability of creations SYMMETRY. MATHEMATICS Symmetry, a mathematical concept, is crucial in the design of origami SYMMETRY. ORIGAMI Origami mathematics contributes to computational origami in computer science COMPUTER SCIENCE. ORIGAMI Origami principles are applied in engineering to create innovative structures ENGINEERING. ORIGAMI Geometry is applied in origami to calculate exact angles and lengths of folds GEOMETRY. MATHEMATICS Geometry is a branch of mathematics that is fundamental to origami GEOMETRY. MATHEMATICS Symmetry, a mathematical concept, is crucial in the design of origami SYMMETRY.",
    "evaluation": 1
  },
  {
    "correct_answer": "Origami transforms a flat sheet of paper into intricate 3D structures through folds.",
    "retrieved_context": "MATHEMATICS Geometry is a branch of mathematics that is fundamental to origami GEOMETRY. ORIGAMI Origami concepts are applied in material science for new materials and designs MATERIAL SCIENCE. ORIGAMI Origami uses mathematical principles and theories for paper folding MATHEMATICS. ORIGAMI Origami principles are used in architecture for designing efficient structures ARCHITECTURE. ORIGAMI Symmetry is utilized in origami to enhance the beauty and stability of creations SYMMETRY. MATHEMATICS Symmetry, a mathematical concept, is crucial in the design of origami SYMMETRY. ORIGAMI Origami mathematics contributes to computational origami in computer science COMPUTER SCIENCE. ORIGAMI Origami principles are applied in engineering to create innovative structures ENGINEERING. ORIGAMI Geometry is applied in origami to calculate exact angles and lengths of folds GEOMETRY. MATHEMATICS Geometry is a branch of mathematics that is fundamental to origami GEOMETRY. MATHEMATICS Symmetry, a mathematical concept, is crucial in the design of origami SYMMETRY.",
    "evaluation": 0
  },
  {
    "correct_answer": "Each fold in origami involves precise manipulation of paper's edges, angles, and vertices.",
    "retrieved_context": "MATHEMATICS Geometry is a branch of mathematics that is fundamental to origami GEOMETRY. ORIGAMI Origami concepts are applied in material science for new materials and designs MATERIAL SCIENCE. ORIGAMI Origami uses mathematical principles and theories for paper folding MATHEMATICS. ORIGAMI Origami principles are used in architecture for designing efficient structures ARCHITECTURE. ORIGAMI Symmetry is utilized in origami to enhance the beauty and stability of creations SYMMETRY. MATHEMATICS Symmetry, a mathematical concept, is crucial in the design of origami SYMMETRY. ORIGAMI Origami mathematics contributes to computational origami in computer science COMPUTER SCIENCE. ORIGAMI Origami principles are applied in engineering to create innovative structures ENGINEERING. ORIGAMI Geometry is applied in origami to calculate exact angles and lengths of folds GEOMETRY. MATHEMATICS Geometry is a branch of mathematics that is fundamental to origami GEOMETRY. MATHEMATICS Symmetry, a mathematical concept, is crucial in the design of origami SYMMETRY.",
    "evaluation": 0
  },
  {
    "correct_answer": "Mathematical principles guiding origami include symmetry, proportion, and geometry.",
    "retrieved_context": "MATHEMATICS Geometry is a branch of mathematics that is fundamental to origami GEOMETRY. ORIGAMI Origami concepts are applied in material science for new materials and designs MATERIAL SCIENCE. ORIGAMI Origami uses mathematical principles and theories for paper folding MATHEMATICS. ORIGAMI Origami principles are used in architecture for designing efficient structures ARCHITECTURE. ORIGAMI Symmetry is utilized in origami to enhance the beauty and stability of creations SYMMETRY. MATHEMATICS Symmetry, a mathematical concept, is crucial in the design of origami SYMMETRY. ORIGAMI Origami mathematics contributes to computational origami in computer science COMPUTER SCIENCE. ORIGAMI Origami principles are applied in engineering to create innovative structures ENGINEERING. ORIGAMI Geometry is applied in origami to calculate exact angles and lengths of folds GEOMETRY. MATHEMATICS Geometry is a branch of mathematics that is fundamental to origami GEOMETRY. MATHEMATICS Symmetry, a mathematical concept, is crucial in the design of origami SYMMETRY.",
    "evaluation": 1
  },
  {
    "correct_answer": "Geometry is a fundamental mathematical concept in origami.",
    "retrieved_context": "MATHEMATICS Geometry is a branch of mathematics that is fundamental to origami GEOMETRY. ORIGAMI Origami concepts are applied in material science for new materials and designs MATERIAL SCIENCE. ORIGAMI Origami uses mathematical principles and theories for paper folding MATHEMATICS. ORIGAMI Origami principles are used in architecture for designing efficient structures ARCHITECTURE. ORIGAMI Symmetry is utilized in origami to enhance the beauty and stability of creations SYMMETRY. MATHEMATICS Symmetry, a mathematical concept, is crucial in the design of origami SYMMETRY. ORIGAMI Origami mathematics contributes to computational origami in computer science COMPUTER SCIENCE. ORIGAMI Origami principles are applied in engineering to create innovative structures ENGINEERING. ORIGAMI Geometry is applied in origami to calculate exact angles and lengths of folds GEOMETRY. MATHEMATICS Geometry is a branch of mathematics that is fundamental to origami GEOMETRY. MATHEMATICS Symmetry, a mathematical concept, is crucial in the design of origami SYMMETRY.",
    "evaluation": 1
  },
  {
    "correct_answer": "Euclidean geometry is applied in origami to calculate angles and lengths of folds.",
    "retrieved_context": "MATHEMATICS Geometry is a branch of mathematics that is fundamental to origami GEOMETRY. ORIGAMI Origami concepts are applied in material science for new materials and designs MATERIAL SCIENCE. ORIGAMI Origami uses mathematical principles and theories for paper folding MATHEMATICS. ORIGAMI Origami principles are used in architecture for designing efficient structures ARCHITECTURE. ORIGAMI Symmetry is utilized in origami to enhance the beauty and stability of creations SYMMETRY. MATHEMATICS Symmetry, a mathematical concept, is crucial in the design of origami SYMMETRY. ORIGAMI Origami mathematics contributes to computational origami in computer science COMPUTER SCIENCE. ORIGAMI Origami principles are applied in engineering to create innovative structures ENGINEERING. ORIGAMI Geometry is applied in origami to calculate exact angles and lengths of folds GEOMETRY. MATHEMATICS Geometry is a branch of mathematics that is fundamental to origami GEOMETRY. MATHEMATICS Symmetry, a mathematical concept, is crucial in the design of origami SYMMETRY.",
    "evaluation": 0
  },
  {
    "correct_answer": "Symmetry is a key mathematical concept in origami for creating visually appealing designs.",
    "retrieved_context": "MATHEMATICS Geometry is a branch of mathematics that is fundamental to origami GEOMETRY. ORIGAMI Origami concepts are applied in material science for new materials and designs MATERIAL SCIENCE. ORIGAMI Origami uses mathematical principles and theories for paper folding MATHEMATICS. ORIGAMI Origami principles are used in architecture for designing efficient structures ARCHITECTURE. ORIGAMI Symmetry is utilized in origami to enhance the beauty and stability of creations SYMMETRY. MATHEMATICS Symmetry, a mathematical concept, is crucial in the design of origami SYMMETRY. ORIGAMI Origami mathematics contributes to computational origami in computer science COMPUTER SCIENCE. ORIGAMI Origami principles are applied in engineering to create innovative structures ENGINEERING. ORIGAMI Geometry is applied in origami to calculate exact angles and lengths of folds GEOMETRY. MATHEMATICS Geometry is a branch of mathematics that is fundamental to origami GEOMETRY. MATHEMATICS Symmetry, a mathematical concept, is crucial in the design of origami SYMMETRY.",
    "evaluation": 1
  },
  {
    "correct_answer": "Symmetrical folds and repetitions enhance the beauty and stability of origami models.",
    "retrieved_context": "MATHEMATICS Geometry is a branch of mathematics that is fundamental to origami GEOMETRY. ORIGAMI Origami concepts are applied in material science for new materials and designs MATERIAL SCIENCE. ORIGAMI Origami uses mathematical principles and theories for paper folding MATHEMATICS. ORIGAMI Origami principles are used in architecture for designing efficient structures ARCHITECTURE. ORIGAMI Symmetry is utilized in origami to enhance the beauty and stability of creations SYMMETRY. MATHEMATICS Symmetry, a mathematical concept, is crucial in the design of origami SYMMETRY. ORIGAMI Origami mathematics contributes to computational origami in computer science COMPUTER SCIENCE. ORIGAMI Origami principles are applied in engineering to create innovative structures ENGINEERING. ORIGAMI Geometry is applied in origami to calculate exact angles and lengths of folds GEOMETRY. MATHEMATICS Geometry is a branch of mathematics that is fundamental to origami GEOMETRY. MATHEMATICS Symmetry, a mathematical concept, is crucial in the design of origami SYMMETRY.",
    "evaluation": 1
  },
  {
    "correct_answer": "Proportion and ratio are important mathematical principles in origami design.",
    "retrieved_context": "MATHEMATICS Geometry is a branch of mathematics that is fundamental to origami GEOMETRY. ORIGAMI Origami concepts are applied in material science for new materials and designs MATERIAL SCIENCE. ORIGAMI Origami uses mathematical principles and theories for paper folding MATHEMATICS. ORIGAMI Origami principles are used in architecture for designing efficient structures ARCHITECTURE. ORIGAMI Symmetry is utilized in origami to enhance the beauty and stability of creations SYMMETRY. MATHEMATICS Symmetry, a mathematical concept, is crucial in the design of origami SYMMETRY. ORIGAMI Origami mathematics contributes to computational origami in computer science COMPUTER SCIENCE. ORIGAMI Origami principles are applied in engineering to create innovative structures ENGINEERING. ORIGAMI Geometry is applied in origami to calculate exact angles and lengths of folds GEOMETRY. MATHEMATICS Geometry is a branch of mathematics that is fundamental to origami GEOMETRY. MATHEMATICS Symmetry, a mathematical concept, is crucial in the design of origami SYMMETRY.",
    "evaluation": 0
  },
  {
    "correct_answer": "Origami principles have applications in engineering, architecture, and material science.",
    "retrieved_context": "MATHEMATICS Geometry is a branch of mathematics that is fundamental to origami GEOMETRY. ORIGAMI Origami concepts are applied in material science for new materials and designs MATERIAL SCIENCE. ORIGAMI Origami uses mathematical principles and theories for paper folding MATHEMATICS. ORIGAMI Origami principles are used in architecture for designing efficient structures ARCHITECTURE. ORIGAMI Symmetry is utilized in origami to enhance the beauty and stability of creations SYMMETRY. MATHEMATICS Symmetry, a mathematical concept, is crucial in the design of origami SYMMETRY. ORIGAMI Origami mathematics contributes to computational origami in computer science COMPUTER SCIENCE. ORIGAMI Origami principles are applied in engineering to create innovative structures ENGINEERING. ORIGAMI Geometry is applied in origami to calculate exact angles and lengths of folds GEOMETRY. MATHEMATICS Geometry is a branch of mathematics that is fundamental to origami GEOMETRY. MATHEMATICS Symmetry, a mathematical concept, is crucial in the design of origami SYMMETRY.",
    "evaluation": 1
  },
  {
    "correct_answer": "Origami-inspired principles have been used to develop innovative structures like solar panels.",
    "retrieved_context": "MATHEMATICS Geometry is a branch of mathematics that is fundamental to origami GEOMETRY. ORIGAMI Origami concepts are applied in material science for new materials and designs MATERIAL SCIENCE. ORIGAMI Origami uses mathematical principles and theories for paper folding MATHEMATICS. ORIGAMI Origami principles are used in architecture for designing efficient structures ARCHITECTURE. ORIGAMI Symmetry is utilized in origami to enhance the beauty and stability of creations SYMMETRY. MATHEMATICS Symmetry, a mathematical concept, is crucial in the design of origami SYMMETRY. ORIGAMI Origami mathematics contributes to computational origami in computer science COMPUTER SCIENCE. ORIGAMI Origami principles are applied in engineering to create innovative structures ENGINEERING. ORIGAMI Geometry is applied in origami to calculate exact angles and lengths of folds GEOMETRY. MATHEMATICS Geometry is a branch of mathematics that is fundamental to origami GEOMETRY. MATHEMATICS Symmetry, a mathematical concept, is crucial in the design of origami SYMMETRY.",
    "evaluation": 0
  },
  {
    "correct_answer": "Computational origami involves developing algorithms to simulate folding patterns.",
    "retrieved_context": "MATHEMATICS Geometry is a branch of mathematics that is fundamental to origami GEOMETRY. ORIGAMI Origami concepts are applied in material science for new materials and designs MATERIAL SCIENCE. ORIGAMI Origami uses mathematical principles and theories for paper folding MATHEMATICS. ORIGAMI Origami principles are used in architecture for designing efficient structures ARCHITECTURE. ORIGAMI Symmetry is utilized in origami to enhance the beauty and stability of creations SYMMETRY. MATHEMATICS Symmetry, a mathematical concept, is crucial in the design of origami SYMMETRY. ORIGAMI Origami mathematics contributes to computational origami in computer science COMPUTER SCIENCE. ORIGAMI Origami principles are applied in engineering to create innovative structures ENGINEERING. ORIGAMI Geometry is applied in origami to calculate exact angles and lengths of folds GEOMETRY. MATHEMATICS Geometry is a branch of mathematics that is fundamental to origami GEOMETRY. MATHEMATICS Symmetry, a mathematical concept, is crucial in the design of origami SYMMETRY.",
    "evaluation": 0
  },
  {
    "correct_answer": "Mathematics of origami has contributed to advancements in robotics and artificial intelligence.",
    "retrieved_context": "MATHEMATICS Geometry is a branch of mathematics that is fundamental to origami GEOMETRY. ORIGAMI Origami concepts are applied in material science for new materials and designs MATERIAL SCIENCE. ORIGAMI Origami uses mathematical principles and theories for paper folding MATHEMATICS. ORIGAMI Origami principles are used in architecture for designing efficient structures ARCHITECTURE. ORIGAMI Symmetry is utilized in origami to enhance the beauty and stability of creations SYMMETRY. MATHEMATICS Symmetry, a mathematical concept, is crucial in the design of origami SYMMETRY. ORIGAMI Origami mathematics contributes to computational origami in computer science COMPUTER SCIENCE. ORIGAMI Origami principles are applied in engineering to create innovative structures ENGINEERING. ORIGAMI Geometry is applied in origami to calculate exact angles and lengths of folds GEOMETRY. MATHEMATICS Geometry is a branch of mathematics that is fundamental to origami GEOMETRY. MATHEMATICS Symmetry, a mathematical concept, is crucial in the design of origami SYMMETRY.",
    "evaluation": 0
  },
  {
    "accuracy": "46.67%"
  }
]