[
  {
    "correct_answer": "Laughter is a universal language.",
    "retrieved_context": "LAUGHTER Laughter, through deep breathing exercises, increases lung capacity LUNG CAPACITY. LAUGHTER Laughter is a manifestation of humans' social nature, facilitating communication and connection SOCIAL NATURE. LAUGHTER Laughter has been shown to lower blood pressure, contributing to cardiovascular health BLOOD PRESSURE. LAUGHTER Mirror neurons are activated when humans hear laughter, causing them to mirror the laughter and experience similar feelings of joy MIRROR NEURONS. LAUGHTER Laughter leads to the release of endorphins, contributing to mood elevation and pain relief ENDORPHINS. ENDORPHINS The release of endorphins during laughter contributes to the lowering of blood pressure BLOOD PRESSURE. LAUGHTER The contagious nature of laughter strengthens social relationships and fosters a sense of community SOCIAL RELATIONSHIPS. LAUGHTER Research into laughter explores its psychological, physiological, and cognitive aspects RESEARCH. LAUGHTER Laughter acts as a social bonding tool, indicating its role in strengthening relationships and building trust SOCIAL BONDING TOOL. LAUGHTER Laughter is a form of emotional contagion, transferring joy and amusement through nonverbal cues EMOTIONAL CONTAGION. LAUGHTER Laughter serves as a social bonding tool among humans, indicating a safe and enjoyable environment HUMANS. BLOOD PRESSURE Lowering blood pressure through laughter contributes to improved cardiovascular health CARDIOVASCULAR HEALTH. LAUGHTER Laughter activates areas of the brain associated with social cognition, enhancing our ability to connect with others SOCIAL COGNITION. RESEARCH Brain imaging techniques like fMRI are used in research to study how laughter affects the brain BRAIN IMAGING TECHNIQUES. BLOOD PRESSURE Lowering blood pressure through laughter contributes to improved cardiovascular health CARDIOVASCULAR HEALTH. ENDORPHINS The release of endorphins during laughter contributes to the lowering of blood pressure BLOOD PRESSURE. PSYCHOLOGISTS Psychologists and scientists conduct research to understand the phenomenon of contagious laughter SCIENCE BEHIND THE PHENOMENON.",
    "evaluation": 0
  },
  {
    "correct_answer": "Laughter brings people together in moments of joy and connection.",
    "retrieved_context": "LAUGHTER Laughter, through deep breathing exercises, increases lung capacity LUNG CAPACITY. LAUGHTER Laughter is a manifestation of humans' social nature, facilitating communication and connection SOCIAL NATURE. LAUGHTER Laughter has been shown to lower blood pressure, contributing to cardiovascular health BLOOD PRESSURE. LAUGHTER Mirror neurons are activated when humans hear laughter, causing them to mirror the laughter and experience similar feelings of joy MIRROR NEURONS. LAUGHTER Laughter leads to the release of endorphins, contributing to mood elevation and pain relief ENDORPHINS. ENDORPHINS The release of endorphins during laughter contributes to the lowering of blood pressure BLOOD PRESSURE. LAUGHTER The contagious nature of laughter strengthens social relationships and fosters a sense of community SOCIAL RELATIONSHIPS. LAUGHTER Research into laughter explores its psychological, physiological, and cognitive aspects RESEARCH. LAUGHTER Laughter acts as a social bonding tool, indicating its role in strengthening relationships and building trust SOCIAL BONDING TOOL. LAUGHTER Laughter is a form of emotional contagion, transferring joy and amusement through nonverbal cues EMOTIONAL CONTAGION. LAUGHTER Laughter serves as a social bonding tool among humans, indicating a safe and enjoyable environment HUMANS. BLOOD PRESSURE Lowering blood pressure through laughter contributes to improved cardiovascular health CARDIOVASCULAR HEALTH. LAUGHTER Laughter activates areas of the brain associated with social cognition, enhancing our ability to connect with others SOCIAL COGNITION. RESEARCH Brain imaging techniques like fMRI are used in research to study how laughter affects the brain BRAIN IMAGING TECHNIQUES. BLOOD PRESSURE Lowering blood pressure through laughter contributes to improved cardiovascular health CARDIOVASCULAR HEALTH. ENDORPHINS The release of endorphins during laughter contributes to the lowering of blood pressure BLOOD PRESSURE.",
    "evaluation": 1
  },
  {
    "correct_answer": "Contagious laughter is a powerful and instinctual response to humor or pleasure.",
    "retrieved_context": "LAUGHTER Laughter, through deep breathing exercises, increases lung capacity LUNG CAPACITY. LAUGHTER Laughter is a manifestation of humans' social nature, facilitating communication and connection SOCIAL NATURE. LAUGHTER Laughter has been shown to lower blood pressure, contributing to cardiovascular health BLOOD PRESSURE. LAUGHTER Mirror neurons are activated when humans hear laughter, causing them to mirror the laughter and experience similar feelings of joy MIRROR NEURONS. LAUGHTER Laughter leads to the release of endorphins, contributing to mood elevation and pain relief ENDORPHINS. ENDORPHINS The release of endorphins during laughter contributes to the lowering of blood pressure BLOOD PRESSURE. LAUGHTER The contagious nature of laughter strengthens social relationships and fosters a sense of community SOCIAL RELATIONSHIPS. LAUGHTER Research into laughter explores its psychological, physiological, and cognitive aspects RESEARCH. LAUGHTER Laughter acts as a social bonding tool, indicating its role in strengthening relationships and building trust SOCIAL BONDING TOOL. LAUGHTER Laughter is a form of emotional contagion, transferring joy and amusement through nonverbal cues EMOTIONAL CONTAGION. LAUGHTER Laughter serves as a social bonding tool among humans, indicating a safe and enjoyable environment HUMANS. BLOOD PRESSURE Lowering blood pressure through laughter contributes to improved cardiovascular health CARDIOVASCULAR HEALTH. LAUGHTER Laughter activates areas of the brain associated with social cognition, enhancing our ability to connect with others SOCIAL COGNITION. RESEARCH Brain imaging techniques like fMRI are used in research to study how laughter affects the brain BRAIN IMAGING TECHNIQUES. BLOOD PRESSURE Lowering blood pressure through laughter contributes to improved cardiovascular health CARDIOVASCULAR HEALTH. ENDORPHINS The release of endorphins during laughter contributes to the lowering of blood pressure BLOOD PRESSURE. RESEARCH Brain imaging techniques like fMRI are used in research to study how laughter affects the brain BRAIN IMAGING TECHNIQUES.",
    "evaluation": 0
  },
  {
    "correct_answer": "Contagious laughter is not only enjoyable but also contagious.",
    "retrieved_context": "LAUGHTER Laughter, through deep breathing exercises, increases lung capacity LUNG CAPACITY. LAUGHTER Laughter is a manifestation of humans' social nature, facilitating communication and connection SOCIAL NATURE. LAUGHTER Laughter has been shown to lower blood pressure, contributing to cardiovascular health BLOOD PRESSURE. LAUGHTER Mirror neurons are activated when humans hear laughter, causing them to mirror the laughter and experience similar feelings of joy MIRROR NEURONS. LAUGHTER Laughter leads to the release of endorphins, contributing to mood elevation and pain relief ENDORPHINS. ENDORPHINS The release of endorphins during laughter contributes to the lowering of blood pressure BLOOD PRESSURE. LAUGHTER The contagious nature of laughter strengthens social relationships and fosters a sense of community SOCIAL RELATIONSHIPS. LAUGHTER Research into laughter explores its psychological, physiological, and cognitive aspects RESEARCH. LAUGHTER Laughter acts as a social bonding tool, indicating its role in strengthening relationships and building trust SOCIAL BONDING TOOL. LAUGHTER Laughter is a form of emotional contagion, transferring joy and amusement through nonverbal cues EMOTIONAL CONTAGION. LAUGHTER Laughter serves as a social bonding tool among humans, indicating a safe and enjoyable environment HUMANS. BLOOD PRESSURE Lowering blood pressure through laughter contributes to improved cardiovascular health CARDIOVASCULAR HEALTH. LAUGHTER Laughter activates areas of the brain associated with social cognition, enhancing our ability to connect with others SOCIAL COGNITION. RESEARCH Brain imaging techniques like fMRI are used in research to study how laughter affects the brain BRAIN IMAGING TECHNIQUES. BLOOD PRESSURE Lowering blood pressure through laughter contributes to improved cardiovascular health CARDIOVASCULAR HEALTH. ENDORPHINS The release of endorphins during laughter contributes to the lowering of blood pressure BLOOD PRESSURE. RESEARCH Brain imaging techniques like fMRI are used in research to study how laughter affects the brain BRAIN IMAGING TECHNIQUES.",
    "evaluation": 1
  },
  {
    "correct_answer": "Laughter serves as a social bonding tool.",
    "retrieved_context": "LAUGHTER Laughter, through deep breathing exercises, increases lung capacity LUNG CAPACITY. LAUGHTER Laughter is a manifestation of humans' social nature, facilitating communication and connection SOCIAL NATURE. LAUGHTER Laughter has been shown to lower blood pressure, contributing to cardiovascular health BLOOD PRESSURE. LAUGHTER Mirror neurons are activated when humans hear laughter, causing them to mirror the laughter and experience similar feelings of joy MIRROR NEURONS. LAUGHTER Laughter leads to the release of endorphins, contributing to mood elevation and pain relief ENDORPHINS. ENDORPHINS The release of endorphins during laughter contributes to the lowering of blood pressure BLOOD PRESSURE. LAUGHTER The contagious nature of laughter strengthens social relationships and fosters a sense of community SOCIAL RELATIONSHIPS. LAUGHTER Research into laughter explores its psychological, physiological, and cognitive aspects RESEARCH. LAUGHTER Laughter acts as a social bonding tool, indicating its role in strengthening relationships and building trust SOCIAL BONDING TOOL. LAUGHTER Laughter is a form of emotional contagion, transferring joy and amusement through nonverbal cues EMOTIONAL CONTAGION. LAUGHTER Laughter serves as a social bonding tool among humans, indicating a safe and enjoyable environment HUMANS. BLOOD PRESSURE Lowering blood pressure through laughter contributes to improved cardiovascular health CARDIOVASCULAR HEALTH. LAUGHTER Laughter activates areas of the brain associated with social cognition, enhancing our ability to connect with others SOCIAL COGNITION. RESEARCH Brain imaging techniques like fMRI are used in research to study how laughter affects the brain BRAIN IMAGING TECHNIQUES. BLOOD PRESSURE Lowering blood pressure through laughter contributes to improved cardiovascular health CARDIOVASCULAR HEALTH. ENDORPHINS The release of endorphins during laughter contributes to the lowering of blood pressure BLOOD PRESSURE. PSYCHOLOGISTS Psychologists and scientists conduct research to understand the phenomenon of contagious laughter SCIENCE BEHIND THE PHENOMENON.",
    "evaluation": 1
  },
  {
    "correct_answer": "Laughter helps strengthen relationships.",
    "retrieved_context": "LAUGHTER Laughter, through deep breathing exercises, increases lung capacity LUNG CAPACITY. LAUGHTER Laughter is a manifestation of humans' social nature, facilitating communication and connection SOCIAL NATURE. LAUGHTER Laughter has been shown to lower blood pressure, contributing to cardiovascular health BLOOD PRESSURE. LAUGHTER Mirror neurons are activated when humans hear laughter, causing them to mirror the laughter and experience similar feelings of joy MIRROR NEURONS. LAUGHTER Laughter leads to the release of endorphins, contributing to mood elevation and pain relief ENDORPHINS. ENDORPHINS The release of endorphins during laughter contributes to the lowering of blood pressure BLOOD PRESSURE. LAUGHTER The contagious nature of laughter strengthens social relationships and fosters a sense of community SOCIAL RELATIONSHIPS. LAUGHTER Research into laughter explores its psychological, physiological, and cognitive aspects RESEARCH. LAUGHTER Laughter acts as a social bonding tool, indicating its role in strengthening relationships and building trust SOCIAL BONDING TOOL. LAUGHTER Laughter is a form of emotional contagion, transferring joy and amusement through nonverbal cues EMOTIONAL CONTAGION. LAUGHTER Laughter serves as a social bonding tool among humans, indicating a safe and enjoyable environment HUMANS. BLOOD PRESSURE Lowering blood pressure through laughter contributes to improved cardiovascular health CARDIOVASCULAR HEALTH. LAUGHTER Laughter activates areas of the brain associated with social cognition, enhancing our ability to connect with others SOCIAL COGNITION. RESEARCH Brain imaging techniques like fMRI are used in research to study how laughter affects the brain BRAIN IMAGING TECHNIQUES. PSYCHOLOGISTS Psychologists and scientists conduct research to understand the phenomenon of contagious laughter SCIENCE BEHIND THE PHENOMENON. BLOOD PRESSURE Lowering blood pressure through laughter contributes to improved cardiovascular health CARDIOVASCULAR HEALTH. ENDORPHINS The release of endorphins during laughter contributes to the lowering of blood pressure BLOOD PRESSURE.",
    "evaluation": 1
  },
  {
    "correct_answer": "Laughter builds trust among individuals.",
    "retrieved_context": "LAUGHTER Laughter, through deep breathing exercises, increases lung capacity LUNG CAPACITY. LAUGHTER Laughter is a manifestation of humans' social nature, facilitating communication and connection SOCIAL NATURE. LAUGHTER Laughter has been shown to lower blood pressure, contributing to cardiovascular health BLOOD PRESSURE. LAUGHTER Mirror neurons are activated when humans hear laughter, causing them to mirror the laughter and experience similar feelings of joy MIRROR NEURONS. LAUGHTER Laughter leads to the release of endorphins, contributing to mood elevation and pain relief ENDORPHINS. ENDORPHINS The release of endorphins during laughter contributes to the lowering of blood pressure BLOOD PRESSURE. LAUGHTER The contagious nature of laughter strengthens social relationships and fosters a sense of community SOCIAL RELATIONSHIPS. LAUGHTER Research into laughter explores its psychological, physiological, and cognitive aspects RESEARCH. LAUGHTER Laughter acts as a social bonding tool, indicating its role in strengthening relationships and building trust SOCIAL BONDING TOOL. LAUGHTER Laughter is a form of emotional contagion, transferring joy and amusement through nonverbal cues EMOTIONAL CONTAGION. LAUGHTER Laughter serves as a social bonding tool among humans, indicating a safe and enjoyable environment HUMANS. BLOOD PRESSURE Lowering blood pressure through laughter contributes to improved cardiovascular health CARDIOVASCULAR HEALTH. LAUGHTER Laughter activates areas of the brain associated with social cognition, enhancing our ability to connect with others SOCIAL COGNITION. RESEARCH Brain imaging techniques like fMRI are used in research to study how laughter affects the brain BRAIN IMAGING TECHNIQUES. BLOOD PRESSURE Lowering blood pressure through laughter contributes to improved cardiovascular health CARDIOVASCULAR HEALTH. ENDORPHINS The release of endorphins during laughter contributes to the lowering of blood pressure BLOOD PRESSURE. PSYCHOLOGISTS Psychologists and scientists conduct research to understand the phenomenon of contagious laughter SCIENCE BEHIND THE PHENOMENON.",
    "evaluation": 1
  },
  {
    "correct_answer": "Laughter creates a sense of unity among individuals.",
    "retrieved_context": "LAUGHTER Laughter, through deep breathing exercises, increases lung capacity LUNG CAPACITY. LAUGHTER Laughter is a manifestation of humans' social nature, facilitating communication and connection SOCIAL NATURE. LAUGHTER Laughter has been shown to lower blood pressure, contributing to cardiovascular health BLOOD PRESSURE. LAUGHTER Mirror neurons are activated when humans hear laughter, causing them to mirror the laughter and experience similar feelings of joy MIRROR NEURONS. LAUGHTER Laughter leads to the release of endorphins, contributing to mood elevation and pain relief ENDORPHINS. ENDORPHINS The release of endorphins during laughter contributes to the lowering of blood pressure BLOOD PRESSURE. LAUGHTER The contagious nature of laughter strengthens social relationships and fosters a sense of community SOCIAL RELATIONSHIPS. LAUGHTER Research into laughter explores its psychological, physiological, and cognitive aspects RESEARCH. LAUGHTER Laughter acts as a social bonding tool, indicating its role in strengthening relationships and building trust SOCIAL BONDING TOOL. LAUGHTER Laughter is a form of emotional contagion, transferring joy and amusement through nonverbal cues EMOTIONAL CONTAGION. LAUGHTER Laughter serves as a social bonding tool among humans, indicating a safe and enjoyable environment HUMANS. BLOOD PRESSURE Lowering blood pressure through laughter contributes to improved cardiovascular health CARDIOVASCULAR HEALTH. LAUGHTER Laughter activates areas of the brain associated with social cognition, enhancing our ability to connect with others SOCIAL COGNITION. RESEARCH Brain imaging techniques like fMRI are used in research to study how laughter affects the brain BRAIN IMAGING TECHNIQUES. BLOOD PRESSURE Lowering blood pressure through laughter contributes to improved cardiovascular health CARDIOVASCULAR HEALTH. ENDORPHINS The release of endorphins during laughter contributes to the lowering of blood pressure BLOOD PRESSURE.",
    "evaluation": 1
  },
  {
    "correct_answer": "When we hear someone else laugh, our brains interpret it as a positive social cue.",
    "retrieved_context": "LAUGHTER Laughter, through deep breathing exercises, increases lung capacity LUNG CAPACITY. LAUGHTER Laughter is a manifestation of humans' social nature, facilitating communication and connection SOCIAL NATURE. LAUGHTER Laughter has been shown to lower blood pressure, contributing to cardiovascular health BLOOD PRESSURE. LAUGHTER Mirror neurons are activated when humans hear laughter, causing them to mirror the laughter and experience similar feelings of joy MIRROR NEURONS. LAUGHTER Laughter leads to the release of endorphins, contributing to mood elevation and pain relief ENDORPHINS. ENDORPHINS The release of endorphins during laughter contributes to the lowering of blood pressure BLOOD PRESSURE. LAUGHTER The contagious nature of laughter strengthens social relationships and fosters a sense of community SOCIAL RELATIONSHIPS. LAUGHTER Research into laughter explores its psychological, physiological, and cognitive aspects RESEARCH. LAUGHTER Laughter acts as a social bonding tool, indicating its role in strengthening relationships and building trust SOCIAL BONDING TOOL. LAUGHTER Laughter is a form of emotional contagion, transferring joy and amusement through nonverbal cues EMOTIONAL CONTAGION. LAUGHTER Laughter serves as a social bonding tool among humans, indicating a safe and enjoyable environment HUMANS. BLOOD PRESSURE Lowering blood pressure through laughter contributes to improved cardiovascular health CARDIOVASCULAR HEALTH. LAUGHTER Laughter activates areas of the brain associated with social cognition, enhancing our ability to connect with others SOCIAL COGNITION. RESEARCH Brain imaging techniques like fMRI are used in research to study how laughter affects the brain BRAIN IMAGING TECHNIQUES. BLOOD PRESSURE Lowering blood pressure through laughter contributes to improved cardiovascular health CARDIOVASCULAR HEALTH. ENDORPHINS The release of endorphins during laughter contributes to the lowering of blood pressure BLOOD PRESSURE. PSYCHOLOGISTS Psychologists and scientists conduct research to understand the phenomenon of contagious laughter SCIENCE BEHIND THE PHENOMENON.",
    "evaluation": 0
  },
  {
    "correct_answer": "Laughter is a form of emotional contagion.",
    "retrieved_context": "LAUGHTER Laughter, through deep breathing exercises, increases lung capacity LUNG CAPACITY. LAUGHTER Laughter is a manifestation of humans' social nature, facilitating communication and connection SOCIAL NATURE. LAUGHTER Laughter has been shown to lower blood pressure, contributing to cardiovascular health BLOOD PRESSURE. LAUGHTER Mirror neurons are activated when humans hear laughter, causing them to mirror the laughter and experience similar feelings of joy MIRROR NEURONS. LAUGHTER Laughter leads to the release of endorphins, contributing to mood elevation and pain relief ENDORPHINS. ENDORPHINS The release of endorphins during laughter contributes to the lowering of blood pressure BLOOD PRESSURE. LAUGHTER The contagious nature of laughter strengthens social relationships and fosters a sense of community SOCIAL RELATIONSHIPS. LAUGHTER Research into laughter explores its psychological, physiological, and cognitive aspects RESEARCH. LAUGHTER Laughter acts as a social bonding tool, indicating its role in strengthening relationships and building trust SOCIAL BONDING TOOL. LAUGHTER Laughter is a form of emotional contagion, transferring joy and amusement through nonverbal cues EMOTIONAL CONTAGION. LAUGHTER Laughter serves as a social bonding tool among humans, indicating a safe and enjoyable environment HUMANS. BLOOD PRESSURE Lowering blood pressure through laughter contributes to improved cardiovascular health CARDIOVASCULAR HEALTH. LAUGHTER Laughter activates areas of the brain associated with social cognition, enhancing our ability to connect with others SOCIAL COGNITION. RESEARCH Brain imaging techniques like fMRI are used in research to study how laughter affects the brain BRAIN IMAGING TECHNIQUES. BLOOD PRESSURE Lowering blood pressure through laughter contributes to improved cardiovascular health CARDIOVASCULAR HEALTH. ENDORPHINS The release of endorphins during laughter contributes to the lowering of blood pressure BLOOD PRESSURE. PSYCHOLOGISTS Psychologists and scientists conduct research to understand the phenomenon of contagious laughter SCIENCE BEHIND THE PHENOMENON. FUNCTIONAL MAGNETIC RESONANCE IMAGING The use of fMRI has helped in understanding how laughter triggers the release of endorphins ENDORPHINS. ENDORPHINS The release of endorphins during laughter contributes to the lowering of blood pressure BLOOD PRESSURE.",
    "evaluation": 1
  },
  {
    "correct_answer": "Mirror neurons are activated when we see or hear someone laughing.",
    "retrieved_context": "LAUGHTER Laughter, through deep breathing exercises, increases lung capacity LUNG CAPACITY. LAUGHTER Laughter is a manifestation of humans' social nature, facilitating communication and connection SOCIAL NATURE. LAUGHTER Laughter has been shown to lower blood pressure, contributing to cardiovascular health BLOOD PRESSURE. LAUGHTER Mirror neurons are activated when humans hear laughter, causing them to mirror the laughter and experience similar feelings of joy MIRROR NEURONS. LAUGHTER Laughter leads to the release of endorphins, contributing to mood elevation and pain relief ENDORPHINS. ENDORPHINS The release of endorphins during laughter contributes to the lowering of blood pressure BLOOD PRESSURE. LAUGHTER The contagious nature of laughter strengthens social relationships and fosters a sense of community SOCIAL RELATIONSHIPS. LAUGHTER Research into laughter explores its psychological, physiological, and cognitive aspects RESEARCH. LAUGHTER Laughter acts as a social bonding tool, indicating its role in strengthening relationships and building trust SOCIAL BONDING TOOL. LAUGHTER Laughter is a form of emotional contagion, transferring joy and amusement through nonverbal cues EMOTIONAL CONTAGION. LAUGHTER Laughter serves as a social bonding tool among humans, indicating a safe and enjoyable environment HUMANS. BLOOD PRESSURE Lowering blood pressure through laughter contributes to improved cardiovascular health CARDIOVASCULAR HEALTH. LAUGHTER Laughter activates areas of the brain associated with social cognition, enhancing our ability to connect with others SOCIAL COGNITION. RESEARCH Brain imaging techniques like fMRI are used in research to study how laughter affects the brain BRAIN IMAGING TECHNIQUES. FUNCTIONAL MAGNETIC RESONANCE IMAGING The use of fMRI has helped in understanding how laughter triggers the release of endorphins ENDORPHINS. ENDORPHINS The release of endorphins during laughter contributes to the lowering of blood pressure BLOOD PRESSURE. PSYCHOLOGISTS Psychologists and scientists conduct research to understand the phenomenon of contagious laughter SCIENCE BEHIND THE PHENOMENON. BLOOD PRESSURE Lowering blood pressure through laughter contributes to improved cardiovascular health CARDIOVASCULAR HEALTH. ENDORPHINS The release of endorphins during laughter contributes to the lowering of blood pressure BLOOD PRESSURE.",
    "evaluation": 1
  },
  {
    "correct_answer": "Contagious laughter triggers areas of the brain associated with reward and emotion regulation.",
    "retrieved_context": "LAUGHTER Laughter, through deep breathing exercises, increases lung capacity LUNG CAPACITY. LAUGHTER Laughter is a manifestation of humans' social nature, facilitating communication and connection SOCIAL NATURE. LAUGHTER Laughter has been shown to lower blood pressure, contributing to cardiovascular health BLOOD PRESSURE. LAUGHTER Mirror neurons are activated when humans hear laughter, causing them to mirror the laughter and experience similar feelings of joy MIRROR NEURONS. LAUGHTER Laughter leads to the release of endorphins, contributing to mood elevation and pain relief ENDORPHINS. ENDORPHINS The release of endorphins during laughter contributes to the lowering of blood pressure BLOOD PRESSURE. LAUGHTER The contagious nature of laughter strengthens social relationships and fosters a sense of community SOCIAL RELATIONSHIPS. LAUGHTER Research into laughter explores its psychological, physiological, and cognitive aspects RESEARCH. LAUGHTER Laughter acts as a social bonding tool, indicating its role in strengthening relationships and building trust SOCIAL BONDING TOOL. LAUGHTER Laughter is a form of emotional contagion, transferring joy and amusement through nonverbal cues EMOTIONAL CONTAGION. LAUGHTER Laughter serves as a social bonding tool among humans, indicating a safe and enjoyable environment HUMANS. BLOOD PRESSURE Lowering blood pressure through laughter contributes to improved cardiovascular health CARDIOVASCULAR HEALTH. LAUGHTER Laughter activates areas of the brain associated with social cognition, enhancing our ability to connect with others SOCIAL COGNITION. RESEARCH Brain imaging techniques like fMRI are used in research to study how laughter affects the brain BRAIN IMAGING TECHNIQUES. BLOOD PRESSURE Lowering blood pressure through laughter contributes to improved cardiovascular health CARDIOVASCULAR HEALTH. ENDORPHINS The release of endorphins during laughter contributes to the lowering of blood pressure BLOOD PRESSURE. FUNCTIONAL MAGNETIC RESONANCE IMAGING The use of fMRI has helped in understanding how laughter triggers the release of endorphins ENDORPHINS. ENDORPHINS The release of endorphins during laughter contributes to the lowering of blood pressure BLOOD PRESSURE. PSYCHOLOGISTS Psychologists and scientists conduct research to understand the phenomenon of contagious laughter SCIENCE BEHIND THE PHENOMENON.",
    "evaluation": 0
  },
  {
    "correct_answer": "Laughter releases endorphins, which act as natural painkillers and mood elevators.",
    "retrieved_context": "LAUGHTER Laughter, through deep breathing exercises, increases lung capacity LUNG CAPACITY. LAUGHTER Laughter is a manifestation of humans' social nature, facilitating communication and connection SOCIAL NATURE. LAUGHTER Laughter has been shown to lower blood pressure, contributing to cardiovascular health BLOOD PRESSURE. LAUGHTER Mirror neurons are activated when humans hear laughter, causing them to mirror the laughter and experience similar feelings of joy MIRROR NEURONS. LAUGHTER Laughter leads to the release of endorphins, contributing to mood elevation and pain relief ENDORPHINS. ENDORPHINS The release of endorphins during laughter contributes to the lowering of blood pressure BLOOD PRESSURE. LAUGHTER The contagious nature of laughter strengthens social relationships and fosters a sense of community SOCIAL RELATIONSHIPS. LAUGHTER Research into laughter explores its psychological, physiological, and cognitive aspects RESEARCH. LAUGHTER Laughter acts as a social bonding tool, indicating its role in strengthening relationships and building trust SOCIAL BONDING TOOL. LAUGHTER Laughter is a form of emotional contagion, transferring joy and amusement through nonverbal cues EMOTIONAL CONTAGION. LAUGHTER Laughter serves as a social bonding tool among humans, indicating a safe and enjoyable environment HUMANS. BLOOD PRESSURE Lowering blood pressure through laughter contributes to improved cardiovascular health CARDIOVASCULAR HEALTH. LAUGHTER Laughter activates areas of the brain associated with social cognition, enhancing our ability to connect with others SOCIAL COGNITION. RESEARCH Brain imaging techniques like fMRI are used in research to study how laughter affects the brain BRAIN IMAGING TECHNIQUES. BLOOD PRESSURE Lowering blood pressure through laughter contributes to improved cardiovascular health CARDIOVASCULAR HEALTH. ENDORPHINS The release of endorphins during laughter contributes to the lowering of blood pressure BLOOD PRESSURE. PSYCHOLOGISTS Psychologists and scientists conduct research to understand the phenomenon of contagious laughter SCIENCE BEHIND THE PHENOMENON. FUNCTIONAL MAGNETIC RESONANCE IMAGING The use of fMRI has helped in understanding how laughter triggers the release of endorphins ENDORPHINS. ENDORPHINS The release of endorphins during laughter contributes to the lowering of blood pressure BLOOD PRESSURE.",
    "evaluation": 1
  },
  {
    "correct_answer": "Laughter can help reduce stress and boost immune function.",
    "retrieved_context": "LAUGHTER Laughter, through deep breathing exercises, increases lung capacity LUNG CAPACITY. LAUGHTER Laughter is a manifestation of humans' social nature, facilitating communication and connection SOCIAL NATURE. LAUGHTER Laughter has been shown to lower blood pressure, contributing to cardiovascular health BLOOD PRESSURE. LAUGHTER Mirror neurons are activated when humans hear laughter, causing them to mirror the laughter and experience similar feelings of joy MIRROR NEURONS. LAUGHTER Laughter leads to the release of endorphins, contributing to mood elevation and pain relief ENDORPHINS. ENDORPHINS The release of endorphins during laughter contributes to the lowering of blood pressure BLOOD PRESSURE. LAUGHTER The contagious nature of laughter strengthens social relationships and fosters a sense of community SOCIAL RELATIONSHIPS. LAUGHTER Research into laughter explores its psychological, physiological, and cognitive aspects RESEARCH. LAUGHTER Laughter acts as a social bonding tool, indicating its role in strengthening relationships and building trust SOCIAL BONDING TOOL. LAUGHTER Laughter is a form of emotional contagion, transferring joy and amusement through nonverbal cues EMOTIONAL CONTAGION. LAUGHTER Laughter serves as a social bonding tool among humans, indicating a safe and enjoyable environment HUMANS. BLOOD PRESSURE Lowering blood pressure through laughter contributes to improved cardiovascular health CARDIOVASCULAR HEALTH. LAUGHTER Laughter activates areas of the brain associated with social cognition, enhancing our ability to connect with others SOCIAL COGNITION. RESEARCH Brain imaging techniques like fMRI are used in research to study how laughter affects the brain BRAIN IMAGING TECHNIQUES. BLOOD PRESSURE Lowering blood pressure through laughter contributes to improved cardiovascular health CARDIOVASCULAR HEALTH. ENDORPHINS The release of endorphins during laughter contributes to the lowering of blood pressure BLOOD PRESSURE. FUNCTIONAL MAGNETIC RESONANCE IMAGING The use of fMRI has helped in understanding how laughter triggers the release of endorphins ENDORPHINS. ENDORPHINS The release of endorphins during laughter contributes to the lowering of blood pressure BLOOD PRESSURE. PSYCHOLOGISTS Psychologists and scientists conduct research to understand the phenomenon of contagious laughter SCIENCE BEHIND THE PHENOMENON.",
    "evaluation": 0
  },
  {
    "correct_answer": "Shared laughter in group settings can create a positive atmosphere and strengthen social bonds.",
    "retrieved_context": "LAUGHTER Laughter, through deep breathing exercises, increases lung capacity LUNG CAPACITY. LAUGHTER Laughter is a manifestation of humans' social nature, facilitating communication and connection SOCIAL NATURE. LAUGHTER Laughter has been shown to lower blood pressure, contributing to cardiovascular health BLOOD PRESSURE. LAUGHTER Mirror neurons are activated when humans hear laughter, causing them to mirror the laughter and experience similar feelings of joy MIRROR NEURONS. LAUGHTER Laughter leads to the release of endorphins, contributing to mood elevation and pain relief ENDORPHINS. ENDORPHINS The release of endorphins during laughter contributes to the lowering of blood pressure BLOOD PRESSURE. LAUGHTER The contagious nature of laughter strengthens social relationships and fosters a sense of community SOCIAL RELATIONSHIPS. LAUGHTER Research into laughter explores its psychological, physiological, and cognitive aspects RESEARCH. LAUGHTER Laughter acts as a social bonding tool, indicating its role in strengthening relationships and building trust SOCIAL BONDING TOOL. LAUGHTER Laughter is a form of emotional contagion, transferring joy and amusement through nonverbal cues EMOTIONAL CONTAGION. LAUGHTER Laughter serves as a social bonding tool among humans, indicating a safe and enjoyable environment HUMANS. BLOOD PRESSURE Lowering blood pressure through laughter contributes to improved cardiovascular health CARDIOVASCULAR HEALTH. LAUGHTER Laughter activates areas of the brain associated with social cognition, enhancing our ability to connect with others SOCIAL COGNITION. RESEARCH Brain imaging techniques like fMRI are used in research to study how laughter affects the brain BRAIN IMAGING TECHNIQUES. PSYCHOLOGISTS Psychologists and scientists conduct research to understand the phenomenon of contagious laughter SCIENCE BEHIND THE PHENOMENON.",
    "evaluation": 1
  },
  {
    "accuracy": "66.67%"
  }
]