[
  {
    "correct_answer": "Tattoos are a form of self-expression and body art for centuries.",
    "retrieved_context": "TATTOOS Tattoos in Polynesian cultures signify social status and achievements, showing the cultural significance of tattoos in these societies POLYNESIAN CULTURES. TATTOOS Tattoos in Western societies are used for personal expression, showing the global and timeless appeal of tattoos WESTERN SOCIETIES. TATTOOS Tattoos, or \"moko\", in Maori culture are used to express individual and group identities, highlighting the cultural depth of tattoos MAORI CULTURE. TATTOOS Tattoos have historically been associated with the Yakuza as symbols of loyalty and commitment within the organization YAKUZA. TATTOOS Tattoos are deeply embedded in Japanese culture, evolving from their association with the Yakuza to a broader form of personal and cultural expression JAPANESE CULTURE. SAMOAN CULTURE The 'pe'a' is a significant event in Samoan culture, marking a young man's rite of passage into adulthood PE'A. ANCIENT EGYPT Both cultures have historical significance of tattoos in ritual, ceremony, and symbolism JAPANESE MAFIA. AINU PEOPLE Both cultures use tattoos as a means of connecting individuals to their cultural heritage and community SAMOAN CULTURE. SAMOAN CULTURE The 'pe'a' is a significant event in Samoan culture, marking a young man's rite of passage into adulthood PE'A.",
    "evaluation": 1
  },
  {
    "correct_answer": "Tattoos have a rich cultural history that varies across different societies and time periods.",
    "retrieved_context": "TATTOOS Tattoos in Polynesian cultures signify social status and achievements, showing the cultural significance of tattoos in these societies POLYNESIAN CULTURES. TATTOOS Tattoos in Western societies are used for personal expression, showing the global and timeless appeal of tattoos WESTERN SOCIETIES. TATTOOS Tattoos, or \"moko\", in Maori culture are used to express individual and group identities, highlighting the cultural depth of tattoos MAORI CULTURE. TATTOOS Tattoos have historically been associated with the Yakuza as symbols of loyalty and commitment within the organization YAKUZA. TATTOOS Tattoos are deeply embedded in Japanese culture, evolving from their association with the Yakuza to a broader form of personal and cultural expression JAPANESE CULTURE. SAMOAN CULTURE The 'pe'a' is a significant event in Samoan culture, marking a young man's rite of passage into adulthood PE'A. ANCIENT EGYPT Both cultures have historical significance of tattoos in ritual, ceremony, and symbolism JAPANESE MAFIA.",
    "evaluation": 1
  },
  {
    "correct_answer": "Tattoos' significance remains deeply rooted in cultural traditions and personal meanings.",
    "retrieved_context": "TATTOOS Tattoos in Polynesian cultures signify social status and achievements, showing the cultural significance of tattoos in these societies POLYNESIAN CULTURES. TATTOOS Tattoos in Western societies are used for personal expression, showing the global and timeless appeal of tattoos WESTERN SOCIETIES. TATTOOS Tattoos, or \"moko\", in Maori culture are used to express individual and group identities, highlighting the cultural depth of tattoos MAORI CULTURE. TATTOOS Tattoos have historically been associated with the Yakuza as symbols of loyalty and commitment within the organization YAKUZA. TATTOOS Tattoos are deeply embedded in Japanese culture, evolving from their association with the Yakuza to a broader form of personal and cultural expression JAPANESE CULTURE. SAMOAN CULTURE The 'pe'a' is a significant event in Samoan culture, marking a young man's rite of passage into adulthood PE'A. ANCIENT EGYPT Both cultures have historical significance of tattoos in ritual, ceremony, and symbolism JAPANESE MAFIA.",
    "evaluation": 1
  },
  {
    "correct_answer": "Tattoos have been used as symbols of identity, belonging, and ritual in various cultures around the world.",
    "retrieved_context": "TATTOOS Tattoos in Polynesian cultures signify social status and achievements, showing the cultural significance of tattoos in these societies POLYNESIAN CULTURES. TATTOOS Tattoos in Western societies are used for personal expression, showing the global and timeless appeal of tattoos WESTERN SOCIETIES. TATTOOS Tattoos, or \"moko\", in Maori culture are used to express individual and group identities, highlighting the cultural depth of tattoos MAORI CULTURE. TATTOOS Tattoos have historically been associated with the Yakuza as symbols of loyalty and commitment within the organization YAKUZA. TATTOOS Tattoos are deeply embedded in Japanese culture, evolving from their association with the Yakuza to a broader form of personal and cultural expression JAPANESE CULTURE. SAMOAN CULTURE The 'pe'a' is a significant event in Samoan culture, marking a young man's rite of passage into adulthood PE'A. ANCIENT EGYPT Both cultures have historical significance of tattoos in ritual, ceremony, and symbolism JAPANESE MAFIA.",
    "evaluation": 1
  },
  {
    "correct_answer": "In many cultures, tattoos are a way for individuals to express their unique identities, beliefs, and experiences.",
    "retrieved_context": "TATTOOS Tattoos in Polynesian cultures signify social status and achievements, showing the cultural significance of tattoos in these societies POLYNESIAN CULTURES. TATTOOS Tattoos in Western societies are used for personal expression, showing the global and timeless appeal of tattoos WESTERN SOCIETIES. TATTOOS Tattoos, or \"moko\", in Maori culture are used to express individual and group identities, highlighting the cultural depth of tattoos MAORI CULTURE. TATTOOS Tattoos have historically been associated with the Yakuza as symbols of loyalty and commitment within the organization YAKUZA. TATTOOS Tattoos are deeply embedded in Japanese culture, evolving from their association with the Yakuza to a broader form of personal and cultural expression JAPANESE CULTURE. SAMOAN CULTURE The 'pe'a' is a significant event in Samoan culture, marking a young man's rite of passage into adulthood PE'A. AINU PEOPLE Both cultures use tattoos as a means of connecting individuals to their cultural heritage and community SAMOAN CULTURE. SAMOAN CULTURE The 'pe'a' is a significant event in Samoan culture, marking a young man's rite of passage into adulthood PE'A.",
    "evaluation": 1
  },
  {
    "correct_answer": "Ancient Polynesian cultures used tattoos to signify social status, rank, and achievements.",
    "retrieved_context": "TATTOOS Tattoos in Polynesian cultures signify social status and achievements, showing the cultural significance of tattoos in these societies POLYNESIAN CULTURES. TATTOOS Tattoos in Western societies are used for personal expression, showing the global and timeless appeal of tattoos WESTERN SOCIETIES. TATTOOS Tattoos, or \"moko\", in Maori culture are used to express individual and group identities, highlighting the cultural depth of tattoos MAORI CULTURE. TATTOOS Tattoos have historically been associated with the Yakuza as symbols of loyalty and commitment within the organization YAKUZA. TATTOOS Tattoos are deeply embedded in Japanese culture, evolving from their association with the Yakuza to a broader form of personal and cultural expression JAPANESE CULTURE. SAMOAN CULTURE The 'pe'a' is a significant event in Samoan culture, marking a young man's rite of passage into adulthood PE'A. ANCIENT EGYPT Both cultures have historical significance of tattoos in ritual, ceremony, and symbolism JAPANESE MAFIA.",
    "evaluation": 1
  },
  {
    "correct_answer": "Maori culture used tattoos known as 'moko' to denote lineage, tribal affiliations, and life story.",
    "retrieved_context": "SAMOAN CULTURE The 'pe'a' is a significant event in Samoan culture, marking a young man's rite of passage into adulthood PE'A. TATTOOS Tattoos in Polynesian cultures signify social status and achievements, showing the cultural significance of tattoos in these societies POLYNESIAN CULTURES. TATTOOS Tattoos in Western societies are used for personal expression, showing the global and timeless appeal of tattoos WESTERN SOCIETIES. TATTOOS Tattoos, or \"moko\", in Maori culture are used to express individual and group identities, highlighting the cultural depth of tattoos MAORI CULTURE. TATTOOS Tattoos have historically been associated with the Yakuza as symbols of loyalty and commitment within the organization YAKUZA. TATTOOS Tattoos are deeply embedded in Japanese culture, evolving from their association with the Yakuza to a broader form of personal and cultural expression JAPANESE CULTURE.",
    "evaluation": 0
  },
  {
    "correct_answer": "Tattoos in contemporary Western societies represent personal identity and self-expression.",
    "retrieved_context": "TATTOOS Tattoos in Polynesian cultures signify social status and achievements, showing the cultural significance of tattoos in these societies POLYNESIAN CULTURES. TATTOOS Tattoos in Western societies are used for personal expression, showing the global and timeless appeal of tattoos WESTERN SOCIETIES. TATTOOS Tattoos, or \"moko\", in Maori culture are used to express individual and group identities, highlighting the cultural depth of tattoos MAORI CULTURE. TATTOOS Tattoos have historically been associated with the Yakuza as symbols of loyalty and commitment within the organization YAKUZA. TATTOOS Tattoos are deeply embedded in Japanese culture, evolving from their association with the Yakuza to a broader form of personal and cultural expression JAPANESE CULTURE. SAMOAN CULTURE The 'pe'a' is a significant event in Samoan culture, marking a young man's rite of passage into adulthood PE'A. AINU PEOPLE Both cultures use tattoos as a means of connecting individuals to their cultural heritage and community SAMOAN CULTURE. SAMOAN CULTURE The 'pe'a' is a significant event in Samoan culture, marking a young man's rite of passage into adulthood PE'A.",
    "evaluation": 1
  },
  {
    "correct_answer": "Tattoos in indigenous cultures connect individuals to their cultural heritage and community traditions.",
    "retrieved_context": "TATTOOS Tattoos in Polynesian cultures signify social status and achievements, showing the cultural significance of tattoos in these societies POLYNESIAN CULTURES. TATTOOS Tattoos in Western societies are used for personal expression, showing the global and timeless appeal of tattoos WESTERN SOCIETIES. TATTOOS Tattoos, or \"moko\", in Maori culture are used to express individual and group identities, highlighting the cultural depth of tattoos MAORI CULTURE. TATTOOS Tattoos have historically been associated with the Yakuza as symbols of loyalty and commitment within the organization YAKUZA. TATTOOS Tattoos are deeply embedded in Japanese culture, evolving from their association with the Yakuza to a broader form of personal and cultural expression JAPANESE CULTURE. SAMOAN CULTURE The 'pe'a' is a significant event in Samoan culture, marking a young man's rite of passage into adulthood PE'A. AINU PEOPLE Both cultures use tattoos as a means of connecting individuals to their cultural heritage and community SAMOAN CULTURE. SAMOAN CULTURE The 'pe'a' is a significant event in Samoan culture, marking a young man's rite of passage into adulthood PE'A.",
    "evaluation": 1
  },
  {
    "correct_answer": "Among the Ainu people of Japan, tattoos symbolize a person's spiritual connection to nature and ancestors.",
    "retrieved_context": "TATTOOS Tattoos in Polynesian cultures signify social status and achievements, showing the cultural significance of tattoos in these societies POLYNESIAN CULTURES. TATTOOS Tattoos in Western societies are used for personal expression, showing the global and timeless appeal of tattoos WESTERN SOCIETIES. TATTOOS Tattoos, or \"moko\", in Maori culture are used to express individual and group identities, highlighting the cultural depth of tattoos MAORI CULTURE. TATTOOS Tattoos have historically been associated with the Yakuza as symbols of loyalty and commitment within the organization YAKUZA. TATTOOS Tattoos are deeply embedded in Japanese culture, evolving from their association with the Yakuza to a broader form of personal and cultural expression JAPANESE CULTURE. AINU PEOPLE Both cultures use tattoos as a means of connecting individuals to their cultural heritage and community SAMOAN CULTURE. SAMOAN CULTURE The 'pe'a' is a significant event in Samoan culture, marking a young man's rite of passage into adulthood PE'A. SAMOAN CULTURE The 'pe'a' is a significant event in Samoan culture, marking a young man's rite of passage into adulthood PE'A.",
    "evaluation": 0
  },
  {
    "correct_answer": "In Samoan culture, tattoos known as 'pe'a' symbolize a rite of passage for young men.",
    "retrieved_context": "SAMOAN CULTURE The 'pe'a' is a significant event in Samoan culture, marking a young man's rite of passage into adulthood PE'A. TATTOOS Tattoos in Polynesian cultures signify social status and achievements, showing the cultural significance of tattoos in these societies POLYNESIAN CULTURES. TATTOOS Tattoos in Western societies are used for personal expression, showing the global and timeless appeal of tattoos WESTERN SOCIETIES. TATTOOS Tattoos, or \"moko\", in Maori culture are used to express individual and group identities, highlighting the cultural depth of tattoos MAORI CULTURE. TATTOOS Tattoos have historically been associated with the Yakuza as symbols of loyalty and commitment within the organization YAKUZA. TATTOOS Tattoos are deeply embedded in Japanese culture, evolving from their association with the Yakuza to a broader form of personal and cultural expression JAPANESE CULTURE. ANCIENT EGYPT Both cultures have historical significance of tattoos in ritual, ceremony, and symbolism JAPANESE MAFIA.",
    "evaluation": 1
  },
  {
    "correct_answer": "Tattoos have been used as a form of ritual and ceremony in many cultures.",
    "retrieved_context": "TATTOOS Tattoos in Polynesian cultures signify social status and achievements, showing the cultural significance of tattoos in these societies POLYNESIAN CULTURES. TATTOOS Tattoos in Western societies are used for personal expression, showing the global and timeless appeal of tattoos WESTERN SOCIETIES. TATTOOS Tattoos, or \"moko\", in Maori culture are used to express individual and group identities, highlighting the cultural depth of tattoos MAORI CULTURE. TATTOOS Tattoos have historically been associated with the Yakuza as symbols of loyalty and commitment within the organization YAKUZA. TATTOOS Tattoos are deeply embedded in Japanese culture, evolving from their association with the Yakuza to a broader form of personal and cultural expression JAPANESE CULTURE. SAMOAN CULTURE The 'pe'a' is a significant event in Samoan culture, marking a young man's rite of passage into adulthood PE'A. ANCIENT EGYPT Both cultures have historical significance of tattoos in ritual, ceremony, and symbolism JAPANESE MAFIA.",
    "evaluation": 1
  },
  {
    "correct_answer": "In ancient Egypt, tattoos were believed to have magical properties and used in religious ceremonies.",
    "retrieved_context": "TATTOOS Tattoos in Polynesian cultures signify social status and achievements, showing the cultural significance of tattoos in these societies POLYNESIAN CULTURES. TATTOOS Tattoos in Western societies are used for personal expression, showing the global and timeless appeal of tattoos WESTERN SOCIETIES. TATTOOS Tattoos, or \"moko\", in Maori culture are used to express individual and group identities, highlighting the cultural depth of tattoos MAORI CULTURE. TATTOOS Tattoos have historically been associated with the Yakuza as symbols of loyalty and commitment within the organization YAKUZA. TATTOOS Tattoos are deeply embedded in Japanese culture, evolving from their association with the Yakuza to a broader form of personal and cultural expression JAPANESE CULTURE. ANCIENT EGYPT Both cultures have historical significance of tattoos in ritual, ceremony, and symbolism JAPANESE MAFIA. SAMOAN CULTURE The 'pe'a' is a significant event in Samoan culture, marking a young man's rite of passage into adulthood PE'A.",
    "evaluation": 0
  },
  {
    "correct_answer": "In traditional Japanese culture, tattoos were associated with the yakuza and symbolized loyalty, courage, and strength.",
    "retrieved_context": "TATTOOS Tattoos in Polynesian cultures signify social status and achievements, showing the cultural significance of tattoos in these societies POLYNESIAN CULTURES. TATTOOS Tattoos in Western societies are used for personal expression, showing the global and timeless appeal of tattoos WESTERN SOCIETIES. TATTOOS Tattoos, or \"moko\", in Maori culture are used to express individual and group identities, highlighting the cultural depth of tattoos MAORI CULTURE. TATTOOS Tattoos have historically been associated with the Yakuza as symbols of loyalty and commitment within the organization YAKUZA. TATTOOS Tattoos are deeply embedded in Japanese culture, evolving from their association with the Yakuza to a broader form of personal and cultural expression JAPANESE CULTURE. SAMOAN CULTURE The 'pe'a' is a significant event in Samoan culture, marking a young man's rite of passage into adulthood PE'A.",
    "evaluation": 1
  },
  {
    "correct_answer": "Tattoos in contemporary society mark significant life events and milestones.",
    "retrieved_context": "TATTOOS Tattoos in Polynesian cultures signify social status and achievements, showing the cultural significance of tattoos in these societies POLYNESIAN CULTURES. TATTOOS Tattoos in Western societies are used for personal expression, showing the global and timeless appeal of tattoos WESTERN SOCIETIES. TATTOOS Tattoos, or \"moko\", in Maori culture are used to express individual and group identities, highlighting the cultural depth of tattoos MAORI CULTURE. TATTOOS Tattoos have historically been associated with the Yakuza as symbols of loyalty and commitment within the organization YAKUZA. TATTOOS Tattoos are deeply embedded in Japanese culture, evolving from their association with the Yakuza to a broader form of personal and cultural expression JAPANESE CULTURE. SAMOAN CULTURE The 'pe'a' is a significant event in Samoan culture, marking a young man's rite of passage into adulthood PE'A. ANCIENT EGYPT Both cultures have historical significance of tattoos in ritual, ceremony, and symbolism JAPANESE MAFIA.",
    "evaluation": 0
  },
  {
    "accuracy": "73.33%"
  }
]