[
  {
    "correct_answer": "Renewable energy sources gaining momentum in recent years",
    "retrieved_context": "PARIS AGREEMENT Governments around the world are influenced by international agreements like the Paris Agreement to implement renewable energy policies GOVERNMENTS. RENEWABLE ENERGY Solar power is a key component of the renewable energy movement, contributing to a more sustainable future SOLAR POWER. BIOENERGY Biomass power plants are a key component of bioenergy, generating electricity from organic materials BIOMASS POWER PLANTS. RENEWABLE ENERGY Renewable energy and smart grid technologies are closely interconnected, with smart grid technologies playing a crucial role in optimizing the use of renewable energy resources. These technologies support the integration of renewable energy into the grid, significantly enhancing energy efficiency and reliability. By leveraging smart grid technologies, the energy sector can better manage and distribute renewable energy, ensuring a more sustainable and stable energy supply. SMART GRID TECHNOLOGIES. RENEWABLE ENERGY Geothermal energy is a reliable and consistent source of renewable energy, capable of providing baseload electricity GEOTHERMAL ENERGY. RENEWABLE ENERGY The Paris Agreement creates a supportive environment for renewable energy deployment PARIS AGREEMENT. RENEWABLE ENERGY Governments implement policies and incentives to support the growth of renewable energy GOVERNMENTS. RENEWABLE ENERGY Solar energy is a key component of renewable energy, utilizing sunlight to generate electricity SOLAR ENERGY. RENEWABLE ENERGY Energy storage is essential for managing the intermittent nature of renewable energy sources like solar and wind ENERGY STORAGE. RENEWABLE ENERGY Wind power is a significant part of the renewable energy sector, offering a clean alternative to fossil fuels WIND POWER. RENEWABLE ENERGY Bioenergy is part of the renewable energy spectrum, providing solutions for electricity, heating, and vehicle fuel BIOENERGY. BIOENERGY Biofuels are a subset of bioenergy, specifically used for powering vehicles and heating BIOFUELS. RENEWABLE ENERGY Renewable energy, with a focus on hydropower, is an established and significant source of electricity generation that emphasizes minimal environmental impact. Hydropower, a key component of renewable energy strategies, harnesses the power of water to produce electricity, providing a substantial and eco-friendly alternative to fossil fuels. This method of generating power is recognized for its efficiency and sustainability, making it a cornerstone in the pursuit of cleaner energy solutions. HYDROPOWER. RENEWABLE ENERGY Wind energy contributes to renewable energy by generating electricity through the movement of air WIND ENERGY.",
    "evaluation": 1
  },
  {
    "correct_answer": "World moving towards a more sustainable and environmentally friendly future",
    "retrieved_context": "PARIS AGREEMENT Governments around the world are influenced by international agreements like the Paris Agreement to implement renewable energy policies GOVERNMENTS. RENEWABLE ENERGY Solar power is a key component of the renewable energy movement, contributing to a more sustainable future SOLAR POWER. BIOENERGY Biomass power plants are a key component of bioenergy, generating electricity from organic materials BIOMASS POWER PLANTS. RENEWABLE ENERGY Renewable energy and smart grid technologies are closely interconnected, with smart grid technologies playing a crucial role in optimizing the use of renewable energy resources. These technologies support the integration of renewable energy into the grid, significantly enhancing energy efficiency and reliability. By leveraging smart grid technologies, the energy sector can better manage and distribute renewable energy, ensuring a more sustainable and stable energy supply. SMART GRID TECHNOLOGIES. RENEWABLE ENERGY Geothermal energy is a reliable and consistent source of renewable energy, capable of providing baseload electricity GEOTHERMAL ENERGY. RENEWABLE ENERGY The Paris Agreement creates a supportive environment for renewable energy deployment PARIS AGREEMENT. RENEWABLE ENERGY Governments implement policies and incentives to support the growth of renewable energy GOVERNMENTS. RENEWABLE ENERGY Solar energy is a key component of renewable energy, utilizing sunlight to generate electricity SOLAR ENERGY. RENEWABLE ENERGY Energy storage is essential for managing the intermittent nature of renewable energy sources like solar and wind ENERGY STORAGE. RENEWABLE ENERGY Wind power is a significant part of the renewable energy sector, offering a clean alternative to fossil fuels WIND POWER. RENEWABLE ENERGY Bioenergy is part of the renewable energy spectrum, providing solutions for electricity, heating, and vehicle fuel BIOENERGY. BIOENERGY Biofuels are a subset of bioenergy, specifically used for powering vehicles and heating BIOFUELS. RENEWABLE ENERGY Renewable energy, with a focus on hydropower, is an established and significant source of electricity generation that emphasizes minimal environmental impact. Hydropower, a key component of renewable energy strategies, harnesses the power of water to produce electricity, providing a substantial and eco-friendly alternative to fossil fuels. This method of generating power is recognized for its efficiency and sustainability, making it a cornerstone in the pursuit of cleaner energy solutions. HYDROPOWER. RENEWABLE ENERGY Wind energy contributes to renewable energy by generating electricity through the movement of air WIND ENERGY. BIOENERGY Biofuels are a subset of bioenergy, specifically used for powering vehicles and heating BIOFUELS. BIOENERGY Biomass power plants are a key component of bioenergy, generating electricity from organic materials BIOMASS POWER PLANTS.",
    "evaluation": 1
  },
  {
    "correct_answer": "Growing concerns over climate change, air pollution, and finite nature of fossil fuels",
    "retrieved_context": "PARIS AGREEMENT Governments around the world are influenced by international agreements like the Paris Agreement to implement renewable energy policies GOVERNMENTS. RENEWABLE ENERGY Solar power is a key component of the renewable energy movement, contributing to a more sustainable future SOLAR POWER. BIOENERGY Biomass power plants are a key component of bioenergy, generating electricity from organic materials BIOMASS POWER PLANTS. RENEWABLE ENERGY Renewable energy and smart grid technologies are closely interconnected, with smart grid technologies playing a crucial role in optimizing the use of renewable energy resources. These technologies support the integration of renewable energy into the grid, significantly enhancing energy efficiency and reliability. By leveraging smart grid technologies, the energy sector can better manage and distribute renewable energy, ensuring a more sustainable and stable energy supply. SMART GRID TECHNOLOGIES. RENEWABLE ENERGY Geothermal energy is a reliable and consistent source of renewable energy, capable of providing baseload electricity GEOTHERMAL ENERGY. RENEWABLE ENERGY The Paris Agreement creates a supportive environment for renewable energy deployment PARIS AGREEMENT. RENEWABLE ENERGY Governments implement policies and incentives to support the growth of renewable energy GOVERNMENTS. RENEWABLE ENERGY Solar energy is a key component of renewable energy, utilizing sunlight to generate electricity SOLAR ENERGY. RENEWABLE ENERGY Energy storage is essential for managing the intermittent nature of renewable energy sources like solar and wind ENERGY STORAGE. RENEWABLE ENERGY Wind power is a significant part of the renewable energy sector, offering a clean alternative to fossil fuels WIND POWER. RENEWABLE ENERGY Bioenergy is part of the renewable energy spectrum, providing solutions for electricity, heating, and vehicle fuel BIOENERGY. BIOENERGY Biofuels are a subset of bioenergy, specifically used for powering vehicles and heating BIOFUELS. RENEWABLE ENERGY Renewable energy, with a focus on hydropower, is an established and significant source of electricity generation that emphasizes minimal environmental impact. Hydropower, a key component of renewable energy strategies, harnesses the power of water to produce electricity, providing a substantial and eco-friendly alternative to fossil fuels. This method of generating power is recognized for its efficiency and sustainability, making it a cornerstone in the pursuit of cleaner energy solutions. HYDROPOWER. RENEWABLE ENERGY Wind energy contributes to renewable energy by generating electricity through the movement of air WIND ENERGY. BIOENERGY Biofuels are a subset of bioenergy, specifically used for powering vehicles and heating BIOFUELS. BIOENERGY Biomass power plants are a key component of bioenergy, generating electricity from organic materials BIOMASS POWER PLANTS.",
    "evaluation": 0
  },
  {
    "correct_answer": "Increased investments and advancements in renewable energy technologies",
    "retrieved_context": "PARIS AGREEMENT Governments around the world are influenced by international agreements like the Paris Agreement to implement renewable energy policies GOVERNMENTS. RENEWABLE ENERGY Solar power is a key component of the renewable energy movement, contributing to a more sustainable future SOLAR POWER. BIOENERGY Biomass power plants are a key component of bioenergy, generating electricity from organic materials BIOMASS POWER PLANTS. RENEWABLE ENERGY Renewable energy and smart grid technologies are closely interconnected, with smart grid technologies playing a crucial role in optimizing the use of renewable energy resources. These technologies support the integration of renewable energy into the grid, significantly enhancing energy efficiency and reliability. By leveraging smart grid technologies, the energy sector can better manage and distribute renewable energy, ensuring a more sustainable and stable energy supply. SMART GRID TECHNOLOGIES. RENEWABLE ENERGY Geothermal energy is a reliable and consistent source of renewable energy, capable of providing baseload electricity GEOTHERMAL ENERGY. RENEWABLE ENERGY The Paris Agreement creates a supportive environment for renewable energy deployment PARIS AGREEMENT. RENEWABLE ENERGY Governments implement policies and incentives to support the growth of renewable energy GOVERNMENTS. RENEWABLE ENERGY Solar energy is a key component of renewable energy, utilizing sunlight to generate electricity SOLAR ENERGY. RENEWABLE ENERGY Energy storage is essential for managing the intermittent nature of renewable energy sources like solar and wind ENERGY STORAGE. RENEWABLE ENERGY Wind power is a significant part of the renewable energy sector, offering a clean alternative to fossil fuels WIND POWER. RENEWABLE ENERGY Bioenergy is part of the renewable energy spectrum, providing solutions for electricity, heating, and vehicle fuel BIOENERGY. BIOENERGY Biofuels are a subset of bioenergy, specifically used for powering vehicles and heating BIOFUELS. RENEWABLE ENERGY Renewable energy, with a focus on hydropower, is an established and significant source of electricity generation that emphasizes minimal environmental impact. Hydropower, a key component of renewable energy strategies, harnesses the power of water to produce electricity, providing a substantial and eco-friendly alternative to fossil fuels. This method of generating power is recognized for its efficiency and sustainability, making it a cornerstone in the pursuit of cleaner energy solutions. HYDROPOWER. RENEWABLE ENERGY Wind energy contributes to renewable energy by generating electricity through the movement of air WIND ENERGY.",
    "evaluation": 0
  },
  {
    "correct_answer": "Solar panels harness energy from the sun and convert it into electricity",
    "retrieved_context": "PARIS AGREEMENT Governments around the world are influenced by international agreements like the Paris Agreement to implement renewable energy policies GOVERNMENTS. RENEWABLE ENERGY Solar power is a key component of the renewable energy movement, contributing to a more sustainable future SOLAR POWER. BIOENERGY Biomass power plants are a key component of bioenergy, generating electricity from organic materials BIOMASS POWER PLANTS. RENEWABLE ENERGY Renewable energy and smart grid technologies are closely interconnected, with smart grid technologies playing a crucial role in optimizing the use of renewable energy resources. These technologies support the integration of renewable energy into the grid, significantly enhancing energy efficiency and reliability. By leveraging smart grid technologies, the energy sector can better manage and distribute renewable energy, ensuring a more sustainable and stable energy supply. SMART GRID TECHNOLOGIES. RENEWABLE ENERGY Geothermal energy is a reliable and consistent source of renewable energy, capable of providing baseload electricity GEOTHERMAL ENERGY. RENEWABLE ENERGY The Paris Agreement creates a supportive environment for renewable energy deployment PARIS AGREEMENT. RENEWABLE ENERGY Governments implement policies and incentives to support the growth of renewable energy GOVERNMENTS. RENEWABLE ENERGY Solar energy is a key component of renewable energy, utilizing sunlight to generate electricity SOLAR ENERGY. RENEWABLE ENERGY Energy storage is essential for managing the intermittent nature of renewable energy sources like solar and wind ENERGY STORAGE. RENEWABLE ENERGY Wind power is a significant part of the renewable energy sector, offering a clean alternative to fossil fuels WIND POWER. RENEWABLE ENERGY Bioenergy is part of the renewable energy spectrum, providing solutions for electricity, heating, and vehicle fuel BIOENERGY. BIOENERGY Biofuels are a subset of bioenergy, specifically used for powering vehicles and heating BIOFUELS. RENEWABLE ENERGY Renewable energy, with a focus on hydropower, is an established and significant source of electricity generation that emphasizes minimal environmental impact. Hydropower, a key component of renewable energy strategies, harnesses the power of water to produce electricity, providing a substantial and eco-friendly alternative to fossil fuels. This method of generating power is recognized for its efficiency and sustainability, making it a cornerstone in the pursuit of cleaner energy solutions. HYDROPOWER. RENEWABLE ENERGY Wind energy contributes to renewable energy by generating electricity through the movement of air WIND ENERGY.",
    "evaluation": 0
  },
  {
    "correct_answer": "Cost of solar panels steadily decreasing over the years",
    "retrieved_context": "PARIS AGREEMENT Governments around the world are influenced by international agreements like the Paris Agreement to implement renewable energy policies GOVERNMENTS. RENEWABLE ENERGY Solar power is a key component of the renewable energy movement, contributing to a more sustainable future SOLAR POWER. BIOENERGY Biomass power plants are a key component of bioenergy, generating electricity from organic materials BIOMASS POWER PLANTS. RENEWABLE ENERGY Renewable energy and smart grid technologies are closely interconnected, with smart grid technologies playing a crucial role in optimizing the use of renewable energy resources. These technologies support the integration of renewable energy into the grid, significantly enhancing energy efficiency and reliability. By leveraging smart grid technologies, the energy sector can better manage and distribute renewable energy, ensuring a more sustainable and stable energy supply. SMART GRID TECHNOLOGIES. RENEWABLE ENERGY Geothermal energy is a reliable and consistent source of renewable energy, capable of providing baseload electricity GEOTHERMAL ENERGY. RENEWABLE ENERGY The Paris Agreement creates a supportive environment for renewable energy deployment PARIS AGREEMENT. RENEWABLE ENERGY Governments implement policies and incentives to support the growth of renewable energy GOVERNMENTS. RENEWABLE ENERGY Solar energy is a key component of renewable energy, utilizing sunlight to generate electricity SOLAR ENERGY. RENEWABLE ENERGY Energy storage is essential for managing the intermittent nature of renewable energy sources like solar and wind ENERGY STORAGE. RENEWABLE ENERGY Wind power is a significant part of the renewable energy sector, offering a clean alternative to fossil fuels WIND POWER. RENEWABLE ENERGY Bioenergy is part of the renewable energy spectrum, providing solutions for electricity, heating, and vehicle fuel BIOENERGY. BIOENERGY Biofuels are a subset of bioenergy, specifically used for powering vehicles and heating BIOFUELS. RENEWABLE ENERGY Renewable energy, with a focus on hydropower, is an established and significant source of electricity generation that emphasizes minimal environmental impact. Hydropower, a key component of renewable energy strategies, harnesses the power of water to produce electricity, providing a substantial and eco-friendly alternative to fossil fuels. This method of generating power is recognized for its efficiency and sustainability, making it a cornerstone in the pursuit of cleaner energy solutions. HYDROPOWER. RENEWABLE ENERGY Wind energy contributes to renewable energy by generating electricity through the movement of air WIND ENERGY.",
    "evaluation": 0
  },
  {
    "correct_answer": "Advancements in solar technology improving efficiency and effectiveness of solar power generation",
    "retrieved_context": "PARIS AGREEMENT Governments around the world are influenced by international agreements like the Paris Agreement to implement renewable energy policies GOVERNMENTS. RENEWABLE ENERGY Solar power is a key component of the renewable energy movement, contributing to a more sustainable future SOLAR POWER. BIOENERGY Biomass power plants are a key component of bioenergy, generating electricity from organic materials BIOMASS POWER PLANTS. RENEWABLE ENERGY Renewable energy and smart grid technologies are closely interconnected, with smart grid technologies playing a crucial role in optimizing the use of renewable energy resources. These technologies support the integration of renewable energy into the grid, significantly enhancing energy efficiency and reliability. By leveraging smart grid technologies, the energy sector can better manage and distribute renewable energy, ensuring a more sustainable and stable energy supply. SMART GRID TECHNOLOGIES. RENEWABLE ENERGY Geothermal energy is a reliable and consistent source of renewable energy, capable of providing baseload electricity GEOTHERMAL ENERGY. RENEWABLE ENERGY The Paris Agreement creates a supportive environment for renewable energy deployment PARIS AGREEMENT. RENEWABLE ENERGY Governments implement policies and incentives to support the growth of renewable energy GOVERNMENTS. RENEWABLE ENERGY Solar energy is a key component of renewable energy, utilizing sunlight to generate electricity SOLAR ENERGY. RENEWABLE ENERGY Energy storage is essential for managing the intermittent nature of renewable energy sources like solar and wind ENERGY STORAGE. RENEWABLE ENERGY Wind power is a significant part of the renewable energy sector, offering a clean alternative to fossil fuels WIND POWER. RENEWABLE ENERGY Bioenergy is part of the renewable energy spectrum, providing solutions for electricity, heating, and vehicle fuel BIOENERGY. BIOENERGY Biofuels are a subset of bioenergy, specifically used for powering vehicles and heating BIOFUELS. RENEWABLE ENERGY Renewable energy, with a focus on hydropower, is an established and significant source of electricity generation that emphasizes minimal environmental impact. Hydropower, a key component of renewable energy strategies, harnesses the power of water to produce electricity, providing a substantial and eco-friendly alternative to fossil fuels. This method of generating power is recognized for its efficiency and sustainability, making it a cornerstone in the pursuit of cleaner energy solutions. HYDROPOWER. RENEWABLE ENERGY Wind energy contributes to renewable energy by generating electricity through the movement of air WIND ENERGY.",
    "evaluation": 0
  },
  {
    "correct_answer": "Wind turbines capture kinetic energy of the wind and convert it into electricity",
    "retrieved_context": "PARIS AGREEMENT Governments around the world are influenced by international agreements like the Paris Agreement to implement renewable energy policies GOVERNMENTS. RENEWABLE ENERGY Solar power is a key component of the renewable energy movement, contributing to a more sustainable future SOLAR POWER. BIOENERGY Biomass power plants are a key component of bioenergy, generating electricity from organic materials BIOMASS POWER PLANTS. RENEWABLE ENERGY Renewable energy and smart grid technologies are closely interconnected, with smart grid technologies playing a crucial role in optimizing the use of renewable energy resources. These technologies support the integration of renewable energy into the grid, significantly enhancing energy efficiency and reliability. By leveraging smart grid technologies, the energy sector can better manage and distribute renewable energy, ensuring a more sustainable and stable energy supply. SMART GRID TECHNOLOGIES. RENEWABLE ENERGY Geothermal energy is a reliable and consistent source of renewable energy, capable of providing baseload electricity GEOTHERMAL ENERGY. RENEWABLE ENERGY The Paris Agreement creates a supportive environment for renewable energy deployment PARIS AGREEMENT. RENEWABLE ENERGY Governments implement policies and incentives to support the growth of renewable energy GOVERNMENTS. RENEWABLE ENERGY Solar energy is a key component of renewable energy, utilizing sunlight to generate electricity SOLAR ENERGY. RENEWABLE ENERGY Energy storage is essential for managing the intermittent nature of renewable energy sources like solar and wind ENERGY STORAGE. RENEWABLE ENERGY Wind power is a significant part of the renewable energy sector, offering a clean alternative to fossil fuels WIND POWER. RENEWABLE ENERGY Bioenergy is part of the renewable energy spectrum, providing solutions for electricity, heating, and vehicle fuel BIOENERGY. BIOENERGY Biofuels are a subset of bioenergy, specifically used for powering vehicles and heating BIOFUELS. RENEWABLE ENERGY Renewable energy, with a focus on hydropower, is an established and significant source of electricity generation that emphasizes minimal environmental impact. Hydropower, a key component of renewable energy strategies, harnesses the power of water to produce electricity, providing a substantial and eco-friendly alternative to fossil fuels. This method of generating power is recognized for its efficiency and sustainability, making it a cornerstone in the pursuit of cleaner energy solutions. HYDROPOWER. RENEWABLE ENERGY Wind energy contributes to renewable energy by generating electricity through the movement of air WIND ENERGY.",
    "evaluation": 0
  },
  {
    "correct_answer": "Wind power growing in popularity as a clean and renewable resource",
    "retrieved_context": "PARIS AGREEMENT Governments around the world are influenced by international agreements like the Paris Agreement to implement renewable energy policies GOVERNMENTS. RENEWABLE ENERGY Solar power is a key component of the renewable energy movement, contributing to a more sustainable future SOLAR POWER. BIOENERGY Biomass power plants are a key component of bioenergy, generating electricity from organic materials BIOMASS POWER PLANTS. RENEWABLE ENERGY Renewable energy and smart grid technologies are closely interconnected, with smart grid technologies playing a crucial role in optimizing the use of renewable energy resources. These technologies support the integration of renewable energy into the grid, significantly enhancing energy efficiency and reliability. By leveraging smart grid technologies, the energy sector can better manage and distribute renewable energy, ensuring a more sustainable and stable energy supply. SMART GRID TECHNOLOGIES. RENEWABLE ENERGY Geothermal energy is a reliable and consistent source of renewable energy, capable of providing baseload electricity GEOTHERMAL ENERGY. RENEWABLE ENERGY The Paris Agreement creates a supportive environment for renewable energy deployment PARIS AGREEMENT. RENEWABLE ENERGY Governments implement policies and incentives to support the growth of renewable energy GOVERNMENTS. RENEWABLE ENERGY Solar energy is a key component of renewable energy, utilizing sunlight to generate electricity SOLAR ENERGY. RENEWABLE ENERGY Energy storage is essential for managing the intermittent nature of renewable energy sources like solar and wind ENERGY STORAGE. RENEWABLE ENERGY Wind power is a significant part of the renewable energy sector, offering a clean alternative to fossil fuels WIND POWER. RENEWABLE ENERGY Bioenergy is part of the renewable energy spectrum, providing solutions for electricity, heating, and vehicle fuel BIOENERGY. BIOENERGY Biofuels are a subset of bioenergy, specifically used for powering vehicles and heating BIOFUELS. RENEWABLE ENERGY Renewable energy, with a focus on hydropower, is an established and significant source of electricity generation that emphasizes minimal environmental impact. Hydropower, a key component of renewable energy strategies, harnesses the power of water to produce electricity, providing a substantial and eco-friendly alternative to fossil fuels. This method of generating power is recognized for its efficiency and sustainability, making it a cornerstone in the pursuit of cleaner energy solutions. HYDROPOWER. RENEWABLE ENERGY Wind energy contributes to renewable energy by generating electricity through the movement of air WIND ENERGY.",
    "evaluation": 0
  },
  {
    "correct_answer": "Hydropower derived from the energy of moving water",
    "retrieved_context": "PARIS AGREEMENT Governments around the world are influenced by international agreements like the Paris Agreement to implement renewable energy policies GOVERNMENTS. RENEWABLE ENERGY Solar power is a key component of the renewable energy movement, contributing to a more sustainable future SOLAR POWER. BIOENERGY Biomass power plants are a key component of bioenergy, generating electricity from organic materials BIOMASS POWER PLANTS. RENEWABLE ENERGY Renewable energy and smart grid technologies are closely interconnected, with smart grid technologies playing a crucial role in optimizing the use of renewable energy resources. These technologies support the integration of renewable energy into the grid, significantly enhancing energy efficiency and reliability. By leveraging smart grid technologies, the energy sector can better manage and distribute renewable energy, ensuring a more sustainable and stable energy supply. SMART GRID TECHNOLOGIES. RENEWABLE ENERGY Geothermal energy is a reliable and consistent source of renewable energy, capable of providing baseload electricity GEOTHERMAL ENERGY. RENEWABLE ENERGY The Paris Agreement creates a supportive environment for renewable energy deployment PARIS AGREEMENT. RENEWABLE ENERGY Governments implement policies and incentives to support the growth of renewable energy GOVERNMENTS. RENEWABLE ENERGY Solar energy is a key component of renewable energy, utilizing sunlight to generate electricity SOLAR ENERGY. RENEWABLE ENERGY Energy storage is essential for managing the intermittent nature of renewable energy sources like solar and wind ENERGY STORAGE. RENEWABLE ENERGY Wind power is a significant part of the renewable energy sector, offering a clean alternative to fossil fuels WIND POWER. RENEWABLE ENERGY Bioenergy is part of the renewable energy spectrum, providing solutions for electricity, heating, and vehicle fuel BIOENERGY. BIOENERGY Biofuels are a subset of bioenergy, specifically used for powering vehicles and heating BIOFUELS. RENEWABLE ENERGY Renewable energy, with a focus on hydropower, is an established and significant source of electricity generation that emphasizes minimal environmental impact. Hydropower, a key component of renewable energy strategies, harnesses the power of water to produce electricity, providing a substantial and eco-friendly alternative to fossil fuels. This method of generating power is recognized for its efficiency and sustainability, making it a cornerstone in the pursuit of cleaner energy solutions. HYDROPOWER. RENEWABLE ENERGY Wind energy contributes to renewable energy by generating electricity through the movement of air WIND ENERGY.",
    "evaluation": 1
  },
  {
    "correct_answer": "Large-scale hydropower plants capable of generating significant amounts of electricity",
    "retrieved_context": "PARIS AGREEMENT Governments around the world are influenced by international agreements like the Paris Agreement to implement renewable energy policies GOVERNMENTS. RENEWABLE ENERGY Solar power is a key component of the renewable energy movement, contributing to a more sustainable future SOLAR POWER. BIOENERGY Biomass power plants are a key component of bioenergy, generating electricity from organic materials BIOMASS POWER PLANTS. RENEWABLE ENERGY Renewable energy and smart grid technologies are closely interconnected, with smart grid technologies playing a crucial role in optimizing the use of renewable energy resources. These technologies support the integration of renewable energy into the grid, significantly enhancing energy efficiency and reliability. By leveraging smart grid technologies, the energy sector can better manage and distribute renewable energy, ensuring a more sustainable and stable energy supply. SMART GRID TECHNOLOGIES. RENEWABLE ENERGY Geothermal energy is a reliable and consistent source of renewable energy, capable of providing baseload electricity GEOTHERMAL ENERGY. RENEWABLE ENERGY The Paris Agreement creates a supportive environment for renewable energy deployment PARIS AGREEMENT. RENEWABLE ENERGY Governments implement policies and incentives to support the growth of renewable energy GOVERNMENTS. RENEWABLE ENERGY Solar energy is a key component of renewable energy, utilizing sunlight to generate electricity SOLAR ENERGY. RENEWABLE ENERGY Energy storage is essential for managing the intermittent nature of renewable energy sources like solar and wind ENERGY STORAGE. RENEWABLE ENERGY Wind power is a significant part of the renewable energy sector, offering a clean alternative to fossil fuels WIND POWER. RENEWABLE ENERGY Bioenergy is part of the renewable energy spectrum, providing solutions for electricity, heating, and vehicle fuel BIOENERGY. BIOENERGY Biofuels are a subset of bioenergy, specifically used for powering vehicles and heating BIOFUELS. RENEWABLE ENERGY Renewable energy, with a focus on hydropower, is an established and significant source of electricity generation that emphasizes minimal environmental impact. Hydropower, a key component of renewable energy strategies, harnesses the power of water to produce electricity, providing a substantial and eco-friendly alternative to fossil fuels. This method of generating power is recognized for its efficiency and sustainability, making it a cornerstone in the pursuit of cleaner energy solutions. HYDROPOWER. RENEWABLE ENERGY Wind energy contributes to renewable energy by generating electricity through the movement of air WIND ENERGY.",
    "evaluation": 0
  },
  {
    "correct_answer": "Bioenergy derived from organic materials such as plants and waste",
    "retrieved_context": "BIOENERGY Biofuels are a subset of bioenergy, specifically used for powering vehicles and heating BIOFUELS. BIOENERGY Biomass power plants are a key component of bioenergy, generating electricity from organic materials BIOMASS POWER PLANTS. PARIS AGREEMENT Governments around the world are influenced by international agreements like the Paris Agreement to implement renewable energy policies GOVERNMENTS. RENEWABLE ENERGY Solar power is a key component of the renewable energy movement, contributing to a more sustainable future SOLAR POWER. BIOENERGY Biomass power plants are a key component of bioenergy, generating electricity from organic materials BIOMASS POWER PLANTS. RENEWABLE ENERGY Renewable energy and smart grid technologies are closely interconnected, with smart grid technologies playing a crucial role in optimizing the use of renewable energy resources. These technologies support the integration of renewable energy into the grid, significantly enhancing energy efficiency and reliability. By leveraging smart grid technologies, the energy sector can better manage and distribute renewable energy, ensuring a more sustainable and stable energy supply. SMART GRID TECHNOLOGIES. RENEWABLE ENERGY Geothermal energy is a reliable and consistent source of renewable energy, capable of providing baseload electricity GEOTHERMAL ENERGY. RENEWABLE ENERGY The Paris Agreement creates a supportive environment for renewable energy deployment PARIS AGREEMENT. RENEWABLE ENERGY Governments implement policies and incentives to support the growth of renewable energy GOVERNMENTS. RENEWABLE ENERGY Solar energy is a key component of renewable energy, utilizing sunlight to generate electricity SOLAR ENERGY. RENEWABLE ENERGY Energy storage is essential for managing the intermittent nature of renewable energy sources like solar and wind ENERGY STORAGE. RENEWABLE ENERGY Wind power is a significant part of the renewable energy sector, offering a clean alternative to fossil fuels WIND POWER. RENEWABLE ENERGY Bioenergy is part of the renewable energy spectrum, providing solutions for electricity, heating, and vehicle fuel BIOENERGY. BIOENERGY Biofuels are a subset of bioenergy, specifically used for powering vehicles and heating BIOFUELS. RENEWABLE ENERGY Renewable energy, with a focus on hydropower, is an established and significant source of electricity generation that emphasizes minimal environmental impact. Hydropower, a key component of renewable energy strategies, harnesses the power of water to produce electricity, providing a substantial and eco-friendly alternative to fossil fuels. This method of generating power is recognized for its efficiency and sustainability, making it a cornerstone in the pursuit of cleaner energy solutions. HYDROPOWER. RENEWABLE ENERGY Wind energy contributes to renewable energy by generating electricity through the movement of air WIND ENERGY.",
    "evaluation": 1
  },
  {
    "correct_answer": "Geothermal energy derived from the heat of the Earth's interior",
    "retrieved_context": "PARIS AGREEMENT Governments around the world are influenced by international agreements like the Paris Agreement to implement renewable energy policies GOVERNMENTS. RENEWABLE ENERGY Solar power is a key component of the renewable energy movement, contributing to a more sustainable future SOLAR POWER. BIOENERGY Biomass power plants are a key component of bioenergy, generating electricity from organic materials BIOMASS POWER PLANTS. RENEWABLE ENERGY Renewable energy and smart grid technologies are closely interconnected, with smart grid technologies playing a crucial role in optimizing the use of renewable energy resources. These technologies support the integration of renewable energy into the grid, significantly enhancing energy efficiency and reliability. By leveraging smart grid technologies, the energy sector can better manage and distribute renewable energy, ensuring a more sustainable and stable energy supply. SMART GRID TECHNOLOGIES. RENEWABLE ENERGY Geothermal energy is a reliable and consistent source of renewable energy, capable of providing baseload electricity GEOTHERMAL ENERGY. RENEWABLE ENERGY The Paris Agreement creates a supportive environment for renewable energy deployment PARIS AGREEMENT. RENEWABLE ENERGY Governments implement policies and incentives to support the growth of renewable energy GOVERNMENTS. RENEWABLE ENERGY Solar energy is a key component of renewable energy, utilizing sunlight to generate electricity SOLAR ENERGY. RENEWABLE ENERGY Energy storage is essential for managing the intermittent nature of renewable energy sources like solar and wind ENERGY STORAGE. RENEWABLE ENERGY Wind power is a significant part of the renewable energy sector, offering a clean alternative to fossil fuels WIND POWER. RENEWABLE ENERGY Bioenergy is part of the renewable energy spectrum, providing solutions for electricity, heating, and vehicle fuel BIOENERGY. BIOENERGY Biofuels are a subset of bioenergy, specifically used for powering vehicles and heating BIOFUELS. RENEWABLE ENERGY Renewable energy, with a focus on hydropower, is an established and significant source of electricity generation that emphasizes minimal environmental impact. Hydropower, a key component of renewable energy strategies, harnesses the power of water to produce electricity, providing a substantial and eco-friendly alternative to fossil fuels. This method of generating power is recognized for its efficiency and sustainability, making it a cornerstone in the pursuit of cleaner energy solutions. HYDROPOWER. RENEWABLE ENERGY Wind energy contributes to renewable energy by generating electricity through the movement of air WIND ENERGY.",
    "evaluation": 0
  },
  {
    "correct_answer": "Ongoing research and development driving innovation and efficiency improvements in renewable energy sources",
    "retrieved_context": "PARIS AGREEMENT Governments around the world are influenced by international agreements like the Paris Agreement to implement renewable energy policies GOVERNMENTS. RENEWABLE ENERGY Solar power is a key component of the renewable energy movement, contributing to a more sustainable future SOLAR POWER. BIOENERGY Biomass power plants are a key component of bioenergy, generating electricity from organic materials BIOMASS POWER PLANTS. RENEWABLE ENERGY Renewable energy and smart grid technologies are closely interconnected, with smart grid technologies playing a crucial role in optimizing the use of renewable energy resources. These technologies support the integration of renewable energy into the grid, significantly enhancing energy efficiency and reliability. By leveraging smart grid technologies, the energy sector can better manage and distribute renewable energy, ensuring a more sustainable and stable energy supply. SMART GRID TECHNOLOGIES. RENEWABLE ENERGY Geothermal energy is a reliable and consistent source of renewable energy, capable of providing baseload electricity GEOTHERMAL ENERGY. RENEWABLE ENERGY The Paris Agreement creates a supportive environment for renewable energy deployment PARIS AGREEMENT. RENEWABLE ENERGY Governments implement policies and incentives to support the growth of renewable energy GOVERNMENTS. RENEWABLE ENERGY Solar energy is a key component of renewable energy, utilizing sunlight to generate electricity SOLAR ENERGY. RENEWABLE ENERGY Energy storage is essential for managing the intermittent nature of renewable energy sources like solar and wind ENERGY STORAGE. RENEWABLE ENERGY Wind power is a significant part of the renewable energy sector, offering a clean alternative to fossil fuels WIND POWER. RENEWABLE ENERGY Bioenergy is part of the renewable energy spectrum, providing solutions for electricity, heating, and vehicle fuel BIOENERGY. BIOENERGY Biofuels are a subset of bioenergy, specifically used for powering vehicles and heating BIOFUELS. RENEWABLE ENERGY Renewable energy, with a focus on hydropower, is an established and significant source of electricity generation that emphasizes minimal environmental impact. Hydropower, a key component of renewable energy strategies, harnesses the power of water to produce electricity, providing a substantial and eco-friendly alternative to fossil fuels. This method of generating power is recognized for its efficiency and sustainability, making it a cornerstone in the pursuit of cleaner energy solutions. HYDROPOWER. RENEWABLE ENERGY Wind energy contributes to renewable energy by generating electricity through the movement of air WIND ENERGY.",
    "evaluation": 0
  },
  {
    "correct_answer": "Policy support and incentives essential for continued growth of renewable energy",
    "retrieved_context": "PARIS AGREEMENT Governments around the world are influenced by international agreements like the Paris Agreement to implement renewable energy policies GOVERNMENTS. RENEWABLE ENERGY Solar power is a key component of the renewable energy movement, contributing to a more sustainable future SOLAR POWER. BIOENERGY Biomass power plants are a key component of bioenergy, generating electricity from organic materials BIOMASS POWER PLANTS. RENEWABLE ENERGY Renewable energy and smart grid technologies are closely interconnected, with smart grid technologies playing a crucial role in optimizing the use of renewable energy resources. These technologies support the integration of renewable energy into the grid, significantly enhancing energy efficiency and reliability. By leveraging smart grid technologies, the energy sector can better manage and distribute renewable energy, ensuring a more sustainable and stable energy supply. SMART GRID TECHNOLOGIES. RENEWABLE ENERGY Geothermal energy is a reliable and consistent source of renewable energy, capable of providing baseload electricity GEOTHERMAL ENERGY. RENEWABLE ENERGY The Paris Agreement creates a supportive environment for renewable energy deployment PARIS AGREEMENT. RENEWABLE ENERGY Governments implement policies and incentives to support the growth of renewable energy GOVERNMENTS. RENEWABLE ENERGY Solar energy is a key component of renewable energy, utilizing sunlight to generate electricity SOLAR ENERGY. RENEWABLE ENERGY Energy storage is essential for managing the intermittent nature of renewable energy sources like solar and wind ENERGY STORAGE. RENEWABLE ENERGY Wind power is a significant part of the renewable energy sector, offering a clean alternative to fossil fuels WIND POWER. RENEWABLE ENERGY Bioenergy is part of the renewable energy spectrum, providing solutions for electricity, heating, and vehicle fuel BIOENERGY. BIOENERGY Biofuels are a subset of bioenergy, specifically used for powering vehicles and heating BIOFUELS. RENEWABLE ENERGY Renewable energy, with a focus on hydropower, is an established and significant source of electricity generation that emphasizes minimal environmental impact. Hydropower, a key component of renewable energy strategies, harnesses the power of water to produce electricity, providing a substantial and eco-friendly alternative to fossil fuels. This method of generating power is recognized for its efficiency and sustainability, making it a cornerstone in the pursuit of cleaner energy solutions. HYDROPOWER. RENEWABLE ENERGY Wind energy contributes to renewable energy by generating electricity through the movement of air WIND ENERGY.",
    "evaluation": 1
  },
  {
    "accuracy": "33.33%"
  }
]