[
  {
    "correct_answer": "AI has rapidly advanced in recent years.",
    "retrieved_context": "AI SYSTEM Users deploy and interact with AI systems, raising questions about their responsibility for the system's mistakes or harm USERS. AI SYSTEM Developers create AI systems, raising questions about their responsibility for the system's mistakes or harm DEVELOPERS. AI SYSTEM Ensuring transparency in AI systems is essential for building trust and accountability in their decisions and processes TRANSPARENCY. AI SYSTEM AI systems' impact on society and individual accountability highlights the need for regulations to govern their use REGULATIONS. REGULATIONS Ethical guidelines and regulations are interconnected in guiding the responsible development and deployment of AI technologies ETHICAL GUIDELINES. TRANSPARENCY Transparency in AI systems is crucial for their acceptance and adoption by society, ensuring that AI technologies are used responsibly SOCIETY. AI SYSTEM The development and deployment of AI systems necessitate the establishment of ethical guidelines to address accountability and ethical dilemmas ETHICAL GUIDELINES. AI SYSTEM The deployment of AI technologies has significant implications for society, including benefits and concerns such as job displacement and inequality SOCIETY. ARTIFICIAL INTELLIGENCE Bias in AI systems is a critical ethical issue that needs addressing to ensure fairness and equity BIAS. ARTIFICIAL INTELLIGENCE Accountability is crucial in AI development to determine responsibility for AI decisions ACCOUNTABILITY. ARTIFICIAL INTELLIGENCE Privacy concerns are a significant ethical dilemma in the development and deployment of AI technologies PRIVACY. TRANSPARENCY Transparency in AI systems is crucial for their acceptance and adoption by society, ensuring that AI technologies are used responsibly SOCIETY.",
    "evaluation": 0
  },
  {
    "correct_answer": "AI has revolutionized various industries and aspects of daily lives.",
    "retrieved_context": "AI SYSTEM Users deploy and interact with AI systems, raising questions about their responsibility for the system's mistakes or harm USERS. AI SYSTEM Developers create AI systems, raising questions about their responsibility for the system's mistakes or harm DEVELOPERS. AI SYSTEM Ensuring transparency in AI systems is essential for building trust and accountability in their decisions and processes TRANSPARENCY. AI SYSTEM AI systems' impact on society and individual accountability highlights the need for regulations to govern their use REGULATIONS. REGULATIONS Ethical guidelines and regulations are interconnected in guiding the responsible development and deployment of AI technologies ETHICAL GUIDELINES. TRANSPARENCY Transparency in AI systems is crucial for their acceptance and adoption by society, ensuring that AI technologies are used responsibly SOCIETY. AI SYSTEM The development and deployment of AI systems necessitate the establishment of ethical guidelines to address accountability and ethical dilemmas ETHICAL GUIDELINES. AI SYSTEM The deployment of AI technologies has significant implications for society, including benefits and concerns such as job displacement and inequality SOCIETY. ARTIFICIAL INTELLIGENCE Bias in AI systems is a critical ethical issue that needs addressing to ensure fairness and equity BIAS. ARTIFICIAL INTELLIGENCE Accountability is crucial in AI development to determine responsibility for AI decisions ACCOUNTABILITY. ARTIFICIAL INTELLIGENCE Privacy concerns are a significant ethical dilemma in the development and deployment of AI technologies PRIVACY. REGULATIONS Ethical guidelines and regulations are interconnected in guiding the responsible development and deployment of AI technologies ETHICAL GUIDELINES.",
    "evaluation": 0
  },
  {
    "correct_answer": "Ethical dilemmas need to be addressed in the development and deployment of AI technologies.",
    "retrieved_context": "AI SYSTEM Users deploy and interact with AI systems, raising questions about their responsibility for the system's mistakes or harm USERS. AI SYSTEM Developers create AI systems, raising questions about their responsibility for the system's mistakes or harm DEVELOPERS. AI SYSTEM Ensuring transparency in AI systems is essential for building trust and accountability in their decisions and processes TRANSPARENCY. AI SYSTEM AI systems' impact on society and individual accountability highlights the need for regulations to govern their use REGULATIONS. REGULATIONS Ethical guidelines and regulations are interconnected in guiding the responsible development and deployment of AI technologies ETHICAL GUIDELINES. TRANSPARENCY Transparency in AI systems is crucial for their acceptance and adoption by society, ensuring that AI technologies are used responsibly SOCIETY. AI SYSTEM The development and deployment of AI systems necessitate the establishment of ethical guidelines to address accountability and ethical dilemmas ETHICAL GUIDELINES. AI SYSTEM The deployment of AI technologies has significant implications for society, including benefits and concerns such as job displacement and inequality SOCIETY. ARTIFICIAL INTELLIGENCE Bias in AI systems is a critical ethical issue that needs addressing to ensure fairness and equity BIAS. ARTIFICIAL INTELLIGENCE Accountability is crucial in AI development to determine responsibility for AI decisions ACCOUNTABILITY. ARTIFICIAL INTELLIGENCE Privacy concerns are a significant ethical dilemma in the development and deployment of AI technologies PRIVACY. REGULATIONS Ethical guidelines and regulations are interconnected in guiding the responsible development and deployment of AI technologies ETHICAL GUIDELINES.",
    "evaluation": 1
  },
  {
    "correct_answer": "Ethical dilemmas stem from concerns about privacy, bias, accountability, transparency, and societal impact.",
    "retrieved_context": "REGULATIONS Ethical guidelines and regulations are interconnected in guiding the responsible development and deployment of AI technologies ETHICAL GUIDELINES. TRANSPARENCY Transparency in AI systems is crucial for their acceptance and adoption by society, ensuring that AI technologies are used responsibly SOCIETY. ARTIFICIAL INTELLIGENCE Bias in AI systems is a critical ethical issue that needs addressing to ensure fairness and equity BIAS. ARTIFICIAL INTELLIGENCE Accountability is crucial in AI development to determine responsibility for AI decisions ACCOUNTABILITY. ARTIFICIAL INTELLIGENCE Privacy concerns are a significant ethical dilemma in the development and deployment of AI technologies PRIVACY.",
    "evaluation": 1
  },
  {
    "correct_answer": "Privacy is a key ethical dilemma in AI development.",
    "retrieved_context": "AI SYSTEM Users deploy and interact with AI systems, raising questions about their responsibility for the system's mistakes or harm USERS. AI SYSTEM Developers create AI systems, raising questions about their responsibility for the system's mistakes or harm DEVELOPERS. AI SYSTEM Ensuring transparency in AI systems is essential for building trust and accountability in their decisions and processes TRANSPARENCY. AI SYSTEM AI systems' impact on society and individual accountability highlights the need for regulations to govern their use REGULATIONS. REGULATIONS Ethical guidelines and regulations are interconnected in guiding the responsible development and deployment of AI technologies ETHICAL GUIDELINES. TRANSPARENCY Transparency in AI systems is crucial for their acceptance and adoption by society, ensuring that AI technologies are used responsibly SOCIETY. AI SYSTEM The development and deployment of AI systems necessitate the establishment of ethical guidelines to address accountability and ethical dilemmas ETHICAL GUIDELINES. AI SYSTEM The deployment of AI technologies has significant implications for society, including benefits and concerns such as job displacement and inequality SOCIETY. ARTIFICIAL INTELLIGENCE Bias in AI systems is a critical ethical issue that needs addressing to ensure fairness and equity BIAS. ARTIFICIAL INTELLIGENCE Accountability is crucial in AI development to determine responsibility for AI decisions ACCOUNTABILITY. ARTIFICIAL INTELLIGENCE Privacy concerns are a significant ethical dilemma in the development and deployment of AI technologies PRIVACY. REGULATIONS Ethical guidelines and regulations are interconnected in guiding the responsible development and deployment of AI technologies ETHICAL GUIDELINES. TRANSPARENCY Transparency in AI systems is crucial for their acceptance and adoption by society, ensuring that AI technologies are used responsibly SOCIETY.",
    "evaluation": 1
  },
  {
    "correct_answer": "Concerns arise about the use of data and potential privacy violations.",
    "retrieved_context": "REGULATIONS Ethical guidelines and regulations are interconnected in guiding the responsible development and deployment of AI technologies ETHICAL GUIDELINES. TRANSPARENCY Transparency in AI systems is crucial for their acceptance and adoption by society, ensuring that AI technologies are used responsibly SOCIETY.",
    "evaluation": 0
  },
  {
    "correct_answer": "Facial recognition technology raises questions about privacy and abuse of power.",
    "retrieved_context": "TRANSPARENCY Transparency in AI systems is crucial for their acceptance and adoption by society, ensuring that AI technologies are used responsibly SOCIETY. REGULATIONS Ethical guidelines and regulations are interconnected in guiding the responsible development and deployment of AI technologies ETHICAL GUIDELINES. ARTIFICIAL INTELLIGENCE Bias in AI systems is a critical ethical issue that needs addressing to ensure fairness and equity BIAS. ARTIFICIAL INTELLIGENCE Accountability is crucial in AI development to determine responsibility for AI decisions ACCOUNTABILITY. ARTIFICIAL INTELLIGENCE Privacy concerns are a significant ethical dilemma in the development and deployment of AI technologies PRIVACY.",
    "evaluation": 0
  },
  {
    "correct_answer": "Bias is another ethical dilemma in AI development.",
    "retrieved_context": "ARTIFICIAL INTELLIGENCE Bias in AI systems is a critical ethical issue that needs addressing to ensure fairness and equity BIAS. ARTIFICIAL INTELLIGENCE Accountability is crucial in AI development to determine responsibility for AI decisions ACCOUNTABILITY. ARTIFICIAL INTELLIGENCE Privacy concerns are a significant ethical dilemma in the development and deployment of AI technologies PRIVACY. AI SYSTEM Users deploy and interact with AI systems, raising questions about their responsibility for the system's mistakes or harm USERS. AI SYSTEM Developers create AI systems, raising questions about their responsibility for the system's mistakes or harm DEVELOPERS. AI SYSTEM Ensuring transparency in AI systems is essential for building trust and accountability in their decisions and processes TRANSPARENCY. AI SYSTEM AI systems' impact on society and individual accountability highlights the need for regulations to govern their use REGULATIONS. REGULATIONS Ethical guidelines and regulations are interconnected in guiding the responsible development and deployment of AI technologies ETHICAL GUIDELINES. TRANSPARENCY Transparency in AI systems is crucial for their acceptance and adoption by society, ensuring that AI technologies are used responsibly SOCIETY. AI SYSTEM The development and deployment of AI systems necessitate the establishment of ethical guidelines to address accountability and ethical dilemmas ETHICAL GUIDELINES. AI SYSTEM The deployment of AI technologies has significant implications for society, including benefits and concerns such as job displacement and inequality SOCIETY. REGULATIONS Ethical guidelines and regulations are interconnected in guiding the responsible development and deployment of AI technologies ETHICAL GUIDELINES.",
    "evaluation": 1
  },
  {
    "correct_answer": "Biased data can lead to discriminatory outcomes in AI systems.",
    "retrieved_context": "AI SYSTEM Users deploy and interact with AI systems, raising questions about their responsibility for the system's mistakes or harm USERS. AI SYSTEM Developers create AI systems, raising questions about their responsibility for the system's mistakes or harm DEVELOPERS. AI SYSTEM Ensuring transparency in AI systems is essential for building trust and accountability in their decisions and processes TRANSPARENCY. AI SYSTEM AI systems' impact on society and individual accountability highlights the need for regulations to govern their use REGULATIONS. REGULATIONS Ethical guidelines and regulations are interconnected in guiding the responsible development and deployment of AI technologies ETHICAL GUIDELINES. TRANSPARENCY Transparency in AI systems is crucial for their acceptance and adoption by society, ensuring that AI technologies are used responsibly SOCIETY. AI SYSTEM The development and deployment of AI systems necessitate the establishment of ethical guidelines to address accountability and ethical dilemmas ETHICAL GUIDELINES. AI SYSTEM The deployment of AI technologies has significant implications for society, including benefits and concerns such as job displacement and inequality SOCIETY. ARTIFICIAL INTELLIGENCE Bias in AI systems is a critical ethical issue that needs addressing to ensure fairness and equity BIAS. ARTIFICIAL INTELLIGENCE Accountability is crucial in AI development to determine responsibility for AI decisions ACCOUNTABILITY. ARTIFICIAL INTELLIGENCE Privacy concerns are a significant ethical dilemma in the development and deployment of AI technologies PRIVACY. REGULATIONS Ethical guidelines and regulations are interconnected in guiding the responsible development and deployment of AI technologies ETHICAL GUIDELINES. TRANSPARENCY Transparency in AI systems is crucial for their acceptance and adoption by society, ensuring that AI technologies are used responsibly SOCIETY.",
    "evaluation": 0
  },
  {
    "correct_answer": "Addressing bias is crucial for fairness and equity in decision-making.",
    "retrieved_context": "ARTIFICIAL INTELLIGENCE Bias in AI systems is a critical ethical issue that needs addressing to ensure fairness and equity BIAS. ARTIFICIAL INTELLIGENCE Accountability is crucial in AI development to determine responsibility for AI decisions ACCOUNTABILITY. ARTIFICIAL INTELLIGENCE Privacy concerns are a significant ethical dilemma in the development and deployment of AI technologies PRIVACY. REGULATIONS Ethical guidelines and regulations are interconnected in guiding the responsible development and deployment of AI technologies ETHICAL GUIDELINES. TRANSPARENCY Transparency in AI systems is crucial for their acceptance and adoption by society, ensuring that AI technologies are used responsibly SOCIETY.",
    "evaluation": 1
  },
  {
    "correct_answer": "Accountability is an ethical dilemma in AI development.",
    "retrieved_context": "AI SYSTEM Users deploy and interact with AI systems, raising questions about their responsibility for the system's mistakes or harm USERS. AI SYSTEM Developers create AI systems, raising questions about their responsibility for the system's mistakes or harm DEVELOPERS. AI SYSTEM Ensuring transparency in AI systems is essential for building trust and accountability in their decisions and processes TRANSPARENCY. AI SYSTEM AI systems' impact on society and individual accountability highlights the need for regulations to govern their use REGULATIONS. REGULATIONS Ethical guidelines and regulations are interconnected in guiding the responsible development and deployment of AI technologies ETHICAL GUIDELINES. TRANSPARENCY Transparency in AI systems is crucial for their acceptance and adoption by society, ensuring that AI technologies are used responsibly SOCIETY. AI SYSTEM The development and deployment of AI systems necessitate the establishment of ethical guidelines to address accountability and ethical dilemmas ETHICAL GUIDELINES. AI SYSTEM The deployment of AI technologies has significant implications for society, including benefits and concerns such as job displacement and inequality SOCIETY. ARTIFICIAL INTELLIGENCE Bias in AI systems is a critical ethical issue that needs addressing to ensure fairness and equity BIAS. ARTIFICIAL INTELLIGENCE Accountability is crucial in AI development to determine responsibility for AI decisions ACCOUNTABILITY. ARTIFICIAL INTELLIGENCE Privacy concerns are a significant ethical dilemma in the development and deployment of AI technologies PRIVACY. REGULATIONS Ethical guidelines and regulations are interconnected in guiding the responsible development and deployment of AI technologies ETHICAL GUIDELINES.",
    "evaluation": 1
  },
  {
    "correct_answer": "Establishing clear lines of accountability is crucial as AI systems become more autonomous.",
    "retrieved_context": "AI SYSTEM Users deploy and interact with AI systems, raising questions about their responsibility for the system's mistakes or harm USERS. AI SYSTEM Developers create AI systems, raising questions about their responsibility for the system's mistakes or harm DEVELOPERS. AI SYSTEM Ensuring transparency in AI systems is essential for building trust and accountability in their decisions and processes TRANSPARENCY. AI SYSTEM AI systems' impact on society and individual accountability highlights the need for regulations to govern their use REGULATIONS. REGULATIONS Ethical guidelines and regulations are interconnected in guiding the responsible development and deployment of AI technologies ETHICAL GUIDELINES. TRANSPARENCY Transparency in AI systems is crucial for their acceptance and adoption by society, ensuring that AI technologies are used responsibly SOCIETY. AI SYSTEM The development and deployment of AI systems necessitate the establishment of ethical guidelines to address accountability and ethical dilemmas ETHICAL GUIDELINES. AI SYSTEM The deployment of AI technologies has significant implications for society, including benefits and concerns such as job displacement and inequality SOCIETY. ARTIFICIAL INTELLIGENCE Bias in AI systems is a critical ethical issue that needs addressing to ensure fairness and equity BIAS. ARTIFICIAL INTELLIGENCE Accountability is crucial in AI development to determine responsibility for AI decisions ACCOUNTABILITY. ARTIFICIAL INTELLIGENCE Privacy concerns are a significant ethical dilemma in the development and deployment of AI technologies PRIVACY. TRANSPARENCY Transparency in AI systems is crucial for their acceptance and adoption by society, ensuring that AI technologies are used responsibly SOCIETY.",
    "evaluation": 1
  },
  {
    "correct_answer": "Transparency is a significant ethical dilemma in AI development.",
    "retrieved_context": "TRANSPARENCY Transparency in AI systems is crucial for their acceptance and adoption by society, ensuring that AI technologies are used responsibly SOCIETY. AI SYSTEM Users deploy and interact with AI systems, raising questions about their responsibility for the system's mistakes or harm USERS. AI SYSTEM Developers create AI systems, raising questions about their responsibility for the system's mistakes or harm DEVELOPERS. AI SYSTEM Ensuring transparency in AI systems is essential for building trust and accountability in their decisions and processes TRANSPARENCY. AI SYSTEM AI systems' impact on society and individual accountability highlights the need for regulations to govern their use REGULATIONS. REGULATIONS Ethical guidelines and regulations are interconnected in guiding the responsible development and deployment of AI technologies ETHICAL GUIDELINES. TRANSPARENCY Transparency in AI systems is crucial for their acceptance and adoption by society, ensuring that AI technologies are used responsibly SOCIETY. AI SYSTEM The development and deployment of AI systems necessitate the establishment of ethical guidelines to address accountability and ethical dilemmas ETHICAL GUIDELINES. AI SYSTEM The deployment of AI technologies has significant implications for society, including benefits and concerns such as job displacement and inequality SOCIETY. ARTIFICIAL INTELLIGENCE Bias in AI systems is a critical ethical issue that needs addressing to ensure fairness and equity BIAS. ARTIFICIAL INTELLIGENCE Accountability is crucial in AI development to determine responsibility for AI decisions ACCOUNTABILITY. ARTIFICIAL INTELLIGENCE Privacy concerns are a significant ethical dilemma in the development and deployment of AI technologies PRIVACY. REGULATIONS Ethical guidelines and regulations are interconnected in guiding the responsible development and deployment of AI technologies ETHICAL GUIDELINES.",
    "evaluation": 0
  },
  {
    "correct_answer": "Lack of transparency can lead to distrust in AI systems.",
    "retrieved_context": "AI SYSTEM Users deploy and interact with AI systems, raising questions about their responsibility for the system's mistakes or harm USERS. AI SYSTEM Developers create AI systems, raising questions about their responsibility for the system's mistakes or harm DEVELOPERS. AI SYSTEM Ensuring transparency in AI systems is essential for building trust and accountability in their decisions and processes TRANSPARENCY. AI SYSTEM AI systems' impact on society and individual accountability highlights the need for regulations to govern their use REGULATIONS. REGULATIONS Ethical guidelines and regulations are interconnected in guiding the responsible development and deployment of AI technologies ETHICAL GUIDELINES. TRANSPARENCY Transparency in AI systems is crucial for their acceptance and adoption by society, ensuring that AI technologies are used responsibly SOCIETY. AI SYSTEM The development and deployment of AI systems necessitate the establishment of ethical guidelines to address accountability and ethical dilemmas ETHICAL GUIDELINES. AI SYSTEM The deployment of AI technologies has significant implications for society, including benefits and concerns such as job displacement and inequality SOCIETY. ARTIFICIAL INTELLIGENCE Bias in AI systems is a critical ethical issue that needs addressing to ensure fairness and equity BIAS. ARTIFICIAL INTELLIGENCE Accountability is crucial in AI development to determine responsibility for AI decisions ACCOUNTABILITY. ARTIFICIAL INTELLIGENCE Privacy concerns are a significant ethical dilemma in the development and deployment of AI technologies PRIVACY. TRANSPARENCY Transparency in AI systems is crucial for their acceptance and adoption by society, ensuring that AI technologies are used responsibly SOCIETY.",
    "evaluation": 1
  },
  {
    "correct_answer": "Ensuring transparency is essential for building trust and accountability.",
    "retrieved_context": "TRANSPARENCY Transparency in AI systems is crucial for their acceptance and adoption by society, ensuring that AI technologies are used responsibly SOCIETY. REGULATIONS Ethical guidelines and regulations are interconnected in guiding the responsible development and deployment of AI technologies ETHICAL GUIDELINES. ARTIFICIAL INTELLIGENCE Bias in AI systems is a critical ethical issue that needs addressing to ensure fairness and equity BIAS. ARTIFICIAL INTELLIGENCE Accountability is crucial in AI development to determine responsibility for AI decisions ACCOUNTABILITY. ARTIFICIAL INTELLIGENCE Privacy concerns are a significant ethical dilemma in the development and deployment of AI technologies PRIVACY.",
    "evaluation": 1
  },
  {
    "accuracy": "60.00%"
  }
]