[
  {
    "correct_answer": "Pirates captured the imagination of people for centuries.",
    "retrieved_context": "CAPTAIN KIDD Captain Kidd was active in the Atlantic Ocean ATLANTIC OCEAN. GOLDEN AGE OF PIRACY Blackbeard was a prominent figure during the Golden Age of Piracy BLACKBEARD. GOLDEN AGE OF PIRACY The decline of the Golden Age of Piracy was influenced by Britain's crackdown on piracy BRITAIN. GOLDEN AGE OF PIRACY Calico Jack was known for his piracy during the Golden Age of Piracy CALICO JACK. BLACKBEARD Blackbeard terrorized the waters of the Caribbean CARIBBEAN. CALICO JACK Calico Jack operated in the Caribbean region CARIBBEAN. GOLDEN AGE OF PIRACY Captain Kidd was active during the Golden Age of Piracy CAPTAIN KIDD. GOLDEN AGE OF PIRACY The decline of the Golden Age of Piracy was influenced by France's efforts against piracy FRANCE. PIRATES Pirates operated with relative impunity in the Caribbean, especially during the Golden Age of Piracy. This region became a major area of activity for them, exploiting the power vacuum left by the declining Spanish Empire. The Caribbean's strategic location and the wealth generated from its colonies made it an attractive target for pirates seeking to capitalize on the lack of strong naval presence. This period marked a significant chapter in the history of the Caribbean, as pirates became an integral part of the maritime culture and economy. CARIBBEAN. CARIBBEAN The decline of the Spanish Empire led to a power vacuum in the Caribbean, facilitating the rise of piracy SPANISH EMPIRE. CARIBBEAN Britain was involved in anti-piracy efforts in the Caribbean BRITAIN. PIRATES Pirates and the Pirate Code were intrinsically linked, with the latter serving as a set of guidelines that governed the conduct of pirate crews. This code was crucial in ensuring fairness and order among crew members, thereby maintaining discipline and a semblance of order within the inherently chaotic lifestyle of piracy. Both descriptions emphasize the importance of the Pirate Code in regulating the behavior of pirates, highlighting its role in upholding order and discipline among the crew members. PIRATE CODE. PIRATES Tortuga, during the Golden Age of Piracy, served as a significant stronghold for pirates. It was established as a safe haven where pirates could gather and plan their operations without fear of retribution from the authorities. This island became synonymous with pirate activities, offering a secure base for these seafarers to regroup, share their plunder, and strategize for future endeavors. Tortuga's reputation as a pirate stronghold highlights its crucial role in the history of piracy, providing a unique community for pirates to thrive and conduct their affairs with relative impunity. TORTUGA. CARIBBEAN France participated in anti-piracy operations in the Caribbean alongside Britain FRANCE. PIRATES Pirates also terrorized the waters of the Atlantic Ocean, attacking ships and coastal areas ATLANTIC OCEAN. PIRATES Nassau was a significant pirate base and a key location for pirate operations during the Golden Age of Piracy. This period was marked by the prevalence of piracy in maritime regions, with Nassau being central to these activities. The city's strategic position made it an ideal spot for pirates to launch their operations, contributing to its reputation and history intertwined with piracy. NASSAU. MEDITERRANEAN Barbary Pirates raided ships and coastal towns in the Mediterranean BARBARY PIRATES. PIRATES Pirates preyed on Spanish treasure ships and plundered coastal settlements due to the decline of the Spanish Empire SPANISH EMPIRE. PIRATES Pirates, including the Barbary Pirates, were active in the Mediterranean region across different time periods MEDITERRANEAN. BARBARY PIRATES The Barbary Pirates operated out of North Africa NORTH AFRICA. ANTI-PIRACY LAWS Anti-piracy laws were introduced to penalize piracy offenses and reduce pirate activity PIRACY OFFENSES. ANTI-PIRACY LAWS European powers enacted anti-piracy laws to legally combat piracy and impose penalties on piracy offenses EUROPEAN POWERS. SEA PEOPLES The Sea Peoples were active pirates in the Mediterranean region MEDITERRANEAN. MEDITERRANEAN Barbary Pirates raided ships and coastal towns in the Mediterranean BARBARY PIRATES. NAVAL PATROLS European powers, including Britain and France, deployed naval patrols as part of their efforts to crack down on piracy EUROPEAN POWERS.",
    "evaluation": 0
  },
  {
    "correct_answer": "Pirate activity dates back to the 14th century BC.",
    "retrieved_context": "CAPTAIN KIDD Captain Kidd was active in the Atlantic Ocean ATLANTIC OCEAN. GOLDEN AGE OF PIRACY Blackbeard was a prominent figure during the Golden Age of Piracy BLACKBEARD. GOLDEN AGE OF PIRACY The decline of the Golden Age of Piracy was influenced by Britain's crackdown on piracy BRITAIN. GOLDEN AGE OF PIRACY Calico Jack was known for his piracy during the Golden Age of Piracy CALICO JACK. BLACKBEARD Blackbeard terrorized the waters of the Caribbean CARIBBEAN. CALICO JACK Calico Jack operated in the Caribbean region CARIBBEAN. GOLDEN AGE OF PIRACY Captain Kidd was active during the Golden Age of Piracy CAPTAIN KIDD. GOLDEN AGE OF PIRACY The decline of the Golden Age of Piracy was influenced by France's efforts against piracy FRANCE. PIRATES Pirates operated with relative impunity in the Caribbean, especially during the Golden Age of Piracy. This region became a major area of activity for them, exploiting the power vacuum left by the declining Spanish Empire. The Caribbean's strategic location and the wealth generated from its colonies made it an attractive target for pirates seeking to capitalize on the lack of strong naval presence. This period marked a significant chapter in the history of the Caribbean, as pirates became an integral part of the maritime culture and economy. CARIBBEAN. CARIBBEAN The decline of the Spanish Empire led to a power vacuum in the Caribbean, facilitating the rise of piracy SPANISH EMPIRE. CARIBBEAN Britain was involved in anti-piracy efforts in the Caribbean BRITAIN. PIRATES Pirates and the Pirate Code were intrinsically linked, with the latter serving as a set of guidelines that governed the conduct of pirate crews. This code was crucial in ensuring fairness and order among crew members, thereby maintaining discipline and a semblance of order within the inherently chaotic lifestyle of piracy. Both descriptions emphasize the importance of the Pirate Code in regulating the behavior of pirates, highlighting its role in upholding order and discipline among the crew members. PIRATE CODE. PIRATES Tortuga, during the Golden Age of Piracy, served as a significant stronghold for pirates. It was established as a safe haven where pirates could gather and plan their operations without fear of retribution from the authorities. This island became synonymous with pirate activities, offering a secure base for these seafarers to regroup, share their plunder, and strategize for future endeavors. Tortuga's reputation as a pirate stronghold highlights its crucial role in the history of piracy, providing a unique community for pirates to thrive and conduct their affairs with relative impunity. TORTUGA. CARIBBEAN France participated in anti-piracy operations in the Caribbean alongside Britain FRANCE. PIRATES Pirates also terrorized the waters of the Atlantic Ocean, attacking ships and coastal areas ATLANTIC OCEAN. PIRATES Nassau was a significant pirate base and a key location for pirate operations during the Golden Age of Piracy. This period was marked by the prevalence of piracy in maritime regions, with Nassau being central to these activities. The city's strategic position made it an ideal spot for pirates to launch their operations, contributing to its reputation and history intertwined with piracy. NASSAU. MEDITERRANEAN Barbary Pirates raided ships and coastal towns in the Mediterranean BARBARY PIRATES. PIRATES Pirates preyed on Spanish treasure ships and plundered coastal settlements due to the decline of the Spanish Empire SPANISH EMPIRE. PIRATES Pirates, including the Barbary Pirates, were active in the Mediterranean region across different time periods MEDITERRANEAN. BARBARY PIRATES The Barbary Pirates operated out of North Africa NORTH AFRICA. ANTI-PIRACY LAWS Anti-piracy laws were introduced to penalize piracy offenses and reduce pirate activity PIRACY OFFENSES. ANTI-PIRACY LAWS European powers enacted anti-piracy laws to legally combat piracy and impose penalties on piracy offenses EUROPEAN POWERS. NAVAL PATROLS European powers, including Britain and France, deployed naval patrols as part of their efforts to crack down on piracy EUROPEAN POWERS. CARIBBEAN Britain was involved in anti-piracy efforts in the Caribbean BRITAIN. CARIBBEAN France participated in anti-piracy operations in the Caribbean alongside Britain FRANCE. CARIBBEAN The decline of the Spanish Empire led to a power vacuum in the Caribbean, facilitating the rise of piracy SPANISH EMPIRE.",
    "evaluation": 0
  },
  {
    "correct_answer": "The Sea Peoples were among the earliest known pirates.",
    "retrieved_context": "SEA PEOPLES The Sea Peoples were active pirates in the Mediterranean region MEDITERRANEAN. MEDITERRANEAN Barbary Pirates raided ships and coastal towns in the Mediterranean BARBARY PIRATES. PIRATES Pirates operated with relative impunity in the Caribbean, especially during the Golden Age of Piracy. This region became a major area of activity for them, exploiting the power vacuum left by the declining Spanish Empire. The Caribbean's strategic location and the wealth generated from its colonies made it an attractive target for pirates seeking to capitalize on the lack of strong naval presence. This period marked a significant chapter in the history of the Caribbean, as pirates became an integral part of the maritime culture and economy. CARIBBEAN. CARIBBEAN The decline of the Spanish Empire led to a power vacuum in the Caribbean, facilitating the rise of piracy SPANISH EMPIRE. CARIBBEAN Britain was involved in anti-piracy efforts in the Caribbean BRITAIN. PIRATES Pirates and the Pirate Code were intrinsically linked, with the latter serving as a set of guidelines that governed the conduct of pirate crews. This code was crucial in ensuring fairness and order among crew members, thereby maintaining discipline and a semblance of order within the inherently chaotic lifestyle of piracy. Both descriptions emphasize the importance of the Pirate Code in regulating the behavior of pirates, highlighting its role in upholding order and discipline among the crew members. PIRATE CODE. PIRATES Tortuga, during the Golden Age of Piracy, served as a significant stronghold for pirates. It was established as a safe haven where pirates could gather and plan their operations without fear of retribution from the authorities. This island became synonymous with pirate activities, offering a secure base for these seafarers to regroup, share their plunder, and strategize for future endeavors. Tortuga's reputation as a pirate stronghold highlights its crucial role in the history of piracy, providing a unique community for pirates to thrive and conduct their affairs with relative impunity. TORTUGA. CARIBBEAN France participated in anti-piracy operations in the Caribbean alongside Britain FRANCE. PIRATES Pirates also terrorized the waters of the Atlantic Ocean, attacking ships and coastal areas ATLANTIC OCEAN. PIRATES Nassau was a significant pirate base and a key location for pirate operations during the Golden Age of Piracy. This period was marked by the prevalence of piracy in maritime regions, with Nassau being central to these activities. The city's strategic position made it an ideal spot for pirates to launch their operations, contributing to its reputation and history intertwined with piracy. NASSAU. MEDITERRANEAN Barbary Pirates raided ships and coastal towns in the Mediterranean BARBARY PIRATES. PIRATES Pirates preyed on Spanish treasure ships and plundered coastal settlements due to the decline of the Spanish Empire SPANISH EMPIRE. PIRATES Pirates, including the Barbary Pirates, were active in the Mediterranean region across different time periods MEDITERRANEAN. BARBARY PIRATES The Barbary Pirates operated out of North Africa NORTH AFRICA. CAPTAIN KIDD Captain Kidd was active in the Atlantic Ocean ATLANTIC OCEAN. GOLDEN AGE OF PIRACY Blackbeard was a prominent figure during the Golden Age of Piracy BLACKBEARD. GOLDEN AGE OF PIRACY The decline of the Golden Age of Piracy was influenced by Britain's crackdown on piracy BRITAIN. GOLDEN AGE OF PIRACY Calico Jack was known for his piracy during the Golden Age of Piracy CALICO JACK. BLACKBEARD Blackbeard terrorized the waters of the Caribbean CARIBBEAN. CALICO JACK Calico Jack operated in the Caribbean region CARIBBEAN. GOLDEN AGE OF PIRACY Captain Kidd was active during the Golden Age of Piracy CAPTAIN KIDD. GOLDEN AGE OF PIRACY The decline of the Golden Age of Piracy was influenced by France's efforts against piracy FRANCE. ANTI-PIRACY LAWS Anti-piracy laws were introduced to penalize piracy offenses and reduce pirate activity PIRACY OFFENSES. ANTI-PIRACY LAWS European powers enacted anti-piracy laws to legally combat piracy and impose penalties on piracy offenses EUROPEAN POWERS. NAVAL PATROLS European powers, including Britain and France, deployed naval patrols as part of their efforts to crack down on piracy EUROPEAN POWERS.",
    "evaluation": 0
  },
  {
    "correct_answer": "Barbary pirates operated out of North Africa.",
    "retrieved_context": "BARBARY PIRATES The Barbary Pirates operated out of North Africa NORTH AFRICA. PIRATES Pirates operated with relative impunity in the Caribbean, especially during the Golden Age of Piracy. This region became a major area of activity for them, exploiting the power vacuum left by the declining Spanish Empire. The Caribbean's strategic location and the wealth generated from its colonies made it an attractive target for pirates seeking to capitalize on the lack of strong naval presence. This period marked a significant chapter in the history of the Caribbean, as pirates became an integral part of the maritime culture and economy. CARIBBEAN. CARIBBEAN The decline of the Spanish Empire led to a power vacuum in the Caribbean, facilitating the rise of piracy SPANISH EMPIRE. CARIBBEAN Britain was involved in anti-piracy efforts in the Caribbean BRITAIN. PIRATES Pirates and the Pirate Code were intrinsically linked, with the latter serving as a set of guidelines that governed the conduct of pirate crews. This code was crucial in ensuring fairness and order among crew members, thereby maintaining discipline and a semblance of order within the inherently chaotic lifestyle of piracy. Both descriptions emphasize the importance of the Pirate Code in regulating the behavior of pirates, highlighting its role in upholding order and discipline among the crew members. PIRATE CODE. PIRATES Tortuga, during the Golden Age of Piracy, served as a significant stronghold for pirates. It was established as a safe haven where pirates could gather and plan their operations without fear of retribution from the authorities. This island became synonymous with pirate activities, offering a secure base for these seafarers to regroup, share their plunder, and strategize for future endeavors. Tortuga's reputation as a pirate stronghold highlights its crucial role in the history of piracy, providing a unique community for pirates to thrive and conduct their affairs with relative impunity. TORTUGA. CARIBBEAN France participated in anti-piracy operations in the Caribbean alongside Britain FRANCE. PIRATES Pirates also terrorized the waters of the Atlantic Ocean, attacking ships and coastal areas ATLANTIC OCEAN. PIRATES Nassau was a significant pirate base and a key location for pirate operations during the Golden Age of Piracy. This period was marked by the prevalence of piracy in maritime regions, with Nassau being central to these activities. The city's strategic position made it an ideal spot for pirates to launch their operations, contributing to its reputation and history intertwined with piracy. NASSAU. MEDITERRANEAN Barbary Pirates raided ships and coastal towns in the Mediterranean BARBARY PIRATES. PIRATES Pirates preyed on Spanish treasure ships and plundered coastal settlements due to the decline of the Spanish Empire SPANISH EMPIRE. PIRATES Pirates, including the Barbary Pirates, were active in the Mediterranean region across different time periods MEDITERRANEAN. CAPTAIN KIDD Captain Kidd was active in the Atlantic Ocean ATLANTIC OCEAN. GOLDEN AGE OF PIRACY Blackbeard was a prominent figure during the Golden Age of Piracy BLACKBEARD. GOLDEN AGE OF PIRACY The decline of the Golden Age of Piracy was influenced by Britain's crackdown on piracy BRITAIN. GOLDEN AGE OF PIRACY Calico Jack was known for his piracy during the Golden Age of Piracy CALICO JACK. BLACKBEARD Blackbeard terrorized the waters of the Caribbean CARIBBEAN. CALICO JACK Calico Jack operated in the Caribbean region CARIBBEAN. GOLDEN AGE OF PIRACY Captain Kidd was active during the Golden Age of Piracy CAPTAIN KIDD. GOLDEN AGE OF PIRACY The decline of the Golden Age of Piracy was influenced by France's efforts against piracy FRANCE. ANTI-PIRACY LAWS Anti-piracy laws were introduced to penalize piracy offenses and reduce pirate activity PIRACY OFFENSES. ANTI-PIRACY LAWS European powers enacted anti-piracy laws to legally combat piracy and impose penalties on piracy offenses EUROPEAN POWERS. CARIBBEAN Britain was involved in anti-piracy efforts in the Caribbean BRITAIN. CARIBBEAN France participated in anti-piracy operations in the Caribbean alongside Britain FRANCE. CARIBBEAN The decline of the Spanish Empire led to a power vacuum in the Caribbean, facilitating the rise of piracy SPANISH EMPIRE.",
    "evaluation": 1
  },
  {
    "correct_answer": "The Golden Age of Piracy spanned the late 17th to early 18th centuries.",
    "retrieved_context": "CAPTAIN KIDD Captain Kidd was active in the Atlantic Ocean ATLANTIC OCEAN. GOLDEN AGE OF PIRACY Blackbeard was a prominent figure during the Golden Age of Piracy BLACKBEARD. GOLDEN AGE OF PIRACY The decline of the Golden Age of Piracy was influenced by Britain's crackdown on piracy BRITAIN. GOLDEN AGE OF PIRACY Calico Jack was known for his piracy during the Golden Age of Piracy CALICO JACK. BLACKBEARD Blackbeard terrorized the waters of the Caribbean CARIBBEAN. CALICO JACK Calico Jack operated in the Caribbean region CARIBBEAN. GOLDEN AGE OF PIRACY Captain Kidd was active during the Golden Age of Piracy CAPTAIN KIDD. GOLDEN AGE OF PIRACY The decline of the Golden Age of Piracy was influenced by France's efforts against piracy FRANCE. ANTI-PIRACY LAWS Anti-piracy laws were introduced to penalize piracy offenses and reduce pirate activity PIRACY OFFENSES. ANTI-PIRACY LAWS European powers enacted anti-piracy laws to legally combat piracy and impose penalties on piracy offenses EUROPEAN POWERS. PIRATES Pirates operated with relative impunity in the Caribbean, especially during the Golden Age of Piracy. This region became a major area of activity for them, exploiting the power vacuum left by the declining Spanish Empire. The Caribbean's strategic location and the wealth generated from its colonies made it an attractive target for pirates seeking to capitalize on the lack of strong naval presence. This period marked a significant chapter in the history of the Caribbean, as pirates became an integral part of the maritime culture and economy. CARIBBEAN. CARIBBEAN The decline of the Spanish Empire led to a power vacuum in the Caribbean, facilitating the rise of piracy SPANISH EMPIRE. CARIBBEAN Britain was involved in anti-piracy efforts in the Caribbean BRITAIN. PIRATES Pirates and the Pirate Code were intrinsically linked, with the latter serving as a set of guidelines that governed the conduct of pirate crews. This code was crucial in ensuring fairness and order among crew members, thereby maintaining discipline and a semblance of order within the inherently chaotic lifestyle of piracy. Both descriptions emphasize the importance of the Pirate Code in regulating the behavior of pirates, highlighting its role in upholding order and discipline among the crew members. PIRATE CODE. PIRATES Tortuga, during the Golden Age of Piracy, served as a significant stronghold for pirates. It was established as a safe haven where pirates could gather and plan their operations without fear of retribution from the authorities. This island became synonymous with pirate activities, offering a secure base for these seafarers to regroup, share their plunder, and strategize for future endeavors. Tortuga's reputation as a pirate stronghold highlights its crucial role in the history of piracy, providing a unique community for pirates to thrive and conduct their affairs with relative impunity. TORTUGA. CARIBBEAN France participated in anti-piracy operations in the Caribbean alongside Britain FRANCE. PIRATES Pirates also terrorized the waters of the Atlantic Ocean, attacking ships and coastal areas ATLANTIC OCEAN. PIRATES Nassau was a significant pirate base and a key location for pirate operations during the Golden Age of Piracy. This period was marked by the prevalence of piracy in maritime regions, with Nassau being central to these activities. The city's strategic position made it an ideal spot for pirates to launch their operations, contributing to its reputation and history intertwined with piracy. NASSAU. MEDITERRANEAN Barbary Pirates raided ships and coastal towns in the Mediterranean BARBARY PIRATES. PIRATES Pirates preyed on Spanish treasure ships and plundered coastal settlements due to the decline of the Spanish Empire SPANISH EMPIRE. PIRATES Pirates, including the Barbary Pirates, were active in the Mediterranean region across different time periods MEDITERRANEAN. BARBARY PIRATES The Barbary Pirates operated out of North Africa NORTH AFRICA. NAVAL PATROLS European powers, including Britain and France, deployed naval patrols as part of their efforts to crack down on piracy EUROPEAN POWERS.",
    "evaluation": 0
  },
  {
    "correct_answer": "Blackbeard, Captain Kidd, and Calico Jack were legendary pirates.",
    "retrieved_context": "PIRATES Pirates operated with relative impunity in the Caribbean, especially during the Golden Age of Piracy. This region became a major area of activity for them, exploiting the power vacuum left by the declining Spanish Empire. The Caribbean's strategic location and the wealth generated from its colonies made it an attractive target for pirates seeking to capitalize on the lack of strong naval presence. This period marked a significant chapter in the history of the Caribbean, as pirates became an integral part of the maritime culture and economy. CARIBBEAN. CARIBBEAN The decline of the Spanish Empire led to a power vacuum in the Caribbean, facilitating the rise of piracy SPANISH EMPIRE. CARIBBEAN Britain was involved in anti-piracy efforts in the Caribbean BRITAIN. PIRATES Pirates and the Pirate Code were intrinsically linked, with the latter serving as a set of guidelines that governed the conduct of pirate crews. This code was crucial in ensuring fairness and order among crew members, thereby maintaining discipline and a semblance of order within the inherently chaotic lifestyle of piracy. Both descriptions emphasize the importance of the Pirate Code in regulating the behavior of pirates, highlighting its role in upholding order and discipline among the crew members. PIRATE CODE. PIRATES Tortuga, during the Golden Age of Piracy, served as a significant stronghold for pirates. It was established as a safe haven where pirates could gather and plan their operations without fear of retribution from the authorities. This island became synonymous with pirate activities, offering a secure base for these seafarers to regroup, share their plunder, and strategize for future endeavors. Tortuga's reputation as a pirate stronghold highlights its crucial role in the history of piracy, providing a unique community for pirates to thrive and conduct their affairs with relative impunity. TORTUGA. CARIBBEAN France participated in anti-piracy operations in the Caribbean alongside Britain FRANCE. PIRATES Pirates also terrorized the waters of the Atlantic Ocean, attacking ships and coastal areas ATLANTIC OCEAN. PIRATES Nassau was a significant pirate base and a key location for pirate operations during the Golden Age of Piracy. This period was marked by the prevalence of piracy in maritime regions, with Nassau being central to these activities. The city's strategic position made it an ideal spot for pirates to launch their operations, contributing to its reputation and history intertwined with piracy. NASSAU. MEDITERRANEAN Barbary Pirates raided ships and coastal towns in the Mediterranean BARBARY PIRATES. PIRATES Pirates preyed on Spanish treasure ships and plundered coastal settlements due to the decline of the Spanish Empire SPANISH EMPIRE. PIRATES Pirates, including the Barbary Pirates, were active in the Mediterranean region across different time periods MEDITERRANEAN. BARBARY PIRATES The Barbary Pirates operated out of North Africa NORTH AFRICA. CAPTAIN KIDD Captain Kidd was active in the Atlantic Ocean ATLANTIC OCEAN. GOLDEN AGE OF PIRACY Blackbeard was a prominent figure during the Golden Age of Piracy BLACKBEARD. GOLDEN AGE OF PIRACY The decline of the Golden Age of Piracy was influenced by Britain's crackdown on piracy BRITAIN. GOLDEN AGE OF PIRACY Calico Jack was known for his piracy during the Golden Age of Piracy CALICO JACK. BLACKBEARD Blackbeard terrorized the waters of the Caribbean CARIBBEAN. CALICO JACK Calico Jack operated in the Caribbean region CARIBBEAN. GOLDEN AGE OF PIRACY Captain Kidd was active during the Golden Age of Piracy CAPTAIN KIDD. GOLDEN AGE OF PIRACY The decline of the Golden Age of Piracy was influenced by France's efforts against piracy FRANCE. CAPTAIN KIDD Captain Kidd was active in the Atlantic Ocean ATLANTIC OCEAN. CARIBBEAN Britain was involved in anti-piracy efforts in the Caribbean BRITAIN. CARIBBEAN France participated in anti-piracy operations in the Caribbean alongside Britain FRANCE. CALICO JACK Calico Jack operated in the Caribbean region CARIBBEAN. CARIBBEAN The decline of the Spanish Empire led to a power vacuum in the Caribbean, facilitating the rise of piracy SPANISH EMPIRE. CARIBBEAN Britain was involved in anti-piracy efforts in the Caribbean BRITAIN. CARIBBEAN France participated in anti-piracy operations in the Caribbean alongside Britain FRANCE. BLACKBEARD Blackbeard terrorized the waters of the Caribbean CARIBBEAN. CARIBBEAN The decline of the Spanish Empire led to a power vacuum in the Caribbean, facilitating the rise of piracy SPANISH EMPIRE.",
    "evaluation": 1
  },
  {
    "correct_answer": "Pirates preyed on Spanish treasure ships during the decline of the Spanish Empire.",
    "retrieved_context": "CAPTAIN KIDD Captain Kidd was active in the Atlantic Ocean ATLANTIC OCEAN. GOLDEN AGE OF PIRACY Blackbeard was a prominent figure during the Golden Age of Piracy BLACKBEARD. GOLDEN AGE OF PIRACY The decline of the Golden Age of Piracy was influenced by Britain's crackdown on piracy BRITAIN. GOLDEN AGE OF PIRACY Calico Jack was known for his piracy during the Golden Age of Piracy CALICO JACK. BLACKBEARD Blackbeard terrorized the waters of the Caribbean CARIBBEAN. CALICO JACK Calico Jack operated in the Caribbean region CARIBBEAN. GOLDEN AGE OF PIRACY Captain Kidd was active during the Golden Age of Piracy CAPTAIN KIDD. GOLDEN AGE OF PIRACY The decline of the Golden Age of Piracy was influenced by France's efforts against piracy FRANCE. PIRATES Pirates operated with relative impunity in the Caribbean, especially during the Golden Age of Piracy. This region became a major area of activity for them, exploiting the power vacuum left by the declining Spanish Empire. The Caribbean's strategic location and the wealth generated from its colonies made it an attractive target for pirates seeking to capitalize on the lack of strong naval presence. This period marked a significant chapter in the history of the Caribbean, as pirates became an integral part of the maritime culture and economy. CARIBBEAN. CARIBBEAN The decline of the Spanish Empire led to a power vacuum in the Caribbean, facilitating the rise of piracy SPANISH EMPIRE. CARIBBEAN Britain was involved in anti-piracy efforts in the Caribbean BRITAIN. PIRATES Pirates and the Pirate Code were intrinsically linked, with the latter serving as a set of guidelines that governed the conduct of pirate crews. This code was crucial in ensuring fairness and order among crew members, thereby maintaining discipline and a semblance of order within the inherently chaotic lifestyle of piracy. Both descriptions emphasize the importance of the Pirate Code in regulating the behavior of pirates, highlighting its role in upholding order and discipline among the crew members. PIRATE CODE. PIRATES Tortuga, during the Golden Age of Piracy, served as a significant stronghold for pirates. It was established as a safe haven where pirates could gather and plan their operations without fear of retribution from the authorities. This island became synonymous with pirate activities, offering a secure base for these seafarers to regroup, share their plunder, and strategize for future endeavors. Tortuga's reputation as a pirate stronghold highlights its crucial role in the history of piracy, providing a unique community for pirates to thrive and conduct their affairs with relative impunity. TORTUGA. CARIBBEAN France participated in anti-piracy operations in the Caribbean alongside Britain FRANCE. PIRATES Pirates also terrorized the waters of the Atlantic Ocean, attacking ships and coastal areas ATLANTIC OCEAN. PIRATES Nassau was a significant pirate base and a key location for pirate operations during the Golden Age of Piracy. This period was marked by the prevalence of piracy in maritime regions, with Nassau being central to these activities. The city's strategic position made it an ideal spot for pirates to launch their operations, contributing to its reputation and history intertwined with piracy. NASSAU. MEDITERRANEAN Barbary Pirates raided ships and coastal towns in the Mediterranean BARBARY PIRATES. PIRATES Pirates preyed on Spanish treasure ships and plundered coastal settlements due to the decline of the Spanish Empire SPANISH EMPIRE. PIRATES Pirates, including the Barbary Pirates, were active in the Mediterranean region across different time periods MEDITERRANEAN. BARBARY PIRATES The Barbary Pirates operated out of North Africa NORTH AFRICA. ANTI-PIRACY LAWS Anti-piracy laws were introduced to penalize piracy offenses and reduce pirate activity PIRACY OFFENSES. ANTI-PIRACY LAWS European powers enacted anti-piracy laws to legally combat piracy and impose penalties on piracy offenses EUROPEAN POWERS. NAVAL PATROLS European powers, including Britain and France, deployed naval patrols as part of their efforts to crack down on piracy EUROPEAN POWERS.",
    "evaluation": 1
  },
  {
    "correct_answer": "The lure of gold and silver attracted men to the pirate life.",
    "retrieved_context": "CAPTAIN KIDD Captain Kidd was active in the Atlantic Ocean ATLANTIC OCEAN. GOLDEN AGE OF PIRACY Blackbeard was a prominent figure during the Golden Age of Piracy BLACKBEARD. GOLDEN AGE OF PIRACY The decline of the Golden Age of Piracy was influenced by Britain's crackdown on piracy BRITAIN. GOLDEN AGE OF PIRACY Calico Jack was known for his piracy during the Golden Age of Piracy CALICO JACK. BLACKBEARD Blackbeard terrorized the waters of the Caribbean CARIBBEAN. CALICO JACK Calico Jack operated in the Caribbean region CARIBBEAN. GOLDEN AGE OF PIRACY Captain Kidd was active during the Golden Age of Piracy CAPTAIN KIDD. GOLDEN AGE OF PIRACY The decline of the Golden Age of Piracy was influenced by France's efforts against piracy FRANCE. PIRATES Pirates operated with relative impunity in the Caribbean, especially during the Golden Age of Piracy. This region became a major area of activity for them, exploiting the power vacuum left by the declining Spanish Empire. The Caribbean's strategic location and the wealth generated from its colonies made it an attractive target for pirates seeking to capitalize on the lack of strong naval presence. This period marked a significant chapter in the history of the Caribbean, as pirates became an integral part of the maritime culture and economy. CARIBBEAN. CARIBBEAN The decline of the Spanish Empire led to a power vacuum in the Caribbean, facilitating the rise of piracy SPANISH EMPIRE. CARIBBEAN Britain was involved in anti-piracy efforts in the Caribbean BRITAIN. PIRATES Pirates and the Pirate Code were intrinsically linked, with the latter serving as a set of guidelines that governed the conduct of pirate crews. This code was crucial in ensuring fairness and order among crew members, thereby maintaining discipline and a semblance of order within the inherently chaotic lifestyle of piracy. Both descriptions emphasize the importance of the Pirate Code in regulating the behavior of pirates, highlighting its role in upholding order and discipline among the crew members. PIRATE CODE. PIRATES Tortuga, during the Golden Age of Piracy, served as a significant stronghold for pirates. It was established as a safe haven where pirates could gather and plan their operations without fear of retribution from the authorities. This island became synonymous with pirate activities, offering a secure base for these seafarers to regroup, share their plunder, and strategize for future endeavors. Tortuga's reputation as a pirate stronghold highlights its crucial role in the history of piracy, providing a unique community for pirates to thrive and conduct their affairs with relative impunity. TORTUGA. CARIBBEAN France participated in anti-piracy operations in the Caribbean alongside Britain FRANCE. PIRATES Pirates also terrorized the waters of the Atlantic Ocean, attacking ships and coastal areas ATLANTIC OCEAN. PIRATES Nassau was a significant pirate base and a key location for pirate operations during the Golden Age of Piracy. This period was marked by the prevalence of piracy in maritime regions, with Nassau being central to these activities. The city's strategic position made it an ideal spot for pirates to launch their operations, contributing to its reputation and history intertwined with piracy. NASSAU. MEDITERRANEAN Barbary Pirates raided ships and coastal towns in the Mediterranean BARBARY PIRATES. PIRATES Pirates preyed on Spanish treasure ships and plundered coastal settlements due to the decline of the Spanish Empire SPANISH EMPIRE. PIRATES Pirates, including the Barbary Pirates, were active in the Mediterranean region across different time periods MEDITERRANEAN. BARBARY PIRATES The Barbary Pirates operated out of North Africa NORTH AFRICA. ANTI-PIRACY LAWS Anti-piracy laws were introduced to penalize piracy offenses and reduce pirate activity PIRACY OFFENSES. ANTI-PIRACY LAWS European powers enacted anti-piracy laws to legally combat piracy and impose penalties on piracy offenses EUROPEAN POWERS. SEA PEOPLES The Sea Peoples were active pirates in the Mediterranean region MEDITERRANEAN. MEDITERRANEAN Barbary Pirates raided ships and coastal towns in the Mediterranean BARBARY PIRATES. NAVAL PATROLS European powers, including Britain and France, deployed naval patrols as part of their efforts to crack down on piracy EUROPEAN POWERS.",
    "evaluation": 0
  },
  {
    "correct_answer": "Pirate crews operated under a strict code of conduct known as the Pirate Code.",
    "retrieved_context": "PIRATES Pirates operated with relative impunity in the Caribbean, especially during the Golden Age of Piracy. This region became a major area of activity for them, exploiting the power vacuum left by the declining Spanish Empire. The Caribbean's strategic location and the wealth generated from its colonies made it an attractive target for pirates seeking to capitalize on the lack of strong naval presence. This period marked a significant chapter in the history of the Caribbean, as pirates became an integral part of the maritime culture and economy. CARIBBEAN. CARIBBEAN The decline of the Spanish Empire led to a power vacuum in the Caribbean, facilitating the rise of piracy SPANISH EMPIRE. CARIBBEAN Britain was involved in anti-piracy efforts in the Caribbean BRITAIN. PIRATES Pirates and the Pirate Code were intrinsically linked, with the latter serving as a set of guidelines that governed the conduct of pirate crews. This code was crucial in ensuring fairness and order among crew members, thereby maintaining discipline and a semblance of order within the inherently chaotic lifestyle of piracy. Both descriptions emphasize the importance of the Pirate Code in regulating the behavior of pirates, highlighting its role in upholding order and discipline among the crew members. PIRATE CODE. PIRATES Tortuga, during the Golden Age of Piracy, served as a significant stronghold for pirates. It was established as a safe haven where pirates could gather and plan their operations without fear of retribution from the authorities. This island became synonymous with pirate activities, offering a secure base for these seafarers to regroup, share their plunder, and strategize for future endeavors. Tortuga's reputation as a pirate stronghold highlights its crucial role in the history of piracy, providing a unique community for pirates to thrive and conduct their affairs with relative impunity. TORTUGA. CARIBBEAN France participated in anti-piracy operations in the Caribbean alongside Britain FRANCE. PIRATES Pirates also terrorized the waters of the Atlantic Ocean, attacking ships and coastal areas ATLANTIC OCEAN. PIRATES Nassau was a significant pirate base and a key location for pirate operations during the Golden Age of Piracy. This period was marked by the prevalence of piracy in maritime regions, with Nassau being central to these activities. The city's strategic position made it an ideal spot for pirates to launch their operations, contributing to its reputation and history intertwined with piracy. NASSAU. MEDITERRANEAN Barbary Pirates raided ships and coastal towns in the Mediterranean BARBARY PIRATES. PIRATES Pirates preyed on Spanish treasure ships and plundered coastal settlements due to the decline of the Spanish Empire SPANISH EMPIRE. PIRATES Pirates, including the Barbary Pirates, were active in the Mediterranean region across different time periods MEDITERRANEAN. ANTI-PIRACY LAWS Anti-piracy laws were introduced to penalize piracy offenses and reduce pirate activity PIRACY OFFENSES. ANTI-PIRACY LAWS European powers enacted anti-piracy laws to legally combat piracy and impose penalties on piracy offenses EUROPEAN POWERS. BARBARY PIRATES The Barbary Pirates operated out of North Africa NORTH AFRICA. CAPTAIN KIDD Captain Kidd was active in the Atlantic Ocean ATLANTIC OCEAN. GOLDEN AGE OF PIRACY Blackbeard was a prominent figure during the Golden Age of Piracy BLACKBEARD. GOLDEN AGE OF PIRACY The decline of the Golden Age of Piracy was influenced by Britain's crackdown on piracy BRITAIN. GOLDEN AGE OF PIRACY Calico Jack was known for his piracy during the Golden Age of Piracy CALICO JACK. BLACKBEARD Blackbeard terrorized the waters of the Caribbean CARIBBEAN. CALICO JACK Calico Jack operated in the Caribbean region CARIBBEAN. GOLDEN AGE OF PIRACY Captain Kidd was active during the Golden Age of Piracy CAPTAIN KIDD. GOLDEN AGE OF PIRACY The decline of the Golden Age of Piracy was influenced by France's efforts against piracy FRANCE. NAVAL PATROLS European powers, including Britain and France, deployed naval patrols as part of their efforts to crack down on piracy EUROPEAN POWERS. SEA PEOPLES The Sea Peoples were active pirates in the Mediterranean region MEDITERRANEAN. MEDITERRANEAN Barbary Pirates raided ships and coastal towns in the Mediterranean BARBARY PIRATES.",
    "evaluation": 1
  },
  {
    "correct_answer": "Pirates were often viewed as heroes by common people.",
    "retrieved_context": "PIRATES Pirates operated with relative impunity in the Caribbean, especially during the Golden Age of Piracy. This region became a major area of activity for them, exploiting the power vacuum left by the declining Spanish Empire. The Caribbean's strategic location and the wealth generated from its colonies made it an attractive target for pirates seeking to capitalize on the lack of strong naval presence. This period marked a significant chapter in the history of the Caribbean, as pirates became an integral part of the maritime culture and economy. CARIBBEAN. CARIBBEAN The decline of the Spanish Empire led to a power vacuum in the Caribbean, facilitating the rise of piracy SPANISH EMPIRE. CARIBBEAN Britain was involved in anti-piracy efforts in the Caribbean BRITAIN. PIRATES Pirates and the Pirate Code were intrinsically linked, with the latter serving as a set of guidelines that governed the conduct of pirate crews. This code was crucial in ensuring fairness and order among crew members, thereby maintaining discipline and a semblance of order within the inherently chaotic lifestyle of piracy. Both descriptions emphasize the importance of the Pirate Code in regulating the behavior of pirates, highlighting its role in upholding order and discipline among the crew members. PIRATE CODE. PIRATES Tortuga, during the Golden Age of Piracy, served as a significant stronghold for pirates. It was established as a safe haven where pirates could gather and plan their operations without fear of retribution from the authorities. This island became synonymous with pirate activities, offering a secure base for these seafarers to regroup, share their plunder, and strategize for future endeavors. Tortuga's reputation as a pirate stronghold highlights its crucial role in the history of piracy, providing a unique community for pirates to thrive and conduct their affairs with relative impunity. TORTUGA. CARIBBEAN France participated in anti-piracy operations in the Caribbean alongside Britain FRANCE. PIRATES Pirates also terrorized the waters of the Atlantic Ocean, attacking ships and coastal areas ATLANTIC OCEAN. PIRATES Nassau was a significant pirate base and a key location for pirate operations during the Golden Age of Piracy. This period was marked by the prevalence of piracy in maritime regions, with Nassau being central to these activities. The city's strategic position made it an ideal spot for pirates to launch their operations, contributing to its reputation and history intertwined with piracy. NASSAU. MEDITERRANEAN Barbary Pirates raided ships and coastal towns in the Mediterranean BARBARY PIRATES. PIRATES Pirates preyed on Spanish treasure ships and plundered coastal settlements due to the decline of the Spanish Empire SPANISH EMPIRE. PIRATES Pirates, including the Barbary Pirates, were active in the Mediterranean region across different time periods MEDITERRANEAN. CAPTAIN KIDD Captain Kidd was active in the Atlantic Ocean ATLANTIC OCEAN. GOLDEN AGE OF PIRACY Blackbeard was a prominent figure during the Golden Age of Piracy BLACKBEARD. GOLDEN AGE OF PIRACY The decline of the Golden Age of Piracy was influenced by Britain's crackdown on piracy BRITAIN. GOLDEN AGE OF PIRACY Calico Jack was known for his piracy during the Golden Age of Piracy CALICO JACK. BLACKBEARD Blackbeard terrorized the waters of the Caribbean CARIBBEAN. CALICO JACK Calico Jack operated in the Caribbean region CARIBBEAN. GOLDEN AGE OF PIRACY Captain Kidd was active during the Golden Age of Piracy CAPTAIN KIDD. GOLDEN AGE OF PIRACY The decline of the Golden Age of Piracy was influenced by France's efforts against piracy FRANCE. BARBARY PIRATES The Barbary Pirates operated out of North Africa NORTH AFRICA. ANTI-PIRACY LAWS Anti-piracy laws were introduced to penalize piracy offenses and reduce pirate activity PIRACY OFFENSES. ANTI-PIRACY LAWS European powers enacted anti-piracy laws to legally combat piracy and impose penalties on piracy offenses EUROPEAN POWERS. SEA PEOPLES The Sea Peoples were active pirates in the Mediterranean region MEDITERRANEAN. MEDITERRANEAN Barbary Pirates raided ships and coastal towns in the Mediterranean BARBARY PIRATES. NAVAL PATROLS European powers, including Britain and France, deployed naval patrols as part of their efforts to crack down on piracy EUROPEAN POWERS.",
    "evaluation": 0
  },
  {
    "correct_answer": "European powers cracked down on pirate activity in the early 18th century.",
    "retrieved_context": "CAPTAIN KIDD Captain Kidd was active in the Atlantic Ocean ATLANTIC OCEAN. GOLDEN AGE OF PIRACY Blackbeard was a prominent figure during the Golden Age of Piracy BLACKBEARD. GOLDEN AGE OF PIRACY The decline of the Golden Age of Piracy was influenced by Britain's crackdown on piracy BRITAIN. GOLDEN AGE OF PIRACY Calico Jack was known for his piracy during the Golden Age of Piracy CALICO JACK. BLACKBEARD Blackbeard terrorized the waters of the Caribbean CARIBBEAN. CALICO JACK Calico Jack operated in the Caribbean region CARIBBEAN. GOLDEN AGE OF PIRACY Captain Kidd was active during the Golden Age of Piracy CAPTAIN KIDD. GOLDEN AGE OF PIRACY The decline of the Golden Age of Piracy was influenced by France's efforts against piracy FRANCE. PIRATES Pirates operated with relative impunity in the Caribbean, especially during the Golden Age of Piracy. This region became a major area of activity for them, exploiting the power vacuum left by the declining Spanish Empire. The Caribbean's strategic location and the wealth generated from its colonies made it an attractive target for pirates seeking to capitalize on the lack of strong naval presence. This period marked a significant chapter in the history of the Caribbean, as pirates became an integral part of the maritime culture and economy. CARIBBEAN. CARIBBEAN The decline of the Spanish Empire led to a power vacuum in the Caribbean, facilitating the rise of piracy SPANISH EMPIRE. CARIBBEAN Britain was involved in anti-piracy efforts in the Caribbean BRITAIN. PIRATES Pirates and the Pirate Code were intrinsically linked, with the latter serving as a set of guidelines that governed the conduct of pirate crews. This code was crucial in ensuring fairness and order among crew members, thereby maintaining discipline and a semblance of order within the inherently chaotic lifestyle of piracy. Both descriptions emphasize the importance of the Pirate Code in regulating the behavior of pirates, highlighting its role in upholding order and discipline among the crew members. PIRATE CODE. PIRATES Tortuga, during the Golden Age of Piracy, served as a significant stronghold for pirates. It was established as a safe haven where pirates could gather and plan their operations without fear of retribution from the authorities. This island became synonymous with pirate activities, offering a secure base for these seafarers to regroup, share their plunder, and strategize for future endeavors. Tortuga's reputation as a pirate stronghold highlights its crucial role in the history of piracy, providing a unique community for pirates to thrive and conduct their affairs with relative impunity. TORTUGA. CARIBBEAN France participated in anti-piracy operations in the Caribbean alongside Britain FRANCE. PIRATES Pirates also terrorized the waters of the Atlantic Ocean, attacking ships and coastal areas ATLANTIC OCEAN. PIRATES Nassau was a significant pirate base and a key location for pirate operations during the Golden Age of Piracy. This period was marked by the prevalence of piracy in maritime regions, with Nassau being central to these activities. The city's strategic position made it an ideal spot for pirates to launch their operations, contributing to its reputation and history intertwined with piracy. NASSAU. MEDITERRANEAN Barbary Pirates raided ships and coastal towns in the Mediterranean BARBARY PIRATES. PIRATES Pirates preyed on Spanish treasure ships and plundered coastal settlements due to the decline of the Spanish Empire SPANISH EMPIRE. PIRATES Pirates, including the Barbary Pirates, were active in the Mediterranean region across different time periods MEDITERRANEAN. ANTI-PIRACY LAWS Anti-piracy laws were introduced to penalize piracy offenses and reduce pirate activity PIRACY OFFENSES. ANTI-PIRACY LAWS European powers enacted anti-piracy laws to legally combat piracy and impose penalties on piracy offenses EUROPEAN POWERS. BARBARY PIRATES The Barbary Pirates operated out of North Africa NORTH AFRICA.",
    "evaluation": 0
  },
  {
    "correct_answer": "Naval patrols and anti-piracy laws helped curb piracy.",
    "retrieved_context": "ANTI-PIRACY LAWS Anti-piracy laws were introduced to penalize piracy offenses and reduce pirate activity PIRACY OFFENSES. ANTI-PIRACY LAWS European powers enacted anti-piracy laws to legally combat piracy and impose penalties on piracy offenses EUROPEAN POWERS. CAPTAIN KIDD Captain Kidd was active in the Atlantic Ocean ATLANTIC OCEAN. GOLDEN AGE OF PIRACY Blackbeard was a prominent figure during the Golden Age of Piracy BLACKBEARD. GOLDEN AGE OF PIRACY The decline of the Golden Age of Piracy was influenced by Britain's crackdown on piracy BRITAIN. GOLDEN AGE OF PIRACY Calico Jack was known for his piracy during the Golden Age of Piracy CALICO JACK. BLACKBEARD Blackbeard terrorized the waters of the Caribbean CARIBBEAN. CALICO JACK Calico Jack operated in the Caribbean region CARIBBEAN. GOLDEN AGE OF PIRACY Captain Kidd was active during the Golden Age of Piracy CAPTAIN KIDD. GOLDEN AGE OF PIRACY The decline of the Golden Age of Piracy was influenced by France's efforts against piracy FRANCE. NAVAL PATROLS European powers, including Britain and France, deployed naval patrols as part of their efforts to crack down on piracy EUROPEAN POWERS. PIRATES Pirates operated with relative impunity in the Caribbean, especially during the Golden Age of Piracy. This region became a major area of activity for them, exploiting the power vacuum left by the declining Spanish Empire. The Caribbean's strategic location and the wealth generated from its colonies made it an attractive target for pirates seeking to capitalize on the lack of strong naval presence. This period marked a significant chapter in the history of the Caribbean, as pirates became an integral part of the maritime culture and economy. CARIBBEAN. CARIBBEAN The decline of the Spanish Empire led to a power vacuum in the Caribbean, facilitating the rise of piracy SPANISH EMPIRE. CARIBBEAN Britain was involved in anti-piracy efforts in the Caribbean BRITAIN. PIRATES Pirates and the Pirate Code were intrinsically linked, with the latter serving as a set of guidelines that governed the conduct of pirate crews. This code was crucial in ensuring fairness and order among crew members, thereby maintaining discipline and a semblance of order within the inherently chaotic lifestyle of piracy. Both descriptions emphasize the importance of the Pirate Code in regulating the behavior of pirates, highlighting its role in upholding order and discipline among the crew members. PIRATE CODE. PIRATES Tortuga, during the Golden Age of Piracy, served as a significant stronghold for pirates. It was established as a safe haven where pirates could gather and plan their operations without fear of retribution from the authorities. This island became synonymous with pirate activities, offering a secure base for these seafarers to regroup, share their plunder, and strategize for future endeavors. Tortuga's reputation as a pirate stronghold highlights its crucial role in the history of piracy, providing a unique community for pirates to thrive and conduct their affairs with relative impunity. TORTUGA. CARIBBEAN France participated in anti-piracy operations in the Caribbean alongside Britain FRANCE. PIRATES Pirates also terrorized the waters of the Atlantic Ocean, attacking ships and coastal areas ATLANTIC OCEAN. PIRATES Nassau was a significant pirate base and a key location for pirate operations during the Golden Age of Piracy. This period was marked by the prevalence of piracy in maritime regions, with Nassau being central to these activities. The city's strategic position made it an ideal spot for pirates to launch their operations, contributing to its reputation and history intertwined with piracy. NASSAU. MEDITERRANEAN Barbary Pirates raided ships and coastal towns in the Mediterranean BARBARY PIRATES. PIRATES Pirates preyed on Spanish treasure ships and plundered coastal settlements due to the decline of the Spanish Empire SPANISH EMPIRE. PIRATES Pirates, including the Barbary Pirates, were active in the Mediterranean region across different time periods MEDITERRANEAN. BARBARY PIRATES The Barbary Pirates operated out of North Africa NORTH AFRICA. SEA PEOPLES The Sea Peoples were active pirates in the Mediterranean region MEDITERRANEAN. MEDITERRANEAN Barbary Pirates raided ships and coastal towns in the Mediterranean BARBARY PIRATES.",
    "evaluation": 1
  },
  {
    "correct_answer": "The legacy of pirates endures in popular culture and folklore.",
    "retrieved_context": "CAPTAIN KIDD Captain Kidd was active in the Atlantic Ocean ATLANTIC OCEAN. GOLDEN AGE OF PIRACY Blackbeard was a prominent figure during the Golden Age of Piracy BLACKBEARD. GOLDEN AGE OF PIRACY The decline of the Golden Age of Piracy was influenced by Britain's crackdown on piracy BRITAIN. GOLDEN AGE OF PIRACY Calico Jack was known for his piracy during the Golden Age of Piracy CALICO JACK. BLACKBEARD Blackbeard terrorized the waters of the Caribbean CARIBBEAN. CALICO JACK Calico Jack operated in the Caribbean region CARIBBEAN. GOLDEN AGE OF PIRACY Captain Kidd was active during the Golden Age of Piracy CAPTAIN KIDD. GOLDEN AGE OF PIRACY The decline of the Golden Age of Piracy was influenced by France's efforts against piracy FRANCE. PIRATES Pirates operated with relative impunity in the Caribbean, especially during the Golden Age of Piracy. This region became a major area of activity for them, exploiting the power vacuum left by the declining Spanish Empire. The Caribbean's strategic location and the wealth generated from its colonies made it an attractive target for pirates seeking to capitalize on the lack of strong naval presence. This period marked a significant chapter in the history of the Caribbean, as pirates became an integral part of the maritime culture and economy. CARIBBEAN. CARIBBEAN The decline of the Spanish Empire led to a power vacuum in the Caribbean, facilitating the rise of piracy SPANISH EMPIRE. CARIBBEAN Britain was involved in anti-piracy efforts in the Caribbean BRITAIN. PIRATES Pirates and the Pirate Code were intrinsically linked, with the latter serving as a set of guidelines that governed the conduct of pirate crews. This code was crucial in ensuring fairness and order among crew members, thereby maintaining discipline and a semblance of order within the inherently chaotic lifestyle of piracy. Both descriptions emphasize the importance of the Pirate Code in regulating the behavior of pirates, highlighting its role in upholding order and discipline among the crew members. PIRATE CODE. PIRATES Tortuga, during the Golden Age of Piracy, served as a significant stronghold for pirates. It was established as a safe haven where pirates could gather and plan their operations without fear of retribution from the authorities. This island became synonymous with pirate activities, offering a secure base for these seafarers to regroup, share their plunder, and strategize for future endeavors. Tortuga's reputation as a pirate stronghold highlights its crucial role in the history of piracy, providing a unique community for pirates to thrive and conduct their affairs with relative impunity. TORTUGA. CARIBBEAN France participated in anti-piracy operations in the Caribbean alongside Britain FRANCE. PIRATES Pirates also terrorized the waters of the Atlantic Ocean, attacking ships and coastal areas ATLANTIC OCEAN. PIRATES Nassau was a significant pirate base and a key location for pirate operations during the Golden Age of Piracy. This period was marked by the prevalence of piracy in maritime regions, with Nassau being central to these activities. The city's strategic position made it an ideal spot for pirates to launch their operations, contributing to its reputation and history intertwined with piracy. NASSAU. MEDITERRANEAN Barbary Pirates raided ships and coastal towns in the Mediterranean BARBARY PIRATES. PIRATES Pirates preyed on Spanish treasure ships and plundered coastal settlements due to the decline of the Spanish Empire SPANISH EMPIRE. PIRATES Pirates, including the Barbary Pirates, were active in the Mediterranean region across different time periods MEDITERRANEAN. BARBARY PIRATES The Barbary Pirates operated out of North Africa NORTH AFRICA. ANTI-PIRACY LAWS Anti-piracy laws were introduced to penalize piracy offenses and reduce pirate activity PIRACY OFFENSES. ANTI-PIRACY LAWS European powers enacted anti-piracy laws to legally combat piracy and impose penalties on piracy offenses EUROPEAN POWERS. SEA PEOPLES The Sea Peoples were active pirates in the Mediterranean region MEDITERRANEAN. MEDITERRANEAN Barbary Pirates raided ships and coastal towns in the Mediterranean BARBARY PIRATES. CARIBBEAN Britain was involved in anti-piracy efforts in the Caribbean BRITAIN. CARIBBEAN France participated in anti-piracy operations in the Caribbean alongside Britain FRANCE. CARIBBEAN The decline of the Spanish Empire led to a power vacuum in the Caribbean, facilitating the rise of piracy SPANISH EMPIRE.",
    "evaluation": 0
  },
  {
    "correct_answer": "Pirates have been immortalized in books, movies, and television shows.",
    "retrieved_context": "CAPTAIN KIDD Captain Kidd was active in the Atlantic Ocean ATLANTIC OCEAN. GOLDEN AGE OF PIRACY Blackbeard was a prominent figure during the Golden Age of Piracy BLACKBEARD. GOLDEN AGE OF PIRACY The decline of the Golden Age of Piracy was influenced by Britain's crackdown on piracy BRITAIN. GOLDEN AGE OF PIRACY Calico Jack was known for his piracy during the Golden Age of Piracy CALICO JACK. BLACKBEARD Blackbeard terrorized the waters of the Caribbean CARIBBEAN. CALICO JACK Calico Jack operated in the Caribbean region CARIBBEAN. GOLDEN AGE OF PIRACY Captain Kidd was active during the Golden Age of Piracy CAPTAIN KIDD. GOLDEN AGE OF PIRACY The decline of the Golden Age of Piracy was influenced by France's efforts against piracy FRANCE. PIRATES Pirates operated with relative impunity in the Caribbean, especially during the Golden Age of Piracy. This region became a major area of activity for them, exploiting the power vacuum left by the declining Spanish Empire. The Caribbean's strategic location and the wealth generated from its colonies made it an attractive target for pirates seeking to capitalize on the lack of strong naval presence. This period marked a significant chapter in the history of the Caribbean, as pirates became an integral part of the maritime culture and economy. CARIBBEAN. CARIBBEAN The decline of the Spanish Empire led to a power vacuum in the Caribbean, facilitating the rise of piracy SPANISH EMPIRE. CARIBBEAN Britain was involved in anti-piracy efforts in the Caribbean BRITAIN. PIRATES Pirates and the Pirate Code were intrinsically linked, with the latter serving as a set of guidelines that governed the conduct of pirate crews. This code was crucial in ensuring fairness and order among crew members, thereby maintaining discipline and a semblance of order within the inherently chaotic lifestyle of piracy. Both descriptions emphasize the importance of the Pirate Code in regulating the behavior of pirates, highlighting its role in upholding order and discipline among the crew members. PIRATE CODE. PIRATES Tortuga, during the Golden Age of Piracy, served as a significant stronghold for pirates. It was established as a safe haven where pirates could gather and plan their operations without fear of retribution from the authorities. This island became synonymous with pirate activities, offering a secure base for these seafarers to regroup, share their plunder, and strategize for future endeavors. Tortuga's reputation as a pirate stronghold highlights its crucial role in the history of piracy, providing a unique community for pirates to thrive and conduct their affairs with relative impunity. TORTUGA. CARIBBEAN France participated in anti-piracy operations in the Caribbean alongside Britain FRANCE. PIRATES Pirates also terrorized the waters of the Atlantic Ocean, attacking ships and coastal areas ATLANTIC OCEAN. PIRATES Nassau was a significant pirate base and a key location for pirate operations during the Golden Age of Piracy. This period was marked by the prevalence of piracy in maritime regions, with Nassau being central to these activities. The city's strategic position made it an ideal spot for pirates to launch their operations, contributing to its reputation and history intertwined with piracy. NASSAU. MEDITERRANEAN Barbary Pirates raided ships and coastal towns in the Mediterranean BARBARY PIRATES. PIRATES Pirates preyed on Spanish treasure ships and plundered coastal settlements due to the decline of the Spanish Empire SPANISH EMPIRE. PIRATES Pirates, including the Barbary Pirates, were active in the Mediterranean region across different time periods MEDITERRANEAN. BARBARY PIRATES The Barbary Pirates operated out of North Africa NORTH AFRICA. ANTI-PIRACY LAWS Anti-piracy laws were introduced to penalize piracy offenses and reduce pirate activity PIRACY OFFENSES. ANTI-PIRACY LAWS European powers enacted anti-piracy laws to legally combat piracy and impose penalties on piracy offenses EUROPEAN POWERS. SEA PEOPLES The Sea Peoples were active pirates in the Mediterranean region MEDITERRANEAN. MEDITERRANEAN Barbary Pirates raided ships and coastal towns in the Mediterranean BARBARY PIRATES. CARIBBEAN Britain was involved in anti-piracy efforts in the Caribbean BRITAIN. CARIBBEAN France participated in anti-piracy operations in the Caribbean alongside Britain FRANCE. CARIBBEAN The decline of the Spanish Empire led to a power vacuum in the Caribbean, facilitating the rise of piracy SPANISH EMPIRE.",
    "evaluation": 0
  },
  {
    "correct_answer": "The history of pirates spans centuries and continents.",
    "retrieved_context": "CAPTAIN KIDD Captain Kidd was active in the Atlantic Ocean ATLANTIC OCEAN. GOLDEN AGE OF PIRACY Blackbeard was a prominent figure during the Golden Age of Piracy BLACKBEARD. GOLDEN AGE OF PIRACY The decline of the Golden Age of Piracy was influenced by Britain's crackdown on piracy BRITAIN. GOLDEN AGE OF PIRACY Calico Jack was known for his piracy during the Golden Age of Piracy CALICO JACK. BLACKBEARD Blackbeard terrorized the waters of the Caribbean CARIBBEAN. CALICO JACK Calico Jack operated in the Caribbean region CARIBBEAN. GOLDEN AGE OF PIRACY Captain Kidd was active during the Golden Age of Piracy CAPTAIN KIDD. GOLDEN AGE OF PIRACY The decline of the Golden Age of Piracy was influenced by France's efforts against piracy FRANCE. PIRATES Pirates operated with relative impunity in the Caribbean, especially during the Golden Age of Piracy. This region became a major area of activity for them, exploiting the power vacuum left by the declining Spanish Empire. The Caribbean's strategic location and the wealth generated from its colonies made it an attractive target for pirates seeking to capitalize on the lack of strong naval presence. This period marked a significant chapter in the history of the Caribbean, as pirates became an integral part of the maritime culture and economy. CARIBBEAN. CARIBBEAN The decline of the Spanish Empire led to a power vacuum in the Caribbean, facilitating the rise of piracy SPANISH EMPIRE. CARIBBEAN Britain was involved in anti-piracy efforts in the Caribbean BRITAIN. PIRATES Pirates and the Pirate Code were intrinsically linked, with the latter serving as a set of guidelines that governed the conduct of pirate crews. This code was crucial in ensuring fairness and order among crew members, thereby maintaining discipline and a semblance of order within the inherently chaotic lifestyle of piracy. Both descriptions emphasize the importance of the Pirate Code in regulating the behavior of pirates, highlighting its role in upholding order and discipline among the crew members. PIRATE CODE. PIRATES Tortuga, during the Golden Age of Piracy, served as a significant stronghold for pirates. It was established as a safe haven where pirates could gather and plan their operations without fear of retribution from the authorities. This island became synonymous with pirate activities, offering a secure base for these seafarers to regroup, share their plunder, and strategize for future endeavors. Tortuga's reputation as a pirate stronghold highlights its crucial role in the history of piracy, providing a unique community for pirates to thrive and conduct their affairs with relative impunity. TORTUGA. CARIBBEAN France participated in anti-piracy operations in the Caribbean alongside Britain FRANCE. PIRATES Pirates also terrorized the waters of the Atlantic Ocean, attacking ships and coastal areas ATLANTIC OCEAN. PIRATES Nassau was a significant pirate base and a key location for pirate operations during the Golden Age of Piracy. This period was marked by the prevalence of piracy in maritime regions, with Nassau being central to these activities. The city's strategic position made it an ideal spot for pirates to launch their operations, contributing to its reputation and history intertwined with piracy. NASSAU. MEDITERRANEAN Barbary Pirates raided ships and coastal towns in the Mediterranean BARBARY PIRATES. PIRATES Pirates preyed on Spanish treasure ships and plundered coastal settlements due to the decline of the Spanish Empire SPANISH EMPIRE. PIRATES Pirates, including the Barbary Pirates, were active in the Mediterranean region across different time periods MEDITERRANEAN. BARBARY PIRATES The Barbary Pirates operated out of North Africa NORTH AFRICA. ANTI-PIRACY LAWS Anti-piracy laws were introduced to penalize piracy offenses and reduce pirate activity PIRACY OFFENSES. ANTI-PIRACY LAWS European powers enacted anti-piracy laws to legally combat piracy and impose penalties on piracy offenses EUROPEAN POWERS. SEA PEOPLES The Sea Peoples were active pirates in the Mediterranean region MEDITERRANEAN. MEDITERRANEAN Barbary Pirates raided ships and coastal towns in the Mediterranean BARBARY PIRATES. CARIBBEAN Britain was involved in anti-piracy efforts in the Caribbean BRITAIN. CARIBBEAN France participated in anti-piracy operations in the Caribbean alongside Britain FRANCE. CARIBBEAN The decline of the Spanish Empire led to a power vacuum in the Caribbean, facilitating the rise of piracy SPANISH EMPIRE.",
    "evaluation": 1
  },
  {
    "accuracy": "40.00%"
  }
]