[
  {
    "correct_answer": "Bread is a staple food in many cultures.",
    "retrieved_context": "BREAD Fermentation is a key process in developing the flavor and texture of bread FERMENTATION. BREAD Flour provides the gluten proteins necessary for bread's structure and elasticity FLOUR. FLOUR Water combines with flour to form gluten, a crucial step in developing bread's structure WATER. FERMENTATION Baking finalizes the fermentation process by using heat to cause the dough to rise further and set the structure of the bread BAKING. FLOUR Salt strengthens the gluten network formed by flour, affecting the texture of bread SALT. GLUTEN Kneading is important for developing the gluten in the dough, which is essential for the bread's structure KNEADING. MAILLARD REACTION During baking, the Maillard Reaction occurs, responsible for the browning of the bread's crust and flavor development BAKING. YEAST The Maillard Reaction contributes to the flavor development in bread, a process that begins with yeast fermentation MAILLARD REACTION. YEAST Gluten forms a network that traps the carbon dioxide produced by yeast, allowing bread to rise GLUTEN. FERMENTATION Baking finalizes the fermentation process by using heat to cause the dough to rise further and set the structure of the bread BAKING. YEAST Water activates yeast, starting the fermentation process in bread baking WATER. YEAST Yeast plays a crucial role in the fermentation process, particularly in bread baking. During fermentation, yeast is responsible for producing carbon dioxide gas and alcohol. This production of carbon dioxide gas is what causes the dough to rise, leading to the light and airy texture of bread. Both entities, yeast and fermentation, are intimately connected in this process, with yeast being the active agent that drives fermentation, resulting in the transformation of dough into a risen bread product. FERMENTATION. FLOUR Water combines with flour to form gluten, a crucial step in developing bread's structure WATER. FLOUR Salt strengthens the gluten network formed by flour, affecting the texture of bread SALT. FERMENTATION Baking finalizes the fermentation process by using heat to cause the dough to rise further and set the structure of the bread BAKING. GLUTEN Kneading is important for developing the gluten in the dough, which is essential for the bread's structure KNEADING. DEVELOPMENT OF GLUTEN STRUCTURE The development of gluten structure is a result of chemical reactions during kneading and baking CHEMICAL REACTIONS.",
    "evaluation": 0
  },
  {
    "correct_answer": "Baking bread is both an art and a science.",
    "retrieved_context": "BREAD Fermentation is a key process in developing the flavor and texture of bread FERMENTATION. BREAD Flour provides the gluten proteins necessary for bread's structure and elasticity FLOUR. FLOUR Water combines with flour to form gluten, a crucial step in developing bread's structure WATER. FERMENTATION Baking finalizes the fermentation process by using heat to cause the dough to rise further and set the structure of the bread BAKING. FLOUR Salt strengthens the gluten network formed by flour, affecting the texture of bread SALT. GLUTEN Kneading is important for developing the gluten in the dough, which is essential for the bread's structure KNEADING. MAILLARD REACTION During baking, the Maillard Reaction occurs, responsible for the browning of the bread's crust and flavor development BAKING. YEAST The Maillard Reaction contributes to the flavor development in bread, a process that begins with yeast fermentation MAILLARD REACTION. YEAST Gluten forms a network that traps the carbon dioxide produced by yeast, allowing bread to rise GLUTEN. FERMENTATION Baking finalizes the fermentation process by using heat to cause the dough to rise further and set the structure of the bread BAKING. YEAST Water activates yeast, starting the fermentation process in bread baking WATER. YEAST Yeast plays a crucial role in the fermentation process, particularly in bread baking. During fermentation, yeast is responsible for producing carbon dioxide gas and alcohol. This production of carbon dioxide gas is what causes the dough to rise, leading to the light and airy texture of bread. Both entities, yeast and fermentation, are intimately connected in this process, with yeast being the active agent that drives fermentation, resulting in the transformation of dough into a risen bread product. FERMENTATION. FERMENTATION Baking finalizes the fermentation process by using heat to cause the dough to rise further and set the structure of the bread BAKING. HOT OVEN A hot oven supports the fermentation of yeast by providing the optimal temperature for yeast activity FERMENTATION OF YEAST. FLOUR Water combines with flour to form gluten, a crucial step in developing bread's structure WATER. FLOUR Salt strengthens the gluten network formed by flour, affecting the texture of bread SALT.",
    "evaluation": 0
  },
  {
    "correct_answer": "Bread is made from flour, water, yeast, and salt.",
    "retrieved_context": "BREAD Fermentation is a key process in developing the flavor and texture of bread FERMENTATION. BREAD Flour provides the gluten proteins necessary for bread's structure and elasticity FLOUR. FLOUR Water combines with flour to form gluten, a crucial step in developing bread's structure WATER. FERMENTATION Baking finalizes the fermentation process by using heat to cause the dough to rise further and set the structure of the bread BAKING. FLOUR Salt strengthens the gluten network formed by flour, affecting the texture of bread SALT. FLOUR Water combines with flour to form gluten, a crucial step in developing bread's structure WATER. FLOUR Salt strengthens the gluten network formed by flour, affecting the texture of bread SALT. GLUTEN Kneading is important for developing the gluten in the dough, which is essential for the bread's structure KNEADING. MAILLARD REACTION During baking, the Maillard Reaction occurs, responsible for the browning of the bread's crust and flavor development BAKING. YEAST The Maillard Reaction contributes to the flavor development in bread, a process that begins with yeast fermentation MAILLARD REACTION. YEAST Gluten forms a network that traps the carbon dioxide produced by yeast, allowing bread to rise GLUTEN. FERMENTATION Baking finalizes the fermentation process by using heat to cause the dough to rise further and set the structure of the bread BAKING. YEAST Water activates yeast, starting the fermentation process in bread baking WATER. YEAST Yeast plays a crucial role in the fermentation process, particularly in bread baking. During fermentation, yeast is responsible for producing carbon dioxide gas and alcohol. This production of carbon dioxide gas is what causes the dough to rise, leading to the light and airy texture of bread. Both entities, yeast and fermentation, are intimately connected in this process, with yeast being the active agent that drives fermentation, resulting in the transformation of dough into a risen bread product. FERMENTATION. FERMENTATION Baking finalizes the fermentation process by using heat to cause the dough to rise further and set the structure of the bread BAKING. DEVELOPMENT OF GLUTEN STRUCTURE The development of gluten structure is a result of chemical reactions during kneading and baking CHEMICAL REACTIONS. GLUTEN Kneading is important for developing the gluten in the dough, which is essential for the bread's structure KNEADING.",
    "evaluation": 1
  },
  {
    "correct_answer": "Yeast plays a key role in the fermentation process of bread.",
    "retrieved_context": "GLUTEN Kneading is important for developing the gluten in the dough, which is essential for the bread's structure KNEADING. MAILLARD REACTION During baking, the Maillard Reaction occurs, responsible for the browning of the bread's crust and flavor development BAKING. YEAST The Maillard Reaction contributes to the flavor development in bread, a process that begins with yeast fermentation MAILLARD REACTION. YEAST Gluten forms a network that traps the carbon dioxide produced by yeast, allowing bread to rise GLUTEN. FERMENTATION Baking finalizes the fermentation process by using heat to cause the dough to rise further and set the structure of the bread BAKING. YEAST Water activates yeast, starting the fermentation process in bread baking WATER. YEAST Yeast plays a crucial role in the fermentation process, particularly in bread baking. During fermentation, yeast is responsible for producing carbon dioxide gas and alcohol. This production of carbon dioxide gas is what causes the dough to rise, leading to the light and airy texture of bread. Both entities, yeast and fermentation, are intimately connected in this process, with yeast being the active agent that drives fermentation, resulting in the transformation of dough into a risen bread product. FERMENTATION. FERMENTATION Baking finalizes the fermentation process by using heat to cause the dough to rise further and set the structure of the bread BAKING. BREAD Fermentation is a key process in developing the flavor and texture of bread FERMENTATION. BREAD Flour provides the gluten proteins necessary for bread's structure and elasticity FLOUR. FLOUR Water combines with flour to form gluten, a crucial step in developing bread's structure WATER. FERMENTATION Baking finalizes the fermentation process by using heat to cause the dough to rise further and set the structure of the bread BAKING. FLOUR Salt strengthens the gluten network formed by flour, affecting the texture of bread SALT. MAILLARD REACTION During baking, the Maillard Reaction occurs, responsible for the browning of the bread's crust and flavor development BAKING. FLOUR Water combines with flour to form gluten, a crucial step in developing bread's structure WATER. FLOUR Salt strengthens the gluten network formed by flour, affecting the texture of bread SALT.",
    "evaluation": 1
  },
  {
    "correct_answer": "Yeast feeds on sugars in flour, producing carbon dioxide gas.",
    "retrieved_context": "GLUTEN Kneading is important for developing the gluten in the dough, which is essential for the bread's structure KNEADING. MAILLARD REACTION During baking, the Maillard Reaction occurs, responsible for the browning of the bread's crust and flavor development BAKING. YEAST The Maillard Reaction contributes to the flavor development in bread, a process that begins with yeast fermentation MAILLARD REACTION. YEAST Gluten forms a network that traps the carbon dioxide produced by yeast, allowing bread to rise GLUTEN. FERMENTATION Baking finalizes the fermentation process by using heat to cause the dough to rise further and set the structure of the bread BAKING. YEAST Water activates yeast, starting the fermentation process in bread baking WATER. YEAST Yeast plays a crucial role in the fermentation process, particularly in bread baking. During fermentation, yeast is responsible for producing carbon dioxide gas and alcohol. This production of carbon dioxide gas is what causes the dough to rise, leading to the light and airy texture of bread. Both entities, yeast and fermentation, are intimately connected in this process, with yeast being the active agent that drives fermentation, resulting in the transformation of dough into a risen bread product. FERMENTATION. FERMENTATION Baking finalizes the fermentation process by using heat to cause the dough to rise further and set the structure of the bread BAKING. BREAD Fermentation is a key process in developing the flavor and texture of bread FERMENTATION. BREAD Flour provides the gluten proteins necessary for bread's structure and elasticity FLOUR. FLOUR Water combines with flour to form gluten, a crucial step in developing bread's structure WATER. FERMENTATION Baking finalizes the fermentation process by using heat to cause the dough to rise further and set the structure of the bread BAKING. FLOUR Salt strengthens the gluten network formed by flour, affecting the texture of bread SALT. FLOUR Water combines with flour to form gluten, a crucial step in developing bread's structure WATER. FLOUR Salt strengthens the gluten network formed by flour, affecting the texture of bread SALT. MAILLARD REACTION During baking, the Maillard Reaction occurs, responsible for the browning of the bread's crust and flavor development BAKING.",
    "evaluation": 0
  },
  {
    "correct_answer": "Carbon dioxide gas causes the dough to rise.",
    "retrieved_context": "BREAD Fermentation is a key process in developing the flavor and texture of bread FERMENTATION. BREAD Flour provides the gluten proteins necessary for bread's structure and elasticity FLOUR. FLOUR Water combines with flour to form gluten, a crucial step in developing bread's structure WATER. FERMENTATION Baking finalizes the fermentation process by using heat to cause the dough to rise further and set the structure of the bread BAKING. FLOUR Salt strengthens the gluten network formed by flour, affecting the texture of bread SALT. FLOUR Water combines with flour to form gluten, a crucial step in developing bread's structure WATER. FLOUR Salt strengthens the gluten network formed by flour, affecting the texture of bread SALT. GLUTEN Kneading is important for developing the gluten in the dough, which is essential for the bread's structure KNEADING. MAILLARD REACTION During baking, the Maillard Reaction occurs, responsible for the browning of the bread's crust and flavor development BAKING. YEAST The Maillard Reaction contributes to the flavor development in bread, a process that begins with yeast fermentation MAILLARD REACTION. YEAST Gluten forms a network that traps the carbon dioxide produced by yeast, allowing bread to rise GLUTEN. FERMENTATION Baking finalizes the fermentation process by using heat to cause the dough to rise further and set the structure of the bread BAKING. YEAST Water activates yeast, starting the fermentation process in bread baking WATER. YEAST Yeast plays a crucial role in the fermentation process, particularly in bread baking. During fermentation, yeast is responsible for producing carbon dioxide gas and alcohol. This production of carbon dioxide gas is what causes the dough to rise, leading to the light and airy texture of bread. Both entities, yeast and fermentation, are intimately connected in this process, with yeast being the active agent that drives fermentation, resulting in the transformation of dough into a risen bread product. FERMENTATION. FERMENTATION Baking finalizes the fermentation process by using heat to cause the dough to rise further and set the structure of the bread BAKING. MAILLARD REACTION During baking, the Maillard Reaction occurs, responsible for the browning of the bread's crust and flavor development BAKING.",
    "evaluation": 1
  },
  {
    "correct_answer": "Fermentation process produces alcohol, contributing to bread flavor.",
    "retrieved_context": "FERMENTATION Baking finalizes the fermentation process by using heat to cause the dough to rise further and set the structure of the bread BAKING. GLUTEN Kneading is important for developing the gluten in the dough, which is essential for the bread's structure KNEADING. MAILLARD REACTION During baking, the Maillard Reaction occurs, responsible for the browning of the bread's crust and flavor development BAKING. YEAST The Maillard Reaction contributes to the flavor development in bread, a process that begins with yeast fermentation MAILLARD REACTION. YEAST Gluten forms a network that traps the carbon dioxide produced by yeast, allowing bread to rise GLUTEN. FERMENTATION Baking finalizes the fermentation process by using heat to cause the dough to rise further and set the structure of the bread BAKING. YEAST Water activates yeast, starting the fermentation process in bread baking WATER. YEAST Yeast plays a crucial role in the fermentation process, particularly in bread baking. During fermentation, yeast is responsible for producing carbon dioxide gas and alcohol. This production of carbon dioxide gas is what causes the dough to rise, leading to the light and airy texture of bread. Both entities, yeast and fermentation, are intimately connected in this process, with yeast being the active agent that drives fermentation, resulting in the transformation of dough into a risen bread product. FERMENTATION. BREAD Fermentation is a key process in developing the flavor and texture of bread FERMENTATION. BREAD Flour provides the gluten proteins necessary for bread's structure and elasticity FLOUR. FLOUR Water combines with flour to form gluten, a crucial step in developing bread's structure WATER. FERMENTATION Baking finalizes the fermentation process by using heat to cause the dough to rise further and set the structure of the bread BAKING. FLOUR Salt strengthens the gluten network formed by flour, affecting the texture of bread SALT. MAILLARD REACTION During baking, the Maillard Reaction occurs, responsible for the browning of the bread's crust and flavor development BAKING. FLOUR Water combines with flour to form gluten, a crucial step in developing bread's structure WATER. FLOUR Salt strengthens the gluten network formed by flour, affecting the texture of bread SALT.",
    "evaluation": 0
  },
  {
    "correct_answer": "Longer fermentation time leads to more complex flavor in bread.",
    "retrieved_context": "BREAD Fermentation is a key process in developing the flavor and texture of bread FERMENTATION. BREAD Flour provides the gluten proteins necessary for bread's structure and elasticity FLOUR. FLOUR Water combines with flour to form gluten, a crucial step in developing bread's structure WATER. FERMENTATION Baking finalizes the fermentation process by using heat to cause the dough to rise further and set the structure of the bread BAKING. FLOUR Salt strengthens the gluten network formed by flour, affecting the texture of bread SALT. FERMENTATION Baking finalizes the fermentation process by using heat to cause the dough to rise further and set the structure of the bread BAKING. GLUTEN Kneading is important for developing the gluten in the dough, which is essential for the bread's structure KNEADING. MAILLARD REACTION During baking, the Maillard Reaction occurs, responsible for the browning of the bread's crust and flavor development BAKING. YEAST The Maillard Reaction contributes to the flavor development in bread, a process that begins with yeast fermentation MAILLARD REACTION. YEAST Gluten forms a network that traps the carbon dioxide produced by yeast, allowing bread to rise GLUTEN. FERMENTATION Baking finalizes the fermentation process by using heat to cause the dough to rise further and set the structure of the bread BAKING. YEAST Water activates yeast, starting the fermentation process in bread baking WATER. YEAST Yeast plays a crucial role in the fermentation process, particularly in bread baking. During fermentation, yeast is responsible for producing carbon dioxide gas and alcohol. This production of carbon dioxide gas is what causes the dough to rise, leading to the light and airy texture of bread. Both entities, yeast and fermentation, are intimately connected in this process, with yeast being the active agent that drives fermentation, resulting in the transformation of dough into a risen bread product. FERMENTATION. MAILLARD REACTION During baking, the Maillard Reaction occurs, responsible for the browning of the bread's crust and flavor development BAKING. FLOUR Water combines with flour to form gluten, a crucial step in developing bread's structure WATER. FLOUR Salt strengthens the gluten network formed by flour, affecting the texture of bread SALT. DEVELOPMENT OF GLUTEN STRUCTURE The development of gluten structure is a result of chemical reactions during kneading and baking CHEMICAL REACTIONS.",
    "evaluation": 0
  },
  {
    "correct_answer": "Flour contains proteins called gluten, giving bread structure.",
    "retrieved_context": "FLOUR Water combines with flour to form gluten, a crucial step in developing bread's structure WATER. FLOUR Salt strengthens the gluten network formed by flour, affecting the texture of bread SALT. DEVELOPMENT OF GLUTEN STRUCTURE The development of gluten structure is a result of chemical reactions during kneading and baking CHEMICAL REACTIONS. GLUTEN Kneading is important for developing the gluten in the dough, which is essential for the bread's structure KNEADING. BREAD Fermentation is a key process in developing the flavor and texture of bread FERMENTATION. BREAD Flour provides the gluten proteins necessary for bread's structure and elasticity FLOUR. FLOUR Water combines with flour to form gluten, a crucial step in developing bread's structure WATER. FERMENTATION Baking finalizes the fermentation process by using heat to cause the dough to rise further and set the structure of the bread BAKING. FLOUR Salt strengthens the gluten network formed by flour, affecting the texture of bread SALT. GLUTEN Kneading is important for developing the gluten in the dough, which is essential for the bread's structure KNEADING. MAILLARD REACTION During baking, the Maillard Reaction occurs, responsible for the browning of the bread's crust and flavor development BAKING. YEAST The Maillard Reaction contributes to the flavor development in bread, a process that begins with yeast fermentation MAILLARD REACTION. YEAST Gluten forms a network that traps the carbon dioxide produced by yeast, allowing bread to rise GLUTEN. FERMENTATION Baking finalizes the fermentation process by using heat to cause the dough to rise further and set the structure of the bread BAKING. YEAST Water activates yeast, starting the fermentation process in bread baking WATER. YEAST Yeast plays a crucial role in the fermentation process, particularly in bread baking. During fermentation, yeast is responsible for producing carbon dioxide gas and alcohol. This production of carbon dioxide gas is what causes the dough to rise, leading to the light and airy texture of bread. Both entities, yeast and fermentation, are intimately connected in this process, with yeast being the active agent that drives fermentation, resulting in the transformation of dough into a risen bread product. FERMENTATION. FERMENTATION Baking finalizes the fermentation process by using heat to cause the dough to rise further and set the structure of the bread BAKING.",
    "evaluation": 1
  },
  {
    "correct_answer": "Gluten network traps carbon dioxide gas, allowing dough to rise.",
    "retrieved_context": "GLUTEN Kneading is important for developing the gluten in the dough, which is essential for the bread's structure KNEADING. DEVELOPMENT OF GLUTEN STRUCTURE The development of gluten structure is a result of chemical reactions during kneading and baking CHEMICAL REACTIONS. FLOUR Water combines with flour to form gluten, a crucial step in developing bread's structure WATER. FLOUR Salt strengthens the gluten network formed by flour, affecting the texture of bread SALT. BREAD Fermentation is a key process in developing the flavor and texture of bread FERMENTATION. BREAD Flour provides the gluten proteins necessary for bread's structure and elasticity FLOUR. FLOUR Water combines with flour to form gluten, a crucial step in developing bread's structure WATER. FERMENTATION Baking finalizes the fermentation process by using heat to cause the dough to rise further and set the structure of the bread BAKING. FLOUR Salt strengthens the gluten network formed by flour, affecting the texture of bread SALT. GLUTEN Kneading is important for developing the gluten in the dough, which is essential for the bread's structure KNEADING. MAILLARD REACTION During baking, the Maillard Reaction occurs, responsible for the browning of the bread's crust and flavor development BAKING. YEAST The Maillard Reaction contributes to the flavor development in bread, a process that begins with yeast fermentation MAILLARD REACTION. YEAST Gluten forms a network that traps the carbon dioxide produced by yeast, allowing bread to rise GLUTEN. FERMENTATION Baking finalizes the fermentation process by using heat to cause the dough to rise further and set the structure of the bread BAKING. YEAST Water activates yeast, starting the fermentation process in bread baking WATER. YEAST Yeast plays a crucial role in the fermentation process, particularly in bread baking. During fermentation, yeast is responsible for producing carbon dioxide gas and alcohol. This production of carbon dioxide gas is what causes the dough to rise, leading to the light and airy texture of bread. Both entities, yeast and fermentation, are intimately connected in this process, with yeast being the active agent that drives fermentation, resulting in the transformation of dough into a risen bread product. FERMENTATION. MAILLARD REACTION During baking, the Maillard Reaction occurs, responsible for the browning of the bread's crust and flavor development BAKING.",
    "evaluation": 1
  },
  {
    "correct_answer": "Kneading strengthens gluten strands, giving bread structure.",
    "retrieved_context": "BREAD Fermentation is a key process in developing the flavor and texture of bread FERMENTATION. BREAD Flour provides the gluten proteins necessary for bread's structure and elasticity FLOUR. FLOUR Water combines with flour to form gluten, a crucial step in developing bread's structure WATER. FERMENTATION Baking finalizes the fermentation process by using heat to cause the dough to rise further and set the structure of the bread BAKING. FLOUR Salt strengthens the gluten network formed by flour, affecting the texture of bread SALT. DEVELOPMENT OF GLUTEN STRUCTURE The development of gluten structure is a result of chemical reactions during kneading and baking CHEMICAL REACTIONS. GLUTEN Kneading is important for developing the gluten in the dough, which is essential for the bread's structure KNEADING. FLOUR Water combines with flour to form gluten, a crucial step in developing bread's structure WATER. FLOUR Salt strengthens the gluten network formed by flour, affecting the texture of bread SALT. GLUTEN Kneading is important for developing the gluten in the dough, which is essential for the bread's structure KNEADING. MAILLARD REACTION During baking, the Maillard Reaction occurs, responsible for the browning of the bread's crust and flavor development BAKING. YEAST The Maillard Reaction contributes to the flavor development in bread, a process that begins with yeast fermentation MAILLARD REACTION. YEAST Gluten forms a network that traps the carbon dioxide produced by yeast, allowing bread to rise GLUTEN. FERMENTATION Baking finalizes the fermentation process by using heat to cause the dough to rise further and set the structure of the bread BAKING. YEAST Water activates yeast, starting the fermentation process in bread baking WATER. YEAST Yeast plays a crucial role in the fermentation process, particularly in bread baking. During fermentation, yeast is responsible for producing carbon dioxide gas and alcohol. This production of carbon dioxide gas is what causes the dough to rise, leading to the light and airy texture of bread. Both entities, yeast and fermentation, are intimately connected in this process, with yeast being the active agent that drives fermentation, resulting in the transformation of dough into a risen bread product. FERMENTATION. MAILLARD REACTION During baking, the Maillard Reaction occurs, responsible for the browning of the bread's crust and flavor development BAKING.",
    "evaluation": 1
  },
  {
    "correct_answer": "Proper kneading is crucial for bread to rise properly.",
    "retrieved_context": "BREAD Fermentation is a key process in developing the flavor and texture of bread FERMENTATION. BREAD Flour provides the gluten proteins necessary for bread's structure and elasticity FLOUR. FLOUR Water combines with flour to form gluten, a crucial step in developing bread's structure WATER. FERMENTATION Baking finalizes the fermentation process by using heat to cause the dough to rise further and set the structure of the bread BAKING. FLOUR Salt strengthens the gluten network formed by flour, affecting the texture of bread SALT. GLUTEN Kneading is important for developing the gluten in the dough, which is essential for the bread's structure KNEADING. MAILLARD REACTION During baking, the Maillard Reaction occurs, responsible for the browning of the bread's crust and flavor development BAKING. YEAST The Maillard Reaction contributes to the flavor development in bread, a process that begins with yeast fermentation MAILLARD REACTION. YEAST Gluten forms a network that traps the carbon dioxide produced by yeast, allowing bread to rise GLUTEN. FERMENTATION Baking finalizes the fermentation process by using heat to cause the dough to rise further and set the structure of the bread BAKING. YEAST Water activates yeast, starting the fermentation process in bread baking WATER. YEAST Yeast plays a crucial role in the fermentation process, particularly in bread baking. During fermentation, yeast is responsible for producing carbon dioxide gas and alcohol. This production of carbon dioxide gas is what causes the dough to rise, leading to the light and airy texture of bread. Both entities, yeast and fermentation, are intimately connected in this process, with yeast being the active agent that drives fermentation, resulting in the transformation of dough into a risen bread product. FERMENTATION. FLOUR Water combines with flour to form gluten, a crucial step in developing bread's structure WATER. FLOUR Salt strengthens the gluten network formed by flour, affecting the texture of bread SALT. FERMENTATION Baking finalizes the fermentation process by using heat to cause the dough to rise further and set the structure of the bread BAKING. DEVELOPMENT OF GLUTEN STRUCTURE The development of gluten structure is a result of chemical reactions during kneading and baking CHEMICAL REACTIONS.",
    "evaluation": 1
  },
  {
    "correct_answer": "Baking bread involves the interaction of heat with dough ingredients.",
    "retrieved_context": "BREAD Fermentation is a key process in developing the flavor and texture of bread FERMENTATION. BREAD Flour provides the gluten proteins necessary for bread's structure and elasticity FLOUR. FLOUR Water combines with flour to form gluten, a crucial step in developing bread's structure WATER. FERMENTATION Baking finalizes the fermentation process by using heat to cause the dough to rise further and set the structure of the bread BAKING. FLOUR Salt strengthens the gluten network formed by flour, affecting the texture of bread SALT. HOT OVEN A hot oven supports the fermentation of yeast by providing the optimal temperature for yeast activity FERMENTATION OF YEAST. MAILLARD REACTION During baking, the Maillard Reaction occurs, responsible for the browning of the bread's crust and flavor development BAKING. GLUTEN Kneading is important for developing the gluten in the dough, which is essential for the bread's structure KNEADING. MAILLARD REACTION During baking, the Maillard Reaction occurs, responsible for the browning of the bread's crust and flavor development BAKING. YEAST The Maillard Reaction contributes to the flavor development in bread, a process that begins with yeast fermentation MAILLARD REACTION. YEAST Gluten forms a network that traps the carbon dioxide produced by yeast, allowing bread to rise GLUTEN. FERMENTATION Baking finalizes the fermentation process by using heat to cause the dough to rise further and set the structure of the bread BAKING. YEAST Water activates yeast, starting the fermentation process in bread baking WATER. YEAST Yeast plays a crucial role in the fermentation process, particularly in bread baking. During fermentation, yeast is responsible for producing carbon dioxide gas and alcohol. This production of carbon dioxide gas is what causes the dough to rise, leading to the light and airy texture of bread. Both entities, yeast and fermentation, are intimately connected in this process, with yeast being the active agent that drives fermentation, resulting in the transformation of dough into a risen bread product. FERMENTATION. FLOUR Water combines with flour to form gluten, a crucial step in developing bread's structure WATER. FLOUR Salt strengthens the gluten network formed by flour, affecting the texture of bread SALT. FERMENTATION Baking finalizes the fermentation process by using heat to cause the dough to rise further and set the structure of the bread BAKING.",
    "evaluation": 1
  },
  {
    "correct_answer": "Heat in the oven causes yeast to become more active.",
    "retrieved_context": "GLUTEN Kneading is important for developing the gluten in the dough, which is essential for the bread's structure KNEADING. MAILLARD REACTION During baking, the Maillard Reaction occurs, responsible for the browning of the bread's crust and flavor development BAKING. YEAST The Maillard Reaction contributes to the flavor development in bread, a process that begins with yeast fermentation MAILLARD REACTION. YEAST Gluten forms a network that traps the carbon dioxide produced by yeast, allowing bread to rise GLUTEN. FERMENTATION Baking finalizes the fermentation process by using heat to cause the dough to rise further and set the structure of the bread BAKING. YEAST Water activates yeast, starting the fermentation process in bread baking WATER. YEAST Yeast plays a crucial role in the fermentation process, particularly in bread baking. During fermentation, yeast is responsible for producing carbon dioxide gas and alcohol. This production of carbon dioxide gas is what causes the dough to rise, leading to the light and airy texture of bread. Both entities, yeast and fermentation, are intimately connected in this process, with yeast being the active agent that drives fermentation, resulting in the transformation of dough into a risen bread product. FERMENTATION. HOT OVEN A hot oven supports the fermentation of yeast by providing the optimal temperature for yeast activity FERMENTATION OF YEAST. FERMENTATION Baking finalizes the fermentation process by using heat to cause the dough to rise further and set the structure of the bread BAKING. MAILLARD REACTION During baking, the Maillard Reaction occurs, responsible for the browning of the bread's crust and flavor development BAKING. BREAD Fermentation is a key process in developing the flavor and texture of bread FERMENTATION. BREAD Flour provides the gluten proteins necessary for bread's structure and elasticity FLOUR. FLOUR Water combines with flour to form gluten, a crucial step in developing bread's structure WATER. FERMENTATION Baking finalizes the fermentation process by using heat to cause the dough to rise further and set the structure of the bread BAKING. FLOUR Salt strengthens the gluten network formed by flour, affecting the texture of bread SALT. FLOUR Water combines with flour to form gluten, a crucial step in developing bread's structure WATER. FLOUR Salt strengthens the gluten network formed by flour, affecting the texture of bread SALT.",
    "evaluation": 0
  },
  {
    "correct_answer": "The Maillard reaction is responsible for browning the crust.",
    "retrieved_context": "MAILLARD REACTION During baking, the Maillard Reaction occurs, responsible for the browning of the bread's crust and flavor development BAKING. FERMENTATION Baking finalizes the fermentation process by using heat to cause the dough to rise further and set the structure of the bread BAKING. HOT OVEN A hot oven supports the fermentation of yeast by providing the optimal temperature for yeast activity FERMENTATION OF YEAST. FLOUR Water combines with flour to form gluten, a crucial step in developing bread's structure WATER. FLOUR Salt strengthens the gluten network formed by flour, affecting the texture of bread SALT. BREAD Fermentation is a key process in developing the flavor and texture of bread FERMENTATION. BREAD Flour provides the gluten proteins necessary for bread's structure and elasticity FLOUR. FLOUR Water combines with flour to form gluten, a crucial step in developing bread's structure WATER. FERMENTATION Baking finalizes the fermentation process by using heat to cause the dough to rise further and set the structure of the bread BAKING. FLOUR Salt strengthens the gluten network formed by flour, affecting the texture of bread SALT. GLUTEN Kneading is important for developing the gluten in the dough, which is essential for the bread's structure KNEADING. MAILLARD REACTION During baking, the Maillard Reaction occurs, responsible for the browning of the bread's crust and flavor development BAKING. YEAST The Maillard Reaction contributes to the flavor development in bread, a process that begins with yeast fermentation MAILLARD REACTION. YEAST Gluten forms a network that traps the carbon dioxide produced by yeast, allowing bread to rise GLUTEN. FERMENTATION Baking finalizes the fermentation process by using heat to cause the dough to rise further and set the structure of the bread BAKING. YEAST Water activates yeast, starting the fermentation process in bread baking WATER. YEAST Yeast plays a crucial role in the fermentation process, particularly in bread baking. During fermentation, yeast is responsible for producing carbon dioxide gas and alcohol. This production of carbon dioxide gas is what causes the dough to rise, leading to the light and airy texture of bread. Both entities, yeast and fermentation, are intimately connected in this process, with yeast being the active agent that drives fermentation, resulting in the transformation of dough into a risen bread product. FERMENTATION.",
    "evaluation": 1
  },
  {
    "accuracy": "60.00%"
  }
]