[
  {
    "correct_answer": "Dreams are interpreted as messages from the divine.",
    "retrieved_context": "DREAMS Dreams are considered a manifestation of the unconscious mind, revealing hidden desires and conflicts UNCONSCIOUS MIND. DREAMS Sigmund Freud's psychoanalytic theory posits that dreams are a window into the unconscious mind SIGMUND FREUD. DREAMS Dreams are a significant focus in psychoanalysis for understanding the unconscious aspects of the psyche PSYCHOANALYSIS. DREAMS Dreams are associated with the process of memory consolidation, suggesting a role in enhancing memory performance MEMORY CONSOLIDATION. SIGMUND FREUD Sigmund Freud is a foundational figure in psychology, particularly in the study of dreams and the unconscious PSYCHOLOGY. DREAMS Lucid dreaming is a specific aspect of dreams being studied for its potential in creativity and problem-solving LUCID DREAMING. DREAMS Psychologists study dreams to gain insights into a person's emotional state and cognitive processes PSYCHOLOGISTS. PSYCHOLOGY Psychoanalysis is a branch of psychology that emphasizes the study of unconscious processes and dreams PSYCHOANALYSIS. DREAMS Dreams are a subject of study within psychology, providing insights into the unconscious mind and emotional processing PSYCHOLOGY. SIGMUND FREUD Psychoanalysis was founded by Sigmund Freud, who developed theories about the unconscious mind and dreams PSYCHOANALYSIS. PSYCHOLOGY Psychoanalysis is a branch of psychology that emphasizes the study of unconscious processes and dreams PSYCHOANALYSIS. SIGMUND FREUD Sigmund Freud is a foundational figure in psychology, particularly in the study of dreams and the unconscious PSYCHOLOGY. SIGMUND FREUD Psychoanalysis was founded by Sigmund Freud, who developed theories about the unconscious mind and dreams PSYCHOANALYSIS. PSYCHOLOGY Psychoanalysis is a branch of psychology that emphasizes the study of unconscious processes and dreams PSYCHOANALYSIS.",
    "evaluation": 0
  },
  {
    "correct_answer": "Dreams are interpreted as windows into the subconscious mind.",
    "retrieved_context": "DREAMS Dreams are considered a manifestation of the unconscious mind, revealing hidden desires and conflicts UNCONSCIOUS MIND. DREAMS Sigmund Freud's psychoanalytic theory posits that dreams are a window into the unconscious mind SIGMUND FREUD. DREAMS Dreams are a significant focus in psychoanalysis for understanding the unconscious aspects of the psyche PSYCHOANALYSIS. DREAMS Dreams are associated with the process of memory consolidation, suggesting a role in enhancing memory performance MEMORY CONSOLIDATION. SIGMUND FREUD Sigmund Freud is a foundational figure in psychology, particularly in the study of dreams and the unconscious PSYCHOLOGY. DREAMS Lucid dreaming is a specific aspect of dreams being studied for its potential in creativity and problem-solving LUCID DREAMING. DREAMS Psychologists study dreams to gain insights into a person's emotional state and cognitive processes PSYCHOLOGISTS. PSYCHOLOGY Psychoanalysis is a branch of psychology that emphasizes the study of unconscious processes and dreams PSYCHOANALYSIS. DREAMS Dreams are a subject of study within psychology, providing insights into the unconscious mind and emotional processing PSYCHOLOGY. SIGMUND FREUD Psychoanalysis was founded by Sigmund Freud, who developed theories about the unconscious mind and dreams PSYCHOANALYSIS. PSYCHOLOGY Psychoanalysis is a branch of psychology that emphasizes the study of unconscious processes and dreams PSYCHOANALYSIS. SIGMUND FREUD Sigmund Freud is a foundational figure in psychology, particularly in the study of dreams and the unconscious PSYCHOLOGY. SIGMUND FREUD Psychoanalysis was founded by Sigmund Freud, who developed theories about the unconscious mind and dreams PSYCHOANALYSIS. PSYCHOLOGY Psychoanalysis is a branch of psychology that emphasizes the study of unconscious processes and dreams PSYCHOANALYSIS.",
    "evaluation": 1
  },
  {
    "correct_answer": "Dreams are interpreted as mere random firings of the brain.",
    "retrieved_context": "DREAMS Dreams are considered a manifestation of the unconscious mind, revealing hidden desires and conflicts UNCONSCIOUS MIND. DREAMS Sigmund Freud's psychoanalytic theory posits that dreams are a window into the unconscious mind SIGMUND FREUD. DREAMS Dreams are a significant focus in psychoanalysis for understanding the unconscious aspects of the psyche PSYCHOANALYSIS. DREAMS Dreams are associated with the process of memory consolidation, suggesting a role in enhancing memory performance MEMORY CONSOLIDATION. SIGMUND FREUD Sigmund Freud is a foundational figure in psychology, particularly in the study of dreams and the unconscious PSYCHOLOGY. DREAMS Lucid dreaming is a specific aspect of dreams being studied for its potential in creativity and problem-solving LUCID DREAMING. DREAMS Psychologists study dreams to gain insights into a person's emotional state and cognitive processes PSYCHOLOGISTS. PSYCHOLOGY Psychoanalysis is a branch of psychology that emphasizes the study of unconscious processes and dreams PSYCHOANALYSIS. DREAMS Dreams are a subject of study within psychology, providing insights into the unconscious mind and emotional processing PSYCHOLOGY. SIGMUND FREUD Psychoanalysis was founded by Sigmund Freud, who developed theories about the unconscious mind and dreams PSYCHOANALYSIS. PSYCHOLOGY Psychoanalysis is a branch of psychology that emphasizes the study of unconscious processes and dreams PSYCHOANALYSIS. SIGMUND FREUD Sigmund Freud is a foundational figure in psychology, particularly in the study of dreams and the unconscious PSYCHOLOGY. SIGMUND FREUD Psychoanalysis was founded by Sigmund Freud, who developed theories about the unconscious mind and dreams PSYCHOANALYSIS. PSYCHOLOGY Psychoanalysis is a branch of psychology that emphasizes the study of unconscious processes and dreams PSYCHOANALYSIS.",
    "evaluation": 0
  },
  {
    "correct_answer": "Dreams have long been a subject of interest and study in psychology.",
    "retrieved_context": "DREAMS Dreams are considered a manifestation of the unconscious mind, revealing hidden desires and conflicts UNCONSCIOUS MIND. DREAMS Sigmund Freud's psychoanalytic theory posits that dreams are a window into the unconscious mind SIGMUND FREUD. DREAMS Dreams are a significant focus in psychoanalysis for understanding the unconscious aspects of the psyche PSYCHOANALYSIS. DREAMS Dreams are associated with the process of memory consolidation, suggesting a role in enhancing memory performance MEMORY CONSOLIDATION. SIGMUND FREUD Sigmund Freud is a foundational figure in psychology, particularly in the study of dreams and the unconscious PSYCHOLOGY. DREAMS Lucid dreaming is a specific aspect of dreams being studied for its potential in creativity and problem-solving LUCID DREAMING. DREAMS Psychologists study dreams to gain insights into a person's emotional state and cognitive processes PSYCHOLOGISTS. PSYCHOLOGY Psychoanalysis is a branch of psychology that emphasizes the study of unconscious processes and dreams PSYCHOANALYSIS. DREAMS Dreams are a subject of study within psychology, providing insights into the unconscious mind and emotional processing PSYCHOLOGY. SIGMUND FREUD Psychoanalysis was founded by Sigmund Freud, who developed theories about the unconscious mind and dreams PSYCHOANALYSIS. PSYCHOLOGY Psychoanalysis is a branch of psychology that emphasizes the study of unconscious processes and dreams PSYCHOANALYSIS. SIGMUND FREUD Sigmund Freud is a foundational figure in psychology, particularly in the study of dreams and the unconscious PSYCHOLOGY. SIGMUND FREUD Psychoanalysis was founded by Sigmund Freud, who developed theories about the unconscious mind and dreams PSYCHOANALYSIS. PSYCHOLOGY Psychoanalysis is a branch of psychology that emphasizes the study of unconscious processes and dreams PSYCHOANALYSIS.",
    "evaluation": 1
  },
  {
    "correct_answer": "Dreams provide a glimpse into the unconscious mind.",
    "retrieved_context": "DREAMS Dreams are considered a manifestation of the unconscious mind, revealing hidden desires and conflicts UNCONSCIOUS MIND. DREAMS Sigmund Freud's psychoanalytic theory posits that dreams are a window into the unconscious mind SIGMUND FREUD. DREAMS Dreams are a significant focus in psychoanalysis for understanding the unconscious aspects of the psyche PSYCHOANALYSIS. DREAMS Dreams are associated with the process of memory consolidation, suggesting a role in enhancing memory performance MEMORY CONSOLIDATION. SIGMUND FREUD Sigmund Freud is a foundational figure in psychology, particularly in the study of dreams and the unconscious PSYCHOLOGY. DREAMS Lucid dreaming is a specific aspect of dreams being studied for its potential in creativity and problem-solving LUCID DREAMING. DREAMS Psychologists study dreams to gain insights into a person's emotional state and cognitive processes PSYCHOLOGISTS. PSYCHOLOGY Psychoanalysis is a branch of psychology that emphasizes the study of unconscious processes and dreams PSYCHOANALYSIS. DREAMS Dreams are a subject of study within psychology, providing insights into the unconscious mind and emotional processing PSYCHOLOGY. SIGMUND FREUD Psychoanalysis was founded by Sigmund Freud, who developed theories about the unconscious mind and dreams PSYCHOANALYSIS. PSYCHOLOGY Psychoanalysis is a branch of psychology that emphasizes the study of unconscious processes and dreams PSYCHOANALYSIS. SIGMUND FREUD Sigmund Freud is a foundational figure in psychology, particularly in the study of dreams and the unconscious PSYCHOLOGY. SIGMUND FREUD Psychoanalysis was founded by Sigmund Freud, who developed theories about the unconscious mind and dreams PSYCHOANALYSIS. PSYCHOLOGY Psychoanalysis is a branch of psychology that emphasizes the study of unconscious processes and dreams PSYCHOANALYSIS.",
    "evaluation": 1
  },
  {
    "correct_answer": "Freud argued that dreams are symbolic expressions of repressed desires.",
    "retrieved_context": "DREAMS Dreams are considered a manifestation of the unconscious mind, revealing hidden desires and conflicts UNCONSCIOUS MIND. DREAMS Sigmund Freud's psychoanalytic theory posits that dreams are a window into the unconscious mind SIGMUND FREUD. DREAMS Dreams are a significant focus in psychoanalysis for understanding the unconscious aspects of the psyche PSYCHOANALYSIS. DREAMS Dreams are associated with the process of memory consolidation, suggesting a role in enhancing memory performance MEMORY CONSOLIDATION. SIGMUND FREUD Sigmund Freud is a foundational figure in psychology, particularly in the study of dreams and the unconscious PSYCHOLOGY. DREAMS Lucid dreaming is a specific aspect of dreams being studied for its potential in creativity and problem-solving LUCID DREAMING. DREAMS Psychologists study dreams to gain insights into a person's emotional state and cognitive processes PSYCHOLOGISTS. PSYCHOLOGY Psychoanalysis is a branch of psychology that emphasizes the study of unconscious processes and dreams PSYCHOANALYSIS. DREAMS Dreams are a subject of study within psychology, providing insights into the unconscious mind and emotional processing PSYCHOLOGY. SIGMUND FREUD Psychoanalysis was founded by Sigmund Freud, who developed theories about the unconscious mind and dreams PSYCHOANALYSIS. SIGMUND FREUD Sigmund Freud is a foundational figure in psychology, particularly in the study of dreams and the unconscious PSYCHOLOGY. SIGMUND FREUD Psychoanalysis was founded by Sigmund Freud, who developed theories about the unconscious mind and dreams PSYCHOANALYSIS. PSYCHOLOGY Psychoanalysis is a branch of psychology that emphasizes the study of unconscious processes and dreams PSYCHOANALYSIS. PSYCHOLOGY Psychoanalysis is a branch of psychology that emphasizes the study of unconscious processes and dreams PSYCHOANALYSIS.",
    "evaluation": 0
  },
  {
    "correct_answer": "Dreams reflect the emotional experiences of the dreamer.",
    "retrieved_context": "DREAMS Dreams are considered a manifestation of the unconscious mind, revealing hidden desires and conflicts UNCONSCIOUS MIND. DREAMS Sigmund Freud's psychoanalytic theory posits that dreams are a window into the unconscious mind SIGMUND FREUD. DREAMS Dreams are a significant focus in psychoanalysis for understanding the unconscious aspects of the psyche PSYCHOANALYSIS. DREAMS Dreams are associated with the process of memory consolidation, suggesting a role in enhancing memory performance MEMORY CONSOLIDATION. SIGMUND FREUD Sigmund Freud is a foundational figure in psychology, particularly in the study of dreams and the unconscious PSYCHOLOGY. DREAMS Lucid dreaming is a specific aspect of dreams being studied for its potential in creativity and problem-solving LUCID DREAMING. DREAMS Psychologists study dreams to gain insights into a person's emotional state and cognitive processes PSYCHOLOGISTS. PSYCHOLOGY Psychoanalysis is a branch of psychology that emphasizes the study of unconscious processes and dreams PSYCHOANALYSIS. DREAMS Dreams are a subject of study within psychology, providing insights into the unconscious mind and emotional processing PSYCHOLOGY. SIGMUND FREUD Psychoanalysis was founded by Sigmund Freud, who developed theories about the unconscious mind and dreams PSYCHOANALYSIS. PSYCHOLOGY Psychoanalysis is a branch of psychology that emphasizes the study of unconscious processes and dreams PSYCHOANALYSIS. SIGMUND FREUD Sigmund Freud is a foundational figure in psychology, particularly in the study of dreams and the unconscious PSYCHOLOGY. SIGMUND FREUD Psychoanalysis was founded by Sigmund Freud, who developed theories about the unconscious mind and dreams PSYCHOANALYSIS. PSYCHOLOGY Psychoanalysis is a branch of psychology that emphasizes the study of unconscious processes and dreams PSYCHOANALYSIS.",
    "evaluation": 0
  },
  {
    "correct_answer": "High stress or anxiety may lead to more frequent and intense nightmares.",
    "retrieved_context": "DREAMS Dreams are considered a manifestation of the unconscious mind, revealing hidden desires and conflicts UNCONSCIOUS MIND. DREAMS Sigmund Freud's psychoanalytic theory posits that dreams are a window into the unconscious mind SIGMUND FREUD. DREAMS Dreams are a significant focus in psychoanalysis for understanding the unconscious aspects of the psyche PSYCHOANALYSIS. DREAMS Dreams are associated with the process of memory consolidation, suggesting a role in enhancing memory performance MEMORY CONSOLIDATION. SIGMUND FREUD Sigmund Freud is a foundational figure in psychology, particularly in the study of dreams and the unconscious PSYCHOLOGY. DREAMS Lucid dreaming is a specific aspect of dreams being studied for its potential in creativity and problem-solving LUCID DREAMING. DREAMS Psychologists study dreams to gain insights into a person's emotional state and cognitive processes PSYCHOLOGISTS. PSYCHOLOGY Psychoanalysis is a branch of psychology that emphasizes the study of unconscious processes and dreams PSYCHOANALYSIS. DREAMS Dreams are a subject of study within psychology, providing insights into the unconscious mind and emotional processing PSYCHOLOGY. SIGMUND FREUD Psychoanalysis was founded by Sigmund Freud, who developed theories about the unconscious mind and dreams PSYCHOANALYSIS. SIGMUND FREUD Sigmund Freud is a foundational figure in psychology, particularly in the study of dreams and the unconscious PSYCHOLOGY. SIGMUND FREUD Psychoanalysis was founded by Sigmund Freud, who developed theories about the unconscious mind and dreams PSYCHOANALYSIS. PSYCHOLOGY Psychoanalysis is a branch of psychology that emphasizes the study of unconscious processes and dreams PSYCHOANALYSIS. PSYCHOLOGY Psychoanalysis is a branch of psychology that emphasizes the study of unconscious processes and dreams PSYCHOANALYSIS.",
    "evaluation": 0
  },
  {
    "correct_answer": "Happy and content individuals may have more pleasant dreams.",
    "retrieved_context": "DREAMS Dreams are considered a manifestation of the unconscious mind, revealing hidden desires and conflicts UNCONSCIOUS MIND. DREAMS Sigmund Freud's psychoanalytic theory posits that dreams are a window into the unconscious mind SIGMUND FREUD. DREAMS Dreams are a significant focus in psychoanalysis for understanding the unconscious aspects of the psyche PSYCHOANALYSIS. DREAMS Dreams are associated with the process of memory consolidation, suggesting a role in enhancing memory performance MEMORY CONSOLIDATION. SIGMUND FREUD Sigmund Freud is a foundational figure in psychology, particularly in the study of dreams and the unconscious PSYCHOLOGY. DREAMS Lucid dreaming is a specific aspect of dreams being studied for its potential in creativity and problem-solving LUCID DREAMING. DREAMS Psychologists study dreams to gain insights into a person's emotional state and cognitive processes PSYCHOLOGISTS. PSYCHOLOGY Psychoanalysis is a branch of psychology that emphasizes the study of unconscious processes and dreams PSYCHOANALYSIS. DREAMS Dreams are a subject of study within psychology, providing insights into the unconscious mind and emotional processing PSYCHOLOGY. SIGMUND FREUD Psychoanalysis was founded by Sigmund Freud, who developed theories about the unconscious mind and dreams PSYCHOANALYSIS. PSYCHOLOGY Psychoanalysis is a branch of psychology that emphasizes the study of unconscious processes and dreams PSYCHOANALYSIS. SIGMUND FREUD Sigmund Freud is a foundational figure in psychology, particularly in the study of dreams and the unconscious PSYCHOLOGY. SIGMUND FREUD Psychoanalysis was founded by Sigmund Freud, who developed theories about the unconscious mind and dreams PSYCHOANALYSIS. PSYCHOLOGY Psychoanalysis is a branch of psychology that emphasizes the study of unconscious processes and dreams PSYCHOANALYSIS.",
    "evaluation": 0
  },
  {
    "correct_answer": "Dreaming is associated with memory consolidation and processing.",
    "retrieved_context": "DREAMS Dreams are considered a manifestation of the unconscious mind, revealing hidden desires and conflicts UNCONSCIOUS MIND. DREAMS Sigmund Freud's psychoanalytic theory posits that dreams are a window into the unconscious mind SIGMUND FREUD. DREAMS Dreams are a significant focus in psychoanalysis for understanding the unconscious aspects of the psyche PSYCHOANALYSIS. DREAMS Dreams are associated with the process of memory consolidation, suggesting a role in enhancing memory performance MEMORY CONSOLIDATION. SIGMUND FREUD Sigmund Freud is a foundational figure in psychology, particularly in the study of dreams and the unconscious PSYCHOLOGY. DREAMS Lucid dreaming is a specific aspect of dreams being studied for its potential in creativity and problem-solving LUCID DREAMING. DREAMS Psychologists study dreams to gain insights into a person's emotional state and cognitive processes PSYCHOLOGISTS. PSYCHOLOGY Psychoanalysis is a branch of psychology that emphasizes the study of unconscious processes and dreams PSYCHOANALYSIS. DREAMS Dreams are a subject of study within psychology, providing insights into the unconscious mind and emotional processing PSYCHOLOGY. SIGMUND FREUD Psychoanalysis was founded by Sigmund Freud, who developed theories about the unconscious mind and dreams PSYCHOANALYSIS. PSYCHOLOGY Psychoanalysis is a branch of psychology that emphasizes the study of unconscious processes and dreams PSYCHOANALYSIS. SIGMUND FREUD Sigmund Freud is a foundational figure in psychology, particularly in the study of dreams and the unconscious PSYCHOLOGY. SIGMUND FREUD Psychoanalysis was founded by Sigmund Freud, who developed theories about the unconscious mind and dreams PSYCHOANALYSIS. PSYCHOLOGY Psychoanalysis is a branch of psychology that emphasizes the study of unconscious processes and dreams PSYCHOANALYSIS.",
    "evaluation": 1
  },
  {
    "correct_answer": "Dreaming is linked to enhanced memory performance.",
    "retrieved_context": "DREAMS Dreams are considered a manifestation of the unconscious mind, revealing hidden desires and conflicts UNCONSCIOUS MIND. DREAMS Sigmund Freud's psychoanalytic theory posits that dreams are a window into the unconscious mind SIGMUND FREUD. DREAMS Dreams are a significant focus in psychoanalysis for understanding the unconscious aspects of the psyche PSYCHOANALYSIS. DREAMS Dreams are associated with the process of memory consolidation, suggesting a role in enhancing memory performance MEMORY CONSOLIDATION. SIGMUND FREUD Sigmund Freud is a foundational figure in psychology, particularly in the study of dreams and the unconscious PSYCHOLOGY. DREAMS Lucid dreaming is a specific aspect of dreams being studied for its potential in creativity and problem-solving LUCID DREAMING. DREAMS Psychologists study dreams to gain insights into a person's emotional state and cognitive processes PSYCHOLOGISTS. PSYCHOLOGY Psychoanalysis is a branch of psychology that emphasizes the study of unconscious processes and dreams PSYCHOANALYSIS. DREAMS Dreams are a subject of study within psychology, providing insights into the unconscious mind and emotional processing PSYCHOLOGY. SIGMUND FREUD Psychoanalysis was founded by Sigmund Freud, who developed theories about the unconscious mind and dreams PSYCHOANALYSIS. PSYCHOLOGY Psychoanalysis is a branch of psychology that emphasizes the study of unconscious processes and dreams PSYCHOANALYSIS. SIGMUND FREUD Sigmund Freud is a foundational figure in psychology, particularly in the study of dreams and the unconscious PSYCHOLOGY. SIGMUND FREUD Psychoanalysis was founded by Sigmund Freud, who developed theories about the unconscious mind and dreams PSYCHOANALYSIS. PSYCHOLOGY Psychoanalysis is a branch of psychology that emphasizes the study of unconscious processes and dreams PSYCHOANALYSIS.",
    "evaluation": 1
  },
  {
    "correct_answer": "Dreams can lead to insightful or creative ideas.",
    "retrieved_context": "DREAMS Dreams are considered a manifestation of the unconscious mind, revealing hidden desires and conflicts UNCONSCIOUS MIND. DREAMS Sigmund Freud's psychoanalytic theory posits that dreams are a window into the unconscious mind SIGMUND FREUD. DREAMS Dreams are a significant focus in psychoanalysis for understanding the unconscious aspects of the psyche PSYCHOANALYSIS. DREAMS Dreams are associated with the process of memory consolidation, suggesting a role in enhancing memory performance MEMORY CONSOLIDATION. SIGMUND FREUD Sigmund Freud is a foundational figure in psychology, particularly in the study of dreams and the unconscious PSYCHOLOGY. DREAMS Lucid dreaming is a specific aspect of dreams being studied for its potential in creativity and problem-solving LUCID DREAMING. DREAMS Psychologists study dreams to gain insights into a person's emotional state and cognitive processes PSYCHOLOGISTS. PSYCHOLOGY Psychoanalysis is a branch of psychology that emphasizes the study of unconscious processes and dreams PSYCHOANALYSIS. DREAMS Dreams are a subject of study within psychology, providing insights into the unconscious mind and emotional processing PSYCHOLOGY. SIGMUND FREUD Psychoanalysis was founded by Sigmund Freud, who developed theories about the unconscious mind and dreams PSYCHOANALYSIS. PSYCHOLOGY Psychoanalysis is a branch of psychology that emphasizes the study of unconscious processes and dreams PSYCHOANALYSIS. SIGMUND FREUD Sigmund Freud is a foundational figure in psychology, particularly in the study of dreams and the unconscious PSYCHOLOGY. SIGMUND FREUD Psychoanalysis was founded by Sigmund Freud, who developed theories about the unconscious mind and dreams PSYCHOANALYSIS. PSYCHOLOGY Psychoanalysis is a branch of psychology that emphasizes the study of unconscious processes and dreams PSYCHOANALYSIS.",
    "evaluation": 0
  },
  {
    "correct_answer": "Lucid dreaming is studied as a potential tool for enhancing creativity.",
    "retrieved_context": "DREAMS Dreams are considered a manifestation of the unconscious mind, revealing hidden desires and conflicts UNCONSCIOUS MIND. DREAMS Sigmund Freud's psychoanalytic theory posits that dreams are a window into the unconscious mind SIGMUND FREUD. DREAMS Dreams are a significant focus in psychoanalysis for understanding the unconscious aspects of the psyche PSYCHOANALYSIS. DREAMS Dreams are associated with the process of memory consolidation, suggesting a role in enhancing memory performance MEMORY CONSOLIDATION. SIGMUND FREUD Sigmund Freud is a foundational figure in psychology, particularly in the study of dreams and the unconscious PSYCHOLOGY. DREAMS Lucid dreaming is a specific aspect of dreams being studied for its potential in creativity and problem-solving LUCID DREAMING. DREAMS Psychologists study dreams to gain insights into a person's emotional state and cognitive processes PSYCHOLOGISTS. PSYCHOLOGY Psychoanalysis is a branch of psychology that emphasizes the study of unconscious processes and dreams PSYCHOANALYSIS. DREAMS Dreams are a subject of study within psychology, providing insights into the unconscious mind and emotional processing PSYCHOLOGY. SIGMUND FREUD Psychoanalysis was founded by Sigmund Freud, who developed theories about the unconscious mind and dreams PSYCHOANALYSIS. PSYCHOLOGY Psychoanalysis is a branch of psychology that emphasizes the study of unconscious processes and dreams PSYCHOANALYSIS. SIGMUND FREUD Sigmund Freud is a foundational figure in psychology, particularly in the study of dreams and the unconscious PSYCHOLOGY. SIGMUND FREUD Psychoanalysis was founded by Sigmund Freud, who developed theories about the unconscious mind and dreams PSYCHOANALYSIS. PSYCHOLOGY Psychoanalysis is a branch of psychology that emphasizes the study of unconscious processes and dreams PSYCHOANALYSIS.",
    "evaluation": 0
  },
  {
    "correct_answer": "Dreams offer valuable insights into the workings of the human mind.",
    "retrieved_context": "DREAMS Dreams are considered a manifestation of the unconscious mind, revealing hidden desires and conflicts UNCONSCIOUS MIND. DREAMS Sigmund Freud's psychoanalytic theory posits that dreams are a window into the unconscious mind SIGMUND FREUD. DREAMS Dreams are a significant focus in psychoanalysis for understanding the unconscious aspects of the psyche PSYCHOANALYSIS. DREAMS Dreams are associated with the process of memory consolidation, suggesting a role in enhancing memory performance MEMORY CONSOLIDATION. SIGMUND FREUD Sigmund Freud is a foundational figure in psychology, particularly in the study of dreams and the unconscious PSYCHOLOGY. DREAMS Lucid dreaming is a specific aspect of dreams being studied for its potential in creativity and problem-solving LUCID DREAMING. DREAMS Psychologists study dreams to gain insights into a person's emotional state and cognitive processes PSYCHOLOGISTS. PSYCHOLOGY Psychoanalysis is a branch of psychology that emphasizes the study of unconscious processes and dreams PSYCHOANALYSIS. DREAMS Dreams are a subject of study within psychology, providing insights into the unconscious mind and emotional processing PSYCHOLOGY. SIGMUND FREUD Psychoanalysis was founded by Sigmund Freud, who developed theories about the unconscious mind and dreams PSYCHOANALYSIS. PSYCHOLOGY Psychoanalysis is a branch of psychology that emphasizes the study of unconscious processes and dreams PSYCHOANALYSIS. SIGMUND FREUD Sigmund Freud is a foundational figure in psychology, particularly in the study of dreams and the unconscious PSYCHOLOGY. SIGMUND FREUD Psychoanalysis was founded by Sigmund Freud, who developed theories about the unconscious mind and dreams PSYCHOANALYSIS. PSYCHOLOGY Psychoanalysis is a branch of psychology that emphasizes the study of unconscious processes and dreams PSYCHOANALYSIS.",
    "evaluation": 1
  },
  {
    "correct_answer": "Dreams are a powerful tool for self-reflection and personal growth.",
    "retrieved_context": "DREAMS Dreams are considered a manifestation of the unconscious mind, revealing hidden desires and conflicts UNCONSCIOUS MIND. DREAMS Sigmund Freud's psychoanalytic theory posits that dreams are a window into the unconscious mind SIGMUND FREUD. DREAMS Dreams are a significant focus in psychoanalysis for understanding the unconscious aspects of the psyche PSYCHOANALYSIS. DREAMS Dreams are associated with the process of memory consolidation, suggesting a role in enhancing memory performance MEMORY CONSOLIDATION. SIGMUND FREUD Sigmund Freud is a foundational figure in psychology, particularly in the study of dreams and the unconscious PSYCHOLOGY. DREAMS Lucid dreaming is a specific aspect of dreams being studied for its potential in creativity and problem-solving LUCID DREAMING. DREAMS Psychologists study dreams to gain insights into a person's emotional state and cognitive processes PSYCHOLOGISTS. PSYCHOLOGY Psychoanalysis is a branch of psychology that emphasizes the study of unconscious processes and dreams PSYCHOANALYSIS. DREAMS Dreams are a subject of study within psychology, providing insights into the unconscious mind and emotional processing PSYCHOLOGY. SIGMUND FREUD Psychoanalysis was founded by Sigmund Freud, who developed theories about the unconscious mind and dreams PSYCHOANALYSIS. PSYCHOLOGY Psychoanalysis is a branch of psychology that emphasizes the study of unconscious processes and dreams PSYCHOANALYSIS. SIGMUND FREUD Sigmund Freud is a foundational figure in psychology, particularly in the study of dreams and the unconscious PSYCHOLOGY. SIGMUND FREUD Psychoanalysis was founded by Sigmund Freud, who developed theories about the unconscious mind and dreams PSYCHOANALYSIS. PSYCHOLOGY Psychoanalysis is a branch of psychology that emphasizes the study of unconscious processes and dreams PSYCHOANALYSIS.",
    "evaluation": 0
  },
  {
    "accuracy": "40.00%"
  }
]