[
  {
    "correct_answer": "A zombie apocalypse is a terrifying scenario.",
    "retrieved_context": "ZOMBIE APOCALYPSE Identifying and fortifying a safe location is crucial for survival during a zombie apocalypse SAFE LOCATION. ZOMBIE APOCALYPSE Stocking up on food is crucial for survival in a zombie apocalypse FOOD. ZOMBIE APOCALYPSE A survival kit is essential for preparing and surviving a zombie apocalypse SURVIVAL KIT. ZOMBIE APOCALYPSE Weapons are necessary for defense against zombies WEAPONS. ZOMBIE APOCALYPSE Adaptability to quickly changing situations is key to surviving a zombie apocalypse ADAPTABILITY. ZOMBIE APOCALYPSE Maintaining physical and mental health is essential for survival in a zombie apocalypse PHYSICAL AND MENTAL HEALTH. ZOMBIE APOCALYPSE Knowledge is crucial for survival to understand zombie behavior and survival strategies KNOWLEDGE. ZOMBIE APOCALYPSE Medical supplies are crucial for dealing with injuries during a zombie apocalypse MEDICAL SUPPLIES. ZOMBIE APOCALYPSE Surviving a zombie apocalypse requires effective teamwork to overcome obstacles TEAMWORK. ZOMBIE APOCALYPSE Having a reliable source of clean water is essential for survival in a zombie apocalypse WATER. ZOMBIES Maintaining physical fitness is crucial for survival and defense in a zombie apocalypse PHYSICAL FITNESS. ZOMBIES Adaptability is essential for survival, requiring quick decision-making and readiness to change strategies during a zombie apocalypse ADAPTABILITY. ZOMBIES Mental resilience helps in coping with the stress and fear associated with a zombie apocalypse MENTAL RESILIENCE.",
    "evaluation": 0
  },
  {
    "correct_answer": "A zombie outbreak is often portrayed in movies, TV shows, and literature.",
    "retrieved_context": "ZOMBIE APOCALYPSE Identifying and fortifying a safe location is crucial for survival during a zombie apocalypse SAFE LOCATION. ZOMBIE APOCALYPSE Stocking up on food is crucial for survival in a zombie apocalypse FOOD. ZOMBIE APOCALYPSE A survival kit is essential for preparing and surviving a zombie apocalypse SURVIVAL KIT. ZOMBIE APOCALYPSE Weapons are necessary for defense against zombies WEAPONS. ZOMBIE APOCALYPSE Adaptability to quickly changing situations is key to surviving a zombie apocalypse ADAPTABILITY. ZOMBIE APOCALYPSE Maintaining physical and mental health is essential for survival in a zombie apocalypse PHYSICAL AND MENTAL HEALTH. ZOMBIE APOCALYPSE Knowledge is crucial for survival to understand zombie behavior and survival strategies KNOWLEDGE. ZOMBIE APOCALYPSE Medical supplies are crucial for dealing with injuries during a zombie apocalypse MEDICAL SUPPLIES. ZOMBIE APOCALYPSE Surviving a zombie apocalypse requires effective teamwork to overcome obstacles TEAMWORK. ZOMBIE APOCALYPSE Having a reliable source of clean water is essential for survival in a zombie apocalypse WATER. ZOMBIES Maintaining physical fitness is crucial for survival and defense in a zombie apocalypse PHYSICAL FITNESS. ZOMBIES Adaptability is essential for survival, requiring quick decision-making and readiness to change strategies during a zombie apocalypse ADAPTABILITY. ZOMBIES Mental resilience helps in coping with the stress and fear associated with a zombie apocalypse MENTAL RESILIENCE.",
    "evaluation": 0
  },
  {
    "correct_answer": "Preparation is key to surviving a zombie apocalypse.",
    "retrieved_context": "ZOMBIE APOCALYPSE Identifying and fortifying a safe location is crucial for survival during a zombie apocalypse SAFE LOCATION. ZOMBIE APOCALYPSE Stocking up on food is crucial for survival in a zombie apocalypse FOOD. ZOMBIE APOCALYPSE A survival kit is essential for preparing and surviving a zombie apocalypse SURVIVAL KIT. ZOMBIE APOCALYPSE Weapons are necessary for defense against zombies WEAPONS. ZOMBIE APOCALYPSE Adaptability to quickly changing situations is key to surviving a zombie apocalypse ADAPTABILITY. ZOMBIE APOCALYPSE Maintaining physical and mental health is essential for survival in a zombie apocalypse PHYSICAL AND MENTAL HEALTH. ZOMBIE APOCALYPSE Knowledge is crucial for survival to understand zombie behavior and survival strategies KNOWLEDGE. ZOMBIE APOCALYPSE Medical supplies are crucial for dealing with injuries during a zombie apocalypse MEDICAL SUPPLIES. ZOMBIE APOCALYPSE Surviving a zombie apocalypse requires effective teamwork to overcome obstacles TEAMWORK. ZOMBIE APOCALYPSE Having a reliable source of clean water is essential for survival in a zombie apocalypse WATER. ZOMBIES Maintaining physical fitness is crucial for survival and defense in a zombie apocalypse PHYSICAL FITNESS. ZOMBIES Adaptability is essential for survival, requiring quick decision-making and readiness to change strategies during a zombie apocalypse ADAPTABILITY. ZOMBIES Mental resilience helps in coping with the stress and fear associated with a zombie apocalypse MENTAL RESILIENCE.",
    "evaluation": 1
  },
  {
    "correct_answer": "Stocking up on essential supplies like food, water, medical supplies, and weapons is crucial.",
    "retrieved_context": "",
    "evaluation": 0
  },
  {
    "correct_answer": "Having a well-equipped survival kit is important.",
    "retrieved_context": "",
    "evaluation": 0
  },
  {
    "correct_answer": "A reliable source of clean water and non-perishable food is essential.",
    "retrieved_context": "",
    "evaluation": 0
  },
  {
    "correct_answer": "Identifying a safe location for shelter is important.",
    "retrieved_context": "ZOMBIES Maintaining physical fitness is crucial for survival and defense in a zombie apocalypse PHYSICAL FITNESS. ZOMBIES Adaptability is essential for survival, requiring quick decision-making and readiness to change strategies during a zombie apocalypse ADAPTABILITY. ZOMBIES Mental resilience helps in coping with the stress and fear associated with a zombie apocalypse MENTAL RESILIENCE. ZOMBIE APOCALYPSE Identifying and fortifying a safe location is crucial for survival during a zombie apocalypse SAFE LOCATION. ZOMBIE APOCALYPSE Stocking up on food is crucial for survival in a zombie apocalypse FOOD. ZOMBIE APOCALYPSE A survival kit is essential for preparing and surviving a zombie apocalypse SURVIVAL KIT. ZOMBIE APOCALYPSE Weapons are necessary for defense against zombies WEAPONS. ZOMBIE APOCALYPSE Adaptability to quickly changing situations is key to surviving a zombie apocalypse ADAPTABILITY. ZOMBIE APOCALYPSE Maintaining physical and mental health is essential for survival in a zombie apocalypse PHYSICAL AND MENTAL HEALTH. ZOMBIE APOCALYPSE Knowledge is crucial for survival to understand zombie behavior and survival strategies KNOWLEDGE. ZOMBIE APOCALYPSE Medical supplies are crucial for dealing with injuries during a zombie apocalypse MEDICAL SUPPLIES. ZOMBIE APOCALYPSE Surviving a zombie apocalypse requires effective teamwork to overcome obstacles TEAMWORK. ZOMBIE APOCALYPSE Having a reliable source of clean water is essential for survival in a zombie apocalypse WATER.",
    "evaluation": 1
  },
  {
    "correct_answer": "Fortifying the safe location to keep zombies out is crucial.",
    "retrieved_context": "ZOMBIES Maintaining physical fitness is crucial for survival and defense in a zombie apocalypse PHYSICAL FITNESS. ZOMBIES Adaptability is essential for survival, requiring quick decision-making and readiness to change strategies during a zombie apocalypse ADAPTABILITY. ZOMBIES Mental resilience helps in coping with the stress and fear associated with a zombie apocalypse MENTAL RESILIENCE. ZOMBIE APOCALYPSE Identifying and fortifying a safe location is crucial for survival during a zombie apocalypse SAFE LOCATION. ZOMBIE APOCALYPSE Stocking up on food is crucial for survival in a zombie apocalypse FOOD. ZOMBIE APOCALYPSE A survival kit is essential for preparing and surviving a zombie apocalypse SURVIVAL KIT. ZOMBIE APOCALYPSE Weapons are necessary for defense against zombies WEAPONS. ZOMBIE APOCALYPSE Adaptability to quickly changing situations is key to surviving a zombie apocalypse ADAPTABILITY. ZOMBIE APOCALYPSE Maintaining physical and mental health is essential for survival in a zombie apocalypse PHYSICAL AND MENTAL HEALTH. ZOMBIE APOCALYPSE Knowledge is crucial for survival to understand zombie behavior and survival strategies KNOWLEDGE. ZOMBIE APOCALYPSE Medical supplies are crucial for dealing with injuries during a zombie apocalypse MEDICAL SUPPLIES. ZOMBIE APOCALYPSE Surviving a zombie apocalypse requires effective teamwork to overcome obstacles TEAMWORK. ZOMBIE APOCALYPSE Having a reliable source of clean water is essential for survival in a zombie apocalypse WATER.",
    "evaluation": 0
  },
  {
    "correct_answer": "Teamwork is essential for survival in a zombie apocalypse.",
    "retrieved_context": "ZOMBIE APOCALYPSE Identifying and fortifying a safe location is crucial for survival during a zombie apocalypse SAFE LOCATION. ZOMBIE APOCALYPSE Stocking up on food is crucial for survival in a zombie apocalypse FOOD. ZOMBIE APOCALYPSE A survival kit is essential for preparing and surviving a zombie apocalypse SURVIVAL KIT. ZOMBIE APOCALYPSE Weapons are necessary for defense against zombies WEAPONS. ZOMBIE APOCALYPSE Adaptability to quickly changing situations is key to surviving a zombie apocalypse ADAPTABILITY. ZOMBIE APOCALYPSE Maintaining physical and mental health is essential for survival in a zombie apocalypse PHYSICAL AND MENTAL HEALTH. ZOMBIE APOCALYPSE Knowledge is crucial for survival to understand zombie behavior and survival strategies KNOWLEDGE. ZOMBIE APOCALYPSE Medical supplies are crucial for dealing with injuries during a zombie apocalypse MEDICAL SUPPLIES. ZOMBIE APOCALYPSE Surviving a zombie apocalypse requires effective teamwork to overcome obstacles TEAMWORK. ZOMBIE APOCALYPSE Having a reliable source of clean water is essential for survival in a zombie apocalypse WATER. ZOMBIES Maintaining physical fitness is crucial for survival and defense in a zombie apocalypse PHYSICAL FITNESS. ZOMBIES Adaptability is essential for survival, requiring quick decision-making and readiness to change strategies during a zombie apocalypse ADAPTABILITY. ZOMBIES Mental resilience helps in coping with the stress and fear associated with a zombie apocalypse MENTAL RESILIENCE.",
    "evaluation": 1
  },
  {
    "correct_answer": "Assigning roles and responsibilities based on skills and abilities is important for group survival.",
    "retrieved_context": "",
    "evaluation": 0
  },
  {
    "correct_answer": "Knowledge about zombies' characteristics and behaviors is crucial.",
    "retrieved_context": "ZOMBIES Maintaining physical fitness is crucial for survival and defense in a zombie apocalypse PHYSICAL FITNESS. ZOMBIES Adaptability is essential for survival, requiring quick decision-making and readiness to change strategies during a zombie apocalypse ADAPTABILITY. ZOMBIES Mental resilience helps in coping with the stress and fear associated with a zombie apocalypse MENTAL RESILIENCE. ZOMBIE APOCALYPSE Identifying and fortifying a safe location is crucial for survival during a zombie apocalypse SAFE LOCATION. ZOMBIE APOCALYPSE Stocking up on food is crucial for survival in a zombie apocalypse FOOD. ZOMBIE APOCALYPSE A survival kit is essential for preparing and surviving a zombie apocalypse SURVIVAL KIT. ZOMBIE APOCALYPSE Weapons are necessary for defense against zombies WEAPONS. ZOMBIE APOCALYPSE Adaptability to quickly changing situations is key to surviving a zombie apocalypse ADAPTABILITY. ZOMBIE APOCALYPSE Maintaining physical and mental health is essential for survival in a zombie apocalypse PHYSICAL AND MENTAL HEALTH. ZOMBIE APOCALYPSE Knowledge is crucial for survival to understand zombie behavior and survival strategies KNOWLEDGE. ZOMBIE APOCALYPSE Medical supplies are crucial for dealing with injuries during a zombie apocalypse MEDICAL SUPPLIES. ZOMBIE APOCALYPSE Surviving a zombie apocalypse requires effective teamwork to overcome obstacles TEAMWORK. ZOMBIE APOCALYPSE Having a reliable source of clean water is essential for survival in a zombie apocalypse WATER.",
    "evaluation": 1
  },
  {
    "correct_answer": "Aiming for headshots when attacking zombies is effective.",
    "retrieved_context": "ZOMBIES Maintaining physical fitness is crucial for survival and defense in a zombie apocalypse PHYSICAL FITNESS. ZOMBIES Adaptability is essential for survival, requiring quick decision-making and readiness to change strategies during a zombie apocalypse ADAPTABILITY. ZOMBIES Mental resilience helps in coping with the stress and fear associated with a zombie apocalypse MENTAL RESILIENCE. ZOMBIE APOCALYPSE Identifying and fortifying a safe location is crucial for survival during a zombie apocalypse SAFE LOCATION. ZOMBIE APOCALYPSE Stocking up on food is crucial for survival in a zombie apocalypse FOOD. ZOMBIE APOCALYPSE A survival kit is essential for preparing and surviving a zombie apocalypse SURVIVAL KIT. ZOMBIE APOCALYPSE Weapons are necessary for defense against zombies WEAPONS. ZOMBIE APOCALYPSE Adaptability to quickly changing situations is key to surviving a zombie apocalypse ADAPTABILITY. ZOMBIE APOCALYPSE Maintaining physical and mental health is essential for survival in a zombie apocalypse PHYSICAL AND MENTAL HEALTH. ZOMBIE APOCALYPSE Knowledge is crucial for survival to understand zombie behavior and survival strategies KNOWLEDGE. ZOMBIE APOCALYPSE Medical supplies are crucial for dealing with injuries during a zombie apocalypse MEDICAL SUPPLIES. ZOMBIE APOCALYPSE Surviving a zombie apocalypse requires effective teamwork to overcome obstacles TEAMWORK. ZOMBIE APOCALYPSE Having a reliable source of clean water is essential for survival in a zombie apocalypse WATER.",
    "evaluation": 0
  },
  {
    "correct_answer": "Staying physically fit and maintaining good health is crucial.",
    "retrieved_context": "",
    "evaluation": 0
  },
  {
    "correct_answer": "Mental resilience is important for surviving a zombie apocalypse.",
    "retrieved_context": "ZOMBIE APOCALYPSE Identifying and fortifying a safe location is crucial for survival during a zombie apocalypse SAFE LOCATION. ZOMBIE APOCALYPSE Stocking up on food is crucial for survival in a zombie apocalypse FOOD. ZOMBIE APOCALYPSE A survival kit is essential for preparing and surviving a zombie apocalypse SURVIVAL KIT. ZOMBIE APOCALYPSE Weapons are necessary for defense against zombies WEAPONS. ZOMBIE APOCALYPSE Adaptability to quickly changing situations is key to surviving a zombie apocalypse ADAPTABILITY. ZOMBIE APOCALYPSE Maintaining physical and mental health is essential for survival in a zombie apocalypse PHYSICAL AND MENTAL HEALTH. ZOMBIE APOCALYPSE Knowledge is crucial for survival to understand zombie behavior and survival strategies KNOWLEDGE. ZOMBIE APOCALYPSE Medical supplies are crucial for dealing with injuries during a zombie apocalypse MEDICAL SUPPLIES. ZOMBIE APOCALYPSE Surviving a zombie apocalypse requires effective teamwork to overcome obstacles TEAMWORK. ZOMBIE APOCALYPSE Having a reliable source of clean water is essential for survival in a zombie apocalypse WATER. ZOMBIES Maintaining physical fitness is crucial for survival and defense in a zombie apocalypse PHYSICAL FITNESS. ZOMBIES Adaptability is essential for survival, requiring quick decision-making and readiness to change strategies during a zombie apocalypse ADAPTABILITY. ZOMBIES Mental resilience helps in coping with the stress and fear associated with a zombie apocalypse MENTAL RESILIENCE.",
    "evaluation": 1
  },
  {
    "correct_answer": "Adaptability is key to increasing chances of survival during a zombie apocalypse.",
    "retrieved_context": "ZOMBIE APOCALYPSE Identifying and fortifying a safe location is crucial for survival during a zombie apocalypse SAFE LOCATION. ZOMBIE APOCALYPSE Stocking up on food is crucial for survival in a zombie apocalypse FOOD. ZOMBIE APOCALYPSE A survival kit is essential for preparing and surviving a zombie apocalypse SURVIVAL KIT. ZOMBIE APOCALYPSE Weapons are necessary for defense against zombies WEAPONS. ZOMBIE APOCALYPSE Adaptability to quickly changing situations is key to surviving a zombie apocalypse ADAPTABILITY. ZOMBIE APOCALYPSE Maintaining physical and mental health is essential for survival in a zombie apocalypse PHYSICAL AND MENTAL HEALTH. ZOMBIE APOCALYPSE Knowledge is crucial for survival to understand zombie behavior and survival strategies KNOWLEDGE. ZOMBIE APOCALYPSE Medical supplies are crucial for dealing with injuries during a zombie apocalypse MEDICAL SUPPLIES. ZOMBIE APOCALYPSE Surviving a zombie apocalypse requires effective teamwork to overcome obstacles TEAMWORK. ZOMBIE APOCALYPSE Having a reliable source of clean water is essential for survival in a zombie apocalypse WATER. ZOMBIES Maintaining physical fitness is crucial for survival and defense in a zombie apocalypse PHYSICAL FITNESS. ZOMBIES Adaptability is essential for survival, requiring quick decision-making and readiness to change strategies during a zombie apocalypse ADAPTABILITY. ZOMBIES Mental resilience helps in coping with the stress and fear associated with a zombie apocalypse MENTAL RESILIENCE.",
    "evaluation": 1
  },
  {
    "accuracy": "40.00%"
  }
]