[
  {
    "correct_answer": "Conspiracy theories challenge official explanations of historical events.",
    "retrieved_context": "SEPTEMBER 11, 2001 TERRORIST ATTACKS Conspiracy theories suggest the U.S. government had a role in allowing or orchestrating the attacks as a pretext for war U.S. GOVERNMENT. ILLUMINATI The Illuminati are alleged to manipulate global phenomena and exert control over world events according to conspiracy theories WORLD EVENTS. PENTAGON The Pentagon was a target in the September 11, 2001 terrorist attacks SEPTEMBER 11, 2001 TERRORIST ATTACKS. SEPTEMBER 11, 2001 TERRORIST ATTACKS Conspiracy theories suggest the U.S. government had a role in allowing or orchestrating the attacks as a pretext for war U.S. GOVERNMENT. CIA The CIA is implicated in conspiracy theories as part of a larger plot for Kennedy's assassination KENNEDY'S ASSASSINATION. LEE HARVEY OSWALD Lee Harvey Oswald allegedly shot John F. Kennedy from the Texas School Book Depository TEXAS SCHOOL BOOK DEPOSITORY. MOON LANDING The United States Government is alleged to have staged the moon landing UNITED STATES GOVERNMENT. BUZZ ALDRIN Buzz Aldrin was an astronaut on the Apollo 11 mission, which is at the heart of the moon landing conspiracy theory APOLLO 11 MISSION. MOON LANDING Neil Armstrong is central to the moon landing conspiracy theory as the first man to walk on the moon NEIL ARMSTRONG. MOON LANDING Buzz Aldrin is central to the moon landing conspiracy theory as one of the astronauts who walked on the moon BUZZ ALDRIN. NEIL ARMSTRONG Neil Armstrong was an astronaut on the Apollo 11 mission, which is at the heart of the moon landing conspiracy theory APOLLO 11 MISSION. UNITED STATES GOVERNMENT The Apollo 11 mission is alleged to have been staged by the United States Government as part of the moon landing conspiracy theory APOLLO 11 MISSION. MOON LANDING The moon landing was allegedly staged by the United States to outdo the Soviet Union in the space race SOVIET UNION.",
    "evaluation": 1
  },
  {
    "correct_answer": "Some conspiracy theories are dismissed as outlandish or baseless.",
    "retrieved_context": "ILLUMINATI The Illuminati are alleged to manipulate global phenomena and exert control over world events according to conspiracy theories WORLD EVENTS. PENTAGON The Pentagon was a target in the September 11, 2001 terrorist attacks SEPTEMBER 11, 2001 TERRORIST ATTACKS. SEPTEMBER 11, 2001 TERRORIST ATTACKS Conspiracy theories suggest the U.S. government had a role in allowing or orchestrating the attacks as a pretext for war U.S. GOVERNMENT. CIA The CIA is implicated in conspiracy theories as part of a larger plot for Kennedy's assassination KENNEDY'S ASSASSINATION. MOON LANDING The United States Government is alleged to have staged the moon landing UNITED STATES GOVERNMENT. BUZZ ALDRIN Buzz Aldrin was an astronaut on the Apollo 11 mission, which is at the heart of the moon landing conspiracy theory APOLLO 11 MISSION. MOON LANDING Neil Armstrong is central to the moon landing conspiracy theory as the first man to walk on the moon NEIL ARMSTRONG. MOON LANDING Buzz Aldrin is central to the moon landing conspiracy theory as one of the astronauts who walked on the moon BUZZ ALDRIN. NEIL ARMSTRONG Neil Armstrong was an astronaut on the Apollo 11 mission, which is at the heart of the moon landing conspiracy theory APOLLO 11 MISSION. UNITED STATES GOVERNMENT The Apollo 11 mission is alleged to have been staged by the United States Government as part of the moon landing conspiracy theory APOLLO 11 MISSION. MOON LANDING The moon landing was allegedly staged by the United States to outdo the Soviet Union in the space race SOVIET UNION. SEPTEMBER 11, 2001 TERRORIST ATTACKS Conspiracy theories suggest the U.S. government had a role in allowing or orchestrating the attacks as a pretext for war U.S. GOVERNMENT. MAFIA The Mafia is implicated in conspiracy theories as part of a larger plot for Kennedy's assassination KENNEDY'S ASSASSINATION.",
    "evaluation": 0
  },
  {
    "correct_answer": "Conspiracy theories influence popular culture and public discourse.",
    "retrieved_context": "ILLUMINATI The Illuminati are alleged to manipulate global phenomena and exert control over world events according to conspiracy theories WORLD EVENTS. MAFIA The Mafia is implicated in conspiracy theories as part of a larger plot for Kennedy's assassination KENNEDY'S ASSASSINATION. SEPTEMBER 11, 2001 TERRORIST ATTACKS Conspiracy theories suggest the U.S. government had a role in allowing or orchestrating the attacks as a pretext for war U.S. GOVERNMENT. PENTAGON The Pentagon was a target in the September 11, 2001 terrorist attacks SEPTEMBER 11, 2001 TERRORIST ATTACKS. SEPTEMBER 11, 2001 TERRORIST ATTACKS Conspiracy theories suggest the U.S. government had a role in allowing or orchestrating the attacks as a pretext for war U.S. GOVERNMENT. LEE HARVEY OSWALD Lee Harvey Oswald allegedly shot John F. Kennedy from the Texas School Book Depository TEXAS SCHOOL BOOK DEPOSITORY. CIA The CIA is implicated in conspiracy theories as part of a larger plot for Kennedy's assassination KENNEDY'S ASSASSINATION.",
    "evaluation": 0
  },
  {
    "correct_answer": "The moon landing hoax theory suggests the Apollo 11 mission was staged.",
    "retrieved_context": "MOON LANDING The United States Government is alleged to have staged the moon landing UNITED STATES GOVERNMENT. BUZZ ALDRIN Buzz Aldrin was an astronaut on the Apollo 11 mission, which is at the heart of the moon landing conspiracy theory APOLLO 11 MISSION. MOON LANDING Neil Armstrong is central to the moon landing conspiracy theory as the first man to walk on the moon NEIL ARMSTRONG. MOON LANDING Buzz Aldrin is central to the moon landing conspiracy theory as one of the astronauts who walked on the moon BUZZ ALDRIN. NEIL ARMSTRONG Neil Armstrong was an astronaut on the Apollo 11 mission, which is at the heart of the moon landing conspiracy theory APOLLO 11 MISSION. UNITED STATES GOVERNMENT The Apollo 11 mission is alleged to have been staged by the United States Government as part of the moon landing conspiracy theory APOLLO 11 MISSION. MOON LANDING The moon landing was allegedly staged by the United States to outdo the Soviet Union in the space race SOVIET UNION. NEIL ARMSTRONG Neil Armstrong was an astronaut on the Apollo 11 mission, which is at the heart of the moon landing conspiracy theory APOLLO 11 MISSION. SEPTEMBER 11, 2001 TERRORIST ATTACKS Conspiracy theories suggest the U.S. government had a role in allowing or orchestrating the attacks as a pretext for war U.S. GOVERNMENT. PENTAGON The Pentagon was a target in the September 11, 2001 terrorist attacks SEPTEMBER 11, 2001 TERRORIST ATTACKS. SEPTEMBER 11, 2001 TERRORIST ATTACKS Conspiracy theories suggest the U.S. government had a role in allowing or orchestrating the attacks as a pretext for war U.S. GOVERNMENT. ILLUMINATI The Illuminati are alleged to manipulate global phenomena and exert control over world events according to conspiracy theories WORLD EVENTS.",
    "evaluation": 1
  },
  {
    "correct_answer": "Proponents of the moon landing hoax theory point to alleged discrepancies in evidence.",
    "retrieved_context": "MOON LANDING The United States Government is alleged to have staged the moon landing UNITED STATES GOVERNMENT. BUZZ ALDRIN Buzz Aldrin was an astronaut on the Apollo 11 mission, which is at the heart of the moon landing conspiracy theory APOLLO 11 MISSION. MOON LANDING Neil Armstrong is central to the moon landing conspiracy theory as the first man to walk on the moon NEIL ARMSTRONG. MOON LANDING Buzz Aldrin is central to the moon landing conspiracy theory as one of the astronauts who walked on the moon BUZZ ALDRIN. NEIL ARMSTRONG Neil Armstrong was an astronaut on the Apollo 11 mission, which is at the heart of the moon landing conspiracy theory APOLLO 11 MISSION. UNITED STATES GOVERNMENT The Apollo 11 mission is alleged to have been staged by the United States Government as part of the moon landing conspiracy theory APOLLO 11 MISSION. MOON LANDING The moon landing was allegedly staged by the United States to outdo the Soviet Union in the space race SOVIET UNION. NEIL ARMSTRONG Neil Armstrong was an astronaut on the Apollo 11 mission, which is at the heart of the moon landing conspiracy theory APOLLO 11 MISSION. SEPTEMBER 11, 2001 TERRORIST ATTACKS Conspiracy theories suggest the U.S. government had a role in allowing or orchestrating the attacks as a pretext for war U.S. GOVERNMENT. BUZZ ALDRIN Buzz Aldrin was an astronaut on the Apollo 11 mission, which is at the heart of the moon landing conspiracy theory APOLLO 11 MISSION. LEE HARVEY OSWALD Lee Harvey Oswald allegedly shot John F. Kennedy from the Texas School Book Depository TEXAS SCHOOL BOOK DEPOSITORY.",
    "evaluation": 0
  },
  {
    "correct_answer": "The JFK assassination conspiracy theory suggests a larger plot was at play.",
    "retrieved_context": "LEE HARVEY OSWALD Lee Harvey Oswald allegedly shot John F. Kennedy from the Texas School Book Depository TEXAS SCHOOL BOOK DEPOSITORY. LEE HARVEY OSWALD Lee Harvey Oswald allegedly shot John F. Kennedy from the Texas School Book Depository TEXAS SCHOOL BOOK DEPOSITORY. JOHN F. KENNEDY Lee Harvey Oswald is officially recognized as the assassin of John F. Kennedy, though conspiracy theories suggest otherwise LEE HARVEY OSWALD. OSWALD Oswald is implicated in conspiracy theories as a patsy for Kennedy's assassination KENNEDY'S ASSASSINATION. SEPTEMBER 11, 2001 TERRORIST ATTACKS Conspiracy theories suggest the U.S. government had a role in allowing or orchestrating the attacks as a pretext for war U.S. GOVERNMENT. CIA The CIA is implicated in conspiracy theories as part of a larger plot for Kennedy's assassination KENNEDY'S ASSASSINATION. MOON LANDING The United States Government is alleged to have staged the moon landing UNITED STATES GOVERNMENT. BUZZ ALDRIN Buzz Aldrin was an astronaut on the Apollo 11 mission, which is at the heart of the moon landing conspiracy theory APOLLO 11 MISSION. MOON LANDING Neil Armstrong is central to the moon landing conspiracy theory as the first man to walk on the moon NEIL ARMSTRONG. MOON LANDING Buzz Aldrin is central to the moon landing conspiracy theory as one of the astronauts who walked on the moon BUZZ ALDRIN. NEIL ARMSTRONG Neil Armstrong was an astronaut on the Apollo 11 mission, which is at the heart of the moon landing conspiracy theory APOLLO 11 MISSION. UNITED STATES GOVERNMENT The Apollo 11 mission is alleged to have been staged by the United States Government as part of the moon landing conspiracy theory APOLLO 11 MISSION. MOON LANDING The moon landing was allegedly staged by the United States to outdo the Soviet Union in the space race SOVIET UNION.",
    "evaluation": 1
  },
  {
    "correct_answer": "The Illuminati conspiracy theory alleges a secret society controls world events.",
    "retrieved_context": "ILLUMINATI The Illuminati are alleged to manipulate global phenomena and exert control over world events according to conspiracy theories WORLD EVENTS. CIA The CIA is implicated in conspiracy theories as part of a larger plot for Kennedy's assassination KENNEDY'S ASSASSINATION. SEPTEMBER 11, 2001 TERRORIST ATTACKS Conspiracy theories suggest the U.S. government had a role in allowing or orchestrating the attacks as a pretext for war U.S. GOVERNMENT. SEPTEMBER 11, 2001 TERRORIST ATTACKS Conspiracy theories suggest the U.S. government had a role in allowing or orchestrating the attacks as a pretext for war U.S. GOVERNMENT. WORLD TRADE CENTER Conspiracy theories about the World Trade Center are spread through social media SOCIAL MEDIA. INTERNET Social media platforms are part of the internet ecosystem, facilitating the spread of conspiracy theories SOCIAL MEDIA. WORLD TRADE CENTER Conspiracy theories about the World Trade Center circulate online INTERNET. WORLD TRADE CENTER The World Trade Center was a primary target in the September 11, 2001 terrorist attacks SEPTEMBER 11, 2001 TERRORIST ATTACKS. PENTAGON The Pentagon was a target in the September 11, 2001 terrorist attacks SEPTEMBER 11, 2001 TERRORIST ATTACKS. SEPTEMBER 11, 2001 TERRORIST ATTACKS Conspiracy theories suggest the U.S. government had a role in allowing or orchestrating the attacks as a pretext for war U.S. GOVERNMENT.",
    "evaluation": 1
  },
  {
    "correct_answer": "There is no concrete evidence to support the existence of the Illuminati.",
    "retrieved_context": "ILLUMINATI The Illuminati are alleged to manipulate global phenomena and exert control over world events according to conspiracy theories WORLD EVENTS. SEPTEMBER 11, 2001 TERRORIST ATTACKS Conspiracy theories suggest the U.S. government had a role in allowing or orchestrating the attacks as a pretext for war U.S. GOVERNMENT. CIA The CIA is implicated in conspiracy theories as part of a larger plot for Kennedy's assassination KENNEDY'S ASSASSINATION. PENTAGON The Pentagon was a target in the September 11, 2001 terrorist attacks SEPTEMBER 11, 2001 TERRORIST ATTACKS. SEPTEMBER 11, 2001 TERRORIST ATTACKS Conspiracy theories suggest the U.S. government had a role in allowing or orchestrating the attacks as a pretext for war U.S. GOVERNMENT. NEIL ARMSTRONG Neil Armstrong was an astronaut on the Apollo 11 mission, which is at the heart of the moon landing conspiracy theory APOLLO 11 MISSION. BUZZ ALDRIN Buzz Aldrin was an astronaut on the Apollo 11 mission, which is at the heart of the moon landing conspiracy theory APOLLO 11 MISSION. MAFIA The Mafia is implicated in conspiracy theories as part of a larger plot for Kennedy's assassination KENNEDY'S ASSASSINATION.",
    "evaluation": 0
  },
  {
    "correct_answer": "Conspiracy theories about 9/11 suggest government involvement in the attacks.",
    "retrieved_context": "SEPTEMBER 11, 2001 TERRORIST ATTACKS Conspiracy theories suggest the U.S. government had a role in allowing or orchestrating the attacks as a pretext for war U.S. GOVERNMENT. CIA The CIA is implicated in conspiracy theories as part of a larger plot for Kennedy's assassination KENNEDY'S ASSASSINATION. PENTAGON The Pentagon was a target in the September 11, 2001 terrorist attacks SEPTEMBER 11, 2001 TERRORIST ATTACKS. SEPTEMBER 11, 2001 TERRORIST ATTACKS Conspiracy theories suggest the U.S. government had a role in allowing or orchestrating the attacks as a pretext for war U.S. GOVERNMENT. UNITED STATES GOVERNMENT The Apollo 11 mission is alleged to have been staged by the United States Government as part of the moon landing conspiracy theory APOLLO 11 MISSION. ILLUMINATI The Illuminati are alleged to manipulate global phenomena and exert control over world events according to conspiracy theories WORLD EVENTS. SEPTEMBER 11, 2001 TERRORIST ATTACKS Conspiracy theories suggest the U.S. government had a role in allowing or orchestrating the attacks as a pretext for war U.S. GOVERNMENT. WORLD TRADE CENTER Conspiracy theories about the World Trade Center are spread through social media SOCIAL MEDIA. INTERNET Social media platforms are part of the internet ecosystem, facilitating the spread of conspiracy theories SOCIAL MEDIA. WORLD TRADE CENTER Conspiracy theories about the World Trade Center circulate online INTERNET. WORLD TRADE CENTER The World Trade Center was a primary target in the September 11, 2001 terrorist attacks SEPTEMBER 11, 2001 TERRORIST ATTACKS.",
    "evaluation": 1
  },
  {
    "correct_answer": "Some conspiracy theories about 9/11 point to alleged inconsistencies in official accounts.",
    "retrieved_context": "SEPTEMBER 11, 2001 TERRORIST ATTACKS Conspiracy theories suggest the U.S. government had a role in allowing or orchestrating the attacks as a pretext for war U.S. GOVERNMENT. CIA The CIA is implicated in conspiracy theories as part of a larger plot for Kennedy's assassination KENNEDY'S ASSASSINATION. LEE HARVEY OSWALD Lee Harvey Oswald allegedly shot John F. Kennedy from the Texas School Book Depository TEXAS SCHOOL BOOK DEPOSITORY. PENTAGON The Pentagon was a target in the September 11, 2001 terrorist attacks SEPTEMBER 11, 2001 TERRORIST ATTACKS. SEPTEMBER 11, 2001 TERRORIST ATTACKS Conspiracy theories suggest the U.S. government had a role in allowing or orchestrating the attacks as a pretext for war U.S. GOVERNMENT. ILLUMINATI The Illuminati are alleged to manipulate global phenomena and exert control over world events according to conspiracy theories WORLD EVENTS. LEE HARVEY OSWALD Lee Harvey Oswald allegedly shot John F. Kennedy from the Texas School Book Depository TEXAS SCHOOL BOOK DEPOSITORY. JOHN F. KENNEDY Lee Harvey Oswald is officially recognized as the assassin of John F. Kennedy, though conspiracy theories suggest otherwise LEE HARVEY OSWALD.",
    "evaluation": 1
  },
  {
    "correct_answer": "The internet and social media have fueled the spread of conspiracy theories.",
    "retrieved_context": "SEPTEMBER 11, 2001 TERRORIST ATTACKS Conspiracy theories suggest the U.S. government had a role in allowing or orchestrating the attacks as a pretext for war U.S. GOVERNMENT. ILLUMINATI The Illuminati are alleged to manipulate global phenomena and exert control over world events according to conspiracy theories WORLD EVENTS. INTERNET Social media platforms are part of the internet ecosystem, facilitating the spread of conspiracy theories SOCIAL MEDIA. CIA The CIA is implicated in conspiracy theories as part of a larger plot for Kennedy's assassination KENNEDY'S ASSASSINATION. PENTAGON The Pentagon was a target in the September 11, 2001 terrorist attacks SEPTEMBER 11, 2001 TERRORIST ATTACKS. SEPTEMBER 11, 2001 TERRORIST ATTACKS Conspiracy theories suggest the U.S. government had a role in allowing or orchestrating the attacks as a pretext for war U.S. GOVERNMENT.",
    "evaluation": 1
  },
  {
    "correct_answer": "Conspiracy theories tap into societal anxieties and distrust of authority.",
    "retrieved_context": "ILLUMINATI The Illuminati are alleged to manipulate global phenomena and exert control over world events according to conspiracy theories WORLD EVENTS. CIA The CIA is implicated in conspiracy theories as part of a larger plot for Kennedy's assassination KENNEDY'S ASSASSINATION. MAFIA The Mafia is implicated in conspiracy theories as part of a larger plot for Kennedy's assassination KENNEDY'S ASSASSINATION. LEE HARVEY OSWALD Lee Harvey Oswald allegedly shot John F. Kennedy from the Texas School Book Depository TEXAS SCHOOL BOOK DEPOSITORY. SEPTEMBER 11, 2001 TERRORIST ATTACKS Conspiracy theories suggest the U.S. government had a role in allowing or orchestrating the attacks as a pretext for war U.S. GOVERNMENT. PENTAGON The Pentagon was a target in the September 11, 2001 terrorist attacks SEPTEMBER 11, 2001 TERRORIST ATTACKS. SEPTEMBER 11, 2001 TERRORIST ATTACKS Conspiracy theories suggest the U.S. government had a role in allowing or orchestrating the attacks as a pretext for war U.S. GOVERNMENT.",
    "evaluation": 0
  },
  {
    "correct_answer": "Some conspiracy theories provide a sense of empowerment and community to believers.",
    "retrieved_context": "ILLUMINATI The Illuminati are alleged to manipulate global phenomena and exert control over world events according to conspiracy theories WORLD EVENTS. CIA The CIA is implicated in conspiracy theories as part of a larger plot for Kennedy's assassination KENNEDY'S ASSASSINATION. SEPTEMBER 11, 2001 TERRORIST ATTACKS Conspiracy theories suggest the U.S. government had a role in allowing or orchestrating the attacks as a pretext for war U.S. GOVERNMENT. MAFIA The Mafia is implicated in conspiracy theories as part of a larger plot for Kennedy's assassination KENNEDY'S ASSASSINATION. MOON LANDING The United States Government is alleged to have staged the moon landing UNITED STATES GOVERNMENT. BUZZ ALDRIN Buzz Aldrin was an astronaut on the Apollo 11 mission, which is at the heart of the moon landing conspiracy theory APOLLO 11 MISSION. MOON LANDING Neil Armstrong is central to the moon landing conspiracy theory as the first man to walk on the moon NEIL ARMSTRONG. MOON LANDING Buzz Aldrin is central to the moon landing conspiracy theory as one of the astronauts who walked on the moon BUZZ ALDRIN. NEIL ARMSTRONG Neil Armstrong was an astronaut on the Apollo 11 mission, which is at the heart of the moon landing conspiracy theory APOLLO 11 MISSION. UNITED STATES GOVERNMENT The Apollo 11 mission is alleged to have been staged by the United States Government as part of the moon landing conspiracy theory APOLLO 11 MISSION. MOON LANDING The moon landing was allegedly staged by the United States to outdo the Soviet Union in the space race SOVIET UNION. PENTAGON The Pentagon was a target in the September 11, 2001 terrorist attacks SEPTEMBER 11, 2001 TERRORIST ATTACKS. SEPTEMBER 11, 2001 TERRORIST ATTACKS Conspiracy theories suggest the U.S. government had a role in allowing or orchestrating the attacks as a pretext for war U.S. GOVERNMENT.",
    "evaluation": 0
  },
  {
    "correct_answer": "Conspiracy theories challenge official narratives and raise questions about power and truth.",
    "retrieved_context": "ILLUMINATI The Illuminati are alleged to manipulate global phenomena and exert control over world events according to conspiracy theories WORLD EVENTS. SEPTEMBER 11, 2001 TERRORIST ATTACKS Conspiracy theories suggest the U.S. government had a role in allowing or orchestrating the attacks as a pretext for war U.S. GOVERNMENT. CIA The CIA is implicated in conspiracy theories as part of a larger plot for Kennedy's assassination KENNEDY'S ASSASSINATION. PENTAGON The Pentagon was a target in the September 11, 2001 terrorist attacks SEPTEMBER 11, 2001 TERRORIST ATTACKS. SEPTEMBER 11, 2001 TERRORIST ATTACKS Conspiracy theories suggest the U.S. government had a role in allowing or orchestrating the attacks as a pretext for war U.S. GOVERNMENT. MAFIA The Mafia is implicated in conspiracy theories as part of a larger plot for Kennedy's assassination KENNEDY'S ASSASSINATION.",
    "evaluation": 0
  },
  {
    "correct_answer": "Examining famous conspiracy theories can provide insight into human desire for alternative explanations.",
    "retrieved_context": "SEPTEMBER 11, 2001 TERRORIST ATTACKS Conspiracy theories suggest the U.S. government had a role in allowing or orchestrating the attacks as a pretext for war U.S. GOVERNMENT. ILLUMINATI The Illuminati are alleged to manipulate global phenomena and exert control over world events according to conspiracy theories WORLD EVENTS. CIA The CIA is implicated in conspiracy theories as part of a larger plot for Kennedy's assassination KENNEDY'S ASSASSINATION. PENTAGON The Pentagon was a target in the September 11, 2001 terrorist attacks SEPTEMBER 11, 2001 TERRORIST ATTACKS. SEPTEMBER 11, 2001 TERRORIST ATTACKS Conspiracy theories suggest the U.S. government had a role in allowing or orchestrating the attacks as a pretext for war U.S. GOVERNMENT. MOON LANDING The United States Government is alleged to have staged the moon landing UNITED STATES GOVERNMENT. BUZZ ALDRIN Buzz Aldrin was an astronaut on the Apollo 11 mission, which is at the heart of the moon landing conspiracy theory APOLLO 11 MISSION. MOON LANDING Neil Armstrong is central to the moon landing conspiracy theory as the first man to walk on the moon NEIL ARMSTRONG. MOON LANDING Buzz Aldrin is central to the moon landing conspiracy theory as one of the astronauts who walked on the moon BUZZ ALDRIN. NEIL ARMSTRONG Neil Armstrong was an astronaut on the Apollo 11 mission, which is at the heart of the moon landing conspiracy theory APOLLO 11 MISSION. UNITED STATES GOVERNMENT The Apollo 11 mission is alleged to have been staged by the United States Government as part of the moon landing conspiracy theory APOLLO 11 MISSION. MOON LANDING The moon landing was allegedly staged by the United States to outdo the Soviet Union in the space race SOVIET UNION. LEE HARVEY OSWALD Lee Harvey Oswald allegedly shot John F. Kennedy from the Texas School Book Depository TEXAS SCHOOL BOOK DEPOSITORY.",
    "evaluation": 0
  },
  {
    "accuracy": "46.67%"
  }
]