[
  {
    "correct_answer": "Electricity is a significant discovery in human history.",
    "retrieved_context": "ELECTRICAL ENGINEERING Advancements in electrical engineering have enabled the development of electric cars, promoting sustainable transportation ELECTRIC CARS. ELECTRICAL ENGINEERING Electrical engineering has contributed to the electrification of trains, aiding in the reduction of greenhouse gas emissions ELECTRIC TRAINS. ELECTRICAL ENGINEERING Electrical engineering advancements facilitated the creation of the internet, revolutionizing global connectivity INTERNET. ELECTRICITY Electricity's advent modernized society by making daily tasks easier and improving the standard of living SOCIETY. ELECTRICITY Electricity improved public health and safety through electric lighting, heating, and cooling systems, and advancements in medical technology PUBLIC HEALTH AND SAFETY. ELECTRICITY Electricity's availability and use have driven advancements in electrical engineering, leading to significant technological innovations ELECTRICAL ENGINEERING. ELECTRICITY Electricity drove industrialization and economic growth by powering factories and manufacturing plants ECONOMY. ELECTRICAL ENGINEERING Electrical engineering paved the way for the invention of the telegraph, a major advancement in telecommunications TELEGRAPH. ELECTRICAL ENGINEERING Electrical engineering contributed to the development of the telephone, enhancing global communication TELEPHONE. ELECTRICAL ENGINEERING The field of electrical engineering has been crucial in the invention and development of computers COMPUTERS. ELECTRICAL ENGINEERING Advancements in electrical engineering have enabled the development of electric cars, promoting sustainable transportation ELECTRIC CARS. ELECTRICAL ENGINEERING Electrical engineering has contributed to the electrification of trains, aiding in the reduction of greenhouse gas emissions ELECTRIC TRAINS. ELECTRICAL ENGINEERING Electrical engineering advancements facilitated the creation of the internet, revolutionizing global connectivity INTERNET. ELECTRICAL ENGINEERING Electrical engineering contributed to the development of the telephone, enhancing global communication TELEPHONE. ELECTRICAL ENGINEERING Electrical engineering paved the way for the invention of the telegraph, a major advancement in telecommunications TELEGRAPH. ELECTRICAL ENGINEERING The field of electrical engineering has been crucial in the invention and development of computers COMPUTERS.",
    "evaluation": 1
  },
  {
    "correct_answer": "Electricity powers homes and businesses.",
    "retrieved_context": "ELECTRICAL ENGINEERING Advancements in electrical engineering have enabled the development of electric cars, promoting sustainable transportation ELECTRIC CARS. ELECTRICAL ENGINEERING Electrical engineering has contributed to the electrification of trains, aiding in the reduction of greenhouse gas emissions ELECTRIC TRAINS. ELECTRICAL ENGINEERING Electrical engineering advancements facilitated the creation of the internet, revolutionizing global connectivity INTERNET. ELECTRICITY Electricity's advent modernized society by making daily tasks easier and improving the standard of living SOCIETY. ELECTRICITY Electricity improved public health and safety through electric lighting, heating, and cooling systems, and advancements in medical technology PUBLIC HEALTH AND SAFETY. ELECTRICITY Electricity's availability and use have driven advancements in electrical engineering, leading to significant technological innovations ELECTRICAL ENGINEERING. ELECTRICITY Electricity drove industrialization and economic growth by powering factories and manufacturing plants ECONOMY. ELECTRICAL ENGINEERING Electrical engineering paved the way for the invention of the telegraph, a major advancement in telecommunications TELEGRAPH. ELECTRICAL ENGINEERING Electrical engineering contributed to the development of the telephone, enhancing global communication TELEPHONE. ELECTRICAL ENGINEERING The field of electrical engineering has been crucial in the invention and development of computers COMPUTERS. ELECTRICAL ENGINEERING Advancements in electrical engineering have enabled the development of electric cars, promoting sustainable transportation ELECTRIC CARS. ELECTRICAL ENGINEERING Electrical engineering has contributed to the electrification of trains, aiding in the reduction of greenhouse gas emissions ELECTRIC TRAINS. ELECTRICAL ENGINEERING Electrical engineering advancements facilitated the creation of the internet, revolutionizing global connectivity INTERNET. ELECTRICAL ENGINEERING Electrical engineering contributed to the development of the telephone, enhancing global communication TELEPHONE. ELECTRICAL ENGINEERING Electrical engineering paved the way for the invention of the telegraph, a major advancement in telecommunications TELEGRAPH. ELECTRICAL ENGINEERING The field of electrical engineering has been crucial in the invention and development of computers COMPUTERS.",
    "evaluation": 0
  },
  {
    "correct_answer": "Electricity drives technological advancements.",
    "retrieved_context": "ELECTRICAL ENGINEERING Advancements in electrical engineering have enabled the development of electric cars, promoting sustainable transportation ELECTRIC CARS. ELECTRICAL ENGINEERING Electrical engineering has contributed to the electrification of trains, aiding in the reduction of greenhouse gas emissions ELECTRIC TRAINS. ELECTRICAL ENGINEERING Electrical engineering advancements facilitated the creation of the internet, revolutionizing global connectivity INTERNET. ELECTRICITY Electricity's advent modernized society by making daily tasks easier and improving the standard of living SOCIETY. ELECTRICITY Electricity improved public health and safety through electric lighting, heating, and cooling systems, and advancements in medical technology PUBLIC HEALTH AND SAFETY. ELECTRICITY Electricity's availability and use have driven advancements in electrical engineering, leading to significant technological innovations ELECTRICAL ENGINEERING. ELECTRICITY Electricity drove industrialization and economic growth by powering factories and manufacturing plants ECONOMY. ELECTRICAL ENGINEERING Electrical engineering paved the way for the invention of the telegraph, a major advancement in telecommunications TELEGRAPH. ELECTRICAL ENGINEERING Electrical engineering contributed to the development of the telephone, enhancing global communication TELEPHONE. ELECTRICAL ENGINEERING The field of electrical engineering has been crucial in the invention and development of computers COMPUTERS. ELECTRICAL ENGINEERING Advancements in electrical engineering have enabled the development of electric cars, promoting sustainable transportation ELECTRIC CARS. ELECTRICAL ENGINEERING Electrical engineering has contributed to the electrification of trains, aiding in the reduction of greenhouse gas emissions ELECTRIC TRAINS. ELECTRICAL ENGINEERING Electrical engineering advancements facilitated the creation of the internet, revolutionizing global connectivity INTERNET. ELECTRICAL ENGINEERING Electrical engineering contributed to the development of the telephone, enhancing global communication TELEPHONE. ELECTRICAL ENGINEERING Electrical engineering paved the way for the invention of the telegraph, a major advancement in telecommunications TELEGRAPH. ELECTRICAL ENGINEERING The field of electrical engineering has been crucial in the invention and development of computers COMPUTERS.",
    "evaluation": 1
  },
  {
    "correct_answer": "Electricity revolutionized the way people live.",
    "retrieved_context": "ELECTRICAL ENGINEERING Advancements in electrical engineering have enabled the development of electric cars, promoting sustainable transportation ELECTRIC CARS. ELECTRICAL ENGINEERING Electrical engineering has contributed to the electrification of trains, aiding in the reduction of greenhouse gas emissions ELECTRIC TRAINS. ELECTRICAL ENGINEERING Electrical engineering advancements facilitated the creation of the internet, revolutionizing global connectivity INTERNET. ELECTRICITY Electricity's advent modernized society by making daily tasks easier and improving the standard of living SOCIETY. ELECTRICITY Electricity improved public health and safety through electric lighting, heating, and cooling systems, and advancements in medical technology PUBLIC HEALTH AND SAFETY. ELECTRICITY Electricity's availability and use have driven advancements in electrical engineering, leading to significant technological innovations ELECTRICAL ENGINEERING. ELECTRICITY Electricity drove industrialization and economic growth by powering factories and manufacturing plants ECONOMY. ELECTRICAL ENGINEERING Electrical engineering paved the way for the invention of the telegraph, a major advancement in telecommunications TELEGRAPH. ELECTRICAL ENGINEERING Electrical engineering contributed to the development of the telephone, enhancing global communication TELEPHONE. ELECTRICAL ENGINEERING The field of electrical engineering has been crucial in the invention and development of computers COMPUTERS. ELECTRICAL ENGINEERING Advancements in electrical engineering have enabled the development of electric cars, promoting sustainable transportation ELECTRIC CARS. ELECTRICAL ENGINEERING Electrical engineering has contributed to the electrification of trains, aiding in the reduction of greenhouse gas emissions ELECTRIC TRAINS. ELECTRICAL ENGINEERING Electrical engineering advancements facilitated the creation of the internet, revolutionizing global connectivity INTERNET. ELECTRICAL ENGINEERING Electrical engineering contributed to the development of the telephone, enhancing global communication TELEPHONE. ELECTRICAL ENGINEERING Electrical engineering paved the way for the invention of the telegraph, a major advancement in telecommunications TELEGRAPH. ELECTRICAL ENGINEERING The field of electrical engineering has been crucial in the invention and development of computers COMPUTERS.",
    "evaluation": 1
  },
  {
    "correct_answer": "Electricity revolutionized the way people work.",
    "retrieved_context": "ELECTRICAL ENGINEERING Advancements in electrical engineering have enabled the development of electric cars, promoting sustainable transportation ELECTRIC CARS. ELECTRICAL ENGINEERING Electrical engineering has contributed to the electrification of trains, aiding in the reduction of greenhouse gas emissions ELECTRIC TRAINS. ELECTRICAL ENGINEERING Electrical engineering advancements facilitated the creation of the internet, revolutionizing global connectivity INTERNET. ELECTRICITY Electricity's advent modernized society by making daily tasks easier and improving the standard of living SOCIETY. ELECTRICITY Electricity improved public health and safety through electric lighting, heating, and cooling systems, and advancements in medical technology PUBLIC HEALTH AND SAFETY. ELECTRICITY Electricity's availability and use have driven advancements in electrical engineering, leading to significant technological innovations ELECTRICAL ENGINEERING. ELECTRICITY Electricity drove industrialization and economic growth by powering factories and manufacturing plants ECONOMY. ELECTRICAL ENGINEERING Electrical engineering paved the way for the invention of the telegraph, a major advancement in telecommunications TELEGRAPH. ELECTRICAL ENGINEERING Electrical engineering contributed to the development of the telephone, enhancing global communication TELEPHONE. ELECTRICAL ENGINEERING The field of electrical engineering has been crucial in the invention and development of computers COMPUTERS. ELECTRICAL ENGINEERING Advancements in electrical engineering have enabled the development of electric cars, promoting sustainable transportation ELECTRIC CARS. ELECTRICAL ENGINEERING Electrical engineering has contributed to the electrification of trains, aiding in the reduction of greenhouse gas emissions ELECTRIC TRAINS. ELECTRICAL ENGINEERING Electrical engineering advancements facilitated the creation of the internet, revolutionizing global connectivity INTERNET. ELECTRICAL ENGINEERING Electrical engineering contributed to the development of the telephone, enhancing global communication TELEPHONE. ELECTRICAL ENGINEERING Electrical engineering paved the way for the invention of the telegraph, a major advancement in telecommunications TELEGRAPH. ELECTRICAL ENGINEERING The field of electrical engineering has been crucial in the invention and development of computers COMPUTERS.",
    "evaluation": 0
  },
  {
    "correct_answer": "Electricity revolutionized the way people interact with each other.",
    "retrieved_context": "ELECTRICAL ENGINEERING Advancements in electrical engineering have enabled the development of electric cars, promoting sustainable transportation ELECTRIC CARS. ELECTRICAL ENGINEERING Electrical engineering has contributed to the electrification of trains, aiding in the reduction of greenhouse gas emissions ELECTRIC TRAINS. ELECTRICAL ENGINEERING Electrical engineering advancements facilitated the creation of the internet, revolutionizing global connectivity INTERNET. ELECTRICITY Electricity's advent modernized society by making daily tasks easier and improving the standard of living SOCIETY. ELECTRICITY Electricity improved public health and safety through electric lighting, heating, and cooling systems, and advancements in medical technology PUBLIC HEALTH AND SAFETY. ELECTRICITY Electricity's availability and use have driven advancements in electrical engineering, leading to significant technological innovations ELECTRICAL ENGINEERING. ELECTRICITY Electricity drove industrialization and economic growth by powering factories and manufacturing plants ECONOMY. ELECTRICAL ENGINEERING Electrical engineering paved the way for the invention of the telegraph, a major advancement in telecommunications TELEGRAPH. ELECTRICAL ENGINEERING Electrical engineering contributed to the development of the telephone, enhancing global communication TELEPHONE. ELECTRICAL ENGINEERING The field of electrical engineering has been crucial in the invention and development of computers COMPUTERS. ELECTRICAL ENGINEERING Advancements in electrical engineering have enabled the development of electric cars, promoting sustainable transportation ELECTRIC CARS. ELECTRICAL ENGINEERING Electrical engineering has contributed to the electrification of trains, aiding in the reduction of greenhouse gas emissions ELECTRIC TRAINS. ELECTRICAL ENGINEERING Electrical engineering advancements facilitated the creation of the internet, revolutionizing global connectivity INTERNET. ELECTRICAL ENGINEERING Electrical engineering contributed to the development of the telephone, enhancing global communication TELEPHONE. ELECTRICAL ENGINEERING Electrical engineering paved the way for the invention of the telegraph, a major advancement in telecommunications TELEGRAPH. ELECTRICAL ENGINEERING The field of electrical engineering has been crucial in the invention and development of computers COMPUTERS.",
    "evaluation": 1
  },
  {
    "correct_answer": "Electricity modernized society.",
    "retrieved_context": "ELECTRICAL ENGINEERING Advancements in electrical engineering have enabled the development of electric cars, promoting sustainable transportation ELECTRIC CARS. ELECTRICAL ENGINEERING Electrical engineering has contributed to the electrification of trains, aiding in the reduction of greenhouse gas emissions ELECTRIC TRAINS. ELECTRICAL ENGINEERING Electrical engineering advancements facilitated the creation of the internet, revolutionizing global connectivity INTERNET. ELECTRICITY Electricity's advent modernized society by making daily tasks easier and improving the standard of living SOCIETY. ELECTRICITY Electricity improved public health and safety through electric lighting, heating, and cooling systems, and advancements in medical technology PUBLIC HEALTH AND SAFETY. ELECTRICITY Electricity's availability and use have driven advancements in electrical engineering, leading to significant technological innovations ELECTRICAL ENGINEERING. ELECTRICITY Electricity drove industrialization and economic growth by powering factories and manufacturing plants ECONOMY. ELECTRICAL ENGINEERING Electrical engineering paved the way for the invention of the telegraph, a major advancement in telecommunications TELEGRAPH. ELECTRICAL ENGINEERING Electrical engineering contributed to the development of the telephone, enhancing global communication TELEPHONE. ELECTRICAL ENGINEERING The field of electrical engineering has been crucial in the invention and development of computers COMPUTERS. ELECTRICAL ENGINEERING Advancements in electrical engineering have enabled the development of electric cars, promoting sustainable transportation ELECTRIC CARS. ELECTRICAL ENGINEERING Electrical engineering has contributed to the electrification of trains, aiding in the reduction of greenhouse gas emissions ELECTRIC TRAINS. ELECTRICAL ENGINEERING Electrical engineering advancements facilitated the creation of the internet, revolutionizing global connectivity INTERNET. ELECTRICAL ENGINEERING Electrical engineering contributed to the development of the telephone, enhancing global communication TELEPHONE. ELECTRICAL ENGINEERING Electrical engineering paved the way for the invention of the telegraph, a major advancement in telecommunications TELEGRAPH. ELECTRICAL ENGINEERING The field of electrical engineering has been crucial in the invention and development of computers COMPUTERS.",
    "evaluation": 1
  },
  {
    "correct_answer": "Electricity made daily tasks easier and faster.",
    "retrieved_context": "ELECTRICAL ENGINEERING Advancements in electrical engineering have enabled the development of electric cars, promoting sustainable transportation ELECTRIC CARS. ELECTRICAL ENGINEERING Electrical engineering has contributed to the electrification of trains, aiding in the reduction of greenhouse gas emissions ELECTRIC TRAINS. ELECTRICAL ENGINEERING Electrical engineering advancements facilitated the creation of the internet, revolutionizing global connectivity INTERNET. ELECTRICITY Electricity's advent modernized society by making daily tasks easier and improving the standard of living SOCIETY. ELECTRICITY Electricity improved public health and safety through electric lighting, heating, and cooling systems, and advancements in medical technology PUBLIC HEALTH AND SAFETY. ELECTRICITY Electricity's availability and use have driven advancements in electrical engineering, leading to significant technological innovations ELECTRICAL ENGINEERING. ELECTRICITY Electricity drove industrialization and economic growth by powering factories and manufacturing plants ECONOMY. ELECTRICAL ENGINEERING Electrical engineering paved the way for the invention of the telegraph, a major advancement in telecommunications TELEGRAPH. ELECTRICAL ENGINEERING Electrical engineering contributed to the development of the telephone, enhancing global communication TELEPHONE. ELECTRICAL ENGINEERING The field of electrical engineering has been crucial in the invention and development of computers COMPUTERS. ELECTRICAL ENGINEERING Advancements in electrical engineering have enabled the development of electric cars, promoting sustainable transportation ELECTRIC CARS. ELECTRICAL ENGINEERING Electrical engineering has contributed to the electrification of trains, aiding in the reduction of greenhouse gas emissions ELECTRIC TRAINS. ELECTRICAL ENGINEERING Electrical engineering advancements facilitated the creation of the internet, revolutionizing global connectivity INTERNET. ELECTRICAL ENGINEERING Electrical engineering contributed to the development of the telephone, enhancing global communication TELEPHONE. ELECTRICAL ENGINEERING Electrical engineering paved the way for the invention of the telegraph, a major advancement in telecommunications TELEGRAPH. ELECTRICAL ENGINEERING The field of electrical engineering has been crucial in the invention and development of computers COMPUTERS.",
    "evaluation": 1
  },
  {
    "correct_answer": "Electricity freed up time and energy for other activities.",
    "retrieved_context": "ELECTRICAL ENGINEERING Advancements in electrical engineering have enabled the development of electric cars, promoting sustainable transportation ELECTRIC CARS. ELECTRICAL ENGINEERING Electrical engineering has contributed to the electrification of trains, aiding in the reduction of greenhouse gas emissions ELECTRIC TRAINS. ELECTRICAL ENGINEERING Electrical engineering advancements facilitated the creation of the internet, revolutionizing global connectivity INTERNET. ELECTRICITY Electricity's advent modernized society by making daily tasks easier and improving the standard of living SOCIETY. ELECTRICITY Electricity improved public health and safety through electric lighting, heating, and cooling systems, and advancements in medical technology PUBLIC HEALTH AND SAFETY. ELECTRICITY Electricity's availability and use have driven advancements in electrical engineering, leading to significant technological innovations ELECTRICAL ENGINEERING. ELECTRICITY Electricity drove industrialization and economic growth by powering factories and manufacturing plants ECONOMY. ELECTRICAL ENGINEERING Electrical engineering paved the way for the invention of the telegraph, a major advancement in telecommunications TELEGRAPH. ELECTRICAL ENGINEERING Electrical engineering contributed to the development of the telephone, enhancing global communication TELEPHONE. ELECTRICAL ENGINEERING The field of electrical engineering has been crucial in the invention and development of computers COMPUTERS. ELECTRICAL ENGINEERING Advancements in electrical engineering have enabled the development of electric cars, promoting sustainable transportation ELECTRIC CARS. ELECTRICAL ENGINEERING Electrical engineering has contributed to the electrification of trains, aiding in the reduction of greenhouse gas emissions ELECTRIC TRAINS. ELECTRICAL ENGINEERING Electrical engineering advancements facilitated the creation of the internet, revolutionizing global connectivity INTERNET. ELECTRICAL ENGINEERING Electrical engineering contributed to the development of the telephone, enhancing global communication TELEPHONE. ELECTRICAL ENGINEERING Electrical engineering paved the way for the invention of the telegraph, a major advancement in telecommunications TELEGRAPH. ELECTRICAL ENGINEERING The field of electrical engineering has been crucial in the invention and development of computers COMPUTERS.",
    "evaluation": 0
  },
  {
    "correct_answer": "Electric lighting reduced crime rates in cities.",
    "retrieved_context": "ELECTRICAL ENGINEERING Advancements in electrical engineering have enabled the development of electric cars, promoting sustainable transportation ELECTRIC CARS. ELECTRICAL ENGINEERING Electrical engineering has contributed to the electrification of trains, aiding in the reduction of greenhouse gas emissions ELECTRIC TRAINS. ELECTRICAL ENGINEERING Electrical engineering advancements facilitated the creation of the internet, revolutionizing global connectivity INTERNET. ELECTRICITY Electricity's advent modernized society by making daily tasks easier and improving the standard of living SOCIETY. ELECTRICITY Electricity improved public health and safety through electric lighting, heating, and cooling systems, and advancements in medical technology PUBLIC HEALTH AND SAFETY. ELECTRICITY Electricity's availability and use have driven advancements in electrical engineering, leading to significant technological innovations ELECTRICAL ENGINEERING. ELECTRICITY Electricity drove industrialization and economic growth by powering factories and manufacturing plants ECONOMY. ELECTRICAL ENGINEERING Electrical engineering paved the way for the invention of the telegraph, a major advancement in telecommunications TELEGRAPH. ELECTRICAL ENGINEERING Electrical engineering contributed to the development of the telephone, enhancing global communication TELEPHONE. ELECTRICAL ENGINEERING The field of electrical engineering has been crucial in the invention and development of computers COMPUTERS. ELECTRICAL ENGINEERING Advancements in electrical engineering have enabled the development of electric cars, promoting sustainable transportation ELECTRIC CARS. ELECTRICAL ENGINEERING Electrical engineering has contributed to the electrification of trains, aiding in the reduction of greenhouse gas emissions ELECTRIC TRAINS. ELECTRICAL ENGINEERING Electrical engineering advancements facilitated the creation of the internet, revolutionizing global connectivity INTERNET. ELECTRICAL ENGINEERING Electrical engineering contributed to the development of the telephone, enhancing global communication TELEPHONE. ELECTRICAL ENGINEERING Electrical engineering paved the way for the invention of the telegraph, a major advancement in telecommunications TELEGRAPH. ELECTRICAL ENGINEERING The field of electrical engineering has been crucial in the invention and development of computers COMPUTERS.",
    "evaluation": 0
  },
  {
    "correct_answer": "Electric heating and cooling systems regulate indoor temperatures.",
    "retrieved_context": "ELECTRICAL ENGINEERING Advancements in electrical engineering have enabled the development of electric cars, promoting sustainable transportation ELECTRIC CARS. ELECTRICAL ENGINEERING Electrical engineering has contributed to the electrification of trains, aiding in the reduction of greenhouse gas emissions ELECTRIC TRAINS. ELECTRICAL ENGINEERING Electrical engineering advancements facilitated the creation of the internet, revolutionizing global connectivity INTERNET. ELECTRICITY Electricity's advent modernized society by making daily tasks easier and improving the standard of living SOCIETY. ELECTRICITY Electricity improved public health and safety through electric lighting, heating, and cooling systems, and advancements in medical technology PUBLIC HEALTH AND SAFETY. ELECTRICITY Electricity's availability and use have driven advancements in electrical engineering, leading to significant technological innovations ELECTRICAL ENGINEERING. ELECTRICITY Electricity drove industrialization and economic growth by powering factories and manufacturing plants ECONOMY. ELECTRICAL ENGINEERING Electrical engineering paved the way for the invention of the telegraph, a major advancement in telecommunications TELEGRAPH. ELECTRICAL ENGINEERING Electrical engineering contributed to the development of the telephone, enhancing global communication TELEPHONE. ELECTRICAL ENGINEERING The field of electrical engineering has been crucial in the invention and development of computers COMPUTERS. ELECTRICAL ENGINEERING Advancements in electrical engineering have enabled the development of electric cars, promoting sustainable transportation ELECTRIC CARS. ELECTRICAL ENGINEERING Electrical engineering has contributed to the electrification of trains, aiding in the reduction of greenhouse gas emissions ELECTRIC TRAINS. ELECTRICAL ENGINEERING Electrical engineering advancements facilitated the creation of the internet, revolutionizing global connectivity INTERNET. ELECTRICAL ENGINEERING Electrical engineering contributed to the development of the telephone, enhancing global communication TELEPHONE. ELECTRICAL ENGINEERING Electrical engineering paved the way for the invention of the telegraph, a major advancement in telecommunications TELEGRAPH. ELECTRICAL ENGINEERING The field of electrical engineering has been crucial in the invention and development of computers COMPUTERS.",
    "evaluation": 0
  },
  {
    "correct_answer": "Electricity powers factories and manufacturing plants.",
    "retrieved_context": "ELECTRICAL ENGINEERING Advancements in electrical engineering have enabled the development of electric cars, promoting sustainable transportation ELECTRIC CARS. ELECTRICAL ENGINEERING Electrical engineering has contributed to the electrification of trains, aiding in the reduction of greenhouse gas emissions ELECTRIC TRAINS. ELECTRICAL ENGINEERING Electrical engineering advancements facilitated the creation of the internet, revolutionizing global connectivity INTERNET. ELECTRICITY Electricity's advent modernized society by making daily tasks easier and improving the standard of living SOCIETY. ELECTRICITY Electricity improved public health and safety through electric lighting, heating, and cooling systems, and advancements in medical technology PUBLIC HEALTH AND SAFETY. ELECTRICITY Electricity's availability and use have driven advancements in electrical engineering, leading to significant technological innovations ELECTRICAL ENGINEERING. ELECTRICITY Electricity drove industrialization and economic growth by powering factories and manufacturing plants ECONOMY. ELECTRICAL ENGINEERING Electrical engineering paved the way for the invention of the telegraph, a major advancement in telecommunications TELEGRAPH. ELECTRICAL ENGINEERING Electrical engineering contributed to the development of the telephone, enhancing global communication TELEPHONE. ELECTRICAL ENGINEERING The field of electrical engineering has been crucial in the invention and development of computers COMPUTERS. ELECTRICAL ENGINEERING Advancements in electrical engineering have enabled the development of electric cars, promoting sustainable transportation ELECTRIC CARS. ELECTRICAL ENGINEERING Electrical engineering has contributed to the electrification of trains, aiding in the reduction of greenhouse gas emissions ELECTRIC TRAINS. ELECTRICAL ENGINEERING Electrical engineering advancements facilitated the creation of the internet, revolutionizing global connectivity INTERNET. ELECTRICAL ENGINEERING Electrical engineering contributed to the development of the telephone, enhancing global communication TELEPHONE. ELECTRICAL ENGINEERING Electrical engineering paved the way for the invention of the telegraph, a major advancement in telecommunications TELEGRAPH. ELECTRICAL ENGINEERING The field of electrical engineering has been crucial in the invention and development of computers COMPUTERS.",
    "evaluation": 1
  },
  {
    "correct_answer": "Electricity increased production efficiency and output.",
    "retrieved_context": "ELECTRICAL ENGINEERING Advancements in electrical engineering have enabled the development of electric cars, promoting sustainable transportation ELECTRIC CARS. ELECTRICAL ENGINEERING Electrical engineering has contributed to the electrification of trains, aiding in the reduction of greenhouse gas emissions ELECTRIC TRAINS. ELECTRICAL ENGINEERING Electrical engineering advancements facilitated the creation of the internet, revolutionizing global connectivity INTERNET. ELECTRICITY Electricity's advent modernized society by making daily tasks easier and improving the standard of living SOCIETY. ELECTRICITY Electricity improved public health and safety through electric lighting, heating, and cooling systems, and advancements in medical technology PUBLIC HEALTH AND SAFETY. ELECTRICITY Electricity's availability and use have driven advancements in electrical engineering, leading to significant technological innovations ELECTRICAL ENGINEERING. ELECTRICITY Electricity drove industrialization and economic growth by powering factories and manufacturing plants ECONOMY. ELECTRICAL ENGINEERING Electrical engineering paved the way for the invention of the telegraph, a major advancement in telecommunications TELEGRAPH. ELECTRICAL ENGINEERING Electrical engineering contributed to the development of the telephone, enhancing global communication TELEPHONE. ELECTRICAL ENGINEERING The field of electrical engineering has been crucial in the invention and development of computers COMPUTERS. ELECTRICAL ENGINEERING Advancements in electrical engineering have enabled the development of electric cars, promoting sustainable transportation ELECTRIC CARS. ELECTRICAL ENGINEERING Electrical engineering has contributed to the electrification of trains, aiding in the reduction of greenhouse gas emissions ELECTRIC TRAINS. ELECTRICAL ENGINEERING Electrical engineering advancements facilitated the creation of the internet, revolutionizing global connectivity INTERNET. ELECTRICAL ENGINEERING Electrical engineering contributed to the development of the telephone, enhancing global communication TELEPHONE. ELECTRICAL ENGINEERING Electrical engineering paved the way for the invention of the telegraph, a major advancement in telecommunications TELEGRAPH. ELECTRICAL ENGINEERING The field of electrical engineering has been crucial in the invention and development of computers COMPUTERS.",
    "evaluation": 0
  },
  {
    "correct_answer": "Electricity facilitated global trade and communication.",
    "retrieved_context": "ELECTRICAL ENGINEERING Advancements in electrical engineering have enabled the development of electric cars, promoting sustainable transportation ELECTRIC CARS. ELECTRICAL ENGINEERING Electrical engineering has contributed to the electrification of trains, aiding in the reduction of greenhouse gas emissions ELECTRIC TRAINS. ELECTRICAL ENGINEERING Electrical engineering advancements facilitated the creation of the internet, revolutionizing global connectivity INTERNET. ELECTRICITY Electricity's advent modernized society by making daily tasks easier and improving the standard of living SOCIETY. ELECTRICITY Electricity improved public health and safety through electric lighting, heating, and cooling systems, and advancements in medical technology PUBLIC HEALTH AND SAFETY. ELECTRICITY Electricity's availability and use have driven advancements in electrical engineering, leading to significant technological innovations ELECTRICAL ENGINEERING. ELECTRICITY Electricity drove industrialization and economic growth by powering factories and manufacturing plants ECONOMY. ELECTRICAL ENGINEERING Electrical engineering paved the way for the invention of the telegraph, a major advancement in telecommunications TELEGRAPH. ELECTRICAL ENGINEERING Electrical engineering contributed to the development of the telephone, enhancing global communication TELEPHONE. ELECTRICAL ENGINEERING The field of electrical engineering has been crucial in the invention and development of computers COMPUTERS. ELECTRICAL ENGINEERING Advancements in electrical engineering have enabled the development of electric cars, promoting sustainable transportation ELECTRIC CARS. ELECTRICAL ENGINEERING Electrical engineering has contributed to the electrification of trains, aiding in the reduction of greenhouse gas emissions ELECTRIC TRAINS. ELECTRICAL ENGINEERING Electrical engineering advancements facilitated the creation of the internet, revolutionizing global connectivity INTERNET. ELECTRICAL ENGINEERING Electrical engineering contributed to the development of the telephone, enhancing global communication TELEPHONE. ELECTRICAL ENGINEERING Electrical engineering paved the way for the invention of the telegraph, a major advancement in telecommunications TELEGRAPH. ELECTRICAL ENGINEERING The field of electrical engineering has been crucial in the invention and development of computers COMPUTERS.",
    "evaluation": 0
  },
  {
    "correct_answer": "Electricity paved the way for innovations in telecommunications, transportation, and computing.",
    "retrieved_context": "ELECTRICAL ENGINEERING Advancements in electrical engineering have enabled the development of electric cars, promoting sustainable transportation ELECTRIC CARS. ELECTRICAL ENGINEERING Electrical engineering has contributed to the electrification of trains, aiding in the reduction of greenhouse gas emissions ELECTRIC TRAINS. ELECTRICAL ENGINEERING Electrical engineering advancements facilitated the creation of the internet, revolutionizing global connectivity INTERNET. ELECTRICITY Electricity's advent modernized society by making daily tasks easier and improving the standard of living SOCIETY. ELECTRICITY Electricity improved public health and safety through electric lighting, heating, and cooling systems, and advancements in medical technology PUBLIC HEALTH AND SAFETY. ELECTRICITY Electricity's availability and use have driven advancements in electrical engineering, leading to significant technological innovations ELECTRICAL ENGINEERING. ELECTRICITY Electricity drove industrialization and economic growth by powering factories and manufacturing plants ECONOMY. ELECTRICAL ENGINEERING Electrical engineering paved the way for the invention of the telegraph, a major advancement in telecommunications TELEGRAPH. ELECTRICAL ENGINEERING Electrical engineering contributed to the development of the telephone, enhancing global communication TELEPHONE. ELECTRICAL ENGINEERING The field of electrical engineering has been crucial in the invention and development of computers COMPUTERS. ELECTRICAL ENGINEERING Advancements in electrical engineering have enabled the development of electric cars, promoting sustainable transportation ELECTRIC CARS. ELECTRICAL ENGINEERING Electrical engineering has contributed to the electrification of trains, aiding in the reduction of greenhouse gas emissions ELECTRIC TRAINS. ELECTRICAL ENGINEERING Electrical engineering advancements facilitated the creation of the internet, revolutionizing global connectivity INTERNET. ELECTRICAL ENGINEERING Electrical engineering contributed to the development of the telephone, enhancing global communication TELEPHONE. ELECTRICAL ENGINEERING Electrical engineering paved the way for the invention of the telegraph, a major advancement in telecommunications TELEGRAPH. ELECTRICAL ENGINEERING The field of electrical engineering has been crucial in the invention and development of computers COMPUTERS.",
    "evaluation": 1
  },
  {
    "accuracy": "53.33%"
  }
]