[
  {
    "correct_answer": "Fashion trends reflect the values, beliefs, and attitudes of different eras.",
    "retrieved_context": "FASHION MAGAZINES Audrey Hepburn's styles were popularized through fashion magazines, influencing the general population AUDREY HEPBURN. FASHION MAGAZINES Marilyn Monroe's glamorous styles were disseminated through fashion magazines, impacting public fashion trends MARILYN MONROE. YOUTH CULTURE Mini skirts were emblematic of the youth culture's influence on fashion during the 1960s and 1970s MINI SKIRTS. ROARING TWENTIES Social movements were integral to the cultural shifts that defined the Roaring Twenties and its fashion trends SOCIAL MOVEMENTS. ROARING TWENTIES The Roaring Twenties reflected a shift in social and cultural norms that was later echoed by the youth culture of the 1960s and 1970s YOUTH CULTURE. YOUTH CULTURE Cultural movements heavily influenced the youth culture of the 1960s and 1970s, driving fashion trends like mini skirts and psychedelic prints CULTURAL MOVEMENTS. YOUTH CULTURE Bell-bottoms were popularized by the youth culture, reflecting the era's spirit of rebellion BELL-BOTTOMS. YOUTH CULTURE Psychedelic prints were a hallmark of the youth culture's experimental approach to fashion in the 1960s and 1970s PSYCHEDELIC PRINTS. YOUTH CULTURE Cultural movements heavily influenced the youth culture of the 1960s and 1970s, driving fashion trends like mini skirts and psychedelic prints CULTURAL MOVEMENTS. YOUTH CULTURE Mini skirts were emblematic of the youth culture's influence on fashion during the 1960s and 1970s MINI SKIRTS. YOUTH CULTURE Bell-bottoms were popularized by the youth culture, reflecting the era's spirit of rebellion BELL-BOTTOMS. YOUTH CULTURE Psychedelic prints were a hallmark of the youth culture's experimental approach to fashion in the 1960s and 1970s PSYCHEDELIC PRINTS.",
    "evaluation": 1
  },
  {
    "correct_answer": "Fashion has been influenced by culture, technology, politics, and economics.",
    "retrieved_context": "FASHION MAGAZINES Audrey Hepburn's styles were popularized through fashion magazines, influencing the general population AUDREY HEPBURN. FASHION MAGAZINES Marilyn Monroe's glamorous styles were disseminated through fashion magazines, impacting public fashion trends MARILYN MONROE. YOUTH CULTURE Cultural movements heavily influenced the youth culture of the 1960s and 1970s, driving fashion trends like mini skirts and psychedelic prints CULTURAL MOVEMENTS. YOUTH CULTURE Mini skirts were emblematic of the youth culture's influence on fashion during the 1960s and 1970s MINI SKIRTS. YOUTH CULTURE Bell-bottoms were popularized by the youth culture, reflecting the era's spirit of rebellion BELL-BOTTOMS. YOUTH CULTURE Psychedelic prints were a hallmark of the youth culture's experimental approach to fashion in the 1960s and 1970s PSYCHEDELIC PRINTS. INDUSTRIAL REVOLUTION Fashion magazines spread due to the democratization of fashion that occurred during the Industrial Revolution FASHION MAGAZINES. FASHION MAGAZINES Audrey Hepburn's styles were popularized through fashion magazines, influencing the general population AUDREY HEPBURN. FASHION MAGAZINES Marilyn Monroe's glamorous styles were disseminated through fashion magazines, impacting public fashion trends MARILYN MONROE. INDUSTRIAL REVOLUTION Department stores emerged as a result of the mass production techniques introduced during the Industrial Revolution DEPARTMENT STORES. INDUSTRIAL REVOLUTION The Industrial Revolution led to significant changes in fashion trends leading into the modern era MODERN ERA. INDUSTRIAL REVOLUTION Mass production techniques were a direct outcome of the technological advancements of the Industrial Revolution MASS PRODUCTION TECHNIQUES.",
    "evaluation": 1
  },
  {
    "correct_answer": "Clothing in ancient civilizations symbolized status and identity.",
    "retrieved_context": "YOUTH CULTURE Cultural movements heavily influenced the youth culture of the 1960s and 1970s, driving fashion trends like mini skirts and psychedelic prints CULTURAL MOVEMENTS. YOUTH CULTURE Mini skirts were emblematic of the youth culture's influence on fashion during the 1960s and 1970s MINI SKIRTS. YOUTH CULTURE Bell-bottoms were popularized by the youth culture, reflecting the era's spirit of rebellion BELL-BOTTOMS. YOUTH CULTURE Psychedelic prints were a hallmark of the youth culture's experimental approach to fashion in the 1960s and 1970s PSYCHEDELIC PRINTS. MIDDLE AGES Nobles and royalty wore garments made from expensive fabrics during the Middle Ages, reflecting their high social status NOBLES AND ROYALTY. MIDDLE AGES Peasants wore humble clothing made from rougher materials during the Middle Ages, reflecting their lower social status PEASANTS. ROME Fashion trends from Rome influenced the resurgence of interest in art and culture during the Renaissance RENAISSANCE.",
    "evaluation": 0
  },
  {
    "correct_answer": "Wealthy individuals in ancient times wore elaborate garments made from luxurious fabrics.",
    "retrieved_context": "MIDDLE AGES Nobles and royalty wore garments made from expensive fabrics during the Middle Ages, reflecting their high social status NOBLES AND ROYALTY. MIDDLE AGES Peasants wore humble clothing made from rougher materials during the Middle Ages, reflecting their lower social status PEASANTS.",
    "evaluation": 0
  },
  {
    "correct_answer": "Common people in ancient times wore simpler clothing made from materials like linen and wool.",
    "retrieved_context": "MIDDLE AGES Nobles and royalty wore garments made from expensive fabrics during the Middle Ages, reflecting their high social status NOBLES AND ROYALTY. MIDDLE AGES Peasants wore humble clothing made from rougher materials during the Middle Ages, reflecting their lower social status PEASANTS. FASHION MAGAZINES Audrey Hepburn's styles were popularized through fashion magazines, influencing the general population AUDREY HEPBURN. FASHION MAGAZINES Marilyn Monroe's glamorous styles were disseminated through fashion magazines, impacting public fashion trends MARILYN MONROE.",
    "evaluation": 0
  },
  {
    "correct_answer": "Fashion trends in the Middle Ages were influenced by religion and social hierarchy.",
    "retrieved_context": "MIDDLE AGES Nobles and royalty wore garments made from expensive fabrics during the Middle Ages, reflecting their high social status NOBLES AND ROYALTY. MIDDLE AGES Peasants wore humble clothing made from rougher materials during the Middle Ages, reflecting their lower social status PEASANTS. FASHION MAGAZINES Audrey Hepburn's styles were popularized through fashion magazines, influencing the general population AUDREY HEPBURN. FASHION MAGAZINES Marilyn Monroe's glamorous styles were disseminated through fashion magazines, impacting public fashion trends MARILYN MONROE.",
    "evaluation": 0
  },
  {
    "correct_answer": "Nobles and royalty in the Middle Ages wore garments made from expensive fabrics like silk and velvet.",
    "retrieved_context": "MIDDLE AGES Nobles and royalty wore garments made from expensive fabrics during the Middle Ages, reflecting their high social status NOBLES AND ROYALTY. MIDDLE AGES Peasants wore humble clothing made from rougher materials during the Middle Ages, reflecting their lower social status PEASANTS. FASHION MAGAZINES Audrey Hepburn's styles were popularized through fashion magazines, influencing the general population AUDREY HEPBURN. FASHION MAGAZINES Marilyn Monroe's glamorous styles were disseminated through fashion magazines, impacting public fashion trends MARILYN MONROE.",
    "evaluation": 0
  },
  {
    "correct_answer": "Peasants in the Middle Ages wore humble clothing made from rougher materials.",
    "retrieved_context": "MIDDLE AGES Nobles and royalty wore garments made from expensive fabrics during the Middle Ages, reflecting their high social status NOBLES AND ROYALTY. MIDDLE AGES Peasants wore humble clothing made from rougher materials during the Middle Ages, reflecting their lower social status PEASANTS. INDUSTRIAL REVOLUTION Fashion magazines spread due to the democratization of fashion that occurred during the Industrial Revolution FASHION MAGAZINES. FASHION MAGAZINES Audrey Hepburn's styles were popularized through fashion magazines, influencing the general population AUDREY HEPBURN. FASHION MAGAZINES Marilyn Monroe's glamorous styles were disseminated through fashion magazines, impacting public fashion trends MARILYN MONROE. INDUSTRIAL REVOLUTION Department stores emerged as a result of the mass production techniques introduced during the Industrial Revolution DEPARTMENT STORES. INDUSTRIAL REVOLUTION The Industrial Revolution led to significant changes in fashion trends leading into the modern era MODERN ERA. INDUSTRIAL REVOLUTION Mass production techniques were a direct outcome of the technological advancements of the Industrial Revolution MASS PRODUCTION TECHNIQUES.",
    "evaluation": 1
  },
  {
    "correct_answer": "The Renaissance period saw a resurgence of interest in art, culture, and fashion.",
    "retrieved_context": "INDUSTRIAL REVOLUTION Fashion magazines spread due to the democratization of fashion that occurred during the Industrial Revolution FASHION MAGAZINES. FASHION MAGAZINES Audrey Hepburn's styles were popularized through fashion magazines, influencing the general population AUDREY HEPBURN. FASHION MAGAZINES Marilyn Monroe's glamorous styles were disseminated through fashion magazines, impacting public fashion trends MARILYN MONROE. INDUSTRIAL REVOLUTION Department stores emerged as a result of the mass production techniques introduced during the Industrial Revolution DEPARTMENT STORES. INDUSTRIAL REVOLUTION The Industrial Revolution led to significant changes in fashion trends leading into the modern era MODERN ERA. INDUSTRIAL REVOLUTION Mass production techniques were a direct outcome of the technological advancements of the Industrial Revolution MASS PRODUCTION TECHNIQUES. FASHION MAGAZINES Audrey Hepburn's styles were popularized through fashion magazines, influencing the general population AUDREY HEPBURN. FASHION MAGAZINES Marilyn Monroe's glamorous styles were disseminated through fashion magazines, impacting public fashion trends MARILYN MONROE. MIDDLE AGES Nobles and royalty wore garments made from expensive fabrics during the Middle Ages, reflecting their high social status NOBLES AND ROYALTY. MIDDLE AGES Peasants wore humble clothing made from rougher materials during the Middle Ages, reflecting their lower social status PEASANTS. YOUTH CULTURE Mini skirts were emblematic of the youth culture's influence on fashion during the 1960s and 1970s MINI SKIRTS. ROARING TWENTIES Social movements were integral to the cultural shifts that defined the Roaring Twenties and its fashion trends SOCIAL MOVEMENTS. ROARING TWENTIES The Roaring Twenties reflected a shift in social and cultural norms that was later echoed by the youth culture of the 1960s and 1970s YOUTH CULTURE. YOUTH CULTURE Cultural movements heavily influenced the youth culture of the 1960s and 1970s, driving fashion trends like mini skirts and psychedelic prints CULTURAL MOVEMENTS. YOUTH CULTURE Bell-bottoms were popularized by the youth culture, reflecting the era's spirit of rebellion BELL-BOTTOMS. YOUTH CULTURE Psychedelic prints were a hallmark of the youth culture's experimental approach to fashion in the 1960s and 1970s PSYCHEDELIC PRINTS.",
    "evaluation": 0
  },
  {
    "correct_answer": "The Industrial Revolution brought about mass production of ready-to-wear clothing.",
    "retrieved_context": "INDUSTRIAL REVOLUTION Fashion magazines spread due to the democratization of fashion that occurred during the Industrial Revolution FASHION MAGAZINES. FASHION MAGAZINES Audrey Hepburn's styles were popularized through fashion magazines, influencing the general population AUDREY HEPBURN. FASHION MAGAZINES Marilyn Monroe's glamorous styles were disseminated through fashion magazines, impacting public fashion trends MARILYN MONROE. INDUSTRIAL REVOLUTION Department stores emerged as a result of the mass production techniques introduced during the Industrial Revolution DEPARTMENT STORES. INDUSTRIAL REVOLUTION The Industrial Revolution led to significant changes in fashion trends leading into the modern era MODERN ERA. INDUSTRIAL REVOLUTION Mass production techniques were a direct outcome of the technological advancements of the Industrial Revolution MASS PRODUCTION TECHNIQUES. FASHION MAGAZINES Audrey Hepburn's styles were popularized through fashion magazines, influencing the general population AUDREY HEPBURN. FASHION MAGAZINES Marilyn Monroe's glamorous styles were disseminated through fashion magazines, impacting public fashion trends MARILYN MONROE.",
    "evaluation": 1
  },
  {
    "correct_answer": "Department stores and fashion magazines democratized fashion in the 18th and 19th centuries.",
    "retrieved_context": "FASHION MAGAZINES Audrey Hepburn's styles were popularized through fashion magazines, influencing the general population AUDREY HEPBURN. FASHION MAGAZINES Marilyn Monroe's glamorous styles were disseminated through fashion magazines, impacting public fashion trends MARILYN MONROE. YOUTH CULTURE Mini skirts were emblematic of the youth culture's influence on fashion during the 1960s and 1970s MINI SKIRTS. ROARING TWENTIES Social movements were integral to the cultural shifts that defined the Roaring Twenties and its fashion trends SOCIAL MOVEMENTS. ROARING TWENTIES The Roaring Twenties reflected a shift in social and cultural norms that was later echoed by the youth culture of the 1960s and 1970s YOUTH CULTURE. YOUTH CULTURE Cultural movements heavily influenced the youth culture of the 1960s and 1970s, driving fashion trends like mini skirts and psychedelic prints CULTURAL MOVEMENTS. YOUTH CULTURE Bell-bottoms were popularized by the youth culture, reflecting the era's spirit of rebellion BELL-BOTTOMS. YOUTH CULTURE Psychedelic prints were a hallmark of the youth culture's experimental approach to fashion in the 1960s and 1970s PSYCHEDELIC PRINTS. INDUSTRIAL REVOLUTION Fashion magazines spread due to the democratization of fashion that occurred during the Industrial Revolution FASHION MAGAZINES. FASHION MAGAZINES Audrey Hepburn's styles were popularized through fashion magazines, influencing the general population AUDREY HEPBURN. FASHION MAGAZINES Marilyn Monroe's glamorous styles were disseminated through fashion magazines, impacting public fashion trends MARILYN MONROE. INDUSTRIAL REVOLUTION Department stores emerged as a result of the mass production techniques introduced during the Industrial Revolution DEPARTMENT STORES. INDUSTRIAL REVOLUTION The Industrial Revolution led to significant changes in fashion trends leading into the modern era MODERN ERA. INDUSTRIAL REVOLUTION Mass production techniques were a direct outcome of the technological advancements of the Industrial Revolution MASS PRODUCTION TECHNIQUES.",
    "evaluation": 0
  },
  {
    "correct_answer": "The Roaring Twenties marked a shift towards more relaxed and liberating clothing styles.",
    "retrieved_context": "YOUTH CULTURE Mini skirts were emblematic of the youth culture's influence on fashion during the 1960s and 1970s MINI SKIRTS. ROARING TWENTIES Social movements were integral to the cultural shifts that defined the Roaring Twenties and its fashion trends SOCIAL MOVEMENTS. ROARING TWENTIES The Roaring Twenties reflected a shift in social and cultural norms that was later echoed by the youth culture of the 1960s and 1970s YOUTH CULTURE. YOUTH CULTURE Cultural movements heavily influenced the youth culture of the 1960s and 1970s, driving fashion trends like mini skirts and psychedelic prints CULTURAL MOVEMENTS. YOUTH CULTURE Bell-bottoms were popularized by the youth culture, reflecting the era's spirit of rebellion BELL-BOTTOMS. YOUTH CULTURE Psychedelic prints were a hallmark of the youth culture's experimental approach to fashion in the 1960s and 1970s PSYCHEDELIC PRINTS. FASHION MAGAZINES Audrey Hepburn's styles were popularized through fashion magazines, influencing the general population AUDREY HEPBURN. FASHION MAGAZINES Marilyn Monroe's glamorous styles were disseminated through fashion magazines, impacting public fashion trends MARILYN MONROE. YOUTH CULTURE Cultural movements heavily influenced the youth culture of the 1960s and 1970s, driving fashion trends like mini skirts and psychedelic prints CULTURAL MOVEMENTS. YOUTH CULTURE Mini skirts were emblematic of the youth culture's influence on fashion during the 1960s and 1970s MINI SKIRTS. YOUTH CULTURE Bell-bottoms were popularized by the youth culture, reflecting the era's spirit of rebellion BELL-BOTTOMS. YOUTH CULTURE Psychedelic prints were a hallmark of the youth culture's experimental approach to fashion in the 1960s and 1970s PSYCHEDELIC PRINTS. GREAT DEPRESSION The conservative fashion of the Great Depression era was followed by a resurgence of luxury after World War II WORLD WAR II. GREAT DEPRESSION Political movements during the Great Depression influenced the conservative fashion trends of the 1930s POLITICAL MOVEMENTS.",
    "evaluation": 0
  },
  {
    "correct_answer": "The Great Depression of the 1930s led to a more conservative approach to fashion.",
    "retrieved_context": "YOUTH CULTURE Mini skirts were emblematic of the youth culture's influence on fashion during the 1960s and 1970s MINI SKIRTS. ROARING TWENTIES Social movements were integral to the cultural shifts that defined the Roaring Twenties and its fashion trends SOCIAL MOVEMENTS. ROARING TWENTIES The Roaring Twenties reflected a shift in social and cultural norms that was later echoed by the youth culture of the 1960s and 1970s YOUTH CULTURE. YOUTH CULTURE Cultural movements heavily influenced the youth culture of the 1960s and 1970s, driving fashion trends like mini skirts and psychedelic prints CULTURAL MOVEMENTS. YOUTH CULTURE Bell-bottoms were popularized by the youth culture, reflecting the era's spirit of rebellion BELL-BOTTOMS. YOUTH CULTURE Psychedelic prints were a hallmark of the youth culture's experimental approach to fashion in the 1960s and 1970s PSYCHEDELIC PRINTS. GREAT DEPRESSION The conservative fashion of the Great Depression era was followed by a resurgence of luxury after World War II WORLD WAR II. GREAT DEPRESSION Political movements during the Great Depression influenced the conservative fashion trends of the 1930s POLITICAL MOVEMENTS. FASHION MAGAZINES Audrey Hepburn's styles were popularized through fashion magazines, influencing the general population AUDREY HEPBURN. FASHION MAGAZINES Marilyn Monroe's glamorous styles were disseminated through fashion magazines, impacting public fashion trends MARILYN MONROE. INDUSTRIAL REVOLUTION Fashion magazines spread due to the democratization of fashion that occurred during the Industrial Revolution FASHION MAGAZINES. FASHION MAGAZINES Audrey Hepburn's styles were popularized through fashion magazines, influencing the general population AUDREY HEPBURN. FASHION MAGAZINES Marilyn Monroe's glamorous styles were disseminated through fashion magazines, impacting public fashion trends MARILYN MONROE. INDUSTRIAL REVOLUTION Department stores emerged as a result of the mass production techniques introduced during the Industrial Revolution DEPARTMENT STORES. INDUSTRIAL REVOLUTION The Industrial Revolution led to significant changes in fashion trends leading into the modern era MODERN ERA. INDUSTRIAL REVOLUTION Mass production techniques were a direct outcome of the technological advancements of the Industrial Revolution MASS PRODUCTION TECHNIQUES.",
    "evaluation": 1
  },
  {
    "correct_answer": "The post-World War II era saw a resurgence of glamour and luxury in fashion.",
    "retrieved_context": "FASHION MAGAZINES Audrey Hepburn's styles were popularized through fashion magazines, influencing the general population AUDREY HEPBURN. FASHION MAGAZINES Marilyn Monroe's glamorous styles were disseminated through fashion magazines, impacting public fashion trends MARILYN MONROE. INDUSTRIAL REVOLUTION Fashion magazines spread due to the democratization of fashion that occurred during the Industrial Revolution FASHION MAGAZINES. FASHION MAGAZINES Audrey Hepburn's styles were popularized through fashion magazines, influencing the general population AUDREY HEPBURN. FASHION MAGAZINES Marilyn Monroe's glamorous styles were disseminated through fashion magazines, impacting public fashion trends MARILYN MONROE. INDUSTRIAL REVOLUTION Department stores emerged as a result of the mass production techniques introduced during the Industrial Revolution DEPARTMENT STORES. INDUSTRIAL REVOLUTION The Industrial Revolution led to significant changes in fashion trends leading into the modern era MODERN ERA. INDUSTRIAL REVOLUTION Mass production techniques were a direct outcome of the technological advancements of the Industrial Revolution MASS PRODUCTION TECHNIQUES. YOUTH CULTURE Mini skirts were emblematic of the youth culture's influence on fashion during the 1960s and 1970s MINI SKIRTS. ROARING TWENTIES Social movements were integral to the cultural shifts that defined the Roaring Twenties and its fashion trends SOCIAL MOVEMENTS. ROARING TWENTIES The Roaring Twenties reflected a shift in social and cultural norms that was later echoed by the youth culture of the 1960s and 1970s YOUTH CULTURE. YOUTH CULTURE Cultural movements heavily influenced the youth culture of the 1960s and 1970s, driving fashion trends like mini skirts and psychedelic prints CULTURAL MOVEMENTS. YOUTH CULTURE Bell-bottoms were popularized by the youth culture, reflecting the era's spirit of rebellion BELL-BOTTOMS. YOUTH CULTURE Psychedelic prints were a hallmark of the youth culture's experimental approach to fashion in the 1960s and 1970s PSYCHEDELIC PRINTS.",
    "evaluation": 0
  },
  {
    "correct_answer": "The 1950s saw the rise of iconic fashion figures like Audrey Hepburn and Marilyn Monroe.",
    "retrieved_context": "FASHION MAGAZINES Audrey Hepburn's styles were popularized through fashion magazines, influencing the general population AUDREY HEPBURN. FASHION MAGAZINES Marilyn Monroe's glamorous styles were disseminated through fashion magazines, impacting public fashion trends MARILYN MONROE. YOUTH CULTURE Mini skirts were emblematic of the youth culture's influence on fashion during the 1960s and 1970s MINI SKIRTS. ROARING TWENTIES Social movements were integral to the cultural shifts that defined the Roaring Twenties and its fashion trends SOCIAL MOVEMENTS. ROARING TWENTIES The Roaring Twenties reflected a shift in social and cultural norms that was later echoed by the youth culture of the 1960s and 1970s YOUTH CULTURE. YOUTH CULTURE Cultural movements heavily influenced the youth culture of the 1960s and 1970s, driving fashion trends like mini skirts and psychedelic prints CULTURAL MOVEMENTS. YOUTH CULTURE Bell-bottoms were popularized by the youth culture, reflecting the era's spirit of rebellion BELL-BOTTOMS. YOUTH CULTURE Psychedelic prints were a hallmark of the youth culture's experimental approach to fashion in the 1960s and 1970s PSYCHEDELIC PRINTS. CINDY CRAWFORD Both Cindy Crawford and Naomi Campbell were influential supermodels in the 1990s, helping to popularize high-end fashion NAOMI CAMPBELL.",
    "evaluation": 0
  },
  {
    "accuracy": "33.33%"
  }
]