[
  {
    "correct_answer": "The Rosetta Stone is a significant artifact in the field of archaeology and linguistics.",
    "retrieved_context": "ROSETTA STONE The Rosetta Stone was discovered in Egypt, linking the artifact directly to its geographical location EGYPT. ROSETTA STONE The Rosetta Stone contains inscriptions in Demotic script, which was crucial for its deciphering DEMOTIC SCRIPT. JEAN-FRANÇOIS CHAMPOLLION Champollion's comparison of Demotic script to Greek facilitated the deciphering of hieroglyphs DEMOTIC SCRIPT. ROSETTA STONE The Greek inscription on the Rosetta Stone was instrumental in deciphering the hieroglyphs GREEK. JEAN-FRANÇOIS CHAMPOLLION Champollion used his knowledge of Greek to decipher the hieroglyphs on the Rosetta Stone GREEK. ROSETTA STONE Champollion used the Rosetta Stone to decipher Egyptian hieroglyphs, marking a significant breakthrough in Egyptology CHAMPOLLION. ROSETTA STONE The Rosetta Stone has been crucial in unlocking the secrets of the Ancient Egyptian civilization ANCIENT EGYPTIAN CIVILIZATION. ROSETTA STONE The Rosetta Stone was instrumental and key in deciphering the ancient Egyptian hieroglyphs. This artifact played a crucial role in understanding and interpreting the complex system of writing used by the ancient Egyptians. Through its inscriptions, which are duplicated in more than one script, scholars were able to unlock the meaning of hieroglyphs, which had been a mystery for centuries. ANCIENT EGYPTIAN HIEROGLYPHS. ROSETTA STONE The Rosetta Stone was discovered during Napoleon's campaign in Egypt NAPOLEON. ROSETTA STONE The discovery of the Rosetta Stone is a significant event in the field of archaeology ARCHAEOLOGY. ROSETTA STONE The decipherment of the Rosetta Stone had a profound impact on the field of linguistics, particularly in understanding ancient languages LINGUISTICS. CHAMPOLLION Champollion's work on the Rosetta Stone is foundational to the field of Egyptology, contributing to the understanding of ancient Egyptian language and culture EGYPTOLOGY. ROSETTA STONE The deciphering of the Rosetta Stone significantly advanced the field of Egyptology by providing insights into ancient Egyptian culture and language EGYPTOLOGY. JEAN-FRANÇOIS CHAMPOLLION Jean-François Champollion's work led to the deciphering of ancient Egyptian hieroglyphs ANCIENT EGYPTIAN HIEROGLYPHS. ROSETTA STONE Jean-François Champollion deciphered the hieroglyphic text on the Rosetta Stone JEAN-FRANÇOIS CHAMPOLLION. ROSETTA STONE The decree inscribed on the Rosetta Stone was issued by King Ptolemy V KING PTOLEMY V.",
    "evaluation": 1
  },
  {
    "correct_answer": "The Rosetta Stone was discovered in 1799 by French soldiers during Napoleon's campaign in Egypt.",
    "retrieved_context": "ROSETTA STONE The Rosetta Stone was discovered in Egypt, linking the artifact directly to its geographical location EGYPT. ROSETTA STONE The Rosetta Stone contains inscriptions in Demotic script, which was crucial for its deciphering DEMOTIC SCRIPT. JEAN-FRANÇOIS CHAMPOLLION Champollion's comparison of Demotic script to Greek facilitated the deciphering of hieroglyphs DEMOTIC SCRIPT. ROSETTA STONE The Greek inscription on the Rosetta Stone was instrumental in deciphering the hieroglyphs GREEK. JEAN-FRANÇOIS CHAMPOLLION Champollion used his knowledge of Greek to decipher the hieroglyphs on the Rosetta Stone GREEK. ROSETTA STONE Champollion used the Rosetta Stone to decipher Egyptian hieroglyphs, marking a significant breakthrough in Egyptology CHAMPOLLION. ROSETTA STONE The Rosetta Stone has been crucial in unlocking the secrets of the Ancient Egyptian civilization ANCIENT EGYPTIAN CIVILIZATION. ROSETTA STONE The Rosetta Stone was instrumental and key in deciphering the ancient Egyptian hieroglyphs. This artifact played a crucial role in understanding and interpreting the complex system of writing used by the ancient Egyptians. Through its inscriptions, which are duplicated in more than one script, scholars were able to unlock the meaning of hieroglyphs, which had been a mystery for centuries. ANCIENT EGYPTIAN HIEROGLYPHS. ROSETTA STONE The Rosetta Stone was discovered during Napoleon's campaign in Egypt NAPOLEON. ROSETTA STONE The discovery of the Rosetta Stone is a significant event in the field of archaeology ARCHAEOLOGY. ROSETTA STONE The decipherment of the Rosetta Stone had a profound impact on the field of linguistics, particularly in understanding ancient languages LINGUISTICS. CHAMPOLLION Champollion's work on the Rosetta Stone is foundational to the field of Egyptology, contributing to the understanding of ancient Egyptian language and culture EGYPTOLOGY. ROSETTA STONE The deciphering of the Rosetta Stone significantly advanced the field of Egyptology by providing insights into ancient Egyptian culture and language EGYPTOLOGY. JEAN-FRANÇOIS CHAMPOLLION Jean-François Champollion's work led to the deciphering of ancient Egyptian hieroglyphs ANCIENT EGYPTIAN HIEROGLYPHS. ROSETTA STONE Jean-François Champollion deciphered the hieroglyphic text on the Rosetta Stone JEAN-FRANÇOIS CHAMPOLLION. ROSETTA STONE The decree inscribed on the Rosetta Stone was issued by King Ptolemy V KING PTOLEMY V.",
    "evaluation": 0
  },
  {
    "correct_answer": "The Rosetta Stone is a large inscribed stone slab.",
    "retrieved_context": "ROSETTA STONE The Rosetta Stone was discovered in Egypt, linking the artifact directly to its geographical location EGYPT. ROSETTA STONE The Rosetta Stone contains inscriptions in Demotic script, which was crucial for its deciphering DEMOTIC SCRIPT. JEAN-FRANÇOIS CHAMPOLLION Champollion's comparison of Demotic script to Greek facilitated the deciphering of hieroglyphs DEMOTIC SCRIPT. ROSETTA STONE The Greek inscription on the Rosetta Stone was instrumental in deciphering the hieroglyphs GREEK. JEAN-FRANÇOIS CHAMPOLLION Champollion used his knowledge of Greek to decipher the hieroglyphs on the Rosetta Stone GREEK. ROSETTA STONE Champollion used the Rosetta Stone to decipher Egyptian hieroglyphs, marking a significant breakthrough in Egyptology CHAMPOLLION. ROSETTA STONE The Rosetta Stone has been crucial in unlocking the secrets of the Ancient Egyptian civilization ANCIENT EGYPTIAN CIVILIZATION. ROSETTA STONE The Rosetta Stone was instrumental and key in deciphering the ancient Egyptian hieroglyphs. This artifact played a crucial role in understanding and interpreting the complex system of writing used by the ancient Egyptians. Through its inscriptions, which are duplicated in more than one script, scholars were able to unlock the meaning of hieroglyphs, which had been a mystery for centuries. ANCIENT EGYPTIAN HIEROGLYPHS. ROSETTA STONE The Rosetta Stone was discovered during Napoleon's campaign in Egypt NAPOLEON. ROSETTA STONE The discovery of the Rosetta Stone is a significant event in the field of archaeology ARCHAEOLOGY. ROSETTA STONE The decipherment of the Rosetta Stone had a profound impact on the field of linguistics, particularly in understanding ancient languages LINGUISTICS. CHAMPOLLION Champollion's work on the Rosetta Stone is foundational to the field of Egyptology, contributing to the understanding of ancient Egyptian language and culture EGYPTOLOGY. ROSETTA STONE The deciphering of the Rosetta Stone significantly advanced the field of Egyptology by providing insights into ancient Egyptian culture and language EGYPTOLOGY. JEAN-FRANÇOIS CHAMPOLLION Jean-François Champollion's work led to the deciphering of ancient Egyptian hieroglyphs ANCIENT EGYPTIAN HIEROGLYPHS. ROSETTA STONE Jean-François Champollion deciphered the hieroglyphic text on the Rosetta Stone JEAN-FRANÇOIS CHAMPOLLION. ROSETTA STONE The decree inscribed on the Rosetta Stone was issued by King Ptolemy V KING PTOLEMY V.",
    "evaluation": 0
  },
  {
    "correct_answer": "The Rosetta Stone contains a decree issued by King Ptolemy V in 196 BC.",
    "retrieved_context": "ROSETTA STONE The Rosetta Stone was discovered in Egypt, linking the artifact directly to its geographical location EGYPT. ROSETTA STONE The Rosetta Stone contains inscriptions in Demotic script, which was crucial for its deciphering DEMOTIC SCRIPT. JEAN-FRANÇOIS CHAMPOLLION Champollion's comparison of Demotic script to Greek facilitated the deciphering of hieroglyphs DEMOTIC SCRIPT. ROSETTA STONE The Greek inscription on the Rosetta Stone was instrumental in deciphering the hieroglyphs GREEK. JEAN-FRANÇOIS CHAMPOLLION Champollion used his knowledge of Greek to decipher the hieroglyphs on the Rosetta Stone GREEK. ROSETTA STONE Champollion used the Rosetta Stone to decipher Egyptian hieroglyphs, marking a significant breakthrough in Egyptology CHAMPOLLION. ROSETTA STONE The Rosetta Stone has been crucial in unlocking the secrets of the Ancient Egyptian civilization ANCIENT EGYPTIAN CIVILIZATION. ROSETTA STONE The Rosetta Stone was instrumental and key in deciphering the ancient Egyptian hieroglyphs. This artifact played a crucial role in understanding and interpreting the complex system of writing used by the ancient Egyptians. Through its inscriptions, which are duplicated in more than one script, scholars were able to unlock the meaning of hieroglyphs, which had been a mystery for centuries. ANCIENT EGYPTIAN HIEROGLYPHS. ROSETTA STONE The Rosetta Stone was discovered during Napoleon's campaign in Egypt NAPOLEON. ROSETTA STONE The discovery of the Rosetta Stone is a significant event in the field of archaeology ARCHAEOLOGY. ROSETTA STONE The decipherment of the Rosetta Stone had a profound impact on the field of linguistics, particularly in understanding ancient languages LINGUISTICS. CHAMPOLLION Champollion's work on the Rosetta Stone is foundational to the field of Egyptology, contributing to the understanding of ancient Egyptian language and culture EGYPTOLOGY. ROSETTA STONE The deciphering of the Rosetta Stone significantly advanced the field of Egyptology by providing insights into ancient Egyptian culture and language EGYPTOLOGY. JEAN-FRANÇOIS CHAMPOLLION Jean-François Champollion's work led to the deciphering of ancient Egyptian hieroglyphs ANCIENT EGYPTIAN HIEROGLYPHS. ROSETTA STONE Jean-François Champollion deciphered the hieroglyphic text on the Rosetta Stone JEAN-FRANÇOIS CHAMPOLLION. ROSETTA STONE The decree inscribed on the Rosetta Stone was issued by King Ptolemy V KING PTOLEMY V.",
    "evaluation": 0
  },
  {
    "correct_answer": "The decree on the Rosetta Stone is written in three scripts: ancient Egyptian hieroglyphs, Demotic script, and Greek.",
    "retrieved_context": "ROSETTA STONE The Rosetta Stone was discovered in Egypt, linking the artifact directly to its geographical location EGYPT. ROSETTA STONE The Rosetta Stone contains inscriptions in Demotic script, which was crucial for its deciphering DEMOTIC SCRIPT. JEAN-FRANÇOIS CHAMPOLLION Champollion's comparison of Demotic script to Greek facilitated the deciphering of hieroglyphs DEMOTIC SCRIPT. ROSETTA STONE The Greek inscription on the Rosetta Stone was instrumental in deciphering the hieroglyphs GREEK. JEAN-FRANÇOIS CHAMPOLLION Champollion used his knowledge of Greek to decipher the hieroglyphs on the Rosetta Stone GREEK. ROSETTA STONE Champollion used the Rosetta Stone to decipher Egyptian hieroglyphs, marking a significant breakthrough in Egyptology CHAMPOLLION. ROSETTA STONE The Rosetta Stone has been crucial in unlocking the secrets of the Ancient Egyptian civilization ANCIENT EGYPTIAN CIVILIZATION. ROSETTA STONE The Rosetta Stone was instrumental and key in deciphering the ancient Egyptian hieroglyphs. This artifact played a crucial role in understanding and interpreting the complex system of writing used by the ancient Egyptians. Through its inscriptions, which are duplicated in more than one script, scholars were able to unlock the meaning of hieroglyphs, which had been a mystery for centuries. ANCIENT EGYPTIAN HIEROGLYPHS. ROSETTA STONE The Rosetta Stone was discovered during Napoleon's campaign in Egypt NAPOLEON. ROSETTA STONE The discovery of the Rosetta Stone is a significant event in the field of archaeology ARCHAEOLOGY. ROSETTA STONE The decipherment of the Rosetta Stone had a profound impact on the field of linguistics, particularly in understanding ancient languages LINGUISTICS. CHAMPOLLION Champollion's work on the Rosetta Stone is foundational to the field of Egyptology, contributing to the understanding of ancient Egyptian language and culture EGYPTOLOGY. ROSETTA STONE The deciphering of the Rosetta Stone significantly advanced the field of Egyptology by providing insights into ancient Egyptian culture and language EGYPTOLOGY. JEAN-FRANÇOIS CHAMPOLLION Jean-François Champollion's work led to the deciphering of ancient Egyptian hieroglyphs ANCIENT EGYPTIAN HIEROGLYPHS. ROSETTA STONE Jean-François Champollion deciphered the hieroglyphic text on the Rosetta Stone JEAN-FRANÇOIS CHAMPOLLION. ROSETTA STONE The decree inscribed on the Rosetta Stone was issued by King Ptolemy V KING PTOLEMY V.",
    "evaluation": 0
  },
  {
    "correct_answer": "The Rosetta Stone became the key to unlocking the secrets of Egyptian hieroglyphic writing.",
    "retrieved_context": "ROSETTA STONE The Rosetta Stone was discovered in Egypt, linking the artifact directly to its geographical location EGYPT. ROSETTA STONE The Rosetta Stone contains inscriptions in Demotic script, which was crucial for its deciphering DEMOTIC SCRIPT. JEAN-FRANÇOIS CHAMPOLLION Champollion's comparison of Demotic script to Greek facilitated the deciphering of hieroglyphs DEMOTIC SCRIPT. ROSETTA STONE The Greek inscription on the Rosetta Stone was instrumental in deciphering the hieroglyphs GREEK. JEAN-FRANÇOIS CHAMPOLLION Champollion used his knowledge of Greek to decipher the hieroglyphs on the Rosetta Stone GREEK. ROSETTA STONE Champollion used the Rosetta Stone to decipher Egyptian hieroglyphs, marking a significant breakthrough in Egyptology CHAMPOLLION. ROSETTA STONE The Rosetta Stone has been crucial in unlocking the secrets of the Ancient Egyptian civilization ANCIENT EGYPTIAN CIVILIZATION. ROSETTA STONE The Rosetta Stone was instrumental and key in deciphering the ancient Egyptian hieroglyphs. This artifact played a crucial role in understanding and interpreting the complex system of writing used by the ancient Egyptians. Through its inscriptions, which are duplicated in more than one script, scholars were able to unlock the meaning of hieroglyphs, which had been a mystery for centuries. ANCIENT EGYPTIAN HIEROGLYPHS. ROSETTA STONE The Rosetta Stone was discovered during Napoleon's campaign in Egypt NAPOLEON. ROSETTA STONE The discovery of the Rosetta Stone is a significant event in the field of archaeology ARCHAEOLOGY. ROSETTA STONE The decipherment of the Rosetta Stone had a profound impact on the field of linguistics, particularly in understanding ancient languages LINGUISTICS. CHAMPOLLION Champollion's work on the Rosetta Stone is foundational to the field of Egyptology, contributing to the understanding of ancient Egyptian language and culture EGYPTOLOGY. ROSETTA STONE The deciphering of the Rosetta Stone significantly advanced the field of Egyptology by providing insights into ancient Egyptian culture and language EGYPTOLOGY. JEAN-FRANÇOIS CHAMPOLLION Jean-François Champollion's work led to the deciphering of ancient Egyptian hieroglyphs ANCIENT EGYPTIAN HIEROGLYPHS. ROSETTA STONE Jean-François Champollion deciphered the hieroglyphic text on the Rosetta Stone JEAN-FRANÇOIS CHAMPOLLION. ROSETTA STONE The decree inscribed on the Rosetta Stone was issued by King Ptolemy V KING PTOLEMY V.",
    "evaluation": 1
  },
  {
    "correct_answer": "The meaning of Egyptian hieroglyphs was lost to history before the discovery of the Rosetta Stone.",
    "retrieved_context": "ROSETTA STONE The Rosetta Stone was discovered in Egypt, linking the artifact directly to its geographical location EGYPT. ROSETTA STONE The Rosetta Stone contains inscriptions in Demotic script, which was crucial for its deciphering DEMOTIC SCRIPT. JEAN-FRANÇOIS CHAMPOLLION Champollion's comparison of Demotic script to Greek facilitated the deciphering of hieroglyphs DEMOTIC SCRIPT. ROSETTA STONE The Greek inscription on the Rosetta Stone was instrumental in deciphering the hieroglyphs GREEK. JEAN-FRANÇOIS CHAMPOLLION Champollion used his knowledge of Greek to decipher the hieroglyphs on the Rosetta Stone GREEK. ROSETTA STONE Champollion used the Rosetta Stone to decipher Egyptian hieroglyphs, marking a significant breakthrough in Egyptology CHAMPOLLION. ROSETTA STONE The Rosetta Stone has been crucial in unlocking the secrets of the Ancient Egyptian civilization ANCIENT EGYPTIAN CIVILIZATION. ROSETTA STONE The Rosetta Stone was instrumental and key in deciphering the ancient Egyptian hieroglyphs. This artifact played a crucial role in understanding and interpreting the complex system of writing used by the ancient Egyptians. Through its inscriptions, which are duplicated in more than one script, scholars were able to unlock the meaning of hieroglyphs, which had been a mystery for centuries. ANCIENT EGYPTIAN HIEROGLYPHS. ROSETTA STONE The Rosetta Stone was discovered during Napoleon's campaign in Egypt NAPOLEON. ROSETTA STONE The discovery of the Rosetta Stone is a significant event in the field of archaeology ARCHAEOLOGY. ROSETTA STONE The decipherment of the Rosetta Stone had a profound impact on the field of linguistics, particularly in understanding ancient languages LINGUISTICS. CHAMPOLLION Champollion's work on the Rosetta Stone is foundational to the field of Egyptology, contributing to the understanding of ancient Egyptian language and culture EGYPTOLOGY. ROSETTA STONE The deciphering of the Rosetta Stone significantly advanced the field of Egyptology by providing insights into ancient Egyptian culture and language EGYPTOLOGY. JEAN-FRANÇOIS CHAMPOLLION Jean-François Champollion's work led to the deciphering of ancient Egyptian hieroglyphs ANCIENT EGYPTIAN HIEROGLYPHS. ROSETTA STONE Jean-François Champollion deciphered the hieroglyphic text on the Rosetta Stone JEAN-FRANÇOIS CHAMPOLLION. ROSETTA STONE The decree inscribed on the Rosetta Stone was issued by King Ptolemy V KING PTOLEMY V.",
    "evaluation": 0
  },
  {
    "correct_answer": "Scholars and archaeologists had long been intrigued by the symbols and pictograms found on ancient Egyptian monuments.",
    "retrieved_context": "ROSETTA STONE The Rosetta Stone was discovered in Egypt, linking the artifact directly to its geographical location EGYPT. ROSETTA STONE The Rosetta Stone contains inscriptions in Demotic script, which was crucial for its deciphering DEMOTIC SCRIPT. JEAN-FRANÇOIS CHAMPOLLION Champollion's comparison of Demotic script to Greek facilitated the deciphering of hieroglyphs DEMOTIC SCRIPT. ROSETTA STONE The Greek inscription on the Rosetta Stone was instrumental in deciphering the hieroglyphs GREEK. JEAN-FRANÇOIS CHAMPOLLION Champollion used his knowledge of Greek to decipher the hieroglyphs on the Rosetta Stone GREEK. ROSETTA STONE Champollion used the Rosetta Stone to decipher Egyptian hieroglyphs, marking a significant breakthrough in Egyptology CHAMPOLLION. ROSETTA STONE The Rosetta Stone has been crucial in unlocking the secrets of the Ancient Egyptian civilization ANCIENT EGYPTIAN CIVILIZATION. ROSETTA STONE The Rosetta Stone was instrumental and key in deciphering the ancient Egyptian hieroglyphs. This artifact played a crucial role in understanding and interpreting the complex system of writing used by the ancient Egyptians. Through its inscriptions, which are duplicated in more than one script, scholars were able to unlock the meaning of hieroglyphs, which had been a mystery for centuries. ANCIENT EGYPTIAN HIEROGLYPHS. ROSETTA STONE The Rosetta Stone was discovered during Napoleon's campaign in Egypt NAPOLEON. ROSETTA STONE The discovery of the Rosetta Stone is a significant event in the field of archaeology ARCHAEOLOGY. ROSETTA STONE The decipherment of the Rosetta Stone had a profound impact on the field of linguistics, particularly in understanding ancient languages LINGUISTICS. CHAMPOLLION Champollion's work on the Rosetta Stone is foundational to the field of Egyptology, contributing to the understanding of ancient Egyptian language and culture EGYPTOLOGY. ROSETTA STONE The deciphering of the Rosetta Stone significantly advanced the field of Egyptology by providing insights into ancient Egyptian culture and language EGYPTOLOGY. JEAN-FRANÇOIS CHAMPOLLION Jean-François Champollion's work led to the deciphering of ancient Egyptian hieroglyphs ANCIENT EGYPTIAN HIEROGLYPHS. ROSETTA STONE Jean-François Champollion deciphered the hieroglyphic text on the Rosetta Stone JEAN-FRANÇOIS CHAMPOLLION. ROSETTA STONE The decree inscribed on the Rosetta Stone was issued by King Ptolemy V KING PTOLEMY V.",
    "evaluation": 0
  },
  {
    "correct_answer": "The breakthrough in deciphering hieroglyphs came in 1822 when Jean-François Champollion successfully deciphered the hieroglyphic text on the Rosetta Stone.",
    "retrieved_context": "ROSETTA STONE The Rosetta Stone was discovered in Egypt, linking the artifact directly to its geographical location EGYPT. ROSETTA STONE The Rosetta Stone contains inscriptions in Demotic script, which was crucial for its deciphering DEMOTIC SCRIPT. JEAN-FRANÇOIS CHAMPOLLION Champollion's comparison of Demotic script to Greek facilitated the deciphering of hieroglyphs DEMOTIC SCRIPT. ROSETTA STONE The Greek inscription on the Rosetta Stone was instrumental in deciphering the hieroglyphs GREEK. JEAN-FRANÇOIS CHAMPOLLION Champollion used his knowledge of Greek to decipher the hieroglyphs on the Rosetta Stone GREEK. ROSETTA STONE Champollion used the Rosetta Stone to decipher Egyptian hieroglyphs, marking a significant breakthrough in Egyptology CHAMPOLLION. ROSETTA STONE The Rosetta Stone has been crucial in unlocking the secrets of the Ancient Egyptian civilization ANCIENT EGYPTIAN CIVILIZATION. ROSETTA STONE The Rosetta Stone was instrumental and key in deciphering the ancient Egyptian hieroglyphs. This artifact played a crucial role in understanding and interpreting the complex system of writing used by the ancient Egyptians. Through its inscriptions, which are duplicated in more than one script, scholars were able to unlock the meaning of hieroglyphs, which had been a mystery for centuries. ANCIENT EGYPTIAN HIEROGLYPHS. ROSETTA STONE The Rosetta Stone was discovered during Napoleon's campaign in Egypt NAPOLEON. ROSETTA STONE The discovery of the Rosetta Stone is a significant event in the field of archaeology ARCHAEOLOGY. ROSETTA STONE The decipherment of the Rosetta Stone had a profound impact on the field of linguistics, particularly in understanding ancient languages LINGUISTICS. CHAMPOLLION Champollion's work on the Rosetta Stone is foundational to the field of Egyptology, contributing to the understanding of ancient Egyptian language and culture EGYPTOLOGY. ROSETTA STONE The deciphering of the Rosetta Stone significantly advanced the field of Egyptology by providing insights into ancient Egyptian culture and language EGYPTOLOGY. JEAN-FRANÇOIS CHAMPOLLION Jean-François Champollion's work led to the deciphering of ancient Egyptian hieroglyphs ANCIENT EGYPTIAN HIEROGLYPHS. ROSETTA STONE Jean-François Champollion deciphered the hieroglyphic text on the Rosetta Stone JEAN-FRANÇOIS CHAMPOLLION. ROSETTA STONE The decree inscribed on the Rosetta Stone was issued by King Ptolemy V KING PTOLEMY V. JEAN-FRANÇOIS CHAMPOLLION Champollion's comparison of Demotic script to Greek facilitated the deciphering of hieroglyphs DEMOTIC SCRIPT. JEAN-FRANÇOIS CHAMPOLLION Jean-François Champollion's work led to the deciphering of ancient Egyptian hieroglyphs ANCIENT EGYPTIAN HIEROGLYPHS. JEAN-FRANÇOIS CHAMPOLLION Champollion used his knowledge of Greek to decipher the hieroglyphs on the Rosetta Stone GREEK. CHAMPOLLION Champollion's work on the Rosetta Stone is foundational to the field of Egyptology, contributing to the understanding of ancient Egyptian language and culture EGYPTOLOGY.",
    "evaluation": 1
  },
  {
    "correct_answer": "Champollion compared the Greek text with the hieroglyphic and Demotic texts on the Rosetta Stone to decipher the hieroglyphs.",
    "retrieved_context": "ROSETTA STONE The Rosetta Stone was discovered in Egypt, linking the artifact directly to its geographical location EGYPT. ROSETTA STONE The Rosetta Stone contains inscriptions in Demotic script, which was crucial for its deciphering DEMOTIC SCRIPT. JEAN-FRANÇOIS CHAMPOLLION Champollion's comparison of Demotic script to Greek facilitated the deciphering of hieroglyphs DEMOTIC SCRIPT. ROSETTA STONE The Greek inscription on the Rosetta Stone was instrumental in deciphering the hieroglyphs GREEK. JEAN-FRANÇOIS CHAMPOLLION Champollion used his knowledge of Greek to decipher the hieroglyphs on the Rosetta Stone GREEK. ROSETTA STONE Champollion used the Rosetta Stone to decipher Egyptian hieroglyphs, marking a significant breakthrough in Egyptology CHAMPOLLION. ROSETTA STONE The Rosetta Stone has been crucial in unlocking the secrets of the Ancient Egyptian civilization ANCIENT EGYPTIAN CIVILIZATION. ROSETTA STONE The Rosetta Stone was instrumental and key in deciphering the ancient Egyptian hieroglyphs. This artifact played a crucial role in understanding and interpreting the complex system of writing used by the ancient Egyptians. Through its inscriptions, which are duplicated in more than one script, scholars were able to unlock the meaning of hieroglyphs, which had been a mystery for centuries. ANCIENT EGYPTIAN HIEROGLYPHS. ROSETTA STONE The Rosetta Stone was discovered during Napoleon's campaign in Egypt NAPOLEON. ROSETTA STONE The discovery of the Rosetta Stone is a significant event in the field of archaeology ARCHAEOLOGY. ROSETTA STONE The decipherment of the Rosetta Stone had a profound impact on the field of linguistics, particularly in understanding ancient languages LINGUISTICS. CHAMPOLLION Champollion's work on the Rosetta Stone is foundational to the field of Egyptology, contributing to the understanding of ancient Egyptian language and culture EGYPTOLOGY. ROSETTA STONE The deciphering of the Rosetta Stone significantly advanced the field of Egyptology by providing insights into ancient Egyptian culture and language EGYPTOLOGY. JEAN-FRANÇOIS CHAMPOLLION Jean-François Champollion's work led to the deciphering of ancient Egyptian hieroglyphs ANCIENT EGYPTIAN HIEROGLYPHS. ROSETTA STONE Jean-François Champollion deciphered the hieroglyphic text on the Rosetta Stone JEAN-FRANÇOIS CHAMPOLLION. ROSETTA STONE The decree inscribed on the Rosetta Stone was issued by King Ptolemy V KING PTOLEMY V. CHAMPOLLION Champollion's work on the Rosetta Stone is foundational to the field of Egyptology, contributing to the understanding of ancient Egyptian language and culture EGYPTOLOGY. JEAN-FRANÇOIS CHAMPOLLION Champollion's comparison of Demotic script to Greek facilitated the deciphering of hieroglyphs DEMOTIC SCRIPT. JEAN-FRANÇOIS CHAMPOLLION Jean-François Champollion's work led to the deciphering of ancient Egyptian hieroglyphs ANCIENT EGYPTIAN HIEROGLYPHS. JEAN-FRANÇOIS CHAMPOLLION Champollion used his knowledge of Greek to decipher the hieroglyphs on the Rosetta Stone GREEK.",
    "evaluation": 1
  },
  {
    "correct_answer": "Deciphering the Rosetta Stone opened up a new era of understanding of ancient Egyptian culture, history, and language.",
    "retrieved_context": "ROSETTA STONE The Rosetta Stone was discovered in Egypt, linking the artifact directly to its geographical location EGYPT. ROSETTA STONE The Rosetta Stone contains inscriptions in Demotic script, which was crucial for its deciphering DEMOTIC SCRIPT. JEAN-FRANÇOIS CHAMPOLLION Champollion's comparison of Demotic script to Greek facilitated the deciphering of hieroglyphs DEMOTIC SCRIPT. ROSETTA STONE The Greek inscription on the Rosetta Stone was instrumental in deciphering the hieroglyphs GREEK. JEAN-FRANÇOIS CHAMPOLLION Champollion used his knowledge of Greek to decipher the hieroglyphs on the Rosetta Stone GREEK. ROSETTA STONE Champollion used the Rosetta Stone to decipher Egyptian hieroglyphs, marking a significant breakthrough in Egyptology CHAMPOLLION. ROSETTA STONE The Rosetta Stone has been crucial in unlocking the secrets of the Ancient Egyptian civilization ANCIENT EGYPTIAN CIVILIZATION. ROSETTA STONE The Rosetta Stone was instrumental and key in deciphering the ancient Egyptian hieroglyphs. This artifact played a crucial role in understanding and interpreting the complex system of writing used by the ancient Egyptians. Through its inscriptions, which are duplicated in more than one script, scholars were able to unlock the meaning of hieroglyphs, which had been a mystery for centuries. ANCIENT EGYPTIAN HIEROGLYPHS. ROSETTA STONE The Rosetta Stone was discovered during Napoleon's campaign in Egypt NAPOLEON. ROSETTA STONE The discovery of the Rosetta Stone is a significant event in the field of archaeology ARCHAEOLOGY. ROSETTA STONE The decipherment of the Rosetta Stone had a profound impact on the field of linguistics, particularly in understanding ancient languages LINGUISTICS. CHAMPOLLION Champollion's work on the Rosetta Stone is foundational to the field of Egyptology, contributing to the understanding of ancient Egyptian language and culture EGYPTOLOGY. ROSETTA STONE The deciphering of the Rosetta Stone significantly advanced the field of Egyptology by providing insights into ancient Egyptian culture and language EGYPTOLOGY. JEAN-FRANÇOIS CHAMPOLLION Jean-François Champollion's work led to the deciphering of ancient Egyptian hieroglyphs ANCIENT EGYPTIAN HIEROGLYPHS. ROSETTA STONE Jean-François Champollion deciphered the hieroglyphic text on the Rosetta Stone JEAN-FRANÇOIS CHAMPOLLION. ROSETTA STONE The decree inscribed on the Rosetta Stone was issued by King Ptolemy V KING PTOLEMY V.",
    "evaluation": 1
  },
  {
    "correct_answer": "The translation of hieroglyphic texts made possible by the Rosetta Stone revealed insights into the ancient Egyptians' religious beliefs, political structures, and daily life.",
    "retrieved_context": "ROSETTA STONE The Rosetta Stone was discovered in Egypt, linking the artifact directly to its geographical location EGYPT. ROSETTA STONE The Rosetta Stone contains inscriptions in Demotic script, which was crucial for its deciphering DEMOTIC SCRIPT. JEAN-FRANÇOIS CHAMPOLLION Champollion's comparison of Demotic script to Greek facilitated the deciphering of hieroglyphs DEMOTIC SCRIPT. ROSETTA STONE The Greek inscription on the Rosetta Stone was instrumental in deciphering the hieroglyphs GREEK. JEAN-FRANÇOIS CHAMPOLLION Champollion used his knowledge of Greek to decipher the hieroglyphs on the Rosetta Stone GREEK. ROSETTA STONE Champollion used the Rosetta Stone to decipher Egyptian hieroglyphs, marking a significant breakthrough in Egyptology CHAMPOLLION. ROSETTA STONE The Rosetta Stone has been crucial in unlocking the secrets of the Ancient Egyptian civilization ANCIENT EGYPTIAN CIVILIZATION. ROSETTA STONE The Rosetta Stone was instrumental and key in deciphering the ancient Egyptian hieroglyphs. This artifact played a crucial role in understanding and interpreting the complex system of writing used by the ancient Egyptians. Through its inscriptions, which are duplicated in more than one script, scholars were able to unlock the meaning of hieroglyphs, which had been a mystery for centuries. ANCIENT EGYPTIAN HIEROGLYPHS. ROSETTA STONE The Rosetta Stone was discovered during Napoleon's campaign in Egypt NAPOLEON. ROSETTA STONE The discovery of the Rosetta Stone is a significant event in the field of archaeology ARCHAEOLOGY. ROSETTA STONE The decipherment of the Rosetta Stone had a profound impact on the field of linguistics, particularly in understanding ancient languages LINGUISTICS. CHAMPOLLION Champollion's work on the Rosetta Stone is foundational to the field of Egyptology, contributing to the understanding of ancient Egyptian language and culture EGYPTOLOGY. ROSETTA STONE The deciphering of the Rosetta Stone significantly advanced the field of Egyptology by providing insights into ancient Egyptian culture and language EGYPTOLOGY. JEAN-FRANÇOIS CHAMPOLLION Jean-François Champollion's work led to the deciphering of ancient Egyptian hieroglyphs ANCIENT EGYPTIAN HIEROGLYPHS. ROSETTA STONE Jean-François Champollion deciphered the hieroglyphic text on the Rosetta Stone JEAN-FRANÇOIS CHAMPOLLION. ROSETTA STONE The decree inscribed on the Rosetta Stone was issued by King Ptolemy V KING PTOLEMY V.",
    "evaluation": 0
  },
  {
    "correct_answer": "The Rosetta Stone inspired new methods and approaches to the study of ancient languages and scripts.",
    "retrieved_context": "ROSETTA STONE The Rosetta Stone was discovered in Egypt, linking the artifact directly to its geographical location EGYPT. ROSETTA STONE The Rosetta Stone contains inscriptions in Demotic script, which was crucial for its deciphering DEMOTIC SCRIPT. JEAN-FRANÇOIS CHAMPOLLION Champollion's comparison of Demotic script to Greek facilitated the deciphering of hieroglyphs DEMOTIC SCRIPT. ROSETTA STONE The Greek inscription on the Rosetta Stone was instrumental in deciphering the hieroglyphs GREEK. JEAN-FRANÇOIS CHAMPOLLION Champollion used his knowledge of Greek to decipher the hieroglyphs on the Rosetta Stone GREEK. ROSETTA STONE Champollion used the Rosetta Stone to decipher Egyptian hieroglyphs, marking a significant breakthrough in Egyptology CHAMPOLLION. ROSETTA STONE The Rosetta Stone has been crucial in unlocking the secrets of the Ancient Egyptian civilization ANCIENT EGYPTIAN CIVILIZATION. ROSETTA STONE The Rosetta Stone was instrumental and key in deciphering the ancient Egyptian hieroglyphs. This artifact played a crucial role in understanding and interpreting the complex system of writing used by the ancient Egyptians. Through its inscriptions, which are duplicated in more than one script, scholars were able to unlock the meaning of hieroglyphs, which had been a mystery for centuries. ANCIENT EGYPTIAN HIEROGLYPHS. ROSETTA STONE The Rosetta Stone was discovered during Napoleon's campaign in Egypt NAPOLEON. ROSETTA STONE The discovery of the Rosetta Stone is a significant event in the field of archaeology ARCHAEOLOGY. ROSETTA STONE The decipherment of the Rosetta Stone had a profound impact on the field of linguistics, particularly in understanding ancient languages LINGUISTICS. CHAMPOLLION Champollion's work on the Rosetta Stone is foundational to the field of Egyptology, contributing to the understanding of ancient Egyptian language and culture EGYPTOLOGY. ROSETTA STONE The deciphering of the Rosetta Stone significantly advanced the field of Egyptology by providing insights into ancient Egyptian culture and language EGYPTOLOGY. JEAN-FRANÇOIS CHAMPOLLION Jean-François Champollion's work led to the deciphering of ancient Egyptian hieroglyphs ANCIENT EGYPTIAN HIEROGLYPHS. ROSETTA STONE Jean-François Champollion deciphered the hieroglyphic text on the Rosetta Stone JEAN-FRANÇOIS CHAMPOLLION. ROSETTA STONE The decree inscribed on the Rosetta Stone was issued by King Ptolemy V KING PTOLEMY V.",
    "evaluation": 0
  },
  {
    "correct_answer": "The Rosetta Stone has become an iconic symbol of the quest for knowledge and understanding.",
    "retrieved_context": "ROSETTA STONE The Rosetta Stone was discovered in Egypt, linking the artifact directly to its geographical location EGYPT. ROSETTA STONE The Rosetta Stone contains inscriptions in Demotic script, which was crucial for its deciphering DEMOTIC SCRIPT. JEAN-FRANÇOIS CHAMPOLLION Champollion's comparison of Demotic script to Greek facilitated the deciphering of hieroglyphs DEMOTIC SCRIPT. ROSETTA STONE The Greek inscription on the Rosetta Stone was instrumental in deciphering the hieroglyphs GREEK. JEAN-FRANÇOIS CHAMPOLLION Champollion used his knowledge of Greek to decipher the hieroglyphs on the Rosetta Stone GREEK. ROSETTA STONE Champollion used the Rosetta Stone to decipher Egyptian hieroglyphs, marking a significant breakthrough in Egyptology CHAMPOLLION. ROSETTA STONE The Rosetta Stone has been crucial in unlocking the secrets of the Ancient Egyptian civilization ANCIENT EGYPTIAN CIVILIZATION. ROSETTA STONE The Rosetta Stone was instrumental and key in deciphering the ancient Egyptian hieroglyphs. This artifact played a crucial role in understanding and interpreting the complex system of writing used by the ancient Egyptians. Through its inscriptions, which are duplicated in more than one script, scholars were able to unlock the meaning of hieroglyphs, which had been a mystery for centuries. ANCIENT EGYPTIAN HIEROGLYPHS. ROSETTA STONE The Rosetta Stone was discovered during Napoleon's campaign in Egypt NAPOLEON. ROSETTA STONE The discovery of the Rosetta Stone is a significant event in the field of archaeology ARCHAEOLOGY. ROSETTA STONE The decipherment of the Rosetta Stone had a profound impact on the field of linguistics, particularly in understanding ancient languages LINGUISTICS. CHAMPOLLION Champollion's work on the Rosetta Stone is foundational to the field of Egyptology, contributing to the understanding of ancient Egyptian language and culture EGYPTOLOGY. ROSETTA STONE The deciphering of the Rosetta Stone significantly advanced the field of Egyptology by providing insights into ancient Egyptian culture and language EGYPTOLOGY. JEAN-FRANÇOIS CHAMPOLLION Jean-François Champollion's work led to the deciphering of ancient Egyptian hieroglyphs ANCIENT EGYPTIAN HIEROGLYPHS. ROSETTA STONE Jean-François Champollion deciphered the hieroglyphic text on the Rosetta Stone JEAN-FRANÇOIS CHAMPOLLION. ROSETTA STONE The decree inscribed on the Rosetta Stone was issued by King Ptolemy V KING PTOLEMY V.",
    "evaluation": 0
  },
  {
    "correct_answer": "The Rosetta Stone stands as a testament to the ingenuity and intellect of ancient civilizations and modern scholars alike.",
    "retrieved_context": "ROSETTA STONE The Rosetta Stone was discovered in Egypt, linking the artifact directly to its geographical location EGYPT. ROSETTA STONE The Rosetta Stone contains inscriptions in Demotic script, which was crucial for its deciphering DEMOTIC SCRIPT. JEAN-FRANÇOIS CHAMPOLLION Champollion's comparison of Demotic script to Greek facilitated the deciphering of hieroglyphs DEMOTIC SCRIPT. ROSETTA STONE The Greek inscription on the Rosetta Stone was instrumental in deciphering the hieroglyphs GREEK. JEAN-FRANÇOIS CHAMPOLLION Champollion used his knowledge of Greek to decipher the hieroglyphs on the Rosetta Stone GREEK. ROSETTA STONE Champollion used the Rosetta Stone to decipher Egyptian hieroglyphs, marking a significant breakthrough in Egyptology CHAMPOLLION. ROSETTA STONE The Rosetta Stone has been crucial in unlocking the secrets of the Ancient Egyptian civilization ANCIENT EGYPTIAN CIVILIZATION. ROSETTA STONE The Rosetta Stone was instrumental and key in deciphering the ancient Egyptian hieroglyphs. This artifact played a crucial role in understanding and interpreting the complex system of writing used by the ancient Egyptians. Through its inscriptions, which are duplicated in more than one script, scholars were able to unlock the meaning of hieroglyphs, which had been a mystery for centuries. ANCIENT EGYPTIAN HIEROGLYPHS. ROSETTA STONE The Rosetta Stone was discovered during Napoleon's campaign in Egypt NAPOLEON. ROSETTA STONE The discovery of the Rosetta Stone is a significant event in the field of archaeology ARCHAEOLOGY. ROSETTA STONE The decipherment of the Rosetta Stone had a profound impact on the field of linguistics, particularly in understanding ancient languages LINGUISTICS. CHAMPOLLION Champollion's work on the Rosetta Stone is foundational to the field of Egyptology, contributing to the understanding of ancient Egyptian language and culture EGYPTOLOGY. ROSETTA STONE The deciphering of the Rosetta Stone significantly advanced the field of Egyptology by providing insights into ancient Egyptian culture and language EGYPTOLOGY. JEAN-FRANÇOIS CHAMPOLLION Jean-François Champollion's work led to the deciphering of ancient Egyptian hieroglyphs ANCIENT EGYPTIAN HIEROGLYPHS. ROSETTA STONE Jean-François Champollion deciphered the hieroglyphic text on the Rosetta Stone JEAN-FRANÇOIS CHAMPOLLION. ROSETTA STONE The decree inscribed on the Rosetta Stone was issued by King Ptolemy V KING PTOLEMY V.",
    "evaluation": 0
  },
  {
    "accuracy": "33.33%"
  }
]