[
  {
    "correct_answer": "Birds play a crucial role in ecosystems.",
    "retrieved_context": "BIRDS Hummingbirds are a subset of birds that contribute to pollination and ecosystem health HUMMINGBIRDS. BIRDS Birds, particularly seabirds, contribute to nutrient cycling by depositing nutrients from marine environments onto land and redistributing them through their droppings NUTRIENT CYCLING. SUNBIRDS Sunbirds, by feeding on nectar, play a crucial role in the pollination process of certain plant species, aiding their reproduction PLANTS. BIRDS Sunbirds are a subset of birds that contribute to pollination and ecosystem health SUNBIRDS. BIRDS Birds, through their role in pollination and seed dispersal, are essential for the survival and propagation of many plant species PLANTS. BIRDS Birds act as natural pest control agents by preying on insects, helping to maintain balanced insect populations and reduce the need for chemical pesticides PEST CONTROL. HUMMINGBIRDS Hummingbirds facilitate the reproduction of plants by transferring pollen, contributing to the ecosystem's biodiversity PLANTS. BIRDS Birds contribute to the functioning and stability of ecosystems through various ecological roles ECOSYSTEMS. BIRDS Birds facilitate seed dispersal by consuming fruits and excreting seeds in different locations, aiding in plant reproduction and biodiversity SEED DISPERSAL. SUNBIRDS Sunbirds, by feeding on nectar, play a crucial role in the pollination process of certain plant species, aiding their reproduction PLANTS. HUMMINGBIRDS Hummingbirds facilitate the reproduction of plants by transferring pollen, contributing to the ecosystem's biodiversity PLANTS.",
    "evaluation": 1
  },
  {
    "correct_answer": "Birds serve as indicators of environmental health.",
    "retrieved_context": "BIRDS Hummingbirds are a subset of birds that contribute to pollination and ecosystem health HUMMINGBIRDS. BIRDS Birds, particularly seabirds, contribute to nutrient cycling by depositing nutrients from marine environments onto land and redistributing them through their droppings NUTRIENT CYCLING. SUNBIRDS Sunbirds, by feeding on nectar, play a crucial role in the pollination process of certain plant species, aiding their reproduction PLANTS. BIRDS Sunbirds are a subset of birds that contribute to pollination and ecosystem health SUNBIRDS. BIRDS Birds, through their role in pollination and seed dispersal, are essential for the survival and propagation of many plant species PLANTS. BIRDS Birds act as natural pest control agents by preying on insects, helping to maintain balanced insect populations and reduce the need for chemical pesticides PEST CONTROL. HUMMINGBIRDS Hummingbirds facilitate the reproduction of plants by transferring pollen, contributing to the ecosystem's biodiversity PLANTS. BIRDS Birds contribute to the functioning and stability of ecosystems through various ecological roles ECOSYSTEMS. BIRDS Birds facilitate seed dispersal by consuming fruits and excreting seeds in different locations, aiding in plant reproduction and biodiversity SEED DISPERSAL. SUNBIRDS Sunbirds, by feeding on nectar, play a crucial role in the pollination process of certain plant species, aiding their reproduction PLANTS. HUMMINGBIRDS Hummingbirds facilitate the reproduction of plants by transferring pollen, contributing to the ecosystem's biodiversity PLANTS.",
    "evaluation": 0
  },
  {
    "correct_answer": "Birds contribute to biodiversity.",
    "retrieved_context": "BIRDS Hummingbirds are a subset of birds that contribute to pollination and ecosystem health HUMMINGBIRDS. BIRDS Birds, particularly seabirds, contribute to nutrient cycling by depositing nutrients from marine environments onto land and redistributing them through their droppings NUTRIENT CYCLING. SUNBIRDS Sunbirds, by feeding on nectar, play a crucial role in the pollination process of certain plant species, aiding their reproduction PLANTS. BIRDS Sunbirds are a subset of birds that contribute to pollination and ecosystem health SUNBIRDS. BIRDS Birds, through their role in pollination and seed dispersal, are essential for the survival and propagation of many plant species PLANTS. BIRDS Birds act as natural pest control agents by preying on insects, helping to maintain balanced insect populations and reduce the need for chemical pesticides PEST CONTROL. HUMMINGBIRDS Hummingbirds facilitate the reproduction of plants by transferring pollen, contributing to the ecosystem's biodiversity PLANTS. BIRDS Birds contribute to the functioning and stability of ecosystems through various ecological roles ECOSYSTEMS. BIRDS Birds facilitate seed dispersal by consuming fruits and excreting seeds in different locations, aiding in plant reproduction and biodiversity SEED DISPERSAL. HUMMINGBIRDS Hummingbirds facilitate the reproduction of plants by transferring pollen, contributing to the ecosystem's biodiversity PLANTS. SUNBIRDS Sunbirds, by feeding on nectar, play a crucial role in the pollination process of certain plant species, aiding their reproduction PLANTS.",
    "evaluation": 1
  },
  {
    "correct_answer": "Birds help maintain balance in natural systems.",
    "retrieved_context": "BIRDS Hummingbirds are a subset of birds that contribute to pollination and ecosystem health HUMMINGBIRDS. BIRDS Birds, particularly seabirds, contribute to nutrient cycling by depositing nutrients from marine environments onto land and redistributing them through their droppings NUTRIENT CYCLING. SUNBIRDS Sunbirds, by feeding on nectar, play a crucial role in the pollination process of certain plant species, aiding their reproduction PLANTS. BIRDS Sunbirds are a subset of birds that contribute to pollination and ecosystem health SUNBIRDS. BIRDS Birds, through their role in pollination and seed dispersal, are essential for the survival and propagation of many plant species PLANTS. BIRDS Birds act as natural pest control agents by preying on insects, helping to maintain balanced insect populations and reduce the need for chemical pesticides PEST CONTROL. HUMMINGBIRDS Hummingbirds facilitate the reproduction of plants by transferring pollen, contributing to the ecosystem's biodiversity PLANTS. BIRDS Birds contribute to the functioning and stability of ecosystems through various ecological roles ECOSYSTEMS. BIRDS Birds facilitate seed dispersal by consuming fruits and excreting seeds in different locations, aiding in plant reproduction and biodiversity SEED DISPERSAL. HUMMINGBIRDS Hummingbirds facilitate the reproduction of plants by transferring pollen, contributing to the ecosystem's biodiversity PLANTS. SUNBIRDS Sunbirds, by feeding on nectar, play a crucial role in the pollination process of certain plant species, aiding their reproduction PLANTS.",
    "evaluation": 1
  },
  {
    "correct_answer": "Birds are important for seed dispersal.",
    "retrieved_context": "BIRDS Hummingbirds are a subset of birds that contribute to pollination and ecosystem health HUMMINGBIRDS. BIRDS Birds, particularly seabirds, contribute to nutrient cycling by depositing nutrients from marine environments onto land and redistributing them through their droppings NUTRIENT CYCLING. SUNBIRDS Sunbirds, by feeding on nectar, play a crucial role in the pollination process of certain plant species, aiding their reproduction PLANTS. BIRDS Sunbirds are a subset of birds that contribute to pollination and ecosystem health SUNBIRDS. BIRDS Birds, through their role in pollination and seed dispersal, are essential for the survival and propagation of many plant species PLANTS. BIRDS Birds act as natural pest control agents by preying on insects, helping to maintain balanced insect populations and reduce the need for chemical pesticides PEST CONTROL. HUMMINGBIRDS Hummingbirds facilitate the reproduction of plants by transferring pollen, contributing to the ecosystem's biodiversity PLANTS. BIRDS Birds contribute to the functioning and stability of ecosystems through various ecological roles ECOSYSTEMS. BIRDS Birds facilitate seed dispersal by consuming fruits and excreting seeds in different locations, aiding in plant reproduction and biodiversity SEED DISPERSAL. SUNBIRDS Sunbirds, by feeding on nectar, play a crucial role in the pollination process of certain plant species, aiding their reproduction PLANTS. HUMMINGBIRDS Hummingbirds facilitate the reproduction of plants by transferring pollen, contributing to the ecosystem's biodiversity PLANTS.",
    "evaluation": 1
  },
  {
    "correct_answer": "Birds spread seeds far and wide.",
    "retrieved_context": "BIRDS Hummingbirds are a subset of birds that contribute to pollination and ecosystem health HUMMINGBIRDS. BIRDS Birds, particularly seabirds, contribute to nutrient cycling by depositing nutrients from marine environments onto land and redistributing them through their droppings NUTRIENT CYCLING. SUNBIRDS Sunbirds, by feeding on nectar, play a crucial role in the pollination process of certain plant species, aiding their reproduction PLANTS. BIRDS Sunbirds are a subset of birds that contribute to pollination and ecosystem health SUNBIRDS. BIRDS Birds, through their role in pollination and seed dispersal, are essential for the survival and propagation of many plant species PLANTS. BIRDS Birds act as natural pest control agents by preying on insects, helping to maintain balanced insect populations and reduce the need for chemical pesticides PEST CONTROL. HUMMINGBIRDS Hummingbirds facilitate the reproduction of plants by transferring pollen, contributing to the ecosystem's biodiversity PLANTS. BIRDS Birds contribute to the functioning and stability of ecosystems through various ecological roles ECOSYSTEMS. BIRDS Birds facilitate seed dispersal by consuming fruits and excreting seeds in different locations, aiding in plant reproduction and biodiversity SEED DISPERSAL. SUNBIRDS Sunbirds, by feeding on nectar, play a crucial role in the pollination process of certain plant species, aiding their reproduction PLANTS. HUMMINGBIRDS Hummingbirds facilitate the reproduction of plants by transferring pollen, contributing to the ecosystem's biodiversity PLANTS.",
    "evaluation": 1
  },
  {
    "correct_answer": "Birds promote genetic diversity.",
    "retrieved_context": "BIRDS Hummingbirds are a subset of birds that contribute to pollination and ecosystem health HUMMINGBIRDS. BIRDS Birds, particularly seabirds, contribute to nutrient cycling by depositing nutrients from marine environments onto land and redistributing them through their droppings NUTRIENT CYCLING. SUNBIRDS Sunbirds, by feeding on nectar, play a crucial role in the pollination process of certain plant species, aiding their reproduction PLANTS. BIRDS Sunbirds are a subset of birds that contribute to pollination and ecosystem health SUNBIRDS. BIRDS Birds, through their role in pollination and seed dispersal, are essential for the survival and propagation of many plant species PLANTS. BIRDS Birds act as natural pest control agents by preying on insects, helping to maintain balanced insect populations and reduce the need for chemical pesticides PEST CONTROL. HUMMINGBIRDS Hummingbirds facilitate the reproduction of plants by transferring pollen, contributing to the ecosystem's biodiversity PLANTS. BIRDS Birds contribute to the functioning and stability of ecosystems through various ecological roles ECOSYSTEMS. BIRDS Birds facilitate seed dispersal by consuming fruits and excreting seeds in different locations, aiding in plant reproduction and biodiversity SEED DISPERSAL. HUMMINGBIRDS Hummingbirds facilitate the reproduction of plants by transferring pollen, contributing to the ecosystem's biodiversity PLANTS. SUNBIRDS Sunbirds, by feeding on nectar, play a crucial role in the pollination process of certain plant species, aiding their reproduction PLANTS.",
    "evaluation": 1
  },
  {
    "correct_answer": "Birds support the growth of new vegetation.",
    "retrieved_context": "BIRDS Hummingbirds are a subset of birds that contribute to pollination and ecosystem health HUMMINGBIRDS. BIRDS Birds, particularly seabirds, contribute to nutrient cycling by depositing nutrients from marine environments onto land and redistributing them through their droppings NUTRIENT CYCLING. SUNBIRDS Sunbirds, by feeding on nectar, play a crucial role in the pollination process of certain plant species, aiding their reproduction PLANTS. BIRDS Sunbirds are a subset of birds that contribute to pollination and ecosystem health SUNBIRDS. BIRDS Birds, through their role in pollination and seed dispersal, are essential for the survival and propagation of many plant species PLANTS. BIRDS Birds act as natural pest control agents by preying on insects, helping to maintain balanced insect populations and reduce the need for chemical pesticides PEST CONTROL. HUMMINGBIRDS Hummingbirds facilitate the reproduction of plants by transferring pollen, contributing to the ecosystem's biodiversity PLANTS. BIRDS Birds contribute to the functioning and stability of ecosystems through various ecological roles ECOSYSTEMS. BIRDS Birds facilitate seed dispersal by consuming fruits and excreting seeds in different locations, aiding in plant reproduction and biodiversity SEED DISPERSAL. SUNBIRDS Sunbirds, by feeding on nectar, play a crucial role in the pollination process of certain plant species, aiding their reproduction PLANTS. HUMMINGBIRDS Hummingbirds facilitate the reproduction of plants by transferring pollen, contributing to the ecosystem's biodiversity PLANTS.",
    "evaluation": 1
  },
  {
    "correct_answer": "Birds control insect populations.",
    "retrieved_context": "BIRDS Hummingbirds are a subset of birds that contribute to pollination and ecosystem health HUMMINGBIRDS. BIRDS Birds, particularly seabirds, contribute to nutrient cycling by depositing nutrients from marine environments onto land and redistributing them through their droppings NUTRIENT CYCLING. SUNBIRDS Sunbirds, by feeding on nectar, play a crucial role in the pollination process of certain plant species, aiding their reproduction PLANTS. BIRDS Sunbirds are a subset of birds that contribute to pollination and ecosystem health SUNBIRDS. BIRDS Birds, through their role in pollination and seed dispersal, are essential for the survival and propagation of many plant species PLANTS. BIRDS Birds act as natural pest control agents by preying on insects, helping to maintain balanced insect populations and reduce the need for chemical pesticides PEST CONTROL. HUMMINGBIRDS Hummingbirds facilitate the reproduction of plants by transferring pollen, contributing to the ecosystem's biodiversity PLANTS. BIRDS Birds contribute to the functioning and stability of ecosystems through various ecological roles ECOSYSTEMS. BIRDS Birds facilitate seed dispersal by consuming fruits and excreting seeds in different locations, aiding in plant reproduction and biodiversity SEED DISPERSAL. HUMMINGBIRDS Hummingbirds facilitate the reproduction of plants by transferring pollen, contributing to the ecosystem's biodiversity PLANTS. SUNBIRDS Sunbirds, by feeding on nectar, play a crucial role in the pollination process of certain plant species, aiding their reproduction PLANTS.",
    "evaluation": 1
  },
  {
    "correct_answer": "Birds serve as natural pest control agents.",
    "retrieved_context": "BIRDS Hummingbirds are a subset of birds that contribute to pollination and ecosystem health HUMMINGBIRDS. BIRDS Birds, particularly seabirds, contribute to nutrient cycling by depositing nutrients from marine environments onto land and redistributing them through their droppings NUTRIENT CYCLING. SUNBIRDS Sunbirds, by feeding on nectar, play a crucial role in the pollination process of certain plant species, aiding their reproduction PLANTS. BIRDS Sunbirds are a subset of birds that contribute to pollination and ecosystem health SUNBIRDS. BIRDS Birds, through their role in pollination and seed dispersal, are essential for the survival and propagation of many plant species PLANTS. BIRDS Birds act as natural pest control agents by preying on insects, helping to maintain balanced insect populations and reduce the need for chemical pesticides PEST CONTROL. HUMMINGBIRDS Hummingbirds facilitate the reproduction of plants by transferring pollen, contributing to the ecosystem's biodiversity PLANTS. BIRDS Birds contribute to the functioning and stability of ecosystems through various ecological roles ECOSYSTEMS. BIRDS Birds facilitate seed dispersal by consuming fruits and excreting seeds in different locations, aiding in plant reproduction and biodiversity SEED DISPERSAL. SUNBIRDS Sunbirds, by feeding on nectar, play a crucial role in the pollination process of certain plant species, aiding their reproduction PLANTS. HUMMINGBIRDS Hummingbirds facilitate the reproduction of plants by transferring pollen, contributing to the ecosystem's biodiversity PLANTS.",
    "evaluation": 1
  },
  {
    "correct_answer": "Birds help prevent outbreaks of pests.",
    "retrieved_context": "BIRDS Hummingbirds are a subset of birds that contribute to pollination and ecosystem health HUMMINGBIRDS. BIRDS Birds, particularly seabirds, contribute to nutrient cycling by depositing nutrients from marine environments onto land and redistributing them through their droppings NUTRIENT CYCLING. SUNBIRDS Sunbirds, by feeding on nectar, play a crucial role in the pollination process of certain plant species, aiding their reproduction PLANTS. BIRDS Sunbirds are a subset of birds that contribute to pollination and ecosystem health SUNBIRDS. BIRDS Birds, through their role in pollination and seed dispersal, are essential for the survival and propagation of many plant species PLANTS. BIRDS Birds act as natural pest control agents by preying on insects, helping to maintain balanced insect populations and reduce the need for chemical pesticides PEST CONTROL. HUMMINGBIRDS Hummingbirds facilitate the reproduction of plants by transferring pollen, contributing to the ecosystem's biodiversity PLANTS. BIRDS Birds contribute to the functioning and stability of ecosystems through various ecological roles ECOSYSTEMS. BIRDS Birds facilitate seed dispersal by consuming fruits and excreting seeds in different locations, aiding in plant reproduction and biodiversity SEED DISPERSAL. SUNBIRDS Sunbirds, by feeding on nectar, play a crucial role in the pollination process of certain plant species, aiding their reproduction PLANTS. HUMMINGBIRDS Hummingbirds facilitate the reproduction of plants by transferring pollen, contributing to the ecosystem's biodiversity PLANTS.",
    "evaluation": 1
  },
  {
    "correct_answer": "Birds contribute to nutrient cycling in ecosystems.",
    "retrieved_context": "BIRDS Hummingbirds are a subset of birds that contribute to pollination and ecosystem health HUMMINGBIRDS. BIRDS Birds, particularly seabirds, contribute to nutrient cycling by depositing nutrients from marine environments onto land and redistributing them through their droppings NUTRIENT CYCLING. SUNBIRDS Sunbirds, by feeding on nectar, play a crucial role in the pollination process of certain plant species, aiding their reproduction PLANTS. BIRDS Sunbirds are a subset of birds that contribute to pollination and ecosystem health SUNBIRDS. BIRDS Birds, through their role in pollination and seed dispersal, are essential for the survival and propagation of many plant species PLANTS. BIRDS Birds act as natural pest control agents by preying on insects, helping to maintain balanced insect populations and reduce the need for chemical pesticides PEST CONTROL. HUMMINGBIRDS Hummingbirds facilitate the reproduction of plants by transferring pollen, contributing to the ecosystem's biodiversity PLANTS. BIRDS Birds contribute to the functioning and stability of ecosystems through various ecological roles ECOSYSTEMS. BIRDS Birds facilitate seed dispersal by consuming fruits and excreting seeds in different locations, aiding in plant reproduction and biodiversity SEED DISPERSAL. HUMMINGBIRDS Hummingbirds facilitate the reproduction of plants by transferring pollen, contributing to the ecosystem's biodiversity PLANTS. SUNBIRDS Sunbirds, by feeding on nectar, play a crucial role in the pollination process of certain plant species, aiding their reproduction PLANTS.",
    "evaluation": 1
  },
  {
    "correct_answer": "Seabirds enrich soils through their guano.",
    "retrieved_context": "BIRDS Hummingbirds are a subset of birds that contribute to pollination and ecosystem health HUMMINGBIRDS. BIRDS Birds, particularly seabirds, contribute to nutrient cycling by depositing nutrients from marine environments onto land and redistributing them through their droppings NUTRIENT CYCLING. SUNBIRDS Sunbirds, by feeding on nectar, play a crucial role in the pollination process of certain plant species, aiding their reproduction PLANTS. BIRDS Sunbirds are a subset of birds that contribute to pollination and ecosystem health SUNBIRDS. BIRDS Birds, through their role in pollination and seed dispersal, are essential for the survival and propagation of many plant species PLANTS. BIRDS Birds act as natural pest control agents by preying on insects, helping to maintain balanced insect populations and reduce the need for chemical pesticides PEST CONTROL. HUMMINGBIRDS Hummingbirds facilitate the reproduction of plants by transferring pollen, contributing to the ecosystem's biodiversity PLANTS. BIRDS Birds contribute to the functioning and stability of ecosystems through various ecological roles ECOSYSTEMS. BIRDS Birds facilitate seed dispersal by consuming fruits and excreting seeds in different locations, aiding in plant reproduction and biodiversity SEED DISPERSAL. HUMMINGBIRDS Hummingbirds facilitate the reproduction of plants by transferring pollen, contributing to the ecosystem's biodiversity PLANTS. SUNBIRDS Sunbirds, by feeding on nectar, play a crucial role in the pollination process of certain plant species, aiding their reproduction PLANTS.",
    "evaluation": 1
  },
  {
    "correct_answer": "Birds redistribute nutrients through their droppings.",
    "retrieved_context": "BIRDS Hummingbirds are a subset of birds that contribute to pollination and ecosystem health HUMMINGBIRDS. BIRDS Birds, particularly seabirds, contribute to nutrient cycling by depositing nutrients from marine environments onto land and redistributing them through their droppings NUTRIENT CYCLING. SUNBIRDS Sunbirds, by feeding on nectar, play a crucial role in the pollination process of certain plant species, aiding their reproduction PLANTS. BIRDS Sunbirds are a subset of birds that contribute to pollination and ecosystem health SUNBIRDS. BIRDS Birds, through their role in pollination and seed dispersal, are essential for the survival and propagation of many plant species PLANTS. BIRDS Birds act as natural pest control agents by preying on insects, helping to maintain balanced insect populations and reduce the need for chemical pesticides PEST CONTROL. HUMMINGBIRDS Hummingbirds facilitate the reproduction of plants by transferring pollen, contributing to the ecosystem's biodiversity PLANTS. BIRDS Birds contribute to the functioning and stability of ecosystems through various ecological roles ECOSYSTEMS. BIRDS Birds facilitate seed dispersal by consuming fruits and excreting seeds in different locations, aiding in plant reproduction and biodiversity SEED DISPERSAL. HUMMINGBIRDS Hummingbirds facilitate the reproduction of plants by transferring pollen, contributing to the ecosystem's biodiversity PLANTS. SUNBIRDS Sunbirds, by feeding on nectar, play a crucial role in the pollination process of certain plant species, aiding their reproduction PLANTS.",
    "evaluation": 1
  },
  {
    "correct_answer": "Birds play a role in pollination.",
    "retrieved_context": "BIRDS Hummingbirds are a subset of birds that contribute to pollination and ecosystem health HUMMINGBIRDS. BIRDS Birds, particularly seabirds, contribute to nutrient cycling by depositing nutrients from marine environments onto land and redistributing them through their droppings NUTRIENT CYCLING. SUNBIRDS Sunbirds, by feeding on nectar, play a crucial role in the pollination process of certain plant species, aiding their reproduction PLANTS. BIRDS Sunbirds are a subset of birds that contribute to pollination and ecosystem health SUNBIRDS. BIRDS Birds, through their role in pollination and seed dispersal, are essential for the survival and propagation of many plant species PLANTS. BIRDS Birds act as natural pest control agents by preying on insects, helping to maintain balanced insect populations and reduce the need for chemical pesticides PEST CONTROL. HUMMINGBIRDS Hummingbirds facilitate the reproduction of plants by transferring pollen, contributing to the ecosystem's biodiversity PLANTS. BIRDS Birds contribute to the functioning and stability of ecosystems through various ecological roles ECOSYSTEMS. BIRDS Birds facilitate seed dispersal by consuming fruits and excreting seeds in different locations, aiding in plant reproduction and biodiversity SEED DISPERSAL. HUMMINGBIRDS Hummingbirds facilitate the reproduction of plants by transferring pollen, contributing to the ecosystem's biodiversity PLANTS. SUNBIRDS Sunbirds, by feeding on nectar, play a crucial role in the pollination process of certain plant species, aiding their reproduction PLANTS.",
    "evaluation": 1
  },
  {
    "accuracy": "93.33%"
  }
]