[
  {
    "correct_answer": "Dinosaurs captivate human imagination for centuries.",
    "retrieved_context": "AGE OF DINOSAURS The Age of Dinosaurs was a significant period in Earth's history characterized by dramatic environmental changes and the evolution of dinosaurs EARTH. EARTH Jurassic Park, while fictional, sparked increased interest and curiosity in the history of dinosaurs and their environment on Earth JURASSIC PARK. DINOSAURS Dinosaurs lived on Earth, contributing to its ancient ecosystems and undergoing evolution over millions of years EARTH. DINOSAURS The popularity of dinosaurs in modern culture, including movies like Jurassic Park, is partly due to the fascination with these ancient creatures JURASSIC PARK. EARTH Jurassic Park, while fictional, sparked increased interest and curiosity in the history of dinosaurs and their environment on Earth JURASSIC PARK. DINOSAURS Dinosaurs were the dominant life forms during the Age of Dinosaurs, shaping the ecosystem and biodiversity of that era AGE OF DINOSAURS. AGE OF DINOSAURS The Age of Dinosaurs was a significant period in Earth's history characterized by dramatic environmental changes and the evolution of dinosaurs EARTH. MESOZOIC ERA Dinosaurs lived during the Mesozoic Era, marking a period of their dominance on Earth DINOSAURS. TYRANNOSAURUS REX Tyrannosaurus Rex lived during the Mesozoic Era, contributing to the period's reputation as the Age of Dinosaurs MESOZOIC ERA. DINOSAURS Dinosaurs lived on Earth, contributing to its ancient ecosystems and undergoing evolution over millions of years EARTH. MESOZOIC ERA Dinosaurs lived during the Mesozoic Era, marking a period of their dominance on Earth DINOSAURS. DINOSAURS The popularity of dinosaurs in modern culture, including movies like Jurassic Park, is partly due to the fascination with these ancient creatures JURASSIC PARK. DINOSAURS Dinosaurs were the dominant life forms during the Age of Dinosaurs, shaping the ecosystem and biodiversity of that era AGE OF DINOSAURS. BRACHIOSAURUS Brachiosaurus existed during the Mesozoic Era, symbolizing the era's dramatic environmental changes and evolutionary milestones MESOZOIC ERA. MESOZOIC ERA Dinosaurs lived during the Mesozoic Era, marking a period of their dominance on Earth DINOSAURS. EARTH Jurassic Park, while fictional, sparked increased interest and curiosity in the history of dinosaurs and their environment on Earth JURASSIC PARK.",
    "evaluation": 0
  },
  {
    "correct_answer": "Dinosaurs roamed the Earth millions of years ago.",
    "retrieved_context": "AGE OF DINOSAURS The Age of Dinosaurs was a significant period in Earth's history characterized by dramatic environmental changes and the evolution of dinosaurs EARTH. EARTH Jurassic Park, while fictional, sparked increased interest and curiosity in the history of dinosaurs and their environment on Earth JURASSIC PARK. DINOSAURS Dinosaurs lived on Earth, contributing to its ancient ecosystems and undergoing evolution over millions of years EARTH. DINOSAURS The popularity of dinosaurs in modern culture, including movies like Jurassic Park, is partly due to the fascination with these ancient creatures JURASSIC PARK. EARTH Jurassic Park, while fictional, sparked increased interest and curiosity in the history of dinosaurs and their environment on Earth JURASSIC PARK. DINOSAURS Dinosaurs were the dominant life forms during the Age of Dinosaurs, shaping the ecosystem and biodiversity of that era AGE OF DINOSAURS. AGE OF DINOSAURS The Age of Dinosaurs was a significant period in Earth's history characterized by dramatic environmental changes and the evolution of dinosaurs EARTH. MESOZOIC ERA Dinosaurs lived during the Mesozoic Era, marking a period of their dominance on Earth DINOSAURS. TYRANNOSAURUS REX Tyrannosaurus Rex lived during the Mesozoic Era, contributing to the period's reputation as the Age of Dinosaurs MESOZOIC ERA. EARTH Jurassic Park, while fictional, sparked increased interest and curiosity in the history of dinosaurs and their environment on Earth JURASSIC PARK. BRACHIOSAURUS Brachiosaurus existed during the Mesozoic Era, symbolizing the era's dramatic environmental changes and evolutionary milestones MESOZOIC ERA. MESOZOIC ERA Dinosaurs lived during the Mesozoic Era, marking a period of their dominance on Earth DINOSAURS. DINOSAURS Dinosaurs lived on Earth, contributing to its ancient ecosystems and undergoing evolution over millions of years EARTH. MESOZOIC ERA Dinosaurs lived during the Mesozoic Era, marking a period of their dominance on Earth DINOSAURS. DINOSAURS The popularity of dinosaurs in modern culture, including movies like Jurassic Park, is partly due to the fascination with these ancient creatures JURASSIC PARK. DINOSAURS Dinosaurs were the dominant life forms during the Age of Dinosaurs, shaping the ecosystem and biodiversity of that era AGE OF DINOSAURS.",
    "evaluation": 1
  },
  {
    "correct_answer": "Dinosaurs fascinate us due to their immense size.",
    "retrieved_context": "DINOSAURS Dinosaurs lived on Earth, contributing to its ancient ecosystems and undergoing evolution over millions of years EARTH. DINOSAURS The popularity of dinosaurs in modern culture, including movies like Jurassic Park, is partly due to the fascination with these ancient creatures JURASSIC PARK. EARTH Jurassic Park, while fictional, sparked increased interest and curiosity in the history of dinosaurs and their environment on Earth JURASSIC PARK. DINOSAURS Dinosaurs were the dominant life forms during the Age of Dinosaurs, shaping the ecosystem and biodiversity of that era AGE OF DINOSAURS. AGE OF DINOSAURS The Age of Dinosaurs was a significant period in Earth's history characterized by dramatic environmental changes and the evolution of dinosaurs EARTH. AGE OF DINOSAURS The Age of Dinosaurs was a significant period in Earth's history characterized by dramatic environmental changes and the evolution of dinosaurs EARTH. EARTH Jurassic Park, while fictional, sparked increased interest and curiosity in the history of dinosaurs and their environment on Earth JURASSIC PARK. MESOZOIC ERA Dinosaurs lived during the Mesozoic Era, marking a period of their dominance on Earth DINOSAURS. TYRANNOSAURUS REX Tyrannosaurus Rex lived during the Mesozoic Era, contributing to the period's reputation as the Age of Dinosaurs MESOZOIC ERA. BRACHIOSAURUS Brachiosaurus existed during the Mesozoic Era, symbolizing the era's dramatic environmental changes and evolutionary milestones MESOZOIC ERA. MESOZOIC ERA Dinosaurs lived during the Mesozoic Era, marking a period of their dominance on Earth DINOSAURS. EARTH Jurassic Park, while fictional, sparked increased interest and curiosity in the history of dinosaurs and their environment on Earth JURASSIC PARK. DINOSAURS Dinosaurs lived on Earth, contributing to its ancient ecosystems and undergoing evolution over millions of years EARTH. MESOZOIC ERA Dinosaurs lived during the Mesozoic Era, marking a period of their dominance on Earth DINOSAURS. DINOSAURS The popularity of dinosaurs in modern culture, including movies like Jurassic Park, is partly due to the fascination with these ancient creatures JURASSIC PARK. DINOSAURS Dinosaurs were the dominant life forms during the Age of Dinosaurs, shaping the ecosystem and biodiversity of that era AGE OF DINOSAURS.",
    "evaluation": 0
  },
  {
    "correct_answer": "Tyrannosaurus rex was a towering dinosaur.",
    "retrieved_context": "MESOZOIC ERA Dinosaurs lived during the Mesozoic Era, marking a period of their dominance on Earth DINOSAURS. TYRANNOSAURUS REX Tyrannosaurus Rex lived during the Mesozoic Era, contributing to the period's reputation as the Age of Dinosaurs MESOZOIC ERA. DINOSAURS Dinosaurs lived on Earth, contributing to its ancient ecosystems and undergoing evolution over millions of years EARTH. DINOSAURS The popularity of dinosaurs in modern culture, including movies like Jurassic Park, is partly due to the fascination with these ancient creatures JURASSIC PARK. EARTH Jurassic Park, while fictional, sparked increased interest and curiosity in the history of dinosaurs and their environment on Earth JURASSIC PARK. DINOSAURS Dinosaurs were the dominant life forms during the Age of Dinosaurs, shaping the ecosystem and biodiversity of that era AGE OF DINOSAURS. AGE OF DINOSAURS The Age of Dinosaurs was a significant period in Earth's history characterized by dramatic environmental changes and the evolution of dinosaurs EARTH. AGE OF DINOSAURS The Age of Dinosaurs was a significant period in Earth's history characterized by dramatic environmental changes and the evolution of dinosaurs EARTH. EARTH Jurassic Park, while fictional, sparked increased interest and curiosity in the history of dinosaurs and their environment on Earth JURASSIC PARK. BRACHIOSAURUS Brachiosaurus existed during the Mesozoic Era, symbolizing the era's dramatic environmental changes and evolutionary milestones MESOZOIC ERA. MESOZOIC ERA Dinosaurs lived during the Mesozoic Era, marking a period of their dominance on Earth DINOSAURS. DINOSAURS Dinosaurs lived on Earth, contributing to its ancient ecosystems and undergoing evolution over millions of years EARTH. MESOZOIC ERA Dinosaurs lived during the Mesozoic Era, marking a period of their dominance on Earth DINOSAURS. DINOSAURS The popularity of dinosaurs in modern culture, including movies like Jurassic Park, is partly due to the fascination with these ancient creatures JURASSIC PARK. DINOSAURS Dinosaurs were the dominant life forms during the Age of Dinosaurs, shaping the ecosystem and biodiversity of that era AGE OF DINOSAURS. EARTH Jurassic Park, while fictional, sparked increased interest and curiosity in the history of dinosaurs and their environment on Earth JURASSIC PARK.",
    "evaluation": 0
  },
  {
    "correct_answer": "Brachiosaurus was a colossal dinosaur.",
    "retrieved_context": "BRACHIOSAURUS Brachiosaurus existed during the Mesozoic Era, symbolizing the era's dramatic environmental changes and evolutionary milestones MESOZOIC ERA. MESOZOIC ERA Dinosaurs lived during the Mesozoic Era, marking a period of their dominance on Earth DINOSAURS. MESOZOIC ERA Dinosaurs lived during the Mesozoic Era, marking a period of their dominance on Earth DINOSAURS. TYRANNOSAURUS REX Tyrannosaurus Rex lived during the Mesozoic Era, contributing to the period's reputation as the Age of Dinosaurs MESOZOIC ERA. DINOSAURS Dinosaurs lived on Earth, contributing to its ancient ecosystems and undergoing evolution over millions of years EARTH. DINOSAURS The popularity of dinosaurs in modern culture, including movies like Jurassic Park, is partly due to the fascination with these ancient creatures JURASSIC PARK. EARTH Jurassic Park, while fictional, sparked increased interest and curiosity in the history of dinosaurs and their environment on Earth JURASSIC PARK. DINOSAURS Dinosaurs were the dominant life forms during the Age of Dinosaurs, shaping the ecosystem and biodiversity of that era AGE OF DINOSAURS. AGE OF DINOSAURS The Age of Dinosaurs was a significant period in Earth's history characterized by dramatic environmental changes and the evolution of dinosaurs EARTH. AGE OF DINOSAURS The Age of Dinosaurs was a significant period in Earth's history characterized by dramatic environmental changes and the evolution of dinosaurs EARTH. EARTH Jurassic Park, while fictional, sparked increased interest and curiosity in the history of dinosaurs and their environment on Earth JURASSIC PARK. DINOSAURS Dinosaurs lived on Earth, contributing to its ancient ecosystems and undergoing evolution over millions of years EARTH. MESOZOIC ERA Dinosaurs lived during the Mesozoic Era, marking a period of their dominance on Earth DINOSAURS. DINOSAURS The popularity of dinosaurs in modern culture, including movies like Jurassic Park, is partly due to the fascination with these ancient creatures JURASSIC PARK. DINOSAURS Dinosaurs were the dominant life forms during the Age of Dinosaurs, shaping the ecosystem and biodiversity of that era AGE OF DINOSAURS. EARTH Jurassic Park, while fictional, sparked increased interest and curiosity in the history of dinosaurs and their environment on Earth JURASSIC PARK.",
    "evaluation": 0
  },
  {
    "correct_answer": "Dinosaurs challenge our understanding of the natural world.",
    "retrieved_context": "DINOSAURS Dinosaurs lived on Earth, contributing to its ancient ecosystems and undergoing evolution over millions of years EARTH. DINOSAURS The popularity of dinosaurs in modern culture, including movies like Jurassic Park, is partly due to the fascination with these ancient creatures JURASSIC PARK. EARTH Jurassic Park, while fictional, sparked increased interest and curiosity in the history of dinosaurs and their environment on Earth JURASSIC PARK. DINOSAURS Dinosaurs were the dominant life forms during the Age of Dinosaurs, shaping the ecosystem and biodiversity of that era AGE OF DINOSAURS. AGE OF DINOSAURS The Age of Dinosaurs was a significant period in Earth's history characterized by dramatic environmental changes and the evolution of dinosaurs EARTH. AGE OF DINOSAURS The Age of Dinosaurs was a significant period in Earth's history characterized by dramatic environmental changes and the evolution of dinosaurs EARTH. EARTH Jurassic Park, while fictional, sparked increased interest and curiosity in the history of dinosaurs and their environment on Earth JURASSIC PARK. MESOZOIC ERA Dinosaurs lived during the Mesozoic Era, marking a period of their dominance on Earth DINOSAURS. TYRANNOSAURUS REX Tyrannosaurus Rex lived during the Mesozoic Era, contributing to the period's reputation as the Age of Dinosaurs MESOZOIC ERA. BRACHIOSAURUS Brachiosaurus existed during the Mesozoic Era, symbolizing the era's dramatic environmental changes and evolutionary milestones MESOZOIC ERA. MESOZOIC ERA Dinosaurs lived during the Mesozoic Era, marking a period of their dominance on Earth DINOSAURS. EARTH Jurassic Park, while fictional, sparked increased interest and curiosity in the history of dinosaurs and their environment on Earth JURASSIC PARK. DINOSAURS Dinosaurs lived on Earth, contributing to its ancient ecosystems and undergoing evolution over millions of years EARTH. MESOZOIC ERA Dinosaurs lived during the Mesozoic Era, marking a period of their dominance on Earth DINOSAURS. DINOSAURS The popularity of dinosaurs in modern culture, including movies like Jurassic Park, is partly due to the fascination with these ancient creatures JURASSIC PARK. DINOSAURS Dinosaurs were the dominant life forms during the Age of Dinosaurs, shaping the ecosystem and biodiversity of that era AGE OF DINOSAURS.",
    "evaluation": 0
  },
  {
    "correct_answer": "Dinosaurs captivate us with their diverse range of adaptations.",
    "retrieved_context": "DINOSAURS Dinosaurs lived on Earth, contributing to its ancient ecosystems and undergoing evolution over millions of years EARTH. DINOSAURS The popularity of dinosaurs in modern culture, including movies like Jurassic Park, is partly due to the fascination with these ancient creatures JURASSIC PARK. EARTH Jurassic Park, while fictional, sparked increased interest and curiosity in the history of dinosaurs and their environment on Earth JURASSIC PARK. DINOSAURS Dinosaurs were the dominant life forms during the Age of Dinosaurs, shaping the ecosystem and biodiversity of that era AGE OF DINOSAURS. AGE OF DINOSAURS The Age of Dinosaurs was a significant period in Earth's history characterized by dramatic environmental changes and the evolution of dinosaurs EARTH. MESOZOIC ERA Dinosaurs lived during the Mesozoic Era, marking a period of their dominance on Earth DINOSAURS. TYRANNOSAURUS REX Tyrannosaurus Rex lived during the Mesozoic Era, contributing to the period's reputation as the Age of Dinosaurs MESOZOIC ERA. AGE OF DINOSAURS The Age of Dinosaurs was a significant period in Earth's history characterized by dramatic environmental changes and the evolution of dinosaurs EARTH. EARTH Jurassic Park, while fictional, sparked increased interest and curiosity in the history of dinosaurs and their environment on Earth JURASSIC PARK. BRACHIOSAURUS Brachiosaurus existed during the Mesozoic Era, symbolizing the era's dramatic environmental changes and evolutionary milestones MESOZOIC ERA. MESOZOIC ERA Dinosaurs lived during the Mesozoic Era, marking a period of their dominance on Earth DINOSAURS. EARTH Jurassic Park, while fictional, sparked increased interest and curiosity in the history of dinosaurs and their environment on Earth JURASSIC PARK. DINOSAURS Dinosaurs lived on Earth, contributing to its ancient ecosystems and undergoing evolution over millions of years EARTH. MESOZOIC ERA Dinosaurs lived during the Mesozoic Era, marking a period of their dominance on Earth DINOSAURS. DINOSAURS The popularity of dinosaurs in modern culture, including movies like Jurassic Park, is partly due to the fascination with these ancient creatures JURASSIC PARK. DINOSAURS Dinosaurs were the dominant life forms during the Age of Dinosaurs, shaping the ecosystem and biodiversity of that era AGE OF DINOSAURS.",
    "evaluation": 0
  },
  {
    "correct_answer": "Carnivorous dinosaurs had razor-sharp teeth.",
    "retrieved_context": "DINOSAURS Dinosaurs lived on Earth, contributing to its ancient ecosystems and undergoing evolution over millions of years EARTH. DINOSAURS The popularity of dinosaurs in modern culture, including movies like Jurassic Park, is partly due to the fascination with these ancient creatures JURASSIC PARK. EARTH Jurassic Park, while fictional, sparked increased interest and curiosity in the history of dinosaurs and their environment on Earth JURASSIC PARK. DINOSAURS Dinosaurs were the dominant life forms during the Age of Dinosaurs, shaping the ecosystem and biodiversity of that era AGE OF DINOSAURS. AGE OF DINOSAURS The Age of Dinosaurs was a significant period in Earth's history characterized by dramatic environmental changes and the evolution of dinosaurs EARTH. MESOZOIC ERA Dinosaurs lived during the Mesozoic Era, marking a period of their dominance on Earth DINOSAURS. TYRANNOSAURUS REX Tyrannosaurus Rex lived during the Mesozoic Era, contributing to the period's reputation as the Age of Dinosaurs MESOZOIC ERA. AGE OF DINOSAURS The Age of Dinosaurs was a significant period in Earth's history characterized by dramatic environmental changes and the evolution of dinosaurs EARTH. EARTH Jurassic Park, while fictional, sparked increased interest and curiosity in the history of dinosaurs and their environment on Earth JURASSIC PARK. BRACHIOSAURUS Brachiosaurus existed during the Mesozoic Era, symbolizing the era's dramatic environmental changes and evolutionary milestones MESOZOIC ERA. MESOZOIC ERA Dinosaurs lived during the Mesozoic Era, marking a period of their dominance on Earth DINOSAURS. DINOSAURS Dinosaurs lived on Earth, contributing to its ancient ecosystems and undergoing evolution over millions of years EARTH. MESOZOIC ERA Dinosaurs lived during the Mesozoic Era, marking a period of their dominance on Earth DINOSAURS. DINOSAURS The popularity of dinosaurs in modern culture, including movies like Jurassic Park, is partly due to the fascination with these ancient creatures JURASSIC PARK. DINOSAURS Dinosaurs were the dominant life forms during the Age of Dinosaurs, shaping the ecosystem and biodiversity of that era AGE OF DINOSAURS. EARTH Jurassic Park, while fictional, sparked increased interest and curiosity in the history of dinosaurs and their environment on Earth JURASSIC PARK.",
    "evaluation": 0
  },
  {
    "correct_answer": "Ceratopsians had intricate frills.",
    "retrieved_context": "DINOSAURS Dinosaurs lived on Earth, contributing to its ancient ecosystems and undergoing evolution over millions of years EARTH. MESOZOIC ERA Dinosaurs lived during the Mesozoic Era, marking a period of their dominance on Earth DINOSAURS. DINOSAURS The popularity of dinosaurs in modern culture, including movies like Jurassic Park, is partly due to the fascination with these ancient creatures JURASSIC PARK. DINOSAURS Dinosaurs were the dominant life forms during the Age of Dinosaurs, shaping the ecosystem and biodiversity of that era AGE OF DINOSAURS. DINOSAURS Dinosaurs lived on Earth, contributing to its ancient ecosystems and undergoing evolution over millions of years EARTH. DINOSAURS The popularity of dinosaurs in modern culture, including movies like Jurassic Park, is partly due to the fascination with these ancient creatures JURASSIC PARK. EARTH Jurassic Park, while fictional, sparked increased interest and curiosity in the history of dinosaurs and their environment on Earth JURASSIC PARK. DINOSAURS Dinosaurs were the dominant life forms during the Age of Dinosaurs, shaping the ecosystem and biodiversity of that era AGE OF DINOSAURS. AGE OF DINOSAURS The Age of Dinosaurs was a significant period in Earth's history characterized by dramatic environmental changes and the evolution of dinosaurs EARTH. AGE OF DINOSAURS The Age of Dinosaurs was a significant period in Earth's history characterized by dramatic environmental changes and the evolution of dinosaurs EARTH. EARTH Jurassic Park, while fictional, sparked increased interest and curiosity in the history of dinosaurs and their environment on Earth JURASSIC PARK. BRACHIOSAURUS Brachiosaurus existed during the Mesozoic Era, symbolizing the era's dramatic environmental changes and evolutionary milestones MESOZOIC ERA. MESOZOIC ERA Dinosaurs lived during the Mesozoic Era, marking a period of their dominance on Earth DINOSAURS. MESOZOIC ERA Dinosaurs lived during the Mesozoic Era, marking a period of their dominance on Earth DINOSAURS. TYRANNOSAURUS REX Tyrannosaurus Rex lived during the Mesozoic Era, contributing to the period's reputation as the Age of Dinosaurs MESOZOIC ERA. EARTH Jurassic Park, while fictional, sparked increased interest and curiosity in the history of dinosaurs and their environment on Earth JURASSIC PARK.",
    "evaluation": 0
  },
  {
    "correct_answer": "Dinosaurs lived in the Mesozoic era.",
    "retrieved_context": "DINOSAURS Dinosaurs lived on Earth, contributing to its ancient ecosystems and undergoing evolution over millions of years EARTH. MESOZOIC ERA Dinosaurs lived during the Mesozoic Era, marking a period of their dominance on Earth DINOSAURS. DINOSAURS The popularity of dinosaurs in modern culture, including movies like Jurassic Park, is partly due to the fascination with these ancient creatures JURASSIC PARK. DINOSAURS Dinosaurs were the dominant life forms during the Age of Dinosaurs, shaping the ecosystem and biodiversity of that era AGE OF DINOSAURS. AGE OF DINOSAURS The Age of Dinosaurs was a significant period in Earth's history characterized by dramatic environmental changes and the evolution of dinosaurs EARTH. EARTH Jurassic Park, while fictional, sparked increased interest and curiosity in the history of dinosaurs and their environment on Earth JURASSIC PARK. DINOSAURS Dinosaurs lived on Earth, contributing to its ancient ecosystems and undergoing evolution over millions of years EARTH. DINOSAURS The popularity of dinosaurs in modern culture, including movies like Jurassic Park, is partly due to the fascination with these ancient creatures JURASSIC PARK. EARTH Jurassic Park, while fictional, sparked increased interest and curiosity in the history of dinosaurs and their environment on Earth JURASSIC PARK. DINOSAURS Dinosaurs were the dominant life forms during the Age of Dinosaurs, shaping the ecosystem and biodiversity of that era AGE OF DINOSAURS. AGE OF DINOSAURS The Age of Dinosaurs was a significant period in Earth's history characterized by dramatic environmental changes and the evolution of dinosaurs EARTH. MESOZOIC ERA Dinosaurs lived during the Mesozoic Era, marking a period of their dominance on Earth DINOSAURS. TYRANNOSAURUS REX Tyrannosaurus Rex lived during the Mesozoic Era, contributing to the period's reputation as the Age of Dinosaurs MESOZOIC ERA. BRACHIOSAURUS Brachiosaurus existed during the Mesozoic Era, symbolizing the era's dramatic environmental changes and evolutionary milestones MESOZOIC ERA. MESOZOIC ERA Dinosaurs lived during the Mesozoic Era, marking a period of their dominance on Earth DINOSAURS. EARTH Jurassic Park, while fictional, sparked increased interest and curiosity in the history of dinosaurs and their environment on Earth JURASSIC PARK.",
    "evaluation": 1
  },
  {
    "correct_answer": "The Mesozoic era was known as the Age of Dinosaurs.",
    "retrieved_context": "AGE OF DINOSAURS The Age of Dinosaurs was a significant period in Earth's history characterized by dramatic environmental changes and the evolution of dinosaurs EARTH. EARTH Jurassic Park, while fictional, sparked increased interest and curiosity in the history of dinosaurs and their environment on Earth JURASSIC PARK. DINOSAURS Dinosaurs lived on Earth, contributing to its ancient ecosystems and undergoing evolution over millions of years EARTH. MESOZOIC ERA Dinosaurs lived during the Mesozoic Era, marking a period of their dominance on Earth DINOSAURS. DINOSAURS The popularity of dinosaurs in modern culture, including movies like Jurassic Park, is partly due to the fascination with these ancient creatures JURASSIC PARK. DINOSAURS Dinosaurs were the dominant life forms during the Age of Dinosaurs, shaping the ecosystem and biodiversity of that era AGE OF DINOSAURS. DINOSAURS Dinosaurs lived on Earth, contributing to its ancient ecosystems and undergoing evolution over millions of years EARTH. DINOSAURS The popularity of dinosaurs in modern culture, including movies like Jurassic Park, is partly due to the fascination with these ancient creatures JURASSIC PARK. EARTH Jurassic Park, while fictional, sparked increased interest and curiosity in the history of dinosaurs and their environment on Earth JURASSIC PARK. DINOSAURS Dinosaurs were the dominant life forms during the Age of Dinosaurs, shaping the ecosystem and biodiversity of that era AGE OF DINOSAURS. AGE OF DINOSAURS The Age of Dinosaurs was a significant period in Earth's history characterized by dramatic environmental changes and the evolution of dinosaurs EARTH. MESOZOIC ERA Dinosaurs lived during the Mesozoic Era, marking a period of their dominance on Earth DINOSAURS. TYRANNOSAURUS REX Tyrannosaurus Rex lived during the Mesozoic Era, contributing to the period's reputation as the Age of Dinosaurs MESOZOIC ERA. BRACHIOSAURUS Brachiosaurus existed during the Mesozoic Era, symbolizing the era's dramatic environmental changes and evolutionary milestones MESOZOIC ERA. MESOZOIC ERA Dinosaurs lived during the Mesozoic Era, marking a period of their dominance on Earth DINOSAURS. EARTH Jurassic Park, while fictional, sparked increased interest and curiosity in the history of dinosaurs and their environment on Earth JURASSIC PARK.",
    "evaluation": 1
  },
  {
    "correct_answer": "Dinosaurs represent a world vastly different from our own.",
    "retrieved_context": "DINOSAURS Dinosaurs lived on Earth, contributing to its ancient ecosystems and undergoing evolution over millions of years EARTH. DINOSAURS The popularity of dinosaurs in modern culture, including movies like Jurassic Park, is partly due to the fascination with these ancient creatures JURASSIC PARK. EARTH Jurassic Park, while fictional, sparked increased interest and curiosity in the history of dinosaurs and their environment on Earth JURASSIC PARK. DINOSAURS Dinosaurs were the dominant life forms during the Age of Dinosaurs, shaping the ecosystem and biodiversity of that era AGE OF DINOSAURS. AGE OF DINOSAURS The Age of Dinosaurs was a significant period in Earth's history characterized by dramatic environmental changes and the evolution of dinosaurs EARTH. AGE OF DINOSAURS The Age of Dinosaurs was a significant period in Earth's history characterized by dramatic environmental changes and the evolution of dinosaurs EARTH. EARTH Jurassic Park, while fictional, sparked increased interest and curiosity in the history of dinosaurs and their environment on Earth JURASSIC PARK. MESOZOIC ERA Dinosaurs lived during the Mesozoic Era, marking a period of their dominance on Earth DINOSAURS. TYRANNOSAURUS REX Tyrannosaurus Rex lived during the Mesozoic Era, contributing to the period's reputation as the Age of Dinosaurs MESOZOIC ERA. BRACHIOSAURUS Brachiosaurus existed during the Mesozoic Era, symbolizing the era's dramatic environmental changes and evolutionary milestones MESOZOIC ERA. MESOZOIC ERA Dinosaurs lived during the Mesozoic Era, marking a period of their dominance on Earth DINOSAURS. EARTH Jurassic Park, while fictional, sparked increased interest and curiosity in the history of dinosaurs and their environment on Earth JURASSIC PARK. DINOSAURS Dinosaurs lived on Earth, contributing to its ancient ecosystems and undergoing evolution over millions of years EARTH. MESOZOIC ERA Dinosaurs lived during the Mesozoic Era, marking a period of their dominance on Earth DINOSAURS. DINOSAURS The popularity of dinosaurs in modern culture, including movies like Jurassic Park, is partly due to the fascination with these ancient creatures JURASSIC PARK. DINOSAURS Dinosaurs were the dominant life forms during the Age of Dinosaurs, shaping the ecosystem and biodiversity of that era AGE OF DINOSAURS.",
    "evaluation": 1
  },
  {
    "correct_answer": "The extinction of dinosaurs is surrounded by mystery.",
    "retrieved_context": "DINOSAURS Dinosaurs lived on Earth, contributing to its ancient ecosystems and undergoing evolution over millions of years EARTH. DINOSAURS The popularity of dinosaurs in modern culture, including movies like Jurassic Park, is partly due to the fascination with these ancient creatures JURASSIC PARK. EARTH Jurassic Park, while fictional, sparked increased interest and curiosity in the history of dinosaurs and their environment on Earth JURASSIC PARK. DINOSAURS Dinosaurs were the dominant life forms during the Age of Dinosaurs, shaping the ecosystem and biodiversity of that era AGE OF DINOSAURS. AGE OF DINOSAURS The Age of Dinosaurs was a significant period in Earth's history characterized by dramatic environmental changes and the evolution of dinosaurs EARTH. AGE OF DINOSAURS The Age of Dinosaurs was a significant period in Earth's history characterized by dramatic environmental changes and the evolution of dinosaurs EARTH. EARTH Jurassic Park, while fictional, sparked increased interest and curiosity in the history of dinosaurs and their environment on Earth JURASSIC PARK. MESOZOIC ERA Dinosaurs lived during the Mesozoic Era, marking a period of their dominance on Earth DINOSAURS. TYRANNOSAURUS REX Tyrannosaurus Rex lived during the Mesozoic Era, contributing to the period's reputation as the Age of Dinosaurs MESOZOIC ERA. BRACHIOSAURUS Brachiosaurus existed during the Mesozoic Era, symbolizing the era's dramatic environmental changes and evolutionary milestones MESOZOIC ERA. MESOZOIC ERA Dinosaurs lived during the Mesozoic Era, marking a period of their dominance on Earth DINOSAURS. DINOSAURS Dinosaurs lived on Earth, contributing to its ancient ecosystems and undergoing evolution over millions of years EARTH. MESOZOIC ERA Dinosaurs lived during the Mesozoic Era, marking a period of their dominance on Earth DINOSAURS. DINOSAURS The popularity of dinosaurs in modern culture, including movies like Jurassic Park, is partly due to the fascination with these ancient creatures JURASSIC PARK. DINOSAURS Dinosaurs were the dominant life forms during the Age of Dinosaurs, shaping the ecosystem and biodiversity of that era AGE OF DINOSAURS. EARTH Jurassic Park, while fictional, sparked increased interest and curiosity in the history of dinosaurs and their environment on Earth JURASSIC PARK.",
    "evaluation": 0
  },
  {
    "correct_answer": "Dinosaurs have an enduring presence in popular culture.",
    "retrieved_context": "DINOSAURS Dinosaurs lived on Earth, contributing to its ancient ecosystems and undergoing evolution over millions of years EARTH. DINOSAURS The popularity of dinosaurs in modern culture, including movies like Jurassic Park, is partly due to the fascination with these ancient creatures JURASSIC PARK. EARTH Jurassic Park, while fictional, sparked increased interest and curiosity in the history of dinosaurs and their environment on Earth JURASSIC PARK. DINOSAURS Dinosaurs were the dominant life forms during the Age of Dinosaurs, shaping the ecosystem and biodiversity of that era AGE OF DINOSAURS. AGE OF DINOSAURS The Age of Dinosaurs was a significant period in Earth's history characterized by dramatic environmental changes and the evolution of dinosaurs EARTH. AGE OF DINOSAURS The Age of Dinosaurs was a significant period in Earth's history characterized by dramatic environmental changes and the evolution of dinosaurs EARTH. EARTH Jurassic Park, while fictional, sparked increased interest and curiosity in the history of dinosaurs and their environment on Earth JURASSIC PARK. MESOZOIC ERA Dinosaurs lived during the Mesozoic Era, marking a period of their dominance on Earth DINOSAURS. TYRANNOSAURUS REX Tyrannosaurus Rex lived during the Mesozoic Era, contributing to the period's reputation as the Age of Dinosaurs MESOZOIC ERA. BRACHIOSAURUS Brachiosaurus existed during the Mesozoic Era, symbolizing the era's dramatic environmental changes and evolutionary milestones MESOZOIC ERA. MESOZOIC ERA Dinosaurs lived during the Mesozoic Era, marking a period of their dominance on Earth DINOSAURS. DINOSAURS Dinosaurs lived on Earth, contributing to its ancient ecosystems and undergoing evolution over millions of years EARTH. MESOZOIC ERA Dinosaurs lived during the Mesozoic Era, marking a period of their dominance on Earth DINOSAURS. DINOSAURS The popularity of dinosaurs in modern culture, including movies like Jurassic Park, is partly due to the fascination with these ancient creatures JURASSIC PARK. DINOSAURS Dinosaurs were the dominant life forms during the Age of Dinosaurs, shaping the ecosystem and biodiversity of that era AGE OF DINOSAURS. EARTH Jurassic Park, while fictional, sparked increased interest and curiosity in the history of dinosaurs and their environment on Earth JURASSIC PARK.",
    "evaluation": 1
  },
  {
    "correct_answer": "Dinosaurs inspire creativity and imagination in both children and adults.",
    "retrieved_context": "DINOSAURS Dinosaurs lived on Earth, contributing to its ancient ecosystems and undergoing evolution over millions of years EARTH. DINOSAURS The popularity of dinosaurs in modern culture, including movies like Jurassic Park, is partly due to the fascination with these ancient creatures JURASSIC PARK. EARTH Jurassic Park, while fictional, sparked increased interest and curiosity in the history of dinosaurs and their environment on Earth JURASSIC PARK. DINOSAURS Dinosaurs were the dominant life forms during the Age of Dinosaurs, shaping the ecosystem and biodiversity of that era AGE OF DINOSAURS. AGE OF DINOSAURS The Age of Dinosaurs was a significant period in Earth's history characterized by dramatic environmental changes and the evolution of dinosaurs EARTH. AGE OF DINOSAURS The Age of Dinosaurs was a significant period in Earth's history characterized by dramatic environmental changes and the evolution of dinosaurs EARTH. EARTH Jurassic Park, while fictional, sparked increased interest and curiosity in the history of dinosaurs and their environment on Earth JURASSIC PARK. MESOZOIC ERA Dinosaurs lived during the Mesozoic Era, marking a period of their dominance on Earth DINOSAURS. TYRANNOSAURUS REX Tyrannosaurus Rex lived during the Mesozoic Era, contributing to the period's reputation as the Age of Dinosaurs MESOZOIC ERA. BRACHIOSAURUS Brachiosaurus existed during the Mesozoic Era, symbolizing the era's dramatic environmental changes and evolutionary milestones MESOZOIC ERA. MESOZOIC ERA Dinosaurs lived during the Mesozoic Era, marking a period of their dominance on Earth DINOSAURS. DINOSAURS Dinosaurs lived on Earth, contributing to its ancient ecosystems and undergoing evolution over millions of years EARTH. MESOZOIC ERA Dinosaurs lived during the Mesozoic Era, marking a period of their dominance on Earth DINOSAURS. DINOSAURS The popularity of dinosaurs in modern culture, including movies like Jurassic Park, is partly due to the fascination with these ancient creatures JURASSIC PARK. DINOSAURS Dinosaurs were the dominant life forms during the Age of Dinosaurs, shaping the ecosystem and biodiversity of that era AGE OF DINOSAURS. EARTH Jurassic Park, while fictional, sparked increased interest and curiosity in the history of dinosaurs and their environment on Earth JURASSIC PARK.",
    "evaluation": 0
  },
  {
    "accuracy": "33.33%"
  }
]