[
  {
    "correct_answer": "Autonomous vehicles are also known as self-driving cars.",
    "retrieved_context": "AUTONOMOUS VEHICLES Cameras are used in autonomous vehicles to help monitor surroundings CAMERAS. AUTONOMOUS VEHICLES Autonomous vehicles aim to reduce the number of accidents reported by the World Health Organization by eliminating human error WORLD HEALTH ORGANIZATION. AUTONOMOUS VEHICLES Autonomous vehicles rely on existing road infrastructure to function properly ROAD INFRASTRUCTURE. AUTONOMOUS VEHICLES Autonomous vehicles, representing a significant advancement in transportation technology, are poised to transform the way we think about driving and car ownership. These vehicles have the potential to replace individual car ownership, which could lead to a reduced need for parking spaces and the construction of new roads, fundamentally altering urban landscapes and potentially reducing traffic congestion. The convenience offered by autonomous vehicles is a major driving force behind their development, as they allow users to relax, work, or even sleep during commutes, thereby increasing productivity and personal time.\n\nHowever, the widespread adoption of autonomous vehicles faces significant challenges, primarily concerning their safety and reliability. Ensuring that these vehicles can operate safely under various conditions is crucial to gaining public trust and acceptance. Additionally, the regulatory and legal frameworks currently in place need substantial adaptation to accommodate the unique aspects of autonomous vehicles. This includes addressing questions of liability in the event of an accident, insurance requirements, and the licensing of autonomous vehicles and their operators.\n\nIn summary, autonomous vehicles hold the promise of revolutionizing personal and public transportation by offering unprecedented levels of convenience and efficiency. However, realizing their full potential requires overcoming substantial technological, regulatory, and societal hurdles. AUTONOMOUS VEHICLES. AUTONOMOUS VEHICLES Artificial intelligence algorithms enable autonomous vehicles to make driving decisions ARTIFICIAL INTELLIGENCE ALGORITHMS. AUTONOMOUS VEHICLES Autonomous vehicles are expected to bring significant changes to the transportation sector TRANSPORTATION. AUTONOMOUS VEHICLES Autonomous vehicles aim to eliminate human error, a major cause of road traffic accidents HUMAN ERROR. AUTONOMOUS VEHICLES Autonomous vehicles use sensors to monitor their surroundings SENSORS. AUTONOMOUS VEHICLES Autonomous vehicles are being tested and developed through pilot programs in various cities PILOT PROGRAMS.",
    "evaluation": 0
  },
  {
    "correct_answer": "Autonomous vehicles have the potential to revolutionize transportation.",
    "retrieved_context": "AUTONOMOUS VEHICLES Cameras are used in autonomous vehicles to help monitor surroundings CAMERAS. AUTONOMOUS VEHICLES Autonomous vehicles aim to reduce the number of accidents reported by the World Health Organization by eliminating human error WORLD HEALTH ORGANIZATION. AUTONOMOUS VEHICLES Autonomous vehicles rely on existing road infrastructure to function properly ROAD INFRASTRUCTURE. AUTONOMOUS VEHICLES Autonomous vehicles, representing a significant advancement in transportation technology, are poised to transform the way we think about driving and car ownership. These vehicles have the potential to replace individual car ownership, which could lead to a reduced need for parking spaces and the construction of new roads, fundamentally altering urban landscapes and potentially reducing traffic congestion. The convenience offered by autonomous vehicles is a major driving force behind their development, as they allow users to relax, work, or even sleep during commutes, thereby increasing productivity and personal time.\n\nHowever, the widespread adoption of autonomous vehicles faces significant challenges, primarily concerning their safety and reliability. Ensuring that these vehicles can operate safely under various conditions is crucial to gaining public trust and acceptance. Additionally, the regulatory and legal frameworks currently in place need substantial adaptation to accommodate the unique aspects of autonomous vehicles. This includes addressing questions of liability in the event of an accident, insurance requirements, and the licensing of autonomous vehicles and their operators.\n\nIn summary, autonomous vehicles hold the promise of revolutionizing personal and public transportation by offering unprecedented levels of convenience and efficiency. However, realizing their full potential requires overcoming substantial technological, regulatory, and societal hurdles. AUTONOMOUS VEHICLES. AUTONOMOUS VEHICLES Artificial intelligence algorithms enable autonomous vehicles to make driving decisions ARTIFICIAL INTELLIGENCE ALGORITHMS. AUTONOMOUS VEHICLES Autonomous vehicles are expected to bring significant changes to the transportation sector TRANSPORTATION. AUTONOMOUS VEHICLES Autonomous vehicles aim to eliminate human error, a major cause of road traffic accidents HUMAN ERROR. AUTONOMOUS VEHICLES Autonomous vehicles use sensors to monitor their surroundings SENSORS. AUTONOMOUS VEHICLES Autonomous vehicles are being tested and developed through pilot programs in various cities PILOT PROGRAMS. INDUSTRY STAKEHOLDERS Industry stakeholders include major automakers investing in autonomous vehicle technology MAJOR AUTOMAKERS. REGULATORY BODIES Regulatory bodies will collaborate with industry stakeholders to ensure the safety of autonomous vehicles INDUSTRY STAKEHOLDERS. GOVERNMENTS Governments need to work closely with industry stakeholders to address challenges posed by autonomous vehicles INDUSTRY STAKEHOLDERS. GOVERNMENTS Governments are involved in updating and modernizing road infrastructure to support autonomous vehicles ROAD INFRASTRUCTURE. GOVERNMENTS Governments and regulatory bodies need to collaborate to develop regulations for autonomous vehicles REGULATORY BODIES. INDUSTRY STAKEHOLDERS Industry stakeholders include technology companies focused on autonomous vehicle development TECHNOLOGY COMPANIES. INDUSTRY STAKEHOLDERS Industry stakeholders, including major automakers and technology companies, are conducting pilot programs to advance autonomous vehicle technology PILOT PROGRAMS.",
    "evaluation": 1
  },
  {
    "correct_answer": "Autonomous vehicles promise increased safety, efficiency, and convenience.",
    "retrieved_context": "AUTONOMOUS VEHICLES Cameras are used in autonomous vehicles to help monitor surroundings CAMERAS. AUTONOMOUS VEHICLES Autonomous vehicles aim to reduce the number of accidents reported by the World Health Organization by eliminating human error WORLD HEALTH ORGANIZATION. AUTONOMOUS VEHICLES Autonomous vehicles rely on existing road infrastructure to function properly ROAD INFRASTRUCTURE. AUTONOMOUS VEHICLES Autonomous vehicles, representing a significant advancement in transportation technology, are poised to transform the way we think about driving and car ownership. These vehicles have the potential to replace individual car ownership, which could lead to a reduced need for parking spaces and the construction of new roads, fundamentally altering urban landscapes and potentially reducing traffic congestion. The convenience offered by autonomous vehicles is a major driving force behind their development, as they allow users to relax, work, or even sleep during commutes, thereby increasing productivity and personal time.\n\nHowever, the widespread adoption of autonomous vehicles faces significant challenges, primarily concerning their safety and reliability. Ensuring that these vehicles can operate safely under various conditions is crucial to gaining public trust and acceptance. Additionally, the regulatory and legal frameworks currently in place need substantial adaptation to accommodate the unique aspects of autonomous vehicles. This includes addressing questions of liability in the event of an accident, insurance requirements, and the licensing of autonomous vehicles and their operators.\n\nIn summary, autonomous vehicles hold the promise of revolutionizing personal and public transportation by offering unprecedented levels of convenience and efficiency. However, realizing their full potential requires overcoming substantial technological, regulatory, and societal hurdles. AUTONOMOUS VEHICLES. AUTONOMOUS VEHICLES Artificial intelligence algorithms enable autonomous vehicles to make driving decisions ARTIFICIAL INTELLIGENCE ALGORITHMS. AUTONOMOUS VEHICLES Autonomous vehicles are expected to bring significant changes to the transportation sector TRANSPORTATION. AUTONOMOUS VEHICLES Autonomous vehicles aim to eliminate human error, a major cause of road traffic accidents HUMAN ERROR. AUTONOMOUS VEHICLES Autonomous vehicles use sensors to monitor their surroundings SENSORS. AUTONOMOUS VEHICLES Autonomous vehicles are being tested and developed through pilot programs in various cities PILOT PROGRAMS. INDUSTRY STAKEHOLDERS Industry stakeholders include major automakers investing in autonomous vehicle technology MAJOR AUTOMAKERS. REGULATORY BODIES Regulatory bodies will collaborate with industry stakeholders to ensure the safety of autonomous vehicles INDUSTRY STAKEHOLDERS. GOVERNMENTS Governments need to work closely with industry stakeholders to address challenges posed by autonomous vehicles INDUSTRY STAKEHOLDERS. GOVERNMENTS Governments are involved in updating and modernizing road infrastructure to support autonomous vehicles ROAD INFRASTRUCTURE. GOVERNMENTS Governments and regulatory bodies need to collaborate to develop regulations for autonomous vehicles REGULATORY BODIES. INDUSTRY STAKEHOLDERS Industry stakeholders include technology companies focused on autonomous vehicle development TECHNOLOGY COMPANIES. INDUSTRY STAKEHOLDERS Industry stakeholders, including major automakers and technology companies, are conducting pilot programs to advance autonomous vehicle technology PILOT PROGRAMS.",
    "evaluation": 1
  },
  {
    "correct_answer": "Significant progress has been made in the development of autonomous vehicles.",
    "retrieved_context": "AUTONOMOUS VEHICLES Cameras are used in autonomous vehicles to help monitor surroundings CAMERAS. AUTONOMOUS VEHICLES Autonomous vehicles aim to reduce the number of accidents reported by the World Health Organization by eliminating human error WORLD HEALTH ORGANIZATION. AUTONOMOUS VEHICLES Autonomous vehicles rely on existing road infrastructure to function properly ROAD INFRASTRUCTURE. AUTONOMOUS VEHICLES Autonomous vehicles, representing a significant advancement in transportation technology, are poised to transform the way we think about driving and car ownership. These vehicles have the potential to replace individual car ownership, which could lead to a reduced need for parking spaces and the construction of new roads, fundamentally altering urban landscapes and potentially reducing traffic congestion. The convenience offered by autonomous vehicles is a major driving force behind their development, as they allow users to relax, work, or even sleep during commutes, thereby increasing productivity and personal time.\n\nHowever, the widespread adoption of autonomous vehicles faces significant challenges, primarily concerning their safety and reliability. Ensuring that these vehicles can operate safely under various conditions is crucial to gaining public trust and acceptance. Additionally, the regulatory and legal frameworks currently in place need substantial adaptation to accommodate the unique aspects of autonomous vehicles. This includes addressing questions of liability in the event of an accident, insurance requirements, and the licensing of autonomous vehicles and their operators.\n\nIn summary, autonomous vehicles hold the promise of revolutionizing personal and public transportation by offering unprecedented levels of convenience and efficiency. However, realizing their full potential requires overcoming substantial technological, regulatory, and societal hurdles. AUTONOMOUS VEHICLES. AUTONOMOUS VEHICLES Artificial intelligence algorithms enable autonomous vehicles to make driving decisions ARTIFICIAL INTELLIGENCE ALGORITHMS. AUTONOMOUS VEHICLES Autonomous vehicles are expected to bring significant changes to the transportation sector TRANSPORTATION. AUTONOMOUS VEHICLES Autonomous vehicles aim to eliminate human error, a major cause of road traffic accidents HUMAN ERROR. AUTONOMOUS VEHICLES Autonomous vehicles use sensors to monitor their surroundings SENSORS. AUTONOMOUS VEHICLES Autonomous vehicles are being tested and developed through pilot programs in various cities PILOT PROGRAMS.",
    "evaluation": 1
  },
  {
    "correct_answer": "Experts believe autonomous vehicles will play a significant role in the future of transportation.",
    "retrieved_context": "AUTONOMOUS VEHICLES Cameras are used in autonomous vehicles to help monitor surroundings CAMERAS. AUTONOMOUS VEHICLES Autonomous vehicles aim to reduce the number of accidents reported by the World Health Organization by eliminating human error WORLD HEALTH ORGANIZATION. AUTONOMOUS VEHICLES Autonomous vehicles rely on existing road infrastructure to function properly ROAD INFRASTRUCTURE. AUTONOMOUS VEHICLES Autonomous vehicles, representing a significant advancement in transportation technology, are poised to transform the way we think about driving and car ownership. These vehicles have the potential to replace individual car ownership, which could lead to a reduced need for parking spaces and the construction of new roads, fundamentally altering urban landscapes and potentially reducing traffic congestion. The convenience offered by autonomous vehicles is a major driving force behind their development, as they allow users to relax, work, or even sleep during commutes, thereby increasing productivity and personal time.\n\nHowever, the widespread adoption of autonomous vehicles faces significant challenges, primarily concerning their safety and reliability. Ensuring that these vehicles can operate safely under various conditions is crucial to gaining public trust and acceptance. Additionally, the regulatory and legal frameworks currently in place need substantial adaptation to accommodate the unique aspects of autonomous vehicles. This includes addressing questions of liability in the event of an accident, insurance requirements, and the licensing of autonomous vehicles and their operators.\n\nIn summary, autonomous vehicles hold the promise of revolutionizing personal and public transportation by offering unprecedented levels of convenience and efficiency. However, realizing their full potential requires overcoming substantial technological, regulatory, and societal hurdles. AUTONOMOUS VEHICLES. AUTONOMOUS VEHICLES Artificial intelligence algorithms enable autonomous vehicles to make driving decisions ARTIFICIAL INTELLIGENCE ALGORITHMS. AUTONOMOUS VEHICLES Autonomous vehicles are expected to bring significant changes to the transportation sector TRANSPORTATION. AUTONOMOUS VEHICLES Autonomous vehicles aim to eliminate human error, a major cause of road traffic accidents HUMAN ERROR. AUTONOMOUS VEHICLES Autonomous vehicles use sensors to monitor their surroundings SENSORS. AUTONOMOUS VEHICLES Autonomous vehicles are being tested and developed through pilot programs in various cities PILOT PROGRAMS. INDUSTRY STAKEHOLDERS Industry stakeholders, including major automakers and technology companies, are conducting pilot programs to advance autonomous vehicle technology PILOT PROGRAMS. INDUSTRY STAKEHOLDERS Industry stakeholders include technology companies focused on autonomous vehicle development TECHNOLOGY COMPANIES. INDUSTRY STAKEHOLDERS Industry stakeholders include major automakers investing in autonomous vehicle technology MAJOR AUTOMAKERS.",
    "evaluation": 1
  },
  {
    "correct_answer": "Autonomous vehicles can greatly reduce the number of accidents on the road.",
    "retrieved_context": "AUTONOMOUS VEHICLES Cameras are used in autonomous vehicles to help monitor surroundings CAMERAS. AUTONOMOUS VEHICLES Autonomous vehicles aim to reduce the number of accidents reported by the World Health Organization by eliminating human error WORLD HEALTH ORGANIZATION. AUTONOMOUS VEHICLES Autonomous vehicles rely on existing road infrastructure to function properly ROAD INFRASTRUCTURE. AUTONOMOUS VEHICLES Autonomous vehicles, representing a significant advancement in transportation technology, are poised to transform the way we think about driving and car ownership. These vehicles have the potential to replace individual car ownership, which could lead to a reduced need for parking spaces and the construction of new roads, fundamentally altering urban landscapes and potentially reducing traffic congestion. The convenience offered by autonomous vehicles is a major driving force behind their development, as they allow users to relax, work, or even sleep during commutes, thereby increasing productivity and personal time.\n\nHowever, the widespread adoption of autonomous vehicles faces significant challenges, primarily concerning their safety and reliability. Ensuring that these vehicles can operate safely under various conditions is crucial to gaining public trust and acceptance. Additionally, the regulatory and legal frameworks currently in place need substantial adaptation to accommodate the unique aspects of autonomous vehicles. This includes addressing questions of liability in the event of an accident, insurance requirements, and the licensing of autonomous vehicles and their operators.\n\nIn summary, autonomous vehicles hold the promise of revolutionizing personal and public transportation by offering unprecedented levels of convenience and efficiency. However, realizing their full potential requires overcoming substantial technological, regulatory, and societal hurdles. AUTONOMOUS VEHICLES. AUTONOMOUS VEHICLES Artificial intelligence algorithms enable autonomous vehicles to make driving decisions ARTIFICIAL INTELLIGENCE ALGORITHMS. AUTONOMOUS VEHICLES Autonomous vehicles are expected to bring significant changes to the transportation sector TRANSPORTATION. AUTONOMOUS VEHICLES Autonomous vehicles aim to eliminate human error, a major cause of road traffic accidents HUMAN ERROR. AUTONOMOUS VEHICLES Autonomous vehicles use sensors to monitor their surroundings SENSORS. AUTONOMOUS VEHICLES Autonomous vehicles are being tested and developed through pilot programs in various cities PILOT PROGRAMS.",
    "evaluation": 1
  },
  {
    "correct_answer": "Autonomous vehicles eliminate human error from the driving equation.",
    "retrieved_context": "AUTONOMOUS VEHICLES Cameras are used in autonomous vehicles to help monitor surroundings CAMERAS. AUTONOMOUS VEHICLES Autonomous vehicles aim to reduce the number of accidents reported by the World Health Organization by eliminating human error WORLD HEALTH ORGANIZATION. AUTONOMOUS VEHICLES Autonomous vehicles rely on existing road infrastructure to function properly ROAD INFRASTRUCTURE. AUTONOMOUS VEHICLES Autonomous vehicles, representing a significant advancement in transportation technology, are poised to transform the way we think about driving and car ownership. These vehicles have the potential to replace individual car ownership, which could lead to a reduced need for parking spaces and the construction of new roads, fundamentally altering urban landscapes and potentially reducing traffic congestion. The convenience offered by autonomous vehicles is a major driving force behind their development, as they allow users to relax, work, or even sleep during commutes, thereby increasing productivity and personal time.\n\nHowever, the widespread adoption of autonomous vehicles faces significant challenges, primarily concerning their safety and reliability. Ensuring that these vehicles can operate safely under various conditions is crucial to gaining public trust and acceptance. Additionally, the regulatory and legal frameworks currently in place need substantial adaptation to accommodate the unique aspects of autonomous vehicles. This includes addressing questions of liability in the event of an accident, insurance requirements, and the licensing of autonomous vehicles and their operators.\n\nIn summary, autonomous vehicles hold the promise of revolutionizing personal and public transportation by offering unprecedented levels of convenience and efficiency. However, realizing their full potential requires overcoming substantial technological, regulatory, and societal hurdles. AUTONOMOUS VEHICLES. AUTONOMOUS VEHICLES Artificial intelligence algorithms enable autonomous vehicles to make driving decisions ARTIFICIAL INTELLIGENCE ALGORITHMS. AUTONOMOUS VEHICLES Autonomous vehicles are expected to bring significant changes to the transportation sector TRANSPORTATION. AUTONOMOUS VEHICLES Autonomous vehicles aim to eliminate human error, a major cause of road traffic accidents HUMAN ERROR. AUTONOMOUS VEHICLES Autonomous vehicles use sensors to monitor their surroundings SENSORS. AUTONOMOUS VEHICLES Autonomous vehicles are being tested and developed through pilot programs in various cities PILOT PROGRAMS.",
    "evaluation": 1
  },
  {
    "correct_answer": "Autonomous vehicles use sensors, cameras, and AI algorithms to monitor surroundings.",
    "retrieved_context": "AUTONOMOUS VEHICLES Cameras are used in autonomous vehicles to help monitor surroundings CAMERAS. AUTONOMOUS VEHICLES Autonomous vehicles aim to reduce the number of accidents reported by the World Health Organization by eliminating human error WORLD HEALTH ORGANIZATION. AUTONOMOUS VEHICLES Autonomous vehicles rely on existing road infrastructure to function properly ROAD INFRASTRUCTURE. AUTONOMOUS VEHICLES Autonomous vehicles, representing a significant advancement in transportation technology, are poised to transform the way we think about driving and car ownership. These vehicles have the potential to replace individual car ownership, which could lead to a reduced need for parking spaces and the construction of new roads, fundamentally altering urban landscapes and potentially reducing traffic congestion. The convenience offered by autonomous vehicles is a major driving force behind their development, as they allow users to relax, work, or even sleep during commutes, thereby increasing productivity and personal time.\n\nHowever, the widespread adoption of autonomous vehicles faces significant challenges, primarily concerning their safety and reliability. Ensuring that these vehicles can operate safely under various conditions is crucial to gaining public trust and acceptance. Additionally, the regulatory and legal frameworks currently in place need substantial adaptation to accommodate the unique aspects of autonomous vehicles. This includes addressing questions of liability in the event of an accident, insurance requirements, and the licensing of autonomous vehicles and their operators.\n\nIn summary, autonomous vehicles hold the promise of revolutionizing personal and public transportation by offering unprecedented levels of convenience and efficiency. However, realizing their full potential requires overcoming substantial technological, regulatory, and societal hurdles. AUTONOMOUS VEHICLES. AUTONOMOUS VEHICLES Artificial intelligence algorithms enable autonomous vehicles to make driving decisions ARTIFICIAL INTELLIGENCE ALGORITHMS. AUTONOMOUS VEHICLES Autonomous vehicles are expected to bring significant changes to the transportation sector TRANSPORTATION. AUTONOMOUS VEHICLES Autonomous vehicles aim to eliminate human error, a major cause of road traffic accidents HUMAN ERROR. AUTONOMOUS VEHICLES Autonomous vehicles use sensors to monitor their surroundings SENSORS. AUTONOMOUS VEHICLES Autonomous vehicles are being tested and developed through pilot programs in various cities PILOT PROGRAMS. INDUSTRY STAKEHOLDERS Industry stakeholders include major automakers investing in autonomous vehicle technology MAJOR AUTOMAKERS. REGULATORY BODIES Regulatory bodies will collaborate with industry stakeholders to ensure the safety of autonomous vehicles INDUSTRY STAKEHOLDERS. GOVERNMENTS Governments need to work closely with industry stakeholders to address challenges posed by autonomous vehicles INDUSTRY STAKEHOLDERS. GOVERNMENTS Governments are involved in updating and modernizing road infrastructure to support autonomous vehicles ROAD INFRASTRUCTURE. GOVERNMENTS Governments and regulatory bodies need to collaborate to develop regulations for autonomous vehicles REGULATORY BODIES. INDUSTRY STAKEHOLDERS Industry stakeholders include technology companies focused on autonomous vehicle development TECHNOLOGY COMPANIES. INDUSTRY STAKEHOLDERS Industry stakeholders, including major automakers and technology companies, are conducting pilot programs to advance autonomous vehicle technology PILOT PROGRAMS.",
    "evaluation": 1
  },
  {
    "correct_answer": "Autonomous vehicles can react to potential hazards faster than human drivers.",
    "retrieved_context": "AUTONOMOUS VEHICLES Cameras are used in autonomous vehicles to help monitor surroundings CAMERAS. AUTONOMOUS VEHICLES Autonomous vehicles aim to reduce the number of accidents reported by the World Health Organization by eliminating human error WORLD HEALTH ORGANIZATION. AUTONOMOUS VEHICLES Autonomous vehicles rely on existing road infrastructure to function properly ROAD INFRASTRUCTURE. AUTONOMOUS VEHICLES Autonomous vehicles, representing a significant advancement in transportation technology, are poised to transform the way we think about driving and car ownership. These vehicles have the potential to replace individual car ownership, which could lead to a reduced need for parking spaces and the construction of new roads, fundamentally altering urban landscapes and potentially reducing traffic congestion. The convenience offered by autonomous vehicles is a major driving force behind their development, as they allow users to relax, work, or even sleep during commutes, thereby increasing productivity and personal time.\n\nHowever, the widespread adoption of autonomous vehicles faces significant challenges, primarily concerning their safety and reliability. Ensuring that these vehicles can operate safely under various conditions is crucial to gaining public trust and acceptance. Additionally, the regulatory and legal frameworks currently in place need substantial adaptation to accommodate the unique aspects of autonomous vehicles. This includes addressing questions of liability in the event of an accident, insurance requirements, and the licensing of autonomous vehicles and their operators.\n\nIn summary, autonomous vehicles hold the promise of revolutionizing personal and public transportation by offering unprecedented levels of convenience and efficiency. However, realizing their full potential requires overcoming substantial technological, regulatory, and societal hurdles. AUTONOMOUS VEHICLES. AUTONOMOUS VEHICLES Artificial intelligence algorithms enable autonomous vehicles to make driving decisions ARTIFICIAL INTELLIGENCE ALGORITHMS. AUTONOMOUS VEHICLES Autonomous vehicles are expected to bring significant changes to the transportation sector TRANSPORTATION. AUTONOMOUS VEHICLES Autonomous vehicles aim to eliminate human error, a major cause of road traffic accidents HUMAN ERROR. AUTONOMOUS VEHICLES Autonomous vehicles use sensors to monitor their surroundings SENSORS. AUTONOMOUS VEHICLES Autonomous vehicles are being tested and developed through pilot programs in various cities PILOT PROGRAMS. INDUSTRY STAKEHOLDERS Industry stakeholders include major automakers investing in autonomous vehicle technology MAJOR AUTOMAKERS. REGULATORY BODIES Regulatory bodies will collaborate with industry stakeholders to ensure the safety of autonomous vehicles INDUSTRY STAKEHOLDERS. GOVERNMENTS Governments need to work closely with industry stakeholders to address challenges posed by autonomous vehicles INDUSTRY STAKEHOLDERS. GOVERNMENTS Governments are involved in updating and modernizing road infrastructure to support autonomous vehicles ROAD INFRASTRUCTURE. GOVERNMENTS Governments and regulatory bodies need to collaborate to develop regulations for autonomous vehicles REGULATORY BODIES. INDUSTRY STAKEHOLDERS Industry stakeholders include technology companies focused on autonomous vehicle development TECHNOLOGY COMPANIES. INDUSTRY STAKEHOLDERS Industry stakeholders, including major automakers and technology companies, are conducting pilot programs to advance autonomous vehicle technology PILOT PROGRAMS.",
    "evaluation": 0
  },
  {
    "correct_answer": "Autonomous vehicles can optimize traffic flow in real-time.",
    "retrieved_context": "AUTONOMOUS VEHICLES Cameras are used in autonomous vehicles to help monitor surroundings CAMERAS. AUTONOMOUS VEHICLES Autonomous vehicles aim to reduce the number of accidents reported by the World Health Organization by eliminating human error WORLD HEALTH ORGANIZATION. AUTONOMOUS VEHICLES Autonomous vehicles rely on existing road infrastructure to function properly ROAD INFRASTRUCTURE. AUTONOMOUS VEHICLES Autonomous vehicles, representing a significant advancement in transportation technology, are poised to transform the way we think about driving and car ownership. These vehicles have the potential to replace individual car ownership, which could lead to a reduced need for parking spaces and the construction of new roads, fundamentally altering urban landscapes and potentially reducing traffic congestion. The convenience offered by autonomous vehicles is a major driving force behind their development, as they allow users to relax, work, or even sleep during commutes, thereby increasing productivity and personal time.\n\nHowever, the widespread adoption of autonomous vehicles faces significant challenges, primarily concerning their safety and reliability. Ensuring that these vehicles can operate safely under various conditions is crucial to gaining public trust and acceptance. Additionally, the regulatory and legal frameworks currently in place need substantial adaptation to accommodate the unique aspects of autonomous vehicles. This includes addressing questions of liability in the event of an accident, insurance requirements, and the licensing of autonomous vehicles and their operators.\n\nIn summary, autonomous vehicles hold the promise of revolutionizing personal and public transportation by offering unprecedented levels of convenience and efficiency. However, realizing their full potential requires overcoming substantial technological, regulatory, and societal hurdles. AUTONOMOUS VEHICLES. AUTONOMOUS VEHICLES Artificial intelligence algorithms enable autonomous vehicles to make driving decisions ARTIFICIAL INTELLIGENCE ALGORITHMS. AUTONOMOUS VEHICLES Autonomous vehicles are expected to bring significant changes to the transportation sector TRANSPORTATION. AUTONOMOUS VEHICLES Autonomous vehicles aim to eliminate human error, a major cause of road traffic accidents HUMAN ERROR. AUTONOMOUS VEHICLES Autonomous vehicles use sensors to monitor their surroundings SENSORS. AUTONOMOUS VEHICLES Autonomous vehicles are being tested and developed through pilot programs in various cities PILOT PROGRAMS.",
    "evaluation": 0
  },
  {
    "correct_answer": "Autonomous vehicles can reduce congestion and travel times.",
    "retrieved_context": "AUTONOMOUS VEHICLES Cameras are used in autonomous vehicles to help monitor surroundings CAMERAS. AUTONOMOUS VEHICLES Autonomous vehicles aim to reduce the number of accidents reported by the World Health Organization by eliminating human error WORLD HEALTH ORGANIZATION. AUTONOMOUS VEHICLES Autonomous vehicles rely on existing road infrastructure to function properly ROAD INFRASTRUCTURE. AUTONOMOUS VEHICLES Autonomous vehicles, representing a significant advancement in transportation technology, are poised to transform the way we think about driving and car ownership. These vehicles have the potential to replace individual car ownership, which could lead to a reduced need for parking spaces and the construction of new roads, fundamentally altering urban landscapes and potentially reducing traffic congestion. The convenience offered by autonomous vehicles is a major driving force behind their development, as they allow users to relax, work, or even sleep during commutes, thereby increasing productivity and personal time.\n\nHowever, the widespread adoption of autonomous vehicles faces significant challenges, primarily concerning their safety and reliability. Ensuring that these vehicles can operate safely under various conditions is crucial to gaining public trust and acceptance. Additionally, the regulatory and legal frameworks currently in place need substantial adaptation to accommodate the unique aspects of autonomous vehicles. This includes addressing questions of liability in the event of an accident, insurance requirements, and the licensing of autonomous vehicles and their operators.\n\nIn summary, autonomous vehicles hold the promise of revolutionizing personal and public transportation by offering unprecedented levels of convenience and efficiency. However, realizing their full potential requires overcoming substantial technological, regulatory, and societal hurdles. AUTONOMOUS VEHICLES. AUTONOMOUS VEHICLES Artificial intelligence algorithms enable autonomous vehicles to make driving decisions ARTIFICIAL INTELLIGENCE ALGORITHMS. AUTONOMOUS VEHICLES Autonomous vehicles are expected to bring significant changes to the transportation sector TRANSPORTATION. AUTONOMOUS VEHICLES Autonomous vehicles aim to eliminate human error, a major cause of road traffic accidents HUMAN ERROR. AUTONOMOUS VEHICLES Autonomous vehicles use sensors to monitor their surroundings SENSORS. AUTONOMOUS VEHICLES Autonomous vehicles are being tested and developed through pilot programs in various cities PILOT PROGRAMS. INDUSTRY STAKEHOLDERS Industry stakeholders include major automakers investing in autonomous vehicle technology MAJOR AUTOMAKERS. REGULATORY BODIES Regulatory bodies will collaborate with industry stakeholders to ensure the safety of autonomous vehicles INDUSTRY STAKEHOLDERS. GOVERNMENTS Governments need to work closely with industry stakeholders to address challenges posed by autonomous vehicles INDUSTRY STAKEHOLDERS. GOVERNMENTS Governments are involved in updating and modernizing road infrastructure to support autonomous vehicles ROAD INFRASTRUCTURE. GOVERNMENTS Governments and regulatory bodies need to collaborate to develop regulations for autonomous vehicles REGULATORY BODIES. INDUSTRY STAKEHOLDERS Industry stakeholders include technology companies focused on autonomous vehicle development TECHNOLOGY COMPANIES. INDUSTRY STAKEHOLDERS Industry stakeholders, including major automakers and technology companies, are conducting pilot programs to advance autonomous vehicle technology PILOT PROGRAMS.",
    "evaluation": 0
  },
  {
    "correct_answer": "Autonomous vehicles could lead to a decrease in the number of vehicles on the road.",
    "retrieved_context": "AUTONOMOUS VEHICLES Cameras are used in autonomous vehicles to help monitor surroundings CAMERAS. AUTONOMOUS VEHICLES Autonomous vehicles aim to reduce the number of accidents reported by the World Health Organization by eliminating human error WORLD HEALTH ORGANIZATION. AUTONOMOUS VEHICLES Autonomous vehicles rely on existing road infrastructure to function properly ROAD INFRASTRUCTURE. AUTONOMOUS VEHICLES Autonomous vehicles, representing a significant advancement in transportation technology, are poised to transform the way we think about driving and car ownership. These vehicles have the potential to replace individual car ownership, which could lead to a reduced need for parking spaces and the construction of new roads, fundamentally altering urban landscapes and potentially reducing traffic congestion. The convenience offered by autonomous vehicles is a major driving force behind their development, as they allow users to relax, work, or even sleep during commutes, thereby increasing productivity and personal time.\n\nHowever, the widespread adoption of autonomous vehicles faces significant challenges, primarily concerning their safety and reliability. Ensuring that these vehicles can operate safely under various conditions is crucial to gaining public trust and acceptance. Additionally, the regulatory and legal frameworks currently in place need substantial adaptation to accommodate the unique aspects of autonomous vehicles. This includes addressing questions of liability in the event of an accident, insurance requirements, and the licensing of autonomous vehicles and their operators.\n\nIn summary, autonomous vehicles hold the promise of revolutionizing personal and public transportation by offering unprecedented levels of convenience and efficiency. However, realizing their full potential requires overcoming substantial technological, regulatory, and societal hurdles. AUTONOMOUS VEHICLES. AUTONOMOUS VEHICLES Artificial intelligence algorithms enable autonomous vehicles to make driving decisions ARTIFICIAL INTELLIGENCE ALGORITHMS. AUTONOMOUS VEHICLES Autonomous vehicles are expected to bring significant changes to the transportation sector TRANSPORTATION. AUTONOMOUS VEHICLES Autonomous vehicles aim to eliminate human error, a major cause of road traffic accidents HUMAN ERROR. AUTONOMOUS VEHICLES Autonomous vehicles use sensors to monitor their surroundings SENSORS. AUTONOMOUS VEHICLES Autonomous vehicles are being tested and developed through pilot programs in various cities PILOT PROGRAMS.",
    "evaluation": 0
  },
  {
    "correct_answer": "Autonomous vehicles offer convenience by allowing passengers to relax or work during commutes.",
    "retrieved_context": "AUTONOMOUS VEHICLES Cameras are used in autonomous vehicles to help monitor surroundings CAMERAS. AUTONOMOUS VEHICLES Autonomous vehicles aim to reduce the number of accidents reported by the World Health Organization by eliminating human error WORLD HEALTH ORGANIZATION. AUTONOMOUS VEHICLES Autonomous vehicles rely on existing road infrastructure to function properly ROAD INFRASTRUCTURE. AUTONOMOUS VEHICLES Autonomous vehicles, representing a significant advancement in transportation technology, are poised to transform the way we think about driving and car ownership. These vehicles have the potential to replace individual car ownership, which could lead to a reduced need for parking spaces and the construction of new roads, fundamentally altering urban landscapes and potentially reducing traffic congestion. The convenience offered by autonomous vehicles is a major driving force behind their development, as they allow users to relax, work, or even sleep during commutes, thereby increasing productivity and personal time.\n\nHowever, the widespread adoption of autonomous vehicles faces significant challenges, primarily concerning their safety and reliability. Ensuring that these vehicles can operate safely under various conditions is crucial to gaining public trust and acceptance. Additionally, the regulatory and legal frameworks currently in place need substantial adaptation to accommodate the unique aspects of autonomous vehicles. This includes addressing questions of liability in the event of an accident, insurance requirements, and the licensing of autonomous vehicles and their operators.\n\nIn summary, autonomous vehicles hold the promise of revolutionizing personal and public transportation by offering unprecedented levels of convenience and efficiency. However, realizing their full potential requires overcoming substantial technological, regulatory, and societal hurdles. AUTONOMOUS VEHICLES. AUTONOMOUS VEHICLES Artificial intelligence algorithms enable autonomous vehicles to make driving decisions ARTIFICIAL INTELLIGENCE ALGORITHMS. AUTONOMOUS VEHICLES Autonomous vehicles are expected to bring significant changes to the transportation sector TRANSPORTATION. AUTONOMOUS VEHICLES Autonomous vehicles aim to eliminate human error, a major cause of road traffic accidents HUMAN ERROR. AUTONOMOUS VEHICLES Autonomous vehicles use sensors to monitor their surroundings SENSORS. AUTONOMOUS VEHICLES Autonomous vehicles are being tested and developed through pilot programs in various cities PILOT PROGRAMS.",
    "evaluation": 1
  },
  {
    "correct_answer": "Autonomous vehicles provide mobility options for those unable to drive.",
    "retrieved_context": "AUTONOMOUS VEHICLES Cameras are used in autonomous vehicles to help monitor surroundings CAMERAS. AUTONOMOUS VEHICLES Autonomous vehicles aim to reduce the number of accidents reported by the World Health Organization by eliminating human error WORLD HEALTH ORGANIZATION. AUTONOMOUS VEHICLES Autonomous vehicles rely on existing road infrastructure to function properly ROAD INFRASTRUCTURE. AUTONOMOUS VEHICLES Autonomous vehicles, representing a significant advancement in transportation technology, are poised to transform the way we think about driving and car ownership. These vehicles have the potential to replace individual car ownership, which could lead to a reduced need for parking spaces and the construction of new roads, fundamentally altering urban landscapes and potentially reducing traffic congestion. The convenience offered by autonomous vehicles is a major driving force behind their development, as they allow users to relax, work, or even sleep during commutes, thereby increasing productivity and personal time.\n\nHowever, the widespread adoption of autonomous vehicles faces significant challenges, primarily concerning their safety and reliability. Ensuring that these vehicles can operate safely under various conditions is crucial to gaining public trust and acceptance. Additionally, the regulatory and legal frameworks currently in place need substantial adaptation to accommodate the unique aspects of autonomous vehicles. This includes addressing questions of liability in the event of an accident, insurance requirements, and the licensing of autonomous vehicles and their operators.\n\nIn summary, autonomous vehicles hold the promise of revolutionizing personal and public transportation by offering unprecedented levels of convenience and efficiency. However, realizing their full potential requires overcoming substantial technological, regulatory, and societal hurdles. AUTONOMOUS VEHICLES. AUTONOMOUS VEHICLES Artificial intelligence algorithms enable autonomous vehicles to make driving decisions ARTIFICIAL INTELLIGENCE ALGORITHMS. AUTONOMOUS VEHICLES Autonomous vehicles are expected to bring significant changes to the transportation sector TRANSPORTATION. AUTONOMOUS VEHICLES Autonomous vehicles aim to eliminate human error, a major cause of road traffic accidents HUMAN ERROR. AUTONOMOUS VEHICLES Autonomous vehicles use sensors to monitor their surroundings SENSORS. AUTONOMOUS VEHICLES Autonomous vehicles are being tested and developed through pilot programs in various cities PILOT PROGRAMS.",
    "evaluation": 0
  },
  {
    "correct_answer": "Challenges for autonomous vehicles include safety, regulations, and infrastructure.",
    "retrieved_context": "AUTONOMOUS VEHICLES Cameras are used in autonomous vehicles to help monitor surroundings CAMERAS. AUTONOMOUS VEHICLES Autonomous vehicles aim to reduce the number of accidents reported by the World Health Organization by eliminating human error WORLD HEALTH ORGANIZATION. AUTONOMOUS VEHICLES Autonomous vehicles rely on existing road infrastructure to function properly ROAD INFRASTRUCTURE. AUTONOMOUS VEHICLES Autonomous vehicles, representing a significant advancement in transportation technology, are poised to transform the way we think about driving and car ownership. These vehicles have the potential to replace individual car ownership, which could lead to a reduced need for parking spaces and the construction of new roads, fundamentally altering urban landscapes and potentially reducing traffic congestion. The convenience offered by autonomous vehicles is a major driving force behind their development, as they allow users to relax, work, or even sleep during commutes, thereby increasing productivity and personal time.\n\nHowever, the widespread adoption of autonomous vehicles faces significant challenges, primarily concerning their safety and reliability. Ensuring that these vehicles can operate safely under various conditions is crucial to gaining public trust and acceptance. Additionally, the regulatory and legal frameworks currently in place need substantial adaptation to accommodate the unique aspects of autonomous vehicles. This includes addressing questions of liability in the event of an accident, insurance requirements, and the licensing of autonomous vehicles and their operators.\n\nIn summary, autonomous vehicles hold the promise of revolutionizing personal and public transportation by offering unprecedented levels of convenience and efficiency. However, realizing their full potential requires overcoming substantial technological, regulatory, and societal hurdles. AUTONOMOUS VEHICLES. AUTONOMOUS VEHICLES Artificial intelligence algorithms enable autonomous vehicles to make driving decisions ARTIFICIAL INTELLIGENCE ALGORITHMS. AUTONOMOUS VEHICLES Autonomous vehicles are expected to bring significant changes to the transportation sector TRANSPORTATION. AUTONOMOUS VEHICLES Autonomous vehicles aim to eliminate human error, a major cause of road traffic accidents HUMAN ERROR. AUTONOMOUS VEHICLES Autonomous vehicles use sensors to monitor their surroundings SENSORS. AUTONOMOUS VEHICLES Autonomous vehicles are being tested and developed through pilot programs in various cities PILOT PROGRAMS. INDUSTRY STAKEHOLDERS Industry stakeholders include major automakers investing in autonomous vehicle technology MAJOR AUTOMAKERS. REGULATORY BODIES Regulatory bodies will collaborate with industry stakeholders to ensure the safety of autonomous vehicles INDUSTRY STAKEHOLDERS. GOVERNMENTS Governments need to work closely with industry stakeholders to address challenges posed by autonomous vehicles INDUSTRY STAKEHOLDERS. GOVERNMENTS Governments are involved in updating and modernizing road infrastructure to support autonomous vehicles ROAD INFRASTRUCTURE. GOVERNMENTS Governments and regulatory bodies need to collaborate to develop regulations for autonomous vehicles REGULATORY BODIES. INDUSTRY STAKEHOLDERS Industry stakeholders include technology companies focused on autonomous vehicle development TECHNOLOGY COMPANIES. INDUSTRY STAKEHOLDERS Industry stakeholders, including major automakers and technology companies, are conducting pilot programs to advance autonomous vehicle technology PILOT PROGRAMS. INDUSTRY STAKEHOLDERS Industry stakeholders, including major automakers and technology companies, are conducting pilot programs to advance autonomous vehicle technology PILOT PROGRAMS. INDUSTRY STAKEHOLDERS Industry stakeholders include technology companies focused on autonomous vehicle development TECHNOLOGY COMPANIES. INDUSTRY STAKEHOLDERS Industry stakeholders include major automakers investing in autonomous vehicle technology MAJOR AUTOMAKERS. INDUSTRY STAKEHOLDERS Industry stakeholders, including major automakers and technology companies, are conducting pilot programs to advance autonomous vehicle technology PILOT PROGRAMS. INDUSTRY STAKEHOLDERS Industry stakeholders include technology companies focused on autonomous vehicle development TECHNOLOGY COMPANIES. INDUSTRY STAKEHOLDERS Industry stakeholders include major automakers investing in autonomous vehicle technology MAJOR AUTOMAKERS. REGULATORY BODIES Regulatory bodies will collaborate with industry stakeholders to ensure the safety of autonomous vehicles INDUSTRY STAKEHOLDERS.",
    "evaluation": 1
  },
  {
    "accuracy": "60.00%"
  }
]