[
  {
    "correct_answer": "Sports shape cultures around the world.",
    "retrieved_context": "SPORTS Sports have been a platform for promoting gender equality by including women in male-dominated areas GENDER EQUALITY. SPORTS Sports events have a significant economic impact through revenue generation and job creation ECONOMIC IMPACT. SPORTS Sports serve as a platform for athletes to advocate for social justice and inspire change SOCIAL JUSTICE. SPORTS Sports activities contribute to the growth and economic significance of the sports industry SPORTS INDUSTRY. SPORTS Sports events have a significant economic impact through revenue generation and job creation ECONOMIC IMPACT. SPORTS Sports activities contribute to the growth and economic significance of the sports industry SPORTS INDUSTRY. SPORTS Sports serve as a platform for athletes to advocate for social justice and inspire change SOCIAL JUSTICE. OLYMPICS The Olympics exemplify the role of sports in creating shared experiences and traditions, and in promoting a sense of belonging and pride among fans SPORTS. SPORTS Sports have been a platform for promoting gender equality by including women in male-dominated areas GENDER EQUALITY. SPORTS Sports events have a significant economic impact through revenue generation and job creation ECONOMIC IMPACT. SPORTS Sports activities contribute to the growth and economic significance of the sports industry SPORTS INDUSTRY. SPORTS Sports serve as a platform for athletes to advocate for social justice and inspire change SOCIAL JUSTICE. OLYMPICS The Olympics exemplify the role of sports in creating shared experiences and traditions, and in promoting a sense of belonging and pride among fans SPORTS. WORLD CUP Both the World Cup and the Olympics are international sporting events that create shared experiences and traditions among people worldwide OLYMPICS. SPORTS Sports have been a platform for promoting gender equality by including women in male-dominated areas GENDER EQUALITY. WORLD CUP The World Cup is an example of how sports can unite people from different backgrounds and beliefs in a common passion SPORTS.",
    "evaluation": 1
  },
  {
    "correct_answer": "Sports bring people together.",
    "retrieved_context": "SPORTS Sports have been a platform for promoting gender equality by including women in male-dominated areas GENDER EQUALITY. SPORTS Sports events have a significant economic impact through revenue generation and job creation ECONOMIC IMPACT. SPORTS Sports serve as a platform for athletes to advocate for social justice and inspire change SOCIAL JUSTICE. SPORTS Sports activities contribute to the growth and economic significance of the sports industry SPORTS INDUSTRY. SPORTS Sports events have a significant economic impact through revenue generation and job creation ECONOMIC IMPACT. SPORTS Sports activities contribute to the growth and economic significance of the sports industry SPORTS INDUSTRY. SPORTS Sports serve as a platform for athletes to advocate for social justice and inspire change SOCIAL JUSTICE. OLYMPICS The Olympics exemplify the role of sports in creating shared experiences and traditions, and in promoting a sense of belonging and pride among fans SPORTS. SPORTS Sports have been a platform for promoting gender equality by including women in male-dominated areas GENDER EQUALITY. SPORTS Sports events have a significant economic impact through revenue generation and job creation ECONOMIC IMPACT. SPORTS Sports activities contribute to the growth and economic significance of the sports industry SPORTS INDUSTRY. SPORTS Sports serve as a platform for athletes to advocate for social justice and inspire change SOCIAL JUSTICE. OLYMPICS The Olympics exemplify the role of sports in creating shared experiences and traditions, and in promoting a sense of belonging and pride among fans SPORTS. WORLD CUP Both the World Cup and the Olympics are international sporting events that create shared experiences and traditions among people worldwide OLYMPICS. SPORTS Sports have been a platform for promoting gender equality by including women in male-dominated areas GENDER EQUALITY. WORLD CUP The World Cup is an example of how sports can unite people from different backgrounds and beliefs in a common passion SPORTS.",
    "evaluation": 1
  },
  {
    "correct_answer": "Sports foster a sense of community.",
    "retrieved_context": "SPORTS Sports have been a platform for promoting gender equality by including women in male-dominated areas GENDER EQUALITY. SPORTS Sports events have a significant economic impact through revenue generation and job creation ECONOMIC IMPACT. SPORTS Sports serve as a platform for athletes to advocate for social justice and inspire change SOCIAL JUSTICE. SPORTS Sports activities contribute to the growth and economic significance of the sports industry SPORTS INDUSTRY. SPORTS Sports events have a significant economic impact through revenue generation and job creation ECONOMIC IMPACT. SPORTS Sports activities contribute to the growth and economic significance of the sports industry SPORTS INDUSTRY. SPORTS Sports serve as a platform for athletes to advocate for social justice and inspire change SOCIAL JUSTICE. OLYMPICS The Olympics exemplify the role of sports in creating shared experiences and traditions, and in promoting a sense of belonging and pride among fans SPORTS. SPORTS Sports have been a platform for promoting gender equality by including women in male-dominated areas GENDER EQUALITY. SPORTS Sports events have a significant economic impact through revenue generation and job creation ECONOMIC IMPACT. SPORTS Sports activities contribute to the growth and economic significance of the sports industry SPORTS INDUSTRY. SPORTS Sports serve as a platform for athletes to advocate for social justice and inspire change SOCIAL JUSTICE. OLYMPICS The Olympics exemplify the role of sports in creating shared experiences and traditions, and in promoting a sense of belonging and pride among fans SPORTS. WORLD CUP Both the World Cup and the Olympics are international sporting events that create shared experiences and traditions among people worldwide OLYMPICS. SPORTS Sports have been a platform for promoting gender equality by including women in male-dominated areas GENDER EQUALITY. WORLD CUP The World Cup is an example of how sports can unite people from different backgrounds and beliefs in a common passion SPORTS.",
    "evaluation": 1
  },
  {
    "correct_answer": "Sports promote values like teamwork and fair play.",
    "retrieved_context": "SPORTS Sports have been a platform for promoting gender equality by including women in male-dominated areas GENDER EQUALITY. SPORTS Sports events have a significant economic impact through revenue generation and job creation ECONOMIC IMPACT. SPORTS Sports serve as a platform for athletes to advocate for social justice and inspire change SOCIAL JUSTICE. SPORTS Sports activities contribute to the growth and economic significance of the sports industry SPORTS INDUSTRY. SPORTS Sports events have a significant economic impact through revenue generation and job creation ECONOMIC IMPACT. SPORTS Sports activities contribute to the growth and economic significance of the sports industry SPORTS INDUSTRY. SPORTS Sports serve as a platform for athletes to advocate for social justice and inspire change SOCIAL JUSTICE. OLYMPICS The Olympics exemplify the role of sports in creating shared experiences and traditions, and in promoting a sense of belonging and pride among fans SPORTS. SPORTS Sports have been a platform for promoting gender equality by including women in male-dominated areas GENDER EQUALITY. SPORTS Sports events have a significant economic impact through revenue generation and job creation ECONOMIC IMPACT. SPORTS Sports activities contribute to the growth and economic significance of the sports industry SPORTS INDUSTRY. SPORTS Sports serve as a platform for athletes to advocate for social justice and inspire change SOCIAL JUSTICE. OLYMPICS The Olympics exemplify the role of sports in creating shared experiences and traditions, and in promoting a sense of belonging and pride among fans SPORTS. WORLD CUP Both the World Cup and the Olympics are international sporting events that create shared experiences and traditions among people worldwide OLYMPICS. SPORTS Sports have been a platform for promoting gender equality by including women in male-dominated areas GENDER EQUALITY. WORLD CUP The World Cup is an example of how sports can unite people from different backgrounds and beliefs in a common passion SPORTS.",
    "evaluation": 0
  },
  {
    "correct_answer": "Sports create shared experiences and traditions.",
    "retrieved_context": "SPORTS Sports have been a platform for promoting gender equality by including women in male-dominated areas GENDER EQUALITY. SPORTS Sports events have a significant economic impact through revenue generation and job creation ECONOMIC IMPACT. SPORTS Sports serve as a platform for athletes to advocate for social justice and inspire change SOCIAL JUSTICE. SPORTS Sports activities contribute to the growth and economic significance of the sports industry SPORTS INDUSTRY. SPORTS Sports events have a significant economic impact through revenue generation and job creation ECONOMIC IMPACT. SPORTS Sports activities contribute to the growth and economic significance of the sports industry SPORTS INDUSTRY. SPORTS Sports serve as a platform for athletes to advocate for social justice and inspire change SOCIAL JUSTICE. OLYMPICS The Olympics exemplify the role of sports in creating shared experiences and traditions, and in promoting a sense of belonging and pride among fans SPORTS. SPORTS Sports have been a platform for promoting gender equality by including women in male-dominated areas GENDER EQUALITY. SPORTS Sports events have a significant economic impact through revenue generation and job creation ECONOMIC IMPACT. SPORTS Sports activities contribute to the growth and economic significance of the sports industry SPORTS INDUSTRY. SPORTS Sports serve as a platform for athletes to advocate for social justice and inspire change SOCIAL JUSTICE. OLYMPICS The Olympics exemplify the role of sports in creating shared experiences and traditions, and in promoting a sense of belonging and pride among fans SPORTS. WORLD CUP Both the World Cup and the Olympics are international sporting events that create shared experiences and traditions among people worldwide OLYMPICS. SPORTS Sports have been a platform for promoting gender equality by including women in male-dominated areas GENDER EQUALITY. WORLD CUP The World Cup is an example of how sports can unite people from different backgrounds and beliefs in a common passion SPORTS.",
    "evaluation": 1
  },
  {
    "correct_answer": "Sporting events unite people from different backgrounds.",
    "retrieved_context": "SPORTS Sports have been a platform for promoting gender equality by including women in male-dominated areas GENDER EQUALITY. SPORTS Sports events have a significant economic impact through revenue generation and job creation ECONOMIC IMPACT. SPORTS Sports serve as a platform for athletes to advocate for social justice and inspire change SOCIAL JUSTICE. SPORTS Sports activities contribute to the growth and economic significance of the sports industry SPORTS INDUSTRY. SPORTS Sports events have a significant economic impact through revenue generation and job creation ECONOMIC IMPACT. SPORTS Sports activities contribute to the growth and economic significance of the sports industry SPORTS INDUSTRY. SPORTS Sports serve as a platform for athletes to advocate for social justice and inspire change SOCIAL JUSTICE. OLYMPICS The Olympics exemplify the role of sports in creating shared experiences and traditions, and in promoting a sense of belonging and pride among fans SPORTS. SPORTS Sports have been a platform for promoting gender equality by including women in male-dominated areas GENDER EQUALITY. SPORTS Sports events have a significant economic impact through revenue generation and job creation ECONOMIC IMPACT. SPORTS Sports activities contribute to the growth and economic significance of the sports industry SPORTS INDUSTRY. SPORTS Sports serve as a platform for athletes to advocate for social justice and inspire change SOCIAL JUSTICE. OLYMPICS The Olympics exemplify the role of sports in creating shared experiences and traditions, and in promoting a sense of belonging and pride among fans SPORTS. WORLD CUP Both the World Cup and the Olympics are international sporting events that create shared experiences and traditions among people worldwide OLYMPICS. SPORTS Sports have been a platform for promoting gender equality by including women in male-dominated areas GENDER EQUALITY. WORLD CUP The World Cup is an example of how sports can unite people from different backgrounds and beliefs in a common passion SPORTS.",
    "evaluation": 1
  },
  {
    "correct_answer": "The World Cup and Olympics bring millions of people together.",
    "retrieved_context": "SPORTS Sports events have a significant economic impact through revenue generation and job creation ECONOMIC IMPACT. SPORTS Sports activities contribute to the growth and economic significance of the sports industry SPORTS INDUSTRY. SPORTS Sports serve as a platform for athletes to advocate for social justice and inspire change SOCIAL JUSTICE. OLYMPICS The Olympics exemplify the role of sports in creating shared experiences and traditions, and in promoting a sense of belonging and pride among fans SPORTS. SPORTS Sports have been a platform for promoting gender equality by including women in male-dominated areas GENDER EQUALITY. SPORTS Sports events have a significant economic impact through revenue generation and job creation ECONOMIC IMPACT. SPORTS Sports activities contribute to the growth and economic significance of the sports industry SPORTS INDUSTRY. SPORTS Sports serve as a platform for athletes to advocate for social justice and inspire change SOCIAL JUSTICE. OLYMPICS The Olympics exemplify the role of sports in creating shared experiences and traditions, and in promoting a sense of belonging and pride among fans SPORTS. WORLD CUP Both the World Cup and the Olympics are international sporting events that create shared experiences and traditions among people worldwide OLYMPICS. SPORTS Sports have been a platform for promoting gender equality by including women in male-dominated areas GENDER EQUALITY. WORLD CUP The World Cup is an example of how sports can unite people from different backgrounds and beliefs in a common passion SPORTS. SPORTS Sports have been a platform for promoting gender equality by including women in male-dominated areas GENDER EQUALITY. SPORTS Sports events have a significant economic impact through revenue generation and job creation ECONOMIC IMPACT. SPORTS Sports serve as a platform for athletes to advocate for social justice and inspire change SOCIAL JUSTICE. SPORTS Sports activities contribute to the growth and economic significance of the sports industry SPORTS INDUSTRY.",
    "evaluation": 1
  },
  {
    "correct_answer": "Sports promote important life skills like teamwork.",
    "retrieved_context": "SPORTS Sports have been a platform for promoting gender equality by including women in male-dominated areas GENDER EQUALITY. SPORTS Sports events have a significant economic impact through revenue generation and job creation ECONOMIC IMPACT. SPORTS Sports serve as a platform for athletes to advocate for social justice and inspire change SOCIAL JUSTICE. SPORTS Sports activities contribute to the growth and economic significance of the sports industry SPORTS INDUSTRY. SPORTS Sports events have a significant economic impact through revenue generation and job creation ECONOMIC IMPACT. SPORTS Sports activities contribute to the growth and economic significance of the sports industry SPORTS INDUSTRY. SPORTS Sports serve as a platform for athletes to advocate for social justice and inspire change SOCIAL JUSTICE. OLYMPICS The Olympics exemplify the role of sports in creating shared experiences and traditions, and in promoting a sense of belonging and pride among fans SPORTS. SPORTS Sports have been a platform for promoting gender equality by including women in male-dominated areas GENDER EQUALITY. SPORTS Sports events have a significant economic impact through revenue generation and job creation ECONOMIC IMPACT. SPORTS Sports activities contribute to the growth and economic significance of the sports industry SPORTS INDUSTRY. SPORTS Sports serve as a platform for athletes to advocate for social justice and inspire change SOCIAL JUSTICE. OLYMPICS The Olympics exemplify the role of sports in creating shared experiences and traditions, and in promoting a sense of belonging and pride among fans SPORTS. WORLD CUP Both the World Cup and the Olympics are international sporting events that create shared experiences and traditions among people worldwide OLYMPICS. SPORTS Sports have been a platform for promoting gender equality by including women in male-dominated areas GENDER EQUALITY. WORLD CUP The World Cup is an example of how sports can unite people from different backgrounds and beliefs in a common passion SPORTS.",
    "evaluation": 0
  },
  {
    "correct_answer": "Athletes learn perseverance and resilience through sports.",
    "retrieved_context": "SPORTS Sports have been a platform for promoting gender equality by including women in male-dominated areas GENDER EQUALITY. SPORTS Sports events have a significant economic impact through revenue generation and job creation ECONOMIC IMPACT. SPORTS Sports serve as a platform for athletes to advocate for social justice and inspire change SOCIAL JUSTICE. SPORTS Sports activities contribute to the growth and economic significance of the sports industry SPORTS INDUSTRY. SPORTS Sports events have a significant economic impact through revenue generation and job creation ECONOMIC IMPACT. SPORTS Sports activities contribute to the growth and economic significance of the sports industry SPORTS INDUSTRY. SPORTS Sports serve as a platform for athletes to advocate for social justice and inspire change SOCIAL JUSTICE. OLYMPICS The Olympics exemplify the role of sports in creating shared experiences and traditions, and in promoting a sense of belonging and pride among fans SPORTS. SPORTS Sports have been a platform for promoting gender equality by including women in male-dominated areas GENDER EQUALITY. SPORTS Sports events have a significant economic impact through revenue generation and job creation ECONOMIC IMPACT. SPORTS Sports activities contribute to the growth and economic significance of the sports industry SPORTS INDUSTRY. SPORTS Sports serve as a platform for athletes to advocate for social justice and inspire change SOCIAL JUSTICE. OLYMPICS The Olympics exemplify the role of sports in creating shared experiences and traditions, and in promoting a sense of belonging and pride among fans SPORTS. WORLD CUP Both the World Cup and the Olympics are international sporting events that create shared experiences and traditions among people worldwide OLYMPICS. SPORTS Sports have been a platform for promoting gender equality by including women in male-dominated areas GENDER EQUALITY. WORLD CUP The World Cup is an example of how sports can unite people from different backgrounds and beliefs in a common passion SPORTS.",
    "evaluation": 0
  },
  {
    "correct_answer": "Sports help individuals handle challenges in life.",
    "retrieved_context": "SPORTS Sports have been a platform for promoting gender equality by including women in male-dominated areas GENDER EQUALITY. SPORTS Sports events have a significant economic impact through revenue generation and job creation ECONOMIC IMPACT. SPORTS Sports serve as a platform for athletes to advocate for social justice and inspire change SOCIAL JUSTICE. SPORTS Sports activities contribute to the growth and economic significance of the sports industry SPORTS INDUSTRY. SPORTS Sports events have a significant economic impact through revenue generation and job creation ECONOMIC IMPACT. SPORTS Sports activities contribute to the growth and economic significance of the sports industry SPORTS INDUSTRY. SPORTS Sports serve as a platform for athletes to advocate for social justice and inspire change SOCIAL JUSTICE. OLYMPICS The Olympics exemplify the role of sports in creating shared experiences and traditions, and in promoting a sense of belonging and pride among fans SPORTS. SPORTS Sports have been a platform for promoting gender equality by including women in male-dominated areas GENDER EQUALITY. SPORTS Sports events have a significant economic impact through revenue generation and job creation ECONOMIC IMPACT. SPORTS Sports activities contribute to the growth and economic significance of the sports industry SPORTS INDUSTRY. SPORTS Sports serve as a platform for athletes to advocate for social justice and inspire change SOCIAL JUSTICE. OLYMPICS The Olympics exemplify the role of sports in creating shared experiences and traditions, and in promoting a sense of belonging and pride among fans SPORTS. WORLD CUP Both the World Cup and the Olympics are international sporting events that create shared experiences and traditions among people worldwide OLYMPICS. SPORTS Sports have been a platform for promoting gender equality by including women in male-dominated areas GENDER EQUALITY. WORLD CUP The World Cup is an example of how sports can unite people from different backgrounds and beliefs in a common passion SPORTS.",
    "evaluation": 0
  },
  {
    "correct_answer": "Sports promote social change and break down barriers.",
    "retrieved_context": "SPORTS Sports have been a platform for promoting gender equality by including women in male-dominated areas GENDER EQUALITY. SPORTS Sports events have a significant economic impact through revenue generation and job creation ECONOMIC IMPACT. SPORTS Sports serve as a platform for athletes to advocate for social justice and inspire change SOCIAL JUSTICE. SPORTS Sports activities contribute to the growth and economic significance of the sports industry SPORTS INDUSTRY. SPORTS Sports events have a significant economic impact through revenue generation and job creation ECONOMIC IMPACT. SPORTS Sports activities contribute to the growth and economic significance of the sports industry SPORTS INDUSTRY. SPORTS Sports serve as a platform for athletes to advocate for social justice and inspire change SOCIAL JUSTICE. OLYMPICS The Olympics exemplify the role of sports in creating shared experiences and traditions, and in promoting a sense of belonging and pride among fans SPORTS. SPORTS Sports have been a platform for promoting gender equality by including women in male-dominated areas GENDER EQUALITY. SPORTS Sports events have a significant economic impact through revenue generation and job creation ECONOMIC IMPACT. SPORTS Sports activities contribute to the growth and economic significance of the sports industry SPORTS INDUSTRY. SPORTS Sports serve as a platform for athletes to advocate for social justice and inspire change SOCIAL JUSTICE. OLYMPICS The Olympics exemplify the role of sports in creating shared experiences and traditions, and in promoting a sense of belonging and pride among fans SPORTS. WORLD CUP Both the World Cup and the Olympics are international sporting events that create shared experiences and traditions among people worldwide OLYMPICS. SPORTS Sports have been a platform for promoting gender equality by including women in male-dominated areas GENDER EQUALITY. WORLD CUP The World Cup is an example of how sports can unite people from different backgrounds and beliefs in a common passion SPORTS.",
    "evaluation": 1
  },
  {
    "correct_answer": "Sports challenge stereotypes and promote gender equality.",
    "retrieved_context": "SPORTS Sports have been a platform for promoting gender equality by including women in male-dominated areas GENDER EQUALITY. SPORTS Sports events have a significant economic impact through revenue generation and job creation ECONOMIC IMPACT. SPORTS Sports serve as a platform for athletes to advocate for social justice and inspire change SOCIAL JUSTICE. SPORTS Sports activities contribute to the growth and economic significance of the sports industry SPORTS INDUSTRY. SPORTS Sports events have a significant economic impact through revenue generation and job creation ECONOMIC IMPACT. SPORTS Sports activities contribute to the growth and economic significance of the sports industry SPORTS INDUSTRY. SPORTS Sports serve as a platform for athletes to advocate for social justice and inspire change SOCIAL JUSTICE. OLYMPICS The Olympics exemplify the role of sports in creating shared experiences and traditions, and in promoting a sense of belonging and pride among fans SPORTS. SPORTS Sports have been a platform for promoting gender equality by including women in male-dominated areas GENDER EQUALITY. SPORTS Sports events have a significant economic impact through revenue generation and job creation ECONOMIC IMPACT. SPORTS Sports activities contribute to the growth and economic significance of the sports industry SPORTS INDUSTRY. SPORTS Sports serve as a platform for athletes to advocate for social justice and inspire change SOCIAL JUSTICE. OLYMPICS The Olympics exemplify the role of sports in creating shared experiences and traditions, and in promoting a sense of belonging and pride among fans SPORTS. WORLD CUP Both the World Cup and the Olympics are international sporting events that create shared experiences and traditions among people worldwide OLYMPICS. SPORTS Sports have been a platform for promoting gender equality by including women in male-dominated areas GENDER EQUALITY. WORLD CUP The World Cup is an example of how sports can unite people from different backgrounds and beliefs in a common passion SPORTS.",
    "evaluation": 1
  },
  {
    "correct_answer": "Sports have a significant economic impact.",
    "retrieved_context": "SPORTS Sports have been a platform for promoting gender equality by including women in male-dominated areas GENDER EQUALITY. SPORTS Sports events have a significant economic impact through revenue generation and job creation ECONOMIC IMPACT. SPORTS Sports serve as a platform for athletes to advocate for social justice and inspire change SOCIAL JUSTICE. SPORTS Sports activities contribute to the growth and economic significance of the sports industry SPORTS INDUSTRY. SPORTS Sports events have a significant economic impact through revenue generation and job creation ECONOMIC IMPACT. SPORTS Sports activities contribute to the growth and economic significance of the sports industry SPORTS INDUSTRY. SPORTS Sports serve as a platform for athletes to advocate for social justice and inspire change SOCIAL JUSTICE. OLYMPICS The Olympics exemplify the role of sports in creating shared experiences and traditions, and in promoting a sense of belonging and pride among fans SPORTS. SPORTS Sports have been a platform for promoting gender equality by including women in male-dominated areas GENDER EQUALITY. SPORTS Sports events have a significant economic impact through revenue generation and job creation ECONOMIC IMPACT. SPORTS Sports activities contribute to the growth and economic significance of the sports industry SPORTS INDUSTRY. SPORTS Sports serve as a platform for athletes to advocate for social justice and inspire change SOCIAL JUSTICE. OLYMPICS The Olympics exemplify the role of sports in creating shared experiences and traditions, and in promoting a sense of belonging and pride among fans SPORTS. WORLD CUP Both the World Cup and the Olympics are international sporting events that create shared experiences and traditions among people worldwide OLYMPICS. SPORTS Sports have been a platform for promoting gender equality by including women in male-dominated areas GENDER EQUALITY. WORLD CUP The World Cup is an example of how sports can unite people from different backgrounds and beliefs in a common passion SPORTS.",
    "evaluation": 1
  },
  {
    "correct_answer": "Major sporting events generate revenue for host cities.",
    "retrieved_context": "SPORTS Sports have been a platform for promoting gender equality by including women in male-dominated areas GENDER EQUALITY. SPORTS Sports events have a significant economic impact through revenue generation and job creation ECONOMIC IMPACT. SPORTS Sports serve as a platform for athletes to advocate for social justice and inspire change SOCIAL JUSTICE. SPORTS Sports activities contribute to the growth and economic significance of the sports industry SPORTS INDUSTRY. SPORTS Sports events have a significant economic impact through revenue generation and job creation ECONOMIC IMPACT. SPORTS Sports activities contribute to the growth and economic significance of the sports industry SPORTS INDUSTRY. SPORTS Sports serve as a platform for athletes to advocate for social justice and inspire change SOCIAL JUSTICE. OLYMPICS The Olympics exemplify the role of sports in creating shared experiences and traditions, and in promoting a sense of belonging and pride among fans SPORTS. SPORTS Sports have been a platform for promoting gender equality by including women in male-dominated areas GENDER EQUALITY. SPORTS Sports events have a significant economic impact through revenue generation and job creation ECONOMIC IMPACT. SPORTS Sports activities contribute to the growth and economic significance of the sports industry SPORTS INDUSTRY. SPORTS Sports serve as a platform for athletes to advocate for social justice and inspire change SOCIAL JUSTICE. OLYMPICS The Olympics exemplify the role of sports in creating shared experiences and traditions, and in promoting a sense of belonging and pride among fans SPORTS. WORLD CUP Both the World Cup and the Olympics are international sporting events that create shared experiences and traditions among people worldwide OLYMPICS. SPORTS Sports have been a platform for promoting gender equality by including women in male-dominated areas GENDER EQUALITY. WORLD CUP The World Cup is an example of how sports can unite people from different backgrounds and beliefs in a common passion SPORTS.",
    "evaluation": 1
  },
  {
    "correct_answer": "Sports contribute to the global economy.",
    "retrieved_context": "SPORTS Sports have been a platform for promoting gender equality by including women in male-dominated areas GENDER EQUALITY. SPORTS Sports events have a significant economic impact through revenue generation and job creation ECONOMIC IMPACT. SPORTS Sports serve as a platform for athletes to advocate for social justice and inspire change SOCIAL JUSTICE. SPORTS Sports activities contribute to the growth and economic significance of the sports industry SPORTS INDUSTRY. SPORTS Sports events have a significant economic impact through revenue generation and job creation ECONOMIC IMPACT. SPORTS Sports activities contribute to the growth and economic significance of the sports industry SPORTS INDUSTRY. SPORTS Sports serve as a platform for athletes to advocate for social justice and inspire change SOCIAL JUSTICE. OLYMPICS The Olympics exemplify the role of sports in creating shared experiences and traditions, and in promoting a sense of belonging and pride among fans SPORTS. SPORTS Sports have been a platform for promoting gender equality by including women in male-dominated areas GENDER EQUALITY. SPORTS Sports events have a significant economic impact through revenue generation and job creation ECONOMIC IMPACT. SPORTS Sports activities contribute to the growth and economic significance of the sports industry SPORTS INDUSTRY. SPORTS Sports serve as a platform for athletes to advocate for social justice and inspire change SOCIAL JUSTICE. OLYMPICS The Olympics exemplify the role of sports in creating shared experiences and traditions, and in promoting a sense of belonging and pride among fans SPORTS. WORLD CUP Both the World Cup and the Olympics are international sporting events that create shared experiences and traditions among people worldwide OLYMPICS. SPORTS Sports have been a platform for promoting gender equality by including women in male-dominated areas GENDER EQUALITY. WORLD CUP The World Cup is an example of how sports can unite people from different backgrounds and beliefs in a common passion SPORTS.",
    "evaluation": 1
  },
  {
    "accuracy": "73.33%"
  }
]