[
  {
    "correct_answer": "Tornadoes are powerful and destructive natural phenomena on Earth.",
    "retrieved_context": "TORNADOES Dry lines can serve as a focal point for lifting air, leading to severe thunderstorms and potentially tornadoes DRY LINE. TORNADOES Tornadoes form within severe thunderstorms when atmospheric conditions like wind shear and instability are present SEVERE THUNDERSTORMS. TORNADOES Cold fronts can act as a trigger mechanism for the development of tornadoes COLD FRONT. TORNADOES A mesocyclone within a severe thunderstorm can tighten and intensify, leading to tornado formation MESOCYCLONE. TORNADOES Outflow boundaries can trigger the lifting of air, leading to the development of severe thunderstorms and tornadoes OUTFLOW BOUNDARY. TORNADOES Understanding tornadoes is crucial for improving preparedness and resilience against these natural disasters PREPAREDNESS AND RESILIENCE. ENHANCED FUJITA SCALE EF5 tornadoes are classified as the strongest tornadoes on the Enhanced Fujita Scale, indicating catastrophic destruction. EF5 TORNADO. TORNADO Doppler radar is used to detect rotation within thunderstorms, which is crucial for issuing timely tornado warnings. DOPPLER RADAR. TORNADO Ground observations contribute to understanding atmospheric conditions at the surface level, which is essential for predicting tornado formation. GROUND OBSERVATIONS. TORNADO Tornadoes are classified by their intensity using the Enhanced Fujita Scale, which assesses their estimated wind speeds and resulting damage. ENHANCED FUJITA SCALE. TORNADO Satellite imagery is used to observe weather patterns and the development of thunderstorms that may result in tornadoes. SATELLITE IMAGERY. TORNADO Weather radar is crucial for monitoring atmospheric conditions that can lead to the development of tornadoes. WEATHER RADAR. ENHANCED FUJITA SCALE EF0 tornadoes are classified as the weakest tornadoes on the Enhanced Fujita Scale, indicating minor damage. EF0 TORNADO. WIND SHEAR Wind shear creates the mesocyclone within a thunderstorm, which can produce a tornado MESOCYCLONE. INSTABILITY Instability in the atmosphere leads to the formation of cumulonimbus clouds, the breeding grounds for tornadoes CUMULONIMBUS CLOUDS. CUMULONIMBUS CLOUDS Cumulonimbus clouds, formed from atmospheric instability, are associated with severe thunderstorms that can produce tornadoes SEVERE THUNDERSTORMS.",
    "evaluation": 0
  },
  {
    "correct_answer": "Tornadoes can cause immense damage to buildings, trees, and anything in their path.",
    "retrieved_context": "TORNADOES Dry lines can serve as a focal point for lifting air, leading to severe thunderstorms and potentially tornadoes DRY LINE. TORNADOES Tornadoes form within severe thunderstorms when atmospheric conditions like wind shear and instability are present SEVERE THUNDERSTORMS. TORNADOES Cold fronts can act as a trigger mechanism for the development of tornadoes COLD FRONT. TORNADOES A mesocyclone within a severe thunderstorm can tighten and intensify, leading to tornado formation MESOCYCLONE. TORNADOES Outflow boundaries can trigger the lifting of air, leading to the development of severe thunderstorms and tornadoes OUTFLOW BOUNDARY. TORNADOES Understanding tornadoes is crucial for improving preparedness and resilience against these natural disasters PREPAREDNESS AND RESILIENCE. ENHANCED FUJITA SCALE EF5 tornadoes are classified as the strongest tornadoes on the Enhanced Fujita Scale, indicating catastrophic destruction. EF5 TORNADO. TORNADO Doppler radar is used to detect rotation within thunderstorms, which is crucial for issuing timely tornado warnings. DOPPLER RADAR. TORNADO Ground observations contribute to understanding atmospheric conditions at the surface level, which is essential for predicting tornado formation. GROUND OBSERVATIONS. TORNADO Tornadoes are classified by their intensity using the Enhanced Fujita Scale, which assesses their estimated wind speeds and resulting damage. ENHANCED FUJITA SCALE. TORNADO Satellite imagery is used to observe weather patterns and the development of thunderstorms that may result in tornadoes. SATELLITE IMAGERY. TORNADO Weather radar is crucial for monitoring atmospheric conditions that can lead to the development of tornadoes. WEATHER RADAR. ENHANCED FUJITA SCALE EF0 tornadoes are classified as the weakest tornadoes on the Enhanced Fujita Scale, indicating minor damage. EF0 TORNADO. WIND SHEAR Wind shear creates the mesocyclone within a thunderstorm, which can produce a tornado MESOCYCLONE. INSTABILITY Instability in the atmosphere leads to the formation of cumulonimbus clouds, the breeding grounds for tornadoes CUMULONIMBUS CLOUDS. CUMULONIMBUS CLOUDS Cumulonimbus clouds, formed from atmospheric instability, are associated with severe thunderstorms that can produce tornadoes SEVERE THUNDERSTORMS.",
    "evaluation": 0
  },
  {
    "correct_answer": "Tornadoes form in severe thunderstorms when specific atmospheric conditions are present.",
    "retrieved_context": "TORNADOES Dry lines can serve as a focal point for lifting air, leading to severe thunderstorms and potentially tornadoes DRY LINE. TORNADOES Tornadoes form within severe thunderstorms when atmospheric conditions like wind shear and instability are present SEVERE THUNDERSTORMS. TORNADOES Cold fronts can act as a trigger mechanism for the development of tornadoes COLD FRONT. TORNADOES A mesocyclone within a severe thunderstorm can tighten and intensify, leading to tornado formation MESOCYCLONE. TORNADOES Outflow boundaries can trigger the lifting of air, leading to the development of severe thunderstorms and tornadoes OUTFLOW BOUNDARY. TORNADOES Understanding tornadoes is crucial for improving preparedness and resilience against these natural disasters PREPAREDNESS AND RESILIENCE. ENHANCED FUJITA SCALE EF5 tornadoes are classified as the strongest tornadoes on the Enhanced Fujita Scale, indicating catastrophic destruction. EF5 TORNADO. TORNADO Doppler radar is used to detect rotation within thunderstorms, which is crucial for issuing timely tornado warnings. DOPPLER RADAR. TORNADO Ground observations contribute to understanding atmospheric conditions at the surface level, which is essential for predicting tornado formation. GROUND OBSERVATIONS. TORNADO Tornadoes are classified by their intensity using the Enhanced Fujita Scale, which assesses their estimated wind speeds and resulting damage. ENHANCED FUJITA SCALE. TORNADO Satellite imagery is used to observe weather patterns and the development of thunderstorms that may result in tornadoes. SATELLITE IMAGERY. TORNADO Weather radar is crucial for monitoring atmospheric conditions that can lead to the development of tornadoes. WEATHER RADAR. ENHANCED FUJITA SCALE EF0 tornadoes are classified as the weakest tornadoes on the Enhanced Fujita Scale, indicating minor damage. EF0 TORNADO. WIND SHEAR Wind shear creates the mesocyclone within a thunderstorm, which can produce a tornado MESOCYCLONE. CUMULONIMBUS CLOUDS Cumulonimbus clouds, formed from atmospheric instability, are associated with severe thunderstorms that can produce tornadoes SEVERE THUNDERSTORMS.",
    "evaluation": 1
  },
  {
    "correct_answer": "Wind shear is a key ingredient for tornado formation.",
    "retrieved_context": "WIND SHEAR Wind shear creates the mesocyclone within a thunderstorm, which can produce a tornado MESOCYCLONE. TORNADOES Dry lines can serve as a focal point for lifting air, leading to severe thunderstorms and potentially tornadoes DRY LINE. TORNADOES Tornadoes form within severe thunderstorms when atmospheric conditions like wind shear and instability are present SEVERE THUNDERSTORMS. TORNADOES Cold fronts can act as a trigger mechanism for the development of tornadoes COLD FRONT. TORNADOES A mesocyclone within a severe thunderstorm can tighten and intensify, leading to tornado formation MESOCYCLONE. TORNADOES Outflow boundaries can trigger the lifting of air, leading to the development of severe thunderstorms and tornadoes OUTFLOW BOUNDARY. TORNADOES Understanding tornadoes is crucial for improving preparedness and resilience against these natural disasters PREPAREDNESS AND RESILIENCE. ENHANCED FUJITA SCALE EF5 tornadoes are classified as the strongest tornadoes on the Enhanced Fujita Scale, indicating catastrophic destruction. EF5 TORNADO. TORNADO Doppler radar is used to detect rotation within thunderstorms, which is crucial for issuing timely tornado warnings. DOPPLER RADAR. TORNADO Ground observations contribute to understanding atmospheric conditions at the surface level, which is essential for predicting tornado formation. GROUND OBSERVATIONS. TORNADO Tornadoes are classified by their intensity using the Enhanced Fujita Scale, which assesses their estimated wind speeds and resulting damage. ENHANCED FUJITA SCALE. TORNADO Satellite imagery is used to observe weather patterns and the development of thunderstorms that may result in tornadoes. SATELLITE IMAGERY. TORNADO Weather radar is crucial for monitoring atmospheric conditions that can lead to the development of tornadoes. WEATHER RADAR. ENHANCED FUJITA SCALE EF0 tornadoes are classified as the weakest tornadoes on the Enhanced Fujita Scale, indicating minor damage. EF0 TORNADO. INSTABILITY Instability in the atmosphere leads to the formation of cumulonimbus clouds, the breeding grounds for tornadoes CUMULONIMBUS CLOUDS. CUMULONIMBUS CLOUDS Cumulonimbus clouds, formed from atmospheric instability, are associated with severe thunderstorms that can produce tornadoes SEVERE THUNDERSTORMS.",
    "evaluation": 1
  },
  {
    "correct_answer": "Wind shear creates a rotating column of air known as a mesocyclone within a thunderstorm.",
    "retrieved_context": "WIND SHEAR Wind shear creates the mesocyclone within a thunderstorm, which can produce a tornado MESOCYCLONE. TORNADOES Dry lines can serve as a focal point for lifting air, leading to severe thunderstorms and potentially tornadoes DRY LINE. TORNADOES Tornadoes form within severe thunderstorms when atmospheric conditions like wind shear and instability are present SEVERE THUNDERSTORMS. TORNADOES Cold fronts can act as a trigger mechanism for the development of tornadoes COLD FRONT. TORNADOES A mesocyclone within a severe thunderstorm can tighten and intensify, leading to tornado formation MESOCYCLONE. TORNADOES Outflow boundaries can trigger the lifting of air, leading to the development of severe thunderstorms and tornadoes OUTFLOW BOUNDARY. TORNADOES Understanding tornadoes is crucial for improving preparedness and resilience against these natural disasters PREPAREDNESS AND RESILIENCE. ENHANCED FUJITA SCALE EF5 tornadoes are classified as the strongest tornadoes on the Enhanced Fujita Scale, indicating catastrophic destruction. EF5 TORNADO. TORNADO Doppler radar is used to detect rotation within thunderstorms, which is crucial for issuing timely tornado warnings. DOPPLER RADAR. TORNADO Ground observations contribute to understanding atmospheric conditions at the surface level, which is essential for predicting tornado formation. GROUND OBSERVATIONS. TORNADO Tornadoes are classified by their intensity using the Enhanced Fujita Scale, which assesses their estimated wind speeds and resulting damage. ENHANCED FUJITA SCALE. TORNADO Satellite imagery is used to observe weather patterns and the development of thunderstorms that may result in tornadoes. SATELLITE IMAGERY. TORNADO Weather radar is crucial for monitoring atmospheric conditions that can lead to the development of tornadoes. WEATHER RADAR. ENHANCED FUJITA SCALE EF0 tornadoes are classified as the weakest tornadoes on the Enhanced Fujita Scale, indicating minor damage. EF0 TORNADO.",
    "evaluation": 1
  },
  {
    "correct_answer": "Instability in the atmosphere is another important factor in tornado formation.",
    "retrieved_context": "TORNADOES Dry lines can serve as a focal point for lifting air, leading to severe thunderstorms and potentially tornadoes DRY LINE. TORNADOES Tornadoes form within severe thunderstorms when atmospheric conditions like wind shear and instability are present SEVERE THUNDERSTORMS. TORNADOES Cold fronts can act as a trigger mechanism for the development of tornadoes COLD FRONT. TORNADOES A mesocyclone within a severe thunderstorm can tighten and intensify, leading to tornado formation MESOCYCLONE. TORNADOES Outflow boundaries can trigger the lifting of air, leading to the development of severe thunderstorms and tornadoes OUTFLOW BOUNDARY. TORNADOES Understanding tornadoes is crucial for improving preparedness and resilience against these natural disasters PREPAREDNESS AND RESILIENCE. ENHANCED FUJITA SCALE EF5 tornadoes are classified as the strongest tornadoes on the Enhanced Fujita Scale, indicating catastrophic destruction. EF5 TORNADO. TORNADO Doppler radar is used to detect rotation within thunderstorms, which is crucial for issuing timely tornado warnings. DOPPLER RADAR. TORNADO Ground observations contribute to understanding atmospheric conditions at the surface level, which is essential for predicting tornado formation. GROUND OBSERVATIONS. TORNADO Tornadoes are classified by their intensity using the Enhanced Fujita Scale, which assesses their estimated wind speeds and resulting damage. ENHANCED FUJITA SCALE. TORNADO Satellite imagery is used to observe weather patterns and the development of thunderstorms that may result in tornadoes. SATELLITE IMAGERY. TORNADO Weather radar is crucial for monitoring atmospheric conditions that can lead to the development of tornadoes. WEATHER RADAR. ENHANCED FUJITA SCALE EF0 tornadoes are classified as the weakest tornadoes on the Enhanced Fujita Scale, indicating minor damage. EF0 TORNADO. INSTABILITY Instability in the atmosphere leads to the formation of cumulonimbus clouds, the breeding grounds for tornadoes CUMULONIMBUS CLOUDS. CUMULONIMBUS CLOUDS Cumulonimbus clouds, formed from atmospheric instability, are associated with severe thunderstorms that can produce tornadoes SEVERE THUNDERSTORMS. WIND SHEAR Wind shear creates the mesocyclone within a thunderstorm, which can produce a tornado MESOCYCLONE.",
    "evaluation": 1
  },
  {
    "correct_answer": "Instability occurs when warm, moist air near the surface is overlaid by cooler, drier air aloft.",
    "retrieved_context": "INSTABILITY Instability in the atmosphere leads to the formation of cumulonimbus clouds, the breeding grounds for tornadoes CUMULONIMBUS CLOUDS. CUMULONIMBUS CLOUDS Cumulonimbus clouds, formed from atmospheric instability, are associated with severe thunderstorms that can produce tornadoes SEVERE THUNDERSTORMS. WIND SHEAR Wind shear creates the mesocyclone within a thunderstorm, which can produce a tornado MESOCYCLONE. ENHANCED FUJITA SCALE EF5 tornadoes are classified as the strongest tornadoes on the Enhanced Fujita Scale, indicating catastrophic destruction. EF5 TORNADO. TORNADO Doppler radar is used to detect rotation within thunderstorms, which is crucial for issuing timely tornado warnings. DOPPLER RADAR. TORNADO Ground observations contribute to understanding atmospheric conditions at the surface level, which is essential for predicting tornado formation. GROUND OBSERVATIONS. TORNADO Tornadoes are classified by their intensity using the Enhanced Fujita Scale, which assesses their estimated wind speeds and resulting damage. ENHANCED FUJITA SCALE. TORNADO Satellite imagery is used to observe weather patterns and the development of thunderstorms that may result in tornadoes. SATELLITE IMAGERY. TORNADO Weather radar is crucial for monitoring atmospheric conditions that can lead to the development of tornadoes. WEATHER RADAR. ENHANCED FUJITA SCALE EF0 tornadoes are classified as the weakest tornadoes on the Enhanced Fujita Scale, indicating minor damage. EF0 TORNADO. TORNADOES Dry lines can serve as a focal point for lifting air, leading to severe thunderstorms and potentially tornadoes DRY LINE. TORNADOES Tornadoes form within severe thunderstorms when atmospheric conditions like wind shear and instability are present SEVERE THUNDERSTORMS. TORNADOES Cold fronts can act as a trigger mechanism for the development of tornadoes COLD FRONT. TORNADOES A mesocyclone within a severe thunderstorm can tighten and intensify, leading to tornado formation MESOCYCLONE. TORNADOES Outflow boundaries can trigger the lifting of air, leading to the development of severe thunderstorms and tornadoes OUTFLOW BOUNDARY. TORNADOES Understanding tornadoes is crucial for improving preparedness and resilience against these natural disasters PREPAREDNESS AND RESILIENCE. CUMULONIMBUS CLOUDS Cumulonimbus clouds, formed from atmospheric instability, are associated with severe thunderstorms that can produce tornadoes SEVERE THUNDERSTORMS.",
    "evaluation": 0
  },
  {
    "correct_answer": "A trigger mechanism, such as a cold front, dry line, or outflow boundary, is needed for tornado formation.",
    "retrieved_context": "TORNADOES Dry lines can serve as a focal point for lifting air, leading to severe thunderstorms and potentially tornadoes DRY LINE. TORNADOES Tornadoes form within severe thunderstorms when atmospheric conditions like wind shear and instability are present SEVERE THUNDERSTORMS. TORNADOES Cold fronts can act as a trigger mechanism for the development of tornadoes COLD FRONT. TORNADOES A mesocyclone within a severe thunderstorm can tighten and intensify, leading to tornado formation MESOCYCLONE. TORNADOES Outflow boundaries can trigger the lifting of air, leading to the development of severe thunderstorms and tornadoes OUTFLOW BOUNDARY. TORNADOES Understanding tornadoes is crucial for improving preparedness and resilience against these natural disasters PREPAREDNESS AND RESILIENCE. ENHANCED FUJITA SCALE EF5 tornadoes are classified as the strongest tornadoes on the Enhanced Fujita Scale, indicating catastrophic destruction. EF5 TORNADO. TORNADO Doppler radar is used to detect rotation within thunderstorms, which is crucial for issuing timely tornado warnings. DOPPLER RADAR. TORNADO Ground observations contribute to understanding atmospheric conditions at the surface level, which is essential for predicting tornado formation. GROUND OBSERVATIONS. TORNADO Tornadoes are classified by their intensity using the Enhanced Fujita Scale, which assesses their estimated wind speeds and resulting damage. ENHANCED FUJITA SCALE. TORNADO Satellite imagery is used to observe weather patterns and the development of thunderstorms that may result in tornadoes. SATELLITE IMAGERY. TORNADO Weather radar is crucial for monitoring atmospheric conditions that can lead to the development of tornadoes. WEATHER RADAR. ENHANCED FUJITA SCALE EF0 tornadoes are classified as the weakest tornadoes on the Enhanced Fujita Scale, indicating minor damage. EF0 TORNADO. WIND SHEAR Wind shear creates the mesocyclone within a thunderstorm, which can produce a tornado MESOCYCLONE.",
    "evaluation": 1
  },
  {
    "correct_answer": "Tornadoes go through stages of development: dust whirl stage, mature stage, and dissipating stage.",
    "retrieved_context": "TORNADOES Dry lines can serve as a focal point for lifting air, leading to severe thunderstorms and potentially tornadoes DRY LINE. TORNADOES Tornadoes form within severe thunderstorms when atmospheric conditions like wind shear and instability are present SEVERE THUNDERSTORMS. TORNADOES Cold fronts can act as a trigger mechanism for the development of tornadoes COLD FRONT. TORNADOES A mesocyclone within a severe thunderstorm can tighten and intensify, leading to tornado formation MESOCYCLONE. TORNADOES Outflow boundaries can trigger the lifting of air, leading to the development of severe thunderstorms and tornadoes OUTFLOW BOUNDARY. TORNADOES Understanding tornadoes is crucial for improving preparedness and resilience against these natural disasters PREPAREDNESS AND RESILIENCE. ENHANCED FUJITA SCALE EF5 tornadoes are classified as the strongest tornadoes on the Enhanced Fujita Scale, indicating catastrophic destruction. EF5 TORNADO. TORNADO Doppler radar is used to detect rotation within thunderstorms, which is crucial for issuing timely tornado warnings. DOPPLER RADAR. TORNADO Ground observations contribute to understanding atmospheric conditions at the surface level, which is essential for predicting tornado formation. GROUND OBSERVATIONS. TORNADO Tornadoes are classified by their intensity using the Enhanced Fujita Scale, which assesses their estimated wind speeds and resulting damage. ENHANCED FUJITA SCALE. TORNADO Satellite imagery is used to observe weather patterns and the development of thunderstorms that may result in tornadoes. SATELLITE IMAGERY. TORNADO Weather radar is crucial for monitoring atmospheric conditions that can lead to the development of tornadoes. WEATHER RADAR. ENHANCED FUJITA SCALE EF0 tornadoes are classified as the weakest tornadoes on the Enhanced Fujita Scale, indicating minor damage. EF0 TORNADO. WIND SHEAR Wind shear creates the mesocyclone within a thunderstorm, which can produce a tornado MESOCYCLONE. INSTABILITY Instability in the atmosphere leads to the formation of cumulonimbus clouds, the breeding grounds for tornadoes CUMULONIMBUS CLOUDS. CUMULONIMBUS CLOUDS Cumulonimbus clouds, formed from atmospheric instability, are associated with severe thunderstorms that can produce tornadoes SEVERE THUNDERSTORMS.",
    "evaluation": 0
  },
  {
    "correct_answer": "Tornadoes are classified using the Enhanced Fujita (EF) scale.",
    "retrieved_context": "ENHANCED FUJITA SCALE EF5 tornadoes are classified as the strongest tornadoes on the Enhanced Fujita Scale, indicating catastrophic destruction. EF5 TORNADO. ENHANCED FUJITA SCALE EF0 tornadoes are classified as the weakest tornadoes on the Enhanced Fujita Scale, indicating minor damage. EF0 TORNADO. TORNADOES Dry lines can serve as a focal point for lifting air, leading to severe thunderstorms and potentially tornadoes DRY LINE. TORNADOES Tornadoes form within severe thunderstorms when atmospheric conditions like wind shear and instability are present SEVERE THUNDERSTORMS. TORNADOES Cold fronts can act as a trigger mechanism for the development of tornadoes COLD FRONT. TORNADOES A mesocyclone within a severe thunderstorm can tighten and intensify, leading to tornado formation MESOCYCLONE. TORNADOES Outflow boundaries can trigger the lifting of air, leading to the development of severe thunderstorms and tornadoes OUTFLOW BOUNDARY. TORNADOES Understanding tornadoes is crucial for improving preparedness and resilience against these natural disasters PREPAREDNESS AND RESILIENCE. ENHANCED FUJITA SCALE EF5 tornadoes are classified as the strongest tornadoes on the Enhanced Fujita Scale, indicating catastrophic destruction. EF5 TORNADO. TORNADO Doppler radar is used to detect rotation within thunderstorms, which is crucial for issuing timely tornado warnings. DOPPLER RADAR. TORNADO Ground observations contribute to understanding atmospheric conditions at the surface level, which is essential for predicting tornado formation. GROUND OBSERVATIONS. TORNADO Tornadoes are classified by their intensity using the Enhanced Fujita Scale, which assesses their estimated wind speeds and resulting damage. ENHANCED FUJITA SCALE. TORNADO Satellite imagery is used to observe weather patterns and the development of thunderstorms that may result in tornadoes. SATELLITE IMAGERY. TORNADO Weather radar is crucial for monitoring atmospheric conditions that can lead to the development of tornadoes. WEATHER RADAR. ENHANCED FUJITA SCALE EF0 tornadoes are classified as the weakest tornadoes on the Enhanced Fujita Scale, indicating minor damage. EF0 TORNADO. WIND SHEAR Wind shear creates the mesocyclone within a thunderstorm, which can produce a tornado MESOCYCLONE.",
    "evaluation": 1
  },
  {
    "correct_answer": "The EF scale ranges from EF0 (weakest) to EF5 (strongest).",
    "retrieved_context": "ENHANCED FUJITA SCALE EF5 tornadoes are classified as the strongest tornadoes on the Enhanced Fujita Scale, indicating catastrophic destruction. EF5 TORNADO. ENHANCED FUJITA SCALE EF0 tornadoes are classified as the weakest tornadoes on the Enhanced Fujita Scale, indicating minor damage. EF0 TORNADO. TORNADOES Dry lines can serve as a focal point for lifting air, leading to severe thunderstorms and potentially tornadoes DRY LINE. TORNADOES Tornadoes form within severe thunderstorms when atmospheric conditions like wind shear and instability are present SEVERE THUNDERSTORMS. TORNADOES Cold fronts can act as a trigger mechanism for the development of tornadoes COLD FRONT. TORNADOES A mesocyclone within a severe thunderstorm can tighten and intensify, leading to tornado formation MESOCYCLONE. TORNADOES Outflow boundaries can trigger the lifting of air, leading to the development of severe thunderstorms and tornadoes OUTFLOW BOUNDARY. TORNADOES Understanding tornadoes is crucial for improving preparedness and resilience against these natural disasters PREPAREDNESS AND RESILIENCE. WIND SHEAR Wind shear creates the mesocyclone within a thunderstorm, which can produce a tornado MESOCYCLONE. ENHANCED FUJITA SCALE EF5 tornadoes are classified as the strongest tornadoes on the Enhanced Fujita Scale, indicating catastrophic destruction. EF5 TORNADO. TORNADO Doppler radar is used to detect rotation within thunderstorms, which is crucial for issuing timely tornado warnings. DOPPLER RADAR. TORNADO Ground observations contribute to understanding atmospheric conditions at the surface level, which is essential for predicting tornado formation. GROUND OBSERVATIONS. TORNADO Tornadoes are classified by their intensity using the Enhanced Fujita Scale, which assesses their estimated wind speeds and resulting damage. ENHANCED FUJITA SCALE. TORNADO Satellite imagery is used to observe weather patterns and the development of thunderstorms that may result in tornadoes. SATELLITE IMAGERY. TORNADO Weather radar is crucial for monitoring atmospheric conditions that can lead to the development of tornadoes. WEATHER RADAR. ENHANCED FUJITA SCALE EF0 tornadoes are classified as the weakest tornadoes on the Enhanced Fujita Scale, indicating minor damage. EF0 TORNADO.",
    "evaluation": 1
  },
  {
    "correct_answer": "Forecasting tornadoes is complex due to their rapid and unpredictable nature.",
    "retrieved_context": "TORNADOES Dry lines can serve as a focal point for lifting air, leading to severe thunderstorms and potentially tornadoes DRY LINE. TORNADOES Tornadoes form within severe thunderstorms when atmospheric conditions like wind shear and instability are present SEVERE THUNDERSTORMS. TORNADOES Cold fronts can act as a trigger mechanism for the development of tornadoes COLD FRONT. TORNADOES A mesocyclone within a severe thunderstorm can tighten and intensify, leading to tornado formation MESOCYCLONE. TORNADOES Outflow boundaries can trigger the lifting of air, leading to the development of severe thunderstorms and tornadoes OUTFLOW BOUNDARY. TORNADOES Understanding tornadoes is crucial for improving preparedness and resilience against these natural disasters PREPAREDNESS AND RESILIENCE. ENHANCED FUJITA SCALE EF5 tornadoes are classified as the strongest tornadoes on the Enhanced Fujita Scale, indicating catastrophic destruction. EF5 TORNADO. TORNADO Doppler radar is used to detect rotation within thunderstorms, which is crucial for issuing timely tornado warnings. DOPPLER RADAR. TORNADO Ground observations contribute to understanding atmospheric conditions at the surface level, which is essential for predicting tornado formation. GROUND OBSERVATIONS. TORNADO Tornadoes are classified by their intensity using the Enhanced Fujita Scale, which assesses their estimated wind speeds and resulting damage. ENHANCED FUJITA SCALE. TORNADO Satellite imagery is used to observe weather patterns and the development of thunderstorms that may result in tornadoes. SATELLITE IMAGERY. TORNADO Weather radar is crucial for monitoring atmospheric conditions that can lead to the development of tornadoes. WEATHER RADAR. ENHANCED FUJITA SCALE EF0 tornadoes are classified as the weakest tornadoes on the Enhanced Fujita Scale, indicating minor damage. EF0 TORNADO. WIND SHEAR Wind shear creates the mesocyclone within a thunderstorm, which can produce a tornado MESOCYCLONE. INSTABILITY Instability in the atmosphere leads to the formation of cumulonimbus clouds, the breeding grounds for tornadoes CUMULONIMBUS CLOUDS. CUMULONIMBUS CLOUDS Cumulonimbus clouds, formed from atmospheric instability, are associated with severe thunderstorms that can produce tornadoes SEVERE THUNDERSTORMS.",
    "evaluation": 0
  },
  {
    "correct_answer": "Meteorologists use weather radar, satellite imagery, and ground observations to monitor atmospheric conditions for tornado development.",
    "retrieved_context": "TORNADOES Dry lines can serve as a focal point for lifting air, leading to severe thunderstorms and potentially tornadoes DRY LINE. TORNADOES Tornadoes form within severe thunderstorms when atmospheric conditions like wind shear and instability are present SEVERE THUNDERSTORMS. TORNADOES Cold fronts can act as a trigger mechanism for the development of tornadoes COLD FRONT. TORNADOES A mesocyclone within a severe thunderstorm can tighten and intensify, leading to tornado formation MESOCYCLONE. TORNADOES Outflow boundaries can trigger the lifting of air, leading to the development of severe thunderstorms and tornadoes OUTFLOW BOUNDARY. TORNADOES Understanding tornadoes is crucial for improving preparedness and resilience against these natural disasters PREPAREDNESS AND RESILIENCE. ENHANCED FUJITA SCALE EF5 tornadoes are classified as the strongest tornadoes on the Enhanced Fujita Scale, indicating catastrophic destruction. EF5 TORNADO. TORNADO Doppler radar is used to detect rotation within thunderstorms, which is crucial for issuing timely tornado warnings. DOPPLER RADAR. TORNADO Ground observations contribute to understanding atmospheric conditions at the surface level, which is essential for predicting tornado formation. GROUND OBSERVATIONS. TORNADO Tornadoes are classified by their intensity using the Enhanced Fujita Scale, which assesses their estimated wind speeds and resulting damage. ENHANCED FUJITA SCALE. TORNADO Satellite imagery is used to observe weather patterns and the development of thunderstorms that may result in tornadoes. SATELLITE IMAGERY. TORNADO Weather radar is crucial for monitoring atmospheric conditions that can lead to the development of tornadoes. WEATHER RADAR. ENHANCED FUJITA SCALE EF0 tornadoes are classified as the weakest tornadoes on the Enhanced Fujita Scale, indicating minor damage. EF0 TORNADO.",
    "evaluation": 1
  },
  {
    "correct_answer": "Doppler radar is instrumental in detecting rotation within thunderstorms and issuing tornado warnings.",
    "retrieved_context": "ENHANCED FUJITA SCALE EF5 tornadoes are classified as the strongest tornadoes on the Enhanced Fujita Scale, indicating catastrophic destruction. EF5 TORNADO. TORNADO Doppler radar is used to detect rotation within thunderstorms, which is crucial for issuing timely tornado warnings. DOPPLER RADAR. TORNADO Ground observations contribute to understanding atmospheric conditions at the surface level, which is essential for predicting tornado formation. GROUND OBSERVATIONS. TORNADO Tornadoes are classified by their intensity using the Enhanced Fujita Scale, which assesses their estimated wind speeds and resulting damage. ENHANCED FUJITA SCALE. TORNADO Satellite imagery is used to observe weather patterns and the development of thunderstorms that may result in tornadoes. SATELLITE IMAGERY. TORNADO Weather radar is crucial for monitoring atmospheric conditions that can lead to the development of tornadoes. WEATHER RADAR. ENHANCED FUJITA SCALE EF0 tornadoes are classified as the weakest tornadoes on the Enhanced Fujita Scale, indicating minor damage. EF0 TORNADO. TORNADOES Dry lines can serve as a focal point for lifting air, leading to severe thunderstorms and potentially tornadoes DRY LINE. TORNADOES Tornadoes form within severe thunderstorms when atmospheric conditions like wind shear and instability are present SEVERE THUNDERSTORMS. TORNADOES Cold fronts can act as a trigger mechanism for the development of tornadoes COLD FRONT. TORNADOES A mesocyclone within a severe thunderstorm can tighten and intensify, leading to tornado formation MESOCYCLONE. TORNADOES Outflow boundaries can trigger the lifting of air, leading to the development of severe thunderstorms and tornadoes OUTFLOW BOUNDARY. TORNADOES Understanding tornadoes is crucial for improving preparedness and resilience against these natural disasters PREPAREDNESS AND RESILIENCE. WIND SHEAR Wind shear creates the mesocyclone within a thunderstorm, which can produce a tornado MESOCYCLONE.",
    "evaluation": 1
  },
  {
    "correct_answer": "Despite advances in technology, tornadoes continue to pose a significant threat to communities.",
    "retrieved_context": "TORNADOES Dry lines can serve as a focal point for lifting air, leading to severe thunderstorms and potentially tornadoes DRY LINE. TORNADOES Tornadoes form within severe thunderstorms when atmospheric conditions like wind shear and instability are present SEVERE THUNDERSTORMS. TORNADOES Cold fronts can act as a trigger mechanism for the development of tornadoes COLD FRONT. TORNADOES A mesocyclone within a severe thunderstorm can tighten and intensify, leading to tornado formation MESOCYCLONE. TORNADOES Outflow boundaries can trigger the lifting of air, leading to the development of severe thunderstorms and tornadoes OUTFLOW BOUNDARY. TORNADOES Understanding tornadoes is crucial for improving preparedness and resilience against these natural disasters PREPAREDNESS AND RESILIENCE. ENHANCED FUJITA SCALE EF5 tornadoes are classified as the strongest tornadoes on the Enhanced Fujita Scale, indicating catastrophic destruction. EF5 TORNADO. TORNADO Doppler radar is used to detect rotation within thunderstorms, which is crucial for issuing timely tornado warnings. DOPPLER RADAR. TORNADO Ground observations contribute to understanding atmospheric conditions at the surface level, which is essential for predicting tornado formation. GROUND OBSERVATIONS. TORNADO Tornadoes are classified by their intensity using the Enhanced Fujita Scale, which assesses their estimated wind speeds and resulting damage. ENHANCED FUJITA SCALE. TORNADO Satellite imagery is used to observe weather patterns and the development of thunderstorms that may result in tornadoes. SATELLITE IMAGERY. TORNADO Weather radar is crucial for monitoring atmospheric conditions that can lead to the development of tornadoes. WEATHER RADAR. ENHANCED FUJITA SCALE EF0 tornadoes are classified as the weakest tornadoes on the Enhanced Fujita Scale, indicating minor damage. EF0 TORNADO. WIND SHEAR Wind shear creates the mesocyclone within a thunderstorm, which can produce a tornado MESOCYCLONE. INSTABILITY Instability in the atmosphere leads to the formation of cumulonimbus clouds, the breeding grounds for tornadoes CUMULONIMBUS CLOUDS. CUMULONIMBUS CLOUDS Cumulonimbus clouds, formed from atmospheric instability, are associated with severe thunderstorms that can produce tornadoes SEVERE THUNDERSTORMS.",
    "evaluation": 0
  },
  {
    "accuracy": "60.00%"
  }
]