[
  {
    "correct_answer": "The bicycle is a two-wheeled vehicle propelled by human power.",
    "retrieved_context": "BICYCLE The velocipede represents a significant stage in the bicycle's evolution, improving upon earlier designs like the draisine VELOCIPEDE. CARBON FIBER The Tour de France showcases advanced racing bikes, likely made with carbon fiber, highlighting the material's impact on competitive cycling TOUR DE FRANCE. DRAISINE The velocipede was a major evolution from the draisine, introducing pedals for propulsion VELOCIPEDE. CARBON FIBER Both carbon fiber and electric bikes represent significant advancements in bicycle technology ELECTRIC BIKES. CARBON FIBER The use of carbon fiber in bicycle manufacturing has led to significant advancements in the industry BICYCLE MANUFACTURING. CARBON FIBER Carbon fiber revolutionized the construction of bicycle frames, including safety bicycles, for competitive racing SAFETY BICYCLE. BICYCLE The draisine is considered an early prototype of modern bicycles DRAISINE. BICYCLE Modern bicycles use carbon fiber to enhance their strength and reduce weight, showcasing the evolution in materials used CARBON FIBER. HIGH-WHEEL BICYCLE The safety bicycle was invented as a response to the dangers and impracticalities of the high-wheel bicycle SAFETY BICYCLE. SAFETY BICYCLE Steel became the primary material used in the frames of safety bicycles in the early 1900s STEEL. SAFETY BICYCLE Titanium was used as an alternative material for bicycle frames, including safety bicycles, for improved performance TITANIUM. SAFETY BICYCLE Aluminum emerged as an alternative material for bicycle frames, including safety bicycles, in the mid-20th century ALUMINUM. SAFETY BICYCLE Titanium was used as an alternative material for bicycle frames, including safety bicycles, for improved performance TITANIUM. SAFETY BICYCLE Steel became the primary material used in the frames of safety bicycles in the early 1900s STEEL. SAFETY BICYCLE Aluminum emerged as an alternative material for bicycle frames, including safety bicycles, in the mid-20th century ALUMINUM. ELECTRIC BIKES Cyclists use electric bikes for easier riding and longer distances, expanding the options for different types of riders CYCLISTS. RACING BIKES Racing bikes are a product of the bicycle manufacturing industry, benefiting from technological advancements like carbon fiber BICYCLE MANUFACTURING. RACING BIKES Competitive racers and enthusiasts among cyclists often prefer racing bikes for their speed and agility CYCLISTS. TOUR DE FRANCE Elite cyclists compete in the Tour de France, showcasing their speed, skill, and endurance CYCLISTS.",
    "evaluation": 0
  },
  {
    "correct_answer": "The earliest known prototype of the bicycle was called the 'draisine'.",
    "retrieved_context": "BICYCLE The velocipede represents a significant stage in the bicycle's evolution, improving upon earlier designs like the draisine VELOCIPEDE. CARBON FIBER The Tour de France showcases advanced racing bikes, likely made with carbon fiber, highlighting the material's impact on competitive cycling TOUR DE FRANCE. DRAISINE The velocipede was a major evolution from the draisine, introducing pedals for propulsion VELOCIPEDE. CARBON FIBER Both carbon fiber and electric bikes represent significant advancements in bicycle technology ELECTRIC BIKES. CARBON FIBER The use of carbon fiber in bicycle manufacturing has led to significant advancements in the industry BICYCLE MANUFACTURING. CARBON FIBER Carbon fiber revolutionized the construction of bicycle frames, including safety bicycles, for competitive racing SAFETY BICYCLE. BICYCLE The draisine is considered an early prototype of modern bicycles DRAISINE. BICYCLE Modern bicycles use carbon fiber to enhance their strength and reduce weight, showcasing the evolution in materials used CARBON FIBER. DRAISINE The velocipede was a major evolution from the draisine, introducing pedals for propulsion VELOCIPEDE. SAFETY BICYCLE Titanium was used as an alternative material for bicycle frames, including safety bicycles, for improved performance TITANIUM. SAFETY BICYCLE Steel became the primary material used in the frames of safety bicycles in the early 1900s STEEL. SAFETY BICYCLE Aluminum emerged as an alternative material for bicycle frames, including safety bicycles, in the mid-20th century ALUMINUM. BARON KARL VON DRAIS Baron Karl von Drais invented the draisine, marking a significant step in the evolution of the bicycle DRAISINE. DRAISINE The velocipede was a major evolution from the draisine, introducing pedals for propulsion VELOCIPEDE. HIGH-WHEEL BICYCLE The safety bicycle was invented as a response to the dangers and impracticalities of the high-wheel bicycle SAFETY BICYCLE. SAFETY BICYCLE Steel became the primary material used in the frames of safety bicycles in the early 1900s STEEL. SAFETY BICYCLE Titanium was used as an alternative material for bicycle frames, including safety bicycles, for improved performance TITANIUM. SAFETY BICYCLE Aluminum emerged as an alternative material for bicycle frames, including safety bicycles, in the mid-20th century ALUMINUM. ELECTRIC BIKES Cyclists use electric bikes for easier riding and longer distances, expanding the options for different types of riders CYCLISTS.",
    "evaluation": 1
  },
  {
    "correct_answer": "The draisine had no pedals and was propelled by the rider pushing off the ground with their feet.",
    "retrieved_context": "DRAISINE The velocipede was a major evolution from the draisine, introducing pedals for propulsion VELOCIPEDE. BICYCLE The velocipede represents a significant stage in the bicycle's evolution, improving upon earlier designs like the draisine VELOCIPEDE. CARBON FIBER The Tour de France showcases advanced racing bikes, likely made with carbon fiber, highlighting the material's impact on competitive cycling TOUR DE FRANCE. DRAISINE The velocipede was a major evolution from the draisine, introducing pedals for propulsion VELOCIPEDE. CARBON FIBER Both carbon fiber and electric bikes represent significant advancements in bicycle technology ELECTRIC BIKES. CARBON FIBER The use of carbon fiber in bicycle manufacturing has led to significant advancements in the industry BICYCLE MANUFACTURING. CARBON FIBER Carbon fiber revolutionized the construction of bicycle frames, including safety bicycles, for competitive racing SAFETY BICYCLE. BICYCLE The draisine is considered an early prototype of modern bicycles DRAISINE. BICYCLE Modern bicycles use carbon fiber to enhance their strength and reduce weight, showcasing the evolution in materials used CARBON FIBER. SAFETY BICYCLE Titanium was used as an alternative material for bicycle frames, including safety bicycles, for improved performance TITANIUM. SAFETY BICYCLE Steel became the primary material used in the frames of safety bicycles in the early 1900s STEEL. SAFETY BICYCLE Aluminum emerged as an alternative material for bicycle frames, including safety bicycles, in the mid-20th century ALUMINUM. BARON KARL VON DRAIS Baron Karl von Drais invented the draisine, marking a significant step in the evolution of the bicycle DRAISINE. DRAISINE The velocipede was a major evolution from the draisine, introducing pedals for propulsion VELOCIPEDE. ELECTRIC BIKES Cyclists use electric bikes for easier riding and longer distances, expanding the options for different types of riders CYCLISTS. RACING BIKES Racing bikes are a product of the bicycle manufacturing industry, benefiting from technological advancements like carbon fiber BICYCLE MANUFACTURING. RACING BIKES Competitive racers and enthusiasts among cyclists often prefer racing bikes for their speed and agility CYCLISTS. HIGH-WHEEL BICYCLE The safety bicycle was invented as a response to the dangers and impracticalities of the high-wheel bicycle SAFETY BICYCLE. SAFETY BICYCLE Steel became the primary material used in the frames of safety bicycles in the early 1900s STEEL. SAFETY BICYCLE Titanium was used as an alternative material for bicycle frames, including safety bicycles, for improved performance TITANIUM. SAFETY BICYCLE Aluminum emerged as an alternative material for bicycle frames, including safety bicycles, in the mid-20th century ALUMINUM.",
    "evaluation": 0
  },
  {
    "correct_answer": "The velocipede, also known as the 'boneshaker', featured pedals attached directly to the front wheel.",
    "retrieved_context": "BICYCLE The velocipede represents a significant stage in the bicycle's evolution, improving upon earlier designs like the draisine VELOCIPEDE. CARBON FIBER The Tour de France showcases advanced racing bikes, likely made with carbon fiber, highlighting the material's impact on competitive cycling TOUR DE FRANCE. DRAISINE The velocipede was a major evolution from the draisine, introducing pedals for propulsion VELOCIPEDE. CARBON FIBER Both carbon fiber and electric bikes represent significant advancements in bicycle technology ELECTRIC BIKES. CARBON FIBER The use of carbon fiber in bicycle manufacturing has led to significant advancements in the industry BICYCLE MANUFACTURING. CARBON FIBER Carbon fiber revolutionized the construction of bicycle frames, including safety bicycles, for competitive racing SAFETY BICYCLE. BICYCLE The draisine is considered an early prototype of modern bicycles DRAISINE. BICYCLE Modern bicycles use carbon fiber to enhance their strength and reduce weight, showcasing the evolution in materials used CARBON FIBER. HIGH-WHEEL BICYCLE The safety bicycle was invented as a response to the dangers and impracticalities of the high-wheel bicycle SAFETY BICYCLE. SAFETY BICYCLE Steel became the primary material used in the frames of safety bicycles in the early 1900s STEEL. SAFETY BICYCLE Titanium was used as an alternative material for bicycle frames, including safety bicycles, for improved performance TITANIUM. SAFETY BICYCLE Aluminum emerged as an alternative material for bicycle frames, including safety bicycles, in the mid-20th century ALUMINUM. SAFETY BICYCLE Titanium was used as an alternative material for bicycle frames, including safety bicycles, for improved performance TITANIUM. SAFETY BICYCLE Steel became the primary material used in the frames of safety bicycles in the early 1900s STEEL. SAFETY BICYCLE Aluminum emerged as an alternative material for bicycle frames, including safety bicycles, in the mid-20th century ALUMINUM. ELECTRIC BIKES Cyclists use electric bikes for easier riding and longer distances, expanding the options for different types of riders CYCLISTS. RACING BIKES Racing bikes are a product of the bicycle manufacturing industry, benefiting from technological advancements like carbon fiber BICYCLE MANUFACTURING. RACING BIKES Competitive racers and enthusiasts among cyclists often prefer racing bikes for their speed and agility CYCLISTS.",
    "evaluation": 0
  },
  {
    "correct_answer": "The boneshaker offered a smoother ride and greater speed compared to the draisine.",
    "retrieved_context": "DRAISINE The velocipede was a major evolution from the draisine, introducing pedals for propulsion VELOCIPEDE. BARON KARL VON DRAIS Baron Karl von Drais invented the draisine, marking a significant step in the evolution of the bicycle DRAISINE. DRAISINE The velocipede was a major evolution from the draisine, introducing pedals for propulsion VELOCIPEDE. RACING BIKES Racing bikes are a product of the bicycle manufacturing industry, benefiting from technological advancements like carbon fiber BICYCLE MANUFACTURING. RACING BIKES Competitive racers and enthusiasts among cyclists often prefer racing bikes for their speed and agility CYCLISTS. BICYCLE The velocipede represents a significant stage in the bicycle's evolution, improving upon earlier designs like the draisine VELOCIPEDE. CARBON FIBER The Tour de France showcases advanced racing bikes, likely made with carbon fiber, highlighting the material's impact on competitive cycling TOUR DE FRANCE. DRAISINE The velocipede was a major evolution from the draisine, introducing pedals for propulsion VELOCIPEDE. CARBON FIBER Both carbon fiber and electric bikes represent significant advancements in bicycle technology ELECTRIC BIKES. CARBON FIBER The use of carbon fiber in bicycle manufacturing has led to significant advancements in the industry BICYCLE MANUFACTURING. CARBON FIBER Carbon fiber revolutionized the construction of bicycle frames, including safety bicycles, for competitive racing SAFETY BICYCLE. BICYCLE The draisine is considered an early prototype of modern bicycles DRAISINE. BICYCLE Modern bicycles use carbon fiber to enhance their strength and reduce weight, showcasing the evolution in materials used CARBON FIBER. TOUR DE FRANCE Elite cyclists compete in the Tour de France, showcasing their speed, skill, and endurance CYCLISTS. HIGH-WHEEL BICYCLE The safety bicycle was invented as a response to the dangers and impracticalities of the high-wheel bicycle SAFETY BICYCLE. SAFETY BICYCLE Steel became the primary material used in the frames of safety bicycles in the early 1900s STEEL. SAFETY BICYCLE Titanium was used as an alternative material for bicycle frames, including safety bicycles, for improved performance TITANIUM. SAFETY BICYCLE Aluminum emerged as an alternative material for bicycle frames, including safety bicycles, in the mid-20th century ALUMINUM.",
    "evaluation": 0
  },
  {
    "correct_answer": "The high-wheel bicycle, or penny-farthing, had a large front wheel and a smaller rear wheel.",
    "retrieved_context": "HIGH-WHEEL BICYCLE The safety bicycle was invented as a response to the dangers and impracticalities of the high-wheel bicycle SAFETY BICYCLE. SAFETY BICYCLE Steel became the primary material used in the frames of safety bicycles in the early 1900s STEEL. SAFETY BICYCLE Titanium was used as an alternative material for bicycle frames, including safety bicycles, for improved performance TITANIUM. SAFETY BICYCLE Aluminum emerged as an alternative material for bicycle frames, including safety bicycles, in the mid-20th century ALUMINUM. BICYCLE The velocipede represents a significant stage in the bicycle's evolution, improving upon earlier designs like the draisine VELOCIPEDE. CARBON FIBER The Tour de France showcases advanced racing bikes, likely made with carbon fiber, highlighting the material's impact on competitive cycling TOUR DE FRANCE. DRAISINE The velocipede was a major evolution from the draisine, introducing pedals for propulsion VELOCIPEDE. CARBON FIBER Both carbon fiber and electric bikes represent significant advancements in bicycle technology ELECTRIC BIKES. CARBON FIBER The use of carbon fiber in bicycle manufacturing has led to significant advancements in the industry BICYCLE MANUFACTURING. CARBON FIBER Carbon fiber revolutionized the construction of bicycle frames, including safety bicycles, for competitive racing SAFETY BICYCLE. BICYCLE The draisine is considered an early prototype of modern bicycles DRAISINE. BICYCLE Modern bicycles use carbon fiber to enhance their strength and reduce weight, showcasing the evolution in materials used CARBON FIBER. SAFETY BICYCLE Titanium was used as an alternative material for bicycle frames, including safety bicycles, for improved performance TITANIUM. SAFETY BICYCLE Steel became the primary material used in the frames of safety bicycles in the early 1900s STEEL. SAFETY BICYCLE Aluminum emerged as an alternative material for bicycle frames, including safety bicycles, in the mid-20th century ALUMINUM. ELECTRIC BIKES Cyclists use electric bikes for easier riding and longer distances, expanding the options for different types of riders CYCLISTS. RACING BIKES Racing bikes are a product of the bicycle manufacturing industry, benefiting from technological advancements like carbon fiber BICYCLE MANUFACTURING. RACING BIKES Competitive racers and enthusiasts among cyclists often prefer racing bikes for their speed and agility CYCLISTS.",
    "evaluation": 0
  },
  {
    "correct_answer": "The safety bicycle featured two wheels of equal size, a chain drive system, and pneumatic tires.",
    "retrieved_context": "SAFETY BICYCLE Titanium was used as an alternative material for bicycle frames, including safety bicycles, for improved performance TITANIUM. SAFETY BICYCLE Steel became the primary material used in the frames of safety bicycles in the early 1900s STEEL. SAFETY BICYCLE Aluminum emerged as an alternative material for bicycle frames, including safety bicycles, in the mid-20th century ALUMINUM. HIGH-WHEEL BICYCLE The safety bicycle was invented as a response to the dangers and impracticalities of the high-wheel bicycle SAFETY BICYCLE. SAFETY BICYCLE Steel became the primary material used in the frames of safety bicycles in the early 1900s STEEL. SAFETY BICYCLE Titanium was used as an alternative material for bicycle frames, including safety bicycles, for improved performance TITANIUM. SAFETY BICYCLE Aluminum emerged as an alternative material for bicycle frames, including safety bicycles, in the mid-20th century ALUMINUM. BICYCLE The velocipede represents a significant stage in the bicycle's evolution, improving upon earlier designs like the draisine VELOCIPEDE. CARBON FIBER The Tour de France showcases advanced racing bikes, likely made with carbon fiber, highlighting the material's impact on competitive cycling TOUR DE FRANCE. DRAISINE The velocipede was a major evolution from the draisine, introducing pedals for propulsion VELOCIPEDE. CARBON FIBER Both carbon fiber and electric bikes represent significant advancements in bicycle technology ELECTRIC BIKES. CARBON FIBER The use of carbon fiber in bicycle manufacturing has led to significant advancements in the industry BICYCLE MANUFACTURING. CARBON FIBER Carbon fiber revolutionized the construction of bicycle frames, including safety bicycles, for competitive racing SAFETY BICYCLE. BICYCLE The draisine is considered an early prototype of modern bicycles DRAISINE. BICYCLE Modern bicycles use carbon fiber to enhance their strength and reduce weight, showcasing the evolution in materials used CARBON FIBER. RACING BIKES Racing bikes are a product of the bicycle manufacturing industry, benefiting from technological advancements like carbon fiber BICYCLE MANUFACTURING. RACING BIKES Competitive racers and enthusiasts among cyclists often prefer racing bikes for their speed and agility CYCLISTS. ELECTRIC BIKES Cyclists use electric bikes for easier riding and longer distances, expanding the options for different types of riders CYCLISTS. BARON KARL VON DRAIS Baron Karl von Drais invented the draisine, marking a significant step in the evolution of the bicycle DRAISINE. DRAISINE The velocipede was a major evolution from the draisine, introducing pedals for propulsion VELOCIPEDE.",
    "evaluation": 0
  },
  {
    "correct_answer": "The safety bicycle was more stable, comfortable, and efficient than its predecessors.",
    "retrieved_context": "SAFETY BICYCLE Titanium was used as an alternative material for bicycle frames, including safety bicycles, for improved performance TITANIUM. SAFETY BICYCLE Steel became the primary material used in the frames of safety bicycles in the early 1900s STEEL. SAFETY BICYCLE Aluminum emerged as an alternative material for bicycle frames, including safety bicycles, in the mid-20th century ALUMINUM. BICYCLE The velocipede represents a significant stage in the bicycle's evolution, improving upon earlier designs like the draisine VELOCIPEDE. CARBON FIBER The Tour de France showcases advanced racing bikes, likely made with carbon fiber, highlighting the material's impact on competitive cycling TOUR DE FRANCE. DRAISINE The velocipede was a major evolution from the draisine, introducing pedals for propulsion VELOCIPEDE. CARBON FIBER Both carbon fiber and electric bikes represent significant advancements in bicycle technology ELECTRIC BIKES. CARBON FIBER The use of carbon fiber in bicycle manufacturing has led to significant advancements in the industry BICYCLE MANUFACTURING. CARBON FIBER Carbon fiber revolutionized the construction of bicycle frames, including safety bicycles, for competitive racing SAFETY BICYCLE. BICYCLE The draisine is considered an early prototype of modern bicycles DRAISINE. BICYCLE Modern bicycles use carbon fiber to enhance their strength and reduce weight, showcasing the evolution in materials used CARBON FIBER. HIGH-WHEEL BICYCLE The safety bicycle was invented as a response to the dangers and impracticalities of the high-wheel bicycle SAFETY BICYCLE. SAFETY BICYCLE Steel became the primary material used in the frames of safety bicycles in the early 1900s STEEL. SAFETY BICYCLE Titanium was used as an alternative material for bicycle frames, including safety bicycles, for improved performance TITANIUM. SAFETY BICYCLE Aluminum emerged as an alternative material for bicycle frames, including safety bicycles, in the mid-20th century ALUMINUM. RACING BIKES Racing bikes are a product of the bicycle manufacturing industry, benefiting from technological advancements like carbon fiber BICYCLE MANUFACTURING. RACING BIKES Competitive racers and enthusiasts among cyclists often prefer racing bikes for their speed and agility CYCLISTS. ELECTRIC BIKES Cyclists use electric bikes for easier riding and longer distances, expanding the options for different types of riders CYCLISTS.",
    "evaluation": 0
  },
  {
    "correct_answer": "Steel became the primary material used in bicycle frames in the early 1900s.",
    "retrieved_context": "SAFETY BICYCLE Titanium was used as an alternative material for bicycle frames, including safety bicycles, for improved performance TITANIUM. SAFETY BICYCLE Steel became the primary material used in the frames of safety bicycles in the early 1900s STEEL. SAFETY BICYCLE Aluminum emerged as an alternative material for bicycle frames, including safety bicycles, in the mid-20th century ALUMINUM. BICYCLE The velocipede represents a significant stage in the bicycle's evolution, improving upon earlier designs like the draisine VELOCIPEDE. CARBON FIBER The Tour de France showcases advanced racing bikes, likely made with carbon fiber, highlighting the material's impact on competitive cycling TOUR DE FRANCE. DRAISINE The velocipede was a major evolution from the draisine, introducing pedals for propulsion VELOCIPEDE. CARBON FIBER Both carbon fiber and electric bikes represent significant advancements in bicycle technology ELECTRIC BIKES. CARBON FIBER The use of carbon fiber in bicycle manufacturing has led to significant advancements in the industry BICYCLE MANUFACTURING. CARBON FIBER Carbon fiber revolutionized the construction of bicycle frames, including safety bicycles, for competitive racing SAFETY BICYCLE. BICYCLE The draisine is considered an early prototype of modern bicycles DRAISINE. BICYCLE Modern bicycles use carbon fiber to enhance their strength and reduce weight, showcasing the evolution in materials used CARBON FIBER. RACING BIKES Racing bikes are a product of the bicycle manufacturing industry, benefiting from technological advancements like carbon fiber BICYCLE MANUFACTURING. RACING BIKES Competitive racers and enthusiasts among cyclists often prefer racing bikes for their speed and agility CYCLISTS. HIGH-WHEEL BICYCLE The safety bicycle was invented as a response to the dangers and impracticalities of the high-wheel bicycle SAFETY BICYCLE. SAFETY BICYCLE Steel became the primary material used in the frames of safety bicycles in the early 1900s STEEL. SAFETY BICYCLE Titanium was used as an alternative material for bicycle frames, including safety bicycles, for improved performance TITANIUM. SAFETY BICYCLE Aluminum emerged as an alternative material for bicycle frames, including safety bicycles, in the mid-20th century ALUMINUM. ELECTRIC BIKES Cyclists use electric bikes for easier riding and longer distances, expanding the options for different types of riders CYCLISTS.",
    "evaluation": 1
  },
  {
    "correct_answer": "Aluminum and titanium emerged as popular alternatives to steel in the mid-20th century.",
    "retrieved_context": "ELECTRIC BIKES Cyclists use electric bikes for easier riding and longer distances, expanding the options for different types of riders CYCLISTS. SAFETY BICYCLE Steel became the primary material used in the frames of safety bicycles in the early 1900s STEEL. SAFETY BICYCLE Aluminum emerged as an alternative material for bicycle frames, including safety bicycles, in the mid-20th century ALUMINUM. CARBON FIBER The Tour de France showcases advanced racing bikes, likely made with carbon fiber, highlighting the material's impact on competitive cycling TOUR DE FRANCE. SAFETY BICYCLE Titanium was used as an alternative material for bicycle frames, including safety bicycles, for improved performance TITANIUM. CARBON FIBER Both carbon fiber and electric bikes represent significant advancements in bicycle technology ELECTRIC BIKES. CARBON FIBER The use of carbon fiber in bicycle manufacturing has led to significant advancements in the industry BICYCLE MANUFACTURING. CARBON FIBER Carbon fiber revolutionized the construction of bicycle frames, including safety bicycles, for competitive racing SAFETY BICYCLE. ELECTRIC BIKES Cyclists use electric bikes for easier riding and longer distances, expanding the options for different types of riders CYCLISTS. TOUR DE FRANCE Elite cyclists compete in the Tour de France, showcasing their speed, skill, and endurance CYCLISTS. RACING BIKES Racing bikes are a product of the bicycle manufacturing industry, benefiting from technological advancements like carbon fiber BICYCLE MANUFACTURING. RACING BIKES Competitive racers and enthusiasts among cyclists often prefer racing bikes for their speed and agility CYCLISTS. HIGH-WHEEL BICYCLE The safety bicycle was invented as a response to the dangers and impracticalities of the high-wheel bicycle SAFETY BICYCLE. SAFETY BICYCLE Steel became the primary material used in the frames of safety bicycles in the early 1900s STEEL. SAFETY BICYCLE Titanium was used as an alternative material for bicycle frames, including safety bicycles, for improved performance TITANIUM. SAFETY BICYCLE Aluminum emerged as an alternative material for bicycle frames, including safety bicycles, in the mid-20th century ALUMINUM.",
    "evaluation": 1
  },
  {
    "correct_answer": "Carbon fiber frames are lightweight, strong, and aerodynamic.",
    "retrieved_context": "SAFETY BICYCLE Steel became the primary material used in the frames of safety bicycles in the early 1900s STEEL. SAFETY BICYCLE Aluminum emerged as an alternative material for bicycle frames, including safety bicycles, in the mid-20th century ALUMINUM. CARBON FIBER The Tour de France showcases advanced racing bikes, likely made with carbon fiber, highlighting the material's impact on competitive cycling TOUR DE FRANCE. SAFETY BICYCLE Titanium was used as an alternative material for bicycle frames, including safety bicycles, for improved performance TITANIUM. CARBON FIBER Both carbon fiber and electric bikes represent significant advancements in bicycle technology ELECTRIC BIKES. CARBON FIBER The use of carbon fiber in bicycle manufacturing has led to significant advancements in the industry BICYCLE MANUFACTURING. CARBON FIBER Carbon fiber revolutionized the construction of bicycle frames, including safety bicycles, for competitive racing SAFETY BICYCLE. ELECTRIC BIKES Cyclists use electric bikes for easier riding and longer distances, expanding the options for different types of riders CYCLISTS. TOUR DE FRANCE Elite cyclists compete in the Tour de France, showcasing their speed, skill, and endurance CYCLISTS. RACING BIKES Racing bikes are a product of the bicycle manufacturing industry, benefiting from technological advancements like carbon fiber BICYCLE MANUFACTURING. RACING BIKES Competitive racers and enthusiasts among cyclists often prefer racing bikes for their speed and agility CYCLISTS. ELECTRIC BIKES Cyclists use electric bikes for easier riding and longer distances, expanding the options for different types of riders CYCLISTS. SAFETY BICYCLE Titanium was used as an alternative material for bicycle frames, including safety bicycles, for improved performance TITANIUM. SAFETY BICYCLE Steel became the primary material used in the frames of safety bicycles in the early 1900s STEEL. SAFETY BICYCLE Aluminum emerged as an alternative material for bicycle frames, including safety bicycles, in the mid-20th century ALUMINUM.",
    "evaluation": 0
  },
  {
    "correct_answer": "Carbon fiber frames are ideal for competitive racing and high-performance cycling.",
    "retrieved_context": "RACING BIKES Racing bikes are a product of the bicycle manufacturing industry, benefiting from technological advancements like carbon fiber BICYCLE MANUFACTURING. RACING BIKES Competitive racers and enthusiasts among cyclists often prefer racing bikes for their speed and agility CYCLISTS. SAFETY BICYCLE Steel became the primary material used in the frames of safety bicycles in the early 1900s STEEL. SAFETY BICYCLE Aluminum emerged as an alternative material for bicycle frames, including safety bicycles, in the mid-20th century ALUMINUM. CARBON FIBER The Tour de France showcases advanced racing bikes, likely made with carbon fiber, highlighting the material's impact on competitive cycling TOUR DE FRANCE. SAFETY BICYCLE Titanium was used as an alternative material for bicycle frames, including safety bicycles, for improved performance TITANIUM. CARBON FIBER Both carbon fiber and electric bikes represent significant advancements in bicycle technology ELECTRIC BIKES. CARBON FIBER The use of carbon fiber in bicycle manufacturing has led to significant advancements in the industry BICYCLE MANUFACTURING. CARBON FIBER Carbon fiber revolutionized the construction of bicycle frames, including safety bicycles, for competitive racing SAFETY BICYCLE. ELECTRIC BIKES Cyclists use electric bikes for easier riding and longer distances, expanding the options for different types of riders CYCLISTS. TOUR DE FRANCE Elite cyclists compete in the Tour de France, showcasing their speed, skill, and endurance CYCLISTS. ELECTRIC BIKES Cyclists use electric bikes for easier riding and longer distances, expanding the options for different types of riders CYCLISTS. BICYCLE The velocipede represents a significant stage in the bicycle's evolution, improving upon earlier designs like the draisine VELOCIPEDE. CARBON FIBER The Tour de France showcases advanced racing bikes, likely made with carbon fiber, highlighting the material's impact on competitive cycling TOUR DE FRANCE. DRAISINE The velocipede was a major evolution from the draisine, introducing pedals for propulsion VELOCIPEDE. CARBON FIBER Both carbon fiber and electric bikes represent significant advancements in bicycle technology ELECTRIC BIKES. CARBON FIBER The use of carbon fiber in bicycle manufacturing has led to significant advancements in the industry BICYCLE MANUFACTURING. CARBON FIBER Carbon fiber revolutionized the construction of bicycle frames, including safety bicycles, for competitive racing SAFETY BICYCLE. BICYCLE The draisine is considered an early prototype of modern bicycles DRAISINE. BICYCLE Modern bicycles use carbon fiber to enhance their strength and reduce weight, showcasing the evolution in materials used CARBON FIBER. SAFETY BICYCLE Titanium was used as an alternative material for bicycle frames, including safety bicycles, for improved performance TITANIUM. SAFETY BICYCLE Steel became the primary material used in the frames of safety bicycles in the early 1900s STEEL. SAFETY BICYCLE Aluminum emerged as an alternative material for bicycle frames, including safety bicycles, in the mid-20th century ALUMINUM. TOUR DE FRANCE Elite cyclists compete in the Tour de France, showcasing their speed, skill, and endurance CYCLISTS.",
    "evaluation": 1
  },
  {
    "correct_answer": "Electric bikes offer motorized assistance for easier riding and longer distances.",
    "retrieved_context": "ELECTRIC BIKES Cyclists use electric bikes for easier riding and longer distances, expanding the options for different types of riders CYCLISTS. BICYCLE The velocipede represents a significant stage in the bicycle's evolution, improving upon earlier designs like the draisine VELOCIPEDE. CARBON FIBER The Tour de France showcases advanced racing bikes, likely made with carbon fiber, highlighting the material's impact on competitive cycling TOUR DE FRANCE. DRAISINE The velocipede was a major evolution from the draisine, introducing pedals for propulsion VELOCIPEDE. CARBON FIBER Both carbon fiber and electric bikes represent significant advancements in bicycle technology ELECTRIC BIKES. CARBON FIBER The use of carbon fiber in bicycle manufacturing has led to significant advancements in the industry BICYCLE MANUFACTURING. CARBON FIBER Carbon fiber revolutionized the construction of bicycle frames, including safety bicycles, for competitive racing SAFETY BICYCLE. BICYCLE The draisine is considered an early prototype of modern bicycles DRAISINE. BICYCLE Modern bicycles use carbon fiber to enhance their strength and reduce weight, showcasing the evolution in materials used CARBON FIBER. RACING BIKES Racing bikes are a product of the bicycle manufacturing industry, benefiting from technological advancements like carbon fiber BICYCLE MANUFACTURING. RACING BIKES Competitive racers and enthusiasts among cyclists often prefer racing bikes for their speed and agility CYCLISTS. HIGH-WHEEL BICYCLE The safety bicycle was invented as a response to the dangers and impracticalities of the high-wheel bicycle SAFETY BICYCLE. SAFETY BICYCLE Steel became the primary material used in the frames of safety bicycles in the early 1900s STEEL. SAFETY BICYCLE Titanium was used as an alternative material for bicycle frames, including safety bicycles, for improved performance TITANIUM. SAFETY BICYCLE Aluminum emerged as an alternative material for bicycle frames, including safety bicycles, in the mid-20th century ALUMINUM. SAFETY BICYCLE Titanium was used as an alternative material for bicycle frames, including safety bicycles, for improved performance TITANIUM. SAFETY BICYCLE Steel became the primary material used in the frames of safety bicycles in the early 1900s STEEL. SAFETY BICYCLE Aluminum emerged as an alternative material for bicycle frames, including safety bicycles, in the mid-20th century ALUMINUM.",
    "evaluation": 1
  },
  {
    "correct_answer": "Bicycles have become a popular mode of transportation for commuting, exercise, and leisure.",
    "retrieved_context": "BICYCLE The velocipede represents a significant stage in the bicycle's evolution, improving upon earlier designs like the draisine VELOCIPEDE. CARBON FIBER The Tour de France showcases advanced racing bikes, likely made with carbon fiber, highlighting the material's impact on competitive cycling TOUR DE FRANCE. DRAISINE The velocipede was a major evolution from the draisine, introducing pedals for propulsion VELOCIPEDE. CARBON FIBER Both carbon fiber and electric bikes represent significant advancements in bicycle technology ELECTRIC BIKES. CARBON FIBER The use of carbon fiber in bicycle manufacturing has led to significant advancements in the industry BICYCLE MANUFACTURING. CARBON FIBER Carbon fiber revolutionized the construction of bicycle frames, including safety bicycles, for competitive racing SAFETY BICYCLE. BICYCLE The draisine is considered an early prototype of modern bicycles DRAISINE. BICYCLE Modern bicycles use carbon fiber to enhance their strength and reduce weight, showcasing the evolution in materials used CARBON FIBER. ELECTRIC BIKES Cyclists use electric bikes for easier riding and longer distances, expanding the options for different types of riders CYCLISTS. HIGH-WHEEL BICYCLE The safety bicycle was invented as a response to the dangers and impracticalities of the high-wheel bicycle SAFETY BICYCLE. SAFETY BICYCLE Steel became the primary material used in the frames of safety bicycles in the early 1900s STEEL. SAFETY BICYCLE Titanium was used as an alternative material for bicycle frames, including safety bicycles, for improved performance TITANIUM. SAFETY BICYCLE Aluminum emerged as an alternative material for bicycle frames, including safety bicycles, in the mid-20th century ALUMINUM. RACING BIKES Racing bikes are a product of the bicycle manufacturing industry, benefiting from technological advancements like carbon fiber BICYCLE MANUFACTURING. RACING BIKES Competitive racers and enthusiasts among cyclists often prefer racing bikes for their speed and agility CYCLISTS. SAFETY BICYCLE Titanium was used as an alternative material for bicycle frames, including safety bicycles, for improved performance TITANIUM. SAFETY BICYCLE Steel became the primary material used in the frames of safety bicycles in the early 1900s STEEL. SAFETY BICYCLE Aluminum emerged as an alternative material for bicycle frames, including safety bicycles, in the mid-20th century ALUMINUM. TOUR DE FRANCE Elite cyclists compete in the Tour de France, showcasing their speed, skill, and endurance CYCLISTS.",
    "evaluation": 0
  },
  {
    "correct_answer": "Cycling has become a competitive sport enjoyed by millions of people around the world.",
    "retrieved_context": "BICYCLE The velocipede represents a significant stage in the bicycle's evolution, improving upon earlier designs like the draisine VELOCIPEDE. CARBON FIBER The Tour de France showcases advanced racing bikes, likely made with carbon fiber, highlighting the material's impact on competitive cycling TOUR DE FRANCE. DRAISINE The velocipede was a major evolution from the draisine, introducing pedals for propulsion VELOCIPEDE. CARBON FIBER Both carbon fiber and electric bikes represent significant advancements in bicycle technology ELECTRIC BIKES. CARBON FIBER The use of carbon fiber in bicycle manufacturing has led to significant advancements in the industry BICYCLE MANUFACTURING. CARBON FIBER Carbon fiber revolutionized the construction of bicycle frames, including safety bicycles, for competitive racing SAFETY BICYCLE. BICYCLE The draisine is considered an early prototype of modern bicycles DRAISINE. BICYCLE Modern bicycles use carbon fiber to enhance their strength and reduce weight, showcasing the evolution in materials used CARBON FIBER. RACING BIKES Racing bikes are a product of the bicycle manufacturing industry, benefiting from technological advancements like carbon fiber BICYCLE MANUFACTURING. RACING BIKES Competitive racers and enthusiasts among cyclists often prefer racing bikes for their speed and agility CYCLISTS. ELECTRIC BIKES Cyclists use electric bikes for easier riding and longer distances, expanding the options for different types of riders CYCLISTS. SAFETY BICYCLE Titanium was used as an alternative material for bicycle frames, including safety bicycles, for improved performance TITANIUM. SAFETY BICYCLE Steel became the primary material used in the frames of safety bicycles in the early 1900s STEEL. SAFETY BICYCLE Aluminum emerged as an alternative material for bicycle frames, including safety bicycles, in the mid-20th century ALUMINUM. TOUR DE FRANCE Elite cyclists compete in the Tour de France, showcasing their speed, skill, and endurance CYCLISTS. HIGH-WHEEL BICYCLE The safety bicycle was invented as a response to the dangers and impracticalities of the high-wheel bicycle SAFETY BICYCLE. SAFETY BICYCLE Steel became the primary material used in the frames of safety bicycles in the early 1900s STEEL. SAFETY BICYCLE Titanium was used as an alternative material for bicycle frames, including safety bicycles, for improved performance TITANIUM. SAFETY BICYCLE Aluminum emerged as an alternative material for bicycle frames, including safety bicycles, in the mid-20th century ALUMINUM.",
    "evaluation": 0
  },
  {
    "accuracy": "33.33%"
  }
]