[
  {
    "correct_answer": "People have been fascinated by the supernatural for centuries.",
    "retrieved_context": "POPULAR CULTURE Ghost stories are a significant part of popular culture, influencing the collective belief in ghosts GHOST STORIES. GHOSTS The human tendency to seek explanations for unexplained phenomena often leads to belief in ghosts HUMAN PSYCHOLOGY. GHOSTS The belief in ghosts is influenced by psychological factors such as fear of the unknown and the desire for immortality PSYCHOLOGICAL FACTORS. GHOSTS Cultural and religious beliefs significantly shape people's beliefs in ghosts, with traditions and folklore reinforcing the idea of supernatural presence CULTURAL BELIEFS. GHOSTS The belief in ghosts is reinforced by ghost stories and legends prevalent in various cultures CULTURAL STORIES. GHOSTS Individual claims of encounters with spirits or paranormal entities strengthen belief in ghosts PERSONAL EXPERIENCES. HUMAN PSYCHOLOGY The human tendency to seek explanations for unexplained phenomena often leads to belief in ghosts UNEXPLAINED PHENOMENA. GHOSTS The portrayal of ghosts in movies, TV shows, and books further reinforces their perceived reality POPULAR CULTURE. PERSONAL ENCOUNTERS Personal encounters with what are believed to be spirits or paranormal entities contribute significantly to the belief in ghosts BELIEF IN GHOSTS.",
    "evaluation": 1
  },
  {
    "correct_answer": "One of the most enduring beliefs is in ghosts.",
    "retrieved_context": "POPULAR CULTURE Ghost stories are a significant part of popular culture, influencing the collective belief in ghosts GHOST STORIES. GHOSTS The human tendency to seek explanations for unexplained phenomena often leads to belief in ghosts HUMAN PSYCHOLOGY. GHOSTS The belief in ghosts is influenced by psychological factors such as fear of the unknown and the desire for immortality PSYCHOLOGICAL FACTORS. GHOSTS Cultural and religious beliefs significantly shape people's beliefs in ghosts, with traditions and folklore reinforcing the idea of supernatural presence CULTURAL BELIEFS. GHOSTS The belief in ghosts is reinforced by ghost stories and legends prevalent in various cultures CULTURAL STORIES. GHOSTS Individual claims of encounters with spirits or paranormal entities strengthen belief in ghosts PERSONAL EXPERIENCES. HUMAN PSYCHOLOGY The human tendency to seek explanations for unexplained phenomena often leads to belief in ghosts UNEXPLAINED PHENOMENA. GHOSTS The portrayal of ghosts in movies, TV shows, and books further reinforces their perceived reality POPULAR CULTURE. PERSONAL ENCOUNTERS Personal encounters with what are believed to be spirits or paranormal entities contribute significantly to the belief in ghosts BELIEF IN GHOSTS.",
    "evaluation": 1
  },
  {
    "correct_answer": "Some dismiss the idea of ghosts as pure fiction or superstition.",
    "retrieved_context": "POPULAR CULTURE Ghost stories are a significant part of popular culture, influencing the collective belief in ghosts GHOST STORIES. GHOSTS The human tendency to seek explanations for unexplained phenomena often leads to belief in ghosts HUMAN PSYCHOLOGY. GHOSTS The belief in ghosts is influenced by psychological factors such as fear of the unknown and the desire for immortality PSYCHOLOGICAL FACTORS. GHOSTS Cultural and religious beliefs significantly shape people's beliefs in ghosts, with traditions and folklore reinforcing the idea of supernatural presence CULTURAL BELIEFS. GHOSTS The belief in ghosts is reinforced by ghost stories and legends prevalent in various cultures CULTURAL STORIES. GHOSTS Individual claims of encounters with spirits or paranormal entities strengthen belief in ghosts PERSONAL EXPERIENCES. HUMAN PSYCHOLOGY The human tendency to seek explanations for unexplained phenomena often leads to belief in ghosts UNEXPLAINED PHENOMENA. GHOSTS The portrayal of ghosts in movies, TV shows, and books further reinforces their perceived reality POPULAR CULTURE. PERSONAL ENCOUNTERS Personal encounters with what are believed to be spirits or paranormal entities contribute significantly to the belief in ghosts BELIEF IN GHOSTS.",
    "evaluation": 0
  },
  {
    "correct_answer": "There are many who firmly believe in the existence of ghosts.",
    "retrieved_context": "POPULAR CULTURE Ghost stories are a significant part of popular culture, influencing the collective belief in ghosts GHOST STORIES. GHOSTS The human tendency to seek explanations for unexplained phenomena often leads to belief in ghosts HUMAN PSYCHOLOGY. GHOSTS The belief in ghosts is influenced by psychological factors such as fear of the unknown and the desire for immortality PSYCHOLOGICAL FACTORS. GHOSTS Cultural and religious beliefs significantly shape people's beliefs in ghosts, with traditions and folklore reinforcing the idea of supernatural presence CULTURAL BELIEFS. GHOSTS The belief in ghosts is reinforced by ghost stories and legends prevalent in various cultures CULTURAL STORIES. GHOSTS Individual claims of encounters with spirits or paranormal entities strengthen belief in ghosts PERSONAL EXPERIENCES. HUMAN PSYCHOLOGY The human tendency to seek explanations for unexplained phenomena often leads to belief in ghosts UNEXPLAINED PHENOMENA. GHOSTS The portrayal of ghosts in movies, TV shows, and books further reinforces their perceived reality POPULAR CULTURE. PERSONAL ENCOUNTERS Personal encounters with what are believed to be spirits or paranormal entities contribute significantly to the belief in ghosts BELIEF IN GHOSTS.",
    "evaluation": 1
  },
  {
    "correct_answer": "The reasons why people believe in ghosts are complex and varied.",
    "retrieved_context": "POPULAR CULTURE Ghost stories are a significant part of popular culture, influencing the collective belief in ghosts GHOST STORIES. GHOSTS The human tendency to seek explanations for unexplained phenomena often leads to belief in ghosts HUMAN PSYCHOLOGY. GHOSTS The belief in ghosts is influenced by psychological factors such as fear of the unknown and the desire for immortality PSYCHOLOGICAL FACTORS. GHOSTS Cultural and religious beliefs significantly shape people's beliefs in ghosts, with traditions and folklore reinforcing the idea of supernatural presence CULTURAL BELIEFS. GHOSTS The belief in ghosts is reinforced by ghost stories and legends prevalent in various cultures CULTURAL STORIES. GHOSTS Individual claims of encounters with spirits or paranormal entities strengthen belief in ghosts PERSONAL EXPERIENCES. HUMAN PSYCHOLOGY The human tendency to seek explanations for unexplained phenomena often leads to belief in ghosts UNEXPLAINED PHENOMENA. GHOSTS The portrayal of ghosts in movies, TV shows, and books further reinforces their perceived reality POPULAR CULTURE.",
    "evaluation": 1
  },
  {
    "correct_answer": "One main reason is the prevalence of ghost stories and legends in various cultures.",
    "retrieved_context": "POPULAR CULTURE Ghost stories are a significant part of popular culture, influencing the collective belief in ghosts GHOST STORIES. GHOSTS The human tendency to seek explanations for unexplained phenomena often leads to belief in ghosts HUMAN PSYCHOLOGY. GHOSTS The belief in ghosts is influenced by psychological factors such as fear of the unknown and the desire for immortality PSYCHOLOGICAL FACTORS. GHOSTS Cultural and religious beliefs significantly shape people's beliefs in ghosts, with traditions and folklore reinforcing the idea of supernatural presence CULTURAL BELIEFS. GHOSTS The belief in ghosts is reinforced by ghost stories and legends prevalent in various cultures CULTURAL STORIES. GHOSTS Individual claims of encounters with spirits or paranormal entities strengthen belief in ghosts PERSONAL EXPERIENCES. HUMAN PSYCHOLOGY The human tendency to seek explanations for unexplained phenomena often leads to belief in ghosts UNEXPLAINED PHENOMENA. GHOSTS The portrayal of ghosts in movies, TV shows, and books further reinforces their perceived reality POPULAR CULTURE. POPULAR CULTURE Ghost stories are a significant part of popular culture, influencing the collective belief in ghosts GHOST STORIES.",
    "evaluation": 1
  },
  {
    "correct_answer": "Ghost stories are often passed down through generations.",
    "retrieved_context": "POPULAR CULTURE Ghost stories are a significant part of popular culture, influencing the collective belief in ghosts GHOST STORIES. GHOSTS The human tendency to seek explanations for unexplained phenomena often leads to belief in ghosts HUMAN PSYCHOLOGY. GHOSTS The belief in ghosts is influenced by psychological factors such as fear of the unknown and the desire for immortality PSYCHOLOGICAL FACTORS. GHOSTS Cultural and religious beliefs significantly shape people's beliefs in ghosts, with traditions and folklore reinforcing the idea of supernatural presence CULTURAL BELIEFS. GHOSTS The belief in ghosts is reinforced by ghost stories and legends prevalent in various cultures CULTURAL STORIES. GHOSTS Individual claims of encounters with spirits or paranormal entities strengthen belief in ghosts PERSONAL EXPERIENCES. HUMAN PSYCHOLOGY The human tendency to seek explanations for unexplained phenomena often leads to belief in ghosts UNEXPLAINED PHENOMENA. GHOSTS The portrayal of ghosts in movies, TV shows, and books further reinforces their perceived reality POPULAR CULTURE. PERSONAL ENCOUNTERS Personal encounters with what are believed to be spirits or paranormal entities contribute significantly to the belief in ghosts BELIEF IN GHOSTS.",
    "evaluation": 0
  },
  {
    "correct_answer": "The portrayal of ghosts in popular culture reinforces the idea that ghosts are real.",
    "retrieved_context": "POPULAR CULTURE Ghost stories are a significant part of popular culture, influencing the collective belief in ghosts GHOST STORIES. GHOSTS The human tendency to seek explanations for unexplained phenomena often leads to belief in ghosts HUMAN PSYCHOLOGY. GHOSTS The belief in ghosts is influenced by psychological factors such as fear of the unknown and the desire for immortality PSYCHOLOGICAL FACTORS. GHOSTS Cultural and religious beliefs significantly shape people's beliefs in ghosts, with traditions and folklore reinforcing the idea of supernatural presence CULTURAL BELIEFS. GHOSTS The belief in ghosts is reinforced by ghost stories and legends prevalent in various cultures CULTURAL STORIES. GHOSTS Individual claims of encounters with spirits or paranormal entities strengthen belief in ghosts PERSONAL EXPERIENCES. HUMAN PSYCHOLOGY The human tendency to seek explanations for unexplained phenomena often leads to belief in ghosts UNEXPLAINED PHENOMENA. GHOSTS The portrayal of ghosts in movies, TV shows, and books further reinforces their perceived reality POPULAR CULTURE. POPULAR CULTURE Ghost stories are a significant part of popular culture, influencing the collective belief in ghosts GHOST STORIES.",
    "evaluation": 1
  },
  {
    "correct_answer": "Exposure to ghost stories from a young age can shape a person's beliefs.",
    "retrieved_context": "POPULAR CULTURE Ghost stories are a significant part of popular culture, influencing the collective belief in ghosts GHOST STORIES. GHOSTS The human tendency to seek explanations for unexplained phenomena often leads to belief in ghosts HUMAN PSYCHOLOGY. GHOSTS The belief in ghosts is influenced by psychological factors such as fear of the unknown and the desire for immortality PSYCHOLOGICAL FACTORS. GHOSTS Cultural and religious beliefs significantly shape people's beliefs in ghosts, with traditions and folklore reinforcing the idea of supernatural presence CULTURAL BELIEFS. GHOSTS The belief in ghosts is reinforced by ghost stories and legends prevalent in various cultures CULTURAL STORIES. GHOSTS Individual claims of encounters with spirits or paranormal entities strengthen belief in ghosts PERSONAL EXPERIENCES. HUMAN PSYCHOLOGY The human tendency to seek explanations for unexplained phenomena often leads to belief in ghosts UNEXPLAINED PHENOMENA. GHOSTS The portrayal of ghosts in movies, TV shows, and books further reinforces their perceived reality POPULAR CULTURE. HUMAN PSYCHOLOGY The human tendency to seek explanations for unexplained phenomena often leads to belief in ghosts UNEXPLAINED PHENOMENA.",
    "evaluation": 0
  },
  {
    "correct_answer": "People seek explanations for the unexplained, leading some to turn to the supernatural.",
    "retrieved_context": "POPULAR CULTURE Ghost stories are a significant part of popular culture, influencing the collective belief in ghosts GHOST STORIES. GHOSTS The human tendency to seek explanations for unexplained phenomena often leads to belief in ghosts HUMAN PSYCHOLOGY. GHOSTS The belief in ghosts is influenced by psychological factors such as fear of the unknown and the desire for immortality PSYCHOLOGICAL FACTORS. GHOSTS Cultural and religious beliefs significantly shape people's beliefs in ghosts, with traditions and folklore reinforcing the idea of supernatural presence CULTURAL BELIEFS. GHOSTS The belief in ghosts is reinforced by ghost stories and legends prevalent in various cultures CULTURAL STORIES. GHOSTS Individual claims of encounters with spirits or paranormal entities strengthen belief in ghosts PERSONAL EXPERIENCES. HUMAN PSYCHOLOGY The human tendency to seek explanations for unexplained phenomena often leads to belief in ghosts UNEXPLAINED PHENOMENA. GHOSTS The portrayal of ghosts in movies, TV shows, and books further reinforces their perceived reality POPULAR CULTURE. PERSONAL ENCOUNTERS Personal encounters with what are believed to be spirits or paranormal entities contribute significantly to the belief in ghosts BELIEF IN GHOSTS. HUMAN PSYCHOLOGY The human tendency to seek explanations for unexplained phenomena often leads to belief in ghosts UNEXPLAINED PHENOMENA.",
    "evaluation": 1
  },
  {
    "correct_answer": "Believing in ghosts can provide comfort and reassurance.",
    "retrieved_context": "POPULAR CULTURE Ghost stories are a significant part of popular culture, influencing the collective belief in ghosts GHOST STORIES. GHOSTS The human tendency to seek explanations for unexplained phenomena often leads to belief in ghosts HUMAN PSYCHOLOGY. GHOSTS The belief in ghosts is influenced by psychological factors such as fear of the unknown and the desire for immortality PSYCHOLOGICAL FACTORS. GHOSTS Cultural and religious beliefs significantly shape people's beliefs in ghosts, with traditions and folklore reinforcing the idea of supernatural presence CULTURAL BELIEFS. GHOSTS The belief in ghosts is reinforced by ghost stories and legends prevalent in various cultures CULTURAL STORIES. GHOSTS Individual claims of encounters with spirits or paranormal entities strengthen belief in ghosts PERSONAL EXPERIENCES. HUMAN PSYCHOLOGY The human tendency to seek explanations for unexplained phenomena often leads to belief in ghosts UNEXPLAINED PHENOMENA. GHOSTS The portrayal of ghosts in movies, TV shows, and books further reinforces their perceived reality POPULAR CULTURE. PERSONAL ENCOUNTERS Personal encounters with what are believed to be spirits or paranormal entities contribute significantly to the belief in ghosts BELIEF IN GHOSTS.",
    "evaluation": 0
  },
  {
    "correct_answer": "Personal experiences with spirits or paranormal entities shape beliefs in ghosts.",
    "retrieved_context": "POPULAR CULTURE Ghost stories are a significant part of popular culture, influencing the collective belief in ghosts GHOST STORIES. GHOSTS The human tendency to seek explanations for unexplained phenomena often leads to belief in ghosts HUMAN PSYCHOLOGY. GHOSTS The belief in ghosts is influenced by psychological factors such as fear of the unknown and the desire for immortality PSYCHOLOGICAL FACTORS. GHOSTS Cultural and religious beliefs significantly shape people's beliefs in ghosts, with traditions and folklore reinforcing the idea of supernatural presence CULTURAL BELIEFS. GHOSTS The belief in ghosts is reinforced by ghost stories and legends prevalent in various cultures CULTURAL STORIES. GHOSTS Individual claims of encounters with spirits or paranormal entities strengthen belief in ghosts PERSONAL EXPERIENCES. HUMAN PSYCHOLOGY The human tendency to seek explanations for unexplained phenomena often leads to belief in ghosts UNEXPLAINED PHENOMENA. GHOSTS The portrayal of ghosts in movies, TV shows, and books further reinforces their perceived reality POPULAR CULTURE. PERSONAL ENCOUNTERS Personal encounters with what are believed to be spirits or paranormal entities contribute significantly to the belief in ghosts BELIEF IN GHOSTS.",
    "evaluation": 1
  },
  {
    "correct_answer": "Psychological factors like fear of the unknown contribute to belief in ghosts.",
    "retrieved_context": "POPULAR CULTURE Ghost stories are a significant part of popular culture, influencing the collective belief in ghosts GHOST STORIES. GHOSTS The human tendency to seek explanations for unexplained phenomena often leads to belief in ghosts HUMAN PSYCHOLOGY. GHOSTS The belief in ghosts is influenced by psychological factors such as fear of the unknown and the desire for immortality PSYCHOLOGICAL FACTORS. GHOSTS Cultural and religious beliefs significantly shape people's beliefs in ghosts, with traditions and folklore reinforcing the idea of supernatural presence CULTURAL BELIEFS. GHOSTS The belief in ghosts is reinforced by ghost stories and legends prevalent in various cultures CULTURAL STORIES. GHOSTS Individual claims of encounters with spirits or paranormal entities strengthen belief in ghosts PERSONAL EXPERIENCES. HUMAN PSYCHOLOGY The human tendency to seek explanations for unexplained phenomena often leads to belief in ghosts UNEXPLAINED PHENOMENA. GHOSTS The portrayal of ghosts in movies, TV shows, and books further reinforces their perceived reality POPULAR CULTURE. HUMAN PSYCHOLOGY The human tendency to seek explanations for unexplained phenomena often leads to belief in ghosts UNEXPLAINED PHENOMENA.",
    "evaluation": 1
  },
  {
    "correct_answer": "Cultural and religious beliefs influence perceptions of the supernatural and ghosts.",
    "retrieved_context": "POPULAR CULTURE Ghost stories are a significant part of popular culture, influencing the collective belief in ghosts GHOST STORIES. GHOSTS The human tendency to seek explanations for unexplained phenomena often leads to belief in ghosts HUMAN PSYCHOLOGY. GHOSTS The belief in ghosts is influenced by psychological factors such as fear of the unknown and the desire for immortality PSYCHOLOGICAL FACTORS. GHOSTS Cultural and religious beliefs significantly shape people's beliefs in ghosts, with traditions and folklore reinforcing the idea of supernatural presence CULTURAL BELIEFS. GHOSTS The belief in ghosts is reinforced by ghost stories and legends prevalent in various cultures CULTURAL STORIES. GHOSTS Individual claims of encounters with spirits or paranormal entities strengthen belief in ghosts PERSONAL EXPERIENCES. HUMAN PSYCHOLOGY The human tendency to seek explanations for unexplained phenomena often leads to belief in ghosts UNEXPLAINED PHENOMENA. GHOSTS The portrayal of ghosts in movies, TV shows, and books further reinforces their perceived reality POPULAR CULTURE.",
    "evaluation": 1
  },
  {
    "correct_answer": "The belief in ghosts is influenced by a combination of cultural, psychological, and personal factors.",
    "retrieved_context": "POPULAR CULTURE Ghost stories are a significant part of popular culture, influencing the collective belief in ghosts GHOST STORIES. GHOSTS The human tendency to seek explanations for unexplained phenomena often leads to belief in ghosts HUMAN PSYCHOLOGY. GHOSTS The belief in ghosts is influenced by psychological factors such as fear of the unknown and the desire for immortality PSYCHOLOGICAL FACTORS. GHOSTS Cultural and religious beliefs significantly shape people's beliefs in ghosts, with traditions and folklore reinforcing the idea of supernatural presence CULTURAL BELIEFS. GHOSTS The belief in ghosts is reinforced by ghost stories and legends prevalent in various cultures CULTURAL STORIES. GHOSTS Individual claims of encounters with spirits or paranormal entities strengthen belief in ghosts PERSONAL EXPERIENCES. HUMAN PSYCHOLOGY The human tendency to seek explanations for unexplained phenomena often leads to belief in ghosts UNEXPLAINED PHENOMENA. GHOSTS The portrayal of ghosts in movies, TV shows, and books further reinforces their perceived reality POPULAR CULTURE.",
    "evaluation": 1
  },
  {
    "accuracy": "73.33%"
  }
]