[
  {
    "correct_answer": "Modern medicine has made significant advancements over the past few centuries.",
    "retrieved_context": "MODERN MEDICINE Modern medicine has its roots in the practices of ancient civilizations ANCIENT CIVILIZATIONS. LOUIS PASTEUR Louis Pasteur and Robert Koch worked on the development of germ theory together, marking a milestone in medicine ROBERT KOCH. MODERN MEDICINE Louis Pasteur's germ theory significantly contributed to the advancements in modern medicine LOUIS PASTEUR. MODERN MEDICINE The work of Andreas Vesalius on human anatomy laid the foundation for modern medical practices ANDREAS VESALIUS. MODERN MEDICINE Robert Koch's discoveries alongside Louis Pasteur were pivotal in shaping modern medicine ROBERT KOCH. LOUIS PASTEUR Louis Pasteur was instrumental in the development of germ theory GERM THEORY. ROBERT KOCH Robert Koch contributed significantly to the establishment of germ theory GERM THEORY. ARTIFICIAL INTELLIGENCE Wearable devices generate health data that can be analyzed using artificial intelligence for better healthcare outcomes WEARABLE DEVICES. PERSONALIZED MEDICINE Personalized medicine relies on artificial intelligence for analyzing genetic data to tailor treatments ARTIFICIAL INTELLIGENCE. PHARMACEUTICAL INDUSTRY The pharmaceutical industry is comprised of pharmaceutical companies that drive the development of new medical treatments PHARMACEUTICAL COMPANIES. PHARMACEUTICAL COMPANIES Pharmaceutical companies are at the forefront of developing personalized medicine, tailoring treatments to individual patient profiles PERSONALIZED MEDICINE. PHARMACEUTICAL COMPANIES Pharmaceutical companies are at the forefront of developing personalized medicine, tailoring treatments to individual patient profiles PERSONALIZED MEDICINE. PERSONALIZED MEDICINE Personalized medicine relies on artificial intelligence for analyzing genetic data to tailor treatments ARTIFICIAL INTELLIGENCE. PHARMACEUTICAL INDUSTRY The pharmaceutical industry is comprised of pharmaceutical companies that drive the development of new medical treatments PHARMACEUTICAL COMPANIES. PENICILLIN The pharmaceutical industry has developed from discoveries like penicillin to create a wide range of medical treatments PHARMACEUTICAL INDUSTRY. ARTIFICIAL INTELLIGENCE Wearable devices generate health data that can be analyzed using artificial intelligence for better healthcare outcomes WEARABLE DEVICES. TELEMEDICINE Electronic health records support telemedicine by providing necessary patient information remotely ELECTRONIC HEALTH RECORDS. TELEMEDICINE Both telemedicine and artificial intelligence contribute to the transformation of healthcare delivery through technology ARTIFICIAL INTELLIGENCE.",
    "evaluation": 1
  },
  {
    "correct_answer": "Modern medicine has revolutionized healthcare practices.",
    "retrieved_context": "MODERN MEDICINE Modern medicine has its roots in the practices of ancient civilizations ANCIENT CIVILIZATIONS. LOUIS PASTEUR Louis Pasteur and Robert Koch worked on the development of germ theory together, marking a milestone in medicine ROBERT KOCH. MODERN MEDICINE Louis Pasteur's germ theory significantly contributed to the advancements in modern medicine LOUIS PASTEUR. MODERN MEDICINE The work of Andreas Vesalius on human anatomy laid the foundation for modern medical practices ANDREAS VESALIUS. MODERN MEDICINE Robert Koch's discoveries alongside Louis Pasteur were pivotal in shaping modern medicine ROBERT KOCH. LOUIS PASTEUR Louis Pasteur was instrumental in the development of germ theory GERM THEORY. ROBERT KOCH Robert Koch contributed significantly to the establishment of germ theory GERM THEORY. ARTIFICIAL INTELLIGENCE Wearable devices generate health data that can be analyzed using artificial intelligence for better healthcare outcomes WEARABLE DEVICES. PERSONALIZED MEDICINE Personalized medicine relies on artificial intelligence for analyzing genetic data to tailor treatments ARTIFICIAL INTELLIGENCE. PHARMACEUTICAL INDUSTRY The pharmaceutical industry is comprised of pharmaceutical companies that drive the development of new medical treatments PHARMACEUTICAL COMPANIES. PHARMACEUTICAL COMPANIES Pharmaceutical companies are at the forefront of developing personalized medicine, tailoring treatments to individual patient profiles PERSONALIZED MEDICINE. ARTIFICIAL INTELLIGENCE Wearable devices generate health data that can be analyzed using artificial intelligence for better healthcare outcomes WEARABLE DEVICES. TELEMEDICINE Electronic health records support telemedicine by providing necessary patient information remotely ELECTRONIC HEALTH RECORDS. TELEMEDICINE Both telemedicine and artificial intelligence contribute to the transformation of healthcare delivery through technology ARTIFICIAL INTELLIGENCE. PHARMACEUTICAL COMPANIES Pharmaceutical companies are at the forefront of developing personalized medicine, tailoring treatments to individual patient profiles PERSONALIZED MEDICINE. PERSONALIZED MEDICINE Personalized medicine relies on artificial intelligence for analyzing genetic data to tailor treatments ARTIFICIAL INTELLIGENCE. RENAISSANCE The study of human anatomy and physiology gained significant momentum during the Renaissance HUMAN ANATOMY AND PHYSIOLOGY.",
    "evaluation": 1
  },
  {
    "correct_answer": "Modern medicine has improved the quality of life for individuals worldwide.",
    "retrieved_context": "MODERN MEDICINE Modern medicine has its roots in the practices of ancient civilizations ANCIENT CIVILIZATIONS. LOUIS PASTEUR Louis Pasteur and Robert Koch worked on the development of germ theory together, marking a milestone in medicine ROBERT KOCH. MODERN MEDICINE Louis Pasteur's germ theory significantly contributed to the advancements in modern medicine LOUIS PASTEUR. MODERN MEDICINE The work of Andreas Vesalius on human anatomy laid the foundation for modern medical practices ANDREAS VESALIUS. MODERN MEDICINE Robert Koch's discoveries alongside Louis Pasteur were pivotal in shaping modern medicine ROBERT KOCH. LOUIS PASTEUR Louis Pasteur was instrumental in the development of germ theory GERM THEORY. ROBERT KOCH Robert Koch contributed significantly to the establishment of germ theory GERM THEORY. ARTIFICIAL INTELLIGENCE Wearable devices generate health data that can be analyzed using artificial intelligence for better healthcare outcomes WEARABLE DEVICES. PERSONALIZED MEDICINE Personalized medicine relies on artificial intelligence for analyzing genetic data to tailor treatments ARTIFICIAL INTELLIGENCE. PHARMACEUTICAL INDUSTRY The pharmaceutical industry is comprised of pharmaceutical companies that drive the development of new medical treatments PHARMACEUTICAL COMPANIES. PHARMACEUTICAL COMPANIES Pharmaceutical companies are at the forefront of developing personalized medicine, tailoring treatments to individual patient profiles PERSONALIZED MEDICINE. PHARMACEUTICAL COMPANIES Pharmaceutical companies are at the forefront of developing personalized medicine, tailoring treatments to individual patient profiles PERSONALIZED MEDICINE. PERSONALIZED MEDICINE Personalized medicine relies on artificial intelligence for analyzing genetic data to tailor treatments ARTIFICIAL INTELLIGENCE. ARTIFICIAL INTELLIGENCE Wearable devices generate health data that can be analyzed using artificial intelligence for better healthcare outcomes WEARABLE DEVICES. TELEMEDICINE Electronic health records support telemedicine by providing necessary patient information remotely ELECTRONIC HEALTH RECORDS. TELEMEDICINE Both telemedicine and artificial intelligence contribute to the transformation of healthcare delivery through technology ARTIFICIAL INTELLIGENCE. PHARMACEUTICAL INDUSTRY The pharmaceutical industry is comprised of pharmaceutical companies that drive the development of new medical treatments PHARMACEUTICAL COMPANIES. PENICILLIN The pharmaceutical industry has developed from discoveries like penicillin to create a wide range of medical treatments PHARMACEUTICAL INDUSTRY.",
    "evaluation": 0
  },
  {
    "correct_answer": "The evolution of medicine can be traced back to ancient civilizations.",
    "retrieved_context": "MODERN MEDICINE Modern medicine has its roots in the practices of ancient civilizations ANCIENT CIVILIZATIONS. LOUIS PASTEUR Louis Pasteur and Robert Koch worked on the development of germ theory together, marking a milestone in medicine ROBERT KOCH. MODERN MEDICINE Louis Pasteur's germ theory significantly contributed to the advancements in modern medicine LOUIS PASTEUR. MODERN MEDICINE The work of Andreas Vesalius on human anatomy laid the foundation for modern medical practices ANDREAS VESALIUS. MODERN MEDICINE Robert Koch's discoveries alongside Louis Pasteur were pivotal in shaping modern medicine ROBERT KOCH. LOUIS PASTEUR Louis Pasteur was instrumental in the development of germ theory GERM THEORY. ROBERT KOCH Robert Koch contributed significantly to the establishment of germ theory GERM THEORY. ARTIFICIAL INTELLIGENCE Wearable devices generate health data that can be analyzed using artificial intelligence for better healthcare outcomes WEARABLE DEVICES. PERSONALIZED MEDICINE Personalized medicine relies on artificial intelligence for analyzing genetic data to tailor treatments ARTIFICIAL INTELLIGENCE. PHARMACEUTICAL INDUSTRY The pharmaceutical industry is comprised of pharmaceutical companies that drive the development of new medical treatments PHARMACEUTICAL COMPANIES. PHARMACEUTICAL COMPANIES Pharmaceutical companies are at the forefront of developing personalized medicine, tailoring treatments to individual patient profiles PERSONALIZED MEDICINE. PHARMACEUTICAL COMPANIES Pharmaceutical companies are at the forefront of developing personalized medicine, tailoring treatments to individual patient profiles PERSONALIZED MEDICINE. PERSONALIZED MEDICINE Personalized medicine relies on artificial intelligence for analyzing genetic data to tailor treatments ARTIFICIAL INTELLIGENCE.",
    "evaluation": 1
  },
  {
    "correct_answer": "Primitive forms of medical treatment were practiced in ancient civilizations.",
    "retrieved_context": "MODERN MEDICINE Modern medicine has its roots in the practices of ancient civilizations ANCIENT CIVILIZATIONS. LOUIS PASTEUR Louis Pasteur and Robert Koch worked on the development of germ theory together, marking a milestone in medicine ROBERT KOCH. MODERN MEDICINE Louis Pasteur's germ theory significantly contributed to the advancements in modern medicine LOUIS PASTEUR. MODERN MEDICINE The work of Andreas Vesalius on human anatomy laid the foundation for modern medical practices ANDREAS VESALIUS. MODERN MEDICINE Robert Koch's discoveries alongside Louis Pasteur were pivotal in shaping modern medicine ROBERT KOCH. LOUIS PASTEUR Louis Pasteur was instrumental in the development of germ theory GERM THEORY. ROBERT KOCH Robert Koch contributed significantly to the establishment of germ theory GERM THEORY. ARTIFICIAL INTELLIGENCE Wearable devices generate health data that can be analyzed using artificial intelligence for better healthcare outcomes WEARABLE DEVICES. PERSONALIZED MEDICINE Personalized medicine relies on artificial intelligence for analyzing genetic data to tailor treatments ARTIFICIAL INTELLIGENCE. ARTIFICIAL INTELLIGENCE Wearable devices generate health data that can be analyzed using artificial intelligence for better healthcare outcomes WEARABLE DEVICES. TELEMEDICINE Electronic health records support telemedicine by providing necessary patient information remotely ELECTRONIC HEALTH RECORDS. TELEMEDICINE Both telemedicine and artificial intelligence contribute to the transformation of healthcare delivery through technology ARTIFICIAL INTELLIGENCE. ANESTHESIA The introduction of anesthesia was a pivotal moment in the evolution of surgery, making complex operations possible without causing pain SURGERY. SURGERY Advancements in diagnostic tools have complemented surgical innovations by improving preoperative diagnosis and postoperative monitoring DIAGNOSTIC TOOLS. PHARMACEUTICAL INDUSTRY The pharmaceutical industry is comprised of pharmaceutical companies that drive the development of new medical treatments PHARMACEUTICAL COMPANIES. PHARMACEUTICAL COMPANIES Pharmaceutical companies are at the forefront of developing personalized medicine, tailoring treatments to individual patient profiles PERSONALIZED MEDICINE.",
    "evaluation": 0
  },
  {
    "correct_answer": "Scientific discoveries and technological innovations have paved the way for sophisticated medical practices.",
    "retrieved_context": "MODERN MEDICINE Modern medicine has its roots in the practices of ancient civilizations ANCIENT CIVILIZATIONS. LOUIS PASTEUR Louis Pasteur and Robert Koch worked on the development of germ theory together, marking a milestone in medicine ROBERT KOCH. MODERN MEDICINE Louis Pasteur's germ theory significantly contributed to the advancements in modern medicine LOUIS PASTEUR. MODERN MEDICINE The work of Andreas Vesalius on human anatomy laid the foundation for modern medical practices ANDREAS VESALIUS. MODERN MEDICINE Robert Koch's discoveries alongside Louis Pasteur were pivotal in shaping modern medicine ROBERT KOCH. LOUIS PASTEUR Louis Pasteur was instrumental in the development of germ theory GERM THEORY. ROBERT KOCH Robert Koch contributed significantly to the establishment of germ theory GERM THEORY. ARTIFICIAL INTELLIGENCE Wearable devices generate health data that can be analyzed using artificial intelligence for better healthcare outcomes WEARABLE DEVICES. PERSONALIZED MEDICINE Personalized medicine relies on artificial intelligence for analyzing genetic data to tailor treatments ARTIFICIAL INTELLIGENCE. ARTIFICIAL INTELLIGENCE Wearable devices generate health data that can be analyzed using artificial intelligence for better healthcare outcomes WEARABLE DEVICES. TELEMEDICINE Electronic health records support telemedicine by providing necessary patient information remotely ELECTRONIC HEALTH RECORDS. TELEMEDICINE Both telemedicine and artificial intelligence contribute to the transformation of healthcare delivery through technology ARTIFICIAL INTELLIGENCE. PHARMACEUTICAL INDUSTRY The pharmaceutical industry is comprised of pharmaceutical companies that drive the development of new medical treatments PHARMACEUTICAL COMPANIES. PHARMACEUTICAL COMPANIES Pharmaceutical companies are at the forefront of developing personalized medicine, tailoring treatments to individual patient profiles PERSONALIZED MEDICINE. SURGERY Advancements in diagnostic tools have complemented surgical innovations by improving preoperative diagnosis and postoperative monitoring DIAGNOSTIC TOOLS. PHARMACEUTICAL COMPANIES Pharmaceutical companies are at the forefront of developing personalized medicine, tailoring treatments to individual patient profiles PERSONALIZED MEDICINE. PERSONALIZED MEDICINE Personalized medicine relies on artificial intelligence for analyzing genetic data to tailor treatments ARTIFICIAL INTELLIGENCE.",
    "evaluation": 1
  },
  {
    "correct_answer": "One key development in modern medicine is the understanding of human anatomy and physiology.",
    "retrieved_context": "MODERN MEDICINE Modern medicine has its roots in the practices of ancient civilizations ANCIENT CIVILIZATIONS. LOUIS PASTEUR Louis Pasteur and Robert Koch worked on the development of germ theory together, marking a milestone in medicine ROBERT KOCH. MODERN MEDICINE Louis Pasteur's germ theory significantly contributed to the advancements in modern medicine LOUIS PASTEUR. MODERN MEDICINE The work of Andreas Vesalius on human anatomy laid the foundation for modern medical practices ANDREAS VESALIUS. MODERN MEDICINE Robert Koch's discoveries alongside Louis Pasteur were pivotal in shaping modern medicine ROBERT KOCH. LOUIS PASTEUR Louis Pasteur was instrumental in the development of germ theory GERM THEORY. ROBERT KOCH Robert Koch contributed significantly to the establishment of germ theory GERM THEORY. ARTIFICIAL INTELLIGENCE Wearable devices generate health data that can be analyzed using artificial intelligence for better healthcare outcomes WEARABLE DEVICES. PERSONALIZED MEDICINE Personalized medicine relies on artificial intelligence for analyzing genetic data to tailor treatments ARTIFICIAL INTELLIGENCE. GERM THEORY The development of antibiotics and vaccines was a direct outcome of the germ theory ANTIBIOTICS AND VACCINES. ARTIFICIAL INTELLIGENCE Wearable devices generate health data that can be analyzed using artificial intelligence for better healthcare outcomes WEARABLE DEVICES. TELEMEDICINE Electronic health records support telemedicine by providing necessary patient information remotely ELECTRONIC HEALTH RECORDS. TELEMEDICINE Both telemedicine and artificial intelligence contribute to the transformation of healthcare delivery through technology ARTIFICIAL INTELLIGENCE. ANESTHESIA The introduction of anesthesia was a pivotal moment in the evolution of surgery, making complex operations possible without causing pain SURGERY. SURGERY Advancements in diagnostic tools have complemented surgical innovations by improving preoperative diagnosis and postoperative monitoring DIAGNOSTIC TOOLS. SURGERY Advancements in diagnostic tools have complemented surgical innovations by improving preoperative diagnosis and postoperative monitoring DIAGNOSTIC TOOLS.",
    "evaluation": 0
  },
  {
    "correct_answer": "The study of anatomy began to take shape during the Renaissance period.",
    "retrieved_context": "RENAISSANCE The study of human anatomy and physiology gained significant momentum during the Renaissance HUMAN ANATOMY AND PHYSIOLOGY. MODERN MEDICINE Modern medicine has its roots in the practices of ancient civilizations ANCIENT CIVILIZATIONS. LOUIS PASTEUR Louis Pasteur and Robert Koch worked on the development of germ theory together, marking a milestone in medicine ROBERT KOCH. MODERN MEDICINE Louis Pasteur's germ theory significantly contributed to the advancements in modern medicine LOUIS PASTEUR. MODERN MEDICINE The work of Andreas Vesalius on human anatomy laid the foundation for modern medical practices ANDREAS VESALIUS. MODERN MEDICINE Robert Koch's discoveries alongside Louis Pasteur were pivotal in shaping modern medicine ROBERT KOCH. LOUIS PASTEUR Louis Pasteur was instrumental in the development of germ theory GERM THEORY. ROBERT KOCH Robert Koch contributed significantly to the establishment of germ theory GERM THEORY. SURGERY Advancements in diagnostic tools have complemented surgical innovations by improving preoperative diagnosis and postoperative monitoring DIAGNOSTIC TOOLS. WILHELM ROENTGEN Wilhelm Roentgen is credited with the invention of the X-ray X-RAY. ANESTHESIA The introduction of anesthesia was a pivotal moment in the evolution of surgery, making complex operations possible without causing pain SURGERY. SURGERY Advancements in diagnostic tools have complemented surgical innovations by improving preoperative diagnosis and postoperative monitoring DIAGNOSTIC TOOLS. ARTIFICIAL INTELLIGENCE Wearable devices generate health data that can be analyzed using artificial intelligence for better healthcare outcomes WEARABLE DEVICES. TELEMEDICINE Electronic health records support telemedicine by providing necessary patient information remotely ELECTRONIC HEALTH RECORDS. TELEMEDICINE Both telemedicine and artificial intelligence contribute to the transformation of healthcare delivery through technology ARTIFICIAL INTELLIGENCE.",
    "evaluation": 1
  },
  {
    "correct_answer": "Andreas Vesalius challenged traditional beliefs and conducted detailed dissections to understand the human body.",
    "retrieved_context": "MODERN MEDICINE Modern medicine has its roots in the practices of ancient civilizations ANCIENT CIVILIZATIONS. LOUIS PASTEUR Louis Pasteur and Robert Koch worked on the development of germ theory together, marking a milestone in medicine ROBERT KOCH. MODERN MEDICINE Louis Pasteur's germ theory significantly contributed to the advancements in modern medicine LOUIS PASTEUR. MODERN MEDICINE The work of Andreas Vesalius on human anatomy laid the foundation for modern medical practices ANDREAS VESALIUS. MODERN MEDICINE Robert Koch's discoveries alongside Louis Pasteur were pivotal in shaping modern medicine ROBERT KOCH. LOUIS PASTEUR Louis Pasteur was instrumental in the development of germ theory GERM THEORY. ROBERT KOCH Robert Koch contributed significantly to the establishment of germ theory GERM THEORY. WILHELM ROENTGEN Wilhelm Roentgen is credited with the invention of the X-ray X-RAY. SURGERY Advancements in diagnostic tools have complemented surgical innovations by improving preoperative diagnosis and postoperative monitoring DIAGNOSTIC TOOLS. RENAISSANCE The study of human anatomy and physiology gained significant momentum during the Renaissance HUMAN ANATOMY AND PHYSIOLOGY. ARTIFICIAL INTELLIGENCE Wearable devices generate health data that can be analyzed using artificial intelligence for better healthcare outcomes WEARABLE DEVICES.",
    "evaluation": 0
  },
  {
    "correct_answer": "The discovery of germs and the development of germ theory by Louis Pasteur and Robert Koch marked a milestone in medicine.",
    "retrieved_context": "GERM THEORY The development of antibiotics and vaccines was a direct outcome of the germ theory ANTIBIOTICS AND VACCINES. MODERN MEDICINE Modern medicine has its roots in the practices of ancient civilizations ANCIENT CIVILIZATIONS. LOUIS PASTEUR Louis Pasteur and Robert Koch worked on the development of germ theory together, marking a milestone in medicine ROBERT KOCH. MODERN MEDICINE Louis Pasteur's germ theory significantly contributed to the advancements in modern medicine LOUIS PASTEUR. MODERN MEDICINE The work of Andreas Vesalius on human anatomy laid the foundation for modern medical practices ANDREAS VESALIUS. MODERN MEDICINE Robert Koch's discoveries alongside Louis Pasteur were pivotal in shaping modern medicine ROBERT KOCH. LOUIS PASTEUR Louis Pasteur was instrumental in the development of germ theory GERM THEORY. ROBERT KOCH Robert Koch contributed significantly to the establishment of germ theory GERM THEORY. GERM THEORY The development of antibiotics and vaccines was a direct outcome of the germ theory ANTIBIOTICS AND VACCINES. LOUIS PASTEUR Louis Pasteur was instrumental in the development of germ theory GERM THEORY. ROBERT KOCH Robert Koch contributed significantly to the establishment of germ theory GERM THEORY. LOUIS PASTEUR Louis Pasteur and Robert Koch worked on the development of germ theory together, marking a milestone in medicine ROBERT KOCH. ARTIFICIAL INTELLIGENCE Wearable devices generate health data that can be analyzed using artificial intelligence for better healthcare outcomes WEARABLE DEVICES. PERSONALIZED MEDICINE Personalized medicine relies on artificial intelligence for analyzing genetic data to tailor treatments ARTIFICIAL INTELLIGENCE. ROBERT KOCH Robert Koch contributed significantly to the establishment of germ theory GERM THEORY. GERM THEORY The development of antibiotics and vaccines was a direct outcome of the germ theory ANTIBIOTICS AND VACCINES. WILHELM ROENTGEN Wilhelm Roentgen is credited with the invention of the X-ray X-RAY.",
    "evaluation": 1
  },
  {
    "correct_answer": "The identification of specific microorganisms as the cause of diseases revolutionized medicine.",
    "retrieved_context": "MODERN MEDICINE Modern medicine has its roots in the practices of ancient civilizations ANCIENT CIVILIZATIONS. LOUIS PASTEUR Louis Pasteur and Robert Koch worked on the development of germ theory together, marking a milestone in medicine ROBERT KOCH. MODERN MEDICINE Louis Pasteur's germ theory significantly contributed to the advancements in modern medicine LOUIS PASTEUR. MODERN MEDICINE The work of Andreas Vesalius on human anatomy laid the foundation for modern medical practices ANDREAS VESALIUS. MODERN MEDICINE Robert Koch's discoveries alongside Louis Pasteur were pivotal in shaping modern medicine ROBERT KOCH. LOUIS PASTEUR Louis Pasteur was instrumental in the development of germ theory GERM THEORY. ROBERT KOCH Robert Koch contributed significantly to the establishment of germ theory GERM THEORY. ARTIFICIAL INTELLIGENCE Wearable devices generate health data that can be analyzed using artificial intelligence for better healthcare outcomes WEARABLE DEVICES. PERSONALIZED MEDICINE Personalized medicine relies on artificial intelligence for analyzing genetic data to tailor treatments ARTIFICIAL INTELLIGENCE. PHARMACEUTICAL INDUSTRY The pharmaceutical industry is comprised of pharmaceutical companies that drive the development of new medical treatments PHARMACEUTICAL COMPANIES. PENICILLIN The pharmaceutical industry has developed from discoveries like penicillin to create a wide range of medical treatments PHARMACEUTICAL INDUSTRY. PHARMACEUTICAL INDUSTRY The pharmaceutical industry is comprised of pharmaceutical companies that drive the development of new medical treatments PHARMACEUTICAL COMPANIES. PHARMACEUTICAL COMPANIES Pharmaceutical companies are at the forefront of developing personalized medicine, tailoring treatments to individual patient profiles PERSONALIZED MEDICINE. GERM THEORY The development of antibiotics and vaccines was a direct outcome of the germ theory ANTIBIOTICS AND VACCINES. PHARMACEUTICAL COMPANIES Pharmaceutical companies are at the forefront of developing personalized medicine, tailoring treatments to individual patient profiles PERSONALIZED MEDICINE. PERSONALIZED MEDICINE Personalized medicine relies on artificial intelligence for analyzing genetic data to tailor treatments ARTIFICIAL INTELLIGENCE.",
    "evaluation": 0
  },
  {
    "correct_answer": "The 20th century witnessed rapid advancements in medical technology.",
    "retrieved_context": "MODERN MEDICINE Modern medicine has its roots in the practices of ancient civilizations ANCIENT CIVILIZATIONS. LOUIS PASTEUR Louis Pasteur and Robert Koch worked on the development of germ theory together, marking a milestone in medicine ROBERT KOCH. MODERN MEDICINE Louis Pasteur's germ theory significantly contributed to the advancements in modern medicine LOUIS PASTEUR. MODERN MEDICINE The work of Andreas Vesalius on human anatomy laid the foundation for modern medical practices ANDREAS VESALIUS. MODERN MEDICINE Robert Koch's discoveries alongside Louis Pasteur were pivotal in shaping modern medicine ROBERT KOCH. LOUIS PASTEUR Louis Pasteur was instrumental in the development of germ theory GERM THEORY. ROBERT KOCH Robert Koch contributed significantly to the establishment of germ theory GERM THEORY. ARTIFICIAL INTELLIGENCE Wearable devices generate health data that can be analyzed using artificial intelligence for better healthcare outcomes WEARABLE DEVICES. TELEMEDICINE Electronic health records support telemedicine by providing necessary patient information remotely ELECTRONIC HEALTH RECORDS. TELEMEDICINE Both telemedicine and artificial intelligence contribute to the transformation of healthcare delivery through technology ARTIFICIAL INTELLIGENCE. PHARMACEUTICAL INDUSTRY The pharmaceutical industry is comprised of pharmaceutical companies that drive the development of new medical treatments PHARMACEUTICAL COMPANIES. PHARMACEUTICAL COMPANIES Pharmaceutical companies are at the forefront of developing personalized medicine, tailoring treatments to individual patient profiles PERSONALIZED MEDICINE. ARTIFICIAL INTELLIGENCE Wearable devices generate health data that can be analyzed using artificial intelligence for better healthcare outcomes WEARABLE DEVICES. PERSONALIZED MEDICINE Personalized medicine relies on artificial intelligence for analyzing genetic data to tailor treatments ARTIFICIAL INTELLIGENCE. PHARMACEUTICAL COMPANIES Pharmaceutical companies are at the forefront of developing personalized medicine, tailoring treatments to individual patient profiles PERSONALIZED MEDICINE. PERSONALIZED MEDICINE Personalized medicine relies on artificial intelligence for analyzing genetic data to tailor treatments ARTIFICIAL INTELLIGENCE. SURGERY Advancements in diagnostic tools have complemented surgical innovations by improving preoperative diagnosis and postoperative monitoring DIAGNOSTIC TOOLS. RENAISSANCE The study of human anatomy and physiology gained significant momentum during the Renaissance HUMAN ANATOMY AND PHYSIOLOGY.",
    "evaluation": 0
  },
  {
    "correct_answer": "The invention of the X-ray by Wilhelm Roentgen revolutionized medical imaging.",
    "retrieved_context": "WILHELM ROENTGEN Wilhelm Roentgen is credited with the invention of the X-ray X-RAY. MODERN MEDICINE Modern medicine has its roots in the practices of ancient civilizations ANCIENT CIVILIZATIONS. LOUIS PASTEUR Louis Pasteur and Robert Koch worked on the development of germ theory together, marking a milestone in medicine ROBERT KOCH. MODERN MEDICINE Louis Pasteur's germ theory significantly contributed to the advancements in modern medicine LOUIS PASTEUR. MODERN MEDICINE The work of Andreas Vesalius on human anatomy laid the foundation for modern medical practices ANDREAS VESALIUS. MODERN MEDICINE Robert Koch's discoveries alongside Louis Pasteur were pivotal in shaping modern medicine ROBERT KOCH. LOUIS PASTEUR Louis Pasteur was instrumental in the development of germ theory GERM THEORY. ROBERT KOCH Robert Koch contributed significantly to the establishment of germ theory GERM THEORY. SURGERY Advancements in diagnostic tools have complemented surgical innovations by improving preoperative diagnosis and postoperative monitoring DIAGNOSTIC TOOLS. ARTIFICIAL INTELLIGENCE Wearable devices generate health data that can be analyzed using artificial intelligence for better healthcare outcomes WEARABLE DEVICES. PERSONALIZED MEDICINE Personalized medicine relies on artificial intelligence for analyzing genetic data to tailor treatments ARTIFICIAL INTELLIGENCE. ALEXANDER FLEMING Alexander Fleming discovered penicillin, leading to the antibiotic era PENICILLIN. PENICILLIN The pharmaceutical industry has developed from discoveries like penicillin to create a wide range of medical treatments PHARMACEUTICAL INDUSTRY.",
    "evaluation": 0
  },
  {
    "correct_answer": "The pharmaceutical industry has played a crucial role in the development of modern medicine.",
    "retrieved_context": "PHARMACEUTICAL INDUSTRY The pharmaceutical industry is comprised of pharmaceutical companies that drive the development of new medical treatments PHARMACEUTICAL COMPANIES. PHARMACEUTICAL COMPANIES Pharmaceutical companies are at the forefront of developing personalized medicine, tailoring treatments to individual patient profiles PERSONALIZED MEDICINE. MODERN MEDICINE Modern medicine has its roots in the practices of ancient civilizations ANCIENT CIVILIZATIONS. LOUIS PASTEUR Louis Pasteur and Robert Koch worked on the development of germ theory together, marking a milestone in medicine ROBERT KOCH. MODERN MEDICINE Louis Pasteur's germ theory significantly contributed to the advancements in modern medicine LOUIS PASTEUR. MODERN MEDICINE The work of Andreas Vesalius on human anatomy laid the foundation for modern medical practices ANDREAS VESALIUS. MODERN MEDICINE Robert Koch's discoveries alongside Louis Pasteur were pivotal in shaping modern medicine ROBERT KOCH. LOUIS PASTEUR Louis Pasteur was instrumental in the development of germ theory GERM THEORY. ROBERT KOCH Robert Koch contributed significantly to the establishment of germ theory GERM THEORY. PHARMACEUTICAL COMPANIES Pharmaceutical companies are at the forefront of developing personalized medicine, tailoring treatments to individual patient profiles PERSONALIZED MEDICINE. PERSONALIZED MEDICINE Personalized medicine relies on artificial intelligence for analyzing genetic data to tailor treatments ARTIFICIAL INTELLIGENCE. ARTIFICIAL INTELLIGENCE Wearable devices generate health data that can be analyzed using artificial intelligence for better healthcare outcomes WEARABLE DEVICES. PERSONALIZED MEDICINE Personalized medicine relies on artificial intelligence for analyzing genetic data to tailor treatments ARTIFICIAL INTELLIGENCE. PHARMACEUTICAL INDUSTRY The pharmaceutical industry is comprised of pharmaceutical companies that drive the development of new medical treatments PHARMACEUTICAL COMPANIES. PENICILLIN The pharmaceutical industry has developed from discoveries like penicillin to create a wide range of medical treatments PHARMACEUTICAL INDUSTRY. ANESTHESIA The introduction of anesthesia was a pivotal moment in the evolution of surgery, making complex operations possible without causing pain SURGERY. SURGERY Advancements in diagnostic tools have complemented surgical innovations by improving preoperative diagnosis and postoperative monitoring DIAGNOSTIC TOOLS.",
    "evaluation": 1
  },
  {
    "correct_answer": "The discovery of penicillin by Alexander Fleming revolutionized the treatment of bacterial infections.",
    "retrieved_context": "PHARMACEUTICAL INDUSTRY The pharmaceutical industry is comprised of pharmaceutical companies that drive the development of new medical treatments PHARMACEUTICAL COMPANIES. PENICILLIN The pharmaceutical industry has developed from discoveries like penicillin to create a wide range of medical treatments PHARMACEUTICAL INDUSTRY. ALEXANDER FLEMING Alexander Fleming discovered penicillin, leading to the antibiotic era PENICILLIN. PENICILLIN The pharmaceutical industry has developed from discoveries like penicillin to create a wide range of medical treatments PHARMACEUTICAL INDUSTRY. MODERN MEDICINE Modern medicine has its roots in the practices of ancient civilizations ANCIENT CIVILIZATIONS. LOUIS PASTEUR Louis Pasteur and Robert Koch worked on the development of germ theory together, marking a milestone in medicine ROBERT KOCH. MODERN MEDICINE Louis Pasteur's germ theory significantly contributed to the advancements in modern medicine LOUIS PASTEUR. MODERN MEDICINE The work of Andreas Vesalius on human anatomy laid the foundation for modern medical practices ANDREAS VESALIUS. MODERN MEDICINE Robert Koch's discoveries alongside Louis Pasteur were pivotal in shaping modern medicine ROBERT KOCH. LOUIS PASTEUR Louis Pasteur was instrumental in the development of germ theory GERM THEORY. ROBERT KOCH Robert Koch contributed significantly to the establishment of germ theory GERM THEORY. ARTIFICIAL INTELLIGENCE Wearable devices generate health data that can be analyzed using artificial intelligence for better healthcare outcomes WEARABLE DEVICES. PERSONALIZED MEDICINE Personalized medicine relies on artificial intelligence for analyzing genetic data to tailor treatments ARTIFICIAL INTELLIGENCE. PHARMACEUTICAL INDUSTRY The pharmaceutical industry is comprised of pharmaceutical companies that drive the development of new medical treatments PHARMACEUTICAL COMPANIES. PHARMACEUTICAL COMPANIES Pharmaceutical companies are at the forefront of developing personalized medicine, tailoring treatments to individual patient profiles PERSONALIZED MEDICINE. PHARMACEUTICAL COMPANIES Pharmaceutical companies are at the forefront of developing personalized medicine, tailoring treatments to individual patient profiles PERSONALIZED MEDICINE. PERSONALIZED MEDICINE Personalized medicine relies on artificial intelligence for analyzing genetic data to tailor treatments ARTIFICIAL INTELLIGENCE. RENAISSANCE The study of human anatomy and physiology gained significant momentum during the Renaissance HUMAN ANATOMY AND PHYSIOLOGY.",
    "evaluation": 1
  },
  {
    "accuracy": "53.33%"
  }
]