[
  {
    "correct_answer": "Video games have evolved since the mid-20th century.",
    "retrieved_context": "CONSOLE AND PC GAMING Technological advancements have continuously shaped and improved console and PC gaming experiences TECHNOLOGICAL ADVANCEMENTS. CLOUD GAMING Cloud gaming supports VR by allowing high-quality VR games to be streamed over the internet VIRTUAL REALITY (VR). ATARI 2600 The Atari 2600 was a significant development in the transition to console and PC gaming CONSOLE AND PC GAMING. CONSOLE AND PC GAMING Technological advancements have continuously shaped and improved console and PC gaming experiences TECHNOLOGICAL ADVANCEMENTS. ARTIFICIAL INTELLIGENCE (AI) Advancements in AI are poised to revolutionize the video game industry, making games more sophisticated and realistic VIDEO GAMES. PLAYSTATION VR AI developments enhance the immersive experiences in PlayStation VR games ARTIFICIAL INTELLIGENCE (AI). PLAYSTATION VR Machine learning technologies improve the gameplay and immersive experience of PlayStation VR MACHINE LEARNING. PLAYSTATION VR PlayStation VR is a VR headset developed by PlayStation for immersive gaming experiences VIRTUAL REALITY (VR). MACHINE LEARNING Machine learning contributes to the development of more sophisticated, realistic, and interconnected video games VIDEO GAMES. FORTNITE The evolution of technology has allowed for interactive experiences in games such as Fortnite TECHNOLOGICAL ADVANCEMENTS.",
    "evaluation": 1
  },
  {
    "correct_answer": "Pong and Space Invaders were simple, pixelated games.",
    "retrieved_context": "ATARI 2600 The Atari 2600 was a significant development in the transition to console and PC gaming CONSOLE AND PC GAMING. SPACE INVADERS Space Invaders' success in arcades contributed to the popularity and development of home gaming systems like the Atari 2600 ATARI 2600. SPACE INVADERS Space Invaders significantly contributed to the arcade gaming craze of the 1970s ARCADE GAMING. ATARI 2600 The Atari 2600 was a significant development in the transition to console and PC gaming CONSOLE AND PC GAMING. PONG Pong was one of the early successes that contributed to the rise of arcade gaming ARCADE GAMING. PONG Pong, as an early arcade game, paved the way for home gaming consoles like the Atari 2600 ATARI 2600. ARTIFICIAL INTELLIGENCE (AI) Advancements in AI are poised to revolutionize the video game industry, making games more sophisticated and realistic VIDEO GAMES. PLAYSTATION VR AI developments enhance the immersive experiences in PlayStation VR games ARTIFICIAL INTELLIGENCE (AI). PLAYSTATION VR Machine learning technologies improve the gameplay and immersive experience of PlayStation VR MACHINE LEARNING. PLAYSTATION VR PlayStation VR is a VR headset developed by PlayStation for immersive gaming experiences VIRTUAL REALITY (VR). MACHINE LEARNING Machine learning contributes to the development of more sophisticated, realistic, and interconnected video games VIDEO GAMES. MACHINE LEARNING Machine learning contributes to the development of more sophisticated, realistic, and interconnected video games VIDEO GAMES. POKÉMON GO Machine learning technologies enhance the augmented reality experience in Pokémon Go MACHINE LEARNING. POKÉMON GO Blockchain technology could offer new ways to engage with AR games like Pokémon Go BLOCKCHAIN TECHNOLOGY. BLOCKCHAIN TECHNOLOGY Blockchain technology is set to revolutionize the video game industry by offering new ways to engage with games VIDEO GAMES. CLOUD GAMING Cloud gaming supports VR by allowing high-quality VR games to be streamed over the internet VIRTUAL REALITY (VR).",
    "evaluation": 0
  },
  {
    "correct_answer": "Red Dead Redemption and Fortnite offer lifelike worlds.",
    "retrieved_context": "RED DEAD REDEMPTION Both games represent the modern era of video gaming, showcasing the industry's evolution towards immersive experiences FORTNITE. RED DEAD REDEMPTION Technological advancements have enabled the creation of immersive worlds in games like Red Dead Redemption TECHNOLOGICAL ADVANCEMENTS. FORTNITE The evolution of technology has allowed for interactive experiences in games such as Fortnite TECHNOLOGICAL ADVANCEMENTS. FORTNITE The evolution of technology has allowed for interactive experiences in games such as Fortnite TECHNOLOGICAL ADVANCEMENTS. CONSOLE AND PC GAMING Technological advancements have continuously shaped and improved console and PC gaming experiences TECHNOLOGICAL ADVANCEMENTS. CLOUD GAMING Cloud gaming supports VR by allowing high-quality VR games to be streamed over the internet VIRTUAL REALITY (VR). ATARI 2600 The Atari 2600 was a significant development in the transition to console and PC gaming CONSOLE AND PC GAMING. SPACE INVADERS Space Invaders' success in arcades contributed to the popularity and development of home gaming systems like the Atari 2600 ATARI 2600. SPACE INVADERS Space Invaders significantly contributed to the arcade gaming craze of the 1970s ARCADE GAMING.",
    "evaluation": 1
  },
  {
    "correct_answer": "Spacewar! was developed in 1962 at MIT.",
    "retrieved_context": "ATARI 2600 The Atari 2600 was a significant development in the transition to console and PC gaming CONSOLE AND PC GAMING. SPACE INVADERS Space Invaders' success in arcades contributed to the popularity and development of home gaming systems like the Atari 2600 ATARI 2600. SPACE INVADERS Space Invaders significantly contributed to the arcade gaming craze of the 1970s ARCADE GAMING. MASSACHUSETTS INSTITUTE OF TECHNOLOGY Spacewar! was developed at MIT, marking a significant point in the history of video game development SPACEWAR!. PAC-MAN Pac-Man's release was a landmark event in the arcade gaming era, contributing to its popularity ARCADE GAMING. ATARI 2600 The Atari 2600 was a significant development in the transition to console and PC gaming CONSOLE AND PC GAMING. CONSOLE AND PC GAMING Technological advancements have continuously shaped and improved console and PC gaming experiences TECHNOLOGICAL ADVANCEMENTS. ARTIFICIAL INTELLIGENCE (AI) Advancements in AI are poised to revolutionize the video game industry, making games more sophisticated and realistic VIDEO GAMES.",
    "evaluation": 0
  },
  {
    "correct_answer": "Spacewar! introduced multiplayer gameplay.",
    "retrieved_context": "ATARI 2600 The Atari 2600 was a significant development in the transition to console and PC gaming CONSOLE AND PC GAMING. SPACE INVADERS Space Invaders' success in arcades contributed to the popularity and development of home gaming systems like the Atari 2600 ATARI 2600. SPACE INVADERS Space Invaders significantly contributed to the arcade gaming craze of the 1970s ARCADE GAMING. CLOUD GAMING Cloud gaming supports VR by allowing high-quality VR games to be streamed over the internet VIRTUAL REALITY (VR). FORTNITE The evolution of technology has allowed for interactive experiences in games such as Fortnite TECHNOLOGICAL ADVANCEMENTS. ARTIFICIAL INTELLIGENCE (AI) Advancements in AI are poised to revolutionize the video game industry, making games more sophisticated and realistic VIDEO GAMES. PLAYSTATION VR AI developments enhance the immersive experiences in PlayStation VR games ARTIFICIAL INTELLIGENCE (AI). PLAYSTATION VR Machine learning technologies improve the gameplay and immersive experience of PlayStation VR MACHINE LEARNING. PLAYSTATION VR PlayStation VR is a VR headset developed by PlayStation for immersive gaming experiences VIRTUAL REALITY (VR). MACHINE LEARNING Machine learning contributes to the development of more sophisticated, realistic, and interconnected video games VIDEO GAMES. CONSOLE AND PC GAMING Technological advancements have continuously shaped and improved console and PC gaming experiences TECHNOLOGICAL ADVANCEMENTS.",
    "evaluation": 0
  },
  {
    "correct_answer": "Arcade gaming rose in the 1970s.",
    "retrieved_context": "CONSOLE AND PC GAMING Technological advancements have continuously shaped and improved console and PC gaming experiences TECHNOLOGICAL ADVANCEMENTS. CLOUD GAMING Cloud gaming supports VR by allowing high-quality VR games to be streamed over the internet VIRTUAL REALITY (VR). ATARI 2600 The Atari 2600 was a significant development in the transition to console and PC gaming CONSOLE AND PC GAMING. CONSOLE AND PC GAMING Technological advancements have continuously shaped and improved console and PC gaming experiences TECHNOLOGICAL ADVANCEMENTS. ARTIFICIAL INTELLIGENCE (AI) Advancements in AI are poised to revolutionize the video game industry, making games more sophisticated and realistic VIDEO GAMES. PLAYSTATION VR AI developments enhance the immersive experiences in PlayStation VR games ARTIFICIAL INTELLIGENCE (AI). PLAYSTATION VR Machine learning technologies improve the gameplay and immersive experience of PlayStation VR MACHINE LEARNING. PLAYSTATION VR PlayStation VR is a VR headset developed by PlayStation for immersive gaming experiences VIRTUAL REALITY (VR). MACHINE LEARNING Machine learning contributes to the development of more sophisticated, realistic, and interconnected video games VIDEO GAMES. FORTNITE The evolution of technology has allowed for interactive experiences in games such as Fortnite TECHNOLOGICAL ADVANCEMENTS. PAC-MAN Pac-Man's release was a landmark event in the arcade gaming era, contributing to its popularity ARCADE GAMING.",
    "evaluation": 0
  },
  {
    "correct_answer": "Atari 2600 brought arcade experience to homes.",
    "retrieved_context": "ATARI 2600 The Atari 2600 was a significant development in the transition to console and PC gaming CONSOLE AND PC GAMING. CONSOLE AND PC GAMING Technological advancements have continuously shaped and improved console and PC gaming experiences TECHNOLOGICAL ADVANCEMENTS. CONSOLE AND PC GAMING Technological advancements have continuously shaped and improved console and PC gaming experiences TECHNOLOGICAL ADVANCEMENTS. CLOUD GAMING Cloud gaming supports VR by allowing high-quality VR games to be streamed over the internet VIRTUAL REALITY (VR). ARTIFICIAL INTELLIGENCE (AI) Advancements in AI are poised to revolutionize the video game industry, making games more sophisticated and realistic VIDEO GAMES. PLAYSTATION VR AI developments enhance the immersive experiences in PlayStation VR games ARTIFICIAL INTELLIGENCE (AI). PLAYSTATION VR Machine learning technologies improve the gameplay and immersive experience of PlayStation VR MACHINE LEARNING. PLAYSTATION VR PlayStation VR is a VR headset developed by PlayStation for immersive gaming experiences VIRTUAL REALITY (VR). MACHINE LEARNING Machine learning contributes to the development of more sophisticated, realistic, and interconnected video games VIDEO GAMES. FORTNITE The evolution of technology has allowed for interactive experiences in games such as Fortnite TECHNOLOGICAL ADVANCEMENTS.",
    "evaluation": 0
  },
  {
    "correct_answer": "Super Mario Bros. and The Legend of Zelda were iconic games in the 1980s.",
    "retrieved_context": "ATARI 2600 The Atari 2600 was a significant development in the transition to console and PC gaming CONSOLE AND PC GAMING. CONSOLE AND PC GAMING Technological advancements have continuously shaped and improved console and PC gaming experiences TECHNOLOGICAL ADVANCEMENTS. MACHINE LEARNING Machine learning contributes to the development of more sophisticated, realistic, and interconnected video games VIDEO GAMES. POKÉMON GO Machine learning technologies enhance the augmented reality experience in Pokémon Go MACHINE LEARNING. POKÉMON GO Blockchain technology could offer new ways to engage with AR games like Pokémon Go BLOCKCHAIN TECHNOLOGY. BLOCKCHAIN TECHNOLOGY Blockchain technology is set to revolutionize the video game industry by offering new ways to engage with games VIDEO GAMES. PAC-MAN Pac-Man's release was a landmark event in the arcade gaming era, contributing to its popularity ARCADE GAMING. FORTNITE The evolution of technology has allowed for interactive experiences in games such as Fortnite TECHNOLOGICAL ADVANCEMENTS. CONSOLE AND PC GAMING Technological advancements have continuously shaped and improved console and PC gaming experiences TECHNOLOGICAL ADVANCEMENTS. ARTIFICIAL INTELLIGENCE (AI) Advancements in AI are poised to revolutionize the video game industry, making games more sophisticated and realistic VIDEO GAMES. PLAYSTATION VR AI developments enhance the immersive experiences in PlayStation VR games ARTIFICIAL INTELLIGENCE (AI). PLAYSTATION VR Machine learning technologies improve the gameplay and immersive experience of PlayStation VR MACHINE LEARNING. PLAYSTATION VR PlayStation VR is a VR headset developed by PlayStation for immersive gaming experiences VIRTUAL REALITY (VR). MACHINE LEARNING Machine learning contributes to the development of more sophisticated, realistic, and interconnected video games VIDEO GAMES.",
    "evaluation": 0
  },
  {
    "correct_answer": "8-bit and 16-bit graphics enhanced game worlds.",
    "retrieved_context": "CLOUD GAMING Cloud gaming supports VR by allowing high-quality VR games to be streamed over the internet VIRTUAL REALITY (VR). CONSOLE AND PC GAMING Technological advancements have continuously shaped and improved console and PC gaming experiences TECHNOLOGICAL ADVANCEMENTS. ATARI 2600 The Atari 2600 was a significant development in the transition to console and PC gaming CONSOLE AND PC GAMING. CONSOLE AND PC GAMING Technological advancements have continuously shaped and improved console and PC gaming experiences TECHNOLOGICAL ADVANCEMENTS. ARTIFICIAL INTELLIGENCE (AI) Advancements in AI are poised to revolutionize the video game industry, making games more sophisticated and realistic VIDEO GAMES. PLAYSTATION VR AI developments enhance the immersive experiences in PlayStation VR games ARTIFICIAL INTELLIGENCE (AI). PLAYSTATION VR Machine learning technologies improve the gameplay and immersive experience of PlayStation VR MACHINE LEARNING. PLAYSTATION VR PlayStation VR is a VR headset developed by PlayStation for immersive gaming experiences VIRTUAL REALITY (VR). MACHINE LEARNING Machine learning contributes to the development of more sophisticated, realistic, and interconnected video games VIDEO GAMES. ARTIFICIAL INTELLIGENCE (AI) Advancements in AI are poised to revolutionize the video game industry, making games more sophisticated and realistic VIDEO GAMES. OCULUS RIFT Developments in AI contribute to the sophistication of virtual reality experiences offered by Oculus Rift ARTIFICIAL INTELLIGENCE (AI). OCULUS RIFT Machine learning contributes to the realism and sophistication of Oculus Rift's virtual environments MACHINE LEARNING. MACHINE LEARNING Machine learning contributes to the development of more sophisticated, realistic, and interconnected video games VIDEO GAMES. OCULUS RIFT The Oculus Rift is a VR headset that allows players to experience virtual reality gaming VIRTUAL REALITY (VR).",
    "evaluation": 0
  },
  {
    "correct_answer": "Doom and Quake pushed boundaries in the 1990s.",
    "retrieved_context": "ARTIFICIAL INTELLIGENCE (AI) Advancements in AI are poised to revolutionize the video game industry, making games more sophisticated and realistic VIDEO GAMES. PLAYSTATION VR AI developments enhance the immersive experiences in PlayStation VR games ARTIFICIAL INTELLIGENCE (AI). PLAYSTATION VR Machine learning technologies improve the gameplay and immersive experience of PlayStation VR MACHINE LEARNING. PLAYSTATION VR PlayStation VR is a VR headset developed by PlayStation for immersive gaming experiences VIRTUAL REALITY (VR). MACHINE LEARNING Machine learning contributes to the development of more sophisticated, realistic, and interconnected video games VIDEO GAMES. FORTNITE The evolution of technology has allowed for interactive experiences in games such as Fortnite TECHNOLOGICAL ADVANCEMENTS. ATARI 2600 The Atari 2600 was a significant development in the transition to console and PC gaming CONSOLE AND PC GAMING. CONSOLE AND PC GAMING Technological advancements have continuously shaped and improved console and PC gaming experiences TECHNOLOGICAL ADVANCEMENTS. ATARI 2600 The Atari 2600 was a significant development in the transition to console and PC gaming CONSOLE AND PC GAMING. SPACE INVADERS Space Invaders' success in arcades contributed to the popularity and development of home gaming systems like the Atari 2600 ATARI 2600. SPACE INVADERS Space Invaders significantly contributed to the arcade gaming craze of the 1970s ARCADE GAMING.",
    "evaluation": 0
  },
  {
    "correct_answer": "Online gaming rose in the early 2000s.",
    "retrieved_context": "CLOUD GAMING Cloud gaming supports VR by allowing high-quality VR games to be streamed over the internet VIRTUAL REALITY (VR). CONSOLE AND PC GAMING Technological advancements have continuously shaped and improved console and PC gaming experiences TECHNOLOGICAL ADVANCEMENTS. ATARI 2600 The Atari 2600 was a significant development in the transition to console and PC gaming CONSOLE AND PC GAMING. CONSOLE AND PC GAMING Technological advancements have continuously shaped and improved console and PC gaming experiences TECHNOLOGICAL ADVANCEMENTS. ARTIFICIAL INTELLIGENCE (AI) Advancements in AI are poised to revolutionize the video game industry, making games more sophisticated and realistic VIDEO GAMES. PLAYSTATION VR AI developments enhance the immersive experiences in PlayStation VR games ARTIFICIAL INTELLIGENCE (AI). PLAYSTATION VR Machine learning technologies improve the gameplay and immersive experience of PlayStation VR MACHINE LEARNING. PLAYSTATION VR PlayStation VR is a VR headset developed by PlayStation for immersive gaming experiences VIRTUAL REALITY (VR). MACHINE LEARNING Machine learning contributes to the development of more sophisticated, realistic, and interconnected video games VIDEO GAMES. FORTNITE The evolution of technology has allowed for interactive experiences in games such as Fortnite TECHNOLOGICAL ADVANCEMENTS.",
    "evaluation": 0
  },
  {
    "correct_answer": "VR and AR technologies have advanced gaming experiences.",
    "retrieved_context": "AUGMENTED REALITY (AR) Cloud gaming enables AR games to be processed on remote servers, enhancing performance and accessibility CLOUD GAMING. CLOUD GAMING Cloud gaming supports VR by allowing high-quality VR games to be streamed over the internet VIRTUAL REALITY (VR). AUGMENTED REALITY (AR) Both VR and AR are technologies that enhance gaming experiences through immersive and interactive environments VIRTUAL REALITY (VR). ARTIFICIAL INTELLIGENCE (AI) Advancements in AI are poised to revolutionize the video game industry, making games more sophisticated and realistic VIDEO GAMES. PLAYSTATION VR AI developments enhance the immersive experiences in PlayStation VR games ARTIFICIAL INTELLIGENCE (AI). PLAYSTATION VR Machine learning technologies improve the gameplay and immersive experience of PlayStation VR MACHINE LEARNING. PLAYSTATION VR PlayStation VR is a VR headset developed by PlayStation for immersive gaming experiences VIRTUAL REALITY (VR). MACHINE LEARNING Machine learning contributes to the development of more sophisticated, realistic, and interconnected video games VIDEO GAMES. ARTIFICIAL INTELLIGENCE (AI) Advancements in AI are poised to revolutionize the video game industry, making games more sophisticated and realistic VIDEO GAMES. OCULUS RIFT Developments in AI contribute to the sophistication of virtual reality experiences offered by Oculus Rift ARTIFICIAL INTELLIGENCE (AI). OCULUS RIFT Machine learning contributes to the realism and sophistication of Oculus Rift's virtual environments MACHINE LEARNING. MACHINE LEARNING Machine learning contributes to the development of more sophisticated, realistic, and interconnected video games VIDEO GAMES. OCULUS RIFT The Oculus Rift is a VR headset that allows players to experience virtual reality gaming VIRTUAL REALITY (VR). CONSOLE AND PC GAMING Technological advancements have continuously shaped and improved console and PC gaming experiences TECHNOLOGICAL ADVANCEMENTS. CLOUD GAMING Cloud gaming supports VR by allowing high-quality VR games to be streamed over the internet VIRTUAL REALITY (VR).",
    "evaluation": 1
  },
  {
    "correct_answer": "AI, machine learning, and blockchain are revolutionizing the gaming industry.",
    "retrieved_context": "BLOCKCHAIN TECHNOLOGY Blockchain technology is set to revolutionize the video game industry by offering new ways to engage with games VIDEO GAMES. CLOUD GAMING Cloud gaming supports VR by allowing high-quality VR games to be streamed over the internet VIRTUAL REALITY (VR). ARTIFICIAL INTELLIGENCE (AI) Advancements in AI are poised to revolutionize the video game industry, making games more sophisticated and realistic VIDEO GAMES. CONSOLE AND PC GAMING Technological advancements have continuously shaped and improved console and PC gaming experiences TECHNOLOGICAL ADVANCEMENTS. MACHINE LEARNING Machine learning contributes to the development of more sophisticated, realistic, and interconnected video games VIDEO GAMES.",
    "evaluation": 1
  },
  {
    "correct_answer": "Video games have responded to technological advancements and consumer preferences.",
    "retrieved_context": "CONSOLE AND PC GAMING Technological advancements have continuously shaped and improved console and PC gaming experiences TECHNOLOGICAL ADVANCEMENTS. CLOUD GAMING Cloud gaming supports VR by allowing high-quality VR games to be streamed over the internet VIRTUAL REALITY (VR). ARTIFICIAL INTELLIGENCE (AI) Advancements in AI are poised to revolutionize the video game industry, making games more sophisticated and realistic VIDEO GAMES. PLAYSTATION VR AI developments enhance the immersive experiences in PlayStation VR games ARTIFICIAL INTELLIGENCE (AI). PLAYSTATION VR Machine learning technologies improve the gameplay and immersive experience of PlayStation VR MACHINE LEARNING. PLAYSTATION VR PlayStation VR is a VR headset developed by PlayStation for immersive gaming experiences VIRTUAL REALITY (VR). MACHINE LEARNING Machine learning contributes to the development of more sophisticated, realistic, and interconnected video games VIDEO GAMES. ATARI 2600 The Atari 2600 was a significant development in the transition to console and PC gaming CONSOLE AND PC GAMING. CONSOLE AND PC GAMING Technological advancements have continuously shaped and improved console and PC gaming experiences TECHNOLOGICAL ADVANCEMENTS.",
    "evaluation": 1
  },
  {
    "correct_answer": "The future of video games promises new and exciting experiences.",
    "retrieved_context": "CONSOLE AND PC GAMING Technological advancements have continuously shaped and improved console and PC gaming experiences TECHNOLOGICAL ADVANCEMENTS. ARTIFICIAL INTELLIGENCE (AI) Advancements in AI are poised to revolutionize the video game industry, making games more sophisticated and realistic VIDEO GAMES. PLAYSTATION VR AI developments enhance the immersive experiences in PlayStation VR games ARTIFICIAL INTELLIGENCE (AI). PLAYSTATION VR Machine learning technologies improve the gameplay and immersive experience of PlayStation VR MACHINE LEARNING. PLAYSTATION VR PlayStation VR is a VR headset developed by PlayStation for immersive gaming experiences VIRTUAL REALITY (VR). MACHINE LEARNING Machine learning contributes to the development of more sophisticated, realistic, and interconnected video games VIDEO GAMES. CLOUD GAMING Cloud gaming supports VR by allowing high-quality VR games to be streamed over the internet VIRTUAL REALITY (VR). ATARI 2600 The Atari 2600 was a significant development in the transition to console and PC gaming CONSOLE AND PC GAMING. CONSOLE AND PC GAMING Technological advancements have continuously shaped and improved console and PC gaming experiences TECHNOLOGICAL ADVANCEMENTS. FORTNITE The evolution of technology has allowed for interactive experiences in games such as Fortnite TECHNOLOGICAL ADVANCEMENTS.",
    "evaluation": 1
  },
  {
    "accuracy": "40.00%"
  }
]