[
  {
    "correct_answer": "Satellites are objects that orbit around a larger body in space.",
    "retrieved_context": "SATELLITES Satellites in Polar Orbit travel over Earth's poles, useful for mapping and surveillance POLAR ORBIT. SATELLITES Satellites in Geostationary Orbit remain in a fixed position relative to the surface of Earth GEOSTATIONARY ORBIT (GEO). SATELLITES Satellites are utilized for national security purposes, including monitoring and intelligence gathering NATIONAL SECURITY. SATELLITES Satellites support scientific research by gathering data from Earth's atmosphere, surface, and beyond SCIENTIFIC RESEARCH. TELECOMMUNICATIONS Geostationary satellites are used in the telecommunications industry for broadcasting and connectivity GEOSTATIONARY SATELLITES. SATELLITES Satellites are placed in Low Earth Orbit for specific missions close to Earth LOW EARTH ORBIT (LEO). SATELLITES Satellites are crucial for the telecommunications industry to provide global connectivity TELECOMMUNICATIONS. LOW EARTH ORBIT SATELLITES Low Earth orbit satellites are utilized for scientific research and Earth observation SCIENTIFIC RESEARCH SATELLITES. SATELLITE Satellites are powered by solar panels that convert sunlight into electricity SOLAR PANELS. SATELLITE Satellites communicate with Earth stations through radio signals EARTH STATION. WEATHER SATELLITES Weather satellites contribute to the scientific study of Earth's climate and weather patterns SCIENTIFIC RESEARCH SATELLITES.",
    "evaluation": 0
  },
  {
    "correct_answer": "Communication satellites relay signals for television, internet, and phone calls.",
    "retrieved_context": "SATELLITES Satellites in Polar Orbit travel over Earth's poles, useful for mapping and surveillance POLAR ORBIT. SATELLITES Satellites in Geostationary Orbit remain in a fixed position relative to the surface of Earth GEOSTATIONARY ORBIT (GEO). SATELLITES Satellites are utilized for national security purposes, including monitoring and intelligence gathering NATIONAL SECURITY. SATELLITES Satellites support scientific research by gathering data from Earth's atmosphere, surface, and beyond SCIENTIFIC RESEARCH. TELECOMMUNICATIONS Geostationary satellites are used in the telecommunications industry for broadcasting and connectivity GEOSTATIONARY SATELLITES. SATELLITES Satellites are placed in Low Earth Orbit for specific missions close to Earth LOW EARTH ORBIT (LEO). SATELLITES Satellites are crucial for the telecommunications industry to provide global connectivity TELECOMMUNICATIONS. SATELLITE Satellites are powered by solar panels that convert sunlight into electricity SOLAR PANELS. SATELLITE Satellites communicate with Earth stations through radio signals EARTH STATION. WEATHER SATELLITES Weather satellites contribute to the scientific study of Earth's climate and weather patterns SCIENTIFIC RESEARCH SATELLITES.",
    "evaluation": 0
  },
  {
    "correct_answer": "Weather satellites are equipped with sensors and cameras to monitor weather patterns.",
    "retrieved_context": "WEATHER SATELLITES Weather satellites contribute to the scientific study of Earth's climate and weather patterns SCIENTIFIC RESEARCH SATELLITES. SATELLITES Satellites in Polar Orbit travel over Earth's poles, useful for mapping and surveillance POLAR ORBIT. SATELLITES Satellites in Geostationary Orbit remain in a fixed position relative to the surface of Earth GEOSTATIONARY ORBIT (GEO). SATELLITES Satellites are utilized for national security purposes, including monitoring and intelligence gathering NATIONAL SECURITY. SATELLITES Satellites support scientific research by gathering data from Earth's atmosphere, surface, and beyond SCIENTIFIC RESEARCH. TELECOMMUNICATIONS Geostationary satellites are used in the telecommunications industry for broadcasting and connectivity GEOSTATIONARY SATELLITES. SATELLITES Satellites are placed in Low Earth Orbit for specific missions close to Earth LOW EARTH ORBIT (LEO). SATELLITES Satellites are crucial for the telecommunications industry to provide global connectivity TELECOMMUNICATIONS. SATELLITE Satellites are powered by solar panels that convert sunlight into electricity SOLAR PANELS. SATELLITE Satellites communicate with Earth stations through radio signals EARTH STATION.",
    "evaluation": 0
  },
  {
    "correct_answer": "Satellites operate based on the laws of motion and gravity.",
    "retrieved_context": "SATELLITES Satellites in Polar Orbit travel over Earth's poles, useful for mapping and surveillance POLAR ORBIT. SATELLITES Satellites in Geostationary Orbit remain in a fixed position relative to the surface of Earth GEOSTATIONARY ORBIT (GEO). SATELLITES Satellites are utilized for national security purposes, including monitoring and intelligence gathering NATIONAL SECURITY. SATELLITES Satellites support scientific research by gathering data from Earth's atmosphere, surface, and beyond SCIENTIFIC RESEARCH. TELECOMMUNICATIONS Geostationary satellites are used in the telecommunications industry for broadcasting and connectivity GEOSTATIONARY SATELLITES. SATELLITES Satellites are placed in Low Earth Orbit for specific missions close to Earth LOW EARTH ORBIT (LEO). SATELLITES Satellites are crucial for the telecommunications industry to provide global connectivity TELECOMMUNICATIONS. WEATHER SATELLITES Weather satellites contribute to the scientific study of Earth's climate and weather patterns SCIENTIFIC RESEARCH SATELLITES. SATELLITE Satellites are powered by solar panels that convert sunlight into electricity SOLAR PANELS. SATELLITE Satellites communicate with Earth stations through radio signals EARTH STATION. LOW EARTH ORBIT SATELLITES Low Earth orbit satellites are utilized for scientific research and Earth observation SCIENTIFIC RESEARCH SATELLITES.",
    "evaluation": 0
  },
  {
    "correct_answer": "Satellites must achieve the right balance between speed and Earth's gravity to stay in orbit.",
    "retrieved_context": "SATELLITES Satellites in Polar Orbit travel over Earth's poles, useful for mapping and surveillance POLAR ORBIT. SATELLITES Satellites in Geostationary Orbit remain in a fixed position relative to the surface of Earth GEOSTATIONARY ORBIT (GEO). SATELLITES Satellites are utilized for national security purposes, including monitoring and intelligence gathering NATIONAL SECURITY. SATELLITES Satellites support scientific research by gathering data from Earth's atmosphere, surface, and beyond SCIENTIFIC RESEARCH. TELECOMMUNICATIONS Geostationary satellites are used in the telecommunications industry for broadcasting and connectivity GEOSTATIONARY SATELLITES. SATELLITES Satellites are placed in Low Earth Orbit for specific missions close to Earth LOW EARTH ORBIT (LEO). SATELLITES Satellites are crucial for the telecommunications industry to provide global connectivity TELECOMMUNICATIONS. LOW EARTH ORBIT SATELLITES Low Earth orbit satellites are utilized for scientific research and Earth observation SCIENTIFIC RESEARCH SATELLITES. SATELLITE Satellites are powered by solar panels that convert sunlight into electricity SOLAR PANELS. SATELLITE Satellites communicate with Earth stations through radio signals EARTH STATION. WEATHER SATELLITES Weather satellites contribute to the scientific study of Earth's climate and weather patterns SCIENTIFIC RESEARCH SATELLITES.",
    "evaluation": 0
  },
  {
    "correct_answer": "Satellites are launched into specific orbits like low Earth orbit or geostationary orbit.",
    "retrieved_context": "LOW EARTH ORBIT SATELLITES Low Earth orbit satellites are utilized for scientific research and Earth observation SCIENTIFIC RESEARCH SATELLITES. SATELLITES Satellites in Polar Orbit travel over Earth's poles, useful for mapping and surveillance POLAR ORBIT. SATELLITES Satellites in Geostationary Orbit remain in a fixed position relative to the surface of Earth GEOSTATIONARY ORBIT (GEO). SATELLITES Satellites are utilized for national security purposes, including monitoring and intelligence gathering NATIONAL SECURITY. SATELLITES Satellites support scientific research by gathering data from Earth's atmosphere, surface, and beyond SCIENTIFIC RESEARCH. TELECOMMUNICATIONS Geostationary satellites are used in the telecommunications industry for broadcasting and connectivity GEOSTATIONARY SATELLITES. SATELLITES Satellites are placed in Low Earth Orbit for specific missions close to Earth LOW EARTH ORBIT (LEO). SATELLITES Satellites are crucial for the telecommunications industry to provide global connectivity TELECOMMUNICATIONS. WEATHER SATELLITES Weather satellites contribute to the scientific study of Earth's climate and weather patterns SCIENTIFIC RESEARCH SATELLITES. SATELLITE Satellites are powered by solar panels that convert sunlight into electricity SOLAR PANELS. SATELLITE Satellites communicate with Earth stations through radio signals EARTH STATION.",
    "evaluation": 1
  },
  {
    "correct_answer": "The key components of a satellite include the payload and the bus.",
    "retrieved_context": "SATELLITES Satellites in Polar Orbit travel over Earth's poles, useful for mapping and surveillance POLAR ORBIT. SATELLITES Satellites in Geostationary Orbit remain in a fixed position relative to the surface of Earth GEOSTATIONARY ORBIT (GEO). SATELLITES Satellites are utilized for national security purposes, including monitoring and intelligence gathering NATIONAL SECURITY. SATELLITES Satellites support scientific research by gathering data from Earth's atmosphere, surface, and beyond SCIENTIFIC RESEARCH. TELECOMMUNICATIONS Geostationary satellites are used in the telecommunications industry for broadcasting and connectivity GEOSTATIONARY SATELLITES. SATELLITES Satellites are placed in Low Earth Orbit for specific missions close to Earth LOW EARTH ORBIT (LEO). SATELLITES Satellites are crucial for the telecommunications industry to provide global connectivity TELECOMMUNICATIONS. SATELLITE Satellites are powered by solar panels that convert sunlight into electricity SOLAR PANELS. SATELLITE Satellites communicate with Earth stations through radio signals EARTH STATION. WEATHER SATELLITES Weather satellites contribute to the scientific study of Earth's climate and weather patterns SCIENTIFIC RESEARCH SATELLITES. LOW EARTH ORBIT SATELLITES Low Earth orbit satellites are utilized for scientific research and Earth observation SCIENTIFIC RESEARCH SATELLITES.",
    "evaluation": 0
  },
  {
    "correct_answer": "Satellites are powered by solar panels that convert sunlight into electricity.",
    "retrieved_context": "SATELLITES Satellites in Polar Orbit travel over Earth's poles, useful for mapping and surveillance POLAR ORBIT. SATELLITES Satellites in Geostationary Orbit remain in a fixed position relative to the surface of Earth GEOSTATIONARY ORBIT (GEO). SATELLITES Satellites are utilized for national security purposes, including monitoring and intelligence gathering NATIONAL SECURITY. SATELLITES Satellites support scientific research by gathering data from Earth's atmosphere, surface, and beyond SCIENTIFIC RESEARCH. TELECOMMUNICATIONS Geostationary satellites are used in the telecommunications industry for broadcasting and connectivity GEOSTATIONARY SATELLITES. SATELLITES Satellites are placed in Low Earth Orbit for specific missions close to Earth LOW EARTH ORBIT (LEO). SATELLITES Satellites are crucial for the telecommunications industry to provide global connectivity TELECOMMUNICATIONS. WEATHER SATELLITES Weather satellites contribute to the scientific study of Earth's climate and weather patterns SCIENTIFIC RESEARCH SATELLITES. SATELLITE Satellites are powered by solar panels that convert sunlight into electricity SOLAR PANELS. SATELLITE Satellites communicate with Earth stations through radio signals EARTH STATION.",
    "evaluation": 1
  },
  {
    "correct_answer": "Communication with satellites is typically done through radio signals.",
    "retrieved_context": "SATELLITES Satellites in Polar Orbit travel over Earth's poles, useful for mapping and surveillance POLAR ORBIT. SATELLITES Satellites in Geostationary Orbit remain in a fixed position relative to the surface of Earth GEOSTATIONARY ORBIT (GEO). SATELLITES Satellites are utilized for national security purposes, including monitoring and intelligence gathering NATIONAL SECURITY. SATELLITES Satellites support scientific research by gathering data from Earth's atmosphere, surface, and beyond SCIENTIFIC RESEARCH. TELECOMMUNICATIONS Geostationary satellites are used in the telecommunications industry for broadcasting and connectivity GEOSTATIONARY SATELLITES. SATELLITES Satellites are placed in Low Earth Orbit for specific missions close to Earth LOW EARTH ORBIT (LEO). SATELLITES Satellites are crucial for the telecommunications industry to provide global connectivity TELECOMMUNICATIONS. SATELLITE Satellites are powered by solar panels that convert sunlight into electricity SOLAR PANELS. SATELLITE Satellites communicate with Earth stations through radio signals EARTH STATION. WEATHER SATELLITES Weather satellites contribute to the scientific study of Earth's climate and weather patterns SCIENTIFIC RESEARCH SATELLITES.",
    "evaluation": 1
  },
  {
    "correct_answer": "Geostationary satellites orbit at the same speed as Earth's rotation.",
    "retrieved_context": "SATELLITES Satellites in Polar Orbit travel over Earth's poles, useful for mapping and surveillance POLAR ORBIT. SATELLITES Satellites in Geostationary Orbit remain in a fixed position relative to the surface of Earth GEOSTATIONARY ORBIT (GEO). SATELLITES Satellites are utilized for national security purposes, including monitoring and intelligence gathering NATIONAL SECURITY. SATELLITES Satellites support scientific research by gathering data from Earth's atmosphere, surface, and beyond SCIENTIFIC RESEARCH. TELECOMMUNICATIONS Geostationary satellites are used in the telecommunications industry for broadcasting and connectivity GEOSTATIONARY SATELLITES. SATELLITES Satellites are placed in Low Earth Orbit for specific missions close to Earth LOW EARTH ORBIT (LEO). SATELLITES Satellites are crucial for the telecommunications industry to provide global connectivity TELECOMMUNICATIONS. LOW EARTH ORBIT SATELLITES Low Earth orbit satellites are utilized for scientific research and Earth observation SCIENTIFIC RESEARCH SATELLITES. SATELLITE Satellites are powered by solar panels that convert sunlight into electricity SOLAR PANELS. SATELLITE Satellites communicate with Earth stations through radio signals EARTH STATION. WEATHER SATELLITES Weather satellites contribute to the scientific study of Earth's climate and weather patterns SCIENTIFIC RESEARCH SATELLITES.",
    "evaluation": 0
  },
  {
    "correct_answer": "Low Earth orbit satellites are used for Earth observation and remote sensing.",
    "retrieved_context": "LOW EARTH ORBIT SATELLITES Low Earth orbit satellites are utilized for scientific research and Earth observation SCIENTIFIC RESEARCH SATELLITES. SATELLITES Satellites in Polar Orbit travel over Earth's poles, useful for mapping and surveillance POLAR ORBIT. SATELLITES Satellites in Geostationary Orbit remain in a fixed position relative to the surface of Earth GEOSTATIONARY ORBIT (GEO). SATELLITES Satellites are utilized for national security purposes, including monitoring and intelligence gathering NATIONAL SECURITY. SATELLITES Satellites support scientific research by gathering data from Earth's atmosphere, surface, and beyond SCIENTIFIC RESEARCH. TELECOMMUNICATIONS Geostationary satellites are used in the telecommunications industry for broadcasting and connectivity GEOSTATIONARY SATELLITES. SATELLITES Satellites are placed in Low Earth Orbit for specific missions close to Earth LOW EARTH ORBIT (LEO). SATELLITES Satellites are crucial for the telecommunications industry to provide global connectivity TELECOMMUNICATIONS. WEATHER SATELLITES Weather satellites contribute to the scientific study of Earth's climate and weather patterns SCIENTIFIC RESEARCH SATELLITES. SATELLITE Satellites are powered by solar panels that convert sunlight into electricity SOLAR PANELS. SATELLITE Satellites communicate with Earth stations through radio signals EARTH STATION.",
    "evaluation": 1
  },
  {
    "correct_answer": "Satellites play a crucial role in providing global connectivity in telecommunications.",
    "retrieved_context": "SATELLITES Satellites in Polar Orbit travel over Earth's poles, useful for mapping and surveillance POLAR ORBIT. SATELLITES Satellites in Geostationary Orbit remain in a fixed position relative to the surface of Earth GEOSTATIONARY ORBIT (GEO). SATELLITES Satellites are utilized for national security purposes, including monitoring and intelligence gathering NATIONAL SECURITY. SATELLITES Satellites support scientific research by gathering data from Earth's atmosphere, surface, and beyond SCIENTIFIC RESEARCH. TELECOMMUNICATIONS Geostationary satellites are used in the telecommunications industry for broadcasting and connectivity GEOSTATIONARY SATELLITES. SATELLITES Satellites are placed in Low Earth Orbit for specific missions close to Earth LOW EARTH ORBIT (LEO). SATELLITES Satellites are crucial for the telecommunications industry to provide global connectivity TELECOMMUNICATIONS. SATELLITE Satellites are powered by solar panels that convert sunlight into electricity SOLAR PANELS. SATELLITE Satellites communicate with Earth stations through radio signals EARTH STATION. WEATHER SATELLITES Weather satellites contribute to the scientific study of Earth's climate and weather patterns SCIENTIFIC RESEARCH SATELLITES. TELECOMMUNICATIONS Geostationary satellites are used in the telecommunications industry for broadcasting and connectivity GEOSTATIONARY SATELLITES.",
    "evaluation": 1
  },
  {
    "correct_answer": "Weather satellites help track storms and monitor climate patterns.",
    "retrieved_context": "WEATHER SATELLITES Weather satellites contribute to the scientific study of Earth's climate and weather patterns SCIENTIFIC RESEARCH SATELLITES. SATELLITES Satellites in Polar Orbit travel over Earth's poles, useful for mapping and surveillance POLAR ORBIT. SATELLITES Satellites in Geostationary Orbit remain in a fixed position relative to the surface of Earth GEOSTATIONARY ORBIT (GEO). SATELLITES Satellites are utilized for national security purposes, including monitoring and intelligence gathering NATIONAL SECURITY. SATELLITES Satellites support scientific research by gathering data from Earth's atmosphere, surface, and beyond SCIENTIFIC RESEARCH. TELECOMMUNICATIONS Geostationary satellites are used in the telecommunications industry for broadcasting and connectivity GEOSTATIONARY SATELLITES. SATELLITES Satellites are placed in Low Earth Orbit for specific missions close to Earth LOW EARTH ORBIT (LEO). SATELLITES Satellites are crucial for the telecommunications industry to provide global connectivity TELECOMMUNICATIONS. SATELLITE Satellites are powered by solar panels that convert sunlight into electricity SOLAR PANELS. SATELLITE Satellites communicate with Earth stations through radio signals EARTH STATION.",
    "evaluation": 0
  },
  {
    "correct_answer": "Scientific research satellites are used to study the Earth's climate and land cover.",
    "retrieved_context": "WEATHER SATELLITES Weather satellites contribute to the scientific study of Earth's climate and weather patterns SCIENTIFIC RESEARCH SATELLITES. SATELLITES Satellites in Polar Orbit travel over Earth's poles, useful for mapping and surveillance POLAR ORBIT. SATELLITES Satellites in Geostationary Orbit remain in a fixed position relative to the surface of Earth GEOSTATIONARY ORBIT (GEO). SATELLITES Satellites are utilized for national security purposes, including monitoring and intelligence gathering NATIONAL SECURITY. SATELLITES Satellites support scientific research by gathering data from Earth's atmosphere, surface, and beyond SCIENTIFIC RESEARCH. TELECOMMUNICATIONS Geostationary satellites are used in the telecommunications industry for broadcasting and connectivity GEOSTATIONARY SATELLITES. SATELLITES Satellites are placed in Low Earth Orbit for specific missions close to Earth LOW EARTH ORBIT (LEO). SATELLITES Satellites are crucial for the telecommunications industry to provide global connectivity TELECOMMUNICATIONS. SATELLITE Satellites are powered by solar panels that convert sunlight into electricity SOLAR PANELS. SATELLITE Satellites communicate with Earth stations through radio signals EARTH STATION.",
    "evaluation": 1
  },
  {
    "correct_answer": "Advancements in miniaturization and propulsion are making satellites more capable and affordable.",
    "retrieved_context": "SATELLITES Satellites in Polar Orbit travel over Earth's poles, useful for mapping and surveillance POLAR ORBIT. SATELLITES Satellites in Geostationary Orbit remain in a fixed position relative to the surface of Earth GEOSTATIONARY ORBIT (GEO). SATELLITES Satellites are utilized for national security purposes, including monitoring and intelligence gathering NATIONAL SECURITY. SATELLITES Satellites support scientific research by gathering data from Earth's atmosphere, surface, and beyond SCIENTIFIC RESEARCH. TELECOMMUNICATIONS Geostationary satellites are used in the telecommunications industry for broadcasting and connectivity GEOSTATIONARY SATELLITES. SATELLITES Satellites are placed in Low Earth Orbit for specific missions close to Earth LOW EARTH ORBIT (LEO). SATELLITES Satellites are crucial for the telecommunications industry to provide global connectivity TELECOMMUNICATIONS. LOW EARTH ORBIT SATELLITES Low Earth orbit satellites are utilized for scientific research and Earth observation SCIENTIFIC RESEARCH SATELLITES. SATELLITE Satellites are powered by solar panels that convert sunlight into electricity SOLAR PANELS. SATELLITE Satellites communicate with Earth stations through radio signals EARTH STATION. WEATHER SATELLITES Weather satellites contribute to the scientific study of Earth's climate and weather patterns SCIENTIFIC RESEARCH SATELLITES.",
    "evaluation": 0
  },
  {
    "accuracy": "40.00%"
  }
]