[
  {
    "correct_answer": "Languages are an integral part of human culture and identity.",
    "retrieved_context": "LANGUAGE REVITALIZATION PROGRAMS Community members are integral to the success of language revitalization programs, participating in language learning and cultural preservation activities COMMUNITY MEMBERS. LANGUAGE DEATH Mandarin's global spread contributes to the marginalization and eventual death of minority languages MANDARIN. LANGUAGE REVITALIZATION PROGRAMS Linguists work together with language activists and community members in language revitalization programs to document and promote endangered languages LINGUISTS. LANGUAGE REVITALIZATION PROGRAMS Language activists collaborate in language revitalization programs, contributing to the efforts to preserve and promote endangered languages LANGUAGE ACTIVISTS. LANGUAGE DEATH Spanish's global spread contributes to the marginalization and eventual death of minority languages SPANISH. LANGUAGE DEATH Globalization contributes to language death by spreading dominant languages and marginalizing minority languages GLOBALIZATION. LANGUAGE DEATH The decline in intergenerational transmission of languages is a key factor contributing to language death INTERGENERATIONAL TRANSMISSION. LANGUAGE DEATH English's global spread contributes to the marginalization and eventual death of minority languages ENGLISH. LANGUAGE DEATH Cultural assimilation is a primary reason for language death, as dominant languages replace smaller, minority languages CULTURAL ASSIMILATION. LANGUAGE DEATH Language revitalization programs are established in response to the threat of language death, aiming to reverse the process by promoting and preserving endangered languages LANGUAGE REVITALIZATION PROGRAMS. LANGUAGE DEATH Language death contributes to the erosion of linguistic diversity by reducing the number of languages spoken worldwide LINGUISTIC DIVERSITY.",
    "evaluation": 0
  },
  {
    "correct_answer": "Languages serve as a means of communication and expression for communities.",
    "retrieved_context": "LANGUAGE REVITALIZATION PROGRAMS Community members are integral to the success of language revitalization programs, participating in language learning and cultural preservation activities COMMUNITY MEMBERS. LANGUAGE DEATH Mandarin's global spread contributes to the marginalization and eventual death of minority languages MANDARIN. LANGUAGE REVITALIZATION PROGRAMS Linguists work together with language activists and community members in language revitalization programs to document and promote endangered languages LINGUISTS. LANGUAGE REVITALIZATION PROGRAMS Language activists collaborate in language revitalization programs, contributing to the efforts to preserve and promote endangered languages LANGUAGE ACTIVISTS. LANGUAGE DEATH Spanish's global spread contributes to the marginalization and eventual death of minority languages SPANISH. LANGUAGE DEATH Globalization contributes to language death by spreading dominant languages and marginalizing minority languages GLOBALIZATION. LANGUAGE DEATH The decline in intergenerational transmission of languages is a key factor contributing to language death INTERGENERATIONAL TRANSMISSION. LANGUAGE DEATH English's global spread contributes to the marginalization and eventual death of minority languages ENGLISH. LANGUAGE DEATH Cultural assimilation is a primary reason for language death, as dominant languages replace smaller, minority languages CULTURAL ASSIMILATION. LANGUAGE DEATH Language revitalization programs are established in response to the threat of language death, aiming to reverse the process by promoting and preserving endangered languages LANGUAGE REVITALIZATION PROGRAMS. LANGUAGE DEATH Language death contributes to the erosion of linguistic diversity by reducing the number of languages spoken worldwide LINGUISTIC DIVERSITY. LANGUAGE REVITALIZATION PROGRAMS Linguists work together with language activists and community members in language revitalization programs to document and promote endangered languages LINGUISTS. LANGUAGE REVITALIZATION PROGRAMS Community members are integral to the success of language revitalization programs, participating in language learning and cultural preservation activities COMMUNITY MEMBERS. LANGUAGE REVITALIZATION PROGRAMS Language activists collaborate in language revitalization programs, contributing to the efforts to preserve and promote endangered languages LANGUAGE ACTIVISTS.",
    "evaluation": 0
  },
  {
    "correct_answer": "Language death occurs when a language ceases to be spoken by a community.",
    "retrieved_context": "LANGUAGE REVITALIZATION PROGRAMS Community members are integral to the success of language revitalization programs, participating in language learning and cultural preservation activities COMMUNITY MEMBERS. LANGUAGE DEATH Mandarin's global spread contributes to the marginalization and eventual death of minority languages MANDARIN. LANGUAGE REVITALIZATION PROGRAMS Linguists work together with language activists and community members in language revitalization programs to document and promote endangered languages LINGUISTS. LANGUAGE REVITALIZATION PROGRAMS Language activists collaborate in language revitalization programs, contributing to the efforts to preserve and promote endangered languages LANGUAGE ACTIVISTS. LANGUAGE DEATH Spanish's global spread contributes to the marginalization and eventual death of minority languages SPANISH. LANGUAGE DEATH Globalization contributes to language death by spreading dominant languages and marginalizing minority languages GLOBALIZATION. LANGUAGE DEATH The decline in intergenerational transmission of languages is a key factor contributing to language death INTERGENERATIONAL TRANSMISSION. LANGUAGE DEATH English's global spread contributes to the marginalization and eventual death of minority languages ENGLISH. LANGUAGE DEATH Cultural assimilation is a primary reason for language death, as dominant languages replace smaller, minority languages CULTURAL ASSIMILATION. LANGUAGE DEATH Language revitalization programs are established in response to the threat of language death, aiming to reverse the process by promoting and preserving endangered languages LANGUAGE REVITALIZATION PROGRAMS. LANGUAGE DEATH Language death contributes to the erosion of linguistic diversity by reducing the number of languages spoken worldwide LINGUISTIC DIVERSITY. LANGUAGE REVITALIZATION PROGRAMS Linguists work together with language activists and community members in language revitalization programs to document and promote endangered languages LINGUISTS. LANGUAGE REVITALIZATION PROGRAMS Community members are integral to the success of language revitalization programs, participating in language learning and cultural preservation activities COMMUNITY MEMBERS. LANGUAGE REVITALIZATION PROGRAMS Language activists collaborate in language revitalization programs, contributing to the efforts to preserve and promote endangered languages LANGUAGE ACTIVISTS.",
    "evaluation": 0
  },
  {
    "correct_answer": "Cultural assimilation and globalization are primary reasons for language death.",
    "retrieved_context": "LANGUAGE REVITALIZATION PROGRAMS Community members are integral to the success of language revitalization programs, participating in language learning and cultural preservation activities COMMUNITY MEMBERS. LANGUAGE DEATH Mandarin's global spread contributes to the marginalization and eventual death of minority languages MANDARIN. LANGUAGE REVITALIZATION PROGRAMS Linguists work together with language activists and community members in language revitalization programs to document and promote endangered languages LINGUISTS. LANGUAGE REVITALIZATION PROGRAMS Language activists collaborate in language revitalization programs, contributing to the efforts to preserve and promote endangered languages LANGUAGE ACTIVISTS. LANGUAGE DEATH Spanish's global spread contributes to the marginalization and eventual death of minority languages SPANISH. LANGUAGE DEATH Globalization contributes to language death by spreading dominant languages and marginalizing minority languages GLOBALIZATION. LANGUAGE DEATH The decline in intergenerational transmission of languages is a key factor contributing to language death INTERGENERATIONAL TRANSMISSION. LANGUAGE DEATH English's global spread contributes to the marginalization and eventual death of minority languages ENGLISH. LANGUAGE DEATH Cultural assimilation is a primary reason for language death, as dominant languages replace smaller, minority languages CULTURAL ASSIMILATION. LANGUAGE DEATH Language revitalization programs are established in response to the threat of language death, aiming to reverse the process by promoting and preserving endangered languages LANGUAGE REVITALIZATION PROGRAMS. LANGUAGE DEATH Language death contributes to the erosion of linguistic diversity by reducing the number of languages spoken worldwide LINGUISTIC DIVERSITY. LANGUAGE REVITALIZATION PROGRAMS Linguists work together with language activists and community members in language revitalization programs to document and promote endangered languages LINGUISTS. LANGUAGE REVITALIZATION PROGRAMS Community members are integral to the success of language revitalization programs, participating in language learning and cultural preservation activities COMMUNITY MEMBERS. LANGUAGE REVITALIZATION PROGRAMS Language activists collaborate in language revitalization programs, contributing to the efforts to preserve and promote endangered languages LANGUAGE ACTIVISTS.",
    "evaluation": 1
  },
  {
    "correct_answer": "Globalization leads to the marginalization of smaller, minority languages.",
    "retrieved_context": "LANGUAGE REVITALIZATION PROGRAMS Linguists work together with language activists and community members in language revitalization programs to document and promote endangered languages LINGUISTS. LANGUAGE REVITALIZATION PROGRAMS Community members are integral to the success of language revitalization programs, participating in language learning and cultural preservation activities COMMUNITY MEMBERS. LANGUAGE REVITALIZATION PROGRAMS Language activists collaborate in language revitalization programs, contributing to the efforts to preserve and promote endangered languages LANGUAGE ACTIVISTS. LANGUAGE REVITALIZATION PROGRAMS Community members are integral to the success of language revitalization programs, participating in language learning and cultural preservation activities COMMUNITY MEMBERS. LANGUAGE DEATH Mandarin's global spread contributes to the marginalization and eventual death of minority languages MANDARIN. LANGUAGE REVITALIZATION PROGRAMS Linguists work together with language activists and community members in language revitalization programs to document and promote endangered languages LINGUISTS. LANGUAGE REVITALIZATION PROGRAMS Language activists collaborate in language revitalization programs, contributing to the efforts to preserve and promote endangered languages LANGUAGE ACTIVISTS. LANGUAGE DEATH Spanish's global spread contributes to the marginalization and eventual death of minority languages SPANISH. LANGUAGE DEATH Globalization contributes to language death by spreading dominant languages and marginalizing minority languages GLOBALIZATION. LANGUAGE DEATH The decline in intergenerational transmission of languages is a key factor contributing to language death INTERGENERATIONAL TRANSMISSION. LANGUAGE DEATH English's global spread contributes to the marginalization and eventual death of minority languages ENGLISH. LANGUAGE DEATH Cultural assimilation is a primary reason for language death, as dominant languages replace smaller, minority languages CULTURAL ASSIMILATION. LANGUAGE DEATH Language revitalization programs are established in response to the threat of language death, aiming to reverse the process by promoting and preserving endangered languages LANGUAGE REVITALIZATION PROGRAMS. LANGUAGE DEATH Language death contributes to the erosion of linguistic diversity by reducing the number of languages spoken worldwide LINGUISTIC DIVERSITY.",
    "evaluation": 1
  },
  {
    "correct_answer": "The decline in intergenerational transmission of languages contributes to language death.",
    "retrieved_context": "LANGUAGE REVITALIZATION PROGRAMS Community members are integral to the success of language revitalization programs, participating in language learning and cultural preservation activities COMMUNITY MEMBERS. LANGUAGE DEATH Mandarin's global spread contributes to the marginalization and eventual death of minority languages MANDARIN. LANGUAGE REVITALIZATION PROGRAMS Linguists work together with language activists and community members in language revitalization programs to document and promote endangered languages LINGUISTS. LANGUAGE REVITALIZATION PROGRAMS Language activists collaborate in language revitalization programs, contributing to the efforts to preserve and promote endangered languages LANGUAGE ACTIVISTS. LANGUAGE DEATH Spanish's global spread contributes to the marginalization and eventual death of minority languages SPANISH. LANGUAGE DEATH Globalization contributes to language death by spreading dominant languages and marginalizing minority languages GLOBALIZATION. LANGUAGE DEATH The decline in intergenerational transmission of languages is a key factor contributing to language death INTERGENERATIONAL TRANSMISSION. LANGUAGE DEATH English's global spread contributes to the marginalization and eventual death of minority languages ENGLISH. LANGUAGE DEATH Cultural assimilation is a primary reason for language death, as dominant languages replace smaller, minority languages CULTURAL ASSIMILATION. LANGUAGE DEATH Language revitalization programs are established in response to the threat of language death, aiming to reverse the process by promoting and preserving endangered languages LANGUAGE REVITALIZATION PROGRAMS. LANGUAGE DEATH Language death contributes to the erosion of linguistic diversity by reducing the number of languages spoken worldwide LINGUISTIC DIVERSITY. LANGUAGE REVITALIZATION PROGRAMS Linguists work together with language activists and community members in language revitalization programs to document and promote endangered languages LINGUISTS. LANGUAGE REVITALIZATION PROGRAMS Community members are integral to the success of language revitalization programs, participating in language learning and cultural preservation activities COMMUNITY MEMBERS. LANGUAGE REVITALIZATION PROGRAMS Language activists collaborate in language revitalization programs, contributing to the efforts to preserve and promote endangered languages LANGUAGE ACTIVISTS.",
    "evaluation": 1
  },
  {
    "correct_answer": "Younger generations may not learn ancestral languages due to social pressures.",
    "retrieved_context": "LANGUAGE REVITALIZATION PROGRAMS Community members are integral to the success of language revitalization programs, participating in language learning and cultural preservation activities COMMUNITY MEMBERS. LANGUAGE DEATH Mandarin's global spread contributes to the marginalization and eventual death of minority languages MANDARIN. LANGUAGE REVITALIZATION PROGRAMS Linguists work together with language activists and community members in language revitalization programs to document and promote endangered languages LINGUISTS. LANGUAGE REVITALIZATION PROGRAMS Language activists collaborate in language revitalization programs, contributing to the efforts to preserve and promote endangered languages LANGUAGE ACTIVISTS. LANGUAGE DEATH Spanish's global spread contributes to the marginalization and eventual death of minority languages SPANISH. LANGUAGE DEATH Globalization contributes to language death by spreading dominant languages and marginalizing minority languages GLOBALIZATION. LANGUAGE DEATH The decline in intergenerational transmission of languages is a key factor contributing to language death INTERGENERATIONAL TRANSMISSION. LANGUAGE DEATH English's global spread contributes to the marginalization and eventual death of minority languages ENGLISH. LANGUAGE DEATH Cultural assimilation is a primary reason for language death, as dominant languages replace smaller, minority languages CULTURAL ASSIMILATION. LANGUAGE DEATH Language revitalization programs are established in response to the threat of language death, aiming to reverse the process by promoting and preserving endangered languages LANGUAGE REVITALIZATION PROGRAMS. LANGUAGE DEATH Language death contributes to the erosion of linguistic diversity by reducing the number of languages spoken worldwide LINGUISTIC DIVERSITY. LANGUAGE REVITALIZATION PROGRAMS Linguists work together with language activists and community members in language revitalization programs to document and promote endangered languages LINGUISTS. LANGUAGE REVITALIZATION PROGRAMS Community members are integral to the success of language revitalization programs, participating in language learning and cultural preservation activities COMMUNITY MEMBERS. LANGUAGE REVITALIZATION PROGRAMS Language activists collaborate in language revitalization programs, contributing to the efforts to preserve and promote endangered languages LANGUAGE ACTIVISTS.",
    "evaluation": 0
  },
  {
    "correct_answer": "Breakdown in language transmission often occurs in urbanized settings.",
    "retrieved_context": "LANGUAGE REVITALIZATION PROGRAMS Community members are integral to the success of language revitalization programs, participating in language learning and cultural preservation activities COMMUNITY MEMBERS. LANGUAGE DEATH Mandarin's global spread contributes to the marginalization and eventual death of minority languages MANDARIN. LANGUAGE REVITALIZATION PROGRAMS Linguists work together with language activists and community members in language revitalization programs to document and promote endangered languages LINGUISTS. LANGUAGE REVITALIZATION PROGRAMS Language activists collaborate in language revitalization programs, contributing to the efforts to preserve and promote endangered languages LANGUAGE ACTIVISTS. LANGUAGE DEATH Spanish's global spread contributes to the marginalization and eventual death of minority languages SPANISH. LANGUAGE DEATH Globalization contributes to language death by spreading dominant languages and marginalizing minority languages GLOBALIZATION. LANGUAGE DEATH The decline in intergenerational transmission of languages is a key factor contributing to language death INTERGENERATIONAL TRANSMISSION. LANGUAGE DEATH English's global spread contributes to the marginalization and eventual death of minority languages ENGLISH. LANGUAGE DEATH Cultural assimilation is a primary reason for language death, as dominant languages replace smaller, minority languages CULTURAL ASSIMILATION. LANGUAGE DEATH Language revitalization programs are established in response to the threat of language death, aiming to reverse the process by promoting and preserving endangered languages LANGUAGE REVITALIZATION PROGRAMS. LANGUAGE DEATH Language death contributes to the erosion of linguistic diversity by reducing the number of languages spoken worldwide LINGUISTIC DIVERSITY. LANGUAGE REVITALIZATION PROGRAMS Linguists work together with language activists and community members in language revitalization programs to document and promote endangered languages LINGUISTS. LANGUAGE REVITALIZATION PROGRAMS Community members are integral to the success of language revitalization programs, participating in language learning and cultural preservation activities COMMUNITY MEMBERS. LANGUAGE REVITALIZATION PROGRAMS Language activists collaborate in language revitalization programs, contributing to the efforts to preserve and promote endangered languages LANGUAGE ACTIVISTS.",
    "evaluation": 0
  },
  {
    "correct_answer": "Environmental factors like natural disasters can contribute to language death.",
    "retrieved_context": "LANGUAGE REVITALIZATION PROGRAMS Community members are integral to the success of language revitalization programs, participating in language learning and cultural preservation activities COMMUNITY MEMBERS. LANGUAGE DEATH Mandarin's global spread contributes to the marginalization and eventual death of minority languages MANDARIN. LANGUAGE REVITALIZATION PROGRAMS Linguists work together with language activists and community members in language revitalization programs to document and promote endangered languages LINGUISTS. LANGUAGE REVITALIZATION PROGRAMS Language activists collaborate in language revitalization programs, contributing to the efforts to preserve and promote endangered languages LANGUAGE ACTIVISTS. LANGUAGE DEATH Spanish's global spread contributes to the marginalization and eventual death of minority languages SPANISH. LANGUAGE DEATH Globalization contributes to language death by spreading dominant languages and marginalizing minority languages GLOBALIZATION. LANGUAGE DEATH The decline in intergenerational transmission of languages is a key factor contributing to language death INTERGENERATIONAL TRANSMISSION. LANGUAGE DEATH English's global spread contributes to the marginalization and eventual death of minority languages ENGLISH. LANGUAGE DEATH Cultural assimilation is a primary reason for language death, as dominant languages replace smaller, minority languages CULTURAL ASSIMILATION. LANGUAGE DEATH Language revitalization programs are established in response to the threat of language death, aiming to reverse the process by promoting and preserving endangered languages LANGUAGE REVITALIZATION PROGRAMS. LANGUAGE DEATH Language death contributes to the erosion of linguistic diversity by reducing the number of languages spoken worldwide LINGUISTIC DIVERSITY. LANGUAGE REVITALIZATION PROGRAMS Linguists work together with language activists and community members in language revitalization programs to document and promote endangered languages LINGUISTS. LANGUAGE REVITALIZATION PROGRAMS Community members are integral to the success of language revitalization programs, participating in language learning and cultural preservation activities COMMUNITY MEMBERS. LANGUAGE REVITALIZATION PROGRAMS Language activists collaborate in language revitalization programs, contributing to the efforts to preserve and promote endangered languages LANGUAGE ACTIVISTS.",
    "evaluation": 0
  },
  {
    "correct_answer": "The consequences of language death include the loss of unique ways of understanding the world.",
    "retrieved_context": "LANGUAGE REVITALIZATION PROGRAMS Community members are integral to the success of language revitalization programs, participating in language learning and cultural preservation activities COMMUNITY MEMBERS. LANGUAGE DEATH Mandarin's global spread contributes to the marginalization and eventual death of minority languages MANDARIN. LANGUAGE REVITALIZATION PROGRAMS Linguists work together with language activists and community members in language revitalization programs to document and promote endangered languages LINGUISTS. LANGUAGE REVITALIZATION PROGRAMS Language activists collaborate in language revitalization programs, contributing to the efforts to preserve and promote endangered languages LANGUAGE ACTIVISTS. LANGUAGE DEATH Spanish's global spread contributes to the marginalization and eventual death of minority languages SPANISH. LANGUAGE DEATH Globalization contributes to language death by spreading dominant languages and marginalizing minority languages GLOBALIZATION. LANGUAGE DEATH The decline in intergenerational transmission of languages is a key factor contributing to language death INTERGENERATIONAL TRANSMISSION. LANGUAGE DEATH English's global spread contributes to the marginalization and eventual death of minority languages ENGLISH. LANGUAGE DEATH Cultural assimilation is a primary reason for language death, as dominant languages replace smaller, minority languages CULTURAL ASSIMILATION. LANGUAGE DEATH Language revitalization programs are established in response to the threat of language death, aiming to reverse the process by promoting and preserving endangered languages LANGUAGE REVITALIZATION PROGRAMS. LANGUAGE DEATH Language death contributes to the erosion of linguistic diversity by reducing the number of languages spoken worldwide LINGUISTIC DIVERSITY. LANGUAGE REVITALIZATION PROGRAMS Linguists work together with language activists and community members in language revitalization programs to document and promote endangered languages LINGUISTS. LANGUAGE REVITALIZATION PROGRAMS Community members are integral to the success of language revitalization programs, participating in language learning and cultural preservation activities COMMUNITY MEMBERS. LANGUAGE REVITALIZATION PROGRAMS Language activists collaborate in language revitalization programs, contributing to the efforts to preserve and promote endangered languages LANGUAGE ACTIVISTS.",
    "evaluation": 0
  },
  {
    "correct_answer": "Language extinction leads to the erosion of traditional ecological knowledge.",
    "retrieved_context": "LANGUAGE REVITALIZATION PROGRAMS Community members are integral to the success of language revitalization programs, participating in language learning and cultural preservation activities COMMUNITY MEMBERS. LANGUAGE DEATH Mandarin's global spread contributes to the marginalization and eventual death of minority languages MANDARIN. LANGUAGE REVITALIZATION PROGRAMS Linguists work together with language activists and community members in language revitalization programs to document and promote endangered languages LINGUISTS. LANGUAGE REVITALIZATION PROGRAMS Language activists collaborate in language revitalization programs, contributing to the efforts to preserve and promote endangered languages LANGUAGE ACTIVISTS. LANGUAGE DEATH Spanish's global spread contributes to the marginalization and eventual death of minority languages SPANISH. LANGUAGE DEATH Globalization contributes to language death by spreading dominant languages and marginalizing minority languages GLOBALIZATION. LANGUAGE DEATH The decline in intergenerational transmission of languages is a key factor contributing to language death INTERGENERATIONAL TRANSMISSION. LANGUAGE DEATH English's global spread contributes to the marginalization and eventual death of minority languages ENGLISH. LANGUAGE DEATH Cultural assimilation is a primary reason for language death, as dominant languages replace smaller, minority languages CULTURAL ASSIMILATION. LANGUAGE DEATH Language revitalization programs are established in response to the threat of language death, aiming to reverse the process by promoting and preserving endangered languages LANGUAGE REVITALIZATION PROGRAMS. LANGUAGE DEATH Language death contributes to the erosion of linguistic diversity by reducing the number of languages spoken worldwide LINGUISTIC DIVERSITY. LANGUAGE REVITALIZATION PROGRAMS Linguists work together with language activists and community members in language revitalization programs to document and promote endangered languages LINGUISTS. LANGUAGE REVITALIZATION PROGRAMS Community members are integral to the success of language revitalization programs, participating in language learning and cultural preservation activities COMMUNITY MEMBERS. LANGUAGE REVITALIZATION PROGRAMS Language activists collaborate in language revitalization programs, contributing to the efforts to preserve and promote endangered languages LANGUAGE ACTIVISTS.",
    "evaluation": 0
  },
  {
    "correct_answer": "Efforts to preserve endangered languages involve language teaching and learning.",
    "retrieved_context": "LANGUAGE REVITALIZATION PROGRAMS Community members are integral to the success of language revitalization programs, participating in language learning and cultural preservation activities COMMUNITY MEMBERS. LANGUAGE DEATH Mandarin's global spread contributes to the marginalization and eventual death of minority languages MANDARIN. LANGUAGE REVITALIZATION PROGRAMS Linguists work together with language activists and community members in language revitalization programs to document and promote endangered languages LINGUISTS. LANGUAGE REVITALIZATION PROGRAMS Language activists collaborate in language revitalization programs, contributing to the efforts to preserve and promote endangered languages LANGUAGE ACTIVISTS. LANGUAGE DEATH Spanish's global spread contributes to the marginalization and eventual death of minority languages SPANISH. LANGUAGE DEATH Globalization contributes to language death by spreading dominant languages and marginalizing minority languages GLOBALIZATION. LANGUAGE DEATH The decline in intergenerational transmission of languages is a key factor contributing to language death INTERGENERATIONAL TRANSMISSION. LANGUAGE DEATH English's global spread contributes to the marginalization and eventual death of minority languages ENGLISH. LANGUAGE DEATH Cultural assimilation is a primary reason for language death, as dominant languages replace smaller, minority languages CULTURAL ASSIMILATION. LANGUAGE DEATH Language revitalization programs are established in response to the threat of language death, aiming to reverse the process by promoting and preserving endangered languages LANGUAGE REVITALIZATION PROGRAMS. LANGUAGE DEATH Language death contributes to the erosion of linguistic diversity by reducing the number of languages spoken worldwide LINGUISTIC DIVERSITY. LANGUAGE REVITALIZATION PROGRAMS Linguists work together with language activists and community members in language revitalization programs to document and promote endangered languages LINGUISTS. LANGUAGE REVITALIZATION PROGRAMS Community members are integral to the success of language revitalization programs, participating in language learning and cultural preservation activities COMMUNITY MEMBERS. LANGUAGE REVITALIZATION PROGRAMS Language activists collaborate in language revitalization programs, contributing to the efforts to preserve and promote endangered languages LANGUAGE ACTIVISTS.",
    "evaluation": 1
  },
  {
    "correct_answer": "Language revitalization programs aim to empower speakers to reclaim their linguistic heritage.",
    "retrieved_context": "LANGUAGE REVITALIZATION PROGRAMS Linguists work together with language activists and community members in language revitalization programs to document and promote endangered languages LINGUISTS. LANGUAGE REVITALIZATION PROGRAMS Community members are integral to the success of language revitalization programs, participating in language learning and cultural preservation activities COMMUNITY MEMBERS. LANGUAGE REVITALIZATION PROGRAMS Language activists collaborate in language revitalization programs, contributing to the efforts to preserve and promote endangered languages LANGUAGE ACTIVISTS. LANGUAGE REVITALIZATION PROGRAMS Community members are integral to the success of language revitalization programs, participating in language learning and cultural preservation activities COMMUNITY MEMBERS. LANGUAGE DEATH Mandarin's global spread contributes to the marginalization and eventual death of minority languages MANDARIN. LANGUAGE REVITALIZATION PROGRAMS Linguists work together with language activists and community members in language revitalization programs to document and promote endangered languages LINGUISTS. LANGUAGE REVITALIZATION PROGRAMS Language activists collaborate in language revitalization programs, contributing to the efforts to preserve and promote endangered languages LANGUAGE ACTIVISTS. LANGUAGE DEATH Spanish's global spread contributes to the marginalization and eventual death of minority languages SPANISH. LANGUAGE DEATH Globalization contributes to language death by spreading dominant languages and marginalizing minority languages GLOBALIZATION. LANGUAGE DEATH The decline in intergenerational transmission of languages is a key factor contributing to language death INTERGENERATIONAL TRANSMISSION. LANGUAGE DEATH English's global spread contributes to the marginalization and eventual death of minority languages ENGLISH. LANGUAGE DEATH Cultural assimilation is a primary reason for language death, as dominant languages replace smaller, minority languages CULTURAL ASSIMILATION. LANGUAGE DEATH Language revitalization programs are established in response to the threat of language death, aiming to reverse the process by promoting and preserving endangered languages LANGUAGE REVITALIZATION PROGRAMS. LANGUAGE DEATH Language death contributes to the erosion of linguistic diversity by reducing the number of languages spoken worldwide LINGUISTIC DIVERSITY.",
    "evaluation": 0
  },
  {
    "correct_answer": "Understanding the reasons for language death is essential for addressing the issue.",
    "retrieved_context": "LANGUAGE REVITALIZATION PROGRAMS Community members are integral to the success of language revitalization programs, participating in language learning and cultural preservation activities COMMUNITY MEMBERS. LANGUAGE DEATH Mandarin's global spread contributes to the marginalization and eventual death of minority languages MANDARIN. LANGUAGE REVITALIZATION PROGRAMS Linguists work together with language activists and community members in language revitalization programs to document and promote endangered languages LINGUISTS. LANGUAGE REVITALIZATION PROGRAMS Language activists collaborate in language revitalization programs, contributing to the efforts to preserve and promote endangered languages LANGUAGE ACTIVISTS. LANGUAGE DEATH Spanish's global spread contributes to the marginalization and eventual death of minority languages SPANISH. LANGUAGE DEATH Globalization contributes to language death by spreading dominant languages and marginalizing minority languages GLOBALIZATION. LANGUAGE DEATH The decline in intergenerational transmission of languages is a key factor contributing to language death INTERGENERATIONAL TRANSMISSION. LANGUAGE DEATH English's global spread contributes to the marginalization and eventual death of minority languages ENGLISH. LANGUAGE DEATH Cultural assimilation is a primary reason for language death, as dominant languages replace smaller, minority languages CULTURAL ASSIMILATION. LANGUAGE DEATH Language revitalization programs are established in response to the threat of language death, aiming to reverse the process by promoting and preserving endangered languages LANGUAGE REVITALIZATION PROGRAMS. LANGUAGE DEATH Language death contributes to the erosion of linguistic diversity by reducing the number of languages spoken worldwide LINGUISTIC DIVERSITY. LANGUAGE REVITALIZATION PROGRAMS Linguists work together with language activists and community members in language revitalization programs to document and promote endangered languages LINGUISTS. LANGUAGE REVITALIZATION PROGRAMS Community members are integral to the success of language revitalization programs, participating in language learning and cultural preservation activities COMMUNITY MEMBERS. LANGUAGE REVITALIZATION PROGRAMS Language activists collaborate in language revitalization programs, contributing to the efforts to preserve and promote endangered languages LANGUAGE ACTIVISTS.",
    "evaluation": 1
  },
  {
    "correct_answer": "Valuing and supporting linguistic diversity is crucial for the preservation of human languages.",
    "retrieved_context": "LANGUAGE REVITALIZATION PROGRAMS Linguists work together with language activists and community members in language revitalization programs to document and promote endangered languages LINGUISTS. LANGUAGE REVITALIZATION PROGRAMS Community members are integral to the success of language revitalization programs, participating in language learning and cultural preservation activities COMMUNITY MEMBERS. LANGUAGE REVITALIZATION PROGRAMS Language activists collaborate in language revitalization programs, contributing to the efforts to preserve and promote endangered languages LANGUAGE ACTIVISTS. LANGUAGE REVITALIZATION PROGRAMS Community members are integral to the success of language revitalization programs, participating in language learning and cultural preservation activities COMMUNITY MEMBERS. LANGUAGE DEATH Mandarin's global spread contributes to the marginalization and eventual death of minority languages MANDARIN. LANGUAGE REVITALIZATION PROGRAMS Linguists work together with language activists and community members in language revitalization programs to document and promote endangered languages LINGUISTS. LANGUAGE REVITALIZATION PROGRAMS Language activists collaborate in language revitalization programs, contributing to the efforts to preserve and promote endangered languages LANGUAGE ACTIVISTS. LANGUAGE DEATH Spanish's global spread contributes to the marginalization and eventual death of minority languages SPANISH. LANGUAGE DEATH Globalization contributes to language death by spreading dominant languages and marginalizing minority languages GLOBALIZATION. LANGUAGE DEATH The decline in intergenerational transmission of languages is a key factor contributing to language death INTERGENERATIONAL TRANSMISSION. LANGUAGE DEATH English's global spread contributes to the marginalization and eventual death of minority languages ENGLISH. LANGUAGE DEATH Cultural assimilation is a primary reason for language death, as dominant languages replace smaller, minority languages CULTURAL ASSIMILATION. LANGUAGE DEATH Language revitalization programs are established in response to the threat of language death, aiming to reverse the process by promoting and preserving endangered languages LANGUAGE REVITALIZATION PROGRAMS. LANGUAGE DEATH Language death contributes to the erosion of linguistic diversity by reducing the number of languages spoken worldwide LINGUISTIC DIVERSITY.",
    "evaluation": 1
  },
  {
    "accuracy": "40.00%"
  }
]