[
  {
    "correct_answer": "The wheel was invented around 3500 BC in Mesopotamia.",
    "retrieved_context": "INTERNET The invention of the internet enabled the emergence of e-commerce, altering the landscape of business and consumer behavior E-COMMERCE. WHEEL The wheel was invented in Mesopotamia around 3500 BC MESOPOTAMIA. INTERNET The development of the internet paved the way for the creation of social media, changing how people communicate and share information SOCIAL MEDIA. INTERNET Tim Berners-Lee is recognized for his crucial role in developing the internet, which has transformed global communication and commerce TIM BERNERS-LEE. WHEEL Both the internet and the wheel are inventions that significantly impacted human civilization INTERNET. THOMAS EDISON Thomas Edison invented the light bulb, transforming artificial lighting LIGHT BULB. STEAM ENGINE Thomas Newcomen was one of the inventors who developed the steam engine in the 18th century THOMAS NEWCOMEN. STEAM ENGINE James Watt was one of the inventors who developed the steam engine in the 18th century JAMES WATT. ALEXANDER GRAHAM BELL Alexander Graham Bell invented the telephone, revolutionizing communication TELEPHONE.",
    "evaluation": 1
  },
  {
    "correct_answer": "The wheel revolutionized transportation and enabled the development of wheeled vehicles.",
    "retrieved_context": "INTERNET The invention of the internet enabled the emergence of e-commerce, altering the landscape of business and consumer behavior E-COMMERCE. WHEEL The wheel was invented in Mesopotamia around 3500 BC MESOPOTAMIA. INTERNET The development of the internet paved the way for the creation of social media, changing how people communicate and share information SOCIAL MEDIA. INTERNET Tim Berners-Lee is recognized for his crucial role in developing the internet, which has transformed global communication and commerce TIM BERNERS-LEE. WHEEL Both the internet and the wheel are inventions that significantly impacted human civilization INTERNET. STEAM ENGINE Thomas Newcomen was one of the inventors who developed the steam engine in the 18th century THOMAS NEWCOMEN. STEAM ENGINE James Watt was one of the inventors who developed the steam engine in the 18th century JAMES WATT. THOMAS EDISON Thomas Edison invented the light bulb, transforming artificial lighting LIGHT BULB.",
    "evaluation": 0
  },
  {
    "correct_answer": "The printing press was invented by Johannes Gutenberg in the 15th century.",
    "retrieved_context": "INTERNET The invention of the internet enabled the emergence of e-commerce, altering the landscape of business and consumer behavior E-COMMERCE. PRINTING PRESS Johannes Gutenberg invented the printing press in the 15th century JOHANNES GUTENBERG. INTERNET The development of the internet paved the way for the creation of social media, changing how people communicate and share information SOCIAL MEDIA. INTERNET Tim Berners-Lee is recognized for his crucial role in developing the internet, which has transformed global communication and commerce TIM BERNERS-LEE. PRINTING PRESS Both the printing press and the internet revolutionized the dissemination of information INTERNET. THOMAS EDISON Thomas Edison invented the light bulb, transforming artificial lighting LIGHT BULB. ALEXANDER GRAHAM BELL Alexander Graham Bell invented the telephone, revolutionizing communication TELEPHONE.",
    "evaluation": 1
  },
  {
    "correct_answer": "The printing press revolutionized the dissemination of information.",
    "retrieved_context": "INTERNET The invention of the internet enabled the emergence of e-commerce, altering the landscape of business and consumer behavior E-COMMERCE. PRINTING PRESS Johannes Gutenberg invented the printing press in the 15th century JOHANNES GUTENBERG. INTERNET The development of the internet paved the way for the creation of social media, changing how people communicate and share information SOCIAL MEDIA. INTERNET Tim Berners-Lee is recognized for his crucial role in developing the internet, which has transformed global communication and commerce TIM BERNERS-LEE. PRINTING PRESS Both the printing press and the internet revolutionized the dissemination of information INTERNET. INTERNET The development of the internet paved the way for the creation of social media, changing how people communicate and share information SOCIAL MEDIA. INTERNET The invention of the internet enabled the emergence of e-commerce, altering the landscape of business and consumer behavior E-COMMERCE. INTERNET Tim Berners-Lee is recognized for his crucial role in developing the internet, which has transformed global communication and commerce TIM BERNERS-LEE. THOMAS EDISON Thomas Edison invented the light bulb, transforming artificial lighting LIGHT BULB.",
    "evaluation": 1
  },
  {
    "correct_answer": "The steam engine was invented in the 18th century.",
    "retrieved_context": "STEAM ENGINE Thomas Newcomen was one of the inventors who developed the steam engine in the 18th century THOMAS NEWCOMEN. STEAM ENGINE James Watt was one of the inventors who developed the steam engine in the 18th century JAMES WATT. THOMAS EDISON Thomas Edison invented the light bulb, transforming artificial lighting LIGHT BULB. INTERNET The invention of the internet enabled the emergence of e-commerce, altering the landscape of business and consumer behavior E-COMMERCE. PRINTING PRESS Johannes Gutenberg invented the printing press in the 15th century JOHANNES GUTENBERG. INTERNET The development of the internet paved the way for the creation of social media, changing how people communicate and share information SOCIAL MEDIA. INTERNET Tim Berners-Lee is recognized for his crucial role in developing the internet, which has transformed global communication and commerce TIM BERNERS-LEE. PRINTING PRESS Both the printing press and the internet revolutionized the dissemination of information INTERNET. ALEXANDER GRAHAM BELL Alexander Graham Bell invented the telephone, revolutionizing communication TELEPHONE. INTERNET The invention of the internet enabled the emergence of e-commerce, altering the landscape of business and consumer behavior E-COMMERCE. WHEEL The wheel was invented in Mesopotamia around 3500 BC MESOPOTAMIA. INTERNET The development of the internet paved the way for the creation of social media, changing how people communicate and share information SOCIAL MEDIA. INTERNET Tim Berners-Lee is recognized for his crucial role in developing the internet, which has transformed global communication and commerce TIM BERNERS-LEE. WHEEL Both the internet and the wheel are inventions that significantly impacted human civilization INTERNET.",
    "evaluation": 1
  },
  {
    "correct_answer": "The steam engine powered machinery and revolutionized manufacturing processes.",
    "retrieved_context": "STEAM ENGINE Thomas Newcomen was one of the inventors who developed the steam engine in the 18th century THOMAS NEWCOMEN. STEAM ENGINE James Watt was one of the inventors who developed the steam engine in the 18th century JAMES WATT. INTERNET The invention of the internet enabled the emergence of e-commerce, altering the landscape of business and consumer behavior E-COMMERCE. PRINTING PRESS Johannes Gutenberg invented the printing press in the 15th century JOHANNES GUTENBERG. INTERNET The development of the internet paved the way for the creation of social media, changing how people communicate and share information SOCIAL MEDIA. INTERNET Tim Berners-Lee is recognized for his crucial role in developing the internet, which has transformed global communication and commerce TIM BERNERS-LEE. PRINTING PRESS Both the printing press and the internet revolutionized the dissemination of information INTERNET. THOMAS EDISON Thomas Edison invented the light bulb, transforming artificial lighting LIGHT BULB. INTERNET The invention of the internet enabled the emergence of e-commerce, altering the landscape of business and consumer behavior E-COMMERCE. WHEEL The wheel was invented in Mesopotamia around 3500 BC MESOPOTAMIA. INTERNET The development of the internet paved the way for the creation of social media, changing how people communicate and share information SOCIAL MEDIA. INTERNET Tim Berners-Lee is recognized for his crucial role in developing the internet, which has transformed global communication and commerce TIM BERNERS-LEE. WHEEL Both the internet and the wheel are inventions that significantly impacted human civilization INTERNET.",
    "evaluation": 0
  },
  {
    "correct_answer": "The telephone was invented by Alexander Graham Bell in the 19th century.",
    "retrieved_context": "ALEXANDER GRAHAM BELL Alexander Graham Bell invented the telephone, revolutionizing communication TELEPHONE. THOMAS EDISON Thomas Edison invented the light bulb, transforming artificial lighting LIGHT BULB. INTERNET The invention of the internet enabled the emergence of e-commerce, altering the landscape of business and consumer behavior E-COMMERCE. PRINTING PRESS Johannes Gutenberg invented the printing press in the 15th century JOHANNES GUTENBERG. INTERNET The development of the internet paved the way for the creation of social media, changing how people communicate and share information SOCIAL MEDIA. INTERNET Tim Berners-Lee is recognized for his crucial role in developing the internet, which has transformed global communication and commerce TIM BERNERS-LEE. PRINTING PRESS Both the printing press and the internet revolutionized the dissemination of information INTERNET. INTERNET The development of the internet paved the way for the creation of social media, changing how people communicate and share information SOCIAL MEDIA. INTERNET The invention of the internet enabled the emergence of e-commerce, altering the landscape of business and consumer behavior E-COMMERCE. INTERNET Tim Berners-Lee is recognized for his crucial role in developing the internet, which has transformed global communication and commerce TIM BERNERS-LEE.",
    "evaluation": 1
  },
  {
    "correct_answer": "The telephone transformed communication over long distances.",
    "retrieved_context": "INTERNET The development of the internet paved the way for the creation of social media, changing how people communicate and share information SOCIAL MEDIA. INTERNET The invention of the internet enabled the emergence of e-commerce, altering the landscape of business and consumer behavior E-COMMERCE. INTERNET Tim Berners-Lee is recognized for his crucial role in developing the internet, which has transformed global communication and commerce TIM BERNERS-LEE. ALEXANDER GRAHAM BELL Alexander Graham Bell invented the telephone, revolutionizing communication TELEPHONE. THOMAS EDISON Thomas Edison invented the light bulb, transforming artificial lighting LIGHT BULB. INTERNET The invention of the internet enabled the emergence of e-commerce, altering the landscape of business and consumer behavior E-COMMERCE. PRINTING PRESS Johannes Gutenberg invented the printing press in the 15th century JOHANNES GUTENBERG. INTERNET The development of the internet paved the way for the creation of social media, changing how people communicate and share information SOCIAL MEDIA. INTERNET Tim Berners-Lee is recognized for his crucial role in developing the internet, which has transformed global communication and commerce TIM BERNERS-LEE. PRINTING PRESS Both the printing press and the internet revolutionized the dissemination of information INTERNET.",
    "evaluation": 0
  },
  {
    "correct_answer": "The light bulb was invented by Thomas Edison in the late 19th century.",
    "retrieved_context": "THOMAS EDISON Thomas Edison invented the light bulb, transforming artificial lighting LIGHT BULB. ALEXANDER GRAHAM BELL Alexander Graham Bell invented the telephone, revolutionizing communication TELEPHONE.",
    "evaluation": 0
  },
  {
    "correct_answer": "The light bulb replaced gas lamps and candles as the primary source of lighting.",
    "retrieved_context": "THOMAS EDISON Thomas Edison invented the light bulb, transforming artificial lighting LIGHT BULB. STEAM ENGINE Thomas Newcomen was one of the inventors who developed the steam engine in the 18th century THOMAS NEWCOMEN. STEAM ENGINE James Watt was one of the inventors who developed the steam engine in the 18th century JAMES WATT. INTERNET The development of the internet paved the way for the creation of social media, changing how people communicate and share information SOCIAL MEDIA. INTERNET The invention of the internet enabled the emergence of e-commerce, altering the landscape of business and consumer behavior E-COMMERCE. INTERNET Tim Berners-Lee is recognized for his crucial role in developing the internet, which has transformed global communication and commerce TIM BERNERS-LEE. ALEXANDER GRAHAM BELL Alexander Graham Bell invented the telephone, revolutionizing communication TELEPHONE. INTERNET The invention of the internet enabled the emergence of e-commerce, altering the landscape of business and consumer behavior E-COMMERCE. WHEEL The wheel was invented in Mesopotamia around 3500 BC MESOPOTAMIA. INTERNET The development of the internet paved the way for the creation of social media, changing how people communicate and share information SOCIAL MEDIA. INTERNET Tim Berners-Lee is recognized for his crucial role in developing the internet, which has transformed global communication and commerce TIM BERNERS-LEE. WHEEL Both the internet and the wheel are inventions that significantly impacted human civilization INTERNET.",
    "evaluation": 0
  },
  {
    "correct_answer": "The computer was invented in the 20th century.",
    "retrieved_context": "THOMAS EDISON Thomas Edison invented the light bulb, transforming artificial lighting LIGHT BULB. INTERNET The development of the internet paved the way for the creation of social media, changing how people communicate and share information SOCIAL MEDIA. INTERNET The invention of the internet enabled the emergence of e-commerce, altering the landscape of business and consumer behavior E-COMMERCE. INTERNET Tim Berners-Lee is recognized for his crucial role in developing the internet, which has transformed global communication and commerce TIM BERNERS-LEE. INTERNET The invention of the internet enabled the emergence of e-commerce, altering the landscape of business and consumer behavior E-COMMERCE. PRINTING PRESS Johannes Gutenberg invented the printing press in the 15th century JOHANNES GUTENBERG. INTERNET The development of the internet paved the way for the creation of social media, changing how people communicate and share information SOCIAL MEDIA. INTERNET Tim Berners-Lee is recognized for his crucial role in developing the internet, which has transformed global communication and commerce TIM BERNERS-LEE. PRINTING PRESS Both the printing press and the internet revolutionized the dissemination of information INTERNET. ENIAC ENIAC was the precursor to modern computing technologies COMPUTER. ALEXANDER GRAHAM BELL Alexander Graham Bell invented the telephone, revolutionizing communication TELEPHONE.",
    "evaluation": 0
  },
  {
    "correct_answer": "The computer ushered in the digital age and revolutionized various aspects of life.",
    "retrieved_context": "INTERNET The development of the internet paved the way for the creation of social media, changing how people communicate and share information SOCIAL MEDIA. INTERNET The invention of the internet enabled the emergence of e-commerce, altering the landscape of business and consumer behavior E-COMMERCE. INTERNET Tim Berners-Lee is recognized for his crucial role in developing the internet, which has transformed global communication and commerce TIM BERNERS-LEE. THOMAS EDISON Thomas Edison invented the light bulb, transforming artificial lighting LIGHT BULB. ENIAC ENIAC was the precursor to modern computing technologies COMPUTER. INTERNET The invention of the internet enabled the emergence of e-commerce, altering the landscape of business and consumer behavior E-COMMERCE. PRINTING PRESS Johannes Gutenberg invented the printing press in the 15th century JOHANNES GUTENBERG. INTERNET The development of the internet paved the way for the creation of social media, changing how people communicate and share information SOCIAL MEDIA. INTERNET Tim Berners-Lee is recognized for his crucial role in developing the internet, which has transformed global communication and commerce TIM BERNERS-LEE. PRINTING PRESS Both the printing press and the internet revolutionized the dissemination of information INTERNET.",
    "evaluation": 0
  },
  {
    "correct_answer": "The internet was developed in the late 20th century.",
    "retrieved_context": "INTERNET The development of the internet paved the way for the creation of social media, changing how people communicate and share information SOCIAL MEDIA. INTERNET The invention of the internet enabled the emergence of e-commerce, altering the landscape of business and consumer behavior E-COMMERCE. INTERNET Tim Berners-Lee is recognized for his crucial role in developing the internet, which has transformed global communication and commerce TIM BERNERS-LEE. THOMAS EDISON Thomas Edison invented the light bulb, transforming artificial lighting LIGHT BULB.",
    "evaluation": 0
  },
  {
    "correct_answer": "The internet revolutionized access to information and communication.",
    "retrieved_context": "INTERNET The development of the internet paved the way for the creation of social media, changing how people communicate and share information SOCIAL MEDIA. INTERNET The invention of the internet enabled the emergence of e-commerce, altering the landscape of business and consumer behavior E-COMMERCE. INTERNET Tim Berners-Lee is recognized for his crucial role in developing the internet, which has transformed global communication and commerce TIM BERNERS-LEE. THOMAS EDISON Thomas Edison invented the light bulb, transforming artificial lighting LIGHT BULB. ENIAC ENIAC was the precursor to modern computing technologies COMPUTER.",
    "evaluation": 1
  },
  {
    "correct_answer": "Inventions have played a crucial role in shaping human history and driving progress.",
    "retrieved_context": "THOMAS EDISON Thomas Edison invented the light bulb, transforming artificial lighting LIGHT BULB. INTERNET The invention of the internet enabled the emergence of e-commerce, altering the landscape of business and consumer behavior E-COMMERCE. WHEEL The wheel was invented in Mesopotamia around 3500 BC MESOPOTAMIA. INTERNET The development of the internet paved the way for the creation of social media, changing how people communicate and share information SOCIAL MEDIA. INTERNET Tim Berners-Lee is recognized for his crucial role in developing the internet, which has transformed global communication and commerce TIM BERNERS-LEE. WHEEL Both the internet and the wheel are inventions that significantly impacted human civilization INTERNET. INTERNET The development of the internet paved the way for the creation of social media, changing how people communicate and share information SOCIAL MEDIA. INTERNET The invention of the internet enabled the emergence of e-commerce, altering the landscape of business and consumer behavior E-COMMERCE. INTERNET Tim Berners-Lee is recognized for his crucial role in developing the internet, which has transformed global communication and commerce TIM BERNERS-LEE.",
    "evaluation": 1
  },
  {
    "accuracy": "46.67%"
  }
]