[
  {
    "correct_answer": "Protests challenge oppressive regimes.",
    "retrieved_context": "PROTESTS AND REVOLUTIONS The Tiananmen Square Massacre is an example of government crackdown on protests and revolutions TIANANMEN SQUARE MASSACRE. PROTESTS AND REVOLUTIONS Belarus has experienced government crackdowns on pro-democracy protests, linking it to the global phenomenon of protests and revolutions BELARUS. TIANANMEN SQUARE MASSACRE The Tiananmen Square massacre occurred in China, showcasing the government's attempt to suppress pro-democracy movements CHINA. CIVIL RIGHTS MOVEMENT The Black Lives Matter Movement is inspired by and seen as a continuation of the Civil Rights Movement BLACK LIVES MATTER MOVEMENT. CIVIL RIGHTS MOVEMENT Martin Luther King Jr. was a leading figure in the Civil Rights Movement MARTIN LUTHER KING JR.. CIVIL RIGHTS MOVEMENT Rosa Parks played a significant role in the Civil Rights Movement ROSA PARKS. TIANANMEN SQUARE MASSACRE The Tiananmen Square massacre occurred in China, showcasing the government's attempt to suppress pro-democracy movements CHINA. PROTESTS AND REVOLUTIONS Belarus has experienced government crackdowns on pro-democracy protests, linking it to the global phenomenon of protests and revolutions BELARUS. AMERICAN REVOLUTION The French Revolution was inspired by the American Revolution and its ideals FRENCH REVOLUTION. PROTESTS AND REVOLUTIONS The Tiananmen Square Massacre is an example of government crackdown on protests and revolutions TIANANMEN SQUARE MASSACRE. AMERICAN REVOLUTION The American Revolution is a pivotal event in the history of protests and revolutions PROTESTS AND REVOLUTIONS. AMERICAN REVOLUTION The American Revolution was characterized by the principles outlined in the Declaration of Independence DECLARATION OF INDEPENDENCE. FRENCH REVOLUTION The French Revolution is a key event in the history of protests and revolutions, transforming political landscapes PROTESTS AND REVOLUTIONS. PROTESTS AND REVOLUTIONS Belarus has experienced government crackdowns on pro-democracy protests, linking it to the global phenomenon of protests and revolutions BELARUS. RUSSIAN REVOLUTION The Russian Revolution is a significant event in the history of protests and revolutions, led by the Bolsheviks PROTESTS AND REVOLUTIONS. RUSSIAN REVOLUTION The Russian Revolution brought an end to the Romanov Dynasty ROMANOV DYNASTY. PROTESTS AND REVOLUTIONS The Tiananmen Square Massacre is an example of government crackdown on protests and revolutions TIANANMEN SQUARE MASSACRE. RUSSIAN REVOLUTION Vladimir Lenin led the Bolsheviks in the Russian Revolution VLADIMIR LENIN. PROTESTS AND REVOLUTIONS The Tiananmen Square Massacre is an example of government crackdown on protests and revolutions TIANANMEN SQUARE MASSACRE. PROTESTS AND REVOLUTIONS Belarus has experienced government crackdowns on pro-democracy protests, linking it to the global phenomenon of protests and revolutions BELARUS. FRENCH REVOLUTION The French Revolution is a key event in the history of protests and revolutions, transforming political landscapes PROTESTS AND REVOLUTIONS.",
    "evaluation": 0
  },
  {
    "correct_answer": "Protests demand political rights.",
    "retrieved_context": "PROTESTS AND REVOLUTIONS The Tiananmen Square Massacre is an example of government crackdown on protests and revolutions TIANANMEN SQUARE MASSACRE. PROTESTS AND REVOLUTIONS Belarus has experienced government crackdowns on pro-democracy protests, linking it to the global phenomenon of protests and revolutions BELARUS. TIANANMEN SQUARE MASSACRE The Tiananmen Square massacre occurred in China, showcasing the government's attempt to suppress pro-democracy movements CHINA. CIVIL RIGHTS MOVEMENT The Black Lives Matter Movement is inspired by and seen as a continuation of the Civil Rights Movement BLACK LIVES MATTER MOVEMENT. CIVIL RIGHTS MOVEMENT Martin Luther King Jr. was a leading figure in the Civil Rights Movement MARTIN LUTHER KING JR.. CIVIL RIGHTS MOVEMENT Rosa Parks played a significant role in the Civil Rights Movement ROSA PARKS. TIANANMEN SQUARE MASSACRE The Tiananmen Square massacre occurred in China, showcasing the government's attempt to suppress pro-democracy movements CHINA. PROTESTS AND REVOLUTIONS Belarus has experienced government crackdowns on pro-democracy protests, linking it to the global phenomenon of protests and revolutions BELARUS. AMERICAN REVOLUTION The French Revolution was inspired by the American Revolution and its ideals FRENCH REVOLUTION. PROTESTS AND REVOLUTIONS The Tiananmen Square Massacre is an example of government crackdown on protests and revolutions TIANANMEN SQUARE MASSACRE. AMERICAN REVOLUTION The American Revolution is a pivotal event in the history of protests and revolutions PROTESTS AND REVOLUTIONS. AMERICAN REVOLUTION The American Revolution was characterized by the principles outlined in the Declaration of Independence DECLARATION OF INDEPENDENCE. FRENCH REVOLUTION The French Revolution is a key event in the history of protests and revolutions, transforming political landscapes PROTESTS AND REVOLUTIONS. PROTESTS AND REVOLUTIONS Belarus has experienced government crackdowns on pro-democracy protests, linking it to the global phenomenon of protests and revolutions BELARUS. RUSSIAN REVOLUTION The Russian Revolution is a significant event in the history of protests and revolutions, led by the Bolsheviks PROTESTS AND REVOLUTIONS. RUSSIAN REVOLUTION The Russian Revolution brought an end to the Romanov Dynasty ROMANOV DYNASTY. PROTESTS AND REVOLUTIONS The Tiananmen Square Massacre is an example of government crackdown on protests and revolutions TIANANMEN SQUARE MASSACRE. RUSSIAN REVOLUTION Vladimir Lenin led the Bolsheviks in the Russian Revolution VLADIMIR LENIN.",
    "evaluation": 0
  },
  {
    "correct_answer": "Protests fight for social justice.",
    "retrieved_context": "PROTESTS AND REVOLUTIONS The Tiananmen Square Massacre is an example of government crackdown on protests and revolutions TIANANMEN SQUARE MASSACRE. PROTESTS AND REVOLUTIONS Belarus has experienced government crackdowns on pro-democracy protests, linking it to the global phenomenon of protests and revolutions BELARUS. TIANANMEN SQUARE MASSACRE The Tiananmen Square massacre occurred in China, showcasing the government's attempt to suppress pro-democracy movements CHINA. CIVIL RIGHTS MOVEMENT The Black Lives Matter Movement is inspired by and seen as a continuation of the Civil Rights Movement BLACK LIVES MATTER MOVEMENT. CIVIL RIGHTS MOVEMENT Martin Luther King Jr. was a leading figure in the Civil Rights Movement MARTIN LUTHER KING JR.. CIVIL RIGHTS MOVEMENT Rosa Parks played a significant role in the Civil Rights Movement ROSA PARKS. TIANANMEN SQUARE MASSACRE The Tiananmen Square massacre occurred in China, showcasing the government's attempt to suppress pro-democracy movements CHINA. PROTESTS AND REVOLUTIONS Belarus has experienced government crackdowns on pro-democracy protests, linking it to the global phenomenon of protests and revolutions BELARUS. AMERICAN REVOLUTION The French Revolution was inspired by the American Revolution and its ideals FRENCH REVOLUTION. PROTESTS AND REVOLUTIONS The Tiananmen Square Massacre is an example of government crackdown on protests and revolutions TIANANMEN SQUARE MASSACRE. AMERICAN REVOLUTION The American Revolution is a pivotal event in the history of protests and revolutions PROTESTS AND REVOLUTIONS. AMERICAN REVOLUTION The American Revolution was characterized by the principles outlined in the Declaration of Independence DECLARATION OF INDEPENDENCE. FRENCH REVOLUTION The French Revolution is a key event in the history of protests and revolutions, transforming political landscapes PROTESTS AND REVOLUTIONS. PROTESTS AND REVOLUTIONS The Tiananmen Square Massacre is an example of government crackdown on protests and revolutions TIANANMEN SQUARE MASSACRE. PROTESTS AND REVOLUTIONS Belarus has experienced government crackdowns on pro-democracy protests, linking it to the global phenomenon of protests and revolutions BELARUS. FRENCH REVOLUTION The French Revolution is a key event in the history of protests and revolutions, transforming political landscapes PROTESTS AND REVOLUTIONS.",
    "evaluation": 0
  },
  {
    "correct_answer": "Protests can be peaceful demonstrations.",
    "retrieved_context": "PROTESTS AND REVOLUTIONS The Tiananmen Square Massacre is an example of government crackdown on protests and revolutions TIANANMEN SQUARE MASSACRE. PROTESTS AND REVOLUTIONS Belarus has experienced government crackdowns on pro-democracy protests, linking it to the global phenomenon of protests and revolutions BELARUS. TIANANMEN SQUARE MASSACRE The Tiananmen Square massacre occurred in China, showcasing the government's attempt to suppress pro-democracy movements CHINA. CIVIL RIGHTS MOVEMENT The Black Lives Matter Movement is inspired by and seen as a continuation of the Civil Rights Movement BLACK LIVES MATTER MOVEMENT. CIVIL RIGHTS MOVEMENT Martin Luther King Jr. was a leading figure in the Civil Rights Movement MARTIN LUTHER KING JR.. CIVIL RIGHTS MOVEMENT Rosa Parks played a significant role in the Civil Rights Movement ROSA PARKS. TIANANMEN SQUARE MASSACRE The Tiananmen Square massacre occurred in China, showcasing the government's attempt to suppress pro-democracy movements CHINA. PROTESTS AND REVOLUTIONS Belarus has experienced government crackdowns on pro-democracy protests, linking it to the global phenomenon of protests and revolutions BELARUS. AMERICAN REVOLUTION The French Revolution was inspired by the American Revolution and its ideals FRENCH REVOLUTION. PROTESTS AND REVOLUTIONS The Tiananmen Square Massacre is an example of government crackdown on protests and revolutions TIANANMEN SQUARE MASSACRE. AMERICAN REVOLUTION The American Revolution is a pivotal event in the history of protests and revolutions PROTESTS AND REVOLUTIONS. AMERICAN REVOLUTION The American Revolution was characterized by the principles outlined in the Declaration of Independence DECLARATION OF INDEPENDENCE. FRENCH REVOLUTION The French Revolution is a key event in the history of protests and revolutions, transforming political landscapes PROTESTS AND REVOLUTIONS. PROTESTS AND REVOLUTIONS The Tiananmen Square Massacre is an example of government crackdown on protests and revolutions TIANANMEN SQUARE MASSACRE. PROTESTS AND REVOLUTIONS Belarus has experienced government crackdowns on pro-democracy protests, linking it to the global phenomenon of protests and revolutions BELARUS. FRENCH REVOLUTION The French Revolution is a key event in the history of protests and revolutions, transforming political landscapes PROTESTS AND REVOLUTIONS. PROTESTS AND REVOLUTIONS Belarus has experienced government crackdowns on pro-democracy protests, linking it to the global phenomenon of protests and revolutions BELARUS. RUSSIAN REVOLUTION The Russian Revolution is a significant event in the history of protests and revolutions, led by the Bolsheviks PROTESTS AND REVOLUTIONS. RUSSIAN REVOLUTION The Russian Revolution brought an end to the Romanov Dynasty ROMANOV DYNASTY. PROTESTS AND REVOLUTIONS The Tiananmen Square Massacre is an example of government crackdown on protests and revolutions TIANANMEN SQUARE MASSACRE. RUSSIAN REVOLUTION Vladimir Lenin led the Bolsheviks in the Russian Revolution VLADIMIR LENIN.",
    "evaluation": 0
  },
  {
    "correct_answer": "Protests can be violent uprisings.",
    "retrieved_context": "PROTESTS AND REVOLUTIONS The Tiananmen Square Massacre is an example of government crackdown on protests and revolutions TIANANMEN SQUARE MASSACRE. PROTESTS AND REVOLUTIONS Belarus has experienced government crackdowns on pro-democracy protests, linking it to the global phenomenon of protests and revolutions BELARUS. TIANANMEN SQUARE MASSACRE The Tiananmen Square massacre occurred in China, showcasing the government's attempt to suppress pro-democracy movements CHINA. CIVIL RIGHTS MOVEMENT The Black Lives Matter Movement is inspired by and seen as a continuation of the Civil Rights Movement BLACK LIVES MATTER MOVEMENT. CIVIL RIGHTS MOVEMENT Martin Luther King Jr. was a leading figure in the Civil Rights Movement MARTIN LUTHER KING JR.. CIVIL RIGHTS MOVEMENT Rosa Parks played a significant role in the Civil Rights Movement ROSA PARKS. TIANANMEN SQUARE MASSACRE The Tiananmen Square massacre occurred in China, showcasing the government's attempt to suppress pro-democracy movements CHINA. PROTESTS AND REVOLUTIONS Belarus has experienced government crackdowns on pro-democracy protests, linking it to the global phenomenon of protests and revolutions BELARUS. AMERICAN REVOLUTION The French Revolution was inspired by the American Revolution and its ideals FRENCH REVOLUTION. PROTESTS AND REVOLUTIONS The Tiananmen Square Massacre is an example of government crackdown on protests and revolutions TIANANMEN SQUARE MASSACRE. AMERICAN REVOLUTION The American Revolution is a pivotal event in the history of protests and revolutions PROTESTS AND REVOLUTIONS. AMERICAN REVOLUTION The American Revolution was characterized by the principles outlined in the Declaration of Independence DECLARATION OF INDEPENDENCE. FRENCH REVOLUTION The French Revolution is a key event in the history of protests and revolutions, transforming political landscapes PROTESTS AND REVOLUTIONS. PROTESTS AND REVOLUTIONS The Tiananmen Square Massacre is an example of government crackdown on protests and revolutions TIANANMEN SQUARE MASSACRE. PROTESTS AND REVOLUTIONS Belarus has experienced government crackdowns on pro-democracy protests, linking it to the global phenomenon of protests and revolutions BELARUS. FRENCH REVOLUTION The French Revolution is a key event in the history of protests and revolutions, transforming political landscapes PROTESTS AND REVOLUTIONS. PROTESTS AND REVOLUTIONS Belarus has experienced government crackdowns on pro-democracy protests, linking it to the global phenomenon of protests and revolutions BELARUS. RUSSIAN REVOLUTION The Russian Revolution is a significant event in the history of protests and revolutions, led by the Bolsheviks PROTESTS AND REVOLUTIONS. RUSSIAN REVOLUTION The Russian Revolution brought an end to the Romanov Dynasty ROMANOV DYNASTY. PROTESTS AND REVOLUTIONS The Tiananmen Square Massacre is an example of government crackdown on protests and revolutions TIANANMEN SQUARE MASSACRE. RUSSIAN REVOLUTION Vladimir Lenin led the Bolsheviks in the Russian Revolution VLADIMIR LENIN.",
    "evaluation": 0
  },
  {
    "correct_answer": "American Revolution inspired global fight for freedom.",
    "retrieved_context": "PROTESTS AND REVOLUTIONS Belarus has experienced government crackdowns on pro-democracy protests, linking it to the global phenomenon of protests and revolutions BELARUS. AMERICAN REVOLUTION The French Revolution was inspired by the American Revolution and its ideals FRENCH REVOLUTION. PROTESTS AND REVOLUTIONS The Tiananmen Square Massacre is an example of government crackdown on protests and revolutions TIANANMEN SQUARE MASSACRE. AMERICAN REVOLUTION The American Revolution is a pivotal event in the history of protests and revolutions PROTESTS AND REVOLUTIONS. AMERICAN REVOLUTION The American Revolution was characterized by the principles outlined in the Declaration of Independence DECLARATION OF INDEPENDENCE. FRENCH REVOLUTION The French Revolution is a key event in the history of protests and revolutions, transforming political landscapes PROTESTS AND REVOLUTIONS. PROTESTS AND REVOLUTIONS The Tiananmen Square Massacre is an example of government crackdown on protests and revolutions TIANANMEN SQUARE MASSACRE. PROTESTS AND REVOLUTIONS Belarus has experienced government crackdowns on pro-democracy protests, linking it to the global phenomenon of protests and revolutions BELARUS. FRENCH REVOLUTION The French Revolution is a key event in the history of protests and revolutions, transforming political landscapes PROTESTS AND REVOLUTIONS. PROTESTS AND REVOLUTIONS The Tiananmen Square Massacre is an example of government crackdown on protests and revolutions TIANANMEN SQUARE MASSACRE. PROTESTS AND REVOLUTIONS Belarus has experienced government crackdowns on pro-democracy protests, linking it to the global phenomenon of protests and revolutions BELARUS. TIANANMEN SQUARE MASSACRE The Tiananmen Square massacre occurred in China, showcasing the government's attempt to suppress pro-democracy movements CHINA. PROTESTS AND REVOLUTIONS Belarus has experienced government crackdowns on pro-democracy protests, linking it to the global phenomenon of protests and revolutions BELARUS. RUSSIAN REVOLUTION The Russian Revolution is a significant event in the history of protests and revolutions, led by the Bolsheviks PROTESTS AND REVOLUTIONS. RUSSIAN REVOLUTION The Russian Revolution brought an end to the Romanov Dynasty ROMANOV DYNASTY. PROTESTS AND REVOLUTIONS The Tiananmen Square Massacre is an example of government crackdown on protests and revolutions TIANANMEN SQUARE MASSACRE. RUSSIAN REVOLUTION Vladimir Lenin led the Bolsheviks in the Russian Revolution VLADIMIR LENIN. CIVIL RIGHTS MOVEMENT The Black Lives Matter Movement is inspired by and seen as a continuation of the Civil Rights Movement BLACK LIVES MATTER MOVEMENT. CIVIL RIGHTS MOVEMENT Martin Luther King Jr. was a leading figure in the Civil Rights Movement MARTIN LUTHER KING JR.. CIVIL RIGHTS MOVEMENT Rosa Parks played a significant role in the Civil Rights Movement ROSA PARKS. TIANANMEN SQUARE MASSACRE The Tiananmen Square massacre occurred in China, showcasing the government's attempt to suppress pro-democracy movements CHINA.",
    "evaluation": 0
  },
  {
    "correct_answer": "French Revolution established a republic based on liberty.",
    "retrieved_context": "PROTESTS AND REVOLUTIONS The Tiananmen Square Massacre is an example of government crackdown on protests and revolutions TIANANMEN SQUARE MASSACRE. PROTESTS AND REVOLUTIONS Belarus has experienced government crackdowns on pro-democracy protests, linking it to the global phenomenon of protests and revolutions BELARUS. FRENCH REVOLUTION The French Revolution is a key event in the history of protests and revolutions, transforming political landscapes PROTESTS AND REVOLUTIONS. PROTESTS AND REVOLUTIONS Belarus has experienced government crackdowns on pro-democracy protests, linking it to the global phenomenon of protests and revolutions BELARUS. AMERICAN REVOLUTION The French Revolution was inspired by the American Revolution and its ideals FRENCH REVOLUTION. PROTESTS AND REVOLUTIONS The Tiananmen Square Massacre is an example of government crackdown on protests and revolutions TIANANMEN SQUARE MASSACRE. AMERICAN REVOLUTION The American Revolution is a pivotal event in the history of protests and revolutions PROTESTS AND REVOLUTIONS. AMERICAN REVOLUTION The American Revolution was characterized by the principles outlined in the Declaration of Independence DECLARATION OF INDEPENDENCE. FRENCH REVOLUTION The French Revolution is a key event in the history of protests and revolutions, transforming political landscapes PROTESTS AND REVOLUTIONS. PROTESTS AND REVOLUTIONS Belarus has experienced government crackdowns on pro-democracy protests, linking it to the global phenomenon of protests and revolutions BELARUS. RUSSIAN REVOLUTION The Russian Revolution is a significant event in the history of protests and revolutions, led by the Bolsheviks PROTESTS AND REVOLUTIONS. RUSSIAN REVOLUTION The Russian Revolution brought an end to the Romanov Dynasty ROMANOV DYNASTY. PROTESTS AND REVOLUTIONS The Tiananmen Square Massacre is an example of government crackdown on protests and revolutions TIANANMEN SQUARE MASSACRE. RUSSIAN REVOLUTION Vladimir Lenin led the Bolsheviks in the Russian Revolution VLADIMIR LENIN. PROTESTS AND REVOLUTIONS The Tiananmen Square Massacre is an example of government crackdown on protests and revolutions TIANANMEN SQUARE MASSACRE. PROTESTS AND REVOLUTIONS Belarus has experienced government crackdowns on pro-democracy protests, linking it to the global phenomenon of protests and revolutions BELARUS. TIANANMEN SQUARE MASSACRE The Tiananmen Square massacre occurred in China, showcasing the government's attempt to suppress pro-democracy movements CHINA. CIVIL RIGHTS MOVEMENT The Black Lives Matter Movement is inspired by and seen as a continuation of the Civil Rights Movement BLACK LIVES MATTER MOVEMENT. CIVIL RIGHTS MOVEMENT Martin Luther King Jr. was a leading figure in the Civil Rights Movement MARTIN LUTHER KING JR.. CIVIL RIGHTS MOVEMENT Rosa Parks played a significant role in the Civil Rights Movement ROSA PARKS.",
    "evaluation": 0
  },
  {
    "correct_answer": "Russian Revolution led to the world's first communist state.",
    "retrieved_context": "PROTESTS AND REVOLUTIONS Belarus has experienced government crackdowns on pro-democracy protests, linking it to the global phenomenon of protests and revolutions BELARUS. RUSSIAN REVOLUTION The Russian Revolution is a significant event in the history of protests and revolutions, led by the Bolsheviks PROTESTS AND REVOLUTIONS. RUSSIAN REVOLUTION The Russian Revolution brought an end to the Romanov Dynasty ROMANOV DYNASTY. PROTESTS AND REVOLUTIONS The Tiananmen Square Massacre is an example of government crackdown on protests and revolutions TIANANMEN SQUARE MASSACRE. RUSSIAN REVOLUTION Vladimir Lenin led the Bolsheviks in the Russian Revolution VLADIMIR LENIN. PROTESTS AND REVOLUTIONS The Tiananmen Square Massacre is an example of government crackdown on protests and revolutions TIANANMEN SQUARE MASSACRE. PROTESTS AND REVOLUTIONS Belarus has experienced government crackdowns on pro-democracy protests, linking it to the global phenomenon of protests and revolutions BELARUS. TIANANMEN SQUARE MASSACRE The Tiananmen Square massacre occurred in China, showcasing the government's attempt to suppress pro-democracy movements CHINA. PROTESTS AND REVOLUTIONS Belarus has experienced government crackdowns on pro-democracy protests, linking it to the global phenomenon of protests and revolutions BELARUS. AMERICAN REVOLUTION The French Revolution was inspired by the American Revolution and its ideals FRENCH REVOLUTION. PROTESTS AND REVOLUTIONS The Tiananmen Square Massacre is an example of government crackdown on protests and revolutions TIANANMEN SQUARE MASSACRE. AMERICAN REVOLUTION The American Revolution is a pivotal event in the history of protests and revolutions PROTESTS AND REVOLUTIONS. AMERICAN REVOLUTION The American Revolution was characterized by the principles outlined in the Declaration of Independence DECLARATION OF INDEPENDENCE. FRENCH REVOLUTION The French Revolution is a key event in the history of protests and revolutions, transforming political landscapes PROTESTS AND REVOLUTIONS. PROTESTS AND REVOLUTIONS The Tiananmen Square Massacre is an example of government crackdown on protests and revolutions TIANANMEN SQUARE MASSACRE. PROTESTS AND REVOLUTIONS Belarus has experienced government crackdowns on pro-democracy protests, linking it to the global phenomenon of protests and revolutions BELARUS. FRENCH REVOLUTION The French Revolution is a key event in the history of protests and revolutions, transforming political landscapes PROTESTS AND REVOLUTIONS.",
    "evaluation": 0
  },
  {
    "correct_answer": "Civil rights movement challenged racial segregation.",
    "retrieved_context": "CIVIL RIGHTS MOVEMENT The Black Lives Matter Movement is inspired by and seen as a continuation of the Civil Rights Movement BLACK LIVES MATTER MOVEMENT. CIVIL RIGHTS MOVEMENT Martin Luther King Jr. was a leading figure in the Civil Rights Movement MARTIN LUTHER KING JR.. CIVIL RIGHTS MOVEMENT Rosa Parks played a significant role in the Civil Rights Movement ROSA PARKS. PROTESTS AND REVOLUTIONS Belarus has experienced government crackdowns on pro-democracy protests, linking it to the global phenomenon of protests and revolutions BELARUS. AMERICAN REVOLUTION The French Revolution was inspired by the American Revolution and its ideals FRENCH REVOLUTION. PROTESTS AND REVOLUTIONS The Tiananmen Square Massacre is an example of government crackdown on protests and revolutions TIANANMEN SQUARE MASSACRE. AMERICAN REVOLUTION The American Revolution is a pivotal event in the history of protests and revolutions PROTESTS AND REVOLUTIONS. AMERICAN REVOLUTION The American Revolution was characterized by the principles outlined in the Declaration of Independence DECLARATION OF INDEPENDENCE. FRENCH REVOLUTION The French Revolution is a key event in the history of protests and revolutions, transforming political landscapes PROTESTS AND REVOLUTIONS. PROTESTS AND REVOLUTIONS The Tiananmen Square Massacre is an example of government crackdown on protests and revolutions TIANANMEN SQUARE MASSACRE. PROTESTS AND REVOLUTIONS Belarus has experienced government crackdowns on pro-democracy protests, linking it to the global phenomenon of protests and revolutions BELARUS. TIANANMEN SQUARE MASSACRE The Tiananmen Square massacre occurred in China, showcasing the government's attempt to suppress pro-democracy movements CHINA. TIANANMEN SQUARE MASSACRE The Tiananmen Square massacre occurred in China, showcasing the government's attempt to suppress pro-democracy movements CHINA. PROTESTS AND REVOLUTIONS The Tiananmen Square Massacre is an example of government crackdown on protests and revolutions TIANANMEN SQUARE MASSACRE. PROTESTS AND REVOLUTIONS Belarus has experienced government crackdowns on pro-democracy protests, linking it to the global phenomenon of protests and revolutions BELARUS. FRENCH REVOLUTION The French Revolution is a key event in the history of protests and revolutions, transforming political landscapes PROTESTS AND REVOLUTIONS.",
    "evaluation": 0
  },
  {
    "correct_answer": "Arab Spring led to the overthrow of dictators.",
    "retrieved_context": "ARAB SPRING Both movements are part of a global wave of protests and revolutions aiming for social and political change BLACK LIVES MATTER MOVEMENT. PROTESTS AND REVOLUTIONS The Tiananmen Square Massacre is an example of government crackdown on protests and revolutions TIANANMEN SQUARE MASSACRE. PROTESTS AND REVOLUTIONS Belarus has experienced government crackdowns on pro-democracy protests, linking it to the global phenomenon of protests and revolutions BELARUS. TIANANMEN SQUARE MASSACRE The Tiananmen Square massacre occurred in China, showcasing the government's attempt to suppress pro-democracy movements CHINA. PROTESTS AND REVOLUTIONS Belarus has experienced government crackdowns on pro-democracy protests, linking it to the global phenomenon of protests and revolutions BELARUS. RUSSIAN REVOLUTION The Russian Revolution is a significant event in the history of protests and revolutions, led by the Bolsheviks PROTESTS AND REVOLUTIONS. RUSSIAN REVOLUTION The Russian Revolution brought an end to the Romanov Dynasty ROMANOV DYNASTY. PROTESTS AND REVOLUTIONS The Tiananmen Square Massacre is an example of government crackdown on protests and revolutions TIANANMEN SQUARE MASSACRE. RUSSIAN REVOLUTION Vladimir Lenin led the Bolsheviks in the Russian Revolution VLADIMIR LENIN. PROTESTS AND REVOLUTIONS Belarus has experienced government crackdowns on pro-democracy protests, linking it to the global phenomenon of protests and revolutions BELARUS. AMERICAN REVOLUTION The French Revolution was inspired by the American Revolution and its ideals FRENCH REVOLUTION. PROTESTS AND REVOLUTIONS The Tiananmen Square Massacre is an example of government crackdown on protests and revolutions TIANANMEN SQUARE MASSACRE. AMERICAN REVOLUTION The American Revolution is a pivotal event in the history of protests and revolutions PROTESTS AND REVOLUTIONS. AMERICAN REVOLUTION The American Revolution was characterized by the principles outlined in the Declaration of Independence DECLARATION OF INDEPENDENCE. FRENCH REVOLUTION The French Revolution is a key event in the history of protests and revolutions, transforming political landscapes PROTESTS AND REVOLUTIONS. TIANANMEN SQUARE MASSACRE The Tiananmen Square massacre occurred in China, showcasing the government's attempt to suppress pro-democracy movements CHINA. PROTESTS AND REVOLUTIONS The Tiananmen Square Massacre is an example of government crackdown on protests and revolutions TIANANMEN SQUARE MASSACRE. PROTESTS AND REVOLUTIONS Belarus has experienced government crackdowns on pro-democracy protests, linking it to the global phenomenon of protests and revolutions BELARUS. FRENCH REVOLUTION The French Revolution is a key event in the history of protests and revolutions, transforming political landscapes PROTESTS AND REVOLUTIONS. PROTESTS AND REVOLUTIONS The Tiananmen Square Massacre is an example of government crackdown on protests and revolutions TIANANMEN SQUARE MASSACRE. ANCIENT EGYPT Ancient Egypt was the site of one of the earliest recorded protests contributing to the history of protests and revolutions PROTESTS AND REVOLUTIONS. PROTESTS AND REVOLUTIONS Belarus has experienced government crackdowns on pro-democracy protests, linking it to the global phenomenon of protests and revolutions BELARUS.",
    "evaluation": 0
  },
  {
    "correct_answer": "Black Lives Matter demands racial justice.",
    "retrieved_context": "CIVIL RIGHTS MOVEMENT The Black Lives Matter Movement is inspired by and seen as a continuation of the Civil Rights Movement BLACK LIVES MATTER MOVEMENT. CIVIL RIGHTS MOVEMENT Martin Luther King Jr. was a leading figure in the Civil Rights Movement MARTIN LUTHER KING JR.. CIVIL RIGHTS MOVEMENT Rosa Parks played a significant role in the Civil Rights Movement ROSA PARKS. TIANANMEN SQUARE MASSACRE The Tiananmen Square massacre occurred in China, showcasing the government's attempt to suppress pro-democracy movements CHINA. PROTESTS AND REVOLUTIONS The Tiananmen Square Massacre is an example of government crackdown on protests and revolutions TIANANMEN SQUARE MASSACRE. PROTESTS AND REVOLUTIONS Belarus has experienced government crackdowns on pro-democracy protests, linking it to the global phenomenon of protests and revolutions BELARUS. TIANANMEN SQUARE MASSACRE The Tiananmen Square massacre occurred in China, showcasing the government's attempt to suppress pro-democracy movements CHINA. PROTESTS AND REVOLUTIONS Belarus has experienced government crackdowns on pro-democracy protests, linking it to the global phenomenon of protests and revolutions BELARUS. AMERICAN REVOLUTION The French Revolution was inspired by the American Revolution and its ideals FRENCH REVOLUTION. PROTESTS AND REVOLUTIONS The Tiananmen Square Massacre is an example of government crackdown on protests and revolutions TIANANMEN SQUARE MASSACRE. AMERICAN REVOLUTION The American Revolution is a pivotal event in the history of protests and revolutions PROTESTS AND REVOLUTIONS. AMERICAN REVOLUTION The American Revolution was characterized by the principles outlined in the Declaration of Independence DECLARATION OF INDEPENDENCE. FRENCH REVOLUTION The French Revolution is a key event in the history of protests and revolutions, transforming political landscapes PROTESTS AND REVOLUTIONS.",
    "evaluation": 0
  },
  {
    "correct_answer": "Governments use force to suppress protests.",
    "retrieved_context": "PROTESTS AND REVOLUTIONS The Tiananmen Square Massacre is an example of government crackdown on protests and revolutions TIANANMEN SQUARE MASSACRE. PROTESTS AND REVOLUTIONS Belarus has experienced government crackdowns on pro-democracy protests, linking it to the global phenomenon of protests and revolutions BELARUS. TIANANMEN SQUARE MASSACRE The Tiananmen Square massacre occurred in China, showcasing the government's attempt to suppress pro-democracy movements CHINA. CIVIL RIGHTS MOVEMENT The Black Lives Matter Movement is inspired by and seen as a continuation of the Civil Rights Movement BLACK LIVES MATTER MOVEMENT. CIVIL RIGHTS MOVEMENT Martin Luther King Jr. was a leading figure in the Civil Rights Movement MARTIN LUTHER KING JR.. CIVIL RIGHTS MOVEMENT Rosa Parks played a significant role in the Civil Rights Movement ROSA PARKS. TIANANMEN SQUARE MASSACRE The Tiananmen Square massacre occurred in China, showcasing the government's attempt to suppress pro-democracy movements CHINA. PROTESTS AND REVOLUTIONS Belarus has experienced government crackdowns on pro-democracy protests, linking it to the global phenomenon of protests and revolutions BELARUS. AMERICAN REVOLUTION The French Revolution was inspired by the American Revolution and its ideals FRENCH REVOLUTION. PROTESTS AND REVOLUTIONS The Tiananmen Square Massacre is an example of government crackdown on protests and revolutions TIANANMEN SQUARE MASSACRE. AMERICAN REVOLUTION The American Revolution is a pivotal event in the history of protests and revolutions PROTESTS AND REVOLUTIONS. AMERICAN REVOLUTION The American Revolution was characterized by the principles outlined in the Declaration of Independence DECLARATION OF INDEPENDENCE. FRENCH REVOLUTION The French Revolution is a key event in the history of protests and revolutions, transforming political landscapes PROTESTS AND REVOLUTIONS. PROTESTS AND REVOLUTIONS The Tiananmen Square Massacre is an example of government crackdown on protests and revolutions TIANANMEN SQUARE MASSACRE. PROTESTS AND REVOLUTIONS Belarus has experienced government crackdowns on pro-democracy protests, linking it to the global phenomenon of protests and revolutions BELARUS. FRENCH REVOLUTION The French Revolution is a key event in the history of protests and revolutions, transforming political landscapes PROTESTS AND REVOLUTIONS. PROTESTS AND REVOLUTIONS Belarus has experienced government crackdowns on pro-democracy protests, linking it to the global phenomenon of protests and revolutions BELARUS. RUSSIAN REVOLUTION The Russian Revolution is a significant event in the history of protests and revolutions, led by the Bolsheviks PROTESTS AND REVOLUTIONS. RUSSIAN REVOLUTION The Russian Revolution brought an end to the Romanov Dynasty ROMANOV DYNASTY. PROTESTS AND REVOLUTIONS The Tiananmen Square Massacre is an example of government crackdown on protests and revolutions TIANANMEN SQUARE MASSACRE. RUSSIAN REVOLUTION Vladimir Lenin led the Bolsheviks in the Russian Revolution VLADIMIR LENIN.",
    "evaluation": 1
  },
  {
    "correct_answer": "Protests are a tool for social and political change.",
    "retrieved_context": "PROTESTS AND REVOLUTIONS The Tiananmen Square Massacre is an example of government crackdown on protests and revolutions TIANANMEN SQUARE MASSACRE. PROTESTS AND REVOLUTIONS Belarus has experienced government crackdowns on pro-democracy protests, linking it to the global phenomenon of protests and revolutions BELARUS. TIANANMEN SQUARE MASSACRE The Tiananmen Square massacre occurred in China, showcasing the government's attempt to suppress pro-democracy movements CHINA. CIVIL RIGHTS MOVEMENT The Black Lives Matter Movement is inspired by and seen as a continuation of the Civil Rights Movement BLACK LIVES MATTER MOVEMENT. CIVIL RIGHTS MOVEMENT Martin Luther King Jr. was a leading figure in the Civil Rights Movement MARTIN LUTHER KING JR.. CIVIL RIGHTS MOVEMENT Rosa Parks played a significant role in the Civil Rights Movement ROSA PARKS. PROTESTS AND REVOLUTIONS Belarus has experienced government crackdowns on pro-democracy protests, linking it to the global phenomenon of protests and revolutions BELARUS. AMERICAN REVOLUTION The French Revolution was inspired by the American Revolution and its ideals FRENCH REVOLUTION. PROTESTS AND REVOLUTIONS The Tiananmen Square Massacre is an example of government crackdown on protests and revolutions TIANANMEN SQUARE MASSACRE. AMERICAN REVOLUTION The American Revolution is a pivotal event in the history of protests and revolutions PROTESTS AND REVOLUTIONS. AMERICAN REVOLUTION The American Revolution was characterized by the principles outlined in the Declaration of Independence DECLARATION OF INDEPENDENCE. FRENCH REVOLUTION The French Revolution is a key event in the history of protests and revolutions, transforming political landscapes PROTESTS AND REVOLUTIONS. TIANANMEN SQUARE MASSACRE The Tiananmen Square massacre occurred in China, showcasing the government's attempt to suppress pro-democracy movements CHINA. PROTESTS AND REVOLUTIONS The Tiananmen Square Massacre is an example of government crackdown on protests and revolutions TIANANMEN SQUARE MASSACRE. PROTESTS AND REVOLUTIONS Belarus has experienced government crackdowns on pro-democracy protests, linking it to the global phenomenon of protests and revolutions BELARUS. FRENCH REVOLUTION The French Revolution is a key event in the history of protests and revolutions, transforming political landscapes PROTESTS AND REVOLUTIONS. PROTESTS AND REVOLUTIONS Belarus has experienced government crackdowns on pro-democracy protests, linking it to the global phenomenon of protests and revolutions BELARUS. RUSSIAN REVOLUTION The Russian Revolution is a significant event in the history of protests and revolutions, led by the Bolsheviks PROTESTS AND REVOLUTIONS. RUSSIAN REVOLUTION The Russian Revolution brought an end to the Romanov Dynasty ROMANOV DYNASTY. PROTESTS AND REVOLUTIONS The Tiananmen Square Massacre is an example of government crackdown on protests and revolutions TIANANMEN SQUARE MASSACRE. RUSSIAN REVOLUTION Vladimir Lenin led the Bolsheviks in the Russian Revolution VLADIMIR LENIN.",
    "evaluation": 0
  },
  {
    "correct_answer": "Protests inspire movements for democracy.",
    "retrieved_context": "PROTESTS AND REVOLUTIONS The Tiananmen Square Massacre is an example of government crackdown on protests and revolutions TIANANMEN SQUARE MASSACRE. PROTESTS AND REVOLUTIONS Belarus has experienced government crackdowns on pro-democracy protests, linking it to the global phenomenon of protests and revolutions BELARUS. TIANANMEN SQUARE MASSACRE The Tiananmen Square massacre occurred in China, showcasing the government's attempt to suppress pro-democracy movements CHINA. CIVIL RIGHTS MOVEMENT The Black Lives Matter Movement is inspired by and seen as a continuation of the Civil Rights Movement BLACK LIVES MATTER MOVEMENT. CIVIL RIGHTS MOVEMENT Martin Luther King Jr. was a leading figure in the Civil Rights Movement MARTIN LUTHER KING JR.. CIVIL RIGHTS MOVEMENT Rosa Parks played a significant role in the Civil Rights Movement ROSA PARKS. PROTESTS AND REVOLUTIONS Belarus has experienced government crackdowns on pro-democracy protests, linking it to the global phenomenon of protests and revolutions BELARUS. AMERICAN REVOLUTION The French Revolution was inspired by the American Revolution and its ideals FRENCH REVOLUTION. PROTESTS AND REVOLUTIONS The Tiananmen Square Massacre is an example of government crackdown on protests and revolutions TIANANMEN SQUARE MASSACRE. AMERICAN REVOLUTION The American Revolution is a pivotal event in the history of protests and revolutions PROTESTS AND REVOLUTIONS. AMERICAN REVOLUTION The American Revolution was characterized by the principles outlined in the Declaration of Independence DECLARATION OF INDEPENDENCE. FRENCH REVOLUTION The French Revolution is a key event in the history of protests and revolutions, transforming political landscapes PROTESTS AND REVOLUTIONS. PROTESTS AND REVOLUTIONS The Tiananmen Square Massacre is an example of government crackdown on protests and revolutions TIANANMEN SQUARE MASSACRE. PROTESTS AND REVOLUTIONS Belarus has experienced government crackdowns on pro-democracy protests, linking it to the global phenomenon of protests and revolutions BELARUS. FRENCH REVOLUTION The French Revolution is a key event in the history of protests and revolutions, transforming political landscapes PROTESTS AND REVOLUTIONS. PROTESTS AND REVOLUTIONS Belarus has experienced government crackdowns on pro-democracy protests, linking it to the global phenomenon of protests and revolutions BELARUS. RUSSIAN REVOLUTION The Russian Revolution is a significant event in the history of protests and revolutions, led by the Bolsheviks PROTESTS AND REVOLUTIONS. RUSSIAN REVOLUTION The Russian Revolution brought an end to the Romanov Dynasty ROMANOV DYNASTY. PROTESTS AND REVOLUTIONS The Tiananmen Square Massacre is an example of government crackdown on protests and revolutions TIANANMEN SQUARE MASSACRE. RUSSIAN REVOLUTION Vladimir Lenin led the Bolsheviks in the Russian Revolution VLADIMIR LENIN. TIANANMEN SQUARE MASSACRE The Tiananmen Square massacre occurred in China, showcasing the government's attempt to suppress pro-democracy movements CHINA.",
    "evaluation": 1
  },
  {
    "correct_answer": "Protests remind of the power of the human spirit.",
    "retrieved_context": "PROTESTS AND REVOLUTIONS The Tiananmen Square Massacre is an example of government crackdown on protests and revolutions TIANANMEN SQUARE MASSACRE. PROTESTS AND REVOLUTIONS Belarus has experienced government crackdowns on pro-democracy protests, linking it to the global phenomenon of protests and revolutions BELARUS. TIANANMEN SQUARE MASSACRE The Tiananmen Square massacre occurred in China, showcasing the government's attempt to suppress pro-democracy movements CHINA. CIVIL RIGHTS MOVEMENT The Black Lives Matter Movement is inspired by and seen as a continuation of the Civil Rights Movement BLACK LIVES MATTER MOVEMENT. CIVIL RIGHTS MOVEMENT Martin Luther King Jr. was a leading figure in the Civil Rights Movement MARTIN LUTHER KING JR.. CIVIL RIGHTS MOVEMENT Rosa Parks played a significant role in the Civil Rights Movement ROSA PARKS. PROTESTS AND REVOLUTIONS Belarus has experienced government crackdowns on pro-democracy protests, linking it to the global phenomenon of protests and revolutions BELARUS. AMERICAN REVOLUTION The French Revolution was inspired by the American Revolution and its ideals FRENCH REVOLUTION. PROTESTS AND REVOLUTIONS The Tiananmen Square Massacre is an example of government crackdown on protests and revolutions TIANANMEN SQUARE MASSACRE. AMERICAN REVOLUTION The American Revolution is a pivotal event in the history of protests and revolutions PROTESTS AND REVOLUTIONS. AMERICAN REVOLUTION The American Revolution was characterized by the principles outlined in the Declaration of Independence DECLARATION OF INDEPENDENCE. FRENCH REVOLUTION The French Revolution is a key event in the history of protests and revolutions, transforming political landscapes PROTESTS AND REVOLUTIONS. TIANANMEN SQUARE MASSACRE The Tiananmen Square massacre occurred in China, showcasing the government's attempt to suppress pro-democracy movements CHINA. PROTESTS AND REVOLUTIONS The Tiananmen Square Massacre is an example of government crackdown on protests and revolutions TIANANMEN SQUARE MASSACRE. PROTESTS AND REVOLUTIONS Belarus has experienced government crackdowns on pro-democracy protests, linking it to the global phenomenon of protests and revolutions BELARUS. FRENCH REVOLUTION The French Revolution is a key event in the history of protests and revolutions, transforming political landscapes PROTESTS AND REVOLUTIONS.",
    "evaluation": 0
  },
  {
    "accuracy": "13.33%"
  }
]