[
  {
    "correct_answer": "Libraries are considered the backbone of society.",
    "retrieved_context": "LIBRARIES Libraries offer magazines to cater to the varied interests of their patrons MAGAZINES. LIBRARIES Libraries offer community services, enriching the lives of individuals and fostering community COMMUNITY SERVICES. LIBRARIES Libraries promote intellectual freedom and democracy by providing access to diverse viewpoints INTELLECTUAL FREEDOM. LIBRARIES Libraries preserve and promote cultural heritage by collecting and preserving cultural artifacts CULTURAL HERITAGE. LIBRARIES Libraries enhance digital literacy skills by providing access to digital resources DIGITAL LITERACY. LIBRARIES Libraries provide electronic databases as part of their digital collections ELECTRONIC DATABASES. LIBRARIES Despite the digital age making information easily accessible, libraries maintain their crucial role in society DIGITAL AGE. LIBRARIES Libraries foster a sense of community and social connection through hosting events and workshops COMMUNITY ENGAGEMENT. LIBRARIES Libraries provide access to books as part of their resources BOOKS. LIBRARIES Libraries support lifelong learning through educational programs EDUCATIONAL PROGRAMS. LIBRARIES Libraries include newspapers in their resources for public access NEWSPAPERS. LIBRARIES Libraries enable participation in the digital economy through access to internet services and resources DIGITAL ECONOMY. LIBRARIES Libraries have digital collections that include electronic books and databases DIGITAL COLLECTIONS. LIBRARIES Libraries make online resources available to the public, enhancing accessibility ONLINE RESOURCES.",
    "evaluation": 0
  },
  {
    "correct_answer": "Libraries serve as repositories of knowledge, culture, and information.",
    "retrieved_context": "LIBRARIES Libraries offer magazines to cater to the varied interests of their patrons MAGAZINES. LIBRARIES Libraries offer community services, enriching the lives of individuals and fostering community COMMUNITY SERVICES. LIBRARIES Libraries promote intellectual freedom and democracy by providing access to diverse viewpoints INTELLECTUAL FREEDOM. LIBRARIES Libraries preserve and promote cultural heritage by collecting and preserving cultural artifacts CULTURAL HERITAGE. LIBRARIES Libraries enhance digital literacy skills by providing access to digital resources DIGITAL LITERACY. LIBRARIES Libraries provide electronic databases as part of their digital collections ELECTRONIC DATABASES. LIBRARIES Despite the digital age making information easily accessible, libraries maintain their crucial role in society DIGITAL AGE. LIBRARIES Libraries foster a sense of community and social connection through hosting events and workshops COMMUNITY ENGAGEMENT. LIBRARIES Libraries provide access to books as part of their resources BOOKS. LIBRARIES Libraries support lifelong learning through educational programs EDUCATIONAL PROGRAMS. LIBRARIES Libraries include newspapers in their resources for public access NEWSPAPERS. LIBRARIES Libraries enable participation in the digital economy through access to internet services and resources DIGITAL ECONOMY. LIBRARIES Libraries have digital collections that include electronic books and databases DIGITAL COLLECTIONS. LIBRARIES Libraries make online resources available to the public, enhancing accessibility ONLINE RESOURCES.",
    "evaluation": 1
  },
  {
    "correct_answer": "Libraries provide access to books and resources.",
    "retrieved_context": "LIBRARIES Libraries offer magazines to cater to the varied interests of their patrons MAGAZINES. LIBRARIES Libraries offer community services, enriching the lives of individuals and fostering community COMMUNITY SERVICES. LIBRARIES Libraries promote intellectual freedom and democracy by providing access to diverse viewpoints INTELLECTUAL FREEDOM. LIBRARIES Libraries preserve and promote cultural heritage by collecting and preserving cultural artifacts CULTURAL HERITAGE. LIBRARIES Libraries enhance digital literacy skills by providing access to digital resources DIGITAL LITERACY. LIBRARIES Libraries provide electronic databases as part of their digital collections ELECTRONIC DATABASES. LIBRARIES Despite the digital age making information easily accessible, libraries maintain their crucial role in society DIGITAL AGE. LIBRARIES Libraries foster a sense of community and social connection through hosting events and workshops COMMUNITY ENGAGEMENT. LIBRARIES Libraries provide access to books as part of their resources BOOKS. LIBRARIES Libraries support lifelong learning through educational programs EDUCATIONAL PROGRAMS. LIBRARIES Libraries include newspapers in their resources for public access NEWSPAPERS. LIBRARIES Libraries enable participation in the digital economy through access to internet services and resources DIGITAL ECONOMY. LIBRARIES Libraries have digital collections that include electronic books and databases DIGITAL COLLECTIONS. LIBRARIES Libraries make online resources available to the public, enhancing accessibility ONLINE RESOURCES.",
    "evaluation": 1
  },
  {
    "correct_answer": "Libraries offer educational programs and community services.",
    "retrieved_context": "LIBRARIES Libraries offer magazines to cater to the varied interests of their patrons MAGAZINES. LIBRARIES Libraries offer community services, enriching the lives of individuals and fostering community COMMUNITY SERVICES. LIBRARIES Libraries promote intellectual freedom and democracy by providing access to diverse viewpoints INTELLECTUAL FREEDOM. LIBRARIES Libraries preserve and promote cultural heritage by collecting and preserving cultural artifacts CULTURAL HERITAGE. LIBRARIES Libraries enhance digital literacy skills by providing access to digital resources DIGITAL LITERACY. LIBRARIES Libraries provide electronic databases as part of their digital collections ELECTRONIC DATABASES. LIBRARIES Despite the digital age making information easily accessible, libraries maintain their crucial role in society DIGITAL AGE. LIBRARIES Libraries foster a sense of community and social connection through hosting events and workshops COMMUNITY ENGAGEMENT. LIBRARIES Libraries provide access to books as part of their resources BOOKS. LIBRARIES Libraries support lifelong learning through educational programs EDUCATIONAL PROGRAMS. LIBRARIES Libraries include newspapers in their resources for public access NEWSPAPERS. LIBRARIES Libraries enable participation in the digital economy through access to internet services and resources DIGITAL ECONOMY. LIBRARIES Libraries have digital collections that include electronic books and databases DIGITAL COLLECTIONS. LIBRARIES Libraries make online resources available to the public, enhancing accessibility ONLINE RESOURCES.",
    "evaluation": 1
  },
  {
    "correct_answer": "Libraries cater to varied interests and needs of patrons.",
    "retrieved_context": "LIBRARIES Libraries offer magazines to cater to the varied interests of their patrons MAGAZINES. LIBRARIES Libraries offer community services, enriching the lives of individuals and fostering community COMMUNITY SERVICES. LIBRARIES Libraries promote intellectual freedom and democracy by providing access to diverse viewpoints INTELLECTUAL FREEDOM. LIBRARIES Libraries preserve and promote cultural heritage by collecting and preserving cultural artifacts CULTURAL HERITAGE. LIBRARIES Libraries enhance digital literacy skills by providing access to digital resources DIGITAL LITERACY. LIBRARIES Libraries provide electronic databases as part of their digital collections ELECTRONIC DATABASES. LIBRARIES Despite the digital age making information easily accessible, libraries maintain their crucial role in society DIGITAL AGE. LIBRARIES Libraries foster a sense of community and social connection through hosting events and workshops COMMUNITY ENGAGEMENT. LIBRARIES Libraries provide access to books as part of their resources BOOKS. LIBRARIES Libraries support lifelong learning through educational programs EDUCATIONAL PROGRAMS. LIBRARIES Libraries include newspapers in their resources for public access NEWSPAPERS. LIBRARIES Libraries enable participation in the digital economy through access to internet services and resources DIGITAL ECONOMY. LIBRARIES Libraries have digital collections that include electronic books and databases DIGITAL COLLECTIONS. LIBRARIES Libraries make online resources available to the public, enhancing accessibility ONLINE RESOURCES.",
    "evaluation": 1
  },
  {
    "correct_answer": "Libraries provide access to physical and digital collections.",
    "retrieved_context": "LIBRARIES Libraries offer magazines to cater to the varied interests of their patrons MAGAZINES. LIBRARIES Libraries offer community services, enriching the lives of individuals and fostering community COMMUNITY SERVICES. LIBRARIES Libraries promote intellectual freedom and democracy by providing access to diverse viewpoints INTELLECTUAL FREEDOM. LIBRARIES Libraries preserve and promote cultural heritage by collecting and preserving cultural artifacts CULTURAL HERITAGE. LIBRARIES Libraries enhance digital literacy skills by providing access to digital resources DIGITAL LITERACY. LIBRARIES Libraries provide electronic databases as part of their digital collections ELECTRONIC DATABASES. LIBRARIES Despite the digital age making information easily accessible, libraries maintain their crucial role in society DIGITAL AGE. LIBRARIES Libraries foster a sense of community and social connection through hosting events and workshops COMMUNITY ENGAGEMENT. LIBRARIES Libraries provide access to books as part of their resources BOOKS. LIBRARIES Libraries support lifelong learning through educational programs EDUCATIONAL PROGRAMS. LIBRARIES Libraries include newspapers in their resources for public access NEWSPAPERS. LIBRARIES Libraries enable participation in the digital economy through access to internet services and resources DIGITAL ECONOMY. LIBRARIES Libraries have digital collections that include electronic books and databases DIGITAL COLLECTIONS. LIBRARIES Libraries make online resources available to the public, enhancing accessibility ONLINE RESOURCES.",
    "evaluation": 1
  },
  {
    "correct_answer": "Libraries support lifelong learning and literacy initiatives.",
    "retrieved_context": "LIBRARIES Libraries offer magazines to cater to the varied interests of their patrons MAGAZINES. LIBRARIES Libraries offer community services, enriching the lives of individuals and fostering community COMMUNITY SERVICES. LIBRARIES Libraries promote intellectual freedom and democracy by providing access to diverse viewpoints INTELLECTUAL FREEDOM. LIBRARIES Libraries preserve and promote cultural heritage by collecting and preserving cultural artifacts CULTURAL HERITAGE. LIBRARIES Libraries enhance digital literacy skills by providing access to digital resources DIGITAL LITERACY. LIBRARIES Libraries provide electronic databases as part of their digital collections ELECTRONIC DATABASES. LIBRARIES Despite the digital age making information easily accessible, libraries maintain their crucial role in society DIGITAL AGE. LIBRARIES Libraries foster a sense of community and social connection through hosting events and workshops COMMUNITY ENGAGEMENT. LIBRARIES Libraries provide access to books as part of their resources BOOKS. LIBRARIES Libraries support lifelong learning through educational programs EDUCATIONAL PROGRAMS. LIBRARIES Libraries include newspapers in their resources for public access NEWSPAPERS. LIBRARIES Libraries enable participation in the digital economy through access to internet services and resources DIGITAL ECONOMY. LIBRARIES Libraries have digital collections that include electronic books and databases DIGITAL COLLECTIONS. LIBRARIES Libraries make online resources available to the public, enhancing accessibility ONLINE RESOURCES.",
    "evaluation": 1
  },
  {
    "correct_answer": "Libraries help empower individuals to reach their full potential.",
    "retrieved_context": "LIBRARIES Libraries offer magazines to cater to the varied interests of their patrons MAGAZINES. LIBRARIES Libraries offer community services, enriching the lives of individuals and fostering community COMMUNITY SERVICES. LIBRARIES Libraries promote intellectual freedom and democracy by providing access to diverse viewpoints INTELLECTUAL FREEDOM. LIBRARIES Libraries preserve and promote cultural heritage by collecting and preserving cultural artifacts CULTURAL HERITAGE. LIBRARIES Libraries enhance digital literacy skills by providing access to digital resources DIGITAL LITERACY. LIBRARIES Libraries provide electronic databases as part of their digital collections ELECTRONIC DATABASES. LIBRARIES Despite the digital age making information easily accessible, libraries maintain their crucial role in society DIGITAL AGE. LIBRARIES Libraries foster a sense of community and social connection through hosting events and workshops COMMUNITY ENGAGEMENT. LIBRARIES Libraries provide access to books as part of their resources BOOKS. LIBRARIES Libraries support lifelong learning through educational programs EDUCATIONAL PROGRAMS. LIBRARIES Libraries include newspapers in their resources for public access NEWSPAPERS. LIBRARIES Libraries enable participation in the digital economy through access to internet services and resources DIGITAL ECONOMY. LIBRARIES Libraries have digital collections that include electronic books and databases DIGITAL COLLECTIONS. LIBRARIES Libraries make online resources available to the public, enhancing accessibility ONLINE RESOURCES.",
    "evaluation": 0
  },
  {
    "correct_answer": "Libraries bridge the digital divide by providing access to technology.",
    "retrieved_context": "LIBRARIES Libraries offer magazines to cater to the varied interests of their patrons MAGAZINES. LIBRARIES Libraries offer community services, enriching the lives of individuals and fostering community COMMUNITY SERVICES. LIBRARIES Libraries promote intellectual freedom and democracy by providing access to diverse viewpoints INTELLECTUAL FREEDOM. LIBRARIES Libraries preserve and promote cultural heritage by collecting and preserving cultural artifacts CULTURAL HERITAGE. LIBRARIES Libraries enhance digital literacy skills by providing access to digital resources DIGITAL LITERACY. LIBRARIES Libraries provide electronic databases as part of their digital collections ELECTRONIC DATABASES. LIBRARIES Despite the digital age making information easily accessible, libraries maintain their crucial role in society DIGITAL AGE. LIBRARIES Libraries foster a sense of community and social connection through hosting events and workshops COMMUNITY ENGAGEMENT. LIBRARIES Libraries provide access to books as part of their resources BOOKS. LIBRARIES Libraries support lifelong learning through educational programs EDUCATIONAL PROGRAMS. LIBRARIES Libraries include newspapers in their resources for public access NEWSPAPERS. LIBRARIES Libraries enable participation in the digital economy through access to internet services and resources DIGITAL ECONOMY. LIBRARIES Libraries have digital collections that include electronic books and databases DIGITAL COLLECTIONS. LIBRARIES Libraries make online resources available to the public, enhancing accessibility ONLINE RESOURCES.",
    "evaluation": 1
  },
  {
    "correct_answer": "Libraries serve as community hubs for digital literacy skills.",
    "retrieved_context": "LIBRARIES Libraries offer magazines to cater to the varied interests of their patrons MAGAZINES. LIBRARIES Libraries offer community services, enriching the lives of individuals and fostering community COMMUNITY SERVICES. LIBRARIES Libraries promote intellectual freedom and democracy by providing access to diverse viewpoints INTELLECTUAL FREEDOM. LIBRARIES Libraries preserve and promote cultural heritage by collecting and preserving cultural artifacts CULTURAL HERITAGE. LIBRARIES Libraries enhance digital literacy skills by providing access to digital resources DIGITAL LITERACY. LIBRARIES Libraries provide electronic databases as part of their digital collections ELECTRONIC DATABASES. LIBRARIES Despite the digital age making information easily accessible, libraries maintain their crucial role in society DIGITAL AGE. LIBRARIES Libraries foster a sense of community and social connection through hosting events and workshops COMMUNITY ENGAGEMENT. LIBRARIES Libraries provide access to books as part of their resources BOOKS. LIBRARIES Libraries support lifelong learning through educational programs EDUCATIONAL PROGRAMS. LIBRARIES Libraries include newspapers in their resources for public access NEWSPAPERS. LIBRARIES Libraries enable participation in the digital economy through access to internet services and resources DIGITAL ECONOMY. LIBRARIES Libraries have digital collections that include electronic books and databases DIGITAL COLLECTIONS. LIBRARIES Libraries make online resources available to the public, enhancing accessibility ONLINE RESOURCES.",
    "evaluation": 1
  },
  {
    "correct_answer": "Libraries foster a sense of community and social connection.",
    "retrieved_context": "LIBRARIES Libraries offer magazines to cater to the varied interests of their patrons MAGAZINES. LIBRARIES Libraries offer community services, enriching the lives of individuals and fostering community COMMUNITY SERVICES. LIBRARIES Libraries promote intellectual freedom and democracy by providing access to diverse viewpoints INTELLECTUAL FREEDOM. LIBRARIES Libraries preserve and promote cultural heritage by collecting and preserving cultural artifacts CULTURAL HERITAGE. LIBRARIES Libraries enhance digital literacy skills by providing access to digital resources DIGITAL LITERACY. LIBRARIES Libraries provide electronic databases as part of their digital collections ELECTRONIC DATABASES. LIBRARIES Despite the digital age making information easily accessible, libraries maintain their crucial role in society DIGITAL AGE. LIBRARIES Libraries foster a sense of community and social connection through hosting events and workshops COMMUNITY ENGAGEMENT. LIBRARIES Libraries provide access to books as part of their resources BOOKS. LIBRARIES Libraries support lifelong learning through educational programs EDUCATIONAL PROGRAMS. LIBRARIES Libraries include newspapers in their resources for public access NEWSPAPERS. LIBRARIES Libraries enable participation in the digital economy through access to internet services and resources DIGITAL ECONOMY. LIBRARIES Libraries have digital collections that include electronic books and databases DIGITAL COLLECTIONS. LIBRARIES Libraries make online resources available to the public, enhancing accessibility ONLINE RESOURCES.",
    "evaluation": 1
  },
  {
    "correct_answer": "Libraries preserve and promote cultural heritage.",
    "retrieved_context": "LIBRARIES Libraries offer magazines to cater to the varied interests of their patrons MAGAZINES. LIBRARIES Libraries offer community services, enriching the lives of individuals and fostering community COMMUNITY SERVICES. LIBRARIES Libraries promote intellectual freedom and democracy by providing access to diverse viewpoints INTELLECTUAL FREEDOM. LIBRARIES Libraries preserve and promote cultural heritage by collecting and preserving cultural artifacts CULTURAL HERITAGE. LIBRARIES Libraries enhance digital literacy skills by providing access to digital resources DIGITAL LITERACY. LIBRARIES Libraries provide electronic databases as part of their digital collections ELECTRONIC DATABASES. LIBRARIES Despite the digital age making information easily accessible, libraries maintain their crucial role in society DIGITAL AGE. LIBRARIES Libraries foster a sense of community and social connection through hosting events and workshops COMMUNITY ENGAGEMENT. LIBRARIES Libraries provide access to books as part of their resources BOOKS. LIBRARIES Libraries support lifelong learning through educational programs EDUCATIONAL PROGRAMS. LIBRARIES Libraries include newspapers in their resources for public access NEWSPAPERS. LIBRARIES Libraries enable participation in the digital economy through access to internet services and resources DIGITAL ECONOMY. LIBRARIES Libraries have digital collections that include electronic books and databases DIGITAL COLLECTIONS. LIBRARIES Libraries make online resources available to the public, enhancing accessibility ONLINE RESOURCES.",
    "evaluation": 1
  },
  {
    "correct_answer": "Libraries promote intellectual freedom and democracy.",
    "retrieved_context": "LIBRARIES Libraries offer magazines to cater to the varied interests of their patrons MAGAZINES. LIBRARIES Libraries offer community services, enriching the lives of individuals and fostering community COMMUNITY SERVICES. LIBRARIES Libraries promote intellectual freedom and democracy by providing access to diverse viewpoints INTELLECTUAL FREEDOM. LIBRARIES Libraries preserve and promote cultural heritage by collecting and preserving cultural artifacts CULTURAL HERITAGE. LIBRARIES Libraries enhance digital literacy skills by providing access to digital resources DIGITAL LITERACY. LIBRARIES Libraries provide electronic databases as part of their digital collections ELECTRONIC DATABASES. LIBRARIES Despite the digital age making information easily accessible, libraries maintain their crucial role in society DIGITAL AGE. LIBRARIES Libraries foster a sense of community and social connection through hosting events and workshops COMMUNITY ENGAGEMENT. LIBRARIES Libraries provide access to books as part of their resources BOOKS. LIBRARIES Libraries support lifelong learning through educational programs EDUCATIONAL PROGRAMS. LIBRARIES Libraries include newspapers in their resources for public access NEWSPAPERS. LIBRARIES Libraries enable participation in the digital economy through access to internet services and resources DIGITAL ECONOMY. LIBRARIES Libraries have digital collections that include electronic books and databases DIGITAL COLLECTIONS. LIBRARIES Libraries make online resources available to the public, enhancing accessibility ONLINE RESOURCES.",
    "evaluation": 1
  },
  {
    "correct_answer": "Libraries uphold principles of intellectual freedom, censorship, and privacy.",
    "retrieved_context": "LIBRARIES Libraries offer magazines to cater to the varied interests of their patrons MAGAZINES. LIBRARIES Libraries offer community services, enriching the lives of individuals and fostering community COMMUNITY SERVICES. LIBRARIES Libraries promote intellectual freedom and democracy by providing access to diverse viewpoints INTELLECTUAL FREEDOM. LIBRARIES Libraries preserve and promote cultural heritage by collecting and preserving cultural artifacts CULTURAL HERITAGE. LIBRARIES Libraries enhance digital literacy skills by providing access to digital resources DIGITAL LITERACY. LIBRARIES Libraries provide electronic databases as part of their digital collections ELECTRONIC DATABASES. LIBRARIES Despite the digital age making information easily accessible, libraries maintain their crucial role in society DIGITAL AGE. LIBRARIES Libraries foster a sense of community and social connection through hosting events and workshops COMMUNITY ENGAGEMENT. LIBRARIES Libraries provide access to books as part of their resources BOOKS. LIBRARIES Libraries support lifelong learning through educational programs EDUCATIONAL PROGRAMS. LIBRARIES Libraries include newspapers in their resources for public access NEWSPAPERS. LIBRARIES Libraries enable participation in the digital economy through access to internet services and resources DIGITAL ECONOMY. LIBRARIES Libraries have digital collections that include electronic books and databases DIGITAL COLLECTIONS. LIBRARIES Libraries make online resources available to the public, enhancing accessibility ONLINE RESOURCES.",
    "evaluation": 0
  },
  {
    "correct_answer": "Libraries empower individuals to engage in democratic discourse.",
    "retrieved_context": "LIBRARIES Libraries offer magazines to cater to the varied interests of their patrons MAGAZINES. LIBRARIES Libraries offer community services, enriching the lives of individuals and fostering community COMMUNITY SERVICES. LIBRARIES Libraries promote intellectual freedom and democracy by providing access to diverse viewpoints INTELLECTUAL FREEDOM. LIBRARIES Libraries preserve and promote cultural heritage by collecting and preserving cultural artifacts CULTURAL HERITAGE. LIBRARIES Libraries enhance digital literacy skills by providing access to digital resources DIGITAL LITERACY. LIBRARIES Libraries provide electronic databases as part of their digital collections ELECTRONIC DATABASES. LIBRARIES Despite the digital age making information easily accessible, libraries maintain their crucial role in society DIGITAL AGE. LIBRARIES Libraries foster a sense of community and social connection through hosting events and workshops COMMUNITY ENGAGEMENT. LIBRARIES Libraries provide access to books as part of their resources BOOKS. LIBRARIES Libraries support lifelong learning through educational programs EDUCATIONAL PROGRAMS. LIBRARIES Libraries include newspapers in their resources for public access NEWSPAPERS. LIBRARIES Libraries enable participation in the digital economy through access to internet services and resources DIGITAL ECONOMY. LIBRARIES Libraries have digital collections that include electronic books and databases DIGITAL COLLECTIONS. LIBRARIES Libraries make online resources available to the public, enhancing accessibility ONLINE RESOURCES.",
    "evaluation": 0
  },
  {
    "accuracy": "73.33%"
  }
]