[
  {
    "correct_answer": "Fairytales are a beloved form of storytelling for centuries.",
    "retrieved_context": "GRIMM'S FAIRY TALES Jacob Grimm, as one of the Brothers Grimm, played a crucial role in the collection and publication of Grimm's Fairy Tales JACOB GRIMM. GRIMM'S FAIRY TALES Wilhelm Grimm, as one of the Brothers Grimm, played a crucial role in the collection and publication of Grimm's Fairy Tales WILHELM GRIMM. WILHELM GRIMM Jacob and Wilhelm Grimm were brothers who worked together to collect and publish fairytales JACOB GRIMM. CINDERELLA Charles Perrault is credited with popularizing the version of Cinderella that includes iconic elements such as the fairy godmother, glass slipper, and the pivotal stroke of midnight. He published this widely known version of Cinderella in 1697, thereby cementing its place in the annals of classic fairy tales. Through his work, Perrault has ensured that his rendition of Cinderella's story, with its magical transformations and themes of virtue rewarded, has become a beloved tale across generations. CHARLES PERRAULT. CINDERELLA The story of Cinderella, including its ancient Greek version involving Rhodopis, has been told across different cultures RHODOPIS. CINDERELLA The story of Cinderella, including its ancient Greek version involving Rhodopis, has been told across different cultures RHODOPIS. BROTHERS GRIMM The Brothers Grimm collected the fairytale of \"Cinderella\" CINDERELLA. SNOW WHITE Though Charles Perrault and the Snow White tale are part of fairy tale history, Perrault is not directly linked to Snow White but to other fairy tales like Cinderella CHARLES PERRAULT. BROTHERS GRIMM The Brothers Grimm are renowned for collecting and publishing the most well-known version of the fairytale \"Snow White.\" This story, among others, has been attributed to their efforts in preserving folklore and bringing it to a wider audience. Their collection has played a pivotal role in the enduring popularity of \"Snow White\" and its place in cultural history. SNOW WHITE. HANSEL AND GRETEL Hansel and Gretel outsmart the Cannibalistic Witch to escape CANNIBALISTIC WITCH. GRIMM'S FAIRY TALES Jacob Grimm, as one of the Brothers Grimm, played a crucial role in the collection and publication of Grimm's Fairy Tales JACOB GRIMM. SNOW WHITE The Evil Queen is the stepmother of Snow White and the antagonist of the story EVIL QUEEN. GRIMM'S FAIRY TALES Wilhelm Grimm, as one of the Brothers Grimm, played a crucial role in the collection and publication of Grimm's Fairy Tales WILHELM GRIMM. BROTHERS GRIMM The Brothers Grimm collected and published the tales included in Grimm's Fairy Tales GRIMM'S FAIRY TALES. SNOW WHITE The Handsome Prince helps Snow White find her happily ever after HANDSOME PRINCE. BROTHERS GRIMM The fairytale of \"Hansel and Gretel\" was collected and published by the Brothers Grimm. This story, which is among the numerous folktales that the Brothers Grimm brought together from various sources, has become one of their most famous and enduring tales. HANSEL AND GRETEL. SNOW WHITE The Seven Dwarfs help Snow White escape her wicked stepmother SEVEN DWARFS. CINDERELLA Charles Perrault is credited with popularizing the version of Cinderella that includes iconic elements such as the fairy godmother, glass slipper, and the pivotal stroke of midnight. He published this widely known version of Cinderella in 1697, thereby cementing its place in the annals of classic fairy tales. Through his work, Perrault has ensured that his rendition of Cinderella's story, with its magical transformations and themes of virtue rewarded, has become a beloved tale across generations. CHARLES PERRAULT. WILHELM GRIMM Jacob and Wilhelm Grimm were brothers who worked together to collect and publish fairytales JACOB GRIMM. BEAUTY AND THE BEAST The tale of \"Beauty and the Beast\" has origins that can be traced back to Ovid's myth of Pygmalion and Galatea OVID. BEAUTY AND THE BEAST The myth of Pygmalion and Galatea influenced the theme of love and transformation in \"Beauty and the Beast\" PYGMALION AND GALATEA. HANSEL AND GRETEL Hansel and Gretel outsmart the Cannibalistic Witch to escape CANNIBALISTIC WITCH.",
    "evaluation": 0
  },
  {
    "correct_answer": "Fairytales often feature fantastical creatures.",
    "retrieved_context": "GRIMM'S FAIRY TALES Jacob Grimm, as one of the Brothers Grimm, played a crucial role in the collection and publication of Grimm's Fairy Tales JACOB GRIMM. GRIMM'S FAIRY TALES Wilhelm Grimm, as one of the Brothers Grimm, played a crucial role in the collection and publication of Grimm's Fairy Tales WILHELM GRIMM. WILHELM GRIMM Jacob and Wilhelm Grimm were brothers who worked together to collect and publish fairytales JACOB GRIMM. CINDERELLA Charles Perrault is credited with popularizing the version of Cinderella that includes iconic elements such as the fairy godmother, glass slipper, and the pivotal stroke of midnight. He published this widely known version of Cinderella in 1697, thereby cementing its place in the annals of classic fairy tales. Through his work, Perrault has ensured that his rendition of Cinderella's story, with its magical transformations and themes of virtue rewarded, has become a beloved tale across generations. CHARLES PERRAULT. CINDERELLA The story of Cinderella, including its ancient Greek version involving Rhodopis, has been told across different cultures RHODOPIS. BEAUTY AND THE BEAST The tale of \"Beauty and the Beast\" has origins that can be traced back to Ovid's myth of Pygmalion and Galatea OVID. BEAUTY AND THE BEAST The myth of Pygmalion and Galatea influenced the theme of love and transformation in \"Beauty and the Beast\" PYGMALION AND GALATEA. CINDERELLA The story of Cinderella, including its ancient Greek version involving Rhodopis, has been told across different cultures RHODOPIS. BROTHERS GRIMM The Brothers Grimm collected the fairytale of \"Cinderella\" CINDERELLA. SNOW WHITE Though Charles Perrault and the Snow White tale are part of fairy tale history, Perrault is not directly linked to Snow White but to other fairy tales like Cinderella CHARLES PERRAULT. BROTHERS GRIMM The Brothers Grimm are renowned for collecting and publishing the most well-known version of the fairytale \"Snow White.\" This story, among others, has been attributed to their efforts in preserving folklore and bringing it to a wider audience. Their collection has played a pivotal role in the enduring popularity of \"Snow White\" and its place in cultural history. SNOW WHITE. HANSEL AND GRETEL Hansel and Gretel outsmart the Cannibalistic Witch to escape CANNIBALISTIC WITCH. GRIMM'S FAIRY TALES Jacob Grimm, as one of the Brothers Grimm, played a crucial role in the collection and publication of Grimm's Fairy Tales JACOB GRIMM. SNOW WHITE The Evil Queen is the stepmother of Snow White and the antagonist of the story EVIL QUEEN. GRIMM'S FAIRY TALES Wilhelm Grimm, as one of the Brothers Grimm, played a crucial role in the collection and publication of Grimm's Fairy Tales WILHELM GRIMM. BROTHERS GRIMM The Brothers Grimm collected and published the tales included in Grimm's Fairy Tales GRIMM'S FAIRY TALES. SNOW WHITE The Handsome Prince helps Snow White find her happily ever after HANDSOME PRINCE. BROTHERS GRIMM The fairytale of \"Hansel and Gretel\" was collected and published by the Brothers Grimm. This story, which is among the numerous folktales that the Brothers Grimm brought together from various sources, has become one of their most famous and enduring tales. HANSEL AND GRETEL. SNOW WHITE The Seven Dwarfs help Snow White escape her wicked stepmother SEVEN DWARFS. CINDERELLA Charles Perrault is credited with popularizing the version of Cinderella that includes iconic elements such as the fairy godmother, glass slipper, and the pivotal stroke of midnight. He published this widely known version of Cinderella in 1697, thereby cementing its place in the annals of classic fairy tales. Through his work, Perrault has ensured that his rendition of Cinderella's story, with its magical transformations and themes of virtue rewarded, has become a beloved tale across generations. CHARLES PERRAULT. WILHELM GRIMM Jacob and Wilhelm Grimm were brothers who worked together to collect and publish fairytales JACOB GRIMM.",
    "evaluation": 0
  },
  {
    "correct_answer": "Fairytales often feature heroic protagonists.",
    "retrieved_context": "GRIMM'S FAIRY TALES Jacob Grimm, as one of the Brothers Grimm, played a crucial role in the collection and publication of Grimm's Fairy Tales JACOB GRIMM. GRIMM'S FAIRY TALES Wilhelm Grimm, as one of the Brothers Grimm, played a crucial role in the collection and publication of Grimm's Fairy Tales WILHELM GRIMM. WILHELM GRIMM Jacob and Wilhelm Grimm were brothers who worked together to collect and publish fairytales JACOB GRIMM. CINDERELLA Charles Perrault is credited with popularizing the version of Cinderella that includes iconic elements such as the fairy godmother, glass slipper, and the pivotal stroke of midnight. He published this widely known version of Cinderella in 1697, thereby cementing its place in the annals of classic fairy tales. Through his work, Perrault has ensured that his rendition of Cinderella's story, with its magical transformations and themes of virtue rewarded, has become a beloved tale across generations. CHARLES PERRAULT. CINDERELLA The story of Cinderella, including its ancient Greek version involving Rhodopis, has been told across different cultures RHODOPIS. CINDERELLA The story of Cinderella, including its ancient Greek version involving Rhodopis, has been told across different cultures RHODOPIS. BROTHERS GRIMM The Brothers Grimm collected the fairytale of \"Cinderella\" CINDERELLA. SNOW WHITE Though Charles Perrault and the Snow White tale are part of fairy tale history, Perrault is not directly linked to Snow White but to other fairy tales like Cinderella CHARLES PERRAULT. BROTHERS GRIMM The Brothers Grimm are renowned for collecting and publishing the most well-known version of the fairytale \"Snow White.\" This story, among others, has been attributed to their efforts in preserving folklore and bringing it to a wider audience. Their collection has played a pivotal role in the enduring popularity of \"Snow White\" and its place in cultural history. SNOW WHITE. HANSEL AND GRETEL Hansel and Gretel outsmart the Cannibalistic Witch to escape CANNIBALISTIC WITCH. GRIMM'S FAIRY TALES Jacob Grimm, as one of the Brothers Grimm, played a crucial role in the collection and publication of Grimm's Fairy Tales JACOB GRIMM. SNOW WHITE The Evil Queen is the stepmother of Snow White and the antagonist of the story EVIL QUEEN. GRIMM'S FAIRY TALES Wilhelm Grimm, as one of the Brothers Grimm, played a crucial role in the collection and publication of Grimm's Fairy Tales WILHELM GRIMM. BROTHERS GRIMM The Brothers Grimm collected and published the tales included in Grimm's Fairy Tales GRIMM'S FAIRY TALES. SNOW WHITE The Handsome Prince helps Snow White find her happily ever after HANDSOME PRINCE. BROTHERS GRIMM The fairytale of \"Hansel and Gretel\" was collected and published by the Brothers Grimm. This story, which is among the numerous folktales that the Brothers Grimm brought together from various sources, has become one of their most famous and enduring tales. HANSEL AND GRETEL. SNOW WHITE The Seven Dwarfs help Snow White escape her wicked stepmother SEVEN DWARFS. CINDERELLA Charles Perrault is credited with popularizing the version of Cinderella that includes iconic elements such as the fairy godmother, glass slipper, and the pivotal stroke of midnight. He published this widely known version of Cinderella in 1697, thereby cementing its place in the annals of classic fairy tales. Through his work, Perrault has ensured that his rendition of Cinderella's story, with its magical transformations and themes of virtue rewarded, has become a beloved tale across generations. CHARLES PERRAULT. WILHELM GRIMM Jacob and Wilhelm Grimm were brothers who worked together to collect and publish fairytales JACOB GRIMM. BEAUTY AND THE BEAST The tale of \"Beauty and the Beast\" has origins that can be traced back to Ovid's myth of Pygmalion and Galatea OVID. BEAUTY AND THE BEAST The myth of Pygmalion and Galatea influenced the theme of love and transformation in \"Beauty and the Beast\" PYGMALION AND GALATEA.",
    "evaluation": 0
  },
  {
    "correct_answer": "Fairytales often feature moral lessons.",
    "retrieved_context": "GRIMM'S FAIRY TALES Jacob Grimm, as one of the Brothers Grimm, played a crucial role in the collection and publication of Grimm's Fairy Tales JACOB GRIMM. GRIMM'S FAIRY TALES Wilhelm Grimm, as one of the Brothers Grimm, played a crucial role in the collection and publication of Grimm's Fairy Tales WILHELM GRIMM. WILHELM GRIMM Jacob and Wilhelm Grimm were brothers who worked together to collect and publish fairytales JACOB GRIMM. CINDERELLA Charles Perrault is credited with popularizing the version of Cinderella that includes iconic elements such as the fairy godmother, glass slipper, and the pivotal stroke of midnight. He published this widely known version of Cinderella in 1697, thereby cementing its place in the annals of classic fairy tales. Through his work, Perrault has ensured that his rendition of Cinderella's story, with its magical transformations and themes of virtue rewarded, has become a beloved tale across generations. CHARLES PERRAULT. CINDERELLA The story of Cinderella, including its ancient Greek version involving Rhodopis, has been told across different cultures RHODOPIS. CINDERELLA The story of Cinderella, including its ancient Greek version involving Rhodopis, has been told across different cultures RHODOPIS. BROTHERS GRIMM The Brothers Grimm collected the fairytale of \"Cinderella\" CINDERELLA. SNOW WHITE Though Charles Perrault and the Snow White tale are part of fairy tale history, Perrault is not directly linked to Snow White but to other fairy tales like Cinderella CHARLES PERRAULT. BROTHERS GRIMM The Brothers Grimm are renowned for collecting and publishing the most well-known version of the fairytale \"Snow White.\" This story, among others, has been attributed to their efforts in preserving folklore and bringing it to a wider audience. Their collection has played a pivotal role in the enduring popularity of \"Snow White\" and its place in cultural history. SNOW WHITE. HANSEL AND GRETEL Hansel and Gretel outsmart the Cannibalistic Witch to escape CANNIBALISTIC WITCH. GRIMM'S FAIRY TALES Jacob Grimm, as one of the Brothers Grimm, played a crucial role in the collection and publication of Grimm's Fairy Tales JACOB GRIMM. SNOW WHITE The Evil Queen is the stepmother of Snow White and the antagonist of the story EVIL QUEEN. GRIMM'S FAIRY TALES Wilhelm Grimm, as one of the Brothers Grimm, played a crucial role in the collection and publication of Grimm's Fairy Tales WILHELM GRIMM. BROTHERS GRIMM The Brothers Grimm collected and published the tales included in Grimm's Fairy Tales GRIMM'S FAIRY TALES. SNOW WHITE The Handsome Prince helps Snow White find her happily ever after HANDSOME PRINCE. BROTHERS GRIMM The fairytale of \"Hansel and Gretel\" was collected and published by the Brothers Grimm. This story, which is among the numerous folktales that the Brothers Grimm brought together from various sources, has become one of their most famous and enduring tales. HANSEL AND GRETEL. SNOW WHITE The Seven Dwarfs help Snow White escape her wicked stepmother SEVEN DWARFS. CINDERELLA Charles Perrault is credited with popularizing the version of Cinderella that includes iconic elements such as the fairy godmother, glass slipper, and the pivotal stroke of midnight. He published this widely known version of Cinderella in 1697, thereby cementing its place in the annals of classic fairy tales. Through his work, Perrault has ensured that his rendition of Cinderella's story, with its magical transformations and themes of virtue rewarded, has become a beloved tale across generations. CHARLES PERRAULT. BEAUTY AND THE BEAST The tale of \"Beauty and the Beast\" has origins that can be traced back to Ovid's myth of Pygmalion and Galatea OVID. BEAUTY AND THE BEAST The myth of Pygmalion and Galatea influenced the theme of love and transformation in \"Beauty and the Beast\" PYGMALION AND GALATEA. WILHELM GRIMM Jacob and Wilhelm Grimm were brothers who worked together to collect and publish fairytales JACOB GRIMM.",
    "evaluation": 0
  },
  {
    "correct_answer": "The Brothers Grimm collected and published 'Grimm's Fairy Tales' in the early 19th century.",
    "retrieved_context": "GRIMM'S FAIRY TALES Jacob Grimm, as one of the Brothers Grimm, played a crucial role in the collection and publication of Grimm's Fairy Tales JACOB GRIMM. GRIMM'S FAIRY TALES Wilhelm Grimm, as one of the Brothers Grimm, played a crucial role in the collection and publication of Grimm's Fairy Tales WILHELM GRIMM. WILHELM GRIMM Jacob and Wilhelm Grimm were brothers who worked together to collect and publish fairytales JACOB GRIMM. CINDERELLA The story of Cinderella, including its ancient Greek version involving Rhodopis, has been told across different cultures RHODOPIS. BROTHERS GRIMM The Brothers Grimm collected the fairytale of \"Cinderella\" CINDERELLA. SNOW WHITE Though Charles Perrault and the Snow White tale are part of fairy tale history, Perrault is not directly linked to Snow White but to other fairy tales like Cinderella CHARLES PERRAULT. BROTHERS GRIMM The Brothers Grimm are renowned for collecting and publishing the most well-known version of the fairytale \"Snow White.\" This story, among others, has been attributed to their efforts in preserving folklore and bringing it to a wider audience. Their collection has played a pivotal role in the enduring popularity of \"Snow White\" and its place in cultural history. SNOW WHITE. HANSEL AND GRETEL Hansel and Gretel outsmart the Cannibalistic Witch to escape CANNIBALISTIC WITCH. GRIMM'S FAIRY TALES Jacob Grimm, as one of the Brothers Grimm, played a crucial role in the collection and publication of Grimm's Fairy Tales JACOB GRIMM. SNOW WHITE The Evil Queen is the stepmother of Snow White and the antagonist of the story EVIL QUEEN. GRIMM'S FAIRY TALES Wilhelm Grimm, as one of the Brothers Grimm, played a crucial role in the collection and publication of Grimm's Fairy Tales WILHELM GRIMM. BROTHERS GRIMM The Brothers Grimm collected and published the tales included in Grimm's Fairy Tales GRIMM'S FAIRY TALES. SNOW WHITE The Handsome Prince helps Snow White find her happily ever after HANDSOME PRINCE. BROTHERS GRIMM The fairytale of \"Hansel and Gretel\" was collected and published by the Brothers Grimm. This story, which is among the numerous folktales that the Brothers Grimm brought together from various sources, has become one of their most famous and enduring tales. HANSEL AND GRETEL. SNOW WHITE The Seven Dwarfs help Snow White escape her wicked stepmother SEVEN DWARFS. CINDERELLA Charles Perrault is credited with popularizing the version of Cinderella that includes iconic elements such as the fairy godmother, glass slipper, and the pivotal stroke of midnight. He published this widely known version of Cinderella in 1697, thereby cementing its place in the annals of classic fairy tales. Through his work, Perrault has ensured that his rendition of Cinderella's story, with its magical transformations and themes of virtue rewarded, has become a beloved tale across generations. CHARLES PERRAULT. WILHELM GRIMM Jacob and Wilhelm Grimm were brothers who worked together to collect and publish fairytales JACOB GRIMM. HANSEL AND GRETEL Hansel and Gretel outsmart the Cannibalistic Witch to escape CANNIBALISTIC WITCH. CINDERELLA Charles Perrault is credited with popularizing the version of Cinderella that includes iconic elements such as the fairy godmother, glass slipper, and the pivotal stroke of midnight. He published this widely known version of Cinderella in 1697, thereby cementing its place in the annals of classic fairy tales. Through his work, Perrault has ensured that his rendition of Cinderella's story, with its magical transformations and themes of virtue rewarded, has become a beloved tale across generations. CHARLES PERRAULT. CINDERELLA The story of Cinderella, including its ancient Greek version involving Rhodopis, has been told across different cultures RHODOPIS. BEAUTY AND THE BEAST The tale of \"Beauty and the Beast\" has origins that can be traced back to Ovid's myth of Pygmalion and Galatea OVID. BEAUTY AND THE BEAST The myth of Pygmalion and Galatea influenced the theme of love and transformation in \"Beauty and the Beast\" PYGMALION AND GALATEA.",
    "evaluation": 1
  },
  {
    "correct_answer": "The Brothers Grimm gathered stories from peasants and villagers.",
    "retrieved_context": "CINDERELLA The story of Cinderella, including its ancient Greek version involving Rhodopis, has been told across different cultures RHODOPIS. BROTHERS GRIMM The Brothers Grimm collected the fairytale of \"Cinderella\" CINDERELLA. SNOW WHITE Though Charles Perrault and the Snow White tale are part of fairy tale history, Perrault is not directly linked to Snow White but to other fairy tales like Cinderella CHARLES PERRAULT. BROTHERS GRIMM The Brothers Grimm are renowned for collecting and publishing the most well-known version of the fairytale \"Snow White.\" This story, among others, has been attributed to their efforts in preserving folklore and bringing it to a wider audience. Their collection has played a pivotal role in the enduring popularity of \"Snow White\" and its place in cultural history. SNOW WHITE. HANSEL AND GRETEL Hansel and Gretel outsmart the Cannibalistic Witch to escape CANNIBALISTIC WITCH. GRIMM'S FAIRY TALES Jacob Grimm, as one of the Brothers Grimm, played a crucial role in the collection and publication of Grimm's Fairy Tales JACOB GRIMM. SNOW WHITE The Evil Queen is the stepmother of Snow White and the antagonist of the story EVIL QUEEN. GRIMM'S FAIRY TALES Wilhelm Grimm, as one of the Brothers Grimm, played a crucial role in the collection and publication of Grimm's Fairy Tales WILHELM GRIMM. BROTHERS GRIMM The Brothers Grimm collected and published the tales included in Grimm's Fairy Tales GRIMM'S FAIRY TALES. SNOW WHITE The Handsome Prince helps Snow White find her happily ever after HANDSOME PRINCE. BROTHERS GRIMM The fairytale of \"Hansel and Gretel\" was collected and published by the Brothers Grimm. This story, which is among the numerous folktales that the Brothers Grimm brought together from various sources, has become one of their most famous and enduring tales. HANSEL AND GRETEL. SNOW WHITE The Seven Dwarfs help Snow White escape her wicked stepmother SEVEN DWARFS. CINDERELLA Charles Perrault is credited with popularizing the version of Cinderella that includes iconic elements such as the fairy godmother, glass slipper, and the pivotal stroke of midnight. He published this widely known version of Cinderella in 1697, thereby cementing its place in the annals of classic fairy tales. Through his work, Perrault has ensured that his rendition of Cinderella's story, with its magical transformations and themes of virtue rewarded, has become a beloved tale across generations. CHARLES PERRAULT. GRIMM'S FAIRY TALES Jacob Grimm, as one of the Brothers Grimm, played a crucial role in the collection and publication of Grimm's Fairy Tales JACOB GRIMM. GRIMM'S FAIRY TALES Wilhelm Grimm, as one of the Brothers Grimm, played a crucial role in the collection and publication of Grimm's Fairy Tales WILHELM GRIMM. WILHELM GRIMM Jacob and Wilhelm Grimm were brothers who worked together to collect and publish fairytales JACOB GRIMM. WILHELM GRIMM Jacob and Wilhelm Grimm were brothers who worked together to collect and publish fairytales JACOB GRIMM. HANSEL AND GRETEL Hansel and Gretel outsmart the Cannibalistic Witch to escape CANNIBALISTIC WITCH. CINDERELLA Charles Perrault is credited with popularizing the version of Cinderella that includes iconic elements such as the fairy godmother, glass slipper, and the pivotal stroke of midnight. He published this widely known version of Cinderella in 1697, thereby cementing its place in the annals of classic fairy tales. Through his work, Perrault has ensured that his rendition of Cinderella's story, with its magical transformations and themes of virtue rewarded, has become a beloved tale across generations. CHARLES PERRAULT. CINDERELLA The story of Cinderella, including its ancient Greek version involving Rhodopis, has been told across different cultures RHODOPIS.",
    "evaluation": 0
  },
  {
    "correct_answer": "The earliest known version of Cinderella can be traced back to ancient Greece.",
    "retrieved_context": "CINDERELLA Charles Perrault is credited with popularizing the version of Cinderella that includes iconic elements such as the fairy godmother, glass slipper, and the pivotal stroke of midnight. He published this widely known version of Cinderella in 1697, thereby cementing its place in the annals of classic fairy tales. Through his work, Perrault has ensured that his rendition of Cinderella's story, with its magical transformations and themes of virtue rewarded, has become a beloved tale across generations. CHARLES PERRAULT. CINDERELLA The story of Cinderella, including its ancient Greek version involving Rhodopis, has been told across different cultures RHODOPIS. GRIMM'S FAIRY TALES Jacob Grimm, as one of the Brothers Grimm, played a crucial role in the collection and publication of Grimm's Fairy Tales JACOB GRIMM. GRIMM'S FAIRY TALES Wilhelm Grimm, as one of the Brothers Grimm, played a crucial role in the collection and publication of Grimm's Fairy Tales WILHELM GRIMM. WILHELM GRIMM Jacob and Wilhelm Grimm were brothers who worked together to collect and publish fairytales JACOB GRIMM. WILHELM GRIMM Jacob and Wilhelm Grimm were brothers who worked together to collect and publish fairytales JACOB GRIMM. CINDERELLA The story of Cinderella, including its ancient Greek version involving Rhodopis, has been told across different cultures RHODOPIS. BROTHERS GRIMM The Brothers Grimm collected the fairytale of \"Cinderella\" CINDERELLA. SNOW WHITE Though Charles Perrault and the Snow White tale are part of fairy tale history, Perrault is not directly linked to Snow White but to other fairy tales like Cinderella CHARLES PERRAULT. BROTHERS GRIMM The Brothers Grimm are renowned for collecting and publishing the most well-known version of the fairytale \"Snow White.\" This story, among others, has been attributed to their efforts in preserving folklore and bringing it to a wider audience. Their collection has played a pivotal role in the enduring popularity of \"Snow White\" and its place in cultural history. SNOW WHITE. HANSEL AND GRETEL Hansel and Gretel outsmart the Cannibalistic Witch to escape CANNIBALISTIC WITCH. GRIMM'S FAIRY TALES Jacob Grimm, as one of the Brothers Grimm, played a crucial role in the collection and publication of Grimm's Fairy Tales JACOB GRIMM. SNOW WHITE The Evil Queen is the stepmother of Snow White and the antagonist of the story EVIL QUEEN. GRIMM'S FAIRY TALES Wilhelm Grimm, as one of the Brothers Grimm, played a crucial role in the collection and publication of Grimm's Fairy Tales WILHELM GRIMM. BROTHERS GRIMM The Brothers Grimm collected and published the tales included in Grimm's Fairy Tales GRIMM'S FAIRY TALES. SNOW WHITE The Handsome Prince helps Snow White find her happily ever after HANDSOME PRINCE. BROTHERS GRIMM The fairytale of \"Hansel and Gretel\" was collected and published by the Brothers Grimm. This story, which is among the numerous folktales that the Brothers Grimm brought together from various sources, has become one of their most famous and enduring tales. HANSEL AND GRETEL. SNOW WHITE The Seven Dwarfs help Snow White escape her wicked stepmother SEVEN DWARFS. CINDERELLA Charles Perrault is credited with popularizing the version of Cinderella that includes iconic elements such as the fairy godmother, glass slipper, and the pivotal stroke of midnight. He published this widely known version of Cinderella in 1697, thereby cementing its place in the annals of classic fairy tales. Through his work, Perrault has ensured that his rendition of Cinderella's story, with its magical transformations and themes of virtue rewarded, has become a beloved tale across generations. CHARLES PERRAULT. BEAUTY AND THE BEAST The tale of \"Beauty and the Beast\" has origins that can be traced back to Ovid's myth of Pygmalion and Galatea OVID. BEAUTY AND THE BEAST The myth of Pygmalion and Galatea influenced the theme of love and transformation in \"Beauty and the Beast\" PYGMALION AND GALATEA. HANSEL AND GRETEL Hansel and Gretel outsmart the Cannibalistic Witch to escape CANNIBALISTIC WITCH.",
    "evaluation": 0
  },
  {
    "correct_answer": "Charles Perrault published a version of Cinderella in 1697.",
    "retrieved_context": "CINDERELLA Charles Perrault is credited with popularizing the version of Cinderella that includes iconic elements such as the fairy godmother, glass slipper, and the pivotal stroke of midnight. He published this widely known version of Cinderella in 1697, thereby cementing its place in the annals of classic fairy tales. Through his work, Perrault has ensured that his rendition of Cinderella's story, with its magical transformations and themes of virtue rewarded, has become a beloved tale across generations. CHARLES PERRAULT. CINDERELLA The story of Cinderella, including its ancient Greek version involving Rhodopis, has been told across different cultures RHODOPIS. GRIMM'S FAIRY TALES Jacob Grimm, as one of the Brothers Grimm, played a crucial role in the collection and publication of Grimm's Fairy Tales JACOB GRIMM. GRIMM'S FAIRY TALES Wilhelm Grimm, as one of the Brothers Grimm, played a crucial role in the collection and publication of Grimm's Fairy Tales WILHELM GRIMM. WILHELM GRIMM Jacob and Wilhelm Grimm were brothers who worked together to collect and publish fairytales JACOB GRIMM. BEAUTY AND THE BEAST The tale of \"Beauty and the Beast\" has origins that can be traced back to Ovid's myth of Pygmalion and Galatea OVID. BEAUTY AND THE BEAST The myth of Pygmalion and Galatea influenced the theme of love and transformation in \"Beauty and the Beast\" PYGMALION AND GALATEA. WILHELM GRIMM Jacob and Wilhelm Grimm were brothers who worked together to collect and publish fairytales JACOB GRIMM. HANSEL AND GRETEL Hansel and Gretel outsmart the Cannibalistic Witch to escape CANNIBALISTIC WITCH. CINDERELLA The story of Cinderella, including its ancient Greek version involving Rhodopis, has been told across different cultures RHODOPIS. BROTHERS GRIMM The Brothers Grimm collected the fairytale of \"Cinderella\" CINDERELLA. SNOW WHITE Though Charles Perrault and the Snow White tale are part of fairy tale history, Perrault is not directly linked to Snow White but to other fairy tales like Cinderella CHARLES PERRAULT. BROTHERS GRIMM The Brothers Grimm are renowned for collecting and publishing the most well-known version of the fairytale \"Snow White.\" This story, among others, has been attributed to their efforts in preserving folklore and bringing it to a wider audience. Their collection has played a pivotal role in the enduring popularity of \"Snow White\" and its place in cultural history. SNOW WHITE. HANSEL AND GRETEL Hansel and Gretel outsmart the Cannibalistic Witch to escape CANNIBALISTIC WITCH. GRIMM'S FAIRY TALES Jacob Grimm, as one of the Brothers Grimm, played a crucial role in the collection and publication of Grimm's Fairy Tales JACOB GRIMM. SNOW WHITE The Evil Queen is the stepmother of Snow White and the antagonist of the story EVIL QUEEN. GRIMM'S FAIRY TALES Wilhelm Grimm, as one of the Brothers Grimm, played a crucial role in the collection and publication of Grimm's Fairy Tales WILHELM GRIMM. BROTHERS GRIMM The Brothers Grimm collected and published the tales included in Grimm's Fairy Tales GRIMM'S FAIRY TALES. SNOW WHITE The Handsome Prince helps Snow White find her happily ever after HANDSOME PRINCE. BROTHERS GRIMM The fairytale of \"Hansel and Gretel\" was collected and published by the Brothers Grimm. This story, which is among the numerous folktales that the Brothers Grimm brought together from various sources, has become one of their most famous and enduring tales. HANSEL AND GRETEL. SNOW WHITE The Seven Dwarfs help Snow White escape her wicked stepmother SEVEN DWARFS. CINDERELLA Charles Perrault is credited with popularizing the version of Cinderella that includes iconic elements such as the fairy godmother, glass slipper, and the pivotal stroke of midnight. He published this widely known version of Cinderella in 1697, thereby cementing its place in the annals of classic fairy tales. Through his work, Perrault has ensured that his rendition of Cinderella's story, with its magical transformations and themes of virtue rewarded, has become a beloved tale across generations. CHARLES PERRAULT.",
    "evaluation": 1
  },
  {
    "correct_answer": "The story of Snow White can be found in folklore from various cultures.",
    "retrieved_context": "SNOW WHITE The Seven Dwarfs help Snow White escape her wicked stepmother SEVEN DWARFS. SNOW WHITE The Evil Queen is the stepmother of Snow White and the antagonist of the story EVIL QUEEN. SNOW WHITE The Handsome Prince helps Snow White find her happily ever after HANDSOME PRINCE. SNOW WHITE Though Charles Perrault and the Snow White tale are part of fairy tale history, Perrault is not directly linked to Snow White but to other fairy tales like Cinderella CHARLES PERRAULT. GRIMM'S FAIRY TALES Jacob Grimm, as one of the Brothers Grimm, played a crucial role in the collection and publication of Grimm's Fairy Tales JACOB GRIMM. GRIMM'S FAIRY TALES Wilhelm Grimm, as one of the Brothers Grimm, played a crucial role in the collection and publication of Grimm's Fairy Tales WILHELM GRIMM. WILHELM GRIMM Jacob and Wilhelm Grimm were brothers who worked together to collect and publish fairytales JACOB GRIMM. CINDERELLA The story of Cinderella, including its ancient Greek version involving Rhodopis, has been told across different cultures RHODOPIS. BROTHERS GRIMM The Brothers Grimm collected the fairytale of \"Cinderella\" CINDERELLA. SNOW WHITE Though Charles Perrault and the Snow White tale are part of fairy tale history, Perrault is not directly linked to Snow White but to other fairy tales like Cinderella CHARLES PERRAULT. BROTHERS GRIMM The Brothers Grimm are renowned for collecting and publishing the most well-known version of the fairytale \"Snow White.\" This story, among others, has been attributed to their efforts in preserving folklore and bringing it to a wider audience. Their collection has played a pivotal role in the enduring popularity of \"Snow White\" and its place in cultural history. SNOW WHITE. HANSEL AND GRETEL Hansel and Gretel outsmart the Cannibalistic Witch to escape CANNIBALISTIC WITCH. GRIMM'S FAIRY TALES Jacob Grimm, as one of the Brothers Grimm, played a crucial role in the collection and publication of Grimm's Fairy Tales JACOB GRIMM. SNOW WHITE The Evil Queen is the stepmother of Snow White and the antagonist of the story EVIL QUEEN. GRIMM'S FAIRY TALES Wilhelm Grimm, as one of the Brothers Grimm, played a crucial role in the collection and publication of Grimm's Fairy Tales WILHELM GRIMM. BROTHERS GRIMM The Brothers Grimm collected and published the tales included in Grimm's Fairy Tales GRIMM'S FAIRY TALES. SNOW WHITE The Handsome Prince helps Snow White find her happily ever after HANDSOME PRINCE. BROTHERS GRIMM The fairytale of \"Hansel and Gretel\" was collected and published by the Brothers Grimm. This story, which is among the numerous folktales that the Brothers Grimm brought together from various sources, has become one of their most famous and enduring tales. HANSEL AND GRETEL. SNOW WHITE The Seven Dwarfs help Snow White escape her wicked stepmother SEVEN DWARFS. CINDERELLA Charles Perrault is credited with popularizing the version of Cinderella that includes iconic elements such as the fairy godmother, glass slipper, and the pivotal stroke of midnight. He published this widely known version of Cinderella in 1697, thereby cementing its place in the annals of classic fairy tales. Through his work, Perrault has ensured that his rendition of Cinderella's story, with its magical transformations and themes of virtue rewarded, has become a beloved tale across generations. CHARLES PERRAULT. WILHELM GRIMM Jacob and Wilhelm Grimm were brothers who worked together to collect and publish fairytales JACOB GRIMM. CINDERELLA Charles Perrault is credited with popularizing the version of Cinderella that includes iconic elements such as the fairy godmother, glass slipper, and the pivotal stroke of midnight. He published this widely known version of Cinderella in 1697, thereby cementing its place in the annals of classic fairy tales. Through his work, Perrault has ensured that his rendition of Cinderella's story, with its magical transformations and themes of virtue rewarded, has become a beloved tale across generations. CHARLES PERRAULT. CINDERELLA The story of Cinderella, including its ancient Greek version involving Rhodopis, has been told across different cultures RHODOPIS.",
    "evaluation": 0
  },
  {
    "correct_answer": "The most well-known version of Snow White was collected by the Brothers Grimm.",
    "retrieved_context": "CINDERELLA The story of Cinderella, including its ancient Greek version involving Rhodopis, has been told across different cultures RHODOPIS. BROTHERS GRIMM The Brothers Grimm collected the fairytale of \"Cinderella\" CINDERELLA. SNOW WHITE Though Charles Perrault and the Snow White tale are part of fairy tale history, Perrault is not directly linked to Snow White but to other fairy tales like Cinderella CHARLES PERRAULT. BROTHERS GRIMM The Brothers Grimm are renowned for collecting and publishing the most well-known version of the fairytale \"Snow White.\" This story, among others, has been attributed to their efforts in preserving folklore and bringing it to a wider audience. Their collection has played a pivotal role in the enduring popularity of \"Snow White\" and its place in cultural history. SNOW WHITE. HANSEL AND GRETEL Hansel and Gretel outsmart the Cannibalistic Witch to escape CANNIBALISTIC WITCH. GRIMM'S FAIRY TALES Jacob Grimm, as one of the Brothers Grimm, played a crucial role in the collection and publication of Grimm's Fairy Tales JACOB GRIMM. SNOW WHITE The Evil Queen is the stepmother of Snow White and the antagonist of the story EVIL QUEEN. GRIMM'S FAIRY TALES Wilhelm Grimm, as one of the Brothers Grimm, played a crucial role in the collection and publication of Grimm's Fairy Tales WILHELM GRIMM. BROTHERS GRIMM The Brothers Grimm collected and published the tales included in Grimm's Fairy Tales GRIMM'S FAIRY TALES. SNOW WHITE The Handsome Prince helps Snow White find her happily ever after HANDSOME PRINCE. BROTHERS GRIMM The fairytale of \"Hansel and Gretel\" was collected and published by the Brothers Grimm. This story, which is among the numerous folktales that the Brothers Grimm brought together from various sources, has become one of their most famous and enduring tales. HANSEL AND GRETEL. SNOW WHITE The Seven Dwarfs help Snow White escape her wicked stepmother SEVEN DWARFS. CINDERELLA Charles Perrault is credited with popularizing the version of Cinderella that includes iconic elements such as the fairy godmother, glass slipper, and the pivotal stroke of midnight. He published this widely known version of Cinderella in 1697, thereby cementing its place in the annals of classic fairy tales. Through his work, Perrault has ensured that his rendition of Cinderella's story, with its magical transformations and themes of virtue rewarded, has become a beloved tale across generations. CHARLES PERRAULT. GRIMM'S FAIRY TALES Jacob Grimm, as one of the Brothers Grimm, played a crucial role in the collection and publication of Grimm's Fairy Tales JACOB GRIMM. GRIMM'S FAIRY TALES Wilhelm Grimm, as one of the Brothers Grimm, played a crucial role in the collection and publication of Grimm's Fairy Tales WILHELM GRIMM. WILHELM GRIMM Jacob and Wilhelm Grimm were brothers who worked together to collect and publish fairytales JACOB GRIMM. WILHELM GRIMM Jacob and Wilhelm Grimm were brothers who worked together to collect and publish fairytales JACOB GRIMM. SNOW WHITE The Seven Dwarfs help Snow White escape her wicked stepmother SEVEN DWARFS. SNOW WHITE The Evil Queen is the stepmother of Snow White and the antagonist of the story EVIL QUEEN. SNOW WHITE The Handsome Prince helps Snow White find her happily ever after HANDSOME PRINCE. SNOW WHITE Though Charles Perrault and the Snow White tale are part of fairy tale history, Perrault is not directly linked to Snow White but to other fairy tales like Cinderella CHARLES PERRAULT. HANSEL AND GRETEL Hansel and Gretel outsmart the Cannibalistic Witch to escape CANNIBALISTIC WITCH. CINDERELLA Charles Perrault is credited with popularizing the version of Cinderella that includes iconic elements such as the fairy godmother, glass slipper, and the pivotal stroke of midnight. He published this widely known version of Cinderella in 1697, thereby cementing its place in the annals of classic fairy tales. Through his work, Perrault has ensured that his rendition of Cinderella's story, with its magical transformations and themes of virtue rewarded, has become a beloved tale across generations. CHARLES PERRAULT. CINDERELLA The story of Cinderella, including its ancient Greek version involving Rhodopis, has been told across different cultures RHODOPIS.",
    "evaluation": 1
  },
  {
    "correct_answer": "Hansel and Gretel is a classic fairytale collected by the Brothers Grimm.",
    "retrieved_context": "HANSEL AND GRETEL Hansel and Gretel outsmart the Cannibalistic Witch to escape CANNIBALISTIC WITCH. GRIMM'S FAIRY TALES Jacob Grimm, as one of the Brothers Grimm, played a crucial role in the collection and publication of Grimm's Fairy Tales JACOB GRIMM. GRIMM'S FAIRY TALES Wilhelm Grimm, as one of the Brothers Grimm, played a crucial role in the collection and publication of Grimm's Fairy Tales WILHELM GRIMM. WILHELM GRIMM Jacob and Wilhelm Grimm were brothers who worked together to collect and publish fairytales JACOB GRIMM. CINDERELLA The story of Cinderella, including its ancient Greek version involving Rhodopis, has been told across different cultures RHODOPIS. BROTHERS GRIMM The Brothers Grimm collected the fairytale of \"Cinderella\" CINDERELLA. SNOW WHITE Though Charles Perrault and the Snow White tale are part of fairy tale history, Perrault is not directly linked to Snow White but to other fairy tales like Cinderella CHARLES PERRAULT. BROTHERS GRIMM The Brothers Grimm are renowned for collecting and publishing the most well-known version of the fairytale \"Snow White.\" This story, among others, has been attributed to their efforts in preserving folklore and bringing it to a wider audience. Their collection has played a pivotal role in the enduring popularity of \"Snow White\" and its place in cultural history. SNOW WHITE. HANSEL AND GRETEL Hansel and Gretel outsmart the Cannibalistic Witch to escape CANNIBALISTIC WITCH. GRIMM'S FAIRY TALES Jacob Grimm, as one of the Brothers Grimm, played a crucial role in the collection and publication of Grimm's Fairy Tales JACOB GRIMM. SNOW WHITE The Evil Queen is the stepmother of Snow White and the antagonist of the story EVIL QUEEN. GRIMM'S FAIRY TALES Wilhelm Grimm, as one of the Brothers Grimm, played a crucial role in the collection and publication of Grimm's Fairy Tales WILHELM GRIMM. BROTHERS GRIMM The Brothers Grimm collected and published the tales included in Grimm's Fairy Tales GRIMM'S FAIRY TALES. SNOW WHITE The Handsome Prince helps Snow White find her happily ever after HANDSOME PRINCE. BROTHERS GRIMM The fairytale of \"Hansel and Gretel\" was collected and published by the Brothers Grimm. This story, which is among the numerous folktales that the Brothers Grimm brought together from various sources, has become one of their most famous and enduring tales. HANSEL AND GRETEL. SNOW WHITE The Seven Dwarfs help Snow White escape her wicked stepmother SEVEN DWARFS. CINDERELLA Charles Perrault is credited with popularizing the version of Cinderella that includes iconic elements such as the fairy godmother, glass slipper, and the pivotal stroke of midnight. He published this widely known version of Cinderella in 1697, thereby cementing its place in the annals of classic fairy tales. Through his work, Perrault has ensured that his rendition of Cinderella's story, with its magical transformations and themes of virtue rewarded, has become a beloved tale across generations. CHARLES PERRAULT. WILHELM GRIMM Jacob and Wilhelm Grimm were brothers who worked together to collect and publish fairytales JACOB GRIMM. CINDERELLA Charles Perrault is credited with popularizing the version of Cinderella that includes iconic elements such as the fairy godmother, glass slipper, and the pivotal stroke of midnight. He published this widely known version of Cinderella in 1697, thereby cementing its place in the annals of classic fairy tales. Through his work, Perrault has ensured that his rendition of Cinderella's story, with its magical transformations and themes of virtue rewarded, has become a beloved tale across generations. CHARLES PERRAULT. CINDERELLA The story of Cinderella, including its ancient Greek version involving Rhodopis, has been told across different cultures RHODOPIS.",
    "evaluation": 1
  },
  {
    "correct_answer": "The story of Hansel and Gretel is believed to have originated from European folklore.",
    "retrieved_context": "HANSEL AND GRETEL Hansel and Gretel outsmart the Cannibalistic Witch to escape CANNIBALISTIC WITCH. GRIMM'S FAIRY TALES Jacob Grimm, as one of the Brothers Grimm, played a crucial role in the collection and publication of Grimm's Fairy Tales JACOB GRIMM. GRIMM'S FAIRY TALES Wilhelm Grimm, as one of the Brothers Grimm, played a crucial role in the collection and publication of Grimm's Fairy Tales WILHELM GRIMM. WILHELM GRIMM Jacob and Wilhelm Grimm were brothers who worked together to collect and publish fairytales JACOB GRIMM. WILHELM GRIMM Jacob and Wilhelm Grimm were brothers who worked together to collect and publish fairytales JACOB GRIMM. CINDERELLA The story of Cinderella, including its ancient Greek version involving Rhodopis, has been told across different cultures RHODOPIS. BROTHERS GRIMM The Brothers Grimm collected the fairytale of \"Cinderella\" CINDERELLA. SNOW WHITE Though Charles Perrault and the Snow White tale are part of fairy tale history, Perrault is not directly linked to Snow White but to other fairy tales like Cinderella CHARLES PERRAULT. BROTHERS GRIMM The Brothers Grimm are renowned for collecting and publishing the most well-known version of the fairytale \"Snow White.\" This story, among others, has been attributed to their efforts in preserving folklore and bringing it to a wider audience. Their collection has played a pivotal role in the enduring popularity of \"Snow White\" and its place in cultural history. SNOW WHITE. HANSEL AND GRETEL Hansel and Gretel outsmart the Cannibalistic Witch to escape CANNIBALISTIC WITCH. GRIMM'S FAIRY TALES Jacob Grimm, as one of the Brothers Grimm, played a crucial role in the collection and publication of Grimm's Fairy Tales JACOB GRIMM. SNOW WHITE The Evil Queen is the stepmother of Snow White and the antagonist of the story EVIL QUEEN. GRIMM'S FAIRY TALES Wilhelm Grimm, as one of the Brothers Grimm, played a crucial role in the collection and publication of Grimm's Fairy Tales WILHELM GRIMM. BROTHERS GRIMM The Brothers Grimm collected and published the tales included in Grimm's Fairy Tales GRIMM'S FAIRY TALES. SNOW WHITE The Handsome Prince helps Snow White find her happily ever after HANDSOME PRINCE. BROTHERS GRIMM The fairytale of \"Hansel and Gretel\" was collected and published by the Brothers Grimm. This story, which is among the numerous folktales that the Brothers Grimm brought together from various sources, has become one of their most famous and enduring tales. HANSEL AND GRETEL. SNOW WHITE The Seven Dwarfs help Snow White escape her wicked stepmother SEVEN DWARFS. CINDERELLA Charles Perrault is credited with popularizing the version of Cinderella that includes iconic elements such as the fairy godmother, glass slipper, and the pivotal stroke of midnight. He published this widely known version of Cinderella in 1697, thereby cementing its place in the annals of classic fairy tales. Through his work, Perrault has ensured that his rendition of Cinderella's story, with its magical transformations and themes of virtue rewarded, has become a beloved tale across generations. CHARLES PERRAULT. CINDERELLA Charles Perrault is credited with popularizing the version of Cinderella that includes iconic elements such as the fairy godmother, glass slipper, and the pivotal stroke of midnight. He published this widely known version of Cinderella in 1697, thereby cementing its place in the annals of classic fairy tales. Through his work, Perrault has ensured that his rendition of Cinderella's story, with its magical transformations and themes of virtue rewarded, has become a beloved tale across generations. CHARLES PERRAULT. CINDERELLA The story of Cinderella, including its ancient Greek version involving Rhodopis, has been told across different cultures RHODOPIS.",
    "evaluation": 0
  },
  {
    "correct_answer": "The origins of Beauty and the Beast can be traced back to ancient myths.",
    "retrieved_context": "BEAUTY AND THE BEAST The tale of \"Beauty and the Beast\" has origins that can be traced back to Ovid's myth of Pygmalion and Galatea OVID. BEAUTY AND THE BEAST The myth of Pygmalion and Galatea influenced the theme of love and transformation in \"Beauty and the Beast\" PYGMALION AND GALATEA. GRIMM'S FAIRY TALES Jacob Grimm, as one of the Brothers Grimm, played a crucial role in the collection and publication of Grimm's Fairy Tales JACOB GRIMM. GRIMM'S FAIRY TALES Wilhelm Grimm, as one of the Brothers Grimm, played a crucial role in the collection and publication of Grimm's Fairy Tales WILHELM GRIMM. WILHELM GRIMM Jacob and Wilhelm Grimm were brothers who worked together to collect and publish fairytales JACOB GRIMM. CINDERELLA The story of Cinderella, including its ancient Greek version involving Rhodopis, has been told across different cultures RHODOPIS. BROTHERS GRIMM The Brothers Grimm collected the fairytale of \"Cinderella\" CINDERELLA. SNOW WHITE Though Charles Perrault and the Snow White tale are part of fairy tale history, Perrault is not directly linked to Snow White but to other fairy tales like Cinderella CHARLES PERRAULT. BROTHERS GRIMM The Brothers Grimm are renowned for collecting and publishing the most well-known version of the fairytale \"Snow White.\" This story, among others, has been attributed to their efforts in preserving folklore and bringing it to a wider audience. Their collection has played a pivotal role in the enduring popularity of \"Snow White\" and its place in cultural history. SNOW WHITE. HANSEL AND GRETEL Hansel and Gretel outsmart the Cannibalistic Witch to escape CANNIBALISTIC WITCH. GRIMM'S FAIRY TALES Jacob Grimm, as one of the Brothers Grimm, played a crucial role in the collection and publication of Grimm's Fairy Tales JACOB GRIMM. SNOW WHITE The Evil Queen is the stepmother of Snow White and the antagonist of the story EVIL QUEEN. GRIMM'S FAIRY TALES Wilhelm Grimm, as one of the Brothers Grimm, played a crucial role in the collection and publication of Grimm's Fairy Tales WILHELM GRIMM. BROTHERS GRIMM The Brothers Grimm collected and published the tales included in Grimm's Fairy Tales GRIMM'S FAIRY TALES. SNOW WHITE The Handsome Prince helps Snow White find her happily ever after HANDSOME PRINCE. BROTHERS GRIMM The fairytale of \"Hansel and Gretel\" was collected and published by the Brothers Grimm. This story, which is among the numerous folktales that the Brothers Grimm brought together from various sources, has become one of their most famous and enduring tales. HANSEL AND GRETEL. SNOW WHITE The Seven Dwarfs help Snow White escape her wicked stepmother SEVEN DWARFS. CINDERELLA Charles Perrault is credited with popularizing the version of Cinderella that includes iconic elements such as the fairy godmother, glass slipper, and the pivotal stroke of midnight. He published this widely known version of Cinderella in 1697, thereby cementing its place in the annals of classic fairy tales. Through his work, Perrault has ensured that his rendition of Cinderella's story, with its magical transformations and themes of virtue rewarded, has become a beloved tale across generations. CHARLES PERRAULT. WILHELM GRIMM Jacob and Wilhelm Grimm were brothers who worked together to collect and publish fairytales JACOB GRIMM. CINDERELLA Charles Perrault is credited with popularizing the version of Cinderella that includes iconic elements such as the fairy godmother, glass slipper, and the pivotal stroke of midnight. He published this widely known version of Cinderella in 1697, thereby cementing its place in the annals of classic fairy tales. Through his work, Perrault has ensured that his rendition of Cinderella's story, with its magical transformations and themes of virtue rewarded, has become a beloved tale across generations. CHARLES PERRAULT. CINDERELLA The story of Cinderella, including its ancient Greek version involving Rhodopis, has been told across different cultures RHODOPIS.",
    "evaluation": 1
  },
  {
    "correct_answer": "The earliest known version of Beauty and the Beast can be found in the works of the Roman poet Ovid.",
    "retrieved_context": "BEAUTY AND THE BEAST The tale of \"Beauty and the Beast\" has origins that can be traced back to Ovid's myth of Pygmalion and Galatea OVID. BEAUTY AND THE BEAST The myth of Pygmalion and Galatea influenced the theme of love and transformation in \"Beauty and the Beast\" PYGMALION AND GALATEA. GRIMM'S FAIRY TALES Jacob Grimm, as one of the Brothers Grimm, played a crucial role in the collection and publication of Grimm's Fairy Tales JACOB GRIMM. GRIMM'S FAIRY TALES Wilhelm Grimm, as one of the Brothers Grimm, played a crucial role in the collection and publication of Grimm's Fairy Tales WILHELM GRIMM. WILHELM GRIMM Jacob and Wilhelm Grimm were brothers who worked together to collect and publish fairytales JACOB GRIMM. WILHELM GRIMM Jacob and Wilhelm Grimm were brothers who worked together to collect and publish fairytales JACOB GRIMM. CINDERELLA The story of Cinderella, including its ancient Greek version involving Rhodopis, has been told across different cultures RHODOPIS. BROTHERS GRIMM The Brothers Grimm collected the fairytale of \"Cinderella\" CINDERELLA. SNOW WHITE Though Charles Perrault and the Snow White tale are part of fairy tale history, Perrault is not directly linked to Snow White but to other fairy tales like Cinderella CHARLES PERRAULT. BROTHERS GRIMM The Brothers Grimm are renowned for collecting and publishing the most well-known version of the fairytale \"Snow White.\" This story, among others, has been attributed to their efforts in preserving folklore and bringing it to a wider audience. Their collection has played a pivotal role in the enduring popularity of \"Snow White\" and its place in cultural history. SNOW WHITE. HANSEL AND GRETEL Hansel and Gretel outsmart the Cannibalistic Witch to escape CANNIBALISTIC WITCH. GRIMM'S FAIRY TALES Jacob Grimm, as one of the Brothers Grimm, played a crucial role in the collection and publication of Grimm's Fairy Tales JACOB GRIMM. SNOW WHITE The Evil Queen is the stepmother of Snow White and the antagonist of the story EVIL QUEEN. GRIMM'S FAIRY TALES Wilhelm Grimm, as one of the Brothers Grimm, played a crucial role in the collection and publication of Grimm's Fairy Tales WILHELM GRIMM. BROTHERS GRIMM The Brothers Grimm collected and published the tales included in Grimm's Fairy Tales GRIMM'S FAIRY TALES. SNOW WHITE The Handsome Prince helps Snow White find her happily ever after HANDSOME PRINCE. BROTHERS GRIMM The fairytale of \"Hansel and Gretel\" was collected and published by the Brothers Grimm. This story, which is among the numerous folktales that the Brothers Grimm brought together from various sources, has become one of their most famous and enduring tales. HANSEL AND GRETEL. SNOW WHITE The Seven Dwarfs help Snow White escape her wicked stepmother SEVEN DWARFS. CINDERELLA Charles Perrault is credited with popularizing the version of Cinderella that includes iconic elements such as the fairy godmother, glass slipper, and the pivotal stroke of midnight. He published this widely known version of Cinderella in 1697, thereby cementing its place in the annals of classic fairy tales. Through his work, Perrault has ensured that his rendition of Cinderella's story, with its magical transformations and themes of virtue rewarded, has become a beloved tale across generations. CHARLES PERRAULT.",
    "evaluation": 0
  },
  {
    "correct_answer": "Beauty and the Beast explores the theme of love and transformation.",
    "retrieved_context": "BEAUTY AND THE BEAST The tale of \"Beauty and the Beast\" has origins that can be traced back to Ovid's myth of Pygmalion and Galatea OVID. BEAUTY AND THE BEAST The myth of Pygmalion and Galatea influenced the theme of love and transformation in \"Beauty and the Beast\" PYGMALION AND GALATEA. GRIMM'S FAIRY TALES Jacob Grimm, as one of the Brothers Grimm, played a crucial role in the collection and publication of Grimm's Fairy Tales JACOB GRIMM. GRIMM'S FAIRY TALES Wilhelm Grimm, as one of the Brothers Grimm, played a crucial role in the collection and publication of Grimm's Fairy Tales WILHELM GRIMM. WILHELM GRIMM Jacob and Wilhelm Grimm were brothers who worked together to collect and publish fairytales JACOB GRIMM. CINDERELLA Charles Perrault is credited with popularizing the version of Cinderella that includes iconic elements such as the fairy godmother, glass slipper, and the pivotal stroke of midnight. He published this widely known version of Cinderella in 1697, thereby cementing its place in the annals of classic fairy tales. Through his work, Perrault has ensured that his rendition of Cinderella's story, with its magical transformations and themes of virtue rewarded, has become a beloved tale across generations. CHARLES PERRAULT. CINDERELLA The story of Cinderella, including its ancient Greek version involving Rhodopis, has been told across different cultures RHODOPIS. CINDERELLA The story of Cinderella, including its ancient Greek version involving Rhodopis, has been told across different cultures RHODOPIS. BROTHERS GRIMM The Brothers Grimm collected the fairytale of \"Cinderella\" CINDERELLA. SNOW WHITE Though Charles Perrault and the Snow White tale are part of fairy tale history, Perrault is not directly linked to Snow White but to other fairy tales like Cinderella CHARLES PERRAULT. BROTHERS GRIMM The Brothers Grimm are renowned for collecting and publishing the most well-known version of the fairytale \"Snow White.\" This story, among others, has been attributed to their efforts in preserving folklore and bringing it to a wider audience. Their collection has played a pivotal role in the enduring popularity of \"Snow White\" and its place in cultural history. SNOW WHITE. HANSEL AND GRETEL Hansel and Gretel outsmart the Cannibalistic Witch to escape CANNIBALISTIC WITCH. GRIMM'S FAIRY TALES Jacob Grimm, as one of the Brothers Grimm, played a crucial role in the collection and publication of Grimm's Fairy Tales JACOB GRIMM. SNOW WHITE The Evil Queen is the stepmother of Snow White and the antagonist of the story EVIL QUEEN. GRIMM'S FAIRY TALES Wilhelm Grimm, as one of the Brothers Grimm, played a crucial role in the collection and publication of Grimm's Fairy Tales WILHELM GRIMM. BROTHERS GRIMM The Brothers Grimm collected and published the tales included in Grimm's Fairy Tales GRIMM'S FAIRY TALES. SNOW WHITE The Handsome Prince helps Snow White find her happily ever after HANDSOME PRINCE. BROTHERS GRIMM The fairytale of \"Hansel and Gretel\" was collected and published by the Brothers Grimm. This story, which is among the numerous folktales that the Brothers Grimm brought together from various sources, has become one of their most famous and enduring tales. HANSEL AND GRETEL. SNOW WHITE The Seven Dwarfs help Snow White escape her wicked stepmother SEVEN DWARFS. CINDERELLA Charles Perrault is credited with popularizing the version of Cinderella that includes iconic elements such as the fairy godmother, glass slipper, and the pivotal stroke of midnight. He published this widely known version of Cinderella in 1697, thereby cementing its place in the annals of classic fairy tales. Through his work, Perrault has ensured that his rendition of Cinderella's story, with its magical transformations and themes of virtue rewarded, has become a beloved tale across generations. CHARLES PERRAULT. WILHELM GRIMM Jacob and Wilhelm Grimm were brothers who worked together to collect and publish fairytales JACOB GRIMM.",
    "evaluation": 1
  },
  {
    "accuracy": "40.00%"
  }
]