[
  {
    "correct_answer": "Time travel is a popular concept in fiction.",
    "retrieved_context": "TIME TRAVEL The Butterfly Effect deals with the unintended consequences of time travel to change the past THE BUTTERFLY EFFECT. TIME TRAVEL Fringe includes time travel as part of its exploration of parallel universes and alternate timelines FRINGE. LOOPER Both movies deal with the theme of changing the past to alter the future THE BUTTERFLY EFFECT. TIME TRAVEL The DeLorean is used as a time machine in \"Back to the Future\" to facilitate time travel DELOREAN. TARDIS The TARDIS is featured in \"Doctor Who\" as a time machine for space and time travel DOCTOR WHO. TIME TRAVEL The TARDIS is a time machine in \"Doctor Who\" used for traveling through time and space TARDIS. TIME TRAVEL Looper is a movie that incorporates time travel to prevent a future catastrophe LOOPER. FRINGE Fringe explores the concept of parallel universes as a part of its narrative PARALLEL UNIVERSES. TIME TRAVEL The Flash showcases time travel in its narrative of navigating multiple timelines THE FLASH. THE FLASH The Flash involves characters navigating alternate timelines to prevent catastrophic events ALTERNATE TIMELINES. DELOREAN The DeLorean is featured in \"Back to the Future\" as a time machine BACK TO THE FUTURE. FRINGE Both shows explore the concept of parallel universes or alternate timelines THE FLASH. THE FLASH The Flash involves characters navigating alternate timelines to prevent catastrophic events ALTERNATE TIMELINES. TARDIS The TARDIS is featured in \"Doctor Who\" as a time machine for space and time travel DOCTOR WHO.",
    "evaluation": 1
  },
  {
    "correct_answer": "Time travel captivates audiences with its possibilities and complexities.",
    "retrieved_context": "TIME TRAVEL The Butterfly Effect deals with the unintended consequences of time travel to change the past THE BUTTERFLY EFFECT. TIME TRAVEL Fringe includes time travel as part of its exploration of parallel universes and alternate timelines FRINGE. LOOPER Both movies deal with the theme of changing the past to alter the future THE BUTTERFLY EFFECT. TIME TRAVEL The DeLorean is used as a time machine in \"Back to the Future\" to facilitate time travel DELOREAN. TARDIS The TARDIS is featured in \"Doctor Who\" as a time machine for space and time travel DOCTOR WHO. TIME TRAVEL The TARDIS is a time machine in \"Doctor Who\" used for traveling through time and space TARDIS. TIME TRAVEL Looper is a movie that incorporates time travel to prevent a future catastrophe LOOPER. FRINGE Fringe explores the concept of parallel universes as a part of its narrative PARALLEL UNIVERSES. TIME TRAVEL The Flash showcases time travel in its narrative of navigating multiple timelines THE FLASH. THE FLASH The Flash involves characters navigating alternate timelines to prevent catastrophic events ALTERNATE TIMELINES. DELOREAN The DeLorean is featured in \"Back to the Future\" as a time machine BACK TO THE FUTURE. FRINGE Both shows explore the concept of parallel universes or alternate timelines THE FLASH. THE FLASH The Flash involves characters navigating alternate timelines to prevent catastrophic events ALTERNATE TIMELINES. FRINGE Fringe explores the concept of parallel universes as a part of its narrative PARALLEL UNIVERSES. THE FLASH The Flash involves characters navigating alternate timelines to prevent catastrophic events ALTERNATE TIMELINES. FRINGE Both shows explore the concept of parallel universes or alternate timelines THE FLASH.",
    "evaluation": 0
  },
  {
    "correct_answer": "Time travel is often portrayed in different ways in literature, film, and television.",
    "retrieved_context": "TIME TRAVEL The Butterfly Effect deals with the unintended consequences of time travel to change the past THE BUTTERFLY EFFECT. TIME TRAVEL Fringe includes time travel as part of its exploration of parallel universes and alternate timelines FRINGE. LOOPER Both movies deal with the theme of changing the past to alter the future THE BUTTERFLY EFFECT. TIME TRAVEL The DeLorean is used as a time machine in \"Back to the Future\" to facilitate time travel DELOREAN. TARDIS The TARDIS is featured in \"Doctor Who\" as a time machine for space and time travel DOCTOR WHO. TIME TRAVEL The TARDIS is a time machine in \"Doctor Who\" used for traveling through time and space TARDIS. TIME TRAVEL Looper is a movie that incorporates time travel to prevent a future catastrophe LOOPER. FRINGE Fringe explores the concept of parallel universes as a part of its narrative PARALLEL UNIVERSES. TIME TRAVEL The Flash showcases time travel in its narrative of navigating multiple timelines THE FLASH. THE FLASH The Flash involves characters navigating alternate timelines to prevent catastrophic events ALTERNATE TIMELINES. DELOREAN The DeLorean is featured in \"Back to the Future\" as a time machine BACK TO THE FUTURE. FRINGE Both shows explore the concept of parallel universes or alternate timelines THE FLASH. THE FLASH The Flash involves characters navigating alternate timelines to prevent catastrophic events ALTERNATE TIMELINES.",
    "evaluation": 1
  },
  {
    "correct_answer": "One common method of time travel in fiction is the use of a time machine.",
    "retrieved_context": "TIME TRAVEL The Butterfly Effect deals with the unintended consequences of time travel to change the past THE BUTTERFLY EFFECT. TIME TRAVEL Fringe includes time travel as part of its exploration of parallel universes and alternate timelines FRINGE. LOOPER Both movies deal with the theme of changing the past to alter the future THE BUTTERFLY EFFECT. TIME TRAVEL The DeLorean is used as a time machine in \"Back to the Future\" to facilitate time travel DELOREAN. TARDIS The TARDIS is featured in \"Doctor Who\" as a time machine for space and time travel DOCTOR WHO. TIME TRAVEL The TARDIS is a time machine in \"Doctor Who\" used for traveling through time and space TARDIS. TIME TRAVEL Looper is a movie that incorporates time travel to prevent a future catastrophe LOOPER. FRINGE Fringe explores the concept of parallel universes as a part of its narrative PARALLEL UNIVERSES. TIME TRAVEL The Flash showcases time travel in its narrative of navigating multiple timelines THE FLASH. THE FLASH The Flash involves characters navigating alternate timelines to prevent catastrophic events ALTERNATE TIMELINES. DELOREAN The DeLorean is featured in \"Back to the Future\" as a time machine BACK TO THE FUTURE. FRINGE Both shows explore the concept of parallel universes or alternate timelines THE FLASH. TARDIS The TARDIS is featured in \"Doctor Who\" as a time machine for space and time travel DOCTOR WHO. THE FLASH The Flash involves characters navigating alternate timelines to prevent catastrophic events ALTERNATE TIMELINES.",
    "evaluation": 1
  },
  {
    "correct_answer": "Time machines allow characters to physically travel through time.",
    "retrieved_context": "TIME TRAVEL The Butterfly Effect deals with the unintended consequences of time travel to change the past THE BUTTERFLY EFFECT. TIME TRAVEL Fringe includes time travel as part of its exploration of parallel universes and alternate timelines FRINGE. LOOPER Both movies deal with the theme of changing the past to alter the future THE BUTTERFLY EFFECT. TIME TRAVEL The DeLorean is used as a time machine in \"Back to the Future\" to facilitate time travel DELOREAN. TARDIS The TARDIS is featured in \"Doctor Who\" as a time machine for space and time travel DOCTOR WHO. TIME TRAVEL The TARDIS is a time machine in \"Doctor Who\" used for traveling through time and space TARDIS. TIME TRAVEL Looper is a movie that incorporates time travel to prevent a future catastrophe LOOPER. FRINGE Fringe explores the concept of parallel universes as a part of its narrative PARALLEL UNIVERSES. TIME TRAVEL The Flash showcases time travel in its narrative of navigating multiple timelines THE FLASH. THE FLASH The Flash involves characters navigating alternate timelines to prevent catastrophic events ALTERNATE TIMELINES. DELOREAN The DeLorean is featured in \"Back to the Future\" as a time machine BACK TO THE FUTURE. FRINGE Both shows explore the concept of parallel universes or alternate timelines THE FLASH. THE FLASH The Flash involves characters navigating alternate timelines to prevent catastrophic events ALTERNATE TIMELINES.",
    "evaluation": 1
  },
  {
    "correct_answer": "The protagonist in H.G. Wells' 'The Time Machine' uses a contraption to journey to the distant future.",
    "retrieved_context": "TIME TRAVEL The Butterfly Effect deals with the unintended consequences of time travel to change the past THE BUTTERFLY EFFECT. TIME TRAVEL Fringe includes time travel as part of its exploration of parallel universes and alternate timelines FRINGE. LOOPER Both movies deal with the theme of changing the past to alter the future THE BUTTERFLY EFFECT. TIME TRAVEL The DeLorean is used as a time machine in \"Back to the Future\" to facilitate time travel DELOREAN. TARDIS The TARDIS is featured in \"Doctor Who\" as a time machine for space and time travel DOCTOR WHO. TIME TRAVEL The TARDIS is a time machine in \"Doctor Who\" used for traveling through time and space TARDIS. TIME TRAVEL Looper is a movie that incorporates time travel to prevent a future catastrophe LOOPER. FRINGE Fringe explores the concept of parallel universes as a part of its narrative PARALLEL UNIVERSES. TIME TRAVEL The Flash showcases time travel in its narrative of navigating multiple timelines THE FLASH. THE FLASH The Flash involves characters navigating alternate timelines to prevent catastrophic events ALTERNATE TIMELINES. DELOREAN The DeLorean is featured in \"Back to the Future\" as a time machine BACK TO THE FUTURE. FRINGE Both shows explore the concept of parallel universes or alternate timelines THE FLASH. H.G. WELLS \"The Time Machine\" is a novel written by H.G. Wells that explores time travel THE TIME MACHINE. TARDIS The TARDIS is featured in \"Doctor Who\" as a time machine for space and time travel DOCTOR WHO.",
    "evaluation": 0
  },
  {
    "correct_answer": "The DeLorean in 'Back to the Future' and the TARDIS in 'Doctor Who' are examples of time machines.",
    "retrieved_context": "TIME TRAVEL The Butterfly Effect deals with the unintended consequences of time travel to change the past THE BUTTERFLY EFFECT. TIME TRAVEL Fringe includes time travel as part of its exploration of parallel universes and alternate timelines FRINGE. LOOPER Both movies deal with the theme of changing the past to alter the future THE BUTTERFLY EFFECT. TIME TRAVEL The DeLorean is used as a time machine in \"Back to the Future\" to facilitate time travel DELOREAN. TARDIS The TARDIS is featured in \"Doctor Who\" as a time machine for space and time travel DOCTOR WHO. TIME TRAVEL The TARDIS is a time machine in \"Doctor Who\" used for traveling through time and space TARDIS. TIME TRAVEL Looper is a movie that incorporates time travel to prevent a future catastrophe LOOPER. FRINGE Fringe explores the concept of parallel universes as a part of its narrative PARALLEL UNIVERSES. TIME TRAVEL The Flash showcases time travel in its narrative of navigating multiple timelines THE FLASH. THE FLASH The Flash involves characters navigating alternate timelines to prevent catastrophic events ALTERNATE TIMELINES. DELOREAN The DeLorean is featured in \"Back to the Future\" as a time machine BACK TO THE FUTURE. FRINGE Both shows explore the concept of parallel universes or alternate timelines THE FLASH. TARDIS The TARDIS is featured in \"Doctor Who\" as a time machine for space and time travel DOCTOR WHO. DELOREAN The DeLorean is featured in \"Back to the Future\" as a time machine BACK TO THE FUTURE.",
    "evaluation": 1
  },
  {
    "correct_answer": "Time machines often come with their own set of rules and limitations.",
    "retrieved_context": "TIME TRAVEL The Butterfly Effect deals with the unintended consequences of time travel to change the past THE BUTTERFLY EFFECT. TIME TRAVEL Fringe includes time travel as part of its exploration of parallel universes and alternate timelines FRINGE. LOOPER Both movies deal with the theme of changing the past to alter the future THE BUTTERFLY EFFECT. TIME TRAVEL The DeLorean is used as a time machine in \"Back to the Future\" to facilitate time travel DELOREAN. TARDIS The TARDIS is featured in \"Doctor Who\" as a time machine for space and time travel DOCTOR WHO. TIME TRAVEL The TARDIS is a time machine in \"Doctor Who\" used for traveling through time and space TARDIS. TIME TRAVEL Looper is a movie that incorporates time travel to prevent a future catastrophe LOOPER. FRINGE Fringe explores the concept of parallel universes as a part of its narrative PARALLEL UNIVERSES. TIME TRAVEL The Flash showcases time travel in its narrative of navigating multiple timelines THE FLASH. THE FLASH The Flash involves characters navigating alternate timelines to prevent catastrophic events ALTERNATE TIMELINES. DELOREAN The DeLorean is featured in \"Back to the Future\" as a time machine BACK TO THE FUTURE. FRINGE Both shows explore the concept of parallel universes or alternate timelines THE FLASH. TARDIS The TARDIS is featured in \"Doctor Who\" as a time machine for space and time travel DOCTOR WHO.",
    "evaluation": 0
  },
  {
    "correct_answer": "Characters in fiction may manipulate time through supernatural or magical means.",
    "retrieved_context": "TIME TRAVEL The Butterfly Effect deals with the unintended consequences of time travel to change the past THE BUTTERFLY EFFECT. TIME TRAVEL Fringe includes time travel as part of its exploration of parallel universes and alternate timelines FRINGE. LOOPER Both movies deal with the theme of changing the past to alter the future THE BUTTERFLY EFFECT. TIME TRAVEL The DeLorean is used as a time machine in \"Back to the Future\" to facilitate time travel DELOREAN. TARDIS The TARDIS is featured in \"Doctor Who\" as a time machine for space and time travel DOCTOR WHO. TIME TRAVEL The TARDIS is a time machine in \"Doctor Who\" used for traveling through time and space TARDIS. TIME TRAVEL Looper is a movie that incorporates time travel to prevent a future catastrophe LOOPER. FRINGE Fringe explores the concept of parallel universes as a part of its narrative PARALLEL UNIVERSES. TIME TRAVEL The Flash showcases time travel in its narrative of navigating multiple timelines THE FLASH. THE FLASH The Flash involves characters navigating alternate timelines to prevent catastrophic events ALTERNATE TIMELINES. DELOREAN The DeLorean is featured in \"Back to the Future\" as a time machine BACK TO THE FUTURE. FRINGE Both shows explore the concept of parallel universes or alternate timelines THE FLASH. THE FLASH The Flash involves characters navigating alternate timelines to prevent catastrophic events ALTERNATE TIMELINES.",
    "evaluation": 0
  },
  {
    "correct_answer": "In J.K. Rowling's 'Harry Potter' series, the Time-Turner is a magical device for time travel.",
    "retrieved_context": "TIME TRAVEL The Butterfly Effect deals with the unintended consequences of time travel to change the past THE BUTTERFLY EFFECT. TIME TRAVEL Fringe includes time travel as part of its exploration of parallel universes and alternate timelines FRINGE. LOOPER Both movies deal with the theme of changing the past to alter the future THE BUTTERFLY EFFECT. TIME TRAVEL The DeLorean is used as a time machine in \"Back to the Future\" to facilitate time travel DELOREAN. TARDIS The TARDIS is featured in \"Doctor Who\" as a time machine for space and time travel DOCTOR WHO. TIME TRAVEL The TARDIS is a time machine in \"Doctor Who\" used for traveling through time and space TARDIS. TIME TRAVEL Looper is a movie that incorporates time travel to prevent a future catastrophe LOOPER. FRINGE Fringe explores the concept of parallel universes as a part of its narrative PARALLEL UNIVERSES. TIME TRAVEL The Flash showcases time travel in its narrative of navigating multiple timelines THE FLASH. THE FLASH The Flash involves characters navigating alternate timelines to prevent catastrophic events ALTERNATE TIMELINES. DELOREAN The DeLorean is featured in \"Back to the Future\" as a time machine BACK TO THE FUTURE. FRINGE Both shows explore the concept of parallel universes or alternate timelines THE FLASH. J.K. ROWLING The Time-Turner, a magical time travel device, is introduced in the \"Harry Potter\" series by J.K. Rowling TIME-TURNER. TARDIS The TARDIS is featured in \"Doctor Who\" as a time machine for space and time travel DOCTOR WHO.",
    "evaluation": 1
  },
  {
    "correct_answer": "Characters may find themselves in alternate timelines in fiction.",
    "retrieved_context": "TIME TRAVEL The Butterfly Effect deals with the unintended consequences of time travel to change the past THE BUTTERFLY EFFECT. TIME TRAVEL Fringe includes time travel as part of its exploration of parallel universes and alternate timelines FRINGE. LOOPER Both movies deal with the theme of changing the past to alter the future THE BUTTERFLY EFFECT. TIME TRAVEL The DeLorean is used as a time machine in \"Back to the Future\" to facilitate time travel DELOREAN. TARDIS The TARDIS is featured in \"Doctor Who\" as a time machine for space and time travel DOCTOR WHO. TIME TRAVEL The TARDIS is a time machine in \"Doctor Who\" used for traveling through time and space TARDIS. TIME TRAVEL Looper is a movie that incorporates time travel to prevent a future catastrophe LOOPER. FRINGE Fringe explores the concept of parallel universes as a part of its narrative PARALLEL UNIVERSES. TIME TRAVEL The Flash showcases time travel in its narrative of navigating multiple timelines THE FLASH. THE FLASH The Flash involves characters navigating alternate timelines to prevent catastrophic events ALTERNATE TIMELINES. DELOREAN The DeLorean is featured in \"Back to the Future\" as a time machine BACK TO THE FUTURE. FRINGE Both shows explore the concept of parallel universes or alternate timelines THE FLASH. J.K. ROWLING The Time-Turner, a magical time travel device, is introduced in the \"Harry Potter\" series by J.K. Rowling TIME-TURNER.",
    "evaluation": 1
  },
  {
    "correct_answer": "Parallel universes are a common way time travel is portrayed in fiction.",
    "retrieved_context": "TIME TRAVEL The Butterfly Effect deals with the unintended consequences of time travel to change the past THE BUTTERFLY EFFECT. TIME TRAVEL Fringe includes time travel as part of its exploration of parallel universes and alternate timelines FRINGE. LOOPER Both movies deal with the theme of changing the past to alter the future THE BUTTERFLY EFFECT. TIME TRAVEL The DeLorean is used as a time machine in \"Back to the Future\" to facilitate time travel DELOREAN. TARDIS The TARDIS is featured in \"Doctor Who\" as a time machine for space and time travel DOCTOR WHO. TIME TRAVEL The TARDIS is a time machine in \"Doctor Who\" used for traveling through time and space TARDIS. TIME TRAVEL Looper is a movie that incorporates time travel to prevent a future catastrophe LOOPER. FRINGE Fringe explores the concept of parallel universes as a part of its narrative PARALLEL UNIVERSES. TIME TRAVEL The Flash showcases time travel in its narrative of navigating multiple timelines THE FLASH. THE FLASH The Flash involves characters navigating alternate timelines to prevent catastrophic events ALTERNATE TIMELINES. DELOREAN The DeLorean is featured in \"Back to the Future\" as a time machine BACK TO THE FUTURE. FRINGE Both shows explore the concept of parallel universes or alternate timelines THE FLASH. FRINGE Fringe explores the concept of parallel universes as a part of its narrative PARALLEL UNIVERSES. THE FLASH The Flash involves characters navigating alternate timelines to prevent catastrophic events ALTERNATE TIMELINES. FRINGE Both shows explore the concept of parallel universes or alternate timelines THE FLASH.",
    "evaluation": 0
  },
  {
    "correct_answer": "Time travel fiction often explores the idea of changing the past to alter the future.",
    "retrieved_context": "TIME TRAVEL The Butterfly Effect deals with the unintended consequences of time travel to change the past THE BUTTERFLY EFFECT. TIME TRAVEL Fringe includes time travel as part of its exploration of parallel universes and alternate timelines FRINGE. LOOPER Both movies deal with the theme of changing the past to alter the future THE BUTTERFLY EFFECT. TIME TRAVEL The DeLorean is used as a time machine in \"Back to the Future\" to facilitate time travel DELOREAN. TARDIS The TARDIS is featured in \"Doctor Who\" as a time machine for space and time travel DOCTOR WHO. TIME TRAVEL The TARDIS is a time machine in \"Doctor Who\" used for traveling through time and space TARDIS. TIME TRAVEL Looper is a movie that incorporates time travel to prevent a future catastrophe LOOPER. FRINGE Fringe explores the concept of parallel universes as a part of its narrative PARALLEL UNIVERSES. TIME TRAVEL The Flash showcases time travel in its narrative of navigating multiple timelines THE FLASH. THE FLASH The Flash involves characters navigating alternate timelines to prevent catastrophic events ALTERNATE TIMELINES. DELOREAN The DeLorean is featured in \"Back to the Future\" as a time machine BACK TO THE FUTURE. FRINGE Both shows explore the concept of parallel universes or alternate timelines THE FLASH. THE FLASH The Flash involves characters navigating alternate timelines to prevent catastrophic events ALTERNATE TIMELINES.",
    "evaluation": 1
  },
  {
    "correct_answer": "Characters in time travel fiction may grapple with the ethical implications of altering history.",
    "retrieved_context": "TIME TRAVEL The Butterfly Effect deals with the unintended consequences of time travel to change the past THE BUTTERFLY EFFECT. TIME TRAVEL Fringe includes time travel as part of its exploration of parallel universes and alternate timelines FRINGE. LOOPER Both movies deal with the theme of changing the past to alter the future THE BUTTERFLY EFFECT. TIME TRAVEL The DeLorean is used as a time machine in \"Back to the Future\" to facilitate time travel DELOREAN. TARDIS The TARDIS is featured in \"Doctor Who\" as a time machine for space and time travel DOCTOR WHO. TIME TRAVEL The TARDIS is a time machine in \"Doctor Who\" used for traveling through time and space TARDIS. TIME TRAVEL Looper is a movie that incorporates time travel to prevent a future catastrophe LOOPER. FRINGE Fringe explores the concept of parallel universes as a part of its narrative PARALLEL UNIVERSES. TIME TRAVEL The Flash showcases time travel in its narrative of navigating multiple timelines THE FLASH. THE FLASH The Flash involves characters navigating alternate timelines to prevent catastrophic events ALTERNATE TIMELINES. DELOREAN The DeLorean is featured in \"Back to the Future\" as a time machine BACK TO THE FUTURE. FRINGE Both shows explore the concept of parallel universes or alternate timelines THE FLASH. THE FLASH The Flash involves characters navigating alternate timelines to prevent catastrophic events ALTERNATE TIMELINES.",
    "evaluation": 0
  },
  {
    "correct_answer": "Time travel in fiction raises questions about causality and determinism.",
    "retrieved_context": "TIME TRAVEL The Butterfly Effect deals with the unintended consequences of time travel to change the past THE BUTTERFLY EFFECT. TIME TRAVEL Fringe includes time travel as part of its exploration of parallel universes and alternate timelines FRINGE. LOOPER Both movies deal with the theme of changing the past to alter the future THE BUTTERFLY EFFECT. TIME TRAVEL The DeLorean is used as a time machine in \"Back to the Future\" to facilitate time travel DELOREAN. TARDIS The TARDIS is featured in \"Doctor Who\" as a time machine for space and time travel DOCTOR WHO. TIME TRAVEL The TARDIS is a time machine in \"Doctor Who\" used for traveling through time and space TARDIS. TIME TRAVEL Looper is a movie that incorporates time travel to prevent a future catastrophe LOOPER. FRINGE Fringe explores the concept of parallel universes as a part of its narrative PARALLEL UNIVERSES. TIME TRAVEL The Flash showcases time travel in its narrative of navigating multiple timelines THE FLASH. THE FLASH The Flash involves characters navigating alternate timelines to prevent catastrophic events ALTERNATE TIMELINES. DELOREAN The DeLorean is featured in \"Back to the Future\" as a time machine BACK TO THE FUTURE. FRINGE Both shows explore the concept of parallel universes or alternate timelines THE FLASH. THE FLASH The Flash involves characters navigating alternate timelines to prevent catastrophic events ALTERNATE TIMELINES.",
    "evaluation": 0
  },
  {
    "accuracy": "53.33%"
  }
]