[
  {
    "correct_answer": "Bees are crucial pollinators in agriculture.",
    "retrieved_context": "BEES Habitat loss directly impacts bee populations by reducing their natural living spaces HABITAT LOSS. BEES Bees are responsible for the pollination of crops in agriculture, which is essential for the production of food AGRICULTURE. BEES Conservation efforts for bees are focused on protecting and restoring bee populations to ensure the sustainability of agriculture and ecosystems. These efforts are deemed necessary to safeguard the vital role bees play in agriculture and the environment, highlighting the importance of bees not only for their pollination services which are crucial for the production of many crops but also for maintaining the balance within natural ecosystems. Through various strategies and initiatives, conservationists aim to address the challenges facing bees, thereby securing their future and, by extension, the future of human food supplies and natural biodiversity. CONSERVATION EFFORTS. BEES The use of pesticides is harmful to bees, contributing to their decline PESTICIDE USE. BEES Bees play a crucial role in the pollination of apples, necessary for fruit production APPLES. BEES Bees pollinate wild plants, ensuring their reproduction and contributing to ecosystem health WILD PLANTS. BEES Bees are vital for cherry pollination, impacting fruit yield and quality CHERRIES. BEES Bees are essential for the pollination of crops, which is critical for agricultural produce AGRICULTURAL PRODUCE. BEES The decline of bee populations poses a significant threat to food security by affecting crop production. Bees play a crucial role in pollinating many of the crops that make up a large portion of the world's food supply. Therefore, their decreasing numbers are a cause for concern regarding the sustainability of global food production. This situation underscores the interconnectedness of bees and food security, highlighting the importance of addressing the factors contributing to the decline in bee populations to ensure the stability of food resources worldwide. FOOD SECURITY. BEES Implementing sustainable farming practices is crucial for the support and recovery of bee populations SUSTAINABLE FARMING PRACTICES. BEES Bees support biodiversity through their pollination activities BIODIVERSITY. BEES Bees are essential for the pollination of almonds, without which almonds would not produce fruit ALMONDS. CONSERVATION EFFORTS Protecting bees through conservation efforts supports biodiversity BIODIVERSITY. FOOD SECURITY Conservation efforts to protect bees directly impact food security by ensuring sustainable food production CONSERVATION EFFORTS. BEES Bees perform pollination, which is crucial for the fertilization and production of seeds and fruits in agriculture POLLINATION. BEES Bees contribute significantly to the pollination of blueberries, affecting their fruit production BLUEBERRIES. BEES Climate change affects bees by altering the environments they depend on for survival CLIMATE CHANGE. BEES Diseases among bee populations lead to their decline, affecting their numbers and health DISEASES. AGRICULTURE Pollination, performed by bees, is vital for the success of crop production in agriculture POLLINATION. AGRICULTURE Pollination, performed by bees, is vital for the success of crop production in agriculture POLLINATION. FOOD SECURITY Conservation efforts to protect bees directly impact food security by ensuring sustainable food production CONSERVATION EFFORTS. CONSERVATION EFFORTS Protecting bees through conservation efforts supports biodiversity BIODIVERSITY.",
    "evaluation": 1
  },
  {
    "correct_answer": "Bees contribute significantly to crop production.",
    "retrieved_context": "BEES Habitat loss directly impacts bee populations by reducing their natural living spaces HABITAT LOSS. BEES Bees are responsible for the pollination of crops in agriculture, which is essential for the production of food AGRICULTURE. BEES Conservation efforts for bees are focused on protecting and restoring bee populations to ensure the sustainability of agriculture and ecosystems. These efforts are deemed necessary to safeguard the vital role bees play in agriculture and the environment, highlighting the importance of bees not only for their pollination services which are crucial for the production of many crops but also for maintaining the balance within natural ecosystems. Through various strategies and initiatives, conservationists aim to address the challenges facing bees, thereby securing their future and, by extension, the future of human food supplies and natural biodiversity. CONSERVATION EFFORTS. BEES The use of pesticides is harmful to bees, contributing to their decline PESTICIDE USE. BEES Bees play a crucial role in the pollination of apples, necessary for fruit production APPLES. BEES Bees pollinate wild plants, ensuring their reproduction and contributing to ecosystem health WILD PLANTS. BEES Bees are vital for cherry pollination, impacting fruit yield and quality CHERRIES. BEES Bees are essential for the pollination of crops, which is critical for agricultural produce AGRICULTURAL PRODUCE. BEES The decline of bee populations poses a significant threat to food security by affecting crop production. Bees play a crucial role in pollinating many of the crops that make up a large portion of the world's food supply. Therefore, their decreasing numbers are a cause for concern regarding the sustainability of global food production. This situation underscores the interconnectedness of bees and food security, highlighting the importance of addressing the factors contributing to the decline in bee populations to ensure the stability of food resources worldwide. FOOD SECURITY. BEES Implementing sustainable farming practices is crucial for the support and recovery of bee populations SUSTAINABLE FARMING PRACTICES. BEES Bees support biodiversity through their pollination activities BIODIVERSITY. BEES Bees are essential for the pollination of almonds, without which almonds would not produce fruit ALMONDS. CONSERVATION EFFORTS Protecting bees through conservation efforts supports biodiversity BIODIVERSITY. FOOD SECURITY Conservation efforts to protect bees directly impact food security by ensuring sustainable food production CONSERVATION EFFORTS. BEES Bees perform pollination, which is crucial for the fertilization and production of seeds and fruits in agriculture POLLINATION. BEES Bees contribute significantly to the pollination of blueberries, affecting their fruit production BLUEBERRIES. BEES Climate change affects bees by altering the environments they depend on for survival CLIMATE CHANGE. BEES Diseases among bee populations lead to their decline, affecting their numbers and health DISEASES. AGRICULTURE Pollination, performed by bees, is vital for the success of crop production in agriculture POLLINATION. AGRICULTURE Pollination, performed by bees, is vital for the success of crop production in agriculture POLLINATION. FOOD SECURITY Conservation efforts to protect bees directly impact food security by ensuring sustainable food production CONSERVATION EFFORTS. CONSERVATION EFFORTS Protecting bees through conservation efforts supports biodiversity BIODIVERSITY.",
    "evaluation": 1
  },
  {
    "correct_answer": "Bees are responsible for pollinating fruits, vegetables, and nuts.",
    "retrieved_context": "BEES Habitat loss directly impacts bee populations by reducing their natural living spaces HABITAT LOSS. BEES Bees are responsible for the pollination of crops in agriculture, which is essential for the production of food AGRICULTURE. BEES Conservation efforts for bees are focused on protecting and restoring bee populations to ensure the sustainability of agriculture and ecosystems. These efforts are deemed necessary to safeguard the vital role bees play in agriculture and the environment, highlighting the importance of bees not only for their pollination services which are crucial for the production of many crops but also for maintaining the balance within natural ecosystems. Through various strategies and initiatives, conservationists aim to address the challenges facing bees, thereby securing their future and, by extension, the future of human food supplies and natural biodiversity. CONSERVATION EFFORTS. BEES The use of pesticides is harmful to bees, contributing to their decline PESTICIDE USE. BEES Bees play a crucial role in the pollination of apples, necessary for fruit production APPLES. BEES Bees pollinate wild plants, ensuring their reproduction and contributing to ecosystem health WILD PLANTS. BEES Bees are vital for cherry pollination, impacting fruit yield and quality CHERRIES. BEES Bees are essential for the pollination of crops, which is critical for agricultural produce AGRICULTURAL PRODUCE. BEES The decline of bee populations poses a significant threat to food security by affecting crop production. Bees play a crucial role in pollinating many of the crops that make up a large portion of the world's food supply. Therefore, their decreasing numbers are a cause for concern regarding the sustainability of global food production. This situation underscores the interconnectedness of bees and food security, highlighting the importance of addressing the factors contributing to the decline in bee populations to ensure the stability of food resources worldwide. FOOD SECURITY. BEES Implementing sustainable farming practices is crucial for the support and recovery of bee populations SUSTAINABLE FARMING PRACTICES. BEES Bees support biodiversity through their pollination activities BIODIVERSITY. BEES Bees are essential for the pollination of almonds, without which almonds would not produce fruit ALMONDS. CONSERVATION EFFORTS Protecting bees through conservation efforts supports biodiversity BIODIVERSITY. FOOD SECURITY Conservation efforts to protect bees directly impact food security by ensuring sustainable food production CONSERVATION EFFORTS. BEES Bees perform pollination, which is crucial for the fertilization and production of seeds and fruits in agriculture POLLINATION. BEES Bees contribute significantly to the pollination of blueberries, affecting their fruit production BLUEBERRIES. BEES Climate change affects bees by altering the environments they depend on for survival CLIMATE CHANGE. BEES Diseases among bee populations lead to their decline, affecting their numbers and health DISEASES. AGRICULTURE Pollination, performed by bees, is vital for the success of crop production in agriculture POLLINATION. AGRICULTURE Pollination, performed by bees, is vital for the success of crop production in agriculture POLLINATION.",
    "evaluation": 1
  },
  {
    "correct_answer": "Pollination is a primary function of bees in agriculture.",
    "retrieved_context": "BEES Habitat loss directly impacts bee populations by reducing their natural living spaces HABITAT LOSS. BEES Bees are responsible for the pollination of crops in agriculture, which is essential for the production of food AGRICULTURE. BEES Conservation efforts for bees are focused on protecting and restoring bee populations to ensure the sustainability of agriculture and ecosystems. These efforts are deemed necessary to safeguard the vital role bees play in agriculture and the environment, highlighting the importance of bees not only for their pollination services which are crucial for the production of many crops but also for maintaining the balance within natural ecosystems. Through various strategies and initiatives, conservationists aim to address the challenges facing bees, thereby securing their future and, by extension, the future of human food supplies and natural biodiversity. CONSERVATION EFFORTS. BEES The use of pesticides is harmful to bees, contributing to their decline PESTICIDE USE. BEES Bees play a crucial role in the pollination of apples, necessary for fruit production APPLES. BEES Bees pollinate wild plants, ensuring their reproduction and contributing to ecosystem health WILD PLANTS. BEES Bees are vital for cherry pollination, impacting fruit yield and quality CHERRIES. BEES Bees are essential for the pollination of crops, which is critical for agricultural produce AGRICULTURAL PRODUCE. BEES The decline of bee populations poses a significant threat to food security by affecting crop production. Bees play a crucial role in pollinating many of the crops that make up a large portion of the world's food supply. Therefore, their decreasing numbers are a cause for concern regarding the sustainability of global food production. This situation underscores the interconnectedness of bees and food security, highlighting the importance of addressing the factors contributing to the decline in bee populations to ensure the stability of food resources worldwide. FOOD SECURITY. BEES Implementing sustainable farming practices is crucial for the support and recovery of bee populations SUSTAINABLE FARMING PRACTICES. BEES Bees support biodiversity through their pollination activities BIODIVERSITY. BEES Bees are essential for the pollination of almonds, without which almonds would not produce fruit ALMONDS. CONSERVATION EFFORTS Protecting bees through conservation efforts supports biodiversity BIODIVERSITY. FOOD SECURITY Conservation efforts to protect bees directly impact food security by ensuring sustainable food production CONSERVATION EFFORTS. BEES Bees perform pollination, which is crucial for the fertilization and production of seeds and fruits in agriculture POLLINATION. BEES Bees contribute significantly to the pollination of blueberries, affecting their fruit production BLUEBERRIES. BEES Climate change affects bees by altering the environments they depend on for survival CLIMATE CHANGE. BEES Diseases among bee populations lead to their decline, affecting their numbers and health DISEASES. AGRICULTURE Pollination, performed by bees, is vital for the success of crop production in agriculture POLLINATION. AGRICULTURE Pollination, performed by bees, is vital for the success of crop production in agriculture POLLINATION.",
    "evaluation": 1
  },
  {
    "correct_answer": "Bees facilitate cross-pollination and increase genetic diversity.",
    "retrieved_context": "BEES Habitat loss directly impacts bee populations by reducing their natural living spaces HABITAT LOSS. BEES Bees are responsible for the pollination of crops in agriculture, which is essential for the production of food AGRICULTURE. BEES Conservation efforts for bees are focused on protecting and restoring bee populations to ensure the sustainability of agriculture and ecosystems. These efforts are deemed necessary to safeguard the vital role bees play in agriculture and the environment, highlighting the importance of bees not only for their pollination services which are crucial for the production of many crops but also for maintaining the balance within natural ecosystems. Through various strategies and initiatives, conservationists aim to address the challenges facing bees, thereby securing their future and, by extension, the future of human food supplies and natural biodiversity. CONSERVATION EFFORTS. BEES The use of pesticides is harmful to bees, contributing to their decline PESTICIDE USE. BEES Bees play a crucial role in the pollination of apples, necessary for fruit production APPLES. BEES Bees pollinate wild plants, ensuring their reproduction and contributing to ecosystem health WILD PLANTS. BEES Bees are vital for cherry pollination, impacting fruit yield and quality CHERRIES. BEES Bees are essential for the pollination of crops, which is critical for agricultural produce AGRICULTURAL PRODUCE. BEES The decline of bee populations poses a significant threat to food security by affecting crop production. Bees play a crucial role in pollinating many of the crops that make up a large portion of the world's food supply. Therefore, their decreasing numbers are a cause for concern regarding the sustainability of global food production. This situation underscores the interconnectedness of bees and food security, highlighting the importance of addressing the factors contributing to the decline in bee populations to ensure the stability of food resources worldwide. FOOD SECURITY. BEES Implementing sustainable farming practices is crucial for the support and recovery of bee populations SUSTAINABLE FARMING PRACTICES. BEES Bees support biodiversity through their pollination activities BIODIVERSITY. BEES Bees are essential for the pollination of almonds, without which almonds would not produce fruit ALMONDS. CONSERVATION EFFORTS Protecting bees through conservation efforts supports biodiversity BIODIVERSITY. FOOD SECURITY Conservation efforts to protect bees directly impact food security by ensuring sustainable food production CONSERVATION EFFORTS. BEES Bees perform pollination, which is crucial for the fertilization and production of seeds and fruits in agriculture POLLINATION. BEES Bees contribute significantly to the pollination of blueberries, affecting their fruit production BLUEBERRIES. BEES Climate change affects bees by altering the environments they depend on for survival CLIMATE CHANGE. BEES Diseases among bee populations lead to their decline, affecting their numbers and health DISEASES. AGRICULTURE Pollination, performed by bees, is vital for the success of crop production in agriculture POLLINATION. AGRICULTURE Pollination, performed by bees, is vital for the success of crop production in agriculture POLLINATION. CONSERVATION EFFORTS Protecting bees through conservation efforts supports biodiversity BIODIVERSITY.",
    "evaluation": 0
  },
  {
    "correct_answer": "Crops like almonds, apples, cherries, and blueberries depend on bees for pollination.",
    "retrieved_context": "BEES Habitat loss directly impacts bee populations by reducing their natural living spaces HABITAT LOSS. BEES Bees are responsible for the pollination of crops in agriculture, which is essential for the production of food AGRICULTURE. BEES Conservation efforts for bees are focused on protecting and restoring bee populations to ensure the sustainability of agriculture and ecosystems. These efforts are deemed necessary to safeguard the vital role bees play in agriculture and the environment, highlighting the importance of bees not only for their pollination services which are crucial for the production of many crops but also for maintaining the balance within natural ecosystems. Through various strategies and initiatives, conservationists aim to address the challenges facing bees, thereby securing their future and, by extension, the future of human food supplies and natural biodiversity. CONSERVATION EFFORTS. BEES The use of pesticides is harmful to bees, contributing to their decline PESTICIDE USE. BEES Bees play a crucial role in the pollination of apples, necessary for fruit production APPLES. BEES Bees pollinate wild plants, ensuring their reproduction and contributing to ecosystem health WILD PLANTS. BEES Bees are vital for cherry pollination, impacting fruit yield and quality CHERRIES. BEES Bees are essential for the pollination of crops, which is critical for agricultural produce AGRICULTURAL PRODUCE. BEES The decline of bee populations poses a significant threat to food security by affecting crop production. Bees play a crucial role in pollinating many of the crops that make up a large portion of the world's food supply. Therefore, their decreasing numbers are a cause for concern regarding the sustainability of global food production. This situation underscores the interconnectedness of bees and food security, highlighting the importance of addressing the factors contributing to the decline in bee populations to ensure the stability of food resources worldwide. FOOD SECURITY. BEES Implementing sustainable farming practices is crucial for the support and recovery of bee populations SUSTAINABLE FARMING PRACTICES. BEES Bees support biodiversity through their pollination activities BIODIVERSITY. BEES Bees are essential for the pollination of almonds, without which almonds would not produce fruit ALMONDS. CONSERVATION EFFORTS Protecting bees through conservation efforts supports biodiversity BIODIVERSITY. FOOD SECURITY Conservation efforts to protect bees directly impact food security by ensuring sustainable food production CONSERVATION EFFORTS. BEES Bees perform pollination, which is crucial for the fertilization and production of seeds and fruits in agriculture POLLINATION. BEES Bees contribute significantly to the pollination of blueberries, affecting their fruit production BLUEBERRIES. BEES Climate change affects bees by altering the environments they depend on for survival CLIMATE CHANGE. BEES Diseases among bee populations lead to their decline, affecting their numbers and health DISEASES. AGRICULTURE Pollination, performed by bees, is vital for the success of crop production in agriculture POLLINATION. AGRICULTURE Pollination, performed by bees, is vital for the success of crop production in agriculture POLLINATION.",
    "evaluation": 1
  },
  {
    "correct_answer": "Bees are estimated to pollinate one-third of food crops worldwide.",
    "retrieved_context": "BEES Habitat loss directly impacts bee populations by reducing their natural living spaces HABITAT LOSS. BEES Bees are responsible for the pollination of crops in agriculture, which is essential for the production of food AGRICULTURE. BEES Conservation efforts for bees are focused on protecting and restoring bee populations to ensure the sustainability of agriculture and ecosystems. These efforts are deemed necessary to safeguard the vital role bees play in agriculture and the environment, highlighting the importance of bees not only for their pollination services which are crucial for the production of many crops but also for maintaining the balance within natural ecosystems. Through various strategies and initiatives, conservationists aim to address the challenges facing bees, thereby securing their future and, by extension, the future of human food supplies and natural biodiversity. CONSERVATION EFFORTS. BEES The use of pesticides is harmful to bees, contributing to their decline PESTICIDE USE. BEES Bees play a crucial role in the pollination of apples, necessary for fruit production APPLES. BEES Bees pollinate wild plants, ensuring their reproduction and contributing to ecosystem health WILD PLANTS. BEES Bees are vital for cherry pollination, impacting fruit yield and quality CHERRIES. BEES Bees are essential for the pollination of crops, which is critical for agricultural produce AGRICULTURAL PRODUCE. BEES The decline of bee populations poses a significant threat to food security by affecting crop production. Bees play a crucial role in pollinating many of the crops that make up a large portion of the world's food supply. Therefore, their decreasing numbers are a cause for concern regarding the sustainability of global food production. This situation underscores the interconnectedness of bees and food security, highlighting the importance of addressing the factors contributing to the decline in bee populations to ensure the stability of food resources worldwide. FOOD SECURITY. BEES Implementing sustainable farming practices is crucial for the support and recovery of bee populations SUSTAINABLE FARMING PRACTICES. BEES Bees support biodiversity through their pollination activities BIODIVERSITY. BEES Bees are essential for the pollination of almonds, without which almonds would not produce fruit ALMONDS. CONSERVATION EFFORTS Protecting bees through conservation efforts supports biodiversity BIODIVERSITY. FOOD SECURITY Conservation efforts to protect bees directly impact food security by ensuring sustainable food production CONSERVATION EFFORTS. BEES Bees perform pollination, which is crucial for the fertilization and production of seeds and fruits in agriculture POLLINATION. BEES Bees contribute significantly to the pollination of blueberries, affecting their fruit production BLUEBERRIES. BEES Climate change affects bees by altering the environments they depend on for survival CLIMATE CHANGE. BEES Diseases among bee populations lead to their decline, affecting their numbers and health DISEASES. AGRICULTURE Pollination, performed by bees, is vital for the success of crop production in agriculture POLLINATION. AGRICULTURE Pollination, performed by bees, is vital for the success of crop production in agriculture POLLINATION. FOOD SECURITY Conservation efforts to protect bees directly impact food security by ensuring sustainable food production CONSERVATION EFFORTS. CONSERVATION EFFORTS Protecting bees through conservation efforts supports biodiversity BIODIVERSITY.",
    "evaluation": 0
  },
  {
    "correct_answer": "Bee pollination services have immense economic value.",
    "retrieved_context": "BEES Habitat loss directly impacts bee populations by reducing their natural living spaces HABITAT LOSS. BEES Bees are responsible for the pollination of crops in agriculture, which is essential for the production of food AGRICULTURE. BEES Conservation efforts for bees are focused on protecting and restoring bee populations to ensure the sustainability of agriculture and ecosystems. These efforts are deemed necessary to safeguard the vital role bees play in agriculture and the environment, highlighting the importance of bees not only for their pollination services which are crucial for the production of many crops but also for maintaining the balance within natural ecosystems. Through various strategies and initiatives, conservationists aim to address the challenges facing bees, thereby securing their future and, by extension, the future of human food supplies and natural biodiversity. CONSERVATION EFFORTS. BEES The use of pesticides is harmful to bees, contributing to their decline PESTICIDE USE. BEES Bees play a crucial role in the pollination of apples, necessary for fruit production APPLES. BEES Bees pollinate wild plants, ensuring their reproduction and contributing to ecosystem health WILD PLANTS. BEES Bees are vital for cherry pollination, impacting fruit yield and quality CHERRIES. BEES Bees are essential for the pollination of crops, which is critical for agricultural produce AGRICULTURAL PRODUCE. BEES The decline of bee populations poses a significant threat to food security by affecting crop production. Bees play a crucial role in pollinating many of the crops that make up a large portion of the world's food supply. Therefore, their decreasing numbers are a cause for concern regarding the sustainability of global food production. This situation underscores the interconnectedness of bees and food security, highlighting the importance of addressing the factors contributing to the decline in bee populations to ensure the stability of food resources worldwide. FOOD SECURITY. BEES Implementing sustainable farming practices is crucial for the support and recovery of bee populations SUSTAINABLE FARMING PRACTICES. BEES Bees support biodiversity through their pollination activities BIODIVERSITY. BEES Bees are essential for the pollination of almonds, without which almonds would not produce fruit ALMONDS. CONSERVATION EFFORTS Protecting bees through conservation efforts supports biodiversity BIODIVERSITY. FOOD SECURITY Conservation efforts to protect bees directly impact food security by ensuring sustainable food production CONSERVATION EFFORTS. BEES Bees perform pollination, which is crucial for the fertilization and production of seeds and fruits in agriculture POLLINATION. BEES Bees contribute significantly to the pollination of blueberries, affecting their fruit production BLUEBERRIES. BEES Climate change affects bees by altering the environments they depend on for survival CLIMATE CHANGE. BEES Diseases among bee populations lead to their decline, affecting their numbers and health DISEASES. AGRICULTURE Pollination, performed by bees, is vital for the success of crop production in agriculture POLLINATION. AGRICULTURE Pollination, performed by bees, is vital for the success of crop production in agriculture POLLINATION. FOOD SECURITY Conservation efforts to protect bees directly impact food security by ensuring sustainable food production CONSERVATION EFFORTS. CONSERVATION EFFORTS Protecting bees through conservation efforts supports biodiversity BIODIVERSITY.",
    "evaluation": 1
  },
  {
    "correct_answer": "Bees help maintain biodiversity and ecosystem stability.",
    "retrieved_context": "BEES Habitat loss directly impacts bee populations by reducing their natural living spaces HABITAT LOSS. BEES Bees are responsible for the pollination of crops in agriculture, which is essential for the production of food AGRICULTURE. BEES Conservation efforts for bees are focused on protecting and restoring bee populations to ensure the sustainability of agriculture and ecosystems. These efforts are deemed necessary to safeguard the vital role bees play in agriculture and the environment, highlighting the importance of bees not only for their pollination services which are crucial for the production of many crops but also for maintaining the balance within natural ecosystems. Through various strategies and initiatives, conservationists aim to address the challenges facing bees, thereby securing their future and, by extension, the future of human food supplies and natural biodiversity. CONSERVATION EFFORTS. BEES The use of pesticides is harmful to bees, contributing to their decline PESTICIDE USE. BEES Bees play a crucial role in the pollination of apples, necessary for fruit production APPLES. BEES Bees pollinate wild plants, ensuring their reproduction and contributing to ecosystem health WILD PLANTS. BEES Bees are vital for cherry pollination, impacting fruit yield and quality CHERRIES. BEES Bees are essential for the pollination of crops, which is critical for agricultural produce AGRICULTURAL PRODUCE. BEES The decline of bee populations poses a significant threat to food security by affecting crop production. Bees play a crucial role in pollinating many of the crops that make up a large portion of the world's food supply. Therefore, their decreasing numbers are a cause for concern regarding the sustainability of global food production. This situation underscores the interconnectedness of bees and food security, highlighting the importance of addressing the factors contributing to the decline in bee populations to ensure the stability of food resources worldwide. FOOD SECURITY. BEES Implementing sustainable farming practices is crucial for the support and recovery of bee populations SUSTAINABLE FARMING PRACTICES. BEES Bees support biodiversity through their pollination activities BIODIVERSITY. BEES Bees are essential for the pollination of almonds, without which almonds would not produce fruit ALMONDS. CONSERVATION EFFORTS Protecting bees through conservation efforts supports biodiversity BIODIVERSITY. FOOD SECURITY Conservation efforts to protect bees directly impact food security by ensuring sustainable food production CONSERVATION EFFORTS. BEES Bees perform pollination, which is crucial for the fertilization and production of seeds and fruits in agriculture POLLINATION. BEES Bees contribute significantly to the pollination of blueberries, affecting their fruit production BLUEBERRIES. BEES Climate change affects bees by altering the environments they depend on for survival CLIMATE CHANGE. BEES Diseases among bee populations lead to their decline, affecting their numbers and health DISEASES. AGRICULTURE Pollination, performed by bees, is vital for the success of crop production in agriculture POLLINATION. CONSERVATION EFFORTS Protecting bees through conservation efforts supports biodiversity BIODIVERSITY. FOOD SECURITY Conservation efforts to protect bees directly impact food security by ensuring sustainable food production CONSERVATION EFFORTS. CONSERVATION EFFORTS Protecting bees through conservation efforts supports biodiversity BIODIVERSITY.",
    "evaluation": 1
  },
  {
    "correct_answer": "The decline of bee populations poses a threat to food security.",
    "retrieved_context": "FOOD SECURITY Conservation efforts to protect bees directly impact food security by ensuring sustainable food production CONSERVATION EFFORTS. CONSERVATION EFFORTS Protecting bees through conservation efforts supports biodiversity BIODIVERSITY. BEES Habitat loss directly impacts bee populations by reducing their natural living spaces HABITAT LOSS. BEES Bees are responsible for the pollination of crops in agriculture, which is essential for the production of food AGRICULTURE. BEES Conservation efforts for bees are focused on protecting and restoring bee populations to ensure the sustainability of agriculture and ecosystems. These efforts are deemed necessary to safeguard the vital role bees play in agriculture and the environment, highlighting the importance of bees not only for their pollination services which are crucial for the production of many crops but also for maintaining the balance within natural ecosystems. Through various strategies and initiatives, conservationists aim to address the challenges facing bees, thereby securing their future and, by extension, the future of human food supplies and natural biodiversity. CONSERVATION EFFORTS. BEES The use of pesticides is harmful to bees, contributing to their decline PESTICIDE USE. BEES Bees play a crucial role in the pollination of apples, necessary for fruit production APPLES. BEES Bees pollinate wild plants, ensuring their reproduction and contributing to ecosystem health WILD PLANTS. BEES Bees are vital for cherry pollination, impacting fruit yield and quality CHERRIES. BEES Bees are essential for the pollination of crops, which is critical for agricultural produce AGRICULTURAL PRODUCE. BEES The decline of bee populations poses a significant threat to food security by affecting crop production. Bees play a crucial role in pollinating many of the crops that make up a large portion of the world's food supply. Therefore, their decreasing numbers are a cause for concern regarding the sustainability of global food production. This situation underscores the interconnectedness of bees and food security, highlighting the importance of addressing the factors contributing to the decline in bee populations to ensure the stability of food resources worldwide. FOOD SECURITY. BEES Implementing sustainable farming practices is crucial for the support and recovery of bee populations SUSTAINABLE FARMING PRACTICES. BEES Bees support biodiversity through their pollination activities BIODIVERSITY. BEES Bees are essential for the pollination of almonds, without which almonds would not produce fruit ALMONDS. CONSERVATION EFFORTS Protecting bees through conservation efforts supports biodiversity BIODIVERSITY. FOOD SECURITY Conservation efforts to protect bees directly impact food security by ensuring sustainable food production CONSERVATION EFFORTS. BEES Bees perform pollination, which is crucial for the fertilization and production of seeds and fruits in agriculture POLLINATION. BEES Bees contribute significantly to the pollination of blueberries, affecting their fruit production BLUEBERRIES. BEES Climate change affects bees by altering the environments they depend on for survival CLIMATE CHANGE. BEES Diseases among bee populations lead to their decline, affecting their numbers and health DISEASES. AGRICULTURE Pollination, performed by bees, is vital for the success of crop production in agriculture POLLINATION. AGRICULTURE Pollination, performed by bees, is vital for the success of crop production in agriculture POLLINATION. CONSERVATION EFFORTS Protecting bees through conservation efforts supports biodiversity BIODIVERSITY.",
    "evaluation": 1
  },
  {
    "correct_answer": "Factors contributing to bee decline include habitat loss, pesticide use, and climate change.",
    "retrieved_context": "BEES Habitat loss directly impacts bee populations by reducing their natural living spaces HABITAT LOSS. BEES Bees are responsible for the pollination of crops in agriculture, which is essential for the production of food AGRICULTURE. BEES Conservation efforts for bees are focused on protecting and restoring bee populations to ensure the sustainability of agriculture and ecosystems. These efforts are deemed necessary to safeguard the vital role bees play in agriculture and the environment, highlighting the importance of bees not only for their pollination services which are crucial for the production of many crops but also for maintaining the balance within natural ecosystems. Through various strategies and initiatives, conservationists aim to address the challenges facing bees, thereby securing their future and, by extension, the future of human food supplies and natural biodiversity. CONSERVATION EFFORTS. BEES The use of pesticides is harmful to bees, contributing to their decline PESTICIDE USE. BEES Bees play a crucial role in the pollination of apples, necessary for fruit production APPLES. BEES Bees pollinate wild plants, ensuring their reproduction and contributing to ecosystem health WILD PLANTS. BEES Bees are vital for cherry pollination, impacting fruit yield and quality CHERRIES. BEES Bees are essential for the pollination of crops, which is critical for agricultural produce AGRICULTURAL PRODUCE. BEES The decline of bee populations poses a significant threat to food security by affecting crop production. Bees play a crucial role in pollinating many of the crops that make up a large portion of the world's food supply. Therefore, their decreasing numbers are a cause for concern regarding the sustainability of global food production. This situation underscores the interconnectedness of bees and food security, highlighting the importance of addressing the factors contributing to the decline in bee populations to ensure the stability of food resources worldwide. FOOD SECURITY. BEES Implementing sustainable farming practices is crucial for the support and recovery of bee populations SUSTAINABLE FARMING PRACTICES. BEES Bees support biodiversity through their pollination activities BIODIVERSITY. BEES Bees are essential for the pollination of almonds, without which almonds would not produce fruit ALMONDS. CONSERVATION EFFORTS Protecting bees through conservation efforts supports biodiversity BIODIVERSITY. FOOD SECURITY Conservation efforts to protect bees directly impact food security by ensuring sustainable food production CONSERVATION EFFORTS. BEES Bees perform pollination, which is crucial for the fertilization and production of seeds and fruits in agriculture POLLINATION. BEES Bees contribute significantly to the pollination of blueberries, affecting their fruit production BLUEBERRIES. BEES Climate change affects bees by altering the environments they depend on for survival CLIMATE CHANGE. BEES Diseases among bee populations lead to their decline, affecting their numbers and health DISEASES. AGRICULTURE Pollination, performed by bees, is vital for the success of crop production in agriculture POLLINATION. CONSERVATION EFFORTS Protecting bees through conservation efforts supports biodiversity BIODIVERSITY.",
    "evaluation": 1
  },
  {
    "correct_answer": "Conservation efforts are needed to protect and restore bee habitats.",
    "retrieved_context": "CONSERVATION EFFORTS Protecting bees through conservation efforts supports biodiversity BIODIVERSITY. BEES Habitat loss directly impacts bee populations by reducing their natural living spaces HABITAT LOSS. BEES Bees are responsible for the pollination of crops in agriculture, which is essential for the production of food AGRICULTURE. BEES Conservation efforts for bees are focused on protecting and restoring bee populations to ensure the sustainability of agriculture and ecosystems. These efforts are deemed necessary to safeguard the vital role bees play in agriculture and the environment, highlighting the importance of bees not only for their pollination services which are crucial for the production of many crops but also for maintaining the balance within natural ecosystems. Through various strategies and initiatives, conservationists aim to address the challenges facing bees, thereby securing their future and, by extension, the future of human food supplies and natural biodiversity. CONSERVATION EFFORTS. BEES The use of pesticides is harmful to bees, contributing to their decline PESTICIDE USE. BEES Bees play a crucial role in the pollination of apples, necessary for fruit production APPLES. BEES Bees pollinate wild plants, ensuring their reproduction and contributing to ecosystem health WILD PLANTS. BEES Bees are vital for cherry pollination, impacting fruit yield and quality CHERRIES. BEES Bees are essential for the pollination of crops, which is critical for agricultural produce AGRICULTURAL PRODUCE. BEES The decline of bee populations poses a significant threat to food security by affecting crop production. Bees play a crucial role in pollinating many of the crops that make up a large portion of the world's food supply. Therefore, their decreasing numbers are a cause for concern regarding the sustainability of global food production. This situation underscores the interconnectedness of bees and food security, highlighting the importance of addressing the factors contributing to the decline in bee populations to ensure the stability of food resources worldwide. FOOD SECURITY. BEES Implementing sustainable farming practices is crucial for the support and recovery of bee populations SUSTAINABLE FARMING PRACTICES. BEES Bees support biodiversity through their pollination activities BIODIVERSITY. BEES Bees are essential for the pollination of almonds, without which almonds would not produce fruit ALMONDS. CONSERVATION EFFORTS Protecting bees through conservation efforts supports biodiversity BIODIVERSITY. FOOD SECURITY Conservation efforts to protect bees directly impact food security by ensuring sustainable food production CONSERVATION EFFORTS. BEES Bees perform pollination, which is crucial for the fertilization and production of seeds and fruits in agriculture POLLINATION. BEES Bees contribute significantly to the pollination of blueberries, affecting their fruit production BLUEBERRIES. BEES Climate change affects bees by altering the environments they depend on for survival CLIMATE CHANGE. BEES Diseases among bee populations lead to their decline, affecting their numbers and health DISEASES. AGRICULTURE Pollination, performed by bees, is vital for the success of crop production in agriculture POLLINATION. FOOD SECURITY Conservation efforts to protect bees directly impact food security by ensuring sustainable food production CONSERVATION EFFORTS. CONSERVATION EFFORTS Protecting bees through conservation efforts supports biodiversity BIODIVERSITY.",
    "evaluation": 1
  },
  {
    "correct_answer": "Farmers can support bee populations by planting bee-friendly flowers.",
    "retrieved_context": "BEES Habitat loss directly impacts bee populations by reducing their natural living spaces HABITAT LOSS. BEES Bees are responsible for the pollination of crops in agriculture, which is essential for the production of food AGRICULTURE. BEES Conservation efforts for bees are focused on protecting and restoring bee populations to ensure the sustainability of agriculture and ecosystems. These efforts are deemed necessary to safeguard the vital role bees play in agriculture and the environment, highlighting the importance of bees not only for their pollination services which are crucial for the production of many crops but also for maintaining the balance within natural ecosystems. Through various strategies and initiatives, conservationists aim to address the challenges facing bees, thereby securing their future and, by extension, the future of human food supplies and natural biodiversity. CONSERVATION EFFORTS. BEES The use of pesticides is harmful to bees, contributing to their decline PESTICIDE USE. BEES Bees play a crucial role in the pollination of apples, necessary for fruit production APPLES. BEES Bees pollinate wild plants, ensuring their reproduction and contributing to ecosystem health WILD PLANTS. BEES Bees are vital for cherry pollination, impacting fruit yield and quality CHERRIES. BEES Bees are essential for the pollination of crops, which is critical for agricultural produce AGRICULTURAL PRODUCE. BEES The decline of bee populations poses a significant threat to food security by affecting crop production. Bees play a crucial role in pollinating many of the crops that make up a large portion of the world's food supply. Therefore, their decreasing numbers are a cause for concern regarding the sustainability of global food production. This situation underscores the interconnectedness of bees and food security, highlighting the importance of addressing the factors contributing to the decline in bee populations to ensure the stability of food resources worldwide. FOOD SECURITY. BEES Implementing sustainable farming practices is crucial for the support and recovery of bee populations SUSTAINABLE FARMING PRACTICES. BEES Bees support biodiversity through their pollination activities BIODIVERSITY. BEES Bees are essential for the pollination of almonds, without which almonds would not produce fruit ALMONDS. CONSERVATION EFFORTS Protecting bees through conservation efforts supports biodiversity BIODIVERSITY. FOOD SECURITY Conservation efforts to protect bees directly impact food security by ensuring sustainable food production CONSERVATION EFFORTS. BEES Bees perform pollination, which is crucial for the fertilization and production of seeds and fruits in agriculture POLLINATION. BEES Bees contribute significantly to the pollination of blueberries, affecting their fruit production BLUEBERRIES. BEES Climate change affects bees by altering the environments they depend on for survival CLIMATE CHANGE. BEES Diseases among bee populations lead to their decline, affecting their numbers and health DISEASES. AGRICULTURE Pollination, performed by bees, is vital for the success of crop production in agriculture POLLINATION. AGRICULTURE Pollination, performed by bees, is vital for the success of crop production in agriculture POLLINATION. CONSERVATION EFFORTS Protecting bees through conservation efforts supports biodiversity BIODIVERSITY.",
    "evaluation": 0
  },
  {
    "correct_answer": "Governments can promote bee conservation through legislation and incentives.",
    "retrieved_context": "CONSERVATION EFFORTS Protecting bees through conservation efforts supports biodiversity BIODIVERSITY. BEES Habitat loss directly impacts bee populations by reducing their natural living spaces HABITAT LOSS. BEES Bees are responsible for the pollination of crops in agriculture, which is essential for the production of food AGRICULTURE. BEES Conservation efforts for bees are focused on protecting and restoring bee populations to ensure the sustainability of agriculture and ecosystems. These efforts are deemed necessary to safeguard the vital role bees play in agriculture and the environment, highlighting the importance of bees not only for their pollination services which are crucial for the production of many crops but also for maintaining the balance within natural ecosystems. Through various strategies and initiatives, conservationists aim to address the challenges facing bees, thereby securing their future and, by extension, the future of human food supplies and natural biodiversity. CONSERVATION EFFORTS. BEES The use of pesticides is harmful to bees, contributing to their decline PESTICIDE USE. BEES Bees play a crucial role in the pollination of apples, necessary for fruit production APPLES. BEES Bees pollinate wild plants, ensuring their reproduction and contributing to ecosystem health WILD PLANTS. BEES Bees are vital for cherry pollination, impacting fruit yield and quality CHERRIES. BEES Bees are essential for the pollination of crops, which is critical for agricultural produce AGRICULTURAL PRODUCE. BEES The decline of bee populations poses a significant threat to food security by affecting crop production. Bees play a crucial role in pollinating many of the crops that make up a large portion of the world's food supply. Therefore, their decreasing numbers are a cause for concern regarding the sustainability of global food production. This situation underscores the interconnectedness of bees and food security, highlighting the importance of addressing the factors contributing to the decline in bee populations to ensure the stability of food resources worldwide. FOOD SECURITY. BEES Implementing sustainable farming practices is crucial for the support and recovery of bee populations SUSTAINABLE FARMING PRACTICES. BEES Bees support biodiversity through their pollination activities BIODIVERSITY. BEES Bees are essential for the pollination of almonds, without which almonds would not produce fruit ALMONDS. CONSERVATION EFFORTS Protecting bees through conservation efforts supports biodiversity BIODIVERSITY. FOOD SECURITY Conservation efforts to protect bees directly impact food security by ensuring sustainable food production CONSERVATION EFFORTS. BEES Bees perform pollination, which is crucial for the fertilization and production of seeds and fruits in agriculture POLLINATION. BEES Bees contribute significantly to the pollination of blueberries, affecting their fruit production BLUEBERRIES. BEES Climate change affects bees by altering the environments they depend on for survival CLIMATE CHANGE. BEES Diseases among bee populations lead to their decline, affecting their numbers and health DISEASES. AGRICULTURE Pollination, performed by bees, is vital for the success of crop production in agriculture POLLINATION. AGRICULTURE Pollination, performed by bees, is vital for the success of crop production in agriculture POLLINATION. FOOD SECURITY Conservation efforts to protect bees directly impact food security by ensuring sustainable food production CONSERVATION EFFORTS. CONSERVATION EFFORTS Protecting bees through conservation efforts supports biodiversity BIODIVERSITY.",
    "evaluation": 0
  },
  {
    "correct_answer": "Recognizing the importance of bees in agriculture is crucial for a sustainable future.",
    "retrieved_context": "BEES Habitat loss directly impacts bee populations by reducing their natural living spaces HABITAT LOSS. BEES Bees are responsible for the pollination of crops in agriculture, which is essential for the production of food AGRICULTURE. BEES Conservation efforts for bees are focused on protecting and restoring bee populations to ensure the sustainability of agriculture and ecosystems. These efforts are deemed necessary to safeguard the vital role bees play in agriculture and the environment, highlighting the importance of bees not only for their pollination services which are crucial for the production of many crops but also for maintaining the balance within natural ecosystems. Through various strategies and initiatives, conservationists aim to address the challenges facing bees, thereby securing their future and, by extension, the future of human food supplies and natural biodiversity. CONSERVATION EFFORTS. BEES The use of pesticides is harmful to bees, contributing to their decline PESTICIDE USE. BEES Bees play a crucial role in the pollination of apples, necessary for fruit production APPLES. BEES Bees pollinate wild plants, ensuring their reproduction and contributing to ecosystem health WILD PLANTS. BEES Bees are vital for cherry pollination, impacting fruit yield and quality CHERRIES. BEES Bees are essential for the pollination of crops, which is critical for agricultural produce AGRICULTURAL PRODUCE. BEES The decline of bee populations poses a significant threat to food security by affecting crop production. Bees play a crucial role in pollinating many of the crops that make up a large portion of the world's food supply. Therefore, their decreasing numbers are a cause for concern regarding the sustainability of global food production. This situation underscores the interconnectedness of bees and food security, highlighting the importance of addressing the factors contributing to the decline in bee populations to ensure the stability of food resources worldwide. FOOD SECURITY. BEES Implementing sustainable farming practices is crucial for the support and recovery of bee populations SUSTAINABLE FARMING PRACTICES. BEES Bees support biodiversity through their pollination activities BIODIVERSITY. BEES Bees are essential for the pollination of almonds, without which almonds would not produce fruit ALMONDS. CONSERVATION EFFORTS Protecting bees through conservation efforts supports biodiversity BIODIVERSITY. FOOD SECURITY Conservation efforts to protect bees directly impact food security by ensuring sustainable food production CONSERVATION EFFORTS. BEES Bees perform pollination, which is crucial for the fertilization and production of seeds and fruits in agriculture POLLINATION. BEES Bees contribute significantly to the pollination of blueberries, affecting their fruit production BLUEBERRIES. BEES Climate change affects bees by altering the environments they depend on for survival CLIMATE CHANGE. BEES Diseases among bee populations lead to their decline, affecting their numbers and health DISEASES. AGRICULTURE Pollination, performed by bees, is vital for the success of crop production in agriculture POLLINATION. AGRICULTURE Pollination, performed by bees, is vital for the success of crop production in agriculture POLLINATION. FOOD SECURITY Conservation efforts to protect bees directly impact food security by ensuring sustainable food production CONSERVATION EFFORTS. CONSERVATION EFFORTS Protecting bees through conservation efforts supports biodiversity BIODIVERSITY.",
    "evaluation": 1
  },
  {
    "accuracy": "73.33%"
  }
]