[
  {
    "correct_answer": "Smell is also known as olfaction.",
    "retrieved_context": "OLFACTORY EPITHELIUM The nasal cavity houses the olfactory epithelium where olfactory receptors are located NASAL CAVITY. OLFACTORY RECEPTORS The nose, through the nasal cavity, contains olfactory receptors for detecting smells NOSE. BRAIN The human body's brain processes and interprets signals from the olfactory system as specific smells HUMAN BODY. NOSE The nose is an organ of the human body specifically adapted for the sense of smell HUMAN BODY. OLFACTORY RECEPTORS Olfactory receptors are located within the olfactory epithelium OLFACTORY EPITHELIUM. OLFACTORY RECEPTORS Olfactory receptors send signals to the brain to be interpreted as smells BRAIN. OLFACTORY EPITHELIUM The nasal cavity houses the olfactory epithelium where olfactory receptors are located NASAL CAVITY. NASAL CAVITY The nasal cavity is a part of the nose which plays a crucial role in the sense of smell NOSE. OLFACTORY RECEPTORS The nose, through the nasal cavity, contains olfactory receptors for detecting smells NOSE. ODOR MOLECULES Odor molecules bind to olfactory receptors to initiate the sense of smell OLFACTORY RECEPTORS. BRAIN The human body's brain processes and interprets signals from the olfactory system as specific smells HUMAN BODY. ODOR MOLECULES Odor molecules enter the nasal cavity through the nostrils to begin the process of smell NASAL CAVITY. OLFACTORY RECEPTORS Olfactory receptors are located within the olfactory epithelium OLFACTORY EPITHELIUM. NASAL CAVITY The nasal cavity is a part of the nose which plays a crucial role in the sense of smell NOSE. OLFACTORY RECEPTORS Olfactory receptors send signals to the brain to be interpreted as smells BRAIN. ODOR MOLECULES Odor molecules indirectly cause the brain to recognize smells through the process involving olfactory receptors BRAIN. AROMATHERAPY Peppermint is used in aromatherapy to enhance focus, demonstrating the use of scent for improving psychological and physical states PEPPERMINT. AROMATHERAPY Lavender is used in aromatherapy to aid in relaxation, showcasing the application of scent for psychological well-being LAVENDER. FRAGRANCE INDUSTRY The fragrance industry tailors scents to align with cultural preferences and enhance social interactions CULTURE AND SOCIAL INTERACTIONS. NOSE The nose is an organ of the human body specifically adapted for the sense of smell HUMAN BODY. NOSE The nose is an organ of the human body specifically adapted for the sense of smell HUMAN BODY. NASAL CAVITY The nasal cavity is a part of the nose which plays a crucial role in the sense of smell NOSE.",
    "evaluation": 0
  },
  {
    "correct_answer": "Smell influences emotions, memories, and behavior.",
    "retrieved_context": "OLFACTORY EPITHELIUM The nasal cavity houses the olfactory epithelium where olfactory receptors are located NASAL CAVITY. OLFACTORY RECEPTORS The nose, through the nasal cavity, contains olfactory receptors for detecting smells NOSE. BRAIN The human body's brain processes and interprets signals from the olfactory system as specific smells HUMAN BODY. NOSE The nose is an organ of the human body specifically adapted for the sense of smell HUMAN BODY. OLFACTORY RECEPTORS Olfactory receptors are located within the olfactory epithelium OLFACTORY EPITHELIUM. OLFACTORY RECEPTORS Olfactory receptors send signals to the brain to be interpreted as smells BRAIN. OLFACTORY RECEPTORS The nose, through the nasal cavity, contains olfactory receptors for detecting smells NOSE. ODOR MOLECULES Odor molecules bind to olfactory receptors to initiate the sense of smell OLFACTORY RECEPTORS. BRAIN The human body's brain processes and interprets signals from the olfactory system as specific smells HUMAN BODY. ODOR MOLECULES Odor molecules enter the nasal cavity through the nostrils to begin the process of smell NASAL CAVITY. OLFACTORY RECEPTORS Olfactory receptors are located within the olfactory epithelium OLFACTORY EPITHELIUM. NASAL CAVITY The nasal cavity is a part of the nose which plays a crucial role in the sense of smell NOSE. OLFACTORY RECEPTORS Olfactory receptors send signals to the brain to be interpreted as smells BRAIN. ODOR MOLECULES Odor molecules indirectly cause the brain to recognize smells through the process involving olfactory receptors BRAIN. OLFACTORY EPITHELIUM The nasal cavity houses the olfactory epithelium where olfactory receptors are located NASAL CAVITY. NASAL CAVITY The nasal cavity is a part of the nose which plays a crucial role in the sense of smell NOSE. AROMATHERAPY Peppermint is used in aromatherapy to enhance focus, demonstrating the use of scent for improving psychological and physical states PEPPERMINT. AROMATHERAPY Lavender is used in aromatherapy to aid in relaxation, showcasing the application of scent for psychological well-being LAVENDER. FRAGRANCE INDUSTRY The fragrance industry tailors scents to align with cultural preferences and enhance social interactions CULTURE AND SOCIAL INTERACTIONS. NOSE The nose is an organ of the human body specifically adapted for the sense of smell HUMAN BODY. BRAIN The human body's brain processes and interprets signals from the olfactory system as specific smells HUMAN BODY.",
    "evaluation": 0
  },
  {
    "correct_answer": "Odor molecules enter the nasal cavity through the nostrils.",
    "retrieved_context": "OLFACTORY RECEPTORS The nose, through the nasal cavity, contains olfactory receptors for detecting smells NOSE. ODOR MOLECULES Odor molecules bind to olfactory receptors to initiate the sense of smell OLFACTORY RECEPTORS. BRAIN The human body's brain processes and interprets signals from the olfactory system as specific smells HUMAN BODY. ODOR MOLECULES Odor molecules enter the nasal cavity through the nostrils to begin the process of smell NASAL CAVITY. OLFACTORY RECEPTORS Olfactory receptors are located within the olfactory epithelium OLFACTORY EPITHELIUM. NASAL CAVITY The nasal cavity is a part of the nose which plays a crucial role in the sense of smell NOSE. OLFACTORY RECEPTORS Olfactory receptors send signals to the brain to be interpreted as smells BRAIN. ODOR MOLECULES Odor molecules indirectly cause the brain to recognize smells through the process involving olfactory receptors BRAIN. NOSE The nose is an organ of the human body specifically adapted for the sense of smell HUMAN BODY. NASAL CAVITY The nasal cavity is a part of the nose which plays a crucial role in the sense of smell NOSE. OLFACTORY EPITHELIUM The nasal cavity houses the olfactory epithelium where olfactory receptors are located NASAL CAVITY. OLFACTORY RECEPTORS The nose, through the nasal cavity, contains olfactory receptors for detecting smells NOSE. BRAIN The human body's brain processes and interprets signals from the olfactory system as specific smells HUMAN BODY. NOSE The nose is an organ of the human body specifically adapted for the sense of smell HUMAN BODY. OLFACTORY RECEPTORS Olfactory receptors are located within the olfactory epithelium OLFACTORY EPITHELIUM. OLFACTORY RECEPTORS Olfactory receptors send signals to the brain to be interpreted as smells BRAIN. OLFACTORY EPITHELIUM The nasal cavity houses the olfactory epithelium where olfactory receptors are located NASAL CAVITY. NASAL CAVITY The nasal cavity is a part of the nose which plays a crucial role in the sense of smell NOSE. NOSE The nose is an organ of the human body specifically adapted for the sense of smell HUMAN BODY. FRAGRANCE INDUSTRY The fragrance industry tailors scents to align with cultural preferences and enhance social interactions CULTURE AND SOCIAL INTERACTIONS. AROMATHERAPY Peppermint is used in aromatherapy to enhance focus, demonstrating the use of scent for improving psychological and physical states PEPPERMINT. AROMATHERAPY Lavender is used in aromatherapy to aid in relaxation, showcasing the application of scent for psychological well-being LAVENDER.",
    "evaluation": 1
  },
  {
    "correct_answer": "Olfactory receptors are located in the olfactory epithelium.",
    "retrieved_context": "OLFACTORY EPITHELIUM The nasal cavity houses the olfactory epithelium where olfactory receptors are located NASAL CAVITY. OLFACTORY RECEPTORS The nose, through the nasal cavity, contains olfactory receptors for detecting smells NOSE. BRAIN The human body's brain processes and interprets signals from the olfactory system as specific smells HUMAN BODY. NOSE The nose is an organ of the human body specifically adapted for the sense of smell HUMAN BODY. OLFACTORY RECEPTORS Olfactory receptors are located within the olfactory epithelium OLFACTORY EPITHELIUM. OLFACTORY RECEPTORS Olfactory receptors send signals to the brain to be interpreted as smells BRAIN. OLFACTORY EPITHELIUM The nasal cavity houses the olfactory epithelium where olfactory receptors are located NASAL CAVITY. NASAL CAVITY The nasal cavity is a part of the nose which plays a crucial role in the sense of smell NOSE. OLFACTORY RECEPTORS The nose, through the nasal cavity, contains olfactory receptors for detecting smells NOSE. ODOR MOLECULES Odor molecules bind to olfactory receptors to initiate the sense of smell OLFACTORY RECEPTORS. BRAIN The human body's brain processes and interprets signals from the olfactory system as specific smells HUMAN BODY. ODOR MOLECULES Odor molecules enter the nasal cavity through the nostrils to begin the process of smell NASAL CAVITY. OLFACTORY RECEPTORS Olfactory receptors are located within the olfactory epithelium OLFACTORY EPITHELIUM. NASAL CAVITY The nasal cavity is a part of the nose which plays a crucial role in the sense of smell NOSE. OLFACTORY RECEPTORS Olfactory receptors send signals to the brain to be interpreted as smells BRAIN. ODOR MOLECULES Odor molecules indirectly cause the brain to recognize smells through the process involving olfactory receptors BRAIN. NOSE The nose is an organ of the human body specifically adapted for the sense of smell HUMAN BODY. NASAL CAVITY The nasal cavity is a part of the nose which plays a crucial role in the sense of smell NOSE. FRAGRANCE INDUSTRY The fragrance industry tailors scents to align with cultural preferences and enhance social interactions CULTURE AND SOCIAL INTERACTIONS. NOSE The nose is an organ of the human body specifically adapted for the sense of smell HUMAN BODY. AROMATHERAPY Peppermint is used in aromatherapy to enhance focus, demonstrating the use of scent for improving psychological and physical states PEPPERMINT. AROMATHERAPY Lavender is used in aromatherapy to aid in relaxation, showcasing the application of scent for psychological well-being LAVENDER. BRAIN The human body's brain processes and interprets signals from the olfactory system as specific smells HUMAN BODY.",
    "evaluation": 1
  },
  {
    "correct_answer": "Each receptor is sensitive to specific odor molecules.",
    "retrieved_context": "OLFACTORY RECEPTORS The nose, through the nasal cavity, contains olfactory receptors for detecting smells NOSE. ODOR MOLECULES Odor molecules bind to olfactory receptors to initiate the sense of smell OLFACTORY RECEPTORS. BRAIN The human body's brain processes and interprets signals from the olfactory system as specific smells HUMAN BODY. ODOR MOLECULES Odor molecules enter the nasal cavity through the nostrils to begin the process of smell NASAL CAVITY. OLFACTORY RECEPTORS Olfactory receptors are located within the olfactory epithelium OLFACTORY EPITHELIUM. NASAL CAVITY The nasal cavity is a part of the nose which plays a crucial role in the sense of smell NOSE. OLFACTORY RECEPTORS Olfactory receptors send signals to the brain to be interpreted as smells BRAIN. ODOR MOLECULES Odor molecules indirectly cause the brain to recognize smells through the process involving olfactory receptors BRAIN. OLFACTORY EPITHELIUM The nasal cavity houses the olfactory epithelium where olfactory receptors are located NASAL CAVITY. OLFACTORY RECEPTORS The nose, through the nasal cavity, contains olfactory receptors for detecting smells NOSE. BRAIN The human body's brain processes and interprets signals from the olfactory system as specific smells HUMAN BODY. NOSE The nose is an organ of the human body specifically adapted for the sense of smell HUMAN BODY. OLFACTORY RECEPTORS Olfactory receptors are located within the olfactory epithelium OLFACTORY EPITHELIUM. OLFACTORY RECEPTORS Olfactory receptors send signals to the brain to be interpreted as smells BRAIN. OLFACTORY EPITHELIUM The nasal cavity houses the olfactory epithelium where olfactory receptors are located NASAL CAVITY. NASAL CAVITY The nasal cavity is a part of the nose which plays a crucial role in the sense of smell NOSE. FRAGRANCE INDUSTRY The fragrance industry tailors scents to align with cultural preferences and enhance social interactions CULTURE AND SOCIAL INTERACTIONS. AROMATHERAPY Peppermint is used in aromatherapy to enhance focus, demonstrating the use of scent for improving psychological and physical states PEPPERMINT. AROMATHERAPY Lavender is used in aromatherapy to aid in relaxation, showcasing the application of scent for psychological well-being LAVENDER. NOSE The nose is an organ of the human body specifically adapted for the sense of smell HUMAN BODY. NOSE The nose is an organ of the human body specifically adapted for the sense of smell HUMAN BODY. NASAL CAVITY The nasal cavity is a part of the nose which plays a crucial role in the sense of smell NOSE.",
    "evaluation": 0
  },
  {
    "correct_answer": "Odor molecules trigger chemical reactions in the brain.",
    "retrieved_context": "OLFACTORY RECEPTORS The nose, through the nasal cavity, contains olfactory receptors for detecting smells NOSE. ODOR MOLECULES Odor molecules bind to olfactory receptors to initiate the sense of smell OLFACTORY RECEPTORS. BRAIN The human body's brain processes and interprets signals from the olfactory system as specific smells HUMAN BODY. ODOR MOLECULES Odor molecules enter the nasal cavity through the nostrils to begin the process of smell NASAL CAVITY. OLFACTORY RECEPTORS Olfactory receptors are located within the olfactory epithelium OLFACTORY EPITHELIUM. NASAL CAVITY The nasal cavity is a part of the nose which plays a crucial role in the sense of smell NOSE. OLFACTORY RECEPTORS Olfactory receptors send signals to the brain to be interpreted as smells BRAIN. ODOR MOLECULES Odor molecules indirectly cause the brain to recognize smells through the process involving olfactory receptors BRAIN. OLFACTORY EPITHELIUM The nasal cavity houses the olfactory epithelium where olfactory receptors are located NASAL CAVITY. OLFACTORY RECEPTORS The nose, through the nasal cavity, contains olfactory receptors for detecting smells NOSE. BRAIN The human body's brain processes and interprets signals from the olfactory system as specific smells HUMAN BODY. NOSE The nose is an organ of the human body specifically adapted for the sense of smell HUMAN BODY. OLFACTORY RECEPTORS Olfactory receptors are located within the olfactory epithelium OLFACTORY EPITHELIUM. OLFACTORY RECEPTORS Olfactory receptors send signals to the brain to be interpreted as smells BRAIN. OLFACTORY EPITHELIUM The nasal cavity houses the olfactory epithelium where olfactory receptors are located NASAL CAVITY. NASAL CAVITY The nasal cavity is a part of the nose which plays a crucial role in the sense of smell NOSE. AROMATHERAPY Peppermint is used in aromatherapy to enhance focus, demonstrating the use of scent for improving psychological and physical states PEPPERMINT. AROMATHERAPY Lavender is used in aromatherapy to aid in relaxation, showcasing the application of scent for psychological well-being LAVENDER. BRAIN The human body's brain processes and interprets signals from the olfactory system as specific smells HUMAN BODY. FRAGRANCE INDUSTRY The fragrance industry tailors scents to align with cultural preferences and enhance social interactions CULTURE AND SOCIAL INTERACTIONS. NOSE The nose is an organ of the human body specifically adapted for the sense of smell HUMAN BODY. NASAL CAVITY The nasal cavity is a part of the nose which plays a crucial role in the sense of smell NOSE.",
    "evaluation": 0
  },
  {
    "correct_answer": "Early humans relied on smell to detect predators and find food.",
    "retrieved_context": "OLFACTORY EPITHELIUM The nasal cavity houses the olfactory epithelium where olfactory receptors are located NASAL CAVITY. OLFACTORY RECEPTORS The nose, through the nasal cavity, contains olfactory receptors for detecting smells NOSE. BRAIN The human body's brain processes and interprets signals from the olfactory system as specific smells HUMAN BODY. NOSE The nose is an organ of the human body specifically adapted for the sense of smell HUMAN BODY. OLFACTORY RECEPTORS Olfactory receptors are located within the olfactory epithelium OLFACTORY EPITHELIUM. OLFACTORY RECEPTORS Olfactory receptors send signals to the brain to be interpreted as smells BRAIN. OLFACTORY EPITHELIUM The nasal cavity houses the olfactory epithelium where olfactory receptors are located NASAL CAVITY. NASAL CAVITY The nasal cavity is a part of the nose which plays a crucial role in the sense of smell NOSE. OLFACTORY RECEPTORS The nose, through the nasal cavity, contains olfactory receptors for detecting smells NOSE. ODOR MOLECULES Odor molecules bind to olfactory receptors to initiate the sense of smell OLFACTORY RECEPTORS. BRAIN The human body's brain processes and interprets signals from the olfactory system as specific smells HUMAN BODY. ODOR MOLECULES Odor molecules enter the nasal cavity through the nostrils to begin the process of smell NASAL CAVITY. OLFACTORY RECEPTORS Olfactory receptors are located within the olfactory epithelium OLFACTORY EPITHELIUM. NASAL CAVITY The nasal cavity is a part of the nose which plays a crucial role in the sense of smell NOSE. OLFACTORY RECEPTORS Olfactory receptors send signals to the brain to be interpreted as smells BRAIN. ODOR MOLECULES Odor molecules indirectly cause the brain to recognize smells through the process involving olfactory receptors BRAIN. AROMATHERAPY Peppermint is used in aromatherapy to enhance focus, demonstrating the use of scent for improving psychological and physical states PEPPERMINT. AROMATHERAPY Lavender is used in aromatherapy to aid in relaxation, showcasing the application of scent for psychological well-being LAVENDER. FRAGRANCE INDUSTRY The fragrance industry tailors scents to align with cultural preferences and enhance social interactions CULTURE AND SOCIAL INTERACTIONS. NOSE The nose is an organ of the human body specifically adapted for the sense of smell HUMAN BODY.",
    "evaluation": 0
  },
  {
    "correct_answer": "Our sense of smell warns us of danger, like spoiled food.",
    "retrieved_context": "OLFACTORY RECEPTORS The nose, through the nasal cavity, contains olfactory receptors for detecting smells NOSE. ODOR MOLECULES Odor molecules bind to olfactory receptors to initiate the sense of smell OLFACTORY RECEPTORS. BRAIN The human body's brain processes and interprets signals from the olfactory system as specific smells HUMAN BODY. ODOR MOLECULES Odor molecules enter the nasal cavity through the nostrils to begin the process of smell NASAL CAVITY. OLFACTORY RECEPTORS Olfactory receptors are located within the olfactory epithelium OLFACTORY EPITHELIUM. NASAL CAVITY The nasal cavity is a part of the nose which plays a crucial role in the sense of smell NOSE. OLFACTORY RECEPTORS Olfactory receptors send signals to the brain to be interpreted as smells BRAIN. ODOR MOLECULES Odor molecules indirectly cause the brain to recognize smells through the process involving olfactory receptors BRAIN. OLFACTORY EPITHELIUM The nasal cavity houses the olfactory epithelium where olfactory receptors are located NASAL CAVITY. OLFACTORY RECEPTORS The nose, through the nasal cavity, contains olfactory receptors for detecting smells NOSE. BRAIN The human body's brain processes and interprets signals from the olfactory system as specific smells HUMAN BODY. NOSE The nose is an organ of the human body specifically adapted for the sense of smell HUMAN BODY. OLFACTORY RECEPTORS Olfactory receptors are located within the olfactory epithelium OLFACTORY EPITHELIUM. OLFACTORY RECEPTORS Olfactory receptors send signals to the brain to be interpreted as smells BRAIN. OLFACTORY EPITHELIUM The nasal cavity houses the olfactory epithelium where olfactory receptors are located NASAL CAVITY. NASAL CAVITY The nasal cavity is a part of the nose which plays a crucial role in the sense of smell NOSE. AROMATHERAPY Peppermint is used in aromatherapy to enhance focus, demonstrating the use of scent for improving psychological and physical states PEPPERMINT. AROMATHERAPY Lavender is used in aromatherapy to aid in relaxation, showcasing the application of scent for psychological well-being LAVENDER. FRAGRANCE INDUSTRY The fragrance industry tailors scents to align with cultural preferences and enhance social interactions CULTURE AND SOCIAL INTERACTIONS. NOSE The nose is an organ of the human body specifically adapted for the sense of smell HUMAN BODY. NOSE The nose is an organ of the human body specifically adapted for the sense of smell HUMAN BODY. NASAL CAVITY The nasal cavity is a part of the nose which plays a crucial role in the sense of smell NOSE.",
    "evaluation": 0
  },
  {
    "correct_answer": "Smells can trigger memories more vividly than other cues.",
    "retrieved_context": "OLFACTORY EPITHELIUM The nasal cavity houses the olfactory epithelium where olfactory receptors are located NASAL CAVITY. OLFACTORY RECEPTORS The nose, through the nasal cavity, contains olfactory receptors for detecting smells NOSE. BRAIN The human body's brain processes and interprets signals from the olfactory system as specific smells HUMAN BODY. NOSE The nose is an organ of the human body specifically adapted for the sense of smell HUMAN BODY. OLFACTORY RECEPTORS Olfactory receptors are located within the olfactory epithelium OLFACTORY EPITHELIUM. OLFACTORY RECEPTORS Olfactory receptors send signals to the brain to be interpreted as smells BRAIN. OLFACTORY EPITHELIUM The nasal cavity houses the olfactory epithelium where olfactory receptors are located NASAL CAVITY. NASAL CAVITY The nasal cavity is a part of the nose which plays a crucial role in the sense of smell NOSE. OLFACTORY RECEPTORS The nose, through the nasal cavity, contains olfactory receptors for detecting smells NOSE. ODOR MOLECULES Odor molecules bind to olfactory receptors to initiate the sense of smell OLFACTORY RECEPTORS. BRAIN The human body's brain processes and interprets signals from the olfactory system as specific smells HUMAN BODY. ODOR MOLECULES Odor molecules enter the nasal cavity through the nostrils to begin the process of smell NASAL CAVITY. OLFACTORY RECEPTORS Olfactory receptors are located within the olfactory epithelium OLFACTORY EPITHELIUM. NASAL CAVITY The nasal cavity is a part of the nose which plays a crucial role in the sense of smell NOSE. OLFACTORY RECEPTORS Olfactory receptors send signals to the brain to be interpreted as smells BRAIN. ODOR MOLECULES Odor molecules indirectly cause the brain to recognize smells through the process involving olfactory receptors BRAIN. AROMATHERAPY Peppermint is used in aromatherapy to enhance focus, demonstrating the use of scent for improving psychological and physical states PEPPERMINT. AROMATHERAPY Lavender is used in aromatherapy to aid in relaxation, showcasing the application of scent for psychological well-being LAVENDER. FRAGRANCE INDUSTRY The fragrance industry tailors scents to align with cultural preferences and enhance social interactions CULTURE AND SOCIAL INTERACTIONS. BRAIN The human body's brain processes and interprets signals from the olfactory system as specific smells HUMAN BODY. NOSE The nose is an organ of the human body specifically adapted for the sense of smell HUMAN BODY.",
    "evaluation": 0
  },
  {
    "correct_answer": "The limbic system is responsible for emotions and memories.",
    "retrieved_context": "BRAIN The human body's brain processes and interprets signals from the olfactory system as specific smells HUMAN BODY. OLFACTORY EPITHELIUM The nasal cavity houses the olfactory epithelium where olfactory receptors are located NASAL CAVITY. OLFACTORY RECEPTORS The nose, through the nasal cavity, contains olfactory receptors for detecting smells NOSE. BRAIN The human body's brain processes and interprets signals from the olfactory system as specific smells HUMAN BODY. NOSE The nose is an organ of the human body specifically adapted for the sense of smell HUMAN BODY. OLFACTORY RECEPTORS Olfactory receptors are located within the olfactory epithelium OLFACTORY EPITHELIUM. OLFACTORY RECEPTORS Olfactory receptors send signals to the brain to be interpreted as smells BRAIN. OLFACTORY EPITHELIUM The nasal cavity houses the olfactory epithelium where olfactory receptors are located NASAL CAVITY. NASAL CAVITY The nasal cavity is a part of the nose which plays a crucial role in the sense of smell NOSE. OLFACTORY RECEPTORS The nose, through the nasal cavity, contains olfactory receptors for detecting smells NOSE. ODOR MOLECULES Odor molecules bind to olfactory receptors to initiate the sense of smell OLFACTORY RECEPTORS. BRAIN The human body's brain processes and interprets signals from the olfactory system as specific smells HUMAN BODY. ODOR MOLECULES Odor molecules enter the nasal cavity through the nostrils to begin the process of smell NASAL CAVITY. OLFACTORY RECEPTORS Olfactory receptors are located within the olfactory epithelium OLFACTORY EPITHELIUM. NASAL CAVITY The nasal cavity is a part of the nose which plays a crucial role in the sense of smell NOSE. OLFACTORY RECEPTORS Olfactory receptors send signals to the brain to be interpreted as smells BRAIN. ODOR MOLECULES Odor molecules indirectly cause the brain to recognize smells through the process involving olfactory receptors BRAIN. AROMATHERAPY Peppermint is used in aromatherapy to enhance focus, demonstrating the use of scent for improving psychological and physical states PEPPERMINT. AROMATHERAPY Lavender is used in aromatherapy to aid in relaxation, showcasing the application of scent for psychological well-being LAVENDER.",
    "evaluation": 0
  },
  {
    "correct_answer": "Aromatherapy uses essential oils for physical and psychological well-being.",
    "retrieved_context": "AROMATHERAPY Peppermint is used in aromatherapy to enhance focus, demonstrating the use of scent for improving psychological and physical states PEPPERMINT. AROMATHERAPY Lavender is used in aromatherapy to aid in relaxation, showcasing the application of scent for psychological well-being LAVENDER. FRAGRANCE INDUSTRY The fragrance industry tailors scents to align with cultural preferences and enhance social interactions CULTURE AND SOCIAL INTERACTIONS. OLFACTORY EPITHELIUM The nasal cavity houses the olfactory epithelium where olfactory receptors are located NASAL CAVITY. OLFACTORY RECEPTORS The nose, through the nasal cavity, contains olfactory receptors for detecting smells NOSE. BRAIN The human body's brain processes and interprets signals from the olfactory system as specific smells HUMAN BODY. NOSE The nose is an organ of the human body specifically adapted for the sense of smell HUMAN BODY. OLFACTORY RECEPTORS Olfactory receptors are located within the olfactory epithelium OLFACTORY EPITHELIUM. OLFACTORY RECEPTORS Olfactory receptors send signals to the brain to be interpreted as smells BRAIN. OLFACTORY EPITHELIUM The nasal cavity houses the olfactory epithelium where olfactory receptors are located NASAL CAVITY. NASAL CAVITY The nasal cavity is a part of the nose which plays a crucial role in the sense of smell NOSE. OLFACTORY RECEPTORS The nose, through the nasal cavity, contains olfactory receptors for detecting smells NOSE. ODOR MOLECULES Odor molecules bind to olfactory receptors to initiate the sense of smell OLFACTORY RECEPTORS. BRAIN The human body's brain processes and interprets signals from the olfactory system as specific smells HUMAN BODY. ODOR MOLECULES Odor molecules enter the nasal cavity through the nostrils to begin the process of smell NASAL CAVITY. OLFACTORY RECEPTORS Olfactory receptors are located within the olfactory epithelium OLFACTORY EPITHELIUM. NASAL CAVITY The nasal cavity is a part of the nose which plays a crucial role in the sense of smell NOSE. OLFACTORY RECEPTORS Olfactory receptors send signals to the brain to be interpreted as smells BRAIN. ODOR MOLECULES Odor molecules indirectly cause the brain to recognize smells through the process involving olfactory receptors BRAIN. BRAIN The human body's brain processes and interprets signals from the olfactory system as specific smells HUMAN BODY.",
    "evaluation": 1
  },
  {
    "correct_answer": "Certain scents can help people with Alzheimer's recall memories.",
    "retrieved_context": "AROMATHERAPY Peppermint is used in aromatherapy to enhance focus, demonstrating the use of scent for improving psychological and physical states PEPPERMINT. AROMATHERAPY Lavender is used in aromatherapy to aid in relaxation, showcasing the application of scent for psychological well-being LAVENDER. OLFACTORY EPITHELIUM The nasal cavity houses the olfactory epithelium where olfactory receptors are located NASAL CAVITY. OLFACTORY RECEPTORS The nose, through the nasal cavity, contains olfactory receptors for detecting smells NOSE. BRAIN The human body's brain processes and interprets signals from the olfactory system as specific smells HUMAN BODY. NOSE The nose is an organ of the human body specifically adapted for the sense of smell HUMAN BODY. OLFACTORY RECEPTORS Olfactory receptors are located within the olfactory epithelium OLFACTORY EPITHELIUM. OLFACTORY RECEPTORS Olfactory receptors send signals to the brain to be interpreted as smells BRAIN. FRAGRANCE INDUSTRY The fragrance industry tailors scents to align with cultural preferences and enhance social interactions CULTURE AND SOCIAL INTERACTIONS. OLFACTORY EPITHELIUM The nasal cavity houses the olfactory epithelium where olfactory receptors are located NASAL CAVITY. NASAL CAVITY The nasal cavity is a part of the nose which plays a crucial role in the sense of smell NOSE. OLFACTORY RECEPTORS The nose, through the nasal cavity, contains olfactory receptors for detecting smells NOSE. ODOR MOLECULES Odor molecules bind to olfactory receptors to initiate the sense of smell OLFACTORY RECEPTORS. BRAIN The human body's brain processes and interprets signals from the olfactory system as specific smells HUMAN BODY. ODOR MOLECULES Odor molecules enter the nasal cavity through the nostrils to begin the process of smell NASAL CAVITY. OLFACTORY RECEPTORS Olfactory receptors are located within the olfactory epithelium OLFACTORY EPITHELIUM. NASAL CAVITY The nasal cavity is a part of the nose which plays a crucial role in the sense of smell NOSE. OLFACTORY RECEPTORS Olfactory receptors send signals to the brain to be interpreted as smells BRAIN. ODOR MOLECULES Odor molecules indirectly cause the brain to recognize smells through the process involving olfactory receptors BRAIN. BRAIN The human body's brain processes and interprets signals from the olfactory system as specific smells HUMAN BODY. NOSE The nose is an organ of the human body specifically adapted for the sense of smell HUMAN BODY.",
    "evaluation": 0
  },
  {
    "correct_answer": "Different cultures have unique preferences for scents.",
    "retrieved_context": "FRAGRANCE INDUSTRY The fragrance industry tailors scents to align with cultural preferences and enhance social interactions CULTURE AND SOCIAL INTERACTIONS. AROMATHERAPY Peppermint is used in aromatherapy to enhance focus, demonstrating the use of scent for improving psychological and physical states PEPPERMINT. AROMATHERAPY Lavender is used in aromatherapy to aid in relaxation, showcasing the application of scent for psychological well-being LAVENDER. OLFACTORY EPITHELIUM The nasal cavity houses the olfactory epithelium where olfactory receptors are located NASAL CAVITY. OLFACTORY RECEPTORS The nose, through the nasal cavity, contains olfactory receptors for detecting smells NOSE. BRAIN The human body's brain processes and interprets signals from the olfactory system as specific smells HUMAN BODY. NOSE The nose is an organ of the human body specifically adapted for the sense of smell HUMAN BODY. OLFACTORY RECEPTORS Olfactory receptors are located within the olfactory epithelium OLFACTORY EPITHELIUM. OLFACTORY RECEPTORS Olfactory receptors send signals to the brain to be interpreted as smells BRAIN. OLFACTORY EPITHELIUM The nasal cavity houses the olfactory epithelium where olfactory receptors are located NASAL CAVITY. NASAL CAVITY The nasal cavity is a part of the nose which plays a crucial role in the sense of smell NOSE. OLFACTORY RECEPTORS The nose, through the nasal cavity, contains olfactory receptors for detecting smells NOSE. ODOR MOLECULES Odor molecules bind to olfactory receptors to initiate the sense of smell OLFACTORY RECEPTORS. BRAIN The human body's brain processes and interprets signals from the olfactory system as specific smells HUMAN BODY. ODOR MOLECULES Odor molecules enter the nasal cavity through the nostrils to begin the process of smell NASAL CAVITY. OLFACTORY RECEPTORS Olfactory receptors are located within the olfactory epithelium OLFACTORY EPITHELIUM. NASAL CAVITY The nasal cavity is a part of the nose which plays a crucial role in the sense of smell NOSE. OLFACTORY RECEPTORS Olfactory receptors send signals to the brain to be interpreted as smells BRAIN. ODOR MOLECULES Odor molecules indirectly cause the brain to recognize smells through the process involving olfactory receptors BRAIN. NOSE The nose is an organ of the human body specifically adapted for the sense of smell HUMAN BODY.",
    "evaluation": 0
  },
  {
    "correct_answer": "Scents can influence perceptions, moods, and attraction in social settings.",
    "retrieved_context": "FRAGRANCE INDUSTRY The fragrance industry tailors scents to align with cultural preferences and enhance social interactions CULTURE AND SOCIAL INTERACTIONS. AROMATHERAPY Peppermint is used in aromatherapy to enhance focus, demonstrating the use of scent for improving psychological and physical states PEPPERMINT. AROMATHERAPY Lavender is used in aromatherapy to aid in relaxation, showcasing the application of scent for psychological well-being LAVENDER. OLFACTORY EPITHELIUM The nasal cavity houses the olfactory epithelium where olfactory receptors are located NASAL CAVITY. OLFACTORY RECEPTORS The nose, through the nasal cavity, contains olfactory receptors for detecting smells NOSE. BRAIN The human body's brain processes and interprets signals from the olfactory system as specific smells HUMAN BODY. NOSE The nose is an organ of the human body specifically adapted for the sense of smell HUMAN BODY. OLFACTORY RECEPTORS Olfactory receptors are located within the olfactory epithelium OLFACTORY EPITHELIUM. OLFACTORY RECEPTORS Olfactory receptors send signals to the brain to be interpreted as smells BRAIN. OLFACTORY RECEPTORS The nose, through the nasal cavity, contains olfactory receptors for detecting smells NOSE. ODOR MOLECULES Odor molecules bind to olfactory receptors to initiate the sense of smell OLFACTORY RECEPTORS. BRAIN The human body's brain processes and interprets signals from the olfactory system as specific smells HUMAN BODY. ODOR MOLECULES Odor molecules enter the nasal cavity through the nostrils to begin the process of smell NASAL CAVITY. OLFACTORY RECEPTORS Olfactory receptors are located within the olfactory epithelium OLFACTORY EPITHELIUM. NASAL CAVITY The nasal cavity is a part of the nose which plays a crucial role in the sense of smell NOSE. OLFACTORY RECEPTORS Olfactory receptors send signals to the brain to be interpreted as smells BRAIN. ODOR MOLECULES Odor molecules indirectly cause the brain to recognize smells through the process involving olfactory receptors BRAIN. OLFACTORY EPITHELIUM The nasal cavity houses the olfactory epithelium where olfactory receptors are located NASAL CAVITY. NASAL CAVITY The nasal cavity is a part of the nose which plays a crucial role in the sense of smell NOSE. NOSE The nose is an organ of the human body specifically adapted for the sense of smell HUMAN BODY.",
    "evaluation": 0
  },
  {
    "correct_answer": "The fragrance industry is a multi-billion-dollar business.",
    "retrieved_context": "FRAGRANCE INDUSTRY The fragrance industry tailors scents to align with cultural preferences and enhance social interactions CULTURE AND SOCIAL INTERACTIONS. AROMATHERAPY Peppermint is used in aromatherapy to enhance focus, demonstrating the use of scent for improving psychological and physical states PEPPERMINT. AROMATHERAPY Lavender is used in aromatherapy to aid in relaxation, showcasing the application of scent for psychological well-being LAVENDER. OLFACTORY EPITHELIUM The nasal cavity houses the olfactory epithelium where olfactory receptors are located NASAL CAVITY. NASAL CAVITY The nasal cavity is a part of the nose which plays a crucial role in the sense of smell NOSE. OLFACTORY EPITHELIUM The nasal cavity houses the olfactory epithelium where olfactory receptors are located NASAL CAVITY. OLFACTORY RECEPTORS The nose, through the nasal cavity, contains olfactory receptors for detecting smells NOSE. BRAIN The human body's brain processes and interprets signals from the olfactory system as specific smells HUMAN BODY. NOSE The nose is an organ of the human body specifically adapted for the sense of smell HUMAN BODY. OLFACTORY RECEPTORS Olfactory receptors are located within the olfactory epithelium OLFACTORY EPITHELIUM. OLFACTORY RECEPTORS Olfactory receptors send signals to the brain to be interpreted as smells BRAIN. OLFACTORY RECEPTORS The nose, through the nasal cavity, contains olfactory receptors for detecting smells NOSE. ODOR MOLECULES Odor molecules bind to olfactory receptors to initiate the sense of smell OLFACTORY RECEPTORS. BRAIN The human body's brain processes and interprets signals from the olfactory system as specific smells HUMAN BODY. ODOR MOLECULES Odor molecules enter the nasal cavity through the nostrils to begin the process of smell NASAL CAVITY. OLFACTORY RECEPTORS Olfactory receptors are located within the olfactory epithelium OLFACTORY EPITHELIUM. NASAL CAVITY The nasal cavity is a part of the nose which plays a crucial role in the sense of smell NOSE. OLFACTORY RECEPTORS Olfactory receptors send signals to the brain to be interpreted as smells BRAIN. ODOR MOLECULES Odor molecules indirectly cause the brain to recognize smells through the process involving olfactory receptors BRAIN. NOSE The nose is an organ of the human body specifically adapted for the sense of smell HUMAN BODY.",
    "evaluation": 0
  },
  {
    "accuracy": "20.00%"
  }
]