[
  {
    "correct_answer": "Typography is the art of arranging type to make written language readable and appealing.",
    "retrieved_context": "TYPOGRAPHY Neville Brody's innovative work has had a lasting impact on typography NEVILLE BRODY. TYPOGRAPHY Digital technology has allowed for significant advancements in typography, changing the way type is created and manipulated DIGITAL TECHNOLOGY. TYPOGRAPHY The Industrial Revolution led to significant advancements and changes in typography INDUSTRIAL REVOLUTION. TYPOGRAPHY Typography has evolved into the digital age, showing its adaptability and continued relevance in communication DIGITAL AGE. TYPOGRAPHY Jan Tschichold played a significant role in the evolution of modern typography JAN TSCHICHOLD. TYPOGRAPHY The origins of typography can be traced back to ancient civilizations, indicating their foundational role in its development ANCIENT CIVILIZATIONS. TYPOGRAPHY Paul Rand contributed to the advancement of typography with his boundary-pushing designs PAUL RAND. JOHANNES GUTENBERG Johannes Gutenberg is credited with inventing the printing press, a pivotal moment in the history of typography PRINTING PRESS. RENAISSANCE Claude Garamond was a key figure in typography during the Renaissance CLAUDE GARAMOND. RENAISSANCE Giambattista Bodoni contributed iconic typefaces during the Renaissance GIAMBATTISTA BODONI.",
    "evaluation": 0
  },
  {
    "correct_answer": "Typography has a rich and fascinating history that dates back centuries.",
    "retrieved_context": "TYPOGRAPHY Neville Brody's innovative work has had a lasting impact on typography NEVILLE BRODY. TYPOGRAPHY Digital technology has allowed for significant advancements in typography, changing the way type is created and manipulated DIGITAL TECHNOLOGY. TYPOGRAPHY The Industrial Revolution led to significant advancements and changes in typography INDUSTRIAL REVOLUTION. TYPOGRAPHY Typography has evolved into the digital age, showing its adaptability and continued relevance in communication DIGITAL AGE. TYPOGRAPHY Jan Tschichold played a significant role in the evolution of modern typography JAN TSCHICHOLD. TYPOGRAPHY The origins of typography can be traced back to ancient civilizations, indicating their foundational role in its development ANCIENT CIVILIZATIONS. TYPOGRAPHY Paul Rand contributed to the advancement of typography with his boundary-pushing designs PAUL RAND. JOHANNES GUTENBERG Johannes Gutenberg is credited with inventing the printing press, a pivotal moment in the history of typography PRINTING PRESS. RENAISSANCE Claude Garamond was a key figure in typography during the Renaissance CLAUDE GARAMOND. RENAISSANCE Giambattista Bodoni contributed iconic typefaces during the Renaissance GIAMBATTISTA BODONI.",
    "evaluation": 1
  },
  {
    "correct_answer": "Typography played a crucial role in shaping the way we communicate and consume information.",
    "retrieved_context": "TYPOGRAPHY Neville Brody's innovative work has had a lasting impact on typography NEVILLE BRODY. TYPOGRAPHY Digital technology has allowed for significant advancements in typography, changing the way type is created and manipulated DIGITAL TECHNOLOGY. TYPOGRAPHY The Industrial Revolution led to significant advancements and changes in typography INDUSTRIAL REVOLUTION. TYPOGRAPHY Typography has evolved into the digital age, showing its adaptability and continued relevance in communication DIGITAL AGE. TYPOGRAPHY Jan Tschichold played a significant role in the evolution of modern typography JAN TSCHICHOLD. TYPOGRAPHY The origins of typography can be traced back to ancient civilizations, indicating their foundational role in its development ANCIENT CIVILIZATIONS. TYPOGRAPHY Paul Rand contributed to the advancement of typography with his boundary-pushing designs PAUL RAND. JOHANNES GUTENBERG Johannes Gutenberg is credited with inventing the printing press, a pivotal moment in the history of typography PRINTING PRESS. RENAISSANCE Claude Garamond was a key figure in typography during the Renaissance CLAUDE GARAMOND. RENAISSANCE Giambattista Bodoni contributed iconic typefaces during the Renaissance GIAMBATTISTA BODONI.",
    "evaluation": 1
  },
  {
    "correct_answer": "The origins of typography can be traced back to ancient civilizations like the Egyptians.",
    "retrieved_context": "TYPOGRAPHY Neville Brody's innovative work has had a lasting impact on typography NEVILLE BRODY. TYPOGRAPHY Digital technology has allowed for significant advancements in typography, changing the way type is created and manipulated DIGITAL TECHNOLOGY. TYPOGRAPHY The Industrial Revolution led to significant advancements and changes in typography INDUSTRIAL REVOLUTION. TYPOGRAPHY Typography has evolved into the digital age, showing its adaptability and continued relevance in communication DIGITAL AGE. TYPOGRAPHY Jan Tschichold played a significant role in the evolution of modern typography JAN TSCHICHOLD. TYPOGRAPHY The origins of typography can be traced back to ancient civilizations, indicating their foundational role in its development ANCIENT CIVILIZATIONS. TYPOGRAPHY Paul Rand contributed to the advancement of typography with his boundary-pushing designs PAUL RAND. RENAISSANCE Claude Garamond was a key figure in typography during the Renaissance CLAUDE GARAMOND. RENAISSANCE Giambattista Bodoni contributed iconic typefaces during the Renaissance GIAMBATTISTA BODONI. JOHANNES GUTENBERG Johannes Gutenberg is credited with inventing the printing press, a pivotal moment in the history of typography PRINTING PRESS.",
    "evaluation": 0
  },
  {
    "correct_answer": "The Egyptians used hieroglyphics for written communication.",
    "retrieved_context": "TYPOGRAPHY Neville Brody's innovative work has had a lasting impact on typography NEVILLE BRODY. TYPOGRAPHY Digital technology has allowed for significant advancements in typography, changing the way type is created and manipulated DIGITAL TECHNOLOGY. TYPOGRAPHY The Industrial Revolution led to significant advancements and changes in typography INDUSTRIAL REVOLUTION. TYPOGRAPHY Typography has evolved into the digital age, showing its adaptability and continued relevance in communication DIGITAL AGE. TYPOGRAPHY Jan Tschichold played a significant role in the evolution of modern typography JAN TSCHICHOLD. TYPOGRAPHY The origins of typography can be traced back to ancient civilizations, indicating their foundational role in its development ANCIENT CIVILIZATIONS. TYPOGRAPHY Paul Rand contributed to the advancement of typography with his boundary-pushing designs PAUL RAND. JOHANNES GUTENBERG Johannes Gutenberg is credited with inventing the printing press, a pivotal moment in the history of typography PRINTING PRESS. RENAISSANCE Claude Garamond was a key figure in typography during the Renaissance CLAUDE GARAMOND. RENAISSANCE Giambattista Bodoni contributed iconic typefaces during the Renaissance GIAMBATTISTA BODONI.",
    "evaluation": 0
  },
  {
    "correct_answer": "The development of writing systems led to the creation of various scripts and typefaces.",
    "retrieved_context": "TYPOGRAPHY Neville Brody's innovative work has had a lasting impact on typography NEVILLE BRODY. TYPOGRAPHY Digital technology has allowed for significant advancements in typography, changing the way type is created and manipulated DIGITAL TECHNOLOGY. TYPOGRAPHY The Industrial Revolution led to significant advancements and changes in typography INDUSTRIAL REVOLUTION. TYPOGRAPHY Typography has evolved into the digital age, showing its adaptability and continued relevance in communication DIGITAL AGE. TYPOGRAPHY Jan Tschichold played a significant role in the evolution of modern typography JAN TSCHICHOLD. TYPOGRAPHY The origins of typography can be traced back to ancient civilizations, indicating their foundational role in its development ANCIENT CIVILIZATIONS. TYPOGRAPHY Paul Rand contributed to the advancement of typography with his boundary-pushing designs PAUL RAND. JOHANNES GUTENBERG Johannes Gutenberg is credited with inventing the printing press, a pivotal moment in the history of typography PRINTING PRESS. RENAISSANCE Claude Garamond was a key figure in typography during the Renaissance CLAUDE GARAMOND. RENAISSANCE Giambattista Bodoni contributed iconic typefaces during the Renaissance GIAMBATTISTA BODONI.",
    "evaluation": 0
  },
  {
    "correct_answer": "Johannes Gutenberg invented the printing press in the 15th century.",
    "retrieved_context": "JOHANNES GUTENBERG Johannes Gutenberg is credited with inventing the printing press, a pivotal moment in the history of typography PRINTING PRESS. RENAISSANCE Claude Garamond was a key figure in typography during the Renaissance CLAUDE GARAMOND. RENAISSANCE Giambattista Bodoni contributed iconic typefaces during the Renaissance GIAMBATTISTA BODONI. TYPOGRAPHY Neville Brody's innovative work has had a lasting impact on typography NEVILLE BRODY. TYPOGRAPHY Digital technology has allowed for significant advancements in typography, changing the way type is created and manipulated DIGITAL TECHNOLOGY. TYPOGRAPHY The Industrial Revolution led to significant advancements and changes in typography INDUSTRIAL REVOLUTION. TYPOGRAPHY Typography has evolved into the digital age, showing its adaptability and continued relevance in communication DIGITAL AGE. TYPOGRAPHY Jan Tschichold played a significant role in the evolution of modern typography JAN TSCHICHOLD. TYPOGRAPHY The origins of typography can be traced back to ancient civilizations, indicating their foundational role in its development ANCIENT CIVILIZATIONS. TYPOGRAPHY Paul Rand contributed to the advancement of typography with his boundary-pushing designs PAUL RAND.",
    "evaluation": 0
  },
  {
    "correct_answer": "The printing press allowed for the mass production of books and printed materials.",
    "retrieved_context": "TYPOGRAPHY Neville Brody's innovative work has had a lasting impact on typography NEVILLE BRODY. TYPOGRAPHY Digital technology has allowed for significant advancements in typography, changing the way type is created and manipulated DIGITAL TECHNOLOGY. TYPOGRAPHY The Industrial Revolution led to significant advancements and changes in typography INDUSTRIAL REVOLUTION. TYPOGRAPHY Typography has evolved into the digital age, showing its adaptability and continued relevance in communication DIGITAL AGE. TYPOGRAPHY Jan Tschichold played a significant role in the evolution of modern typography JAN TSCHICHOLD. TYPOGRAPHY The origins of typography can be traced back to ancient civilizations, indicating their foundational role in its development ANCIENT CIVILIZATIONS. TYPOGRAPHY Paul Rand contributed to the advancement of typography with his boundary-pushing designs PAUL RAND. JOHANNES GUTENBERG Johannes Gutenberg is credited with inventing the printing press, a pivotal moment in the history of typography PRINTING PRESS. RENAISSANCE Claude Garamond was a key figure in typography during the Renaissance CLAUDE GARAMOND. RENAISSANCE Giambattista Bodoni contributed iconic typefaces during the Renaissance GIAMBATTISTA BODONI.",
    "evaluation": 0
  },
  {
    "correct_answer": "The printing press made information more accessible to a wider audience.",
    "retrieved_context": "TYPOGRAPHY Neville Brody's innovative work has had a lasting impact on typography NEVILLE BRODY. TYPOGRAPHY Digital technology has allowed for significant advancements in typography, changing the way type is created and manipulated DIGITAL TECHNOLOGY. TYPOGRAPHY The Industrial Revolution led to significant advancements and changes in typography INDUSTRIAL REVOLUTION. TYPOGRAPHY Typography has evolved into the digital age, showing its adaptability and continued relevance in communication DIGITAL AGE. TYPOGRAPHY Jan Tschichold played a significant role in the evolution of modern typography JAN TSCHICHOLD. TYPOGRAPHY The origins of typography can be traced back to ancient civilizations, indicating their foundational role in its development ANCIENT CIVILIZATIONS. TYPOGRAPHY Paul Rand contributed to the advancement of typography with his boundary-pushing designs PAUL RAND. JOHANNES GUTENBERG Johannes Gutenberg is credited with inventing the printing press, a pivotal moment in the history of typography PRINTING PRESS. RENAISSANCE Claude Garamond was a key figure in typography during the Renaissance CLAUDE GARAMOND. RENAISSANCE Giambattista Bodoni contributed iconic typefaces during the Renaissance GIAMBATTISTA BODONI.",
    "evaluation": 0
  },
  {
    "correct_answer": "Designers began to experiment with different fonts, sizes, and layouts for printed materials.",
    "retrieved_context": "TYPOGRAPHY Neville Brody's innovative work has had a lasting impact on typography NEVILLE BRODY. TYPOGRAPHY Digital technology has allowed for significant advancements in typography, changing the way type is created and manipulated DIGITAL TECHNOLOGY. TYPOGRAPHY The Industrial Revolution led to significant advancements and changes in typography INDUSTRIAL REVOLUTION. TYPOGRAPHY Typography has evolved into the digital age, showing its adaptability and continued relevance in communication DIGITAL AGE. TYPOGRAPHY Jan Tschichold played a significant role in the evolution of modern typography JAN TSCHICHOLD. TYPOGRAPHY The origins of typography can be traced back to ancient civilizations, indicating their foundational role in its development ANCIENT CIVILIZATIONS. TYPOGRAPHY Paul Rand contributed to the advancement of typography with his boundary-pushing designs PAUL RAND. JOHANNES GUTENBERG Johannes Gutenberg is credited with inventing the printing press, a pivotal moment in the history of typography PRINTING PRESS. RENAISSANCE Claude Garamond was a key figure in typography during the Renaissance CLAUDE GARAMOND. RENAISSANCE Giambattista Bodoni contributed iconic typefaces during the Renaissance GIAMBATTISTA BODONI.",
    "evaluation": 0
  },
  {
    "correct_answer": "Claude Garamond and Giambattista Bodoni created iconic typefaces during the Renaissance period.",
    "retrieved_context": "RENAISSANCE Claude Garamond was a key figure in typography during the Renaissance CLAUDE GARAMOND. RENAISSANCE Giambattista Bodoni contributed iconic typefaces during the Renaissance GIAMBATTISTA BODONI. TYPOGRAPHY Neville Brody's innovative work has had a lasting impact on typography NEVILLE BRODY. TYPOGRAPHY Digital technology has allowed for significant advancements in typography, changing the way type is created and manipulated DIGITAL TECHNOLOGY. TYPOGRAPHY The Industrial Revolution led to significant advancements and changes in typography INDUSTRIAL REVOLUTION. TYPOGRAPHY Typography has evolved into the digital age, showing its adaptability and continued relevance in communication DIGITAL AGE. TYPOGRAPHY Jan Tschichold played a significant role in the evolution of modern typography JAN TSCHICHOLD. TYPOGRAPHY The origins of typography can be traced back to ancient civilizations, indicating their foundational role in its development ANCIENT CIVILIZATIONS. TYPOGRAPHY Paul Rand contributed to the advancement of typography with his boundary-pushing designs PAUL RAND. JOHANNES GUTENBERG Johannes Gutenberg is credited with inventing the printing press, a pivotal moment in the history of typography PRINTING PRESS.",
    "evaluation": 1
  },
  {
    "correct_answer": "Typography evolved with an emphasis on aesthetics, readability, and functionality.",
    "retrieved_context": "TYPOGRAPHY Neville Brody's innovative work has had a lasting impact on typography NEVILLE BRODY. TYPOGRAPHY Digital technology has allowed for significant advancements in typography, changing the way type is created and manipulated DIGITAL TECHNOLOGY. TYPOGRAPHY The Industrial Revolution led to significant advancements and changes in typography INDUSTRIAL REVOLUTION. TYPOGRAPHY Typography has evolved into the digital age, showing its adaptability and continued relevance in communication DIGITAL AGE. TYPOGRAPHY Jan Tschichold played a significant role in the evolution of modern typography JAN TSCHICHOLD. TYPOGRAPHY The origins of typography can be traced back to ancient civilizations, indicating their foundational role in its development ANCIENT CIVILIZATIONS. TYPOGRAPHY Paul Rand contributed to the advancement of typography with his boundary-pushing designs PAUL RAND. RENAISSANCE Claude Garamond was a key figure in typography during the Renaissance CLAUDE GARAMOND. RENAISSANCE Giambattista Bodoni contributed iconic typefaces during the Renaissance GIAMBATTISTA BODONI. JOHANNES GUTENBERG Johannes Gutenberg is credited with inventing the printing press, a pivotal moment in the history of typography PRINTING PRESS.",
    "evaluation": 0
  },
  {
    "correct_answer": "The Industrial Revolution brought advancements in typography and new printing technologies.",
    "retrieved_context": "TYPOGRAPHY Neville Brody's innovative work has had a lasting impact on typography NEVILLE BRODY. TYPOGRAPHY Digital technology has allowed for significant advancements in typography, changing the way type is created and manipulated DIGITAL TECHNOLOGY. TYPOGRAPHY The Industrial Revolution led to significant advancements and changes in typography INDUSTRIAL REVOLUTION. TYPOGRAPHY Typography has evolved into the digital age, showing its adaptability and continued relevance in communication DIGITAL AGE. TYPOGRAPHY Jan Tschichold played a significant role in the evolution of modern typography JAN TSCHICHOLD. TYPOGRAPHY The origins of typography can be traced back to ancient civilizations, indicating their foundational role in its development ANCIENT CIVILIZATIONS. TYPOGRAPHY Paul Rand contributed to the advancement of typography with his boundary-pushing designs PAUL RAND. RENAISSANCE Claude Garamond was a key figure in typography during the Renaissance CLAUDE GARAMOND. RENAISSANCE Giambattista Bodoni contributed iconic typefaces during the Renaissance GIAMBATTISTA BODONI. JOHANNES GUTENBERG Johannes Gutenberg is credited with inventing the printing press, a pivotal moment in the history of typography PRINTING PRESS.",
    "evaluation": 1
  },
  {
    "correct_answer": "Designers explored new ways of using type to convey messages and evoke emotions.",
    "retrieved_context": "TYPOGRAPHY Neville Brody's innovative work has had a lasting impact on typography NEVILLE BRODY. TYPOGRAPHY Digital technology has allowed for significant advancements in typography, changing the way type is created and manipulated DIGITAL TECHNOLOGY. TYPOGRAPHY The Industrial Revolution led to significant advancements and changes in typography INDUSTRIAL REVOLUTION. TYPOGRAPHY Typography has evolved into the digital age, showing its adaptability and continued relevance in communication DIGITAL AGE. TYPOGRAPHY Jan Tschichold played a significant role in the evolution of modern typography JAN TSCHICHOLD. TYPOGRAPHY The origins of typography can be traced back to ancient civilizations, indicating their foundational role in its development ANCIENT CIVILIZATIONS. TYPOGRAPHY Paul Rand contributed to the advancement of typography with his boundary-pushing designs PAUL RAND. RENAISSANCE Claude Garamond was a key figure in typography during the Renaissance CLAUDE GARAMOND. RENAISSANCE Giambattista Bodoni contributed iconic typefaces during the Renaissance GIAMBATTISTA BODONI. JOHANNES GUTENBERG Johannes Gutenberg is credited with inventing the printing press, a pivotal moment in the history of typography PRINTING PRESS.",
    "evaluation": 0
  },
  {
    "correct_answer": "Typography plays a crucial role in branding, marketing, and communication today.",
    "retrieved_context": "TYPOGRAPHY Neville Brody's innovative work has had a lasting impact on typography NEVILLE BRODY. TYPOGRAPHY Digital technology has allowed for significant advancements in typography, changing the way type is created and manipulated DIGITAL TECHNOLOGY. TYPOGRAPHY The Industrial Revolution led to significant advancements and changes in typography INDUSTRIAL REVOLUTION. TYPOGRAPHY Typography has evolved into the digital age, showing its adaptability and continued relevance in communication DIGITAL AGE. TYPOGRAPHY Jan Tschichold played a significant role in the evolution of modern typography JAN TSCHICHOLD. TYPOGRAPHY The origins of typography can be traced back to ancient civilizations, indicating their foundational role in its development ANCIENT CIVILIZATIONS. TYPOGRAPHY Paul Rand contributed to the advancement of typography with his boundary-pushing designs PAUL RAND. JOHANNES GUTENBERG Johannes Gutenberg is credited with inventing the printing press, a pivotal moment in the history of typography PRINTING PRESS. RENAISSANCE Claude Garamond was a key figure in typography during the Renaissance CLAUDE GARAMOND. RENAISSANCE Giambattista Bodoni contributed iconic typefaces during the Renaissance GIAMBATTISTA BODONI.",
    "evaluation": 0
  },
  {
    "accuracy": "26.67%"
  }
]