[
  {
    "correct_answer": "Climate change impacts animals' habitats.",
    "retrieved_context": "POLAR BEARS Polar bears are facing habitat loss in the Arctic due to melting sea ice caused by climate change ARCTIC. CLIMATE CHANGE Warming temperatures due to climate change are melting sea ice in the Arctic ARCTIC. CLIMATE CHANGE Climate change is causing habitat loss, changes in food sources, and more frequent extreme weather events, all of which impact animals ANIMALS. POLAR BEARS The melting of sea ice in the Arctic, due to climate change, is reducing the primary hunting grounds for polar bears SEA ICE. CLIMATE CHANGE Climate change, through events like wildfires, has pushed koala populations closer to the brink of extinction KOALAS. AUSTRALIA Wildfires in Australia have decimated koala populations KOALAS. CLIMATE CHANGE Warmer ocean temperatures caused by climate change are leading to coral bleaching, affecting coral reefs and the species that rely on them CORAL REEFS. CLIMATE CHANGE Climate change has led to warmer winters, allowing the spread of white-nose syndrome among bat populations BATS. CLIMATE CHANGE Climate change has contributed to severe wildfires in Australia, affecting wildlife AUSTRALIA. CLIMATE CHANGE The loss of sea ice in the Arctic due to climate change is directly affecting polar bears by reducing their primary hunting grounds POLAR BEARS. CORAL REEFS Warmer ocean temperatures are causing coral bleaching, which affects the health of coral reefs and the marine life that depends on them OCEAN TEMPERATURES. POLAR BEARS Polar bears are facing habitat loss in the Arctic due to melting sea ice caused by climate change ARCTIC. POLAR BEARS The melting of sea ice in the Arctic, due to climate change, is reducing the primary hunting grounds for polar bears SEA ICE. CORAL REEFS Warmer ocean temperatures are causing coral bleaching, which affects the health of coral reefs and the marine life that depends on them OCEAN TEMPERATURES.",
    "evaluation": 1
  },
  {
    "correct_answer": "Animals are forced to adapt or migrate due to changing ecosystems.",
    "retrieved_context": "POLAR BEARS Polar bears are facing habitat loss in the Arctic due to melting sea ice caused by climate change ARCTIC. CLIMATE CHANGE Warming temperatures due to climate change are melting sea ice in the Arctic ARCTIC. CLIMATE CHANGE Climate change is causing habitat loss, changes in food sources, and more frequent extreme weather events, all of which impact animals ANIMALS. POLAR BEARS The melting of sea ice in the Arctic, due to climate change, is reducing the primary hunting grounds for polar bears SEA ICE. CLIMATE CHANGE Climate change, through events like wildfires, has pushed koala populations closer to the brink of extinction KOALAS. AUSTRALIA Wildfires in Australia have decimated koala populations KOALAS. CLIMATE CHANGE Warmer ocean temperatures caused by climate change are leading to coral bleaching, affecting coral reefs and the species that rely on them CORAL REEFS. CLIMATE CHANGE Climate change has led to warmer winters, allowing the spread of white-nose syndrome among bat populations BATS. CLIMATE CHANGE Climate change has contributed to severe wildfires in Australia, affecting wildlife AUSTRALIA. CLIMATE CHANGE The loss of sea ice in the Arctic due to climate change is directly affecting polar bears by reducing their primary hunting grounds POLAR BEARS. CORAL REEFS Warmer ocean temperatures are causing coral bleaching, which affects the health of coral reefs and the marine life that depends on them OCEAN TEMPERATURES. POLAR BEARS Polar bears are facing habitat loss in the Arctic due to melting sea ice caused by climate change ARCTIC. POLAR BEARS The melting of sea ice in the Arctic, due to climate change, is reducing the primary hunting grounds for polar bears SEA ICE. CORAL REEFS Warmer ocean temperatures are causing coral bleaching, which affects the health of coral reefs and the marine life that depends on them OCEAN TEMPERATURES. AUSTRALIA Wildfires in Australia have decimated koala populations KOALAS.",
    "evaluation": 0
  },
  {
    "correct_answer": "Polar bears are losing sea ice in the Arctic due to warming temperatures.",
    "retrieved_context": "POLAR BEARS Polar bears are facing habitat loss in the Arctic due to melting sea ice caused by climate change ARCTIC. POLAR BEARS The melting of sea ice in the Arctic, due to climate change, is reducing the primary hunting grounds for polar bears SEA ICE. POLAR BEARS Polar bears are facing habitat loss in the Arctic due to melting sea ice caused by climate change ARCTIC. CLIMATE CHANGE Warming temperatures due to climate change are melting sea ice in the Arctic ARCTIC. CLIMATE CHANGE Climate change is causing habitat loss, changes in food sources, and more frequent extreme weather events, all of which impact animals ANIMALS. POLAR BEARS The melting of sea ice in the Arctic, due to climate change, is reducing the primary hunting grounds for polar bears SEA ICE. CLIMATE CHANGE Climate change, through events like wildfires, has pushed koala populations closer to the brink of extinction KOALAS. AUSTRALIA Wildfires in Australia have decimated koala populations KOALAS. CLIMATE CHANGE Warmer ocean temperatures caused by climate change are leading to coral bleaching, affecting coral reefs and the species that rely on them CORAL REEFS. CLIMATE CHANGE Climate change has led to warmer winters, allowing the spread of white-nose syndrome among bat populations BATS. CLIMATE CHANGE Climate change has contributed to severe wildfires in Australia, affecting wildlife AUSTRALIA. CLIMATE CHANGE The loss of sea ice in the Arctic due to climate change is directly affecting polar bears by reducing their primary hunting grounds POLAR BEARS. CORAL REEFS Warmer ocean temperatures are causing coral bleaching, which affects the health of coral reefs and the marine life that depends on them OCEAN TEMPERATURES. CORAL REEFS Warmer ocean temperatures are causing coral bleaching, which affects the health of coral reefs and the marine life that depends on them OCEAN TEMPERATURES.",
    "evaluation": 1
  },
  {
    "correct_answer": "Warmer ocean temperatures cause coral bleaching, affecting fish populations.",
    "retrieved_context": "CORAL REEFS Warmer ocean temperatures are causing coral bleaching, which affects the health of coral reefs and the marine life that depends on them OCEAN TEMPERATURES. POLAR BEARS Polar bears are facing habitat loss in the Arctic due to melting sea ice caused by climate change ARCTIC. CLIMATE CHANGE Warming temperatures due to climate change are melting sea ice in the Arctic ARCTIC. CLIMATE CHANGE Climate change is causing habitat loss, changes in food sources, and more frequent extreme weather events, all of which impact animals ANIMALS. POLAR BEARS The melting of sea ice in the Arctic, due to climate change, is reducing the primary hunting grounds for polar bears SEA ICE. CLIMATE CHANGE Climate change, through events like wildfires, has pushed koala populations closer to the brink of extinction KOALAS. AUSTRALIA Wildfires in Australia have decimated koala populations KOALAS. CLIMATE CHANGE Warmer ocean temperatures caused by climate change are leading to coral bleaching, affecting coral reefs and the species that rely on them CORAL REEFS. CLIMATE CHANGE Climate change has led to warmer winters, allowing the spread of white-nose syndrome among bat populations BATS. CLIMATE CHANGE Climate change has contributed to severe wildfires in Australia, affecting wildlife AUSTRALIA. CLIMATE CHANGE The loss of sea ice in the Arctic due to climate change is directly affecting polar bears by reducing their primary hunting grounds POLAR BEARS. CORAL REEFS Warmer ocean temperatures are causing coral bleaching, which affects the health of coral reefs and the marine life that depends on them OCEAN TEMPERATURES. POLAR BEARS Polar bears are facing habitat loss in the Arctic due to melting sea ice caused by climate change ARCTIC. POLAR BEARS The melting of sea ice in the Arctic, due to climate change, is reducing the primary hunting grounds for polar bears SEA ICE. WHITE-NOSE SYNDROME White-nose syndrome, exacerbated by climate change, affects bat populations BATS.",
    "evaluation": 1
  },
  {
    "correct_answer": "Extreme weather events like wildfires can destroy animal habitats.",
    "retrieved_context": "POLAR BEARS Polar bears are facing habitat loss in the Arctic due to melting sea ice caused by climate change ARCTIC. CLIMATE CHANGE Warming temperatures due to climate change are melting sea ice in the Arctic ARCTIC. CLIMATE CHANGE Climate change is causing habitat loss, changes in food sources, and more frequent extreme weather events, all of which impact animals ANIMALS. POLAR BEARS The melting of sea ice in the Arctic, due to climate change, is reducing the primary hunting grounds for polar bears SEA ICE. CLIMATE CHANGE Climate change, through events like wildfires, has pushed koala populations closer to the brink of extinction KOALAS. AUSTRALIA Wildfires in Australia have decimated koala populations KOALAS. CLIMATE CHANGE Warmer ocean temperatures caused by climate change are leading to coral bleaching, affecting coral reefs and the species that rely on them CORAL REEFS. CLIMATE CHANGE Climate change has led to warmer winters, allowing the spread of white-nose syndrome among bat populations BATS. CLIMATE CHANGE Climate change has contributed to severe wildfires in Australia, affecting wildlife AUSTRALIA. CLIMATE CHANGE The loss of sea ice in the Arctic due to climate change is directly affecting polar bears by reducing their primary hunting grounds POLAR BEARS. CORAL REEFS Warmer ocean temperatures are causing coral bleaching, which affects the health of coral reefs and the marine life that depends on them OCEAN TEMPERATURES. POLAR BEARS Polar bears are facing habitat loss in the Arctic due to melting sea ice caused by climate change ARCTIC. POLAR BEARS The melting of sea ice in the Arctic, due to climate change, is reducing the primary hunting grounds for polar bears SEA ICE. CORAL REEFS Warmer ocean temperatures are causing coral bleaching, which affects the health of coral reefs and the marine life that depends on them OCEAN TEMPERATURES.",
    "evaluation": 1
  },
  {
    "correct_answer": "Wildfires in Australia have decimated koala populations.",
    "retrieved_context": "AUSTRALIA Wildfires in Australia have decimated koala populations KOALAS. POLAR BEARS Polar bears are facing habitat loss in the Arctic due to melting sea ice caused by climate change ARCTIC. CLIMATE CHANGE Warming temperatures due to climate change are melting sea ice in the Arctic ARCTIC. CLIMATE CHANGE Climate change is causing habitat loss, changes in food sources, and more frequent extreme weather events, all of which impact animals ANIMALS. POLAR BEARS The melting of sea ice in the Arctic, due to climate change, is reducing the primary hunting grounds for polar bears SEA ICE. CLIMATE CHANGE Climate change, through events like wildfires, has pushed koala populations closer to the brink of extinction KOALAS. AUSTRALIA Wildfires in Australia have decimated koala populations KOALAS. CLIMATE CHANGE Warmer ocean temperatures caused by climate change are leading to coral bleaching, affecting coral reefs and the species that rely on them CORAL REEFS. CLIMATE CHANGE Climate change has led to warmer winters, allowing the spread of white-nose syndrome among bat populations BATS. CLIMATE CHANGE Climate change has contributed to severe wildfires in Australia, affecting wildlife AUSTRALIA. CLIMATE CHANGE The loss of sea ice in the Arctic due to climate change is directly affecting polar bears by reducing their primary hunting grounds POLAR BEARS. CORAL REEFS Warmer ocean temperatures are causing coral bleaching, which affects the health of coral reefs and the marine life that depends on them OCEAN TEMPERATURES. POLAR BEARS Polar bears are facing habitat loss in the Arctic due to melting sea ice caused by climate change ARCTIC. POLAR BEARS The melting of sea ice in the Arctic, due to climate change, is reducing the primary hunting grounds for polar bears SEA ICE.",
    "evaluation": 1
  },
  {
    "correct_answer": "Climate change can lead to the spread of diseases among animals.",
    "retrieved_context": "POLAR BEARS Polar bears are facing habitat loss in the Arctic due to melting sea ice caused by climate change ARCTIC. CLIMATE CHANGE Warming temperatures due to climate change are melting sea ice in the Arctic ARCTIC. CLIMATE CHANGE Climate change is causing habitat loss, changes in food sources, and more frequent extreme weather events, all of which impact animals ANIMALS. POLAR BEARS The melting of sea ice in the Arctic, due to climate change, is reducing the primary hunting grounds for polar bears SEA ICE. CLIMATE CHANGE Climate change, through events like wildfires, has pushed koala populations closer to the brink of extinction KOALAS. AUSTRALIA Wildfires in Australia have decimated koala populations KOALAS. CLIMATE CHANGE Warmer ocean temperatures caused by climate change are leading to coral bleaching, affecting coral reefs and the species that rely on them CORAL REEFS. CLIMATE CHANGE Climate change has led to warmer winters, allowing the spread of white-nose syndrome among bat populations BATS. CLIMATE CHANGE Climate change has contributed to severe wildfires in Australia, affecting wildlife AUSTRALIA. CLIMATE CHANGE The loss of sea ice in the Arctic due to climate change is directly affecting polar bears by reducing their primary hunting grounds POLAR BEARS. CORAL REEFS Warmer ocean temperatures are causing coral bleaching, which affects the health of coral reefs and the marine life that depends on them OCEAN TEMPERATURES. POLAR BEARS Polar bears are facing habitat loss in the Arctic due to melting sea ice caused by climate change ARCTIC. POLAR BEARS The melting of sea ice in the Arctic, due to climate change, is reducing the primary hunting grounds for polar bears SEA ICE. WHITE-NOSE SYNDROME White-nose syndrome, exacerbated by climate change, affects bat populations BATS.",
    "evaluation": 1
  },
  {
    "correct_answer": "White-nose syndrome in bats is linked to climate change.",
    "retrieved_context": "WHITE-NOSE SYNDROME White-nose syndrome, exacerbated by climate change, affects bat populations BATS. POLAR BEARS Polar bears are facing habitat loss in the Arctic due to melting sea ice caused by climate change ARCTIC. CLIMATE CHANGE Warming temperatures due to climate change are melting sea ice in the Arctic ARCTIC. CLIMATE CHANGE Climate change is causing habitat loss, changes in food sources, and more frequent extreme weather events, all of which impact animals ANIMALS. POLAR BEARS The melting of sea ice in the Arctic, due to climate change, is reducing the primary hunting grounds for polar bears SEA ICE. CLIMATE CHANGE Climate change, through events like wildfires, has pushed koala populations closer to the brink of extinction KOALAS. AUSTRALIA Wildfires in Australia have decimated koala populations KOALAS. CLIMATE CHANGE Warmer ocean temperatures caused by climate change are leading to coral bleaching, affecting coral reefs and the species that rely on them CORAL REEFS. CLIMATE CHANGE Climate change has led to warmer winters, allowing the spread of white-nose syndrome among bat populations BATS. CLIMATE CHANGE Climate change has contributed to severe wildfires in Australia, affecting wildlife AUSTRALIA. CLIMATE CHANGE The loss of sea ice in the Arctic due to climate change is directly affecting polar bears by reducing their primary hunting grounds POLAR BEARS. CORAL REEFS Warmer ocean temperatures are causing coral bleaching, which affects the health of coral reefs and the marine life that depends on them OCEAN TEMPERATURES. POLAR BEARS Polar bears are facing habitat loss in the Arctic due to melting sea ice caused by climate change ARCTIC. POLAR BEARS The melting of sea ice in the Arctic, due to climate change, is reducing the primary hunting grounds for polar bears SEA ICE.",
    "evaluation": 1
  },
  {
    "correct_answer": "Animals are shifting their ranges due to climate change.",
    "retrieved_context": "POLAR BEARS Polar bears are facing habitat loss in the Arctic due to melting sea ice caused by climate change ARCTIC. CLIMATE CHANGE Warming temperatures due to climate change are melting sea ice in the Arctic ARCTIC. CLIMATE CHANGE Climate change is causing habitat loss, changes in food sources, and more frequent extreme weather events, all of which impact animals ANIMALS. POLAR BEARS The melting of sea ice in the Arctic, due to climate change, is reducing the primary hunting grounds for polar bears SEA ICE. CLIMATE CHANGE Climate change, through events like wildfires, has pushed koala populations closer to the brink of extinction KOALAS. AUSTRALIA Wildfires in Australia have decimated koala populations KOALAS. CLIMATE CHANGE Warmer ocean temperatures caused by climate change are leading to coral bleaching, affecting coral reefs and the species that rely on them CORAL REEFS. CLIMATE CHANGE Climate change has led to warmer winters, allowing the spread of white-nose syndrome among bat populations BATS. CLIMATE CHANGE Climate change has contributed to severe wildfires in Australia, affecting wildlife AUSTRALIA. CLIMATE CHANGE The loss of sea ice in the Arctic due to climate change is directly affecting polar bears by reducing their primary hunting grounds POLAR BEARS. CORAL REEFS Warmer ocean temperatures are causing coral bleaching, which affects the health of coral reefs and the marine life that depends on them OCEAN TEMPERATURES. POLAR BEARS Polar bears are facing habitat loss in the Arctic due to melting sea ice caused by climate change ARCTIC. POLAR BEARS The melting of sea ice in the Arctic, due to climate change, is reducing the primary hunting grounds for polar bears SEA ICE.",
    "evaluation": 0
  },
  {
    "correct_answer": "Some species are altering their breeding seasons in response to environmental changes.",
    "retrieved_context": "POLAR BEARS Polar bears are facing habitat loss in the Arctic due to melting sea ice caused by climate change ARCTIC. CLIMATE CHANGE Warming temperatures due to climate change are melting sea ice in the Arctic ARCTIC. CLIMATE CHANGE Climate change is causing habitat loss, changes in food sources, and more frequent extreme weather events, all of which impact animals ANIMALS. POLAR BEARS The melting of sea ice in the Arctic, due to climate change, is reducing the primary hunting grounds for polar bears SEA ICE. CLIMATE CHANGE Climate change, through events like wildfires, has pushed koala populations closer to the brink of extinction KOALAS. AUSTRALIA Wildfires in Australia have decimated koala populations KOALAS. CLIMATE CHANGE Warmer ocean temperatures caused by climate change are leading to coral bleaching, affecting coral reefs and the species that rely on them CORAL REEFS. CLIMATE CHANGE Climate change has led to warmer winters, allowing the spread of white-nose syndrome among bat populations BATS. CLIMATE CHANGE Climate change has contributed to severe wildfires in Australia, affecting wildlife AUSTRALIA. CLIMATE CHANGE The loss of sea ice in the Arctic due to climate change is directly affecting polar bears by reducing their primary hunting grounds POLAR BEARS. CORAL REEFS Warmer ocean temperatures are causing coral bleaching, which affects the health of coral reefs and the marine life that depends on them OCEAN TEMPERATURES. POLAR BEARS Polar bears are facing habitat loss in the Arctic due to melting sea ice caused by climate change ARCTIC. POLAR BEARS The melting of sea ice in the Arctic, due to climate change, is reducing the primary hunting grounds for polar bears SEA ICE.",
    "evaluation": 0
  },
  {
    "correct_answer": "Climate change threatens the survival of many animal species.",
    "retrieved_context": "POLAR BEARS Polar bears are facing habitat loss in the Arctic due to melting sea ice caused by climate change ARCTIC. CLIMATE CHANGE Warming temperatures due to climate change are melting sea ice in the Arctic ARCTIC. CLIMATE CHANGE Climate change is causing habitat loss, changes in food sources, and more frequent extreme weather events, all of which impact animals ANIMALS. POLAR BEARS The melting of sea ice in the Arctic, due to climate change, is reducing the primary hunting grounds for polar bears SEA ICE. CLIMATE CHANGE Climate change, through events like wildfires, has pushed koala populations closer to the brink of extinction KOALAS. AUSTRALIA Wildfires in Australia have decimated koala populations KOALAS. CLIMATE CHANGE Warmer ocean temperatures caused by climate change are leading to coral bleaching, affecting coral reefs and the species that rely on them CORAL REEFS. CLIMATE CHANGE Climate change has led to warmer winters, allowing the spread of white-nose syndrome among bat populations BATS. CLIMATE CHANGE Climate change has contributed to severe wildfires in Australia, affecting wildlife AUSTRALIA. CLIMATE CHANGE The loss of sea ice in the Arctic due to climate change is directly affecting polar bears by reducing their primary hunting grounds POLAR BEARS. CORAL REEFS Warmer ocean temperatures are causing coral bleaching, which affects the health of coral reefs and the marine life that depends on them OCEAN TEMPERATURES. POLAR BEARS Polar bears are facing habitat loss in the Arctic due to melting sea ice caused by climate change ARCTIC. POLAR BEARS The melting of sea ice in the Arctic, due to climate change, is reducing the primary hunting grounds for polar bears SEA ICE.",
    "evaluation": 1
  },
  {
    "correct_answer": "Urgent action is needed to protect biodiversity from climate change.",
    "retrieved_context": "POLAR BEARS Polar bears are facing habitat loss in the Arctic due to melting sea ice caused by climate change ARCTIC. CLIMATE CHANGE Warming temperatures due to climate change are melting sea ice in the Arctic ARCTIC. CLIMATE CHANGE Climate change is causing habitat loss, changes in food sources, and more frequent extreme weather events, all of which impact animals ANIMALS. POLAR BEARS The melting of sea ice in the Arctic, due to climate change, is reducing the primary hunting grounds for polar bears SEA ICE. CLIMATE CHANGE Climate change, through events like wildfires, has pushed koala populations closer to the brink of extinction KOALAS. AUSTRALIA Wildfires in Australia have decimated koala populations KOALAS. CLIMATE CHANGE Warmer ocean temperatures caused by climate change are leading to coral bleaching, affecting coral reefs and the species that rely on them CORAL REEFS. CLIMATE CHANGE Climate change has led to warmer winters, allowing the spread of white-nose syndrome among bat populations BATS. CLIMATE CHANGE Climate change has contributed to severe wildfires in Australia, affecting wildlife AUSTRALIA. CLIMATE CHANGE The loss of sea ice in the Arctic due to climate change is directly affecting polar bears by reducing their primary hunting grounds POLAR BEARS. CORAL REEFS Warmer ocean temperatures are causing coral bleaching, which affects the health of coral reefs and the marine life that depends on them OCEAN TEMPERATURES. POLAR BEARS Polar bears are facing habitat loss in the Arctic due to melting sea ice caused by climate change ARCTIC. POLAR BEARS The melting of sea ice in the Arctic, due to climate change, is reducing the primary hunting grounds for polar bears SEA ICE. CORAL REEFS Warmer ocean temperatures are causing coral bleaching, which affects the health of coral reefs and the marine life that depends on them OCEAN TEMPERATURES.",
    "evaluation": 1
  },
  {
    "correct_answer": "Governments, conservation organizations, and individuals all have a role in addressing climate change impacts on animals.",
    "retrieved_context": "POLAR BEARS Polar bears are facing habitat loss in the Arctic due to melting sea ice caused by climate change ARCTIC. CLIMATE CHANGE Warming temperatures due to climate change are melting sea ice in the Arctic ARCTIC. CLIMATE CHANGE Climate change is causing habitat loss, changes in food sources, and more frequent extreme weather events, all of which impact animals ANIMALS. POLAR BEARS The melting of sea ice in the Arctic, due to climate change, is reducing the primary hunting grounds for polar bears SEA ICE. CLIMATE CHANGE Climate change, through events like wildfires, has pushed koala populations closer to the brink of extinction KOALAS. AUSTRALIA Wildfires in Australia have decimated koala populations KOALAS. CLIMATE CHANGE Warmer ocean temperatures caused by climate change are leading to coral bleaching, affecting coral reefs and the species that rely on them CORAL REEFS. CLIMATE CHANGE Climate change has led to warmer winters, allowing the spread of white-nose syndrome among bat populations BATS. CLIMATE CHANGE Climate change has contributed to severe wildfires in Australia, affecting wildlife AUSTRALIA. CLIMATE CHANGE The loss of sea ice in the Arctic due to climate change is directly affecting polar bears by reducing their primary hunting grounds POLAR BEARS. CORAL REEFS Warmer ocean temperatures are causing coral bleaching, which affects the health of coral reefs and the marine life that depends on them OCEAN TEMPERATURES. POLAR BEARS Polar bears are facing habitat loss in the Arctic due to melting sea ice caused by climate change ARCTIC. POLAR BEARS The melting of sea ice in the Arctic, due to climate change, is reducing the primary hunting grounds for polar bears SEA ICE. CORAL REEFS Warmer ocean temperatures are causing coral bleaching, which affects the health of coral reefs and the marine life that depends on them OCEAN TEMPERATURES.",
    "evaluation": 0
  },
  {
    "correct_answer": "Climate change puts pressure on animal populations worldwide.",
    "retrieved_context": "POLAR BEARS Polar bears are facing habitat loss in the Arctic due to melting sea ice caused by climate change ARCTIC. CLIMATE CHANGE Warming temperatures due to climate change are melting sea ice in the Arctic ARCTIC. CLIMATE CHANGE Climate change is causing habitat loss, changes in food sources, and more frequent extreme weather events, all of which impact animals ANIMALS. POLAR BEARS The melting of sea ice in the Arctic, due to climate change, is reducing the primary hunting grounds for polar bears SEA ICE. CLIMATE CHANGE Climate change, through events like wildfires, has pushed koala populations closer to the brink of extinction KOALAS. AUSTRALIA Wildfires in Australia have decimated koala populations KOALAS. CLIMATE CHANGE Warmer ocean temperatures caused by climate change are leading to coral bleaching, affecting coral reefs and the species that rely on them CORAL REEFS. CLIMATE CHANGE Climate change has led to warmer winters, allowing the spread of white-nose syndrome among bat populations BATS. CLIMATE CHANGE Climate change has contributed to severe wildfires in Australia, affecting wildlife AUSTRALIA. CLIMATE CHANGE The loss of sea ice in the Arctic due to climate change is directly affecting polar bears by reducing their primary hunting grounds POLAR BEARS. CORAL REEFS Warmer ocean temperatures are causing coral bleaching, which affects the health of coral reefs and the marine life that depends on them OCEAN TEMPERATURES. POLAR BEARS Polar bears are facing habitat loss in the Arctic due to melting sea ice caused by climate change ARCTIC. POLAR BEARS The melting of sea ice in the Arctic, due to climate change, is reducing the primary hunting grounds for polar bears SEA ICE.",
    "evaluation": 1
  },
  {
    "correct_answer": "Action is necessary to ensure a sustainable future for all living creatures on Earth.",
    "retrieved_context": "POLAR BEARS Polar bears are facing habitat loss in the Arctic due to melting sea ice caused by climate change ARCTIC. CLIMATE CHANGE Warming temperatures due to climate change are melting sea ice in the Arctic ARCTIC. CLIMATE CHANGE Climate change is causing habitat loss, changes in food sources, and more frequent extreme weather events, all of which impact animals ANIMALS. POLAR BEARS The melting of sea ice in the Arctic, due to climate change, is reducing the primary hunting grounds for polar bears SEA ICE. CLIMATE CHANGE Climate change, through events like wildfires, has pushed koala populations closer to the brink of extinction KOALAS. AUSTRALIA Wildfires in Australia have decimated koala populations KOALAS. CLIMATE CHANGE Warmer ocean temperatures caused by climate change are leading to coral bleaching, affecting coral reefs and the species that rely on them CORAL REEFS. CLIMATE CHANGE Climate change has led to warmer winters, allowing the spread of white-nose syndrome among bat populations BATS. CLIMATE CHANGE Climate change has contributed to severe wildfires in Australia, affecting wildlife AUSTRALIA. CLIMATE CHANGE The loss of sea ice in the Arctic due to climate change is directly affecting polar bears by reducing their primary hunting grounds POLAR BEARS. CORAL REEFS Warmer ocean temperatures are causing coral bleaching, which affects the health of coral reefs and the marine life that depends on them OCEAN TEMPERATURES. POLAR BEARS Polar bears are facing habitat loss in the Arctic due to melting sea ice caused by climate change ARCTIC. POLAR BEARS The melting of sea ice in the Arctic, due to climate change, is reducing the primary hunting grounds for polar bears SEA ICE. CORAL REEFS Warmer ocean temperatures are causing coral bleaching, which affects the health of coral reefs and the marine life that depends on them OCEAN TEMPERATURES.",
    "evaluation": 0
  },
  {
    "accuracy": "66.67%"
  }
]