[
  {
    "correct_answer": "Calligraphy is the art of beautiful writing.",
    "retrieved_context": "CALLIGRAPHY Calligraphy's aesthetic and techniques are applied in graphic design GRAPHIC DESIGN. CALLIGRAPHY Calligraphy is integrated into digital art, showing its modern applications DIGITAL ART. CALLIGRAPHY Calligraphy influences the creation of fonts and designs in typography TYPOGRAPHY. WESTERN CALLIGRAPHY Western calligraphy reached its peak with the development of Gothic script GOTHIC SCRIPT. WESTERN CALLIGRAPHY Carolingian minuscule became the basis for modern Western calligraphy CAROLINGIAN MINUSCULE. JAPANESE CALLIGRAPHY Japanese calligraphy was influenced by Chinese calligraphy but developed its own unique styles CHINESE CALLIGRAPHY. ARABIC CALLIGRAPHY Arabic calligraphy, a revered art form, plays a crucial role in Islamic culture, primarily through its extensive use in the transcription and decoration of the Quran. This practice not only underscores the cultural and religious significance of Arabic calligraphy but also highlights its integral relationship with the Quran, as it serves both to transcribe and embellish the holy text. QURAN. WESTERN CALLIGRAPHY Western calligraphy reached its peak with the development of Gothic script GOTHIC SCRIPT. JAPANESE CALLIGRAPHY Japanese calligraphy was influenced by Chinese calligraphy but developed its own unique styles CHINESE CALLIGRAPHY. ARABIC CALLIGRAPHY Arabic calligraphy and Western calligraphy both represent ancient traditions of artistic writing, using different tools and scripts WESTERN CALLIGRAPHY. WESTERN CALLIGRAPHY Carolingian minuscule became the basis for modern Western calligraphy CAROLINGIAN MINUSCULE. ARABIC CALLIGRAPHY Both Arabic and Chinese calligraphy use brushes for their unique script styles, though the tools and techniques differ CHINESE CALLIGRAPHY. ARABIC CALLIGRAPHY Arabic calligraphy shares the practice of using natural tools for writing with Japanese calligraphy, despite their different script styles JAPANESE CALLIGRAPHY. ARABIC CALLIGRAPHY Arabic calligraphy, an integral part of Islamic culture, developed alongside the spread of Islam. It was primarily used for transcribing the Quran and decorating religious places. This art form is deeply rooted in the traditions of Islam, reflecting its rich history and the importance of the Quran in Islamic faith. ISLAM.",
    "evaluation": 0
  },
  {
    "correct_answer": "Calligraphy has been practiced and revered for centuries.",
    "retrieved_context": "CALLIGRAPHY Calligraphy's aesthetic and techniques are applied in graphic design GRAPHIC DESIGN. CALLIGRAPHY Calligraphy is integrated into digital art, showing its modern applications DIGITAL ART. CALLIGRAPHY Calligraphy influences the creation of fonts and designs in typography TYPOGRAPHY. WESTERN CALLIGRAPHY Western calligraphy reached its peak with the development of Gothic script GOTHIC SCRIPT. WESTERN CALLIGRAPHY Carolingian minuscule became the basis for modern Western calligraphy CAROLINGIAN MINUSCULE. JAPANESE CALLIGRAPHY Japanese calligraphy was influenced by Chinese calligraphy but developed its own unique styles CHINESE CALLIGRAPHY. ARABIC CALLIGRAPHY Arabic calligraphy, a revered art form, plays a crucial role in Islamic culture, primarily through its extensive use in the transcription and decoration of the Quran. This practice not only underscores the cultural and religious significance of Arabic calligraphy but also highlights its integral relationship with the Quran, as it serves both to transcribe and embellish the holy text. QURAN. WESTERN CALLIGRAPHY Western calligraphy reached its peak with the development of Gothic script GOTHIC SCRIPT. JAPANESE CALLIGRAPHY Japanese calligraphy was influenced by Chinese calligraphy but developed its own unique styles CHINESE CALLIGRAPHY. ARABIC CALLIGRAPHY Arabic calligraphy and Western calligraphy both represent ancient traditions of artistic writing, using different tools and scripts WESTERN CALLIGRAPHY. WESTERN CALLIGRAPHY Carolingian minuscule became the basis for modern Western calligraphy CAROLINGIAN MINUSCULE. ARABIC CALLIGRAPHY Both Arabic and Chinese calligraphy use brushes for their unique script styles, though the tools and techniques differ CHINESE CALLIGRAPHY. ARABIC CALLIGRAPHY Arabic calligraphy shares the practice of using natural tools for writing with Japanese calligraphy, despite their different script styles JAPANESE CALLIGRAPHY. ARABIC CALLIGRAPHY Arabic calligraphy, an integral part of Islamic culture, developed alongside the spread of Islam. It was primarily used for transcribing the Quran and decorating religious places. This art form is deeply rooted in the traditions of Islam, reflecting its rich history and the importance of the Quran in Islamic faith. ISLAM.",
    "evaluation": 1
  },
  {
    "correct_answer": "Calligraphy embodies the harmony of form and expression.",
    "retrieved_context": "CALLIGRAPHY Calligraphy's aesthetic and techniques are applied in graphic design GRAPHIC DESIGN. CALLIGRAPHY Calligraphy is integrated into digital art, showing its modern applications DIGITAL ART. CALLIGRAPHY Calligraphy influences the creation of fonts and designs in typography TYPOGRAPHY. WESTERN CALLIGRAPHY Western calligraphy reached its peak with the development of Gothic script GOTHIC SCRIPT. WESTERN CALLIGRAPHY Carolingian minuscule became the basis for modern Western calligraphy CAROLINGIAN MINUSCULE. JAPANESE CALLIGRAPHY Japanese calligraphy was influenced by Chinese calligraphy but developed its own unique styles CHINESE CALLIGRAPHY. ARABIC CALLIGRAPHY Arabic calligraphy, a revered art form, plays a crucial role in Islamic culture, primarily through its extensive use in the transcription and decoration of the Quran. This practice not only underscores the cultural and religious significance of Arabic calligraphy but also highlights its integral relationship with the Quran, as it serves both to transcribe and embellish the holy text. QURAN. WESTERN CALLIGRAPHY Western calligraphy reached its peak with the development of Gothic script GOTHIC SCRIPT. JAPANESE CALLIGRAPHY Japanese calligraphy was influenced by Chinese calligraphy but developed its own unique styles CHINESE CALLIGRAPHY. ARABIC CALLIGRAPHY Arabic calligraphy and Western calligraphy both represent ancient traditions of artistic writing, using different tools and scripts WESTERN CALLIGRAPHY. WESTERN CALLIGRAPHY Carolingian minuscule became the basis for modern Western calligraphy CAROLINGIAN MINUSCULE. ARABIC CALLIGRAPHY Both Arabic and Chinese calligraphy use brushes for their unique script styles, though the tools and techniques differ CHINESE CALLIGRAPHY. ARABIC CALLIGRAPHY Arabic calligraphy shares the practice of using natural tools for writing with Japanese calligraphy, despite their different script styles JAPANESE CALLIGRAPHY. ARABIC CALLIGRAPHY Arabic calligraphy, an integral part of Islamic culture, developed alongside the spread of Islam. It was primarily used for transcribing the Quran and decorating religious places. This art form is deeply rooted in the traditions of Islam, reflecting its rich history and the importance of the Quran in Islamic faith. ISLAM.",
    "evaluation": 0
  },
  {
    "correct_answer": "Arabic calligraphy developed alongside the spread of Islam.",
    "retrieved_context": "ARABIC CALLIGRAPHY Arabic calligraphy, a revered art form, plays a crucial role in Islamic culture, primarily through its extensive use in the transcription and decoration of the Quran. This practice not only underscores the cultural and religious significance of Arabic calligraphy but also highlights its integral relationship with the Quran, as it serves both to transcribe and embellish the holy text. QURAN. WESTERN CALLIGRAPHY Western calligraphy reached its peak with the development of Gothic script GOTHIC SCRIPT. JAPANESE CALLIGRAPHY Japanese calligraphy was influenced by Chinese calligraphy but developed its own unique styles CHINESE CALLIGRAPHY. ARABIC CALLIGRAPHY Arabic calligraphy and Western calligraphy both represent ancient traditions of artistic writing, using different tools and scripts WESTERN CALLIGRAPHY. WESTERN CALLIGRAPHY Carolingian minuscule became the basis for modern Western calligraphy CAROLINGIAN MINUSCULE. ARABIC CALLIGRAPHY Both Arabic and Chinese calligraphy use brushes for their unique script styles, though the tools and techniques differ CHINESE CALLIGRAPHY. ARABIC CALLIGRAPHY Arabic calligraphy shares the practice of using natural tools for writing with Japanese calligraphy, despite their different script styles JAPANESE CALLIGRAPHY. ARABIC CALLIGRAPHY Arabic calligraphy, an integral part of Islamic culture, developed alongside the spread of Islam. It was primarily used for transcribing the Quran and decorating religious places. This art form is deeply rooted in the traditions of Islam, reflecting its rich history and the importance of the Quran in Islamic faith. ISLAM. WESTERN CALLIGRAPHY Western calligraphy reached its peak with the development of Gothic script GOTHIC SCRIPT. WESTERN CALLIGRAPHY Carolingian minuscule became the basis for modern Western calligraphy CAROLINGIAN MINUSCULE. CALLIGRAPHY Calligraphy's aesthetic and techniques are applied in graphic design GRAPHIC DESIGN. CALLIGRAPHY Calligraphy is integrated into digital art, showing its modern applications DIGITAL ART. CALLIGRAPHY Calligraphy influences the creation of fonts and designs in typography TYPOGRAPHY. JAPANESE CALLIGRAPHY Japanese calligraphy was influenced by Chinese calligraphy but developed its own unique styles CHINESE CALLIGRAPHY.",
    "evaluation": 1
  },
  {
    "correct_answer": "Chinese calligraphy is known as 'shufa'.",
    "retrieved_context": "JAPANESE CALLIGRAPHY Japanese calligraphy was influenced by Chinese calligraphy but developed its own unique styles CHINESE CALLIGRAPHY. CALLIGRAPHY Calligraphy's aesthetic and techniques are applied in graphic design GRAPHIC DESIGN. CALLIGRAPHY Calligraphy is integrated into digital art, showing its modern applications DIGITAL ART. CALLIGRAPHY Calligraphy influences the creation of fonts and designs in typography TYPOGRAPHY. WESTERN CALLIGRAPHY Western calligraphy reached its peak with the development of Gothic script GOTHIC SCRIPT. WESTERN CALLIGRAPHY Carolingian minuscule became the basis for modern Western calligraphy CAROLINGIAN MINUSCULE. ARABIC CALLIGRAPHY Arabic calligraphy, a revered art form, plays a crucial role in Islamic culture, primarily through its extensive use in the transcription and decoration of the Quran. This practice not only underscores the cultural and religious significance of Arabic calligraphy but also highlights its integral relationship with the Quran, as it serves both to transcribe and embellish the holy text. QURAN. WESTERN CALLIGRAPHY Western calligraphy reached its peak with the development of Gothic script GOTHIC SCRIPT. JAPANESE CALLIGRAPHY Japanese calligraphy was influenced by Chinese calligraphy but developed its own unique styles CHINESE CALLIGRAPHY. ARABIC CALLIGRAPHY Arabic calligraphy and Western calligraphy both represent ancient traditions of artistic writing, using different tools and scripts WESTERN CALLIGRAPHY. WESTERN CALLIGRAPHY Carolingian minuscule became the basis for modern Western calligraphy CAROLINGIAN MINUSCULE. ARABIC CALLIGRAPHY Both Arabic and Chinese calligraphy use brushes for their unique script styles, though the tools and techniques differ CHINESE CALLIGRAPHY. ARABIC CALLIGRAPHY Arabic calligraphy shares the practice of using natural tools for writing with Japanese calligraphy, despite their different script styles JAPANESE CALLIGRAPHY. ARABIC CALLIGRAPHY Arabic calligraphy, an integral part of Islamic culture, developed alongside the spread of Islam. It was primarily used for transcribing the Quran and decorating religious places. This art form is deeply rooted in the traditions of Islam, reflecting its rich history and the importance of the Quran in Islamic faith. ISLAM. CHINA Chinese calligraphy has had a significant influence on the development of Japanese calligraphy, with both traditions sharing philosophical and aesthetic values. This cultural exchange highlights the deep connection between China and Japan in the realm of calligraphy, where the art form in China served as a foundational influence on the practices and principles of calligraphy in Japan. Through this interaction, the rich tradition of calligraphy in China was instrumental in shaping the evolution and appreciation of calligraphy within Japanese culture, demonstrating the shared values and aesthetic principles between these two art forms. JAPANESE CALLIGRAPHY. JAPANESE CALLIGRAPHY Japanese calligraphy was influenced by Chinese calligraphy but developed its own unique styles CHINESE CALLIGRAPHY.",
    "evaluation": 0
  },
  {
    "correct_answer": "Japanese calligraphy was influenced by Chinese calligraphy.",
    "retrieved_context": "JAPANESE CALLIGRAPHY Japanese calligraphy was influenced by Chinese calligraphy but developed its own unique styles CHINESE CALLIGRAPHY. CALLIGRAPHY Calligraphy's aesthetic and techniques are applied in graphic design GRAPHIC DESIGN. CALLIGRAPHY Calligraphy is integrated into digital art, showing its modern applications DIGITAL ART. CALLIGRAPHY Calligraphy influences the creation of fonts and designs in typography TYPOGRAPHY. WESTERN CALLIGRAPHY Western calligraphy reached its peak with the development of Gothic script GOTHIC SCRIPT. WESTERN CALLIGRAPHY Carolingian minuscule became the basis for modern Western calligraphy CAROLINGIAN MINUSCULE. ARABIC CALLIGRAPHY Arabic calligraphy, a revered art form, plays a crucial role in Islamic culture, primarily through its extensive use in the transcription and decoration of the Quran. This practice not only underscores the cultural and religious significance of Arabic calligraphy but also highlights its integral relationship with the Quran, as it serves both to transcribe and embellish the holy text. QURAN. WESTERN CALLIGRAPHY Western calligraphy reached its peak with the development of Gothic script GOTHIC SCRIPT. JAPANESE CALLIGRAPHY Japanese calligraphy was influenced by Chinese calligraphy but developed its own unique styles CHINESE CALLIGRAPHY. ARABIC CALLIGRAPHY Arabic calligraphy and Western calligraphy both represent ancient traditions of artistic writing, using different tools and scripts WESTERN CALLIGRAPHY. WESTERN CALLIGRAPHY Carolingian minuscule became the basis for modern Western calligraphy CAROLINGIAN MINUSCULE. ARABIC CALLIGRAPHY Both Arabic and Chinese calligraphy use brushes for their unique script styles, though the tools and techniques differ CHINESE CALLIGRAPHY. ARABIC CALLIGRAPHY Arabic calligraphy shares the practice of using natural tools for writing with Japanese calligraphy, despite their different script styles JAPANESE CALLIGRAPHY. ARABIC CALLIGRAPHY Arabic calligraphy, an integral part of Islamic culture, developed alongside the spread of Islam. It was primarily used for transcribing the Quran and decorating religious places. This art form is deeply rooted in the traditions of Islam, reflecting its rich history and the importance of the Quran in Islamic faith. ISLAM.",
    "evaluation": 1
  },
  {
    "correct_answer": "Western calligraphy has been practiced since ancient times.",
    "retrieved_context": "WESTERN CALLIGRAPHY Western calligraphy reached its peak with the development of Gothic script GOTHIC SCRIPT. WESTERN CALLIGRAPHY Carolingian minuscule became the basis for modern Western calligraphy CAROLINGIAN MINUSCULE. CALLIGRAPHY Calligraphy's aesthetic and techniques are applied in graphic design GRAPHIC DESIGN. CALLIGRAPHY Calligraphy is integrated into digital art, showing its modern applications DIGITAL ART. CALLIGRAPHY Calligraphy influences the creation of fonts and designs in typography TYPOGRAPHY. ARABIC CALLIGRAPHY Arabic calligraphy, a revered art form, plays a crucial role in Islamic culture, primarily through its extensive use in the transcription and decoration of the Quran. This practice not only underscores the cultural and religious significance of Arabic calligraphy but also highlights its integral relationship with the Quran, as it serves both to transcribe and embellish the holy text. QURAN. WESTERN CALLIGRAPHY Western calligraphy reached its peak with the development of Gothic script GOTHIC SCRIPT. JAPANESE CALLIGRAPHY Japanese calligraphy was influenced by Chinese calligraphy but developed its own unique styles CHINESE CALLIGRAPHY. ARABIC CALLIGRAPHY Arabic calligraphy and Western calligraphy both represent ancient traditions of artistic writing, using different tools and scripts WESTERN CALLIGRAPHY. WESTERN CALLIGRAPHY Carolingian minuscule became the basis for modern Western calligraphy CAROLINGIAN MINUSCULE. ARABIC CALLIGRAPHY Both Arabic and Chinese calligraphy use brushes for their unique script styles, though the tools and techniques differ CHINESE CALLIGRAPHY. ARABIC CALLIGRAPHY Arabic calligraphy shares the practice of using natural tools for writing with Japanese calligraphy, despite their different script styles JAPANESE CALLIGRAPHY. ARABIC CALLIGRAPHY Arabic calligraphy, an integral part of Islamic culture, developed alongside the spread of Islam. It was primarily used for transcribing the Quran and decorating religious places. This art form is deeply rooted in the traditions of Islam, reflecting its rich history and the importance of the Quran in Islamic faith. ISLAM. JAPANESE CALLIGRAPHY Japanese calligraphy was influenced by Chinese calligraphy but developed its own unique styles CHINESE CALLIGRAPHY.",
    "evaluation": 0
  },
  {
    "correct_answer": "Calligraphy involves the use of specialized tools and materials.",
    "retrieved_context": "CALLIGRAPHY Calligraphy's aesthetic and techniques are applied in graphic design GRAPHIC DESIGN. CALLIGRAPHY Calligraphy is integrated into digital art, showing its modern applications DIGITAL ART. CALLIGRAPHY Calligraphy influences the creation of fonts and designs in typography TYPOGRAPHY. WESTERN CALLIGRAPHY Western calligraphy reached its peak with the development of Gothic script GOTHIC SCRIPT. WESTERN CALLIGRAPHY Carolingian minuscule became the basis for modern Western calligraphy CAROLINGIAN MINUSCULE. JAPANESE CALLIGRAPHY Japanese calligraphy was influenced by Chinese calligraphy but developed its own unique styles CHINESE CALLIGRAPHY. ARABIC CALLIGRAPHY Arabic calligraphy, a revered art form, plays a crucial role in Islamic culture, primarily through its extensive use in the transcription and decoration of the Quran. This practice not only underscores the cultural and religious significance of Arabic calligraphy but also highlights its integral relationship with the Quran, as it serves both to transcribe and embellish the holy text. QURAN. WESTERN CALLIGRAPHY Western calligraphy reached its peak with the development of Gothic script GOTHIC SCRIPT. JAPANESE CALLIGRAPHY Japanese calligraphy was influenced by Chinese calligraphy but developed its own unique styles CHINESE CALLIGRAPHY. ARABIC CALLIGRAPHY Arabic calligraphy and Western calligraphy both represent ancient traditions of artistic writing, using different tools and scripts WESTERN CALLIGRAPHY. WESTERN CALLIGRAPHY Carolingian minuscule became the basis for modern Western calligraphy CAROLINGIAN MINUSCULE. ARABIC CALLIGRAPHY Both Arabic and Chinese calligraphy use brushes for their unique script styles, though the tools and techniques differ CHINESE CALLIGRAPHY. ARABIC CALLIGRAPHY Arabic calligraphy shares the practice of using natural tools for writing with Japanese calligraphy, despite their different script styles JAPANESE CALLIGRAPHY. ARABIC CALLIGRAPHY Arabic calligraphy, an integral part of Islamic culture, developed alongside the spread of Islam. It was primarily used for transcribing the Quran and decorating religious places. This art form is deeply rooted in the traditions of Islam, reflecting its rich history and the importance of the Quran in Islamic faith. ISLAM.",
    "evaluation": 1
  },
  {
    "correct_answer": "The most essential tool in calligraphy is the writing instrument.",
    "retrieved_context": "CALLIGRAPHY Calligraphy's aesthetic and techniques are applied in graphic design GRAPHIC DESIGN. CALLIGRAPHY Calligraphy is integrated into digital art, showing its modern applications DIGITAL ART. CALLIGRAPHY Calligraphy influences the creation of fonts and designs in typography TYPOGRAPHY. WESTERN CALLIGRAPHY Western calligraphy reached its peak with the development of Gothic script GOTHIC SCRIPT. WESTERN CALLIGRAPHY Carolingian minuscule became the basis for modern Western calligraphy CAROLINGIAN MINUSCULE. JAPANESE CALLIGRAPHY Japanese calligraphy was influenced by Chinese calligraphy but developed its own unique styles CHINESE CALLIGRAPHY. ARABIC CALLIGRAPHY Arabic calligraphy, a revered art form, plays a crucial role in Islamic culture, primarily through its extensive use in the transcription and decoration of the Quran. This practice not only underscores the cultural and religious significance of Arabic calligraphy but also highlights its integral relationship with the Quran, as it serves both to transcribe and embellish the holy text. QURAN. WESTERN CALLIGRAPHY Western calligraphy reached its peak with the development of Gothic script GOTHIC SCRIPT. JAPANESE CALLIGRAPHY Japanese calligraphy was influenced by Chinese calligraphy but developed its own unique styles CHINESE CALLIGRAPHY. ARABIC CALLIGRAPHY Arabic calligraphy and Western calligraphy both represent ancient traditions of artistic writing, using different tools and scripts WESTERN CALLIGRAPHY. WESTERN CALLIGRAPHY Carolingian minuscule became the basis for modern Western calligraphy CAROLINGIAN MINUSCULE. ARABIC CALLIGRAPHY Both Arabic and Chinese calligraphy use brushes for their unique script styles, though the tools and techniques differ CHINESE CALLIGRAPHY. ARABIC CALLIGRAPHY Arabic calligraphy shares the practice of using natural tools for writing with Japanese calligraphy, despite their different script styles JAPANESE CALLIGRAPHY. ARABIC CALLIGRAPHY Arabic calligraphy, an integral part of Islamic culture, developed alongside the spread of Islam. It was primarily used for transcribing the Quran and decorating religious places. This art form is deeply rooted in the traditions of Islam, reflecting its rich history and the importance of the Quran in Islamic faith. ISLAM.",
    "evaluation": 0
  },
  {
    "correct_answer": "Chinese and Japanese calligraphy use a brush made of animal hair.",
    "retrieved_context": "JAPANESE CALLIGRAPHY Japanese calligraphy was influenced by Chinese calligraphy but developed its own unique styles CHINESE CALLIGRAPHY. CALLIGRAPHY Calligraphy's aesthetic and techniques are applied in graphic design GRAPHIC DESIGN. CALLIGRAPHY Calligraphy is integrated into digital art, showing its modern applications DIGITAL ART. CALLIGRAPHY Calligraphy influences the creation of fonts and designs in typography TYPOGRAPHY. WESTERN CALLIGRAPHY Western calligraphy reached its peak with the development of Gothic script GOTHIC SCRIPT. WESTERN CALLIGRAPHY Carolingian minuscule became the basis for modern Western calligraphy CAROLINGIAN MINUSCULE. ARABIC CALLIGRAPHY Arabic calligraphy, a revered art form, plays a crucial role in Islamic culture, primarily through its extensive use in the transcription and decoration of the Quran. This practice not only underscores the cultural and religious significance of Arabic calligraphy but also highlights its integral relationship with the Quran, as it serves both to transcribe and embellish the holy text. QURAN. WESTERN CALLIGRAPHY Western calligraphy reached its peak with the development of Gothic script GOTHIC SCRIPT. JAPANESE CALLIGRAPHY Japanese calligraphy was influenced by Chinese calligraphy but developed its own unique styles CHINESE CALLIGRAPHY. ARABIC CALLIGRAPHY Arabic calligraphy and Western calligraphy both represent ancient traditions of artistic writing, using different tools and scripts WESTERN CALLIGRAPHY. WESTERN CALLIGRAPHY Carolingian minuscule became the basis for modern Western calligraphy CAROLINGIAN MINUSCULE. ARABIC CALLIGRAPHY Both Arabic and Chinese calligraphy use brushes for their unique script styles, though the tools and techniques differ CHINESE CALLIGRAPHY. ARABIC CALLIGRAPHY Arabic calligraphy shares the practice of using natural tools for writing with Japanese calligraphy, despite their different script styles JAPANESE CALLIGRAPHY. ARABIC CALLIGRAPHY Arabic calligraphy, an integral part of Islamic culture, developed alongside the spread of Islam. It was primarily used for transcribing the Quran and decorating religious places. This art form is deeply rooted in the traditions of Islam, reflecting its rich history and the importance of the Quran in Islamic faith. ISLAM.",
    "evaluation": 0
  },
  {
    "correct_answer": "Arabic calligraphy commonly uses a reed pen or a bamboo pen.",
    "retrieved_context": "ARABIC CALLIGRAPHY Arabic calligraphy, a revered art form, plays a crucial role in Islamic culture, primarily through its extensive use in the transcription and decoration of the Quran. This practice not only underscores the cultural and religious significance of Arabic calligraphy but also highlights its integral relationship with the Quran, as it serves both to transcribe and embellish the holy text. QURAN. WESTERN CALLIGRAPHY Western calligraphy reached its peak with the development of Gothic script GOTHIC SCRIPT. JAPANESE CALLIGRAPHY Japanese calligraphy was influenced by Chinese calligraphy but developed its own unique styles CHINESE CALLIGRAPHY. ARABIC CALLIGRAPHY Arabic calligraphy and Western calligraphy both represent ancient traditions of artistic writing, using different tools and scripts WESTERN CALLIGRAPHY. WESTERN CALLIGRAPHY Carolingian minuscule became the basis for modern Western calligraphy CAROLINGIAN MINUSCULE. ARABIC CALLIGRAPHY Both Arabic and Chinese calligraphy use brushes for their unique script styles, though the tools and techniques differ CHINESE CALLIGRAPHY. ARABIC CALLIGRAPHY Arabic calligraphy shares the practice of using natural tools for writing with Japanese calligraphy, despite their different script styles JAPANESE CALLIGRAPHY. ARABIC CALLIGRAPHY Arabic calligraphy, an integral part of Islamic culture, developed alongside the spread of Islam. It was primarily used for transcribing the Quran and decorating religious places. This art form is deeply rooted in the traditions of Islam, reflecting its rich history and the importance of the Quran in Islamic faith. ISLAM. CALLIGRAPHY Calligraphy's aesthetic and techniques are applied in graphic design GRAPHIC DESIGN. CALLIGRAPHY Calligraphy is integrated into digital art, showing its modern applications DIGITAL ART. CALLIGRAPHY Calligraphy influences the creation of fonts and designs in typography TYPOGRAPHY. WESTERN CALLIGRAPHY Western calligraphy reached its peak with the development of Gothic script GOTHIC SCRIPT. WESTERN CALLIGRAPHY Carolingian minuscule became the basis for modern Western calligraphy CAROLINGIAN MINUSCULE. JAPANESE CALLIGRAPHY Japanese calligraphy was influenced by Chinese calligraphy but developed its own unique styles CHINESE CALLIGRAPHY.",
    "evaluation": 0
  },
  {
    "correct_answer": "Various types of pens are used in Western calligraphy.",
    "retrieved_context": "WESTERN CALLIGRAPHY Western calligraphy reached its peak with the development of Gothic script GOTHIC SCRIPT. WESTERN CALLIGRAPHY Carolingian minuscule became the basis for modern Western calligraphy CAROLINGIAN MINUSCULE. CALLIGRAPHY Calligraphy's aesthetic and techniques are applied in graphic design GRAPHIC DESIGN. CALLIGRAPHY Calligraphy is integrated into digital art, showing its modern applications DIGITAL ART. CALLIGRAPHY Calligraphy influences the creation of fonts and designs in typography TYPOGRAPHY. JAPANESE CALLIGRAPHY Japanese calligraphy was influenced by Chinese calligraphy but developed its own unique styles CHINESE CALLIGRAPHY. ARABIC CALLIGRAPHY Arabic calligraphy, a revered art form, plays a crucial role in Islamic culture, primarily through its extensive use in the transcription and decoration of the Quran. This practice not only underscores the cultural and religious significance of Arabic calligraphy but also highlights its integral relationship with the Quran, as it serves both to transcribe and embellish the holy text. QURAN. WESTERN CALLIGRAPHY Western calligraphy reached its peak with the development of Gothic script GOTHIC SCRIPT. JAPANESE CALLIGRAPHY Japanese calligraphy was influenced by Chinese calligraphy but developed its own unique styles CHINESE CALLIGRAPHY. ARABIC CALLIGRAPHY Arabic calligraphy and Western calligraphy both represent ancient traditions of artistic writing, using different tools and scripts WESTERN CALLIGRAPHY. WESTERN CALLIGRAPHY Carolingian minuscule became the basis for modern Western calligraphy CAROLINGIAN MINUSCULE. ARABIC CALLIGRAPHY Both Arabic and Chinese calligraphy use brushes for their unique script styles, though the tools and techniques differ CHINESE CALLIGRAPHY. ARABIC CALLIGRAPHY Arabic calligraphy shares the practice of using natural tools for writing with Japanese calligraphy, despite their different script styles JAPANESE CALLIGRAPHY. ARABIC CALLIGRAPHY Arabic calligraphy, an integral part of Islamic culture, developed alongside the spread of Islam. It was primarily used for transcribing the Quran and decorating religious places. This art form is deeply rooted in the traditions of Islam, reflecting its rich history and the importance of the Quran in Islamic faith. ISLAM.",
    "evaluation": 0
  },
  {
    "correct_answer": "Calligraphers use a variety of nibs, inks, and papers.",
    "retrieved_context": "CALLIGRAPHY Calligraphy's aesthetic and techniques are applied in graphic design GRAPHIC DESIGN. CALLIGRAPHY Calligraphy is integrated into digital art, showing its modern applications DIGITAL ART. CALLIGRAPHY Calligraphy influences the creation of fonts and designs in typography TYPOGRAPHY. JAPANESE CALLIGRAPHY Japanese calligraphy was influenced by Chinese calligraphy but developed its own unique styles CHINESE CALLIGRAPHY. WESTERN CALLIGRAPHY Western calligraphy reached its peak with the development of Gothic script GOTHIC SCRIPT. WESTERN CALLIGRAPHY Carolingian minuscule became the basis for modern Western calligraphy CAROLINGIAN MINUSCULE. ARABIC CALLIGRAPHY Arabic calligraphy, a revered art form, plays a crucial role in Islamic culture, primarily through its extensive use in the transcription and decoration of the Quran. This practice not only underscores the cultural and religious significance of Arabic calligraphy but also highlights its integral relationship with the Quran, as it serves both to transcribe and embellish the holy text. QURAN. WESTERN CALLIGRAPHY Western calligraphy reached its peak with the development of Gothic script GOTHIC SCRIPT. JAPANESE CALLIGRAPHY Japanese calligraphy was influenced by Chinese calligraphy but developed its own unique styles CHINESE CALLIGRAPHY. ARABIC CALLIGRAPHY Arabic calligraphy and Western calligraphy both represent ancient traditions of artistic writing, using different tools and scripts WESTERN CALLIGRAPHY. WESTERN CALLIGRAPHY Carolingian minuscule became the basis for modern Western calligraphy CAROLINGIAN MINUSCULE. ARABIC CALLIGRAPHY Both Arabic and Chinese calligraphy use brushes for their unique script styles, though the tools and techniques differ CHINESE CALLIGRAPHY. ARABIC CALLIGRAPHY Arabic calligraphy shares the practice of using natural tools for writing with Japanese calligraphy, despite their different script styles JAPANESE CALLIGRAPHY. ARABIC CALLIGRAPHY Arabic calligraphy, an integral part of Islamic culture, developed alongside the spread of Islam. It was primarily used for transcribing the Quran and decorating religious places. This art form is deeply rooted in the traditions of Islam, reflecting its rich history and the importance of the Quran in Islamic faith. ISLAM.",
    "evaluation": 0
  },
  {
    "correct_answer": "Calligraphy involves mastering the art of letterforms, spacing, and rhythm.",
    "retrieved_context": "CALLIGRAPHY Calligraphy's aesthetic and techniques are applied in graphic design GRAPHIC DESIGN. CALLIGRAPHY Calligraphy is integrated into digital art, showing its modern applications DIGITAL ART. CALLIGRAPHY Calligraphy influences the creation of fonts and designs in typography TYPOGRAPHY. WESTERN CALLIGRAPHY Western calligraphy reached its peak with the development of Gothic script GOTHIC SCRIPT. WESTERN CALLIGRAPHY Carolingian minuscule became the basis for modern Western calligraphy CAROLINGIAN MINUSCULE. JAPANESE CALLIGRAPHY Japanese calligraphy was influenced by Chinese calligraphy but developed its own unique styles CHINESE CALLIGRAPHY. ARABIC CALLIGRAPHY Arabic calligraphy, a revered art form, plays a crucial role in Islamic culture, primarily through its extensive use in the transcription and decoration of the Quran. This practice not only underscores the cultural and religious significance of Arabic calligraphy but also highlights its integral relationship with the Quran, as it serves both to transcribe and embellish the holy text. QURAN. WESTERN CALLIGRAPHY Western calligraphy reached its peak with the development of Gothic script GOTHIC SCRIPT. JAPANESE CALLIGRAPHY Japanese calligraphy was influenced by Chinese calligraphy but developed its own unique styles CHINESE CALLIGRAPHY. ARABIC CALLIGRAPHY Arabic calligraphy and Western calligraphy both represent ancient traditions of artistic writing, using different tools and scripts WESTERN CALLIGRAPHY. WESTERN CALLIGRAPHY Carolingian minuscule became the basis for modern Western calligraphy CAROLINGIAN MINUSCULE. ARABIC CALLIGRAPHY Both Arabic and Chinese calligraphy use brushes for their unique script styles, though the tools and techniques differ CHINESE CALLIGRAPHY. ARABIC CALLIGRAPHY Arabic calligraphy shares the practice of using natural tools for writing with Japanese calligraphy, despite their different script styles JAPANESE CALLIGRAPHY. ARABIC CALLIGRAPHY Arabic calligraphy, an integral part of Islamic culture, developed alongside the spread of Islam. It was primarily used for transcribing the Quran and decorating religious places. This art form is deeply rooted in the traditions of Islam, reflecting its rich history and the importance of the Quran in Islamic faith. ISLAM.",
    "evaluation": 0
  },
  {
    "correct_answer": "Calligraphy continues to be practiced and appreciated in the modern world.",
    "retrieved_context": "CALLIGRAPHY Calligraphy's aesthetic and techniques are applied in graphic design GRAPHIC DESIGN. CALLIGRAPHY Calligraphy is integrated into digital art, showing its modern applications DIGITAL ART. CALLIGRAPHY Calligraphy influences the creation of fonts and designs in typography TYPOGRAPHY. WESTERN CALLIGRAPHY Western calligraphy reached its peak with the development of Gothic script GOTHIC SCRIPT. WESTERN CALLIGRAPHY Carolingian minuscule became the basis for modern Western calligraphy CAROLINGIAN MINUSCULE. JAPANESE CALLIGRAPHY Japanese calligraphy was influenced by Chinese calligraphy but developed its own unique styles CHINESE CALLIGRAPHY. ARABIC CALLIGRAPHY Arabic calligraphy, a revered art form, plays a crucial role in Islamic culture, primarily through its extensive use in the transcription and decoration of the Quran. This practice not only underscores the cultural and religious significance of Arabic calligraphy but also highlights its integral relationship with the Quran, as it serves both to transcribe and embellish the holy text. QURAN. WESTERN CALLIGRAPHY Western calligraphy reached its peak with the development of Gothic script GOTHIC SCRIPT. JAPANESE CALLIGRAPHY Japanese calligraphy was influenced by Chinese calligraphy but developed its own unique styles CHINESE CALLIGRAPHY. ARABIC CALLIGRAPHY Arabic calligraphy and Western calligraphy both represent ancient traditions of artistic writing, using different tools and scripts WESTERN CALLIGRAPHY. WESTERN CALLIGRAPHY Carolingian minuscule became the basis for modern Western calligraphy CAROLINGIAN MINUSCULE. ARABIC CALLIGRAPHY Both Arabic and Chinese calligraphy use brushes for their unique script styles, though the tools and techniques differ CHINESE CALLIGRAPHY. ARABIC CALLIGRAPHY Arabic calligraphy shares the practice of using natural tools for writing with Japanese calligraphy, despite their different script styles JAPANESE CALLIGRAPHY. ARABIC CALLIGRAPHY Arabic calligraphy, an integral part of Islamic culture, developed alongside the spread of Islam. It was primarily used for transcribing the Quran and decorating religious places. This art form is deeply rooted in the traditions of Islam, reflecting its rich history and the importance of the Quran in Islamic faith. ISLAM.",
    "evaluation": 1
  },
  {
    "accuracy": "33.33%"
  }
]