[
  {
    "correct_answer": "The Bermuda Triangle is a region in the western part of the North Atlantic Ocean.",
    "retrieved_context": "BERMUDA TRIANGLE The USS Cyclops went missing in the Bermuda Triangle, adding to the enigma of the area USS CYCLOPS. FLIGHT 19 The Flight 19 crew consisted of 14 members who disappeared along with the aircraft in the Bermuda Triangle FLIGHT 19 CREW. UNPREDICTABLE WEATHER PATTERNS Unpredictable weather patterns in the Bermuda Triangle include sudden storms SUDDEN STORMS. COMPASS MALFUNCTIONS Magnetic anomalies in the Bermuda Triangle can lead to compass malfunctions MAGNETIC ANOMALIES. UNPREDICTABLE WEATHER PATTERNS Unpredictable weather patterns in the Bermuda Triangle include rogue waves ROGUE WAVES. BERMUDA TRIANGLE Sudden storms in the Bermuda Triangle could potentially explain some of the disappearances SUDDEN STORMS. BERMUDA TRIANGLE Methane hydrate destabilization is one of the scientific explanations for the mysterious disappearances in the Bermuda Triangle METHANE HYDRATE DESTABILIZATION. BERMUDA TRIANGLE Unpredictable weather patterns, including sudden storms and rogue waves, are characteristic of the Bermuda Triangle UNPREDICTABLE WEATHER PATTERNS. BERMUDA TRIANGLE Flight 19 disappeared in the Bermuda Triangle, contributing to its mystery FLIGHT 19. BERMUDA TRIANGLE Miami is one of the vertices of the Bermuda Triangle MIAMI. BERMUDA TRIANGLE Bermuda is one of the vertices of the Bermuda Triangle BERMUDA. BERMUDA TRIANGLE Puerto Rico is one of the vertices of the Bermuda Triangle PUERTO RICO. BERMUDA TRIANGLE The Bermuda Triangle is located in the western part of the North Atlantic Ocean NORTH ATLANTIC OCEAN. BERMUDA TRIANGLE The Bermuda Triangle is also known as the Devil's Triangle, referring to the same mysterious region DEVIL'S TRIANGLE. BERMUDA TRIANGLE Magnetic anomalies are a scientific explanation for the phenomena in the Bermuda Triangle MAGNETIC ANOMALIES. BERMUDA TRIANGLE Compass malfunctions, resulting from magnetic anomalies, contribute to the mystery of the Bermuda Triangle COMPASS MALFUNCTIONS. BERMUDA TRIANGLE Rogue waves in the Bermuda Triangle could potentially explain some of the disappearances ROGUE WAVES.",
    "evaluation": 1
  },
  {
    "correct_answer": "The Bermuda Triangle is also known as the Devil's Triangle.",
    "retrieved_context": "BERMUDA TRIANGLE The USS Cyclops went missing in the Bermuda Triangle, adding to the enigma of the area USS CYCLOPS. FLIGHT 19 The Flight 19 crew consisted of 14 members who disappeared along with the aircraft in the Bermuda Triangle FLIGHT 19 CREW. UNPREDICTABLE WEATHER PATTERNS Unpredictable weather patterns in the Bermuda Triangle include sudden storms SUDDEN STORMS. COMPASS MALFUNCTIONS Magnetic anomalies in the Bermuda Triangle can lead to compass malfunctions MAGNETIC ANOMALIES. UNPREDICTABLE WEATHER PATTERNS Unpredictable weather patterns in the Bermuda Triangle include rogue waves ROGUE WAVES. BERMUDA TRIANGLE Sudden storms in the Bermuda Triangle could potentially explain some of the disappearances SUDDEN STORMS. BERMUDA TRIANGLE Methane hydrate destabilization is one of the scientific explanations for the mysterious disappearances in the Bermuda Triangle METHANE HYDRATE DESTABILIZATION. BERMUDA TRIANGLE Unpredictable weather patterns, including sudden storms and rogue waves, are characteristic of the Bermuda Triangle UNPREDICTABLE WEATHER PATTERNS. BERMUDA TRIANGLE Flight 19 disappeared in the Bermuda Triangle, contributing to its mystery FLIGHT 19. BERMUDA TRIANGLE Miami is one of the vertices of the Bermuda Triangle MIAMI. BERMUDA TRIANGLE Bermuda is one of the vertices of the Bermuda Triangle BERMUDA. BERMUDA TRIANGLE Puerto Rico is one of the vertices of the Bermuda Triangle PUERTO RICO. BERMUDA TRIANGLE The Bermuda Triangle is located in the western part of the North Atlantic Ocean NORTH ATLANTIC OCEAN. BERMUDA TRIANGLE The Bermuda Triangle is also known as the Devil's Triangle, referring to the same mysterious region DEVIL'S TRIANGLE. BERMUDA TRIANGLE Magnetic anomalies are a scientific explanation for the phenomena in the Bermuda Triangle MAGNETIC ANOMALIES. BERMUDA TRIANGLE Compass malfunctions, resulting from magnetic anomalies, contribute to the mystery of the Bermuda Triangle COMPASS MALFUNCTIONS. BERMUDA TRIANGLE Rogue waves in the Bermuda Triangle could potentially explain some of the disappearances ROGUE WAVES.",
    "evaluation": 1
  },
  {
    "correct_answer": "Aircraft and ships have disappeared in the Bermuda Triangle under mysterious circumstances.",
    "retrieved_context": "BERMUDA TRIANGLE The USS Cyclops went missing in the Bermuda Triangle, adding to the enigma of the area USS CYCLOPS. FLIGHT 19 The Flight 19 crew consisted of 14 members who disappeared along with the aircraft in the Bermuda Triangle FLIGHT 19 CREW. UNPREDICTABLE WEATHER PATTERNS Unpredictable weather patterns in the Bermuda Triangle include sudden storms SUDDEN STORMS. COMPASS MALFUNCTIONS Magnetic anomalies in the Bermuda Triangle can lead to compass malfunctions MAGNETIC ANOMALIES. UNPREDICTABLE WEATHER PATTERNS Unpredictable weather patterns in the Bermuda Triangle include rogue waves ROGUE WAVES. BERMUDA TRIANGLE Sudden storms in the Bermuda Triangle could potentially explain some of the disappearances SUDDEN STORMS. BERMUDA TRIANGLE Methane hydrate destabilization is one of the scientific explanations for the mysterious disappearances in the Bermuda Triangle METHANE HYDRATE DESTABILIZATION. BERMUDA TRIANGLE Unpredictable weather patterns, including sudden storms and rogue waves, are characteristic of the Bermuda Triangle UNPREDICTABLE WEATHER PATTERNS. BERMUDA TRIANGLE Flight 19 disappeared in the Bermuda Triangle, contributing to its mystery FLIGHT 19. BERMUDA TRIANGLE Miami is one of the vertices of the Bermuda Triangle MIAMI. BERMUDA TRIANGLE Bermuda is one of the vertices of the Bermuda Triangle BERMUDA. BERMUDA TRIANGLE Puerto Rico is one of the vertices of the Bermuda Triangle PUERTO RICO. BERMUDA TRIANGLE The Bermuda Triangle is located in the western part of the North Atlantic Ocean NORTH ATLANTIC OCEAN. BERMUDA TRIANGLE The Bermuda Triangle is also known as the Devil's Triangle, referring to the same mysterious region DEVIL'S TRIANGLE. BERMUDA TRIANGLE Magnetic anomalies are a scientific explanation for the phenomena in the Bermuda Triangle MAGNETIC ANOMALIES. BERMUDA TRIANGLE Compass malfunctions, resulting from magnetic anomalies, contribute to the mystery of the Bermuda Triangle COMPASS MALFUNCTIONS. BERMUDA TRIANGLE Rogue waves in the Bermuda Triangle could potentially explain some of the disappearances ROGUE WAVES. FLIGHT 19 The Flight 19 crew consisted of 14 members who disappeared along with the aircraft in the Bermuda Triangle FLIGHT 19 CREW. COMPASS MALFUNCTIONS Magnetic anomalies in the Bermuda Triangle can lead to compass malfunctions MAGNETIC ANOMALIES.",
    "evaluation": 1
  },
  {
    "correct_answer": "The boundaries of the Bermuda Triangle vary depending on sources and theories.",
    "retrieved_context": "BERMUDA TRIANGLE The USS Cyclops went missing in the Bermuda Triangle, adding to the enigma of the area USS CYCLOPS. FLIGHT 19 The Flight 19 crew consisted of 14 members who disappeared along with the aircraft in the Bermuda Triangle FLIGHT 19 CREW. UNPREDICTABLE WEATHER PATTERNS Unpredictable weather patterns in the Bermuda Triangle include sudden storms SUDDEN STORMS. COMPASS MALFUNCTIONS Magnetic anomalies in the Bermuda Triangle can lead to compass malfunctions MAGNETIC ANOMALIES. UNPREDICTABLE WEATHER PATTERNS Unpredictable weather patterns in the Bermuda Triangle include rogue waves ROGUE WAVES. BERMUDA TRIANGLE Sudden storms in the Bermuda Triangle could potentially explain some of the disappearances SUDDEN STORMS. BERMUDA TRIANGLE Methane hydrate destabilization is one of the scientific explanations for the mysterious disappearances in the Bermuda Triangle METHANE HYDRATE DESTABILIZATION. BERMUDA TRIANGLE Unpredictable weather patterns, including sudden storms and rogue waves, are characteristic of the Bermuda Triangle UNPREDICTABLE WEATHER PATTERNS. BERMUDA TRIANGLE Flight 19 disappeared in the Bermuda Triangle, contributing to its mystery FLIGHT 19. BERMUDA TRIANGLE Miami is one of the vertices of the Bermuda Triangle MIAMI. BERMUDA TRIANGLE Bermuda is one of the vertices of the Bermuda Triangle BERMUDA. BERMUDA TRIANGLE Puerto Rico is one of the vertices of the Bermuda Triangle PUERTO RICO. BERMUDA TRIANGLE The Bermuda Triangle is located in the western part of the North Atlantic Ocean NORTH ATLANTIC OCEAN. BERMUDA TRIANGLE The Bermuda Triangle is also known as the Devil's Triangle, referring to the same mysterious region DEVIL'S TRIANGLE. BERMUDA TRIANGLE Magnetic anomalies are a scientific explanation for the phenomena in the Bermuda Triangle MAGNETIC ANOMALIES. BERMUDA TRIANGLE Compass malfunctions, resulting from magnetic anomalies, contribute to the mystery of the Bermuda Triangle COMPASS MALFUNCTIONS. BERMUDA TRIANGLE Rogue waves in the Bermuda Triangle could potentially explain some of the disappearances ROGUE WAVES. UNPREDICTABLE WEATHER PATTERNS Unpredictable weather patterns in the Bermuda Triangle include rogue waves ROGUE WAVES. UNPREDICTABLE WEATHER PATTERNS Unpredictable weather patterns in the Bermuda Triangle include sudden storms SUDDEN STORMS.",
    "evaluation": 0
  },
  {
    "correct_answer": "The Bermuda Triangle is generally believed to be between Miami, Bermuda, and Puerto Rico.",
    "retrieved_context": "BERMUDA TRIANGLE The USS Cyclops went missing in the Bermuda Triangle, adding to the enigma of the area USS CYCLOPS. FLIGHT 19 The Flight 19 crew consisted of 14 members who disappeared along with the aircraft in the Bermuda Triangle FLIGHT 19 CREW. UNPREDICTABLE WEATHER PATTERNS Unpredictable weather patterns in the Bermuda Triangle include sudden storms SUDDEN STORMS. COMPASS MALFUNCTIONS Magnetic anomalies in the Bermuda Triangle can lead to compass malfunctions MAGNETIC ANOMALIES. UNPREDICTABLE WEATHER PATTERNS Unpredictable weather patterns in the Bermuda Triangle include rogue waves ROGUE WAVES. BERMUDA TRIANGLE Sudden storms in the Bermuda Triangle could potentially explain some of the disappearances SUDDEN STORMS. BERMUDA TRIANGLE Methane hydrate destabilization is one of the scientific explanations for the mysterious disappearances in the Bermuda Triangle METHANE HYDRATE DESTABILIZATION. BERMUDA TRIANGLE Unpredictable weather patterns, including sudden storms and rogue waves, are characteristic of the Bermuda Triangle UNPREDICTABLE WEATHER PATTERNS. BERMUDA TRIANGLE Flight 19 disappeared in the Bermuda Triangle, contributing to its mystery FLIGHT 19. BERMUDA TRIANGLE Miami is one of the vertices of the Bermuda Triangle MIAMI. BERMUDA TRIANGLE Bermuda is one of the vertices of the Bermuda Triangle BERMUDA. BERMUDA TRIANGLE Puerto Rico is one of the vertices of the Bermuda Triangle PUERTO RICO. BERMUDA TRIANGLE The Bermuda Triangle is located in the western part of the North Atlantic Ocean NORTH ATLANTIC OCEAN. BERMUDA TRIANGLE The Bermuda Triangle is also known as the Devil's Triangle, referring to the same mysterious region DEVIL'S TRIANGLE. BERMUDA TRIANGLE Magnetic anomalies are a scientific explanation for the phenomena in the Bermuda Triangle MAGNETIC ANOMALIES. BERMUDA TRIANGLE Compass malfunctions, resulting from magnetic anomalies, contribute to the mystery of the Bermuda Triangle COMPASS MALFUNCTIONS. BERMUDA TRIANGLE Rogue waves in the Bermuda Triangle could potentially explain some of the disappearances ROGUE WAVES. UNPREDICTABLE WEATHER PATTERNS Unpredictable weather patterns in the Bermuda Triangle include rogue waves ROGUE WAVES. UNPREDICTABLE WEATHER PATTERNS Unpredictable weather patterns in the Bermuda Triangle include sudden storms SUDDEN STORMS.",
    "evaluation": 1
  },
  {
    "correct_answer": "Flight 19, a squadron of five U.S. Navy bombers, disappeared in the Bermuda Triangle in December 1945.",
    "retrieved_context": "FLIGHT 19 The Flight 19 crew consisted of 14 members who disappeared along with the aircraft in the Bermuda Triangle FLIGHT 19 CREW. BERMUDA TRIANGLE The USS Cyclops went missing in the Bermuda Triangle, adding to the enigma of the area USS CYCLOPS. FLIGHT 19 The Flight 19 crew consisted of 14 members who disappeared along with the aircraft in the Bermuda Triangle FLIGHT 19 CREW. UNPREDICTABLE WEATHER PATTERNS Unpredictable weather patterns in the Bermuda Triangle include sudden storms SUDDEN STORMS. COMPASS MALFUNCTIONS Magnetic anomalies in the Bermuda Triangle can lead to compass malfunctions MAGNETIC ANOMALIES. UNPREDICTABLE WEATHER PATTERNS Unpredictable weather patterns in the Bermuda Triangle include rogue waves ROGUE WAVES. BERMUDA TRIANGLE Sudden storms in the Bermuda Triangle could potentially explain some of the disappearances SUDDEN STORMS. BERMUDA TRIANGLE Methane hydrate destabilization is one of the scientific explanations for the mysterious disappearances in the Bermuda Triangle METHANE HYDRATE DESTABILIZATION. BERMUDA TRIANGLE Unpredictable weather patterns, including sudden storms and rogue waves, are characteristic of the Bermuda Triangle UNPREDICTABLE WEATHER PATTERNS. BERMUDA TRIANGLE Flight 19 disappeared in the Bermuda Triangle, contributing to its mystery FLIGHT 19. BERMUDA TRIANGLE Miami is one of the vertices of the Bermuda Triangle MIAMI. BERMUDA TRIANGLE Bermuda is one of the vertices of the Bermuda Triangle BERMUDA. BERMUDA TRIANGLE Puerto Rico is one of the vertices of the Bermuda Triangle PUERTO RICO. BERMUDA TRIANGLE The Bermuda Triangle is located in the western part of the North Atlantic Ocean NORTH ATLANTIC OCEAN. BERMUDA TRIANGLE The Bermuda Triangle is also known as the Devil's Triangle, referring to the same mysterious region DEVIL'S TRIANGLE. BERMUDA TRIANGLE Magnetic anomalies are a scientific explanation for the phenomena in the Bermuda Triangle MAGNETIC ANOMALIES. BERMUDA TRIANGLE Compass malfunctions, resulting from magnetic anomalies, contribute to the mystery of the Bermuda Triangle COMPASS MALFUNCTIONS. BERMUDA TRIANGLE Rogue waves in the Bermuda Triangle could potentially explain some of the disappearances ROGUE WAVES.",
    "evaluation": 0
  },
  {
    "correct_answer": "The USS Cyclops, a U.S. Navy cargo ship, went missing in the Bermuda Triangle in March 1918.",
    "retrieved_context": "BERMUDA TRIANGLE The USS Cyclops went missing in the Bermuda Triangle, adding to the enigma of the area USS CYCLOPS. FLIGHT 19 The Flight 19 crew consisted of 14 members who disappeared along with the aircraft in the Bermuda Triangle FLIGHT 19 CREW. UNPREDICTABLE WEATHER PATTERNS Unpredictable weather patterns in the Bermuda Triangle include sudden storms SUDDEN STORMS. COMPASS MALFUNCTIONS Magnetic anomalies in the Bermuda Triangle can lead to compass malfunctions MAGNETIC ANOMALIES. UNPREDICTABLE WEATHER PATTERNS Unpredictable weather patterns in the Bermuda Triangle include rogue waves ROGUE WAVES. BERMUDA TRIANGLE Sudden storms in the Bermuda Triangle could potentially explain some of the disappearances SUDDEN STORMS. BERMUDA TRIANGLE Methane hydrate destabilization is one of the scientific explanations for the mysterious disappearances in the Bermuda Triangle METHANE HYDRATE DESTABILIZATION. BERMUDA TRIANGLE Unpredictable weather patterns, including sudden storms and rogue waves, are characteristic of the Bermuda Triangle UNPREDICTABLE WEATHER PATTERNS. BERMUDA TRIANGLE Flight 19 disappeared in the Bermuda Triangle, contributing to its mystery FLIGHT 19. BERMUDA TRIANGLE Miami is one of the vertices of the Bermuda Triangle MIAMI. BERMUDA TRIANGLE Bermuda is one of the vertices of the Bermuda Triangle BERMUDA. BERMUDA TRIANGLE Puerto Rico is one of the vertices of the Bermuda Triangle PUERTO RICO. BERMUDA TRIANGLE The Bermuda Triangle is located in the western part of the North Atlantic Ocean NORTH ATLANTIC OCEAN. BERMUDA TRIANGLE The Bermuda Triangle is also known as the Devil's Triangle, referring to the same mysterious region DEVIL'S TRIANGLE. BERMUDA TRIANGLE Magnetic anomalies are a scientific explanation for the phenomena in the Bermuda Triangle MAGNETIC ANOMALIES. BERMUDA TRIANGLE Compass malfunctions, resulting from magnetic anomalies, contribute to the mystery of the Bermuda Triangle COMPASS MALFUNCTIONS. BERMUDA TRIANGLE Rogue waves in the Bermuda Triangle could potentially explain some of the disappearances ROGUE WAVES. FLIGHT 19 The Flight 19 crew consisted of 14 members who disappeared along with the aircraft in the Bermuda Triangle FLIGHT 19 CREW.",
    "evaluation": 0
  },
  {
    "correct_answer": "The USS Cyclops was carrying a full load of manganese ore when it disappeared.",
    "retrieved_context": "BERMUDA TRIANGLE The USS Cyclops went missing in the Bermuda Triangle, adding to the enigma of the area USS CYCLOPS. FLIGHT 19 The Flight 19 crew consisted of 14 members who disappeared along with the aircraft in the Bermuda Triangle FLIGHT 19 CREW. UNPREDICTABLE WEATHER PATTERNS Unpredictable weather patterns in the Bermuda Triangle include sudden storms SUDDEN STORMS. COMPASS MALFUNCTIONS Magnetic anomalies in the Bermuda Triangle can lead to compass malfunctions MAGNETIC ANOMALIES. UNPREDICTABLE WEATHER PATTERNS Unpredictable weather patterns in the Bermuda Triangle include rogue waves ROGUE WAVES. BERMUDA TRIANGLE Sudden storms in the Bermuda Triangle could potentially explain some of the disappearances SUDDEN STORMS. BERMUDA TRIANGLE Methane hydrate destabilization is one of the scientific explanations for the mysterious disappearances in the Bermuda Triangle METHANE HYDRATE DESTABILIZATION. BERMUDA TRIANGLE Unpredictable weather patterns, including sudden storms and rogue waves, are characteristic of the Bermuda Triangle UNPREDICTABLE WEATHER PATTERNS. BERMUDA TRIANGLE Flight 19 disappeared in the Bermuda Triangle, contributing to its mystery FLIGHT 19. BERMUDA TRIANGLE Miami is one of the vertices of the Bermuda Triangle MIAMI. BERMUDA TRIANGLE Bermuda is one of the vertices of the Bermuda Triangle BERMUDA. BERMUDA TRIANGLE Puerto Rico is one of the vertices of the Bermuda Triangle PUERTO RICO. BERMUDA TRIANGLE The Bermuda Triangle is located in the western part of the North Atlantic Ocean NORTH ATLANTIC OCEAN. BERMUDA TRIANGLE The Bermuda Triangle is also known as the Devil's Triangle, referring to the same mysterious region DEVIL'S TRIANGLE. BERMUDA TRIANGLE Magnetic anomalies are a scientific explanation for the phenomena in the Bermuda Triangle MAGNETIC ANOMALIES. BERMUDA TRIANGLE Compass malfunctions, resulting from magnetic anomalies, contribute to the mystery of the Bermuda Triangle COMPASS MALFUNCTIONS. BERMUDA TRIANGLE Rogue waves in the Bermuda Triangle could potentially explain some of the disappearances ROGUE WAVES. COMPASS MALFUNCTIONS Magnetic anomalies in the Bermuda Triangle can lead to compass malfunctions MAGNETIC ANOMALIES.",
    "evaluation": 0
  },
  {
    "correct_answer": "The Bermuda Triangle has fueled a wide range of theories, including supernatural forces and extraterrestrial involvement.",
    "retrieved_context": "BERMUDA TRIANGLE The USS Cyclops went missing in the Bermuda Triangle, adding to the enigma of the area USS CYCLOPS. FLIGHT 19 The Flight 19 crew consisted of 14 members who disappeared along with the aircraft in the Bermuda Triangle FLIGHT 19 CREW. UNPREDICTABLE WEATHER PATTERNS Unpredictable weather patterns in the Bermuda Triangle include sudden storms SUDDEN STORMS. COMPASS MALFUNCTIONS Magnetic anomalies in the Bermuda Triangle can lead to compass malfunctions MAGNETIC ANOMALIES. UNPREDICTABLE WEATHER PATTERNS Unpredictable weather patterns in the Bermuda Triangle include rogue waves ROGUE WAVES. BERMUDA TRIANGLE Sudden storms in the Bermuda Triangle could potentially explain some of the disappearances SUDDEN STORMS. BERMUDA TRIANGLE Methane hydrate destabilization is one of the scientific explanations for the mysterious disappearances in the Bermuda Triangle METHANE HYDRATE DESTABILIZATION. BERMUDA TRIANGLE Unpredictable weather patterns, including sudden storms and rogue waves, are characteristic of the Bermuda Triangle UNPREDICTABLE WEATHER PATTERNS. BERMUDA TRIANGLE Flight 19 disappeared in the Bermuda Triangle, contributing to its mystery FLIGHT 19. BERMUDA TRIANGLE Miami is one of the vertices of the Bermuda Triangle MIAMI. BERMUDA TRIANGLE Bermuda is one of the vertices of the Bermuda Triangle BERMUDA. BERMUDA TRIANGLE Puerto Rico is one of the vertices of the Bermuda Triangle PUERTO RICO. BERMUDA TRIANGLE The Bermuda Triangle is located in the western part of the North Atlantic Ocean NORTH ATLANTIC OCEAN. BERMUDA TRIANGLE The Bermuda Triangle is also known as the Devil's Triangle, referring to the same mysterious region DEVIL'S TRIANGLE. BERMUDA TRIANGLE Magnetic anomalies are a scientific explanation for the phenomena in the Bermuda Triangle MAGNETIC ANOMALIES. BERMUDA TRIANGLE Compass malfunctions, resulting from magnetic anomalies, contribute to the mystery of the Bermuda Triangle COMPASS MALFUNCTIONS. BERMUDA TRIANGLE Rogue waves in the Bermuda Triangle could potentially explain some of the disappearances ROGUE WAVES. UNPREDICTABLE WEATHER PATTERNS Unpredictable weather patterns in the Bermuda Triangle include rogue waves ROGUE WAVES. UNPREDICTABLE WEATHER PATTERNS Unpredictable weather patterns in the Bermuda Triangle include sudden storms SUDDEN STORMS.",
    "evaluation": 0
  },
  {
    "correct_answer": "Strong magnetic anomalies in the Bermuda Triangle could interfere with navigation systems.",
    "retrieved_context": "BERMUDA TRIANGLE The USS Cyclops went missing in the Bermuda Triangle, adding to the enigma of the area USS CYCLOPS. FLIGHT 19 The Flight 19 crew consisted of 14 members who disappeared along with the aircraft in the Bermuda Triangle FLIGHT 19 CREW. UNPREDICTABLE WEATHER PATTERNS Unpredictable weather patterns in the Bermuda Triangle include sudden storms SUDDEN STORMS. COMPASS MALFUNCTIONS Magnetic anomalies in the Bermuda Triangle can lead to compass malfunctions MAGNETIC ANOMALIES. UNPREDICTABLE WEATHER PATTERNS Unpredictable weather patterns in the Bermuda Triangle include rogue waves ROGUE WAVES. BERMUDA TRIANGLE Sudden storms in the Bermuda Triangle could potentially explain some of the disappearances SUDDEN STORMS. BERMUDA TRIANGLE Methane hydrate destabilization is one of the scientific explanations for the mysterious disappearances in the Bermuda Triangle METHANE HYDRATE DESTABILIZATION. BERMUDA TRIANGLE Unpredictable weather patterns, including sudden storms and rogue waves, are characteristic of the Bermuda Triangle UNPREDICTABLE WEATHER PATTERNS. BERMUDA TRIANGLE Flight 19 disappeared in the Bermuda Triangle, contributing to its mystery FLIGHT 19. BERMUDA TRIANGLE Miami is one of the vertices of the Bermuda Triangle MIAMI. BERMUDA TRIANGLE Bermuda is one of the vertices of the Bermuda Triangle BERMUDA. BERMUDA TRIANGLE Puerto Rico is one of the vertices of the Bermuda Triangle PUERTO RICO. BERMUDA TRIANGLE The Bermuda Triangle is located in the western part of the North Atlantic Ocean NORTH ATLANTIC OCEAN. BERMUDA TRIANGLE The Bermuda Triangle is also known as the Devil's Triangle, referring to the same mysterious region DEVIL'S TRIANGLE. BERMUDA TRIANGLE Magnetic anomalies are a scientific explanation for the phenomena in the Bermuda Triangle MAGNETIC ANOMALIES. BERMUDA TRIANGLE Compass malfunctions, resulting from magnetic anomalies, contribute to the mystery of the Bermuda Triangle COMPASS MALFUNCTIONS. BERMUDA TRIANGLE Rogue waves in the Bermuda Triangle could potentially explain some of the disappearances ROGUE WAVES. COMPASS MALFUNCTIONS Magnetic anomalies in the Bermuda Triangle can lead to compass malfunctions MAGNETIC ANOMALIES. UNPREDICTABLE WEATHER PATTERNS Unpredictable weather patterns in the Bermuda Triangle include rogue waves ROGUE WAVES. UNPREDICTABLE WEATHER PATTERNS Unpredictable weather patterns in the Bermuda Triangle include sudden storms SUDDEN STORMS.",
    "evaluation": 1
  },
  {
    "correct_answer": "The Bermuda Triangle is known for its unpredictable weather patterns, including sudden storms and rogue waves.",
    "retrieved_context": "BERMUDA TRIANGLE The USS Cyclops went missing in the Bermuda Triangle, adding to the enigma of the area USS CYCLOPS. FLIGHT 19 The Flight 19 crew consisted of 14 members who disappeared along with the aircraft in the Bermuda Triangle FLIGHT 19 CREW. UNPREDICTABLE WEATHER PATTERNS Unpredictable weather patterns in the Bermuda Triangle include sudden storms SUDDEN STORMS. COMPASS MALFUNCTIONS Magnetic anomalies in the Bermuda Triangle can lead to compass malfunctions MAGNETIC ANOMALIES. UNPREDICTABLE WEATHER PATTERNS Unpredictable weather patterns in the Bermuda Triangle include rogue waves ROGUE WAVES. BERMUDA TRIANGLE Sudden storms in the Bermuda Triangle could potentially explain some of the disappearances SUDDEN STORMS. BERMUDA TRIANGLE Methane hydrate destabilization is one of the scientific explanations for the mysterious disappearances in the Bermuda Triangle METHANE HYDRATE DESTABILIZATION. BERMUDA TRIANGLE Unpredictable weather patterns, including sudden storms and rogue waves, are characteristic of the Bermuda Triangle UNPREDICTABLE WEATHER PATTERNS. BERMUDA TRIANGLE Flight 19 disappeared in the Bermuda Triangle, contributing to its mystery FLIGHT 19. BERMUDA TRIANGLE Miami is one of the vertices of the Bermuda Triangle MIAMI. BERMUDA TRIANGLE Bermuda is one of the vertices of the Bermuda Triangle BERMUDA. BERMUDA TRIANGLE Puerto Rico is one of the vertices of the Bermuda Triangle PUERTO RICO. BERMUDA TRIANGLE The Bermuda Triangle is located in the western part of the North Atlantic Ocean NORTH ATLANTIC OCEAN. BERMUDA TRIANGLE The Bermuda Triangle is also known as the Devil's Triangle, referring to the same mysterious region DEVIL'S TRIANGLE. BERMUDA TRIANGLE Magnetic anomalies are a scientific explanation for the phenomena in the Bermuda Triangle MAGNETIC ANOMALIES. BERMUDA TRIANGLE Compass malfunctions, resulting from magnetic anomalies, contribute to the mystery of the Bermuda Triangle COMPASS MALFUNCTIONS. BERMUDA TRIANGLE Rogue waves in the Bermuda Triangle could potentially explain some of the disappearances ROGUE WAVES. UNPREDICTABLE WEATHER PATTERNS Unpredictable weather patterns in the Bermuda Triangle include rogue waves ROGUE WAVES. UNPREDICTABLE WEATHER PATTERNS Unpredictable weather patterns in the Bermuda Triangle include sudden storms SUDDEN STORMS.",
    "evaluation": 1
  },
  {
    "correct_answer": "Methane gas trapped beneath the seafloor could be a possible explanation for disappearances in the Bermuda Triangle.",
    "retrieved_context": "BERMUDA TRIANGLE The USS Cyclops went missing in the Bermuda Triangle, adding to the enigma of the area USS CYCLOPS. FLIGHT 19 The Flight 19 crew consisted of 14 members who disappeared along with the aircraft in the Bermuda Triangle FLIGHT 19 CREW. UNPREDICTABLE WEATHER PATTERNS Unpredictable weather patterns in the Bermuda Triangle include sudden storms SUDDEN STORMS. COMPASS MALFUNCTIONS Magnetic anomalies in the Bermuda Triangle can lead to compass malfunctions MAGNETIC ANOMALIES. UNPREDICTABLE WEATHER PATTERNS Unpredictable weather patterns in the Bermuda Triangle include rogue waves ROGUE WAVES. BERMUDA TRIANGLE Sudden storms in the Bermuda Triangle could potentially explain some of the disappearances SUDDEN STORMS. BERMUDA TRIANGLE Methane hydrate destabilization is one of the scientific explanations for the mysterious disappearances in the Bermuda Triangle METHANE HYDRATE DESTABILIZATION. BERMUDA TRIANGLE Unpredictable weather patterns, including sudden storms and rogue waves, are characteristic of the Bermuda Triangle UNPREDICTABLE WEATHER PATTERNS. BERMUDA TRIANGLE Flight 19 disappeared in the Bermuda Triangle, contributing to its mystery FLIGHT 19. BERMUDA TRIANGLE Miami is one of the vertices of the Bermuda Triangle MIAMI. BERMUDA TRIANGLE Bermuda is one of the vertices of the Bermuda Triangle BERMUDA. BERMUDA TRIANGLE Puerto Rico is one of the vertices of the Bermuda Triangle PUERTO RICO. BERMUDA TRIANGLE The Bermuda Triangle is located in the western part of the North Atlantic Ocean NORTH ATLANTIC OCEAN. BERMUDA TRIANGLE The Bermuda Triangle is also known as the Devil's Triangle, referring to the same mysterious region DEVIL'S TRIANGLE. BERMUDA TRIANGLE Magnetic anomalies are a scientific explanation for the phenomena in the Bermuda Triangle MAGNETIC ANOMALIES. BERMUDA TRIANGLE Compass malfunctions, resulting from magnetic anomalies, contribute to the mystery of the Bermuda Triangle COMPASS MALFUNCTIONS. BERMUDA TRIANGLE Rogue waves in the Bermuda Triangle could potentially explain some of the disappearances ROGUE WAVES.",
    "evaluation": 1
  },
  {
    "correct_answer": "The lack of concrete evidence deepens the intrigue surrounding the Bermuda Triangle.",
    "retrieved_context": "BERMUDA TRIANGLE The USS Cyclops went missing in the Bermuda Triangle, adding to the enigma of the area USS CYCLOPS. FLIGHT 19 The Flight 19 crew consisted of 14 members who disappeared along with the aircraft in the Bermuda Triangle FLIGHT 19 CREW. UNPREDICTABLE WEATHER PATTERNS Unpredictable weather patterns in the Bermuda Triangle include sudden storms SUDDEN STORMS. COMPASS MALFUNCTIONS Magnetic anomalies in the Bermuda Triangle can lead to compass malfunctions MAGNETIC ANOMALIES. UNPREDICTABLE WEATHER PATTERNS Unpredictable weather patterns in the Bermuda Triangle include rogue waves ROGUE WAVES. BERMUDA TRIANGLE Sudden storms in the Bermuda Triangle could potentially explain some of the disappearances SUDDEN STORMS. BERMUDA TRIANGLE Methane hydrate destabilization is one of the scientific explanations for the mysterious disappearances in the Bermuda Triangle METHANE HYDRATE DESTABILIZATION. BERMUDA TRIANGLE Unpredictable weather patterns, including sudden storms and rogue waves, are characteristic of the Bermuda Triangle UNPREDICTABLE WEATHER PATTERNS. BERMUDA TRIANGLE Flight 19 disappeared in the Bermuda Triangle, contributing to its mystery FLIGHT 19. BERMUDA TRIANGLE Miami is one of the vertices of the Bermuda Triangle MIAMI. BERMUDA TRIANGLE Bermuda is one of the vertices of the Bermuda Triangle BERMUDA. BERMUDA TRIANGLE Puerto Rico is one of the vertices of the Bermuda Triangle PUERTO RICO. BERMUDA TRIANGLE The Bermuda Triangle is located in the western part of the North Atlantic Ocean NORTH ATLANTIC OCEAN. BERMUDA TRIANGLE The Bermuda Triangle is also known as the Devil's Triangle, referring to the same mysterious region DEVIL'S TRIANGLE. BERMUDA TRIANGLE Magnetic anomalies are a scientific explanation for the phenomena in the Bermuda Triangle MAGNETIC ANOMALIES. BERMUDA TRIANGLE Compass malfunctions, resulting from magnetic anomalies, contribute to the mystery of the Bermuda Triangle COMPASS MALFUNCTIONS. BERMUDA TRIANGLE Rogue waves in the Bermuda Triangle could potentially explain some of the disappearances ROGUE WAVES. UNPREDICTABLE WEATHER PATTERNS Unpredictable weather patterns in the Bermuda Triangle include rogue waves ROGUE WAVES. UNPREDICTABLE WEATHER PATTERNS Unpredictable weather patterns in the Bermuda Triangle include sudden storms SUDDEN STORMS.",
    "evaluation": 0
  },
  {
    "correct_answer": "The Bermuda Triangle remains a mystery for researchers, scientists, and enthusiasts.",
    "retrieved_context": "BERMUDA TRIANGLE The USS Cyclops went missing in the Bermuda Triangle, adding to the enigma of the area USS CYCLOPS. FLIGHT 19 The Flight 19 crew consisted of 14 members who disappeared along with the aircraft in the Bermuda Triangle FLIGHT 19 CREW. UNPREDICTABLE WEATHER PATTERNS Unpredictable weather patterns in the Bermuda Triangle include sudden storms SUDDEN STORMS. COMPASS MALFUNCTIONS Magnetic anomalies in the Bermuda Triangle can lead to compass malfunctions MAGNETIC ANOMALIES. UNPREDICTABLE WEATHER PATTERNS Unpredictable weather patterns in the Bermuda Triangle include rogue waves ROGUE WAVES. BERMUDA TRIANGLE Sudden storms in the Bermuda Triangle could potentially explain some of the disappearances SUDDEN STORMS. BERMUDA TRIANGLE Methane hydrate destabilization is one of the scientific explanations for the mysterious disappearances in the Bermuda Triangle METHANE HYDRATE DESTABILIZATION. BERMUDA TRIANGLE Unpredictable weather patterns, including sudden storms and rogue waves, are characteristic of the Bermuda Triangle UNPREDICTABLE WEATHER PATTERNS. BERMUDA TRIANGLE Flight 19 disappeared in the Bermuda Triangle, contributing to its mystery FLIGHT 19. BERMUDA TRIANGLE Miami is one of the vertices of the Bermuda Triangle MIAMI. BERMUDA TRIANGLE Bermuda is one of the vertices of the Bermuda Triangle BERMUDA. BERMUDA TRIANGLE Puerto Rico is one of the vertices of the Bermuda Triangle PUERTO RICO. BERMUDA TRIANGLE The Bermuda Triangle is located in the western part of the North Atlantic Ocean NORTH ATLANTIC OCEAN. BERMUDA TRIANGLE The Bermuda Triangle is also known as the Devil's Triangle, referring to the same mysterious region DEVIL'S TRIANGLE. BERMUDA TRIANGLE Magnetic anomalies are a scientific explanation for the phenomena in the Bermuda Triangle MAGNETIC ANOMALIES. BERMUDA TRIANGLE Compass malfunctions, resulting from magnetic anomalies, contribute to the mystery of the Bermuda Triangle COMPASS MALFUNCTIONS. BERMUDA TRIANGLE Rogue waves in the Bermuda Triangle could potentially explain some of the disappearances ROGUE WAVES. COMPASS MALFUNCTIONS Magnetic anomalies in the Bermuda Triangle can lead to compass malfunctions MAGNETIC ANOMALIES. UNPREDICTABLE WEATHER PATTERNS Unpredictable weather patterns in the Bermuda Triangle include rogue waves ROGUE WAVES. UNPREDICTABLE WEATHER PATTERNS Unpredictable weather patterns in the Bermuda Triangle include sudden storms SUDDEN STORMS.",
    "evaluation": 1
  },
  {
    "correct_answer": "The allure of the Bermuda Triangle continues to captivate those who explore its secrets.",
    "retrieved_context": "BERMUDA TRIANGLE The USS Cyclops went missing in the Bermuda Triangle, adding to the enigma of the area USS CYCLOPS. FLIGHT 19 The Flight 19 crew consisted of 14 members who disappeared along with the aircraft in the Bermuda Triangle FLIGHT 19 CREW. UNPREDICTABLE WEATHER PATTERNS Unpredictable weather patterns in the Bermuda Triangle include sudden storms SUDDEN STORMS. COMPASS MALFUNCTIONS Magnetic anomalies in the Bermuda Triangle can lead to compass malfunctions MAGNETIC ANOMALIES. UNPREDICTABLE WEATHER PATTERNS Unpredictable weather patterns in the Bermuda Triangle include rogue waves ROGUE WAVES. BERMUDA TRIANGLE Sudden storms in the Bermuda Triangle could potentially explain some of the disappearances SUDDEN STORMS. BERMUDA TRIANGLE Methane hydrate destabilization is one of the scientific explanations for the mysterious disappearances in the Bermuda Triangle METHANE HYDRATE DESTABILIZATION. BERMUDA TRIANGLE Unpredictable weather patterns, including sudden storms and rogue waves, are characteristic of the Bermuda Triangle UNPREDICTABLE WEATHER PATTERNS. BERMUDA TRIANGLE Flight 19 disappeared in the Bermuda Triangle, contributing to its mystery FLIGHT 19. BERMUDA TRIANGLE Miami is one of the vertices of the Bermuda Triangle MIAMI. BERMUDA TRIANGLE Bermuda is one of the vertices of the Bermuda Triangle BERMUDA. BERMUDA TRIANGLE Puerto Rico is one of the vertices of the Bermuda Triangle PUERTO RICO. BERMUDA TRIANGLE The Bermuda Triangle is located in the western part of the North Atlantic Ocean NORTH ATLANTIC OCEAN. BERMUDA TRIANGLE The Bermuda Triangle is also known as the Devil's Triangle, referring to the same mysterious region DEVIL'S TRIANGLE. BERMUDA TRIANGLE Magnetic anomalies are a scientific explanation for the phenomena in the Bermuda Triangle MAGNETIC ANOMALIES. BERMUDA TRIANGLE Compass malfunctions, resulting from magnetic anomalies, contribute to the mystery of the Bermuda Triangle COMPASS MALFUNCTIONS. BERMUDA TRIANGLE Rogue waves in the Bermuda Triangle could potentially explain some of the disappearances ROGUE WAVES. COMPASS MALFUNCTIONS Magnetic anomalies in the Bermuda Triangle can lead to compass malfunctions MAGNETIC ANOMALIES.",
    "evaluation": 0
  },
  {
    "accuracy": "53.33%"
  }
]