[
  {
    "correct_answer": "The concept of home has evolved significantly over the centuries.",
    "retrieved_context": "ANCIENT TIMES Tents were used by early humans as primitive shelters during ancient times TENTS. MODERN HOME Cultural influences have significantly shaped the design and function of the modern home over centuries CULTURAL INFLUENCES. ANCIENT TIMES In ancient times, caves were among the earliest forms of shelter for humans CAVES. MODERN HOME The modern home's evolution began in ancient times with basic shelters ANCIENT TIMES. INDUSTRIAL REVOLUTION Mass production techniques developed during the Industrial Revolution made it possible to build housing more efficiently MASS PRODUCTION. MODERN HOME The Industrial Revolution significantly influenced the transformation of the modern home INDUSTRIAL REVOLUTION. INDUSTRIAL REVOLUTION Urbanization was a direct result of the Industrial Revolution, changing how and where people lived URBANIZATION. INDUSTRIAL REVOLUTION The introduction of steel during the Industrial Revolution enabled the construction of more complex structures STEEL. MODERN HOME Smart technology is a key feature of the modern home, enabling remote control and monitoring SMART TECHNOLOGY. ANCIENT TIMES The concept of social hierarchy influenced the layout and design of homes in ancient civilizations SOCIAL HIERARCHY. SUSTAINABLE DESIGN Rainwater harvesting is a practice used in sustainable design to promote efficiency and environmental responsibility RAINWATER HARVESTING. SUSTAINABLE DESIGN Green roofs are part of sustainable design practices to create healthier living environments and reduce environmental impact GREEN ROOFS. ANCIENT TIMES Egypt, during ancient times, influenced the architectural and cultural aspects of home EGYPT. MODERN HOME Sustainable design practices are integral to the evolution of the modern home, focusing on environmental efficiency SUSTAINABLE DESIGN. ANCIENT TIMES Greece contributed to the evolution of home design and social structure in ancient times GREECE. MODERN HOME Technological advancements have been a key factor in the evolution of the modern home TECHNOLOGICAL ADVANCEMENTS. SUSTAINABLE DESIGN Passive solar design is a concept incorporated into sustainable design practices PASSIVE SOLAR DESIGN. INDUSTRIAL REVOLUTION Concrete, like steel, was a building material that came into widespread use during the Industrial Revolution, changing construction methods CONCRETE. ANCIENT TIMES Mesopotamia, during ancient times, contributed to the early concept of home as a center of life MESOPOTAMIA. SUBURBAN HOME The inclusion of electrical appliances in suburban homes represented the modern conveniences of the time ELECTRICAL APPLIANCES. SUBURBAN HOME Central heating is one of the modern amenities that defined the suburban home CENTRAL HEATING. SUBURBAN HOME Indoor plumbing was a key feature that made suburban homes more comfortable and convenient INDOOR PLUMBING. SUBURBAN HOME Suburban communities were developed to provide the model of suburban homes, reflecting the American Dream SUBURBAN COMMUNITIES. APARTMENT BUILDINGS The rise of apartment buildings was a response to urbanization, providing housing solutions for city dwellers URBANIZATION. ANCIENT TIMES Tents were used by early humans as primitive shelters during ancient times TENTS. ANCIENT TIMES Mesopotamia, during ancient times, contributed to the early concept of home as a center of life MESOPOTAMIA. ANCIENT TIMES In ancient times, caves were among the earliest forms of shelter for humans CAVES. ANCIENT TIMES Egypt, during ancient times, influenced the architectural and cultural aspects of home EGYPT. ANCIENT TIMES The concept of social hierarchy influenced the layout and design of homes in ancient civilizations SOCIAL HIERARCHY. ANCIENT TIMES Greece contributed to the evolution of home design and social structure in ancient times GREECE.",
    "evaluation": 1
  },
  {
    "correct_answer": "The modern home has undergone a remarkable transformation.",
    "retrieved_context": "ANCIENT TIMES Tents were used by early humans as primitive shelters during ancient times TENTS. MODERN HOME Cultural influences have significantly shaped the design and function of the modern home over centuries CULTURAL INFLUENCES. ANCIENT TIMES In ancient times, caves were among the earliest forms of shelter for humans CAVES. MODERN HOME The modern home's evolution began in ancient times with basic shelters ANCIENT TIMES. INDUSTRIAL REVOLUTION Mass production techniques developed during the Industrial Revolution made it possible to build housing more efficiently MASS PRODUCTION. MODERN HOME The Industrial Revolution significantly influenced the transformation of the modern home INDUSTRIAL REVOLUTION. INDUSTRIAL REVOLUTION Urbanization was a direct result of the Industrial Revolution, changing how and where people lived URBANIZATION. INDUSTRIAL REVOLUTION The introduction of steel during the Industrial Revolution enabled the construction of more complex structures STEEL. MODERN HOME Smart technology is a key feature of the modern home, enabling remote control and monitoring SMART TECHNOLOGY. ANCIENT TIMES The concept of social hierarchy influenced the layout and design of homes in ancient civilizations SOCIAL HIERARCHY. SUSTAINABLE DESIGN Rainwater harvesting is a practice used in sustainable design to promote efficiency and environmental responsibility RAINWATER HARVESTING. SUSTAINABLE DESIGN Green roofs are part of sustainable design practices to create healthier living environments and reduce environmental impact GREEN ROOFS. ANCIENT TIMES Egypt, during ancient times, influenced the architectural and cultural aspects of home EGYPT. MODERN HOME Sustainable design practices are integral to the evolution of the modern home, focusing on environmental efficiency SUSTAINABLE DESIGN. ANCIENT TIMES Greece contributed to the evolution of home design and social structure in ancient times GREECE. MODERN HOME Technological advancements have been a key factor in the evolution of the modern home TECHNOLOGICAL ADVANCEMENTS. SUSTAINABLE DESIGN Passive solar design is a concept incorporated into sustainable design practices PASSIVE SOLAR DESIGN. INDUSTRIAL REVOLUTION Concrete, like steel, was a building material that came into widespread use during the Industrial Revolution, changing construction methods CONCRETE. ANCIENT TIMES Mesopotamia, during ancient times, contributed to the early concept of home as a center of life MESOPOTAMIA. SUBURBAN HOME The inclusion of electrical appliances in suburban homes represented the modern conveniences of the time ELECTRICAL APPLIANCES. SUBURBAN HOME Central heating is one of the modern amenities that defined the suburban home CENTRAL HEATING. SUBURBAN HOME Indoor plumbing was a key feature that made suburban homes more comfortable and convenient INDOOR PLUMBING. SUBURBAN HOME Suburban communities were developed to provide the model of suburban homes, reflecting the American Dream SUBURBAN COMMUNITIES. APARTMENT BUILDINGS The rise of apartment buildings was a response to urbanization, providing housing solutions for city dwellers URBANIZATION. INDUSTRIAL REVOLUTION Mass production techniques developed during the Industrial Revolution made it possible to build housing more efficiently MASS PRODUCTION. INDUSTRIAL REVOLUTION Urbanization was a direct result of the Industrial Revolution, changing how and where people lived URBANIZATION. INDUSTRIAL REVOLUTION The introduction of steel during the Industrial Revolution enabled the construction of more complex structures STEEL. INDUSTRIAL REVOLUTION Concrete, like steel, was a building material that came into widespread use during the Industrial Revolution, changing construction methods CONCRETE.",
    "evaluation": 1
  },
  {
    "correct_answer": "Early humans lived in caves, tents, and rudimentary structures.",
    "retrieved_context": "ANCIENT TIMES Tents were used by early humans as primitive shelters during ancient times TENTS. ANCIENT TIMES Mesopotamia, during ancient times, contributed to the early concept of home as a center of life MESOPOTAMIA. ANCIENT TIMES In ancient times, caves were among the earliest forms of shelter for humans CAVES. ANCIENT TIMES Egypt, during ancient times, influenced the architectural and cultural aspects of home EGYPT. ANCIENT TIMES The concept of social hierarchy influenced the layout and design of homes in ancient civilizations SOCIAL HIERARCHY. ANCIENT TIMES Greece contributed to the evolution of home design and social structure in ancient times GREECE. MIDDLE AGES The manor house emerged during the Middle Ages as a significant evolution in home design MANOR HOUSE. APARTMENT BUILDINGS The rise of apartment buildings was a response to urbanization, providing housing solutions for city dwellers URBANIZATION. ANCIENT TIMES Tents were used by early humans as primitive shelters during ancient times TENTS. MODERN HOME Cultural influences have significantly shaped the design and function of the modern home over centuries CULTURAL INFLUENCES. ANCIENT TIMES In ancient times, caves were among the earliest forms of shelter for humans CAVES. MODERN HOME The modern home's evolution began in ancient times with basic shelters ANCIENT TIMES. INDUSTRIAL REVOLUTION Mass production techniques developed during the Industrial Revolution made it possible to build housing more efficiently MASS PRODUCTION. MODERN HOME The Industrial Revolution significantly influenced the transformation of the modern home INDUSTRIAL REVOLUTION. INDUSTRIAL REVOLUTION Urbanization was a direct result of the Industrial Revolution, changing how and where people lived URBANIZATION. INDUSTRIAL REVOLUTION The introduction of steel during the Industrial Revolution enabled the construction of more complex structures STEEL. MODERN HOME Smart technology is a key feature of the modern home, enabling remote control and monitoring SMART TECHNOLOGY. ANCIENT TIMES The concept of social hierarchy influenced the layout and design of homes in ancient civilizations SOCIAL HIERARCHY. SUSTAINABLE DESIGN Rainwater harvesting is a practice used in sustainable design to promote efficiency and environmental responsibility RAINWATER HARVESTING. SUSTAINABLE DESIGN Green roofs are part of sustainable design practices to create healthier living environments and reduce environmental impact GREEN ROOFS. ANCIENT TIMES Egypt, during ancient times, influenced the architectural and cultural aspects of home EGYPT. MODERN HOME Sustainable design practices are integral to the evolution of the modern home, focusing on environmental efficiency SUSTAINABLE DESIGN. ANCIENT TIMES Greece contributed to the evolution of home design and social structure in ancient times GREECE. MODERN HOME Technological advancements have been a key factor in the evolution of the modern home TECHNOLOGICAL ADVANCEMENTS. SUSTAINABLE DESIGN Passive solar design is a concept incorporated into sustainable design practices PASSIVE SOLAR DESIGN. INDUSTRIAL REVOLUTION Concrete, like steel, was a building material that came into widespread use during the Industrial Revolution, changing construction methods CONCRETE. ANCIENT TIMES Mesopotamia, during ancient times, contributed to the early concept of home as a center of life MESOPOTAMIA.",
    "evaluation": 1
  },
  {
    "correct_answer": "Homes in ancient civilizations served as centers of social, political, and religious life.",
    "retrieved_context": "ANCIENT TIMES Tents were used by early humans as primitive shelters during ancient times TENTS. ANCIENT TIMES Mesopotamia, during ancient times, contributed to the early concept of home as a center of life MESOPOTAMIA. ANCIENT TIMES In ancient times, caves were among the earliest forms of shelter for humans CAVES. ANCIENT TIMES Egypt, during ancient times, influenced the architectural and cultural aspects of home EGYPT. ANCIENT TIMES The concept of social hierarchy influenced the layout and design of homes in ancient civilizations SOCIAL HIERARCHY. ANCIENT TIMES Greece contributed to the evolution of home design and social structure in ancient times GREECE. ANCIENT TIMES Tents were used by early humans as primitive shelters during ancient times TENTS. MODERN HOME Cultural influences have significantly shaped the design and function of the modern home over centuries CULTURAL INFLUENCES. ANCIENT TIMES In ancient times, caves were among the earliest forms of shelter for humans CAVES. MODERN HOME The modern home's evolution began in ancient times with basic shelters ANCIENT TIMES. INDUSTRIAL REVOLUTION Mass production techniques developed during the Industrial Revolution made it possible to build housing more efficiently MASS PRODUCTION. MODERN HOME The Industrial Revolution significantly influenced the transformation of the modern home INDUSTRIAL REVOLUTION. INDUSTRIAL REVOLUTION Urbanization was a direct result of the Industrial Revolution, changing how and where people lived URBANIZATION. INDUSTRIAL REVOLUTION The introduction of steel during the Industrial Revolution enabled the construction of more complex structures STEEL. MODERN HOME Smart technology is a key feature of the modern home, enabling remote control and monitoring SMART TECHNOLOGY. ANCIENT TIMES The concept of social hierarchy influenced the layout and design of homes in ancient civilizations SOCIAL HIERARCHY. SUSTAINABLE DESIGN Rainwater harvesting is a practice used in sustainable design to promote efficiency and environmental responsibility RAINWATER HARVESTING. SUSTAINABLE DESIGN Green roofs are part of sustainable design practices to create healthier living environments and reduce environmental impact GREEN ROOFS. ANCIENT TIMES Egypt, during ancient times, influenced the architectural and cultural aspects of home EGYPT. MODERN HOME Sustainable design practices are integral to the evolution of the modern home, focusing on environmental efficiency SUSTAINABLE DESIGN. ANCIENT TIMES Greece contributed to the evolution of home design and social structure in ancient times GREECE. MODERN HOME Technological advancements have been a key factor in the evolution of the modern home TECHNOLOGICAL ADVANCEMENTS. SUSTAINABLE DESIGN Passive solar design is a concept incorporated into sustainable design practices PASSIVE SOLAR DESIGN. INDUSTRIAL REVOLUTION Concrete, like steel, was a building material that came into widespread use during the Industrial Revolution, changing construction methods CONCRETE. ANCIENT TIMES Mesopotamia, during ancient times, contributed to the early concept of home as a center of life MESOPOTAMIA. MIDDLE AGES The manor house emerged during the Middle Ages as a significant evolution in home design MANOR HOUSE. APARTMENT BUILDINGS The rise of apartment buildings was a response to urbanization, providing housing solutions for city dwellers URBANIZATION.",
    "evaluation": 0
  },
  {
    "correct_answer": "The manor house in the Middle Ages was a symbol of power and authority.",
    "retrieved_context": "MIDDLE AGES The manor house emerged during the Middle Ages as a significant evolution in home design MANOR HOUSE. ANCIENT TIMES Tents were used by early humans as primitive shelters during ancient times TENTS. MODERN HOME Cultural influences have significantly shaped the design and function of the modern home over centuries CULTURAL INFLUENCES. ANCIENT TIMES In ancient times, caves were among the earliest forms of shelter for humans CAVES. MODERN HOME The modern home's evolution began in ancient times with basic shelters ANCIENT TIMES. INDUSTRIAL REVOLUTION Mass production techniques developed during the Industrial Revolution made it possible to build housing more efficiently MASS PRODUCTION. MODERN HOME The Industrial Revolution significantly influenced the transformation of the modern home INDUSTRIAL REVOLUTION. INDUSTRIAL REVOLUTION Urbanization was a direct result of the Industrial Revolution, changing how and where people lived URBANIZATION. INDUSTRIAL REVOLUTION The introduction of steel during the Industrial Revolution enabled the construction of more complex structures STEEL. MODERN HOME Smart technology is a key feature of the modern home, enabling remote control and monitoring SMART TECHNOLOGY. ANCIENT TIMES The concept of social hierarchy influenced the layout and design of homes in ancient civilizations SOCIAL HIERARCHY. SUSTAINABLE DESIGN Rainwater harvesting is a practice used in sustainable design to promote efficiency and environmental responsibility RAINWATER HARVESTING. SUSTAINABLE DESIGN Green roofs are part of sustainable design practices to create healthier living environments and reduce environmental impact GREEN ROOFS. ANCIENT TIMES Egypt, during ancient times, influenced the architectural and cultural aspects of home EGYPT. MODERN HOME Sustainable design practices are integral to the evolution of the modern home, focusing on environmental efficiency SUSTAINABLE DESIGN. ANCIENT TIMES Greece contributed to the evolution of home design and social structure in ancient times GREECE. MODERN HOME Technological advancements have been a key factor in the evolution of the modern home TECHNOLOGICAL ADVANCEMENTS. SUSTAINABLE DESIGN Passive solar design is a concept incorporated into sustainable design practices PASSIVE SOLAR DESIGN. INDUSTRIAL REVOLUTION Concrete, like steel, was a building material that came into widespread use during the Industrial Revolution, changing construction methods CONCRETE. ANCIENT TIMES Mesopotamia, during ancient times, contributed to the early concept of home as a center of life MESOPOTAMIA. ANCIENT TIMES Tents were used by early humans as primitive shelters during ancient times TENTS. ANCIENT TIMES Mesopotamia, during ancient times, contributed to the early concept of home as a center of life MESOPOTAMIA. ANCIENT TIMES In ancient times, caves were among the earliest forms of shelter for humans CAVES. ANCIENT TIMES Egypt, during ancient times, influenced the architectural and cultural aspects of home EGYPT. ANCIENT TIMES The concept of social hierarchy influenced the layout and design of homes in ancient civilizations SOCIAL HIERARCHY. ANCIENT TIMES Greece contributed to the evolution of home design and social structure in ancient times GREECE. APARTMENT BUILDINGS The rise of apartment buildings was a response to urbanization, providing housing solutions for city dwellers URBANIZATION. SUBURBAN HOME The inclusion of electrical appliances in suburban homes represented the modern conveniences of the time ELECTRICAL APPLIANCES. SUBURBAN HOME Central heating is one of the modern amenities that defined the suburban home CENTRAL HEATING. SUBURBAN HOME Indoor plumbing was a key feature that made suburban homes more comfortable and convenient INDOOR PLUMBING. SUBURBAN HOME Suburban communities were developed to provide the model of suburban homes, reflecting the American Dream SUBURBAN COMMUNITIES. LUDWIG MIES VAN DER ROHE Ludwig Mies van der Rohe was a key proponent of the modernist movement in architecture MODERNIST MOVEMENT.",
    "evaluation": 0
  },
  {
    "correct_answer": "The Industrial Revolution led to standardized and affordable housing for the middle class.",
    "retrieved_context": "INDUSTRIAL REVOLUTION Mass production techniques developed during the Industrial Revolution made it possible to build housing more efficiently MASS PRODUCTION. INDUSTRIAL REVOLUTION Urbanization was a direct result of the Industrial Revolution, changing how and where people lived URBANIZATION. INDUSTRIAL REVOLUTION The introduction of steel during the Industrial Revolution enabled the construction of more complex structures STEEL. INDUSTRIAL REVOLUTION Concrete, like steel, was a building material that came into widespread use during the Industrial Revolution, changing construction methods CONCRETE. ANCIENT TIMES Tents were used by early humans as primitive shelters during ancient times TENTS. MODERN HOME Cultural influences have significantly shaped the design and function of the modern home over centuries CULTURAL INFLUENCES. ANCIENT TIMES In ancient times, caves were among the earliest forms of shelter for humans CAVES. MODERN HOME The modern home's evolution began in ancient times with basic shelters ANCIENT TIMES. INDUSTRIAL REVOLUTION Mass production techniques developed during the Industrial Revolution made it possible to build housing more efficiently MASS PRODUCTION. MODERN HOME The Industrial Revolution significantly influenced the transformation of the modern home INDUSTRIAL REVOLUTION. INDUSTRIAL REVOLUTION Urbanization was a direct result of the Industrial Revolution, changing how and where people lived URBANIZATION. INDUSTRIAL REVOLUTION The introduction of steel during the Industrial Revolution enabled the construction of more complex structures STEEL. MODERN HOME Smart technology is a key feature of the modern home, enabling remote control and monitoring SMART TECHNOLOGY. ANCIENT TIMES The concept of social hierarchy influenced the layout and design of homes in ancient civilizations SOCIAL HIERARCHY. SUSTAINABLE DESIGN Rainwater harvesting is a practice used in sustainable design to promote efficiency and environmental responsibility RAINWATER HARVESTING. SUSTAINABLE DESIGN Green roofs are part of sustainable design practices to create healthier living environments and reduce environmental impact GREEN ROOFS. ANCIENT TIMES Egypt, during ancient times, influenced the architectural and cultural aspects of home EGYPT. MODERN HOME Sustainable design practices are integral to the evolution of the modern home, focusing on environmental efficiency SUSTAINABLE DESIGN. ANCIENT TIMES Greece contributed to the evolution of home design and social structure in ancient times GREECE. MODERN HOME Technological advancements have been a key factor in the evolution of the modern home TECHNOLOGICAL ADVANCEMENTS. SUSTAINABLE DESIGN Passive solar design is a concept incorporated into sustainable design practices PASSIVE SOLAR DESIGN. INDUSTRIAL REVOLUTION Concrete, like steel, was a building material that came into widespread use during the Industrial Revolution, changing construction methods CONCRETE. ANCIENT TIMES Mesopotamia, during ancient times, contributed to the early concept of home as a center of life MESOPOTAMIA. SUBURBAN HOME The inclusion of electrical appliances in suburban homes represented the modern conveniences of the time ELECTRICAL APPLIANCES. SUBURBAN HOME Central heating is one of the modern amenities that defined the suburban home CENTRAL HEATING. SUBURBAN HOME Indoor plumbing was a key feature that made suburban homes more comfortable and convenient INDOOR PLUMBING. SUBURBAN HOME Suburban communities were developed to provide the model of suburban homes, reflecting the American Dream SUBURBAN COMMUNITIES. MIDDLE AGES The manor house emerged during the Middle Ages as a significant evolution in home design MANOR HOUSE. APARTMENT BUILDINGS The rise of apartment buildings was a response to urbanization, providing housing solutions for city dwellers URBANIZATION.",
    "evaluation": 1
  },
  {
    "correct_answer": "New building materials like steel and concrete allowed for larger structures.",
    "retrieved_context": "APARTMENT BUILDINGS The rise of apartment buildings was a response to urbanization, providing housing solutions for city dwellers URBANIZATION. SUSTAINABLE DESIGN Green roofs are part of sustainable design practices to create healthier living environments and reduce environmental impact GREEN ROOFS. SUSTAINABLE DESIGN Rainwater harvesting is a practice used in sustainable design to promote efficiency and environmental responsibility RAINWATER HARVESTING. SUSTAINABLE DESIGN Passive solar design is a concept incorporated into sustainable design practices PASSIVE SOLAR DESIGN.",
    "evaluation": 0
  },
  {
    "correct_answer": "The modernist movement influenced home design with simplicity and functionality.",
    "retrieved_context": "ANCIENT TIMES Tents were used by early humans as primitive shelters during ancient times TENTS. MODERN HOME Cultural influences have significantly shaped the design and function of the modern home over centuries CULTURAL INFLUENCES. ANCIENT TIMES In ancient times, caves were among the earliest forms of shelter for humans CAVES. MODERN HOME The modern home's evolution began in ancient times with basic shelters ANCIENT TIMES. INDUSTRIAL REVOLUTION Mass production techniques developed during the Industrial Revolution made it possible to build housing more efficiently MASS PRODUCTION. MODERN HOME The Industrial Revolution significantly influenced the transformation of the modern home INDUSTRIAL REVOLUTION. INDUSTRIAL REVOLUTION Urbanization was a direct result of the Industrial Revolution, changing how and where people lived URBANIZATION. INDUSTRIAL REVOLUTION The introduction of steel during the Industrial Revolution enabled the construction of more complex structures STEEL. MODERN HOME Smart technology is a key feature of the modern home, enabling remote control and monitoring SMART TECHNOLOGY. ANCIENT TIMES The concept of social hierarchy influenced the layout and design of homes in ancient civilizations SOCIAL HIERARCHY. SUSTAINABLE DESIGN Rainwater harvesting is a practice used in sustainable design to promote efficiency and environmental responsibility RAINWATER HARVESTING. SUSTAINABLE DESIGN Green roofs are part of sustainable design practices to create healthier living environments and reduce environmental impact GREEN ROOFS. ANCIENT TIMES Egypt, during ancient times, influenced the architectural and cultural aspects of home EGYPT. MODERN HOME Sustainable design practices are integral to the evolution of the modern home, focusing on environmental efficiency SUSTAINABLE DESIGN. ANCIENT TIMES Greece contributed to the evolution of home design and social structure in ancient times GREECE. MODERN HOME Technological advancements have been a key factor in the evolution of the modern home TECHNOLOGICAL ADVANCEMENTS. SUSTAINABLE DESIGN Passive solar design is a concept incorporated into sustainable design practices PASSIVE SOLAR DESIGN. INDUSTRIAL REVOLUTION Concrete, like steel, was a building material that came into widespread use during the Industrial Revolution, changing construction methods CONCRETE. ANCIENT TIMES Mesopotamia, during ancient times, contributed to the early concept of home as a center of life MESOPOTAMIA. SUSTAINABLE DESIGN Green roofs are part of sustainable design practices to create healthier living environments and reduce environmental impact GREEN ROOFS. SUSTAINABLE DESIGN Rainwater harvesting is a practice used in sustainable design to promote efficiency and environmental responsibility RAINWATER HARVESTING. SUSTAINABLE DESIGN Passive solar design is a concept incorporated into sustainable design practices PASSIVE SOLAR DESIGN. INDUSTRIAL REVOLUTION Mass production techniques developed during the Industrial Revolution made it possible to build housing more efficiently MASS PRODUCTION. INDUSTRIAL REVOLUTION Urbanization was a direct result of the Industrial Revolution, changing how and where people lived URBANIZATION. INDUSTRIAL REVOLUTION The introduction of steel during the Industrial Revolution enabled the construction of more complex structures STEEL. INDUSTRIAL REVOLUTION Concrete, like steel, was a building material that came into widespread use during the Industrial Revolution, changing construction methods CONCRETE. APARTMENT BUILDINGS The rise of apartment buildings was a response to urbanization, providing housing solutions for city dwellers URBANIZATION. SUBURBAN HOME The inclusion of electrical appliances in suburban homes represented the modern conveniences of the time ELECTRICAL APPLIANCES. SUBURBAN HOME Central heating is one of the modern amenities that defined the suburban home CENTRAL HEATING. SUBURBAN HOME Indoor plumbing was a key feature that made suburban homes more comfortable and convenient INDOOR PLUMBING. SUBURBAN HOME Suburban communities were developed to provide the model of suburban homes, reflecting the American Dream SUBURBAN COMMUNITIES.",
    "evaluation": 0
  },
  {
    "correct_answer": "The post-World War II period saw the rise of suburban homes.",
    "retrieved_context": "SUBURBAN HOME The inclusion of electrical appliances in suburban homes represented the modern conveniences of the time ELECTRICAL APPLIANCES. SUBURBAN HOME Central heating is one of the modern amenities that defined the suburban home CENTRAL HEATING. SUBURBAN HOME Indoor plumbing was a key feature that made suburban homes more comfortable and convenient INDOOR PLUMBING. SUBURBAN HOME Suburban communities were developed to provide the model of suburban homes, reflecting the American Dream SUBURBAN COMMUNITIES. ANCIENT TIMES Tents were used by early humans as primitive shelters during ancient times TENTS. MODERN HOME Cultural influences have significantly shaped the design and function of the modern home over centuries CULTURAL INFLUENCES. ANCIENT TIMES In ancient times, caves were among the earliest forms of shelter for humans CAVES. MODERN HOME The modern home's evolution began in ancient times with basic shelters ANCIENT TIMES. INDUSTRIAL REVOLUTION Mass production techniques developed during the Industrial Revolution made it possible to build housing more efficiently MASS PRODUCTION. MODERN HOME The Industrial Revolution significantly influenced the transformation of the modern home INDUSTRIAL REVOLUTION. INDUSTRIAL REVOLUTION Urbanization was a direct result of the Industrial Revolution, changing how and where people lived URBANIZATION. INDUSTRIAL REVOLUTION The introduction of steel during the Industrial Revolution enabled the construction of more complex structures STEEL. MODERN HOME Smart technology is a key feature of the modern home, enabling remote control and monitoring SMART TECHNOLOGY. ANCIENT TIMES The concept of social hierarchy influenced the layout and design of homes in ancient civilizations SOCIAL HIERARCHY. SUSTAINABLE DESIGN Rainwater harvesting is a practice used in sustainable design to promote efficiency and environmental responsibility RAINWATER HARVESTING. SUSTAINABLE DESIGN Green roofs are part of sustainable design practices to create healthier living environments and reduce environmental impact GREEN ROOFS. ANCIENT TIMES Egypt, during ancient times, influenced the architectural and cultural aspects of home EGYPT. MODERN HOME Sustainable design practices are integral to the evolution of the modern home, focusing on environmental efficiency SUSTAINABLE DESIGN. ANCIENT TIMES Greece contributed to the evolution of home design and social structure in ancient times GREECE. MODERN HOME Technological advancements have been a key factor in the evolution of the modern home TECHNOLOGICAL ADVANCEMENTS. SUSTAINABLE DESIGN Passive solar design is a concept incorporated into sustainable design practices PASSIVE SOLAR DESIGN. INDUSTRIAL REVOLUTION Concrete, like steel, was a building material that came into widespread use during the Industrial Revolution, changing construction methods CONCRETE. ANCIENT TIMES Mesopotamia, during ancient times, contributed to the early concept of home as a center of life MESOPOTAMIA. INDUSTRIAL REVOLUTION Mass production techniques developed during the Industrial Revolution made it possible to build housing more efficiently MASS PRODUCTION. INDUSTRIAL REVOLUTION Urbanization was a direct result of the Industrial Revolution, changing how and where people lived URBANIZATION. INDUSTRIAL REVOLUTION The introduction of steel during the Industrial Revolution enabled the construction of more complex structures STEEL. INDUSTRIAL REVOLUTION Concrete, like steel, was a building material that came into widespread use during the Industrial Revolution, changing construction methods CONCRETE. APARTMENT BUILDINGS The rise of apartment buildings was a response to urbanization, providing housing solutions for city dwellers URBANIZATION. MIDDLE AGES The manor house emerged during the Middle Ages as a significant evolution in home design MANOR HOUSE.",
    "evaluation": 0
  },
  {
    "correct_answer": "Suburban homes featured modern amenities like central heating and indoor plumbing.",
    "retrieved_context": "SUBURBAN HOME The inclusion of electrical appliances in suburban homes represented the modern conveniences of the time ELECTRICAL APPLIANCES. SUBURBAN HOME Central heating is one of the modern amenities that defined the suburban home CENTRAL HEATING. SUBURBAN HOME Indoor plumbing was a key feature that made suburban homes more comfortable and convenient INDOOR PLUMBING. SUBURBAN HOME Suburban communities were developed to provide the model of suburban homes, reflecting the American Dream SUBURBAN COMMUNITIES. ANCIENT TIMES Tents were used by early humans as primitive shelters during ancient times TENTS. MODERN HOME Cultural influences have significantly shaped the design and function of the modern home over centuries CULTURAL INFLUENCES. ANCIENT TIMES In ancient times, caves were among the earliest forms of shelter for humans CAVES. MODERN HOME The modern home's evolution began in ancient times with basic shelters ANCIENT TIMES. INDUSTRIAL REVOLUTION Mass production techniques developed during the Industrial Revolution made it possible to build housing more efficiently MASS PRODUCTION. MODERN HOME The Industrial Revolution significantly influenced the transformation of the modern home INDUSTRIAL REVOLUTION. INDUSTRIAL REVOLUTION Urbanization was a direct result of the Industrial Revolution, changing how and where people lived URBANIZATION. INDUSTRIAL REVOLUTION The introduction of steel during the Industrial Revolution enabled the construction of more complex structures STEEL. MODERN HOME Smart technology is a key feature of the modern home, enabling remote control and monitoring SMART TECHNOLOGY. ANCIENT TIMES The concept of social hierarchy influenced the layout and design of homes in ancient civilizations SOCIAL HIERARCHY. SUSTAINABLE DESIGN Rainwater harvesting is a practice used in sustainable design to promote efficiency and environmental responsibility RAINWATER HARVESTING. SUSTAINABLE DESIGN Green roofs are part of sustainable design practices to create healthier living environments and reduce environmental impact GREEN ROOFS. ANCIENT TIMES Egypt, during ancient times, influenced the architectural and cultural aspects of home EGYPT. MODERN HOME Sustainable design practices are integral to the evolution of the modern home, focusing on environmental efficiency SUSTAINABLE DESIGN. ANCIENT TIMES Greece contributed to the evolution of home design and social structure in ancient times GREECE. MODERN HOME Technological advancements have been a key factor in the evolution of the modern home TECHNOLOGICAL ADVANCEMENTS. SUSTAINABLE DESIGN Passive solar design is a concept incorporated into sustainable design practices PASSIVE SOLAR DESIGN. INDUSTRIAL REVOLUTION Concrete, like steel, was a building material that came into widespread use during the Industrial Revolution, changing construction methods CONCRETE. ANCIENT TIMES Mesopotamia, during ancient times, contributed to the early concept of home as a center of life MESOPOTAMIA. APARTMENT BUILDINGS The rise of apartment buildings was a response to urbanization, providing housing solutions for city dwellers URBANIZATION.",
    "evaluation": 1
  },
  {
    "correct_answer": "Smart homes have interconnected devices for remote control and monitoring.",
    "retrieved_context": "ANCIENT TIMES Tents were used by early humans as primitive shelters during ancient times TENTS. MODERN HOME Cultural influences have significantly shaped the design and function of the modern home over centuries CULTURAL INFLUENCES. ANCIENT TIMES In ancient times, caves were among the earliest forms of shelter for humans CAVES. MODERN HOME The modern home's evolution began in ancient times with basic shelters ANCIENT TIMES. INDUSTRIAL REVOLUTION Mass production techniques developed during the Industrial Revolution made it possible to build housing more efficiently MASS PRODUCTION. MODERN HOME The Industrial Revolution significantly influenced the transformation of the modern home INDUSTRIAL REVOLUTION. INDUSTRIAL REVOLUTION Urbanization was a direct result of the Industrial Revolution, changing how and where people lived URBANIZATION. INDUSTRIAL REVOLUTION The introduction of steel during the Industrial Revolution enabled the construction of more complex structures STEEL. MODERN HOME Smart technology is a key feature of the modern home, enabling remote control and monitoring SMART TECHNOLOGY. ANCIENT TIMES The concept of social hierarchy influenced the layout and design of homes in ancient civilizations SOCIAL HIERARCHY. SUSTAINABLE DESIGN Rainwater harvesting is a practice used in sustainable design to promote efficiency and environmental responsibility RAINWATER HARVESTING. SUSTAINABLE DESIGN Green roofs are part of sustainable design practices to create healthier living environments and reduce environmental impact GREEN ROOFS. ANCIENT TIMES Egypt, during ancient times, influenced the architectural and cultural aspects of home EGYPT. MODERN HOME Sustainable design practices are integral to the evolution of the modern home, focusing on environmental efficiency SUSTAINABLE DESIGN. ANCIENT TIMES Greece contributed to the evolution of home design and social structure in ancient times GREECE. MODERN HOME Technological advancements have been a key factor in the evolution of the modern home TECHNOLOGICAL ADVANCEMENTS. SUSTAINABLE DESIGN Passive solar design is a concept incorporated into sustainable design practices PASSIVE SOLAR DESIGN. INDUSTRIAL REVOLUTION Concrete, like steel, was a building material that came into widespread use during the Industrial Revolution, changing construction methods CONCRETE. ANCIENT TIMES Mesopotamia, during ancient times, contributed to the early concept of home as a center of life MESOPOTAMIA. APARTMENT BUILDINGS The rise of apartment buildings was a response to urbanization, providing housing solutions for city dwellers URBANIZATION. SUBURBAN HOME The inclusion of electrical appliances in suburban homes represented the modern conveniences of the time ELECTRICAL APPLIANCES. SUBURBAN HOME Central heating is one of the modern amenities that defined the suburban home CENTRAL HEATING. SUBURBAN HOME Indoor plumbing was a key feature that made suburban homes more comfortable and convenient INDOOR PLUMBING. SUBURBAN HOME Suburban communities were developed to provide the model of suburban homes, reflecting the American Dream SUBURBAN COMMUNITIES.",
    "evaluation": 1
  },
  {
    "correct_answer": "Sustainable design practices aim to reduce the environmental impact of modern homes.",
    "retrieved_context": "SUSTAINABLE DESIGN Green roofs are part of sustainable design practices to create healthier living environments and reduce environmental impact GREEN ROOFS. SUSTAINABLE DESIGN Rainwater harvesting is a practice used in sustainable design to promote efficiency and environmental responsibility RAINWATER HARVESTING. SUSTAINABLE DESIGN Passive solar design is a concept incorporated into sustainable design practices PASSIVE SOLAR DESIGN. ANCIENT TIMES Tents were used by early humans as primitive shelters during ancient times TENTS. MODERN HOME Cultural influences have significantly shaped the design and function of the modern home over centuries CULTURAL INFLUENCES. ANCIENT TIMES In ancient times, caves were among the earliest forms of shelter for humans CAVES. MODERN HOME The modern home's evolution began in ancient times with basic shelters ANCIENT TIMES. INDUSTRIAL REVOLUTION Mass production techniques developed during the Industrial Revolution made it possible to build housing more efficiently MASS PRODUCTION. MODERN HOME The Industrial Revolution significantly influenced the transformation of the modern home INDUSTRIAL REVOLUTION. INDUSTRIAL REVOLUTION Urbanization was a direct result of the Industrial Revolution, changing how and where people lived URBANIZATION. INDUSTRIAL REVOLUTION The introduction of steel during the Industrial Revolution enabled the construction of more complex structures STEEL. MODERN HOME Smart technology is a key feature of the modern home, enabling remote control and monitoring SMART TECHNOLOGY. ANCIENT TIMES The concept of social hierarchy influenced the layout and design of homes in ancient civilizations SOCIAL HIERARCHY. SUSTAINABLE DESIGN Rainwater harvesting is a practice used in sustainable design to promote efficiency and environmental responsibility RAINWATER HARVESTING. SUSTAINABLE DESIGN Green roofs are part of sustainable design practices to create healthier living environments and reduce environmental impact GREEN ROOFS. ANCIENT TIMES Egypt, during ancient times, influenced the architectural and cultural aspects of home EGYPT. MODERN HOME Sustainable design practices are integral to the evolution of the modern home, focusing on environmental efficiency SUSTAINABLE DESIGN. ANCIENT TIMES Greece contributed to the evolution of home design and social structure in ancient times GREECE. MODERN HOME Technological advancements have been a key factor in the evolution of the modern home TECHNOLOGICAL ADVANCEMENTS. SUSTAINABLE DESIGN Passive solar design is a concept incorporated into sustainable design practices PASSIVE SOLAR DESIGN. INDUSTRIAL REVOLUTION Concrete, like steel, was a building material that came into widespread use during the Industrial Revolution, changing construction methods CONCRETE. ANCIENT TIMES Mesopotamia, during ancient times, contributed to the early concept of home as a center of life MESOPOTAMIA. APARTMENT BUILDINGS The rise of apartment buildings was a response to urbanization, providing housing solutions for city dwellers URBANIZATION. SUBURBAN HOME The inclusion of electrical appliances in suburban homes represented the modern conveniences of the time ELECTRICAL APPLIANCES. SUBURBAN HOME Central heating is one of the modern amenities that defined the suburban home CENTRAL HEATING. SUBURBAN HOME Indoor plumbing was a key feature that made suburban homes more comfortable and convenient INDOOR PLUMBING. SUBURBAN HOME Suburban communities were developed to provide the model of suburban homes, reflecting the American Dream SUBURBAN COMMUNITIES.",
    "evaluation": 1
  },
  {
    "correct_answer": "Energy-efficient materials are being used in modern home construction.",
    "retrieved_context": "APARTMENT BUILDINGS The rise of apartment buildings was a response to urbanization, providing housing solutions for city dwellers URBANIZATION. ANCIENT TIMES Tents were used by early humans as primitive shelters during ancient times TENTS. MODERN HOME Cultural influences have significantly shaped the design and function of the modern home over centuries CULTURAL INFLUENCES. ANCIENT TIMES In ancient times, caves were among the earliest forms of shelter for humans CAVES. MODERN HOME The modern home's evolution began in ancient times with basic shelters ANCIENT TIMES. INDUSTRIAL REVOLUTION Mass production techniques developed during the Industrial Revolution made it possible to build housing more efficiently MASS PRODUCTION. MODERN HOME The Industrial Revolution significantly influenced the transformation of the modern home INDUSTRIAL REVOLUTION. INDUSTRIAL REVOLUTION Urbanization was a direct result of the Industrial Revolution, changing how and where people lived URBANIZATION. INDUSTRIAL REVOLUTION The introduction of steel during the Industrial Revolution enabled the construction of more complex structures STEEL. MODERN HOME Smart technology is a key feature of the modern home, enabling remote control and monitoring SMART TECHNOLOGY. ANCIENT TIMES The concept of social hierarchy influenced the layout and design of homes in ancient civilizations SOCIAL HIERARCHY. SUSTAINABLE DESIGN Rainwater harvesting is a practice used in sustainable design to promote efficiency and environmental responsibility RAINWATER HARVESTING. SUSTAINABLE DESIGN Green roofs are part of sustainable design practices to create healthier living environments and reduce environmental impact GREEN ROOFS. ANCIENT TIMES Egypt, during ancient times, influenced the architectural and cultural aspects of home EGYPT. MODERN HOME Sustainable design practices are integral to the evolution of the modern home, focusing on environmental efficiency SUSTAINABLE DESIGN. ANCIENT TIMES Greece contributed to the evolution of home design and social structure in ancient times GREECE. MODERN HOME Technological advancements have been a key factor in the evolution of the modern home TECHNOLOGICAL ADVANCEMENTS. SUSTAINABLE DESIGN Passive solar design is a concept incorporated into sustainable design practices PASSIVE SOLAR DESIGN. INDUSTRIAL REVOLUTION Concrete, like steel, was a building material that came into widespread use during the Industrial Revolution, changing construction methods CONCRETE. ANCIENT TIMES Mesopotamia, during ancient times, contributed to the early concept of home as a center of life MESOPOTAMIA. SUSTAINABLE DESIGN Green roofs are part of sustainable design practices to create healthier living environments and reduce environmental impact GREEN ROOFS. SUSTAINABLE DESIGN Rainwater harvesting is a practice used in sustainable design to promote efficiency and environmental responsibility RAINWATER HARVESTING. SUSTAINABLE DESIGN Passive solar design is a concept incorporated into sustainable design practices PASSIVE SOLAR DESIGN.",
    "evaluation": 0
  },
  {
    "correct_answer": "Modern homes incorporate concepts like passive solar design and green roofs.",
    "retrieved_context": "ANCIENT TIMES Tents were used by early humans as primitive shelters during ancient times TENTS. MODERN HOME Cultural influences have significantly shaped the design and function of the modern home over centuries CULTURAL INFLUENCES. ANCIENT TIMES In ancient times, caves were among the earliest forms of shelter for humans CAVES. MODERN HOME The modern home's evolution began in ancient times with basic shelters ANCIENT TIMES. INDUSTRIAL REVOLUTION Mass production techniques developed during the Industrial Revolution made it possible to build housing more efficiently MASS PRODUCTION. MODERN HOME The Industrial Revolution significantly influenced the transformation of the modern home INDUSTRIAL REVOLUTION. INDUSTRIAL REVOLUTION Urbanization was a direct result of the Industrial Revolution, changing how and where people lived URBANIZATION. INDUSTRIAL REVOLUTION The introduction of steel during the Industrial Revolution enabled the construction of more complex structures STEEL. MODERN HOME Smart technology is a key feature of the modern home, enabling remote control and monitoring SMART TECHNOLOGY. ANCIENT TIMES The concept of social hierarchy influenced the layout and design of homes in ancient civilizations SOCIAL HIERARCHY. SUSTAINABLE DESIGN Rainwater harvesting is a practice used in sustainable design to promote efficiency and environmental responsibility RAINWATER HARVESTING. SUSTAINABLE DESIGN Green roofs are part of sustainable design practices to create healthier living environments and reduce environmental impact GREEN ROOFS. ANCIENT TIMES Egypt, during ancient times, influenced the architectural and cultural aspects of home EGYPT. MODERN HOME Sustainable design practices are integral to the evolution of the modern home, focusing on environmental efficiency SUSTAINABLE DESIGN. ANCIENT TIMES Greece contributed to the evolution of home design and social structure in ancient times GREECE. MODERN HOME Technological advancements have been a key factor in the evolution of the modern home TECHNOLOGICAL ADVANCEMENTS. SUSTAINABLE DESIGN Passive solar design is a concept incorporated into sustainable design practices PASSIVE SOLAR DESIGN. INDUSTRIAL REVOLUTION Concrete, like steel, was a building material that came into widespread use during the Industrial Revolution, changing construction methods CONCRETE. ANCIENT TIMES Mesopotamia, during ancient times, contributed to the early concept of home as a center of life MESOPOTAMIA. SUSTAINABLE DESIGN Green roofs are part of sustainable design practices to create healthier living environments and reduce environmental impact GREEN ROOFS. SUSTAINABLE DESIGN Rainwater harvesting is a practice used in sustainable design to promote efficiency and environmental responsibility RAINWATER HARVESTING. SUSTAINABLE DESIGN Passive solar design is a concept incorporated into sustainable design practices PASSIVE SOLAR DESIGN. APARTMENT BUILDINGS The rise of apartment buildings was a response to urbanization, providing housing solutions for city dwellers URBANIZATION. SUBURBAN HOME The inclusion of electrical appliances in suburban homes represented the modern conveniences of the time ELECTRICAL APPLIANCES. SUBURBAN HOME Central heating is one of the modern amenities that defined the suburban home CENTRAL HEATING. SUBURBAN HOME Indoor plumbing was a key feature that made suburban homes more comfortable and convenient INDOOR PLUMBING. SUBURBAN HOME Suburban communities were developed to provide the model of suburban homes, reflecting the American Dream SUBURBAN COMMUNITIES.",
    "evaluation": 1
  },
  {
    "correct_answer": "The evolution of the modern home reflects changing societal norms and cultural influences.",
    "retrieved_context": "ANCIENT TIMES Tents were used by early humans as primitive shelters during ancient times TENTS. MODERN HOME Cultural influences have significantly shaped the design and function of the modern home over centuries CULTURAL INFLUENCES. ANCIENT TIMES In ancient times, caves were among the earliest forms of shelter for humans CAVES. MODERN HOME The modern home's evolution began in ancient times with basic shelters ANCIENT TIMES. INDUSTRIAL REVOLUTION Mass production techniques developed during the Industrial Revolution made it possible to build housing more efficiently MASS PRODUCTION. MODERN HOME The Industrial Revolution significantly influenced the transformation of the modern home INDUSTRIAL REVOLUTION. INDUSTRIAL REVOLUTION Urbanization was a direct result of the Industrial Revolution, changing how and where people lived URBANIZATION. INDUSTRIAL REVOLUTION The introduction of steel during the Industrial Revolution enabled the construction of more complex structures STEEL. MODERN HOME Smart technology is a key feature of the modern home, enabling remote control and monitoring SMART TECHNOLOGY. ANCIENT TIMES The concept of social hierarchy influenced the layout and design of homes in ancient civilizations SOCIAL HIERARCHY. SUSTAINABLE DESIGN Rainwater harvesting is a practice used in sustainable design to promote efficiency and environmental responsibility RAINWATER HARVESTING. SUSTAINABLE DESIGN Green roofs are part of sustainable design practices to create healthier living environments and reduce environmental impact GREEN ROOFS. ANCIENT TIMES Egypt, during ancient times, influenced the architectural and cultural aspects of home EGYPT. MODERN HOME Sustainable design practices are integral to the evolution of the modern home, focusing on environmental efficiency SUSTAINABLE DESIGN. ANCIENT TIMES Greece contributed to the evolution of home design and social structure in ancient times GREECE. MODERN HOME Technological advancements have been a key factor in the evolution of the modern home TECHNOLOGICAL ADVANCEMENTS. SUSTAINABLE DESIGN Passive solar design is a concept incorporated into sustainable design practices PASSIVE SOLAR DESIGN. INDUSTRIAL REVOLUTION Concrete, like steel, was a building material that came into widespread use during the Industrial Revolution, changing construction methods CONCRETE. ANCIENT TIMES Mesopotamia, during ancient times, contributed to the early concept of home as a center of life MESOPOTAMIA. SUBURBAN HOME The inclusion of electrical appliances in suburban homes represented the modern conveniences of the time ELECTRICAL APPLIANCES. SUBURBAN HOME Central heating is one of the modern amenities that defined the suburban home CENTRAL HEATING. SUBURBAN HOME Indoor plumbing was a key feature that made suburban homes more comfortable and convenient INDOOR PLUMBING. SUBURBAN HOME Suburban communities were developed to provide the model of suburban homes, reflecting the American Dream SUBURBAN COMMUNITIES.",
    "evaluation": 1
  },
  {
    "accuracy": "60.00%"
  }
]