[
  {
    "correct_answer": "Clouds are a natural phenomenon.",
    "retrieved_context": "CLOUDS Cumulus clouds are a specific type of cloud that can be observed in the sky CUMULUS CLOUDS. CUMULUS CLOUDS Cumulus and cirrus clouds represent different stages and conditions of cloud formation CIRRUS CLOUDS. CLOUDS Clouds form as a result of the warming of the Earth's surface by the sun EARTH. CLOUDS Stratus clouds are formed under certain conditions related to cloud formation processes STRATUS CLOUDS. CUMULUS CLOUDS Both cumulus and stratus clouds form through the process of condensation but under different conditions STRATUS CLOUDS. STRATUS CLOUDS Stratus and cirrus clouds form in different layers of the atmosphere and under different atmospheric conditions CIRRUS CLOUDS. CLOUDS Air currents play a significant role in the formation and types of clouds AIR CURRENTS. CLOUDS Reaching the dew point is crucial for the condensation process that forms clouds DEW POINT. CLOUDS The sun's rays initiate the warming process that leads to cloud formation SUN. CLOUDS Cirrus clouds represent another type of cloud that forms in the atmosphere CIRRUS CLOUDS. CUMULUS CLOUDS Cumulus clouds can develop into cumulonimbus clouds, which are associated with more severe weather like thunderstorms CUMULONIMBUS CLOUDS. CLOUDS Water vapor condenses to form clouds when the air reaches its dew point WATER VAPOR. CUMULUS CLOUDS Both cumulus and stratus clouds form through the process of condensation but under different conditions STRATUS CLOUDS. STRATUS CLOUDS Stratus and cirrus clouds form in different layers of the atmosphere and under different atmospheric conditions CIRRUS CLOUDS. CUMULUS CLOUDS Cumulus clouds can develop into cumulonimbus clouds, which are associated with more severe weather like thunderstorms CUMULONIMBUS CLOUDS. CUMULUS CLOUDS Cumulus and cirrus clouds represent different stages and conditions of cloud formation CIRRUS CLOUDS. STRATUS CLOUDS Stratus and cirrus clouds form in different layers of the atmosphere and under different atmospheric conditions CIRRUS CLOUDS.",
    "evaluation": 0
  },
  {
    "correct_answer": "Clouds can be observed in the sky.",
    "retrieved_context": "CLOUDS Cumulus clouds are a specific type of cloud that can be observed in the sky CUMULUS CLOUDS. CUMULUS CLOUDS Cumulus and cirrus clouds represent different stages and conditions of cloud formation CIRRUS CLOUDS. CLOUDS Clouds form as a result of the warming of the Earth's surface by the sun EARTH. CLOUDS Stratus clouds are formed under certain conditions related to cloud formation processes STRATUS CLOUDS. CUMULUS CLOUDS Both cumulus and stratus clouds form through the process of condensation but under different conditions STRATUS CLOUDS. STRATUS CLOUDS Stratus and cirrus clouds form in different layers of the atmosphere and under different atmospheric conditions CIRRUS CLOUDS. CLOUDS Air currents play a significant role in the formation and types of clouds AIR CURRENTS. CLOUDS Reaching the dew point is crucial for the condensation process that forms clouds DEW POINT. CLOUDS The sun's rays initiate the warming process that leads to cloud formation SUN. CLOUDS Cirrus clouds represent another type of cloud that forms in the atmosphere CIRRUS CLOUDS. CUMULUS CLOUDS Cumulus clouds can develop into cumulonimbus clouds, which are associated with more severe weather like thunderstorms CUMULONIMBUS CLOUDS. CLOUDS Water vapor condenses to form clouds when the air reaches its dew point WATER VAPOR. CUMULUS CLOUDS Both cumulus and stratus clouds form through the process of condensation but under different conditions STRATUS CLOUDS. STRATUS CLOUDS Stratus and cirrus clouds form in different layers of the atmosphere and under different atmospheric conditions CIRRUS CLOUDS. CUMULUS CLOUDS Cumulus clouds can develop into cumulonimbus clouds, which are associated with more severe weather like thunderstorms CUMULONIMBUS CLOUDS. CUMULUS CLOUDS Cumulus and cirrus clouds represent different stages and conditions of cloud formation CIRRUS CLOUDS. STRATUS CLOUDS Stratus and cirrus clouds form in different layers of the atmosphere and under different atmospheric conditions CIRRUS CLOUDS.",
    "evaluation": 1
  },
  {
    "correct_answer": "Clouds are formed through a complex process.",
    "retrieved_context": "CLOUDS Cumulus clouds are a specific type of cloud that can be observed in the sky CUMULUS CLOUDS. CUMULUS CLOUDS Cumulus and cirrus clouds represent different stages and conditions of cloud formation CIRRUS CLOUDS. CLOUDS Clouds form as a result of the warming of the Earth's surface by the sun EARTH. CLOUDS Stratus clouds are formed under certain conditions related to cloud formation processes STRATUS CLOUDS. CUMULUS CLOUDS Both cumulus and stratus clouds form through the process of condensation but under different conditions STRATUS CLOUDS. STRATUS CLOUDS Stratus and cirrus clouds form in different layers of the atmosphere and under different atmospheric conditions CIRRUS CLOUDS. CLOUDS Air currents play a significant role in the formation and types of clouds AIR CURRENTS. CLOUDS Reaching the dew point is crucial for the condensation process that forms clouds DEW POINT. CLOUDS The sun's rays initiate the warming process that leads to cloud formation SUN. CLOUDS Cirrus clouds represent another type of cloud that forms in the atmosphere CIRRUS CLOUDS. CUMULUS CLOUDS Cumulus clouds can develop into cumulonimbus clouds, which are associated with more severe weather like thunderstorms CUMULONIMBUS CLOUDS. CLOUDS Water vapor condenses to form clouds when the air reaches its dew point WATER VAPOR. CUMULUS CLOUDS Both cumulus and stratus clouds form through the process of condensation but under different conditions STRATUS CLOUDS. STRATUS CLOUDS Stratus and cirrus clouds form in different layers of the atmosphere and under different atmospheric conditions CIRRUS CLOUDS. CUMULUS CLOUDS Cumulus clouds can develop into cumulonimbus clouds, which are associated with more severe weather like thunderstorms CUMULONIMBUS CLOUDS. CUMULUS CLOUDS Cumulus and cirrus clouds represent different stages and conditions of cloud formation CIRRUS CLOUDS. STRATUS CLOUDS Stratus and cirrus clouds form in different layers of the atmosphere and under different atmospheric conditions CIRRUS CLOUDS.",
    "evaluation": 1
  },
  {
    "correct_answer": "Cloud formation begins with the warming of the Earth's surface.",
    "retrieved_context": "CLOUDS Cumulus clouds are a specific type of cloud that can be observed in the sky CUMULUS CLOUDS. CUMULUS CLOUDS Cumulus and cirrus clouds represent different stages and conditions of cloud formation CIRRUS CLOUDS. CLOUDS Clouds form as a result of the warming of the Earth's surface by the sun EARTH. CLOUDS Stratus clouds are formed under certain conditions related to cloud formation processes STRATUS CLOUDS. CUMULUS CLOUDS Both cumulus and stratus clouds form through the process of condensation but under different conditions STRATUS CLOUDS. STRATUS CLOUDS Stratus and cirrus clouds form in different layers of the atmosphere and under different atmospheric conditions CIRRUS CLOUDS. CLOUDS Air currents play a significant role in the formation and types of clouds AIR CURRENTS. CLOUDS Reaching the dew point is crucial for the condensation process that forms clouds DEW POINT. CLOUDS The sun's rays initiate the warming process that leads to cloud formation SUN. CLOUDS Cirrus clouds represent another type of cloud that forms in the atmosphere CIRRUS CLOUDS. CUMULUS CLOUDS Cumulus clouds can develop into cumulonimbus clouds, which are associated with more severe weather like thunderstorms CUMULONIMBUS CLOUDS. CLOUDS Water vapor condenses to form clouds when the air reaches its dew point WATER VAPOR. CUMULUS CLOUDS Both cumulus and stratus clouds form through the process of condensation but under different conditions STRATUS CLOUDS. STRATUS CLOUDS Stratus and cirrus clouds form in different layers of the atmosphere and under different atmospheric conditions CIRRUS CLOUDS. CUMULUS CLOUDS Cumulus clouds can develop into cumulonimbus clouds, which are associated with more severe weather like thunderstorms CUMULONIMBUS CLOUDS. CUMULUS CLOUDS Cumulus and cirrus clouds represent different stages and conditions of cloud formation CIRRUS CLOUDS. STRATUS CLOUDS Stratus and cirrus clouds form in different layers of the atmosphere and under different atmospheric conditions CIRRUS CLOUDS.",
    "evaluation": 1
  },
  {
    "correct_answer": "Warm air rises and cools as it moves higher into the atmosphere.",
    "retrieved_context": "CLOUDS Cumulus clouds are a specific type of cloud that can be observed in the sky CUMULUS CLOUDS. CUMULUS CLOUDS Cumulus and cirrus clouds represent different stages and conditions of cloud formation CIRRUS CLOUDS. CLOUDS Clouds form as a result of the warming of the Earth's surface by the sun EARTH. CLOUDS Stratus clouds are formed under certain conditions related to cloud formation processes STRATUS CLOUDS. CUMULUS CLOUDS Both cumulus and stratus clouds form through the process of condensation but under different conditions STRATUS CLOUDS. STRATUS CLOUDS Stratus and cirrus clouds form in different layers of the atmosphere and under different atmospheric conditions CIRRUS CLOUDS. CLOUDS Air currents play a significant role in the formation and types of clouds AIR CURRENTS. CLOUDS Reaching the dew point is crucial for the condensation process that forms clouds DEW POINT. CLOUDS The sun's rays initiate the warming process that leads to cloud formation SUN. CLOUDS Cirrus clouds represent another type of cloud that forms in the atmosphere CIRRUS CLOUDS. CUMULUS CLOUDS Cumulus clouds can develop into cumulonimbus clouds, which are associated with more severe weather like thunderstorms CUMULONIMBUS CLOUDS. CLOUDS Water vapor condenses to form clouds when the air reaches its dew point WATER VAPOR. STRATUS CLOUDS Stratus and cirrus clouds form in different layers of the atmosphere and under different atmospheric conditions CIRRUS CLOUDS. CUMULUS CLOUDS Both cumulus and stratus clouds form through the process of condensation but under different conditions STRATUS CLOUDS. STRATUS CLOUDS Stratus and cirrus clouds form in different layers of the atmosphere and under different atmospheric conditions CIRRUS CLOUDS. CUMULUS CLOUDS Cumulus clouds can develop into cumulonimbus clouds, which are associated with more severe weather like thunderstorms CUMULONIMBUS CLOUDS. CUMULUS CLOUDS Cumulus and cirrus clouds represent different stages and conditions of cloud formation CIRRUS CLOUDS.",
    "evaluation": 0
  },
  {
    "correct_answer": "Air reaches its dew point during cloud formation.",
    "retrieved_context": "CLOUDS Cumulus clouds are a specific type of cloud that can be observed in the sky CUMULUS CLOUDS. CUMULUS CLOUDS Cumulus and cirrus clouds represent different stages and conditions of cloud formation CIRRUS CLOUDS. CLOUDS Clouds form as a result of the warming of the Earth's surface by the sun EARTH. CLOUDS Stratus clouds are formed under certain conditions related to cloud formation processes STRATUS CLOUDS. CUMULUS CLOUDS Both cumulus and stratus clouds form through the process of condensation but under different conditions STRATUS CLOUDS. STRATUS CLOUDS Stratus and cirrus clouds form in different layers of the atmosphere and under different atmospheric conditions CIRRUS CLOUDS. CLOUDS Air currents play a significant role in the formation and types of clouds AIR CURRENTS. CLOUDS Reaching the dew point is crucial for the condensation process that forms clouds DEW POINT. CLOUDS The sun's rays initiate the warming process that leads to cloud formation SUN. CLOUDS Cirrus clouds represent another type of cloud that forms in the atmosphere CIRRUS CLOUDS. CUMULUS CLOUDS Cumulus clouds can develop into cumulonimbus clouds, which are associated with more severe weather like thunderstorms CUMULONIMBUS CLOUDS. CLOUDS Water vapor condenses to form clouds when the air reaches its dew point WATER VAPOR. CUMULUS CLOUDS Both cumulus and stratus clouds form through the process of condensation but under different conditions STRATUS CLOUDS. STRATUS CLOUDS Stratus and cirrus clouds form in different layers of the atmosphere and under different atmospheric conditions CIRRUS CLOUDS. CUMULUS CLOUDS Cumulus clouds can develop into cumulonimbus clouds, which are associated with more severe weather like thunderstorms CUMULONIMBUS CLOUDS. CUMULUS CLOUDS Cumulus and cirrus clouds represent different stages and conditions of cloud formation CIRRUS CLOUDS. STRATUS CLOUDS Stratus and cirrus clouds form in different layers of the atmosphere and under different atmospheric conditions CIRRUS CLOUDS.",
    "evaluation": 1
  },
  {
    "correct_answer": "Water vapor in the air condenses into tiny droplets or ice crystals.",
    "retrieved_context": "CLOUDS Cumulus clouds are a specific type of cloud that can be observed in the sky CUMULUS CLOUDS. CUMULUS CLOUDS Cumulus and cirrus clouds represent different stages and conditions of cloud formation CIRRUS CLOUDS. CLOUDS Clouds form as a result of the warming of the Earth's surface by the sun EARTH. CLOUDS Stratus clouds are formed under certain conditions related to cloud formation processes STRATUS CLOUDS. CUMULUS CLOUDS Both cumulus and stratus clouds form through the process of condensation but under different conditions STRATUS CLOUDS. STRATUS CLOUDS Stratus and cirrus clouds form in different layers of the atmosphere and under different atmospheric conditions CIRRUS CLOUDS. CLOUDS Air currents play a significant role in the formation and types of clouds AIR CURRENTS. CLOUDS Reaching the dew point is crucial for the condensation process that forms clouds DEW POINT. CLOUDS The sun's rays initiate the warming process that leads to cloud formation SUN. CLOUDS Cirrus clouds represent another type of cloud that forms in the atmosphere CIRRUS CLOUDS. CUMULUS CLOUDS Cumulus clouds can develop into cumulonimbus clouds, which are associated with more severe weather like thunderstorms CUMULONIMBUS CLOUDS. CLOUDS Water vapor condenses to form clouds when the air reaches its dew point WATER VAPOR. CUMULUS CLOUDS Both cumulus and stratus clouds form through the process of condensation but under different conditions STRATUS CLOUDS. STRATUS CLOUDS Stratus and cirrus clouds form in different layers of the atmosphere and under different atmospheric conditions CIRRUS CLOUDS. CUMULUS CLOUDS Cumulus clouds can develop into cumulonimbus clouds, which are associated with more severe weather like thunderstorms CUMULONIMBUS CLOUDS. CUMULUS CLOUDS Cumulus and cirrus clouds represent different stages and conditions of cloud formation CIRRUS CLOUDS. STRATUS CLOUDS Stratus and cirrus clouds form in different layers of the atmosphere and under different atmospheric conditions CIRRUS CLOUDS.",
    "evaluation": 1
  },
  {
    "correct_answer": "Tiny droplets or crystals come together to form clouds.",
    "retrieved_context": "CLOUDS Cumulus clouds are a specific type of cloud that can be observed in the sky CUMULUS CLOUDS. CUMULUS CLOUDS Cumulus and cirrus clouds represent different stages and conditions of cloud formation CIRRUS CLOUDS. CLOUDS Clouds form as a result of the warming of the Earth's surface by the sun EARTH. CLOUDS Stratus clouds are formed under certain conditions related to cloud formation processes STRATUS CLOUDS. CUMULUS CLOUDS Both cumulus and stratus clouds form through the process of condensation but under different conditions STRATUS CLOUDS. STRATUS CLOUDS Stratus and cirrus clouds form in different layers of the atmosphere and under different atmospheric conditions CIRRUS CLOUDS. CLOUDS Air currents play a significant role in the formation and types of clouds AIR CURRENTS. CLOUDS Reaching the dew point is crucial for the condensation process that forms clouds DEW POINT. CLOUDS The sun's rays initiate the warming process that leads to cloud formation SUN. CLOUDS Cirrus clouds represent another type of cloud that forms in the atmosphere CIRRUS CLOUDS. CUMULUS CLOUDS Cumulus clouds can develop into cumulonimbus clouds, which are associated with more severe weather like thunderstorms CUMULONIMBUS CLOUDS. CLOUDS Water vapor condenses to form clouds when the air reaches its dew point WATER VAPOR. CUMULUS CLOUDS Both cumulus and stratus clouds form through the process of condensation but under different conditions STRATUS CLOUDS. STRATUS CLOUDS Stratus and cirrus clouds form in different layers of the atmosphere and under different atmospheric conditions CIRRUS CLOUDS. CUMULUS CLOUDS Cumulus clouds can develop into cumulonimbus clouds, which are associated with more severe weather like thunderstorms CUMULONIMBUS CLOUDS. CUMULUS CLOUDS Cumulus and cirrus clouds represent different stages and conditions of cloud formation CIRRUS CLOUDS. STRATUS CLOUDS Stratus and cirrus clouds form in different layers of the atmosphere and under different atmospheric conditions CIRRUS CLOUDS.",
    "evaluation": 0
  },
  {
    "correct_answer": "Condensation is crucial to cloud formation.",
    "retrieved_context": "CLOUDS Cumulus clouds are a specific type of cloud that can be observed in the sky CUMULUS CLOUDS. CUMULUS CLOUDS Cumulus and cirrus clouds represent different stages and conditions of cloud formation CIRRUS CLOUDS. CLOUDS Clouds form as a result of the warming of the Earth's surface by the sun EARTH. CLOUDS Stratus clouds are formed under certain conditions related to cloud formation processes STRATUS CLOUDS. CUMULUS CLOUDS Both cumulus and stratus clouds form through the process of condensation but under different conditions STRATUS CLOUDS. STRATUS CLOUDS Stratus and cirrus clouds form in different layers of the atmosphere and under different atmospheric conditions CIRRUS CLOUDS. CLOUDS Air currents play a significant role in the formation and types of clouds AIR CURRENTS. CLOUDS Reaching the dew point is crucial for the condensation process that forms clouds DEW POINT. CLOUDS The sun's rays initiate the warming process that leads to cloud formation SUN. CLOUDS Cirrus clouds represent another type of cloud that forms in the atmosphere CIRRUS CLOUDS. CUMULUS CLOUDS Cumulus clouds can develop into cumulonimbus clouds, which are associated with more severe weather like thunderstorms CUMULONIMBUS CLOUDS. CLOUDS Water vapor condenses to form clouds when the air reaches its dew point WATER VAPOR. CUMULUS CLOUDS Both cumulus and stratus clouds form through the process of condensation but under different conditions STRATUS CLOUDS. STRATUS CLOUDS Stratus and cirrus clouds form in different layers of the atmosphere and under different atmospheric conditions CIRRUS CLOUDS. CUMULUS CLOUDS Cumulus clouds can develop into cumulonimbus clouds, which are associated with more severe weather like thunderstorms CUMULONIMBUS CLOUDS. CUMULUS CLOUDS Cumulus and cirrus clouds represent different stages and conditions of cloud formation CIRRUS CLOUDS. STRATUS CLOUDS Stratus and cirrus clouds form in different layers of the atmosphere and under different atmospheric conditions CIRRUS CLOUDS.",
    "evaluation": 1
  },
  {
    "correct_answer": "Temperature and humidity influence cloud formation.",
    "retrieved_context": "CLOUDS Cumulus clouds are a specific type of cloud that can be observed in the sky CUMULUS CLOUDS. CUMULUS CLOUDS Cumulus and cirrus clouds represent different stages and conditions of cloud formation CIRRUS CLOUDS. CLOUDS Clouds form as a result of the warming of the Earth's surface by the sun EARTH. CLOUDS Stratus clouds are formed under certain conditions related to cloud formation processes STRATUS CLOUDS. CUMULUS CLOUDS Both cumulus and stratus clouds form through the process of condensation but under different conditions STRATUS CLOUDS. STRATUS CLOUDS Stratus and cirrus clouds form in different layers of the atmosphere and under different atmospheric conditions CIRRUS CLOUDS. CLOUDS Air currents play a significant role in the formation and types of clouds AIR CURRENTS. CLOUDS Reaching the dew point is crucial for the condensation process that forms clouds DEW POINT. CLOUDS The sun's rays initiate the warming process that leads to cloud formation SUN. CLOUDS Cirrus clouds represent another type of cloud that forms in the atmosphere CIRRUS CLOUDS. CUMULUS CLOUDS Cumulus clouds can develop into cumulonimbus clouds, which are associated with more severe weather like thunderstorms CUMULONIMBUS CLOUDS. CLOUDS Water vapor condenses to form clouds when the air reaches its dew point WATER VAPOR. CUMULUS CLOUDS Both cumulus and stratus clouds form through the process of condensation but under different conditions STRATUS CLOUDS. STRATUS CLOUDS Stratus and cirrus clouds form in different layers of the atmosphere and under different atmospheric conditions CIRRUS CLOUDS. CUMULUS CLOUDS Cumulus clouds can develop into cumulonimbus clouds, which are associated with more severe weather like thunderstorms CUMULONIMBUS CLOUDS. CUMULUS CLOUDS Cumulus and cirrus clouds represent different stages and conditions of cloud formation CIRRUS CLOUDS. STRATUS CLOUDS Stratus and cirrus clouds form in different layers of the atmosphere and under different atmospheric conditions CIRRUS CLOUDS.",
    "evaluation": 0
  },
  {
    "correct_answer": "Air currents play a significant role in cloud formation.",
    "retrieved_context": "CLOUDS Cumulus clouds are a specific type of cloud that can be observed in the sky CUMULUS CLOUDS. CUMULUS CLOUDS Cumulus and cirrus clouds represent different stages and conditions of cloud formation CIRRUS CLOUDS. CLOUDS Clouds form as a result of the warming of the Earth's surface by the sun EARTH. CLOUDS Stratus clouds are formed under certain conditions related to cloud formation processes STRATUS CLOUDS. CUMULUS CLOUDS Both cumulus and stratus clouds form through the process of condensation but under different conditions STRATUS CLOUDS. STRATUS CLOUDS Stratus and cirrus clouds form in different layers of the atmosphere and under different atmospheric conditions CIRRUS CLOUDS. CLOUDS Air currents play a significant role in the formation and types of clouds AIR CURRENTS. CLOUDS Reaching the dew point is crucial for the condensation process that forms clouds DEW POINT. CLOUDS The sun's rays initiate the warming process that leads to cloud formation SUN. CLOUDS Cirrus clouds represent another type of cloud that forms in the atmosphere CIRRUS CLOUDS. CUMULUS CLOUDS Cumulus clouds can develop into cumulonimbus clouds, which are associated with more severe weather like thunderstorms CUMULONIMBUS CLOUDS. CLOUDS Water vapor condenses to form clouds when the air reaches its dew point WATER VAPOR. STRATUS CLOUDS Stratus and cirrus clouds form in different layers of the atmosphere and under different atmospheric conditions CIRRUS CLOUDS. CUMULUS CLOUDS Both cumulus and stratus clouds form through the process of condensation but under different conditions STRATUS CLOUDS. STRATUS CLOUDS Stratus and cirrus clouds form in different layers of the atmosphere and under different atmospheric conditions CIRRUS CLOUDS. CUMULUS CLOUDS Cumulus clouds can develop into cumulonimbus clouds, which are associated with more severe weather like thunderstorms CUMULONIMBUS CLOUDS. CUMULUS CLOUDS Cumulus and cirrus clouds represent different stages and conditions of cloud formation CIRRUS CLOUDS.",
    "evaluation": 1
  },
  {
    "correct_answer": "Different types of clouds can be observed in the sky.",
    "retrieved_context": "CLOUDS Cumulus clouds are a specific type of cloud that can be observed in the sky CUMULUS CLOUDS. CUMULUS CLOUDS Cumulus and cirrus clouds represent different stages and conditions of cloud formation CIRRUS CLOUDS. CLOUDS Clouds form as a result of the warming of the Earth's surface by the sun EARTH. CLOUDS Stratus clouds are formed under certain conditions related to cloud formation processes STRATUS CLOUDS. CUMULUS CLOUDS Both cumulus and stratus clouds form through the process of condensation but under different conditions STRATUS CLOUDS. STRATUS CLOUDS Stratus and cirrus clouds form in different layers of the atmosphere and under different atmospheric conditions CIRRUS CLOUDS. CLOUDS Air currents play a significant role in the formation and types of clouds AIR CURRENTS. CLOUDS Reaching the dew point is crucial for the condensation process that forms clouds DEW POINT. CLOUDS The sun's rays initiate the warming process that leads to cloud formation SUN. CLOUDS Cirrus clouds represent another type of cloud that forms in the atmosphere CIRRUS CLOUDS. CUMULUS CLOUDS Cumulus clouds can develop into cumulonimbus clouds, which are associated with more severe weather like thunderstorms CUMULONIMBUS CLOUDS. CLOUDS Water vapor condenses to form clouds when the air reaches its dew point WATER VAPOR. CUMULUS CLOUDS Both cumulus and stratus clouds form through the process of condensation but under different conditions STRATUS CLOUDS. STRATUS CLOUDS Stratus and cirrus clouds form in different layers of the atmosphere and under different atmospheric conditions CIRRUS CLOUDS. CUMULUS CLOUDS Cumulus clouds can develop into cumulonimbus clouds, which are associated with more severe weather like thunderstorms CUMULONIMBUS CLOUDS. CUMULUS CLOUDS Cumulus and cirrus clouds represent different stages and conditions of cloud formation CIRRUS CLOUDS. STRATUS CLOUDS Stratus and cirrus clouds form in different layers of the atmosphere and under different atmospheric conditions CIRRUS CLOUDS.",
    "evaluation": 1
  },
  {
    "correct_answer": "Cumulus clouds form when warm air rises rapidly.",
    "retrieved_context": "CUMULUS CLOUDS Both cumulus and stratus clouds form through the process of condensation but under different conditions STRATUS CLOUDS. STRATUS CLOUDS Stratus and cirrus clouds form in different layers of the atmosphere and under different atmospheric conditions CIRRUS CLOUDS. CUMULUS CLOUDS Cumulus clouds can develop into cumulonimbus clouds, which are associated with more severe weather like thunderstorms CUMULONIMBUS CLOUDS. CUMULUS CLOUDS Cumulus and cirrus clouds represent different stages and conditions of cloud formation CIRRUS CLOUDS. CLOUDS Cumulus clouds are a specific type of cloud that can be observed in the sky CUMULUS CLOUDS. CUMULUS CLOUDS Cumulus and cirrus clouds represent different stages and conditions of cloud formation CIRRUS CLOUDS. CLOUDS Clouds form as a result of the warming of the Earth's surface by the sun EARTH. CLOUDS Stratus clouds are formed under certain conditions related to cloud formation processes STRATUS CLOUDS. CUMULUS CLOUDS Both cumulus and stratus clouds form through the process of condensation but under different conditions STRATUS CLOUDS. STRATUS CLOUDS Stratus and cirrus clouds form in different layers of the atmosphere and under different atmospheric conditions CIRRUS CLOUDS. CLOUDS Air currents play a significant role in the formation and types of clouds AIR CURRENTS. CLOUDS Reaching the dew point is crucial for the condensation process that forms clouds DEW POINT. CLOUDS The sun's rays initiate the warming process that leads to cloud formation SUN. CLOUDS Cirrus clouds represent another type of cloud that forms in the atmosphere CIRRUS CLOUDS. CUMULUS CLOUDS Cumulus clouds can develop into cumulonimbus clouds, which are associated with more severe weather like thunderstorms CUMULONIMBUS CLOUDS. CLOUDS Water vapor condenses to form clouds when the air reaches its dew point WATER VAPOR. STRATUS CLOUDS Stratus and cirrus clouds form in different layers of the atmosphere and under different atmospheric conditions CIRRUS CLOUDS.",
    "evaluation": 0
  },
  {
    "correct_answer": "Stratus clouds are low-lying clouds.",
    "retrieved_context": "STRATUS CLOUDS Stratus and cirrus clouds form in different layers of the atmosphere and under different atmospheric conditions CIRRUS CLOUDS. CLOUDS Cumulus clouds are a specific type of cloud that can be observed in the sky CUMULUS CLOUDS. CUMULUS CLOUDS Cumulus and cirrus clouds represent different stages and conditions of cloud formation CIRRUS CLOUDS. CLOUDS Clouds form as a result of the warming of the Earth's surface by the sun EARTH. CLOUDS Stratus clouds are formed under certain conditions related to cloud formation processes STRATUS CLOUDS. CUMULUS CLOUDS Both cumulus and stratus clouds form through the process of condensation but under different conditions STRATUS CLOUDS. STRATUS CLOUDS Stratus and cirrus clouds form in different layers of the atmosphere and under different atmospheric conditions CIRRUS CLOUDS. CLOUDS Air currents play a significant role in the formation and types of clouds AIR CURRENTS. CLOUDS Reaching the dew point is crucial for the condensation process that forms clouds DEW POINT. CLOUDS The sun's rays initiate the warming process that leads to cloud formation SUN. CLOUDS Cirrus clouds represent another type of cloud that forms in the atmosphere CIRRUS CLOUDS. CUMULUS CLOUDS Cumulus clouds can develop into cumulonimbus clouds, which are associated with more severe weather like thunderstorms CUMULONIMBUS CLOUDS. CLOUDS Water vapor condenses to form clouds when the air reaches its dew point WATER VAPOR. CUMULUS CLOUDS Both cumulus and stratus clouds form through the process of condensation but under different conditions STRATUS CLOUDS. STRATUS CLOUDS Stratus and cirrus clouds form in different layers of the atmosphere and under different atmospheric conditions CIRRUS CLOUDS. CUMULUS CLOUDS Cumulus clouds can develop into cumulonimbus clouds, which are associated with more severe weather like thunderstorms CUMULONIMBUS CLOUDS. CUMULUS CLOUDS Cumulus and cirrus clouds represent different stages and conditions of cloud formation CIRRUS CLOUDS.",
    "evaluation": 0
  },
  {
    "correct_answer": "Cirrus clouds are high, wispy clouds.",
    "retrieved_context": "CLOUDS Cumulus clouds are a specific type of cloud that can be observed in the sky CUMULUS CLOUDS. CUMULUS CLOUDS Cumulus and cirrus clouds represent different stages and conditions of cloud formation CIRRUS CLOUDS. CLOUDS Clouds form as a result of the warming of the Earth's surface by the sun EARTH. CLOUDS Stratus clouds are formed under certain conditions related to cloud formation processes STRATUS CLOUDS. CUMULUS CLOUDS Both cumulus and stratus clouds form through the process of condensation but under different conditions STRATUS CLOUDS. STRATUS CLOUDS Stratus and cirrus clouds form in different layers of the atmosphere and under different atmospheric conditions CIRRUS CLOUDS. CLOUDS Air currents play a significant role in the formation and types of clouds AIR CURRENTS. CLOUDS Reaching the dew point is crucial for the condensation process that forms clouds DEW POINT. CLOUDS The sun's rays initiate the warming process that leads to cloud formation SUN. CLOUDS Cirrus clouds represent another type of cloud that forms in the atmosphere CIRRUS CLOUDS. CUMULUS CLOUDS Cumulus clouds can develop into cumulonimbus clouds, which are associated with more severe weather like thunderstorms CUMULONIMBUS CLOUDS. CLOUDS Water vapor condenses to form clouds when the air reaches its dew point WATER VAPOR. CUMULUS CLOUDS Both cumulus and stratus clouds form through the process of condensation but under different conditions STRATUS CLOUDS. STRATUS CLOUDS Stratus and cirrus clouds form in different layers of the atmosphere and under different atmospheric conditions CIRRUS CLOUDS. CUMULUS CLOUDS Cumulus clouds can develop into cumulonimbus clouds, which are associated with more severe weather like thunderstorms CUMULONIMBUS CLOUDS. CUMULUS CLOUDS Cumulus and cirrus clouds represent different stages and conditions of cloud formation CIRRUS CLOUDS. STRATUS CLOUDS Stratus and cirrus clouds form in different layers of the atmosphere and under different atmospheric conditions CIRRUS CLOUDS.",
    "evaluation": 0
  },
  {
    "accuracy": "53.33%"
  }
]