[
  {
    "correct_answer": "Leonardo da Vinci painted the Mona Lisa in the early 16th century.",
    "retrieved_context": "LEONARDO DA VINCI Leonardo da Vinci created the Mona Lisa, which is one of the most recognizable paintings in the world MONA LISA. LEONARDO DA VINCI Leonardo da Vinci was a key figure of the Renaissance, contributing significantly to its artistic achievements RENAISSANCE. MONA LISA The Mona Lisa has influenced the course of art history and continues to captivate audiences, showcasing the power of artistic expression ART. MONA LISA The Mona Lisa has influenced the course of art history and continues to captivate audiences, showcasing the power of artistic expression ART. MICHELANGELO Michelangelo painted the ceiling of the chapel in the Vatican, a masterpiece that continues to inspire awe VATICAN. MICHELANGELO Michelangelo's work, especially in the Sistine Chapel, is a hallmark of Renaissance art RENAISSANCE. MICHELANGELO Michelangelo painted the ceiling of the Sistine Chapel, including the Creation of Adam and the Last Judgment SISTINE CHAPEL. PABLO PICASSO Pablo Picasso was a pioneer of the Cubism movement, revolutionizing modern art CUBISM. VINCENT VAN GOGH Vincent van Gogh contributed to the art world with his emotionally charged landscapes, influencing the perception of art ART.",
    "evaluation": 0
  },
  {
    "correct_answer": "The Mona Lisa is considered a masterpiece of the Renaissance period.",
    "retrieved_context": "MONA LISA The Mona Lisa has influenced the course of art history and continues to captivate audiences, showcasing the power of artistic expression ART. LEONARDO DA VINCI Leonardo da Vinci created the Mona Lisa, which is one of the most recognizable paintings in the world MONA LISA. LEONARDO DA VINCI Leonardo da Vinci was a key figure of the Renaissance, contributing significantly to its artistic achievements RENAISSANCE. MONA LISA The Mona Lisa has influenced the course of art history and continues to captivate audiences, showcasing the power of artistic expression ART. MICHELANGELO Michelangelo painted the ceiling of the chapel in the Vatican, a masterpiece that continues to inspire awe VATICAN. MICHELANGELO Michelangelo's work, especially in the Sistine Chapel, is a hallmark of Renaissance art RENAISSANCE. MICHELANGELO Michelangelo painted the ceiling of the Sistine Chapel, including the Creation of Adam and the Last Judgment SISTINE CHAPEL. CARAVAGGIO Caravaggio painted \"The Calling of Saint Matthew\", a work known for its dramatic use of light and shadow THE CALLING OF SAINT MATTHEW. VINCENT VAN GOGH Vincent van Gogh contributed to the art world with his emotionally charged landscapes, influencing the perception of art ART.",
    "evaluation": 1
  },
  {
    "correct_answer": "Michelangelo painted the frescoes on the ceiling of the Sistine Chapel between 1508 and 1512.",
    "retrieved_context": "MICHELANGELO Michelangelo painted the ceiling of the chapel in the Vatican, a masterpiece that continues to inspire awe VATICAN. MICHELANGELO Michelangelo's work, especially in the Sistine Chapel, is a hallmark of Renaissance art RENAISSANCE. MICHELANGELO Michelangelo painted the ceiling of the Sistine Chapel, including the Creation of Adam and the Last Judgment SISTINE CHAPEL. LEONARDO DA VINCI Leonardo da Vinci created the Mona Lisa, which is one of the most recognizable paintings in the world MONA LISA. LEONARDO DA VINCI Leonardo da Vinci was a key figure of the Renaissance, contributing significantly to its artistic achievements RENAISSANCE. MONA LISA The Mona Lisa has influenced the course of art history and continues to captivate audiences, showcasing the power of artistic expression ART. MONA LISA The Mona Lisa has influenced the course of art history and continues to captivate audiences, showcasing the power of artistic expression ART. PABLO PICASSO Pablo Picasso was a pioneer of the Cubism movement, revolutionizing modern art CUBISM.",
    "evaluation": 0
  },
  {
    "correct_answer": "The frescoes on the Sistine Chapel ceiling feature scenes from the Bible.",
    "retrieved_context": "MICHELANGELO Michelangelo painted the ceiling of the chapel in the Vatican, a masterpiece that continues to inspire awe VATICAN. MICHELANGELO Michelangelo's work, especially in the Sistine Chapel, is a hallmark of Renaissance art RENAISSANCE. MICHELANGELO Michelangelo painted the ceiling of the Sistine Chapel, including the Creation of Adam and the Last Judgment SISTINE CHAPEL. MONA LISA The Mona Lisa has influenced the course of art history and continues to captivate audiences, showcasing the power of artistic expression ART. LEONARDO DA VINCI Leonardo da Vinci created the Mona Lisa, which is one of the most recognizable paintings in the world MONA LISA. LEONARDO DA VINCI Leonardo da Vinci was a key figure of the Renaissance, contributing significantly to its artistic achievements RENAISSANCE. MONA LISA The Mona Lisa has influenced the course of art history and continues to captivate audiences, showcasing the power of artistic expression ART.",
    "evaluation": 0
  },
  {
    "correct_answer": "Caravaggio was known for his dramatic use of light and shadow in his paintings.",
    "retrieved_context": "CARAVAGGIO Caravaggio painted \"The Calling of Saint Matthew\", a work known for its dramatic use of light and shadow THE CALLING OF SAINT MATTHEW. MICHELANGELO Michelangelo painted the ceiling of the chapel in the Vatican, a masterpiece that continues to inspire awe VATICAN. MICHELANGELO Michelangelo's work, especially in the Sistine Chapel, is a hallmark of Renaissance art RENAISSANCE. MICHELANGELO Michelangelo painted the ceiling of the Sistine Chapel, including the Creation of Adam and the Last Judgment SISTINE CHAPEL. VINCENT VAN GOGH Vincent van Gogh contributed to the art world with his emotionally charged landscapes, influencing the perception of art ART. LEONARDO DA VINCI Leonardo da Vinci created the Mona Lisa, which is one of the most recognizable paintings in the world MONA LISA. LEONARDO DA VINCI Leonardo da Vinci was a key figure of the Renaissance, contributing significantly to its artistic achievements RENAISSANCE. MONA LISA The Mona Lisa has influenced the course of art history and continues to captivate audiences, showcasing the power of artistic expression ART. PABLO PICASSO Pablo Picasso was a pioneer of the Cubism movement, revolutionizing modern art CUBISM. MONA LISA The Mona Lisa has influenced the course of art history and continues to captivate audiences, showcasing the power of artistic expression ART.",
    "evaluation": 1
  },
  {
    "correct_answer": "One of Caravaggio's famous works is 'The Calling of Saint Matthew'.",
    "retrieved_context": "CARAVAGGIO Caravaggio painted \"The Calling of Saint Matthew\", a work known for its dramatic use of light and shadow THE CALLING OF SAINT MATTHEW. MICHELANGELO Michelangelo painted the ceiling of the chapel in the Vatican, a masterpiece that continues to inspire awe VATICAN. MICHELANGELO Michelangelo's work, especially in the Sistine Chapel, is a hallmark of Renaissance art RENAISSANCE. MICHELANGELO Michelangelo painted the ceiling of the Sistine Chapel, including the Creation of Adam and the Last Judgment SISTINE CHAPEL. LEONARDO DA VINCI Leonardo da Vinci created the Mona Lisa, which is one of the most recognizable paintings in the world MONA LISA. LEONARDO DA VINCI Leonardo da Vinci was a key figure of the Renaissance, contributing significantly to its artistic achievements RENAISSANCE. MONA LISA The Mona Lisa has influenced the course of art history and continues to captivate audiences, showcasing the power of artistic expression ART. MONA LISA The Mona Lisa has influenced the course of art history and continues to captivate audiences, showcasing the power of artistic expression ART. LES DEMOISELLES D'AVIGNON Picasso created \"Les Demoiselles d'Avignon\", a painting that is considered a pivotal work in modern art PICASSO.",
    "evaluation": 1
  },
  {
    "correct_answer": "Claude Monet is famous for his series of paintings of water lilies and gardens at Giverny.",
    "retrieved_context": "CLAUDE MONET Claude Monet lived and painted in Giverny, where he created his famous water lilies series GIVERNY. VINCENT VAN GOGH Vincent van Gogh contributed to the art world with his emotionally charged landscapes, influencing the perception of art ART. PABLO PICASSO Pablo Picasso was a pioneer of the Cubism movement, revolutionizing modern art CUBISM. MICHELANGELO Michelangelo painted the ceiling of the chapel in the Vatican, a masterpiece that continues to inspire awe VATICAN. MICHELANGELO Michelangelo's work, especially in the Sistine Chapel, is a hallmark of Renaissance art RENAISSANCE. MICHELANGELO Michelangelo painted the ceiling of the Sistine Chapel, including the Creation of Adam and the Last Judgment SISTINE CHAPEL. LEONARDO DA VINCI Leonardo da Vinci created the Mona Lisa, which is one of the most recognizable paintings in the world MONA LISA. LEONARDO DA VINCI Leonardo da Vinci was a key figure of the Renaissance, contributing significantly to its artistic achievements RENAISSANCE. MONA LISA The Mona Lisa has influenced the course of art history and continues to captivate audiences, showcasing the power of artistic expression ART.",
    "evaluation": 1
  },
  {
    "correct_answer": "Monet's paintings are known for their loose brushwork and vibrant colors.",
    "retrieved_context": "CLAUDE MONET Claude Monet lived and painted in Giverny, where he created his famous water lilies series GIVERNY. VINCENT VAN GOGH Vincent van Gogh contributed to the art world with his emotionally charged landscapes, influencing the perception of art ART. PABLO PICASSO Pablo Picasso was a pioneer of the Cubism movement, revolutionizing modern art CUBISM. LEONARDO DA VINCI Leonardo da Vinci created the Mona Lisa, which is one of the most recognizable paintings in the world MONA LISA. LEONARDO DA VINCI Leonardo da Vinci was a key figure of the Renaissance, contributing significantly to its artistic achievements RENAISSANCE. MONA LISA The Mona Lisa has influenced the course of art history and continues to captivate audiences, showcasing the power of artistic expression ART. MICHELANGELO Michelangelo painted the ceiling of the chapel in the Vatican, a masterpiece that continues to inspire awe VATICAN. MICHELANGELO Michelangelo's work, especially in the Sistine Chapel, is a hallmark of Renaissance art RENAISSANCE. MICHELANGELO Michelangelo painted the ceiling of the Sistine Chapel, including the Creation of Adam and the Last Judgment SISTINE CHAPEL.",
    "evaluation": 0
  },
  {
    "correct_answer": "Pablo Picasso was a pioneer of Cubism in the 20th century.",
    "retrieved_context": "PABLO PICASSO Pablo Picasso was a pioneer of the Cubism movement, revolutionizing modern art CUBISM. VINCENT VAN GOGH Vincent van Gogh contributed to the art world with his emotionally charged landscapes, influencing the perception of art ART. MICHELANGELO Michelangelo painted the ceiling of the chapel in the Vatican, a masterpiece that continues to inspire awe VATICAN. MICHELANGELO Michelangelo's work, especially in the Sistine Chapel, is a hallmark of Renaissance art RENAISSANCE. MICHELANGELO Michelangelo painted the ceiling of the Sistine Chapel, including the Creation of Adam and the Last Judgment SISTINE CHAPEL. LEONARDO DA VINCI Leonardo da Vinci created the Mona Lisa, which is one of the most recognizable paintings in the world MONA LISA. LEONARDO DA VINCI Leonardo da Vinci was a key figure of the Renaissance, contributing significantly to its artistic achievements RENAISSANCE. MONA LISA The Mona Lisa has influenced the course of art history and continues to captivate audiences, showcasing the power of artistic expression ART. CLAUDE MONET Claude Monet lived and painted in Giverny, where he created his famous water lilies series GIVERNY.",
    "evaluation": 0
  },
  {
    "correct_answer": "Picasso's painting 'Les Demoiselles d'Avignon' shattered traditional notions of perspective.",
    "retrieved_context": "LES DEMOISELLES D'AVIGNON Picasso created \"Les Demoiselles d'Avignon\", a painting that is considered a pivotal work in modern art PICASSO. PABLO PICASSO Pablo Picasso was a pioneer of the Cubism movement, revolutionizing modern art CUBISM. VINCENT VAN GOGH Vincent van Gogh contributed to the art world with his emotionally charged landscapes, influencing the perception of art ART. LEONARDO DA VINCI Leonardo da Vinci created the Mona Lisa, which is one of the most recognizable paintings in the world MONA LISA. LEONARDO DA VINCI Leonardo da Vinci was a key figure of the Renaissance, contributing significantly to its artistic achievements RENAISSANCE. MONA LISA The Mona Lisa has influenced the course of art history and continues to captivate audiences, showcasing the power of artistic expression ART.",
    "evaluation": 0
  },
  {
    "correct_answer": "Vincent van Gogh created emotionally charged landscapes in his artworks.",
    "retrieved_context": "VINCENT VAN GOGH Vincent van Gogh contributed to the art world with his emotionally charged landscapes, influencing the perception of art ART. PABLO PICASSO Pablo Picasso was a pioneer of the Cubism movement, revolutionizing modern art CUBISM. LEONARDO DA VINCI Leonardo da Vinci created the Mona Lisa, which is one of the most recognizable paintings in the world MONA LISA. LEONARDO DA VINCI Leonardo da Vinci was a key figure of the Renaissance, contributing significantly to its artistic achievements RENAISSANCE. MONA LISA The Mona Lisa has influenced the course of art history and continues to captivate audiences, showcasing the power of artistic expression ART. MICHELANGELO Michelangelo painted the ceiling of the chapel in the Vatican, a masterpiece that continues to inspire awe VATICAN. MICHELANGELO Michelangelo's work, especially in the Sistine Chapel, is a hallmark of Renaissance art RENAISSANCE. MICHELANGELO Michelangelo painted the ceiling of the Sistine Chapel, including the Creation of Adam and the Last Judgment SISTINE CHAPEL. CLAUDE MONET Claude Monet lived and painted in Giverny, where he created his famous water lilies series GIVERNY.",
    "evaluation": 1
  },
  {
    "correct_answer": "Frida Kahlo is known for her powerful self-portraits.",
    "retrieved_context": "FRIDA KAHLO Frida Kahlo's powerful self-portraits have left a significant mark on the art world, showcasing her unique vision and creativity ART. MONA LISA The Mona Lisa has influenced the course of art history and continues to captivate audiences, showcasing the power of artistic expression ART. PABLO PICASSO Pablo Picasso was a pioneer of the Cubism movement, revolutionizing modern art CUBISM. MICHELANGELO Michelangelo painted the ceiling of the chapel in the Vatican, a masterpiece that continues to inspire awe VATICAN. MICHELANGELO Michelangelo's work, especially in the Sistine Chapel, is a hallmark of Renaissance art RENAISSANCE. MICHELANGELO Michelangelo painted the ceiling of the Sistine Chapel, including the Creation of Adam and the Last Judgment SISTINE CHAPEL. LEONARDO DA VINCI Leonardo da Vinci created the Mona Lisa, which is one of the most recognizable paintings in the world MONA LISA. LEONARDO DA VINCI Leonardo da Vinci was a key figure of the Renaissance, contributing significantly to its artistic achievements RENAISSANCE. MONA LISA The Mona Lisa has influenced the course of art history and continues to captivate audiences, showcasing the power of artistic expression ART. CLAUDE MONET Claude Monet lived and painted in Giverny, where he created his famous water lilies series GIVERNY.",
    "evaluation": 1
  },
  {
    "correct_answer": "Artists like Leonardo da Vinci embodied the Renaissance ideal of the 'Renaissance man'.",
    "retrieved_context": "LEONARDO DA VINCI Leonardo da Vinci created the Mona Lisa, which is one of the most recognizable paintings in the world MONA LISA. LEONARDO DA VINCI Leonardo da Vinci was a key figure of the Renaissance, contributing significantly to its artistic achievements RENAISSANCE. MONA LISA The Mona Lisa has influenced the course of art history and continues to captivate audiences, showcasing the power of artistic expression ART. MICHELANGELO Michelangelo painted the ceiling of the chapel in the Vatican, a masterpiece that continues to inspire awe VATICAN. MICHELANGELO Michelangelo's work, especially in the Sistine Chapel, is a hallmark of Renaissance art RENAISSANCE. MICHELANGELO Michelangelo painted the ceiling of the Sistine Chapel, including the Creation of Adam and the Last Judgment SISTINE CHAPEL. VINCENT VAN GOGH Vincent van Gogh contributed to the art world with his emotionally charged landscapes, influencing the perception of art ART. PABLO PICASSO Pablo Picasso was a pioneer of the Cubism movement, revolutionizing modern art CUBISM. MONA LISA The Mona Lisa has influenced the course of art history and continues to captivate audiences, showcasing the power of artistic expression ART.",
    "evaluation": 0
  },
  {
    "correct_answer": "Michelangelo's work on the Sistine Chapel ceiling continues to inspire artists.",
    "retrieved_context": "MICHELANGELO Michelangelo painted the ceiling of the chapel in the Vatican, a masterpiece that continues to inspire awe VATICAN. MICHELANGELO Michelangelo's work, especially in the Sistine Chapel, is a hallmark of Renaissance art RENAISSANCE. MICHELANGELO Michelangelo painted the ceiling of the Sistine Chapel, including the Creation of Adam and the Last Judgment SISTINE CHAPEL. LEONARDO DA VINCI Leonardo da Vinci created the Mona Lisa, which is one of the most recognizable paintings in the world MONA LISA. LEONARDO DA VINCI Leonardo da Vinci was a key figure of the Renaissance, contributing significantly to its artistic achievements RENAISSANCE. MONA LISA The Mona Lisa has influenced the course of art history and continues to captivate audiences, showcasing the power of artistic expression ART. MONA LISA The Mona Lisa has influenced the course of art history and continues to captivate audiences, showcasing the power of artistic expression ART.",
    "evaluation": 1
  },
  {
    "correct_answer": "The Impressionists aimed to capture the effects of light and color in their paintings.",
    "retrieved_context": "VINCENT VAN GOGH Vincent van Gogh contributed to the art world with his emotionally charged landscapes, influencing the perception of art ART. PABLO PICASSO Pablo Picasso was a pioneer of the Cubism movement, revolutionizing modern art CUBISM. MICHELANGELO Michelangelo painted the ceiling of the chapel in the Vatican, a masterpiece that continues to inspire awe VATICAN. MICHELANGELO Michelangelo's work, especially in the Sistine Chapel, is a hallmark of Renaissance art RENAISSANCE. MICHELANGELO Michelangelo painted the ceiling of the Sistine Chapel, including the Creation of Adam and the Last Judgment SISTINE CHAPEL. LEONARDO DA VINCI Leonardo da Vinci created the Mona Lisa, which is one of the most recognizable paintings in the world MONA LISA. LEONARDO DA VINCI Leonardo da Vinci was a key figure of the Renaissance, contributing significantly to its artistic achievements RENAISSANCE. MONA LISA The Mona Lisa has influenced the course of art history and continues to captivate audiences, showcasing the power of artistic expression ART. CLAUDE MONET Claude Monet lived and painted in Giverny, where he created his famous water lilies series GIVERNY.",
    "evaluation": 0
  },
  {
    "accuracy": "46.67%"
  }
]