[
  {
    "correct_answer": "Fire provides warmth and light to humans in history.",
    "retrieved_context": "HUMAN SOCIETY The evolution of human societies is a significant part of human history, influenced by the discovery of fire HUMAN HISTORY. FIRE Fire has been a powerful symbol, worshipped as a deity or sacred element, and used in rituals and ceremonies across various cultures HUMAN CULTURE AND SPIRITUALITY. FIRE Fire's discovery and utilization marked a pivotal point in human history, influencing various aspects of human development HUMAN HISTORY. FIRE Fire played a crucial role in the development of early human societies by providing essential needs such as warmth and light. This contribution was fundamental for early human survival and productivity, laying the foundation for civilization. By offering these necessities, fire enabled the advancement and complexity of human society, marking a significant milestone in the evolution of civilization. HUMAN SOCIETY. FIRE The ability to cook food with fire improved nutrition by making food more palatable and safer to consume, leading to diversification of diets HUMAN DIET. FIRE The control of fire enabled the smelting of metals and the development of essential tools, weapons, and crafts like pottery and ceramics TECHNOLOGY AND INNOVATION. FIRE Fire fostered a sense of community and cooperation among early humans, contributing to the formation of complex social structures HUMAN SOCIETIES. FIRE Fire has significantly influenced humanity's evolution, technological advancements, and cultural expressions HUMANITY. FIRE Fire continues to be crucial in industries, powering engines, generating electricity, and providing heat, driving economic growth and technological advancement MODERN INDUSTRIES. FIRE The widespread use of fire has led to air pollution and deforestation, highlighting the need for sustainable practices ENVIRONMENTAL CHALLENGES. FIRE Fire's use in cooking led to the development of culinary arts and food culture, reflecting cultural diversity CULINARY ARTS. HUMAN DIET The evolution of the human diet through cooking led to the development of culinary arts and food culture CULINARY ARTS. HUMAN SOCIETY The evolution of human societies is a significant part of human history, influenced by the discovery of fire HUMAN HISTORY. HUMAN DIET The evolution of the human diet through cooking led to the development of culinary arts and food culture CULINARY ARTS.",
    "evaluation": 1
  },
  {
    "correct_answer": "Fire enables cooking and tool-making for humans.",
    "retrieved_context": "HUMAN SOCIETY The evolution of human societies is a significant part of human history, influenced by the discovery of fire HUMAN HISTORY. FIRE Fire has been a powerful symbol, worshipped as a deity or sacred element, and used in rituals and ceremonies across various cultures HUMAN CULTURE AND SPIRITUALITY. FIRE Fire's discovery and utilization marked a pivotal point in human history, influencing various aspects of human development HUMAN HISTORY. FIRE Fire played a crucial role in the development of early human societies by providing essential needs such as warmth and light. This contribution was fundamental for early human survival and productivity, laying the foundation for civilization. By offering these necessities, fire enabled the advancement and complexity of human society, marking a significant milestone in the evolution of civilization. HUMAN SOCIETY. FIRE The ability to cook food with fire improved nutrition by making food more palatable and safer to consume, leading to diversification of diets HUMAN DIET. FIRE The control of fire enabled the smelting of metals and the development of essential tools, weapons, and crafts like pottery and ceramics TECHNOLOGY AND INNOVATION. FIRE Fire fostered a sense of community and cooperation among early humans, contributing to the formation of complex social structures HUMAN SOCIETIES. FIRE Fire has significantly influenced humanity's evolution, technological advancements, and cultural expressions HUMANITY. FIRE Fire continues to be crucial in industries, powering engines, generating electricity, and providing heat, driving economic growth and technological advancement MODERN INDUSTRIES. FIRE The widespread use of fire has led to air pollution and deforestation, highlighting the need for sustainable practices ENVIRONMENTAL CHALLENGES. FIRE Fire's use in cooking led to the development of culinary arts and food culture, reflecting cultural diversity CULINARY ARTS. HUMAN DIET The evolution of the human diet through cooking led to the development of culinary arts and food culture CULINARY ARTS. HUMAN DIET The evolution of the human diet through cooking led to the development of culinary arts and food culture CULINARY ARTS.",
    "evaluation": 1
  },
  {
    "correct_answer": "Fire extends waking hours and increases productivity.",
    "retrieved_context": "HUMAN SOCIETY The evolution of human societies is a significant part of human history, influenced by the discovery of fire HUMAN HISTORY. FIRE Fire has been a powerful symbol, worshipped as a deity or sacred element, and used in rituals and ceremonies across various cultures HUMAN CULTURE AND SPIRITUALITY. FIRE Fire's discovery and utilization marked a pivotal point in human history, influencing various aspects of human development HUMAN HISTORY. FIRE Fire played a crucial role in the development of early human societies by providing essential needs such as warmth and light. This contribution was fundamental for early human survival and productivity, laying the foundation for civilization. By offering these necessities, fire enabled the advancement and complexity of human society, marking a significant milestone in the evolution of civilization. HUMAN SOCIETY. FIRE The ability to cook food with fire improved nutrition by making food more palatable and safer to consume, leading to diversification of diets HUMAN DIET. FIRE The control of fire enabled the smelting of metals and the development of essential tools, weapons, and crafts like pottery and ceramics TECHNOLOGY AND INNOVATION. FIRE Fire fostered a sense of community and cooperation among early humans, contributing to the formation of complex social structures HUMAN SOCIETIES. FIRE Fire has significantly influenced humanity's evolution, technological advancements, and cultural expressions HUMANITY. FIRE Fire continues to be crucial in industries, powering engines, generating electricity, and providing heat, driving economic growth and technological advancement MODERN INDUSTRIES. FIRE The widespread use of fire has led to air pollution and deforestation, highlighting the need for sustainable practices ENVIRONMENTAL CHALLENGES. FIRE Fire's use in cooking led to the development of culinary arts and food culture, reflecting cultural diversity CULINARY ARTS. HUMAN DIET The evolution of the human diet through cooking led to the development of culinary arts and food culture CULINARY ARTS. HUMAN SOCIETY The evolution of human societies is a significant part of human history, influenced by the discovery of fire HUMAN HISTORY.",
    "evaluation": 0
  },
  {
    "correct_answer": "Cooking food over fire makes it more palatable.",
    "retrieved_context": "HUMAN SOCIETY The evolution of human societies is a significant part of human history, influenced by the discovery of fire HUMAN HISTORY. FIRE Fire has been a powerful symbol, worshipped as a deity or sacred element, and used in rituals and ceremonies across various cultures HUMAN CULTURE AND SPIRITUALITY. FIRE Fire's discovery and utilization marked a pivotal point in human history, influencing various aspects of human development HUMAN HISTORY. FIRE Fire played a crucial role in the development of early human societies by providing essential needs such as warmth and light. This contribution was fundamental for early human survival and productivity, laying the foundation for civilization. By offering these necessities, fire enabled the advancement and complexity of human society, marking a significant milestone in the evolution of civilization. HUMAN SOCIETY. FIRE The ability to cook food with fire improved nutrition by making food more palatable and safer to consume, leading to diversification of diets HUMAN DIET. FIRE The control of fire enabled the smelting of metals and the development of essential tools, weapons, and crafts like pottery and ceramics TECHNOLOGY AND INNOVATION. FIRE Fire fostered a sense of community and cooperation among early humans, contributing to the formation of complex social structures HUMAN SOCIETIES. FIRE Fire has significantly influenced humanity's evolution, technological advancements, and cultural expressions HUMANITY. FIRE Fire continues to be crucial in industries, powering engines, generating electricity, and providing heat, driving economic growth and technological advancement MODERN INDUSTRIES. FIRE The widespread use of fire has led to air pollution and deforestation, highlighting the need for sustainable practices ENVIRONMENTAL CHALLENGES. FIRE Fire's use in cooking led to the development of culinary arts and food culture, reflecting cultural diversity CULINARY ARTS. HUMAN DIET The evolution of the human diet through cooking led to the development of culinary arts and food culture CULINARY ARTS. HUMAN DIET The evolution of the human diet through cooking led to the development of culinary arts and food culture CULINARY ARTS.",
    "evaluation": 1
  },
  {
    "correct_answer": "Cooking food over fire breaks down tough fibers and kills harmful bacteria.",
    "retrieved_context": "HUMAN SOCIETY The evolution of human societies is a significant part of human history, influenced by the discovery of fire HUMAN HISTORY. FIRE Fire has been a powerful symbol, worshipped as a deity or sacred element, and used in rituals and ceremonies across various cultures HUMAN CULTURE AND SPIRITUALITY. FIRE Fire's discovery and utilization marked a pivotal point in human history, influencing various aspects of human development HUMAN HISTORY. FIRE Fire played a crucial role in the development of early human societies by providing essential needs such as warmth and light. This contribution was fundamental for early human survival and productivity, laying the foundation for civilization. By offering these necessities, fire enabled the advancement and complexity of human society, marking a significant milestone in the evolution of civilization. HUMAN SOCIETY. FIRE The ability to cook food with fire improved nutrition by making food more palatable and safer to consume, leading to diversification of diets HUMAN DIET. FIRE The control of fire enabled the smelting of metals and the development of essential tools, weapons, and crafts like pottery and ceramics TECHNOLOGY AND INNOVATION. FIRE Fire fostered a sense of community and cooperation among early humans, contributing to the formation of complex social structures HUMAN SOCIETIES. FIRE Fire has significantly influenced humanity's evolution, technological advancements, and cultural expressions HUMANITY. FIRE Fire continues to be crucial in industries, powering engines, generating electricity, and providing heat, driving economic growth and technological advancement MODERN INDUSTRIES. FIRE The widespread use of fire has led to air pollution and deforestation, highlighting the need for sustainable practices ENVIRONMENTAL CHALLENGES. FIRE Fire's use in cooking led to the development of culinary arts and food culture, reflecting cultural diversity CULINARY ARTS. HUMAN DIET The evolution of the human diet through cooking led to the development of culinary arts and food culture CULINARY ARTS. HUMAN DIET The evolution of the human diet through cooking led to the development of culinary arts and food culture CULINARY ARTS.",
    "evaluation": 0
  },
  {
    "correct_answer": "Cooking food over fire leads to improved nutrition and well-being.",
    "retrieved_context": "HUMAN SOCIETY The evolution of human societies is a significant part of human history, influenced by the discovery of fire HUMAN HISTORY. FIRE Fire has been a powerful symbol, worshipped as a deity or sacred element, and used in rituals and ceremonies across various cultures HUMAN CULTURE AND SPIRITUALITY. FIRE Fire's discovery and utilization marked a pivotal point in human history, influencing various aspects of human development HUMAN HISTORY. FIRE Fire played a crucial role in the development of early human societies by providing essential needs such as warmth and light. This contribution was fundamental for early human survival and productivity, laying the foundation for civilization. By offering these necessities, fire enabled the advancement and complexity of human society, marking a significant milestone in the evolution of civilization. HUMAN SOCIETY. FIRE The ability to cook food with fire improved nutrition by making food more palatable and safer to consume, leading to diversification of diets HUMAN DIET. FIRE The control of fire enabled the smelting of metals and the development of essential tools, weapons, and crafts like pottery and ceramics TECHNOLOGY AND INNOVATION. FIRE Fire fostered a sense of community and cooperation among early humans, contributing to the formation of complex social structures HUMAN SOCIETIES. FIRE Fire has significantly influenced humanity's evolution, technological advancements, and cultural expressions HUMANITY. FIRE Fire continues to be crucial in industries, powering engines, generating electricity, and providing heat, driving economic growth and technological advancement MODERN INDUSTRIES. FIRE The widespread use of fire has led to air pollution and deforestation, highlighting the need for sustainable practices ENVIRONMENTAL CHALLENGES. FIRE Fire's use in cooking led to the development of culinary arts and food culture, reflecting cultural diversity CULINARY ARTS. HUMAN DIET The evolution of the human diet through cooking led to the development of culinary arts and food culture CULINARY ARTS. HUMAN DIET The evolution of the human diet through cooking led to the development of culinary arts and food culture CULINARY ARTS.",
    "evaluation": 1
  },
  {
    "correct_answer": "Different cooking methods like roasting and boiling emerge due to fire.",
    "retrieved_context": "HUMAN SOCIETY The evolution of human societies is a significant part of human history, influenced by the discovery of fire HUMAN HISTORY. FIRE Fire has been a powerful symbol, worshipped as a deity or sacred element, and used in rituals and ceremonies across various cultures HUMAN CULTURE AND SPIRITUALITY. FIRE Fire's discovery and utilization marked a pivotal point in human history, influencing various aspects of human development HUMAN HISTORY. FIRE Fire played a crucial role in the development of early human societies by providing essential needs such as warmth and light. This contribution was fundamental for early human survival and productivity, laying the foundation for civilization. By offering these necessities, fire enabled the advancement and complexity of human society, marking a significant milestone in the evolution of civilization. HUMAN SOCIETY. FIRE The ability to cook food with fire improved nutrition by making food more palatable and safer to consume, leading to diversification of diets HUMAN DIET. FIRE The control of fire enabled the smelting of metals and the development of essential tools, weapons, and crafts like pottery and ceramics TECHNOLOGY AND INNOVATION. FIRE Fire fostered a sense of community and cooperation among early humans, contributing to the formation of complex social structures HUMAN SOCIETIES. FIRE Fire has significantly influenced humanity's evolution, technological advancements, and cultural expressions HUMANITY. FIRE Fire continues to be crucial in industries, powering engines, generating electricity, and providing heat, driving economic growth and technological advancement MODERN INDUSTRIES. FIRE The widespread use of fire has led to air pollution and deforestation, highlighting the need for sustainable practices ENVIRONMENTAL CHALLENGES. FIRE Fire's use in cooking led to the development of culinary arts and food culture, reflecting cultural diversity CULINARY ARTS. HUMAN DIET The evolution of the human diet through cooking led to the development of culinary arts and food culture CULINARY ARTS. HUMAN DIET The evolution of the human diet through cooking led to the development of culinary arts and food culture CULINARY ARTS.",
    "evaluation": 0
  },
  {
    "correct_answer": "Sharing meals around a fire fosters community and cooperation.",
    "retrieved_context": "HUMAN SOCIETY The evolution of human societies is a significant part of human history, influenced by the discovery of fire HUMAN HISTORY. FIRE Fire has been a powerful symbol, worshipped as a deity or sacred element, and used in rituals and ceremonies across various cultures HUMAN CULTURE AND SPIRITUALITY. FIRE Fire's discovery and utilization marked a pivotal point in human history, influencing various aspects of human development HUMAN HISTORY. FIRE Fire played a crucial role in the development of early human societies by providing essential needs such as warmth and light. This contribution was fundamental for early human survival and productivity, laying the foundation for civilization. By offering these necessities, fire enabled the advancement and complexity of human society, marking a significant milestone in the evolution of civilization. HUMAN SOCIETY. FIRE The ability to cook food with fire improved nutrition by making food more palatable and safer to consume, leading to diversification of diets HUMAN DIET. FIRE The control of fire enabled the smelting of metals and the development of essential tools, weapons, and crafts like pottery and ceramics TECHNOLOGY AND INNOVATION. FIRE Fire fostered a sense of community and cooperation among early humans, contributing to the formation of complex social structures HUMAN SOCIETIES. FIRE Fire has significantly influenced humanity's evolution, technological advancements, and cultural expressions HUMANITY. FIRE Fire continues to be crucial in industries, powering engines, generating electricity, and providing heat, driving economic growth and technological advancement MODERN INDUSTRIES. FIRE The widespread use of fire has led to air pollution and deforestation, highlighting the need for sustainable practices ENVIRONMENTAL CHALLENGES. FIRE Fire's use in cooking led to the development of culinary arts and food culture, reflecting cultural diversity CULINARY ARTS. HUMAN DIET The evolution of the human diet through cooking led to the development of culinary arts and food culture CULINARY ARTS. HUMAN DIET The evolution of the human diet through cooking led to the development of culinary arts and food culture CULINARY ARTS. HUMAN SOCIETY The evolution of human societies is a significant part of human history, influenced by the discovery of fire HUMAN HISTORY.",
    "evaluation": 1
  },
  {
    "correct_answer": "Fire allows smelting of metals for tool and weapon development.",
    "retrieved_context": "HUMAN SOCIETY The evolution of human societies is a significant part of human history, influenced by the discovery of fire HUMAN HISTORY. FIRE Fire has been a powerful symbol, worshipped as a deity or sacred element, and used in rituals and ceremonies across various cultures HUMAN CULTURE AND SPIRITUALITY. FIRE Fire's discovery and utilization marked a pivotal point in human history, influencing various aspects of human development HUMAN HISTORY. FIRE Fire played a crucial role in the development of early human societies by providing essential needs such as warmth and light. This contribution was fundamental for early human survival and productivity, laying the foundation for civilization. By offering these necessities, fire enabled the advancement and complexity of human society, marking a significant milestone in the evolution of civilization. HUMAN SOCIETY. FIRE The ability to cook food with fire improved nutrition by making food more palatable and safer to consume, leading to diversification of diets HUMAN DIET. FIRE The control of fire enabled the smelting of metals and the development of essential tools, weapons, and crafts like pottery and ceramics TECHNOLOGY AND INNOVATION. FIRE Fire fostered a sense of community and cooperation among early humans, contributing to the formation of complex social structures HUMAN SOCIETIES. FIRE Fire has significantly influenced humanity's evolution, technological advancements, and cultural expressions HUMANITY. FIRE Fire continues to be crucial in industries, powering engines, generating electricity, and providing heat, driving economic growth and technological advancement MODERN INDUSTRIES. FIRE The widespread use of fire has led to air pollution and deforestation, highlighting the need for sustainable practices ENVIRONMENTAL CHALLENGES. FIRE Fire's use in cooking led to the development of culinary arts and food culture, reflecting cultural diversity CULINARY ARTS. HUMAN DIET The evolution of the human diet through cooking led to the development of culinary arts and food culture CULINARY ARTS.",
    "evaluation": 1
  },
  {
    "correct_answer": "Fire leads to the invention of pottery and ceramics.",
    "retrieved_context": "HUMAN SOCIETY The evolution of human societies is a significant part of human history, influenced by the discovery of fire HUMAN HISTORY. FIRE Fire has been a powerful symbol, worshipped as a deity or sacred element, and used in rituals and ceremonies across various cultures HUMAN CULTURE AND SPIRITUALITY. FIRE Fire's discovery and utilization marked a pivotal point in human history, influencing various aspects of human development HUMAN HISTORY. FIRE Fire played a crucial role in the development of early human societies by providing essential needs such as warmth and light. This contribution was fundamental for early human survival and productivity, laying the foundation for civilization. By offering these necessities, fire enabled the advancement and complexity of human society, marking a significant milestone in the evolution of civilization. HUMAN SOCIETY. FIRE The ability to cook food with fire improved nutrition by making food more palatable and safer to consume, leading to diversification of diets HUMAN DIET. FIRE The control of fire enabled the smelting of metals and the development of essential tools, weapons, and crafts like pottery and ceramics TECHNOLOGY AND INNOVATION. FIRE Fire fostered a sense of community and cooperation among early humans, contributing to the formation of complex social structures HUMAN SOCIETIES. FIRE Fire has significantly influenced humanity's evolution, technological advancements, and cultural expressions HUMANITY. FIRE Fire continues to be crucial in industries, powering engines, generating electricity, and providing heat, driving economic growth and technological advancement MODERN INDUSTRIES. FIRE The widespread use of fire has led to air pollution and deforestation, highlighting the need for sustainable practices ENVIRONMENTAL CHALLENGES. FIRE Fire's use in cooking led to the development of culinary arts and food culture, reflecting cultural diversity CULINARY ARTS. HUMAN DIET The evolution of the human diet through cooking led to the development of culinary arts and food culture CULINARY ARTS.",
    "evaluation": 1
  },
  {
    "correct_answer": "Fire is a symbol of destruction and renewal in human culture.",
    "retrieved_context": "HUMAN SOCIETY The evolution of human societies is a significant part of human history, influenced by the discovery of fire HUMAN HISTORY. FIRE Fire has been a powerful symbol, worshipped as a deity or sacred element, and used in rituals and ceremonies across various cultures HUMAN CULTURE AND SPIRITUALITY. FIRE Fire's discovery and utilization marked a pivotal point in human history, influencing various aspects of human development HUMAN HISTORY. FIRE Fire played a crucial role in the development of early human societies by providing essential needs such as warmth and light. This contribution was fundamental for early human survival and productivity, laying the foundation for civilization. By offering these necessities, fire enabled the advancement and complexity of human society, marking a significant milestone in the evolution of civilization. HUMAN SOCIETY. FIRE The ability to cook food with fire improved nutrition by making food more palatable and safer to consume, leading to diversification of diets HUMAN DIET. FIRE The control of fire enabled the smelting of metals and the development of essential tools, weapons, and crafts like pottery and ceramics TECHNOLOGY AND INNOVATION. FIRE Fire fostered a sense of community and cooperation among early humans, contributing to the formation of complex social structures HUMAN SOCIETIES. FIRE Fire has significantly influenced humanity's evolution, technological advancements, and cultural expressions HUMANITY. FIRE Fire continues to be crucial in industries, powering engines, generating electricity, and providing heat, driving economic growth and technological advancement MODERN INDUSTRIES. FIRE The widespread use of fire has led to air pollution and deforestation, highlighting the need for sustainable practices ENVIRONMENTAL CHALLENGES. FIRE Fire's use in cooking led to the development of culinary arts and food culture, reflecting cultural diversity CULINARY ARTS. HUMAN DIET The evolution of the human diet through cooking led to the development of culinary arts and food culture CULINARY ARTS. HUMAN SOCIETY The evolution of human societies is a significant part of human history, influenced by the discovery of fire HUMAN HISTORY.",
    "evaluation": 0
  },
  {
    "correct_answer": "Fire is worshipped as a deity in ancient civilizations.",
    "retrieved_context": "HUMAN SOCIETY The evolution of human societies is a significant part of human history, influenced by the discovery of fire HUMAN HISTORY. FIRE Fire has been a powerful symbol, worshipped as a deity or sacred element, and used in rituals and ceremonies across various cultures HUMAN CULTURE AND SPIRITUALITY. FIRE Fire's discovery and utilization marked a pivotal point in human history, influencing various aspects of human development HUMAN HISTORY. FIRE Fire played a crucial role in the development of early human societies by providing essential needs such as warmth and light. This contribution was fundamental for early human survival and productivity, laying the foundation for civilization. By offering these necessities, fire enabled the advancement and complexity of human society, marking a significant milestone in the evolution of civilization. HUMAN SOCIETY. FIRE The ability to cook food with fire improved nutrition by making food more palatable and safer to consume, leading to diversification of diets HUMAN DIET. FIRE The control of fire enabled the smelting of metals and the development of essential tools, weapons, and crafts like pottery and ceramics TECHNOLOGY AND INNOVATION. FIRE Fire fostered a sense of community and cooperation among early humans, contributing to the formation of complex social structures HUMAN SOCIETIES. FIRE Fire has significantly influenced humanity's evolution, technological advancements, and cultural expressions HUMANITY. FIRE Fire continues to be crucial in industries, powering engines, generating electricity, and providing heat, driving economic growth and technological advancement MODERN INDUSTRIES. FIRE The widespread use of fire has led to air pollution and deforestation, highlighting the need for sustainable practices ENVIRONMENTAL CHALLENGES. FIRE Fire's use in cooking led to the development of culinary arts and food culture, reflecting cultural diversity CULINARY ARTS. HUMAN DIET The evolution of the human diet through cooking led to the development of culinary arts and food culture CULINARY ARTS. HUMAN SOCIETY The evolution of human societies is a significant part of human history, influenced by the discovery of fire HUMAN HISTORY.",
    "evaluation": 0
  },
  {
    "correct_answer": "Fire is used in various industries for powering engines and generating electricity.",
    "retrieved_context": "HUMAN SOCIETY The evolution of human societies is a significant part of human history, influenced by the discovery of fire HUMAN HISTORY. FIRE Fire has been a powerful symbol, worshipped as a deity or sacred element, and used in rituals and ceremonies across various cultures HUMAN CULTURE AND SPIRITUALITY. FIRE Fire's discovery and utilization marked a pivotal point in human history, influencing various aspects of human development HUMAN HISTORY. FIRE Fire played a crucial role in the development of early human societies by providing essential needs such as warmth and light. This contribution was fundamental for early human survival and productivity, laying the foundation for civilization. By offering these necessities, fire enabled the advancement and complexity of human society, marking a significant milestone in the evolution of civilization. HUMAN SOCIETY. FIRE The ability to cook food with fire improved nutrition by making food more palatable and safer to consume, leading to diversification of diets HUMAN DIET. FIRE The control of fire enabled the smelting of metals and the development of essential tools, weapons, and crafts like pottery and ceramics TECHNOLOGY AND INNOVATION. FIRE Fire fostered a sense of community and cooperation among early humans, contributing to the formation of complex social structures HUMAN SOCIETIES. FIRE Fire has significantly influenced humanity's evolution, technological advancements, and cultural expressions HUMANITY. FIRE Fire continues to be crucial in industries, powering engines, generating electricity, and providing heat, driving economic growth and technological advancement MODERN INDUSTRIES. FIRE The widespread use of fire has led to air pollution and deforestation, highlighting the need for sustainable practices ENVIRONMENTAL CHALLENGES. FIRE Fire's use in cooking led to the development of culinary arts and food culture, reflecting cultural diversity CULINARY ARTS. HUMAN DIET The evolution of the human diet through cooking led to the development of culinary arts and food culture CULINARY ARTS. HUMAN SOCIETY The evolution of human societies is a significant part of human history, influenced by the discovery of fire HUMAN HISTORY.",
    "evaluation": 1
  },
  {
    "correct_answer": "Fire is used for heating homes and cooking in restaurants.",
    "retrieved_context": "HUMAN SOCIETY The evolution of human societies is a significant part of human history, influenced by the discovery of fire HUMAN HISTORY. FIRE Fire has been a powerful symbol, worshipped as a deity or sacred element, and used in rituals and ceremonies across various cultures HUMAN CULTURE AND SPIRITUALITY. FIRE Fire's discovery and utilization marked a pivotal point in human history, influencing various aspects of human development HUMAN HISTORY. FIRE Fire played a crucial role in the development of early human societies by providing essential needs such as warmth and light. This contribution was fundamental for early human survival and productivity, laying the foundation for civilization. By offering these necessities, fire enabled the advancement and complexity of human society, marking a significant milestone in the evolution of civilization. HUMAN SOCIETY. FIRE The ability to cook food with fire improved nutrition by making food more palatable and safer to consume, leading to diversification of diets HUMAN DIET. FIRE The control of fire enabled the smelting of metals and the development of essential tools, weapons, and crafts like pottery and ceramics TECHNOLOGY AND INNOVATION. FIRE Fire fostered a sense of community and cooperation among early humans, contributing to the formation of complex social structures HUMAN SOCIETIES. FIRE Fire has significantly influenced humanity's evolution, technological advancements, and cultural expressions HUMANITY. FIRE Fire continues to be crucial in industries, powering engines, generating electricity, and providing heat, driving economic growth and technological advancement MODERN INDUSTRIES. FIRE The widespread use of fire has led to air pollution and deforestation, highlighting the need for sustainable practices ENVIRONMENTAL CHALLENGES. FIRE Fire's use in cooking led to the development of culinary arts and food culture, reflecting cultural diversity CULINARY ARTS. HUMAN DIET The evolution of the human diet through cooking led to the development of culinary arts and food culture CULINARY ARTS.",
    "evaluation": 0
  },
  {
    "correct_answer": "Widespread use of fire leads to environmental challenges like air pollution.",
    "retrieved_context": "HUMAN SOCIETY The evolution of human societies is a significant part of human history, influenced by the discovery of fire HUMAN HISTORY. FIRE Fire has been a powerful symbol, worshipped as a deity or sacred element, and used in rituals and ceremonies across various cultures HUMAN CULTURE AND SPIRITUALITY. FIRE Fire's discovery and utilization marked a pivotal point in human history, influencing various aspects of human development HUMAN HISTORY. FIRE Fire played a crucial role in the development of early human societies by providing essential needs such as warmth and light. This contribution was fundamental for early human survival and productivity, laying the foundation for civilization. By offering these necessities, fire enabled the advancement and complexity of human society, marking a significant milestone in the evolution of civilization. HUMAN SOCIETY. FIRE The ability to cook food with fire improved nutrition by making food more palatable and safer to consume, leading to diversification of diets HUMAN DIET. FIRE The control of fire enabled the smelting of metals and the development of essential tools, weapons, and crafts like pottery and ceramics TECHNOLOGY AND INNOVATION. FIRE Fire fostered a sense of community and cooperation among early humans, contributing to the formation of complex social structures HUMAN SOCIETIES. FIRE Fire has significantly influenced humanity's evolution, technological advancements, and cultural expressions HUMANITY. FIRE Fire continues to be crucial in industries, powering engines, generating electricity, and providing heat, driving economic growth and technological advancement MODERN INDUSTRIES. FIRE The widespread use of fire has led to air pollution and deforestation, highlighting the need for sustainable practices ENVIRONMENTAL CHALLENGES. FIRE Fire's use in cooking led to the development of culinary arts and food culture, reflecting cultural diversity CULINARY ARTS. HUMAN DIET The evolution of the human diet through cooking led to the development of culinary arts and food culture CULINARY ARTS. HUMAN SOCIETY The evolution of human societies is a significant part of human history, influenced by the discovery of fire HUMAN HISTORY.",
    "evaluation": 1
  },
  {
    "accuracy": "60.00%"
  }
]