[
  {
    "correct_answer": "Ants are fascinating creatures.",
    "retrieved_context": "ANTS Ants are responsible for the creation and maintenance of ant colonies, demonstrating their skills in teamwork and adaptability ANT COLONIES. WORKER ANTS Leafcutter ants are a specific type of worker ants that engage in cultivating fungi LEAFCUTTER ANTS. WORKER ANTS Worker ants use pheromones to communicate and coordinate their nest-building activities PHEROMONES. LEAFCUTTER ANTS Leafcutter ants participate in the event of nest building by creating underground fungus gardens, showcasing their unique contribution to the colony's infrastructure NEST BUILDING. ANT COLONY The queen ant is central to the ant colony's survival and prosperity, laying eggs and being protected by worker ants QUEEN ANT. ANT COLONY Worker ants are integral members of the ant colony, playing a crucial role in its survival and prosperity. They are responsible for performing essential tasks such as foraging for food, caring for the young, and maintaining and building the nest. These activities support the ant colony, ensuring its growth and the well-being of its members. Through their diligent work, worker ants contribute significantly to the functioning and organization of the colony, demonstrating the importance of their role within the ant community. WORKER ANTS. WORKER ANTS Worker ants use pheromones to communicate and coordinate their nest-building activities PHEROMONES. ANT COLONY The ant colony engages in the event of nest building to ensure the survival and growth of the colony, utilizing the collective efforts of its members NEST BUILDING. ANT COLONY Soldier ants protect the ant colony from external threats and intruders SOLDIER ANTS. WORKER ANTS Leafcutter ants are a specific type of worker ants that engage in cultivating fungi LEAFCUTTER ANTS. QUEEN ANT Worker ants cater to the queen ant's needs and protect her within the colony WORKER ANTS. LEAFCUTTER ANTS Leafcutter ants participate in the event of nest building by creating underground fungus gardens, showcasing their unique contribution to the colony's infrastructure NEST BUILDING. WORKER ANTS Leafcutter ants are a specific type of worker ants that engage in cultivating fungi LEAFCUTTER ANTS. WORKER ANTS Worker ants use pheromones to communicate and coordinate their nest-building activities PHEROMONES. QUEEN ANT Worker ants cater to the queen ant's needs and protect her within the colony WORKER ANTS.",
    "evaluation": 0
  },
  {
    "correct_answer": "Ants have mastered the art of cooperation and organization.",
    "retrieved_context": "ANTS Ants are responsible for the creation and maintenance of ant colonies, demonstrating their skills in teamwork and adaptability ANT COLONIES. WORKER ANTS Leafcutter ants are a specific type of worker ants that engage in cultivating fungi LEAFCUTTER ANTS. WORKER ANTS Worker ants use pheromones to communicate and coordinate their nest-building activities PHEROMONES. LEAFCUTTER ANTS Leafcutter ants participate in the event of nest building by creating underground fungus gardens, showcasing their unique contribution to the colony's infrastructure NEST BUILDING. ANT COLONY The queen ant is central to the ant colony's survival and prosperity, laying eggs and being protected by worker ants QUEEN ANT. ANT COLONY Worker ants are integral members of the ant colony, playing a crucial role in its survival and prosperity. They are responsible for performing essential tasks such as foraging for food, caring for the young, and maintaining and building the nest. These activities support the ant colony, ensuring its growth and the well-being of its members. Through their diligent work, worker ants contribute significantly to the functioning and organization of the colony, demonstrating the importance of their role within the ant community. WORKER ANTS. WORKER ANTS Worker ants use pheromones to communicate and coordinate their nest-building activities PHEROMONES. ANT COLONY The ant colony engages in the event of nest building to ensure the survival and growth of the colony, utilizing the collective efforts of its members NEST BUILDING. ANT COLONY Soldier ants protect the ant colony from external threats and intruders SOLDIER ANTS. WORKER ANTS Leafcutter ants are a specific type of worker ants that engage in cultivating fungi LEAFCUTTER ANTS. QUEEN ANT Worker ants cater to the queen ant's needs and protect her within the colony WORKER ANTS. LEAFCUTTER ANTS Leafcutter ants participate in the event of nest building by creating underground fungus gardens, showcasing their unique contribution to the colony's infrastructure NEST BUILDING. WORKER ANTS Leafcutter ants are a specific type of worker ants that engage in cultivating fungi LEAFCUTTER ANTS. WORKER ANTS Worker ants use pheromones to communicate and coordinate their nest-building activities PHEROMONES. QUEEN ANT Worker ants cater to the queen ant's needs and protect her within the colony WORKER ANTS.",
    "evaluation": 1
  },
  {
    "correct_answer": "Ant colonies serve as the central hub for ants to live, work, and thrive together.",
    "retrieved_context": "ANT COLONY The queen ant is central to the ant colony's survival and prosperity, laying eggs and being protected by worker ants QUEEN ANT. ANT COLONY Worker ants are integral members of the ant colony, playing a crucial role in its survival and prosperity. They are responsible for performing essential tasks such as foraging for food, caring for the young, and maintaining and building the nest. These activities support the ant colony, ensuring its growth and the well-being of its members. Through their diligent work, worker ants contribute significantly to the functioning and organization of the colony, demonstrating the importance of their role within the ant community. WORKER ANTS. WORKER ANTS Worker ants use pheromones to communicate and coordinate their nest-building activities PHEROMONES. ANT COLONY The ant colony engages in the event of nest building to ensure the survival and growth of the colony, utilizing the collective efforts of its members NEST BUILDING. ANT COLONY Soldier ants protect the ant colony from external threats and intruders SOLDIER ANTS. WORKER ANTS Leafcutter ants are a specific type of worker ants that engage in cultivating fungi LEAFCUTTER ANTS. QUEEN ANT Worker ants cater to the queen ant's needs and protect her within the colony WORKER ANTS. WORKER ANTS Leafcutter ants are a specific type of worker ants that engage in cultivating fungi LEAFCUTTER ANTS. WORKER ANTS Worker ants use pheromones to communicate and coordinate their nest-building activities PHEROMONES. LEAFCUTTER ANTS Leafcutter ants participate in the event of nest building by creating underground fungus gardens, showcasing their unique contribution to the colony's infrastructure NEST BUILDING. ANTS Ants are responsible for the creation and maintenance of ant colonies, demonstrating their skills in teamwork and adaptability ANT COLONIES. LEAFCUTTER ANTS Leafcutter ants participate in the event of nest building by creating underground fungus gardens, showcasing their unique contribution to the colony's infrastructure NEST BUILDING. WORKER ANTS Leafcutter ants are a specific type of worker ants that engage in cultivating fungi LEAFCUTTER ANTS. WORKER ANTS Worker ants use pheromones to communicate and coordinate their nest-building activities PHEROMONES. QUEEN ANT Worker ants cater to the queen ant's needs and protect her within the colony WORKER ANTS.",
    "evaluation": 1
  },
  {
    "correct_answer": "Ant colonies are highly structured and organized societies.",
    "retrieved_context": "ANT COLONY The queen ant is central to the ant colony's survival and prosperity, laying eggs and being protected by worker ants QUEEN ANT. ANT COLONY Worker ants are integral members of the ant colony, playing a crucial role in its survival and prosperity. They are responsible for performing essential tasks such as foraging for food, caring for the young, and maintaining and building the nest. These activities support the ant colony, ensuring its growth and the well-being of its members. Through their diligent work, worker ants contribute significantly to the functioning and organization of the colony, demonstrating the importance of their role within the ant community. WORKER ANTS. WORKER ANTS Worker ants use pheromones to communicate and coordinate their nest-building activities PHEROMONES. ANT COLONY The ant colony engages in the event of nest building to ensure the survival and growth of the colony, utilizing the collective efforts of its members NEST BUILDING. ANT COLONY Soldier ants protect the ant colony from external threats and intruders SOLDIER ANTS. WORKER ANTS Leafcutter ants are a specific type of worker ants that engage in cultivating fungi LEAFCUTTER ANTS. QUEEN ANT Worker ants cater to the queen ant's needs and protect her within the colony WORKER ANTS. ANTS Ants are responsible for the creation and maintenance of ant colonies, demonstrating their skills in teamwork and adaptability ANT COLONIES. WORKER ANTS Leafcutter ants are a specific type of worker ants that engage in cultivating fungi LEAFCUTTER ANTS. WORKER ANTS Worker ants use pheromones to communicate and coordinate their nest-building activities PHEROMONES. LEAFCUTTER ANTS Leafcutter ants participate in the event of nest building by creating underground fungus gardens, showcasing their unique contribution to the colony's infrastructure NEST BUILDING. LEAFCUTTER ANTS Leafcutter ants participate in the event of nest building by creating underground fungus gardens, showcasing their unique contribution to the colony's infrastructure NEST BUILDING. WORKER ANTS Leafcutter ants are a specific type of worker ants that engage in cultivating fungi LEAFCUTTER ANTS. WORKER ANTS Worker ants use pheromones to communicate and coordinate their nest-building activities PHEROMONES. QUEEN ANT Worker ants cater to the queen ant's needs and protect her within the colony WORKER ANTS.",
    "evaluation": 1
  },
  {
    "correct_answer": "Each ant in a colony has a specific role to play.",
    "retrieved_context": "ANT COLONY The queen ant is central to the ant colony's survival and prosperity, laying eggs and being protected by worker ants QUEEN ANT. ANT COLONY Worker ants are integral members of the ant colony, playing a crucial role in its survival and prosperity. They are responsible for performing essential tasks such as foraging for food, caring for the young, and maintaining and building the nest. These activities support the ant colony, ensuring its growth and the well-being of its members. Through their diligent work, worker ants contribute significantly to the functioning and organization of the colony, demonstrating the importance of their role within the ant community. WORKER ANTS. WORKER ANTS Worker ants use pheromones to communicate and coordinate their nest-building activities PHEROMONES. ANT COLONY The ant colony engages in the event of nest building to ensure the survival and growth of the colony, utilizing the collective efforts of its members NEST BUILDING. ANT COLONY Soldier ants protect the ant colony from external threats and intruders SOLDIER ANTS. WORKER ANTS Leafcutter ants are a specific type of worker ants that engage in cultivating fungi LEAFCUTTER ANTS. QUEEN ANT Worker ants cater to the queen ant's needs and protect her within the colony WORKER ANTS. ANTS Ants are responsible for the creation and maintenance of ant colonies, demonstrating their skills in teamwork and adaptability ANT COLONIES. WORKER ANTS Leafcutter ants are a specific type of worker ants that engage in cultivating fungi LEAFCUTTER ANTS. WORKER ANTS Worker ants use pheromones to communicate and coordinate their nest-building activities PHEROMONES. LEAFCUTTER ANTS Leafcutter ants participate in the event of nest building by creating underground fungus gardens, showcasing their unique contribution to the colony's infrastructure NEST BUILDING. LEAFCUTTER ANTS Leafcutter ants participate in the event of nest building by creating underground fungus gardens, showcasing their unique contribution to the colony's infrastructure NEST BUILDING. WORKER ANTS Leafcutter ants are a specific type of worker ants that engage in cultivating fungi LEAFCUTTER ANTS. WORKER ANTS Worker ants use pheromones to communicate and coordinate their nest-building activities PHEROMONES. QUEEN ANT Worker ants cater to the queen ant's needs and protect her within the colony WORKER ANTS.",
    "evaluation": 1
  },
  {
    "correct_answer": "Ant colonies typically consist of a queen, male ants, worker ants, and soldier ants.",
    "retrieved_context": "WORKER ANTS Leafcutter ants are a specific type of worker ants that engage in cultivating fungi LEAFCUTTER ANTS. WORKER ANTS Worker ants use pheromones to communicate and coordinate their nest-building activities PHEROMONES. LEAFCUTTER ANTS Leafcutter ants participate in the event of nest building by creating underground fungus gardens, showcasing their unique contribution to the colony's infrastructure NEST BUILDING. ANTS Ants are responsible for the creation and maintenance of ant colonies, demonstrating their skills in teamwork and adaptability ANT COLONIES. ANT COLONY The queen ant is central to the ant colony's survival and prosperity, laying eggs and being protected by worker ants QUEEN ANT. ANT COLONY Worker ants are integral members of the ant colony, playing a crucial role in its survival and prosperity. They are responsible for performing essential tasks such as foraging for food, caring for the young, and maintaining and building the nest. These activities support the ant colony, ensuring its growth and the well-being of its members. Through their diligent work, worker ants contribute significantly to the functioning and organization of the colony, demonstrating the importance of their role within the ant community. WORKER ANTS. WORKER ANTS Worker ants use pheromones to communicate and coordinate their nest-building activities PHEROMONES. ANT COLONY The ant colony engages in the event of nest building to ensure the survival and growth of the colony, utilizing the collective efforts of its members NEST BUILDING. ANT COLONY Soldier ants protect the ant colony from external threats and intruders SOLDIER ANTS. WORKER ANTS Leafcutter ants are a specific type of worker ants that engage in cultivating fungi LEAFCUTTER ANTS. QUEEN ANT Worker ants cater to the queen ant's needs and protect her within the colony WORKER ANTS. WORKER ANTS Leafcutter ants are a specific type of worker ants that engage in cultivating fungi LEAFCUTTER ANTS. WORKER ANTS Worker ants use pheromones to communicate and coordinate their nest-building activities PHEROMONES. QUEEN ANT Worker ants cater to the queen ant's needs and protect her within the colony WORKER ANTS. LEAFCUTTER ANTS Leafcutter ants participate in the event of nest building by creating underground fungus gardens, showcasing their unique contribution to the colony's infrastructure NEST BUILDING.",
    "evaluation": 0
  },
  {
    "correct_answer": "The queen ant is responsible for laying eggs.",
    "retrieved_context": "WORKER ANTS Leafcutter ants are a specific type of worker ants that engage in cultivating fungi LEAFCUTTER ANTS. WORKER ANTS Worker ants use pheromones to communicate and coordinate their nest-building activities PHEROMONES. QUEEN ANT Worker ants cater to the queen ant's needs and protect her within the colony WORKER ANTS. ANTS Ants are responsible for the creation and maintenance of ant colonies, demonstrating their skills in teamwork and adaptability ANT COLONIES. ANT COLONY The queen ant is central to the ant colony's survival and prosperity, laying eggs and being protected by worker ants QUEEN ANT. ANT COLONY Worker ants are integral members of the ant colony, playing a crucial role in its survival and prosperity. They are responsible for performing essential tasks such as foraging for food, caring for the young, and maintaining and building the nest. These activities support the ant colony, ensuring its growth and the well-being of its members. Through their diligent work, worker ants contribute significantly to the functioning and organization of the colony, demonstrating the importance of their role within the ant community. WORKER ANTS. WORKER ANTS Worker ants use pheromones to communicate and coordinate their nest-building activities PHEROMONES. ANT COLONY The ant colony engages in the event of nest building to ensure the survival and growth of the colony, utilizing the collective efforts of its members NEST BUILDING. ANT COLONY Soldier ants protect the ant colony from external threats and intruders SOLDIER ANTS. WORKER ANTS Leafcutter ants are a specific type of worker ants that engage in cultivating fungi LEAFCUTTER ANTS. QUEEN ANT Worker ants cater to the queen ant's needs and protect her within the colony WORKER ANTS. WORKER ANTS Leafcutter ants are a specific type of worker ants that engage in cultivating fungi LEAFCUTTER ANTS. WORKER ANTS Worker ants use pheromones to communicate and coordinate their nest-building activities PHEROMONES. LEAFCUTTER ANTS Leafcutter ants participate in the event of nest building by creating underground fungus gardens, showcasing their unique contribution to the colony's infrastructure NEST BUILDING. LEAFCUTTER ANTS Leafcutter ants participate in the event of nest building by creating underground fungus gardens, showcasing their unique contribution to the colony's infrastructure NEST BUILDING.",
    "evaluation": 1
  },
  {
    "correct_answer": "Worker ants cater to the queen's needs and maintain the nest.",
    "retrieved_context": "WORKER ANTS Leafcutter ants are a specific type of worker ants that engage in cultivating fungi LEAFCUTTER ANTS. WORKER ANTS Worker ants use pheromones to communicate and coordinate their nest-building activities PHEROMONES. LEAFCUTTER ANTS Leafcutter ants participate in the event of nest building by creating underground fungus gardens, showcasing their unique contribution to the colony's infrastructure NEST BUILDING. WORKER ANTS Leafcutter ants are a specific type of worker ants that engage in cultivating fungi LEAFCUTTER ANTS. WORKER ANTS Worker ants use pheromones to communicate and coordinate their nest-building activities PHEROMONES. QUEEN ANT Worker ants cater to the queen ant's needs and protect her within the colony WORKER ANTS. ANTS Ants are responsible for the creation and maintenance of ant colonies, demonstrating their skills in teamwork and adaptability ANT COLONIES. ANT COLONY The queen ant is central to the ant colony's survival and prosperity, laying eggs and being protected by worker ants QUEEN ANT. ANT COLONY Worker ants are integral members of the ant colony, playing a crucial role in its survival and prosperity. They are responsible for performing essential tasks such as foraging for food, caring for the young, and maintaining and building the nest. These activities support the ant colony, ensuring its growth and the well-being of its members. Through their diligent work, worker ants contribute significantly to the functioning and organization of the colony, demonstrating the importance of their role within the ant community. WORKER ANTS. WORKER ANTS Worker ants use pheromones to communicate and coordinate their nest-building activities PHEROMONES. ANT COLONY The ant colony engages in the event of nest building to ensure the survival and growth of the colony, utilizing the collective efforts of its members NEST BUILDING. ANT COLONY Soldier ants protect the ant colony from external threats and intruders SOLDIER ANTS. WORKER ANTS Leafcutter ants are a specific type of worker ants that engage in cultivating fungi LEAFCUTTER ANTS. QUEEN ANT Worker ants cater to the queen ant's needs and protect her within the colony WORKER ANTS. LEAFCUTTER ANTS Leafcutter ants participate in the event of nest building by creating underground fungus gardens, showcasing their unique contribution to the colony's infrastructure NEST BUILDING.",
    "evaluation": 1
  },
  {
    "correct_answer": "Worker ants perform tasks like foraging for food and caring for the young.",
    "retrieved_context": "WORKER ANTS Leafcutter ants are a specific type of worker ants that engage in cultivating fungi LEAFCUTTER ANTS. WORKER ANTS Worker ants use pheromones to communicate and coordinate their nest-building activities PHEROMONES. LEAFCUTTER ANTS Leafcutter ants participate in the event of nest building by creating underground fungus gardens, showcasing their unique contribution to the colony's infrastructure NEST BUILDING. ANTS Ants are responsible for the creation and maintenance of ant colonies, demonstrating their skills in teamwork and adaptability ANT COLONIES. LEAFCUTTER ANTS Leafcutter ants participate in the event of nest building by creating underground fungus gardens, showcasing their unique contribution to the colony's infrastructure NEST BUILDING. ANT COLONY The queen ant is central to the ant colony's survival and prosperity, laying eggs and being protected by worker ants QUEEN ANT. ANT COLONY Worker ants are integral members of the ant colony, playing a crucial role in its survival and prosperity. They are responsible for performing essential tasks such as foraging for food, caring for the young, and maintaining and building the nest. These activities support the ant colony, ensuring its growth and the well-being of its members. Through their diligent work, worker ants contribute significantly to the functioning and organization of the colony, demonstrating the importance of their role within the ant community. WORKER ANTS. WORKER ANTS Worker ants use pheromones to communicate and coordinate their nest-building activities PHEROMONES. ANT COLONY The ant colony engages in the event of nest building to ensure the survival and growth of the colony, utilizing the collective efforts of its members NEST BUILDING. ANT COLONY Soldier ants protect the ant colony from external threats and intruders SOLDIER ANTS. WORKER ANTS Leafcutter ants are a specific type of worker ants that engage in cultivating fungi LEAFCUTTER ANTS. QUEEN ANT Worker ants cater to the queen ant's needs and protect her within the colony WORKER ANTS. WORKER ANTS Leafcutter ants are a specific type of worker ants that engage in cultivating fungi LEAFCUTTER ANTS. WORKER ANTS Worker ants use pheromones to communicate and coordinate their nest-building activities PHEROMONES. QUEEN ANT Worker ants cater to the queen ant's needs and protect her within the colony WORKER ANTS.",
    "evaluation": 1
  },
  {
    "correct_answer": "Soldier ants defend the colony from external threats.",
    "retrieved_context": "ANTS Ants are responsible for the creation and maintenance of ant colonies, demonstrating their skills in teamwork and adaptability ANT COLONIES. WORKER ANTS Leafcutter ants are a specific type of worker ants that engage in cultivating fungi LEAFCUTTER ANTS. WORKER ANTS Worker ants use pheromones to communicate and coordinate their nest-building activities PHEROMONES. LEAFCUTTER ANTS Leafcutter ants participate in the event of nest building by creating underground fungus gardens, showcasing their unique contribution to the colony's infrastructure NEST BUILDING. ANT COLONY The queen ant is central to the ant colony's survival and prosperity, laying eggs and being protected by worker ants QUEEN ANT. ANT COLONY Worker ants are integral members of the ant colony, playing a crucial role in its survival and prosperity. They are responsible for performing essential tasks such as foraging for food, caring for the young, and maintaining and building the nest. These activities support the ant colony, ensuring its growth and the well-being of its members. Through their diligent work, worker ants contribute significantly to the functioning and organization of the colony, demonstrating the importance of their role within the ant community. WORKER ANTS. WORKER ANTS Worker ants use pheromones to communicate and coordinate their nest-building activities PHEROMONES. ANT COLONY The ant colony engages in the event of nest building to ensure the survival and growth of the colony, utilizing the collective efforts of its members NEST BUILDING. ANT COLONY Soldier ants protect the ant colony from external threats and intruders SOLDIER ANTS. WORKER ANTS Leafcutter ants are a specific type of worker ants that engage in cultivating fungi LEAFCUTTER ANTS. QUEEN ANT Worker ants cater to the queen ant's needs and protect her within the colony WORKER ANTS. LEAFCUTTER ANTS Leafcutter ants participate in the event of nest building by creating underground fungus gardens, showcasing their unique contribution to the colony's infrastructure NEST BUILDING. WORKER ANTS Leafcutter ants are a specific type of worker ants that engage in cultivating fungi LEAFCUTTER ANTS. WORKER ANTS Worker ants use pheromones to communicate and coordinate their nest-building activities PHEROMONES. QUEEN ANT Worker ants cater to the queen ant's needs and protect her within the colony WORKER ANTS.",
    "evaluation": 1
  },
  {
    "correct_answer": "Ants use a variety of materials to build their nests, such as soil, leaves, twigs, and pebbles.",
    "retrieved_context": "ANTS Ants are responsible for the creation and maintenance of ant colonies, demonstrating their skills in teamwork and adaptability ANT COLONIES. WORKER ANTS Leafcutter ants are a specific type of worker ants that engage in cultivating fungi LEAFCUTTER ANTS. WORKER ANTS Worker ants use pheromones to communicate and coordinate their nest-building activities PHEROMONES. LEAFCUTTER ANTS Leafcutter ants participate in the event of nest building by creating underground fungus gardens, showcasing their unique contribution to the colony's infrastructure NEST BUILDING. LEAFCUTTER ANTS Leafcutter ants participate in the event of nest building by creating underground fungus gardens, showcasing their unique contribution to the colony's infrastructure NEST BUILDING. ANT COLONY The queen ant is central to the ant colony's survival and prosperity, laying eggs and being protected by worker ants QUEEN ANT. ANT COLONY Worker ants are integral members of the ant colony, playing a crucial role in its survival and prosperity. They are responsible for performing essential tasks such as foraging for food, caring for the young, and maintaining and building the nest. These activities support the ant colony, ensuring its growth and the well-being of its members. Through their diligent work, worker ants contribute significantly to the functioning and organization of the colony, demonstrating the importance of their role within the ant community. WORKER ANTS. WORKER ANTS Worker ants use pheromones to communicate and coordinate their nest-building activities PHEROMONES. ANT COLONY The ant colony engages in the event of nest building to ensure the survival and growth of the colony, utilizing the collective efforts of its members NEST BUILDING. ANT COLONY Soldier ants protect the ant colony from external threats and intruders SOLDIER ANTS. WORKER ANTS Leafcutter ants are a specific type of worker ants that engage in cultivating fungi LEAFCUTTER ANTS. QUEEN ANT Worker ants cater to the queen ant's needs and protect her within the colony WORKER ANTS. WORKER ANTS Leafcutter ants are a specific type of worker ants that engage in cultivating fungi LEAFCUTTER ANTS. WORKER ANTS Worker ants use pheromones to communicate and coordinate their nest-building activities PHEROMONES. QUEEN ANT Worker ants cater to the queen ant's needs and protect her within the colony WORKER ANTS.",
    "evaluation": 0
  },
  {
    "correct_answer": "Worker ants excavate the soil and create tunnels and chambers underground.",
    "retrieved_context": "WORKER ANTS Leafcutter ants are a specific type of worker ants that engage in cultivating fungi LEAFCUTTER ANTS. WORKER ANTS Worker ants use pheromones to communicate and coordinate their nest-building activities PHEROMONES. LEAFCUTTER ANTS Leafcutter ants participate in the event of nest building by creating underground fungus gardens, showcasing their unique contribution to the colony's infrastructure NEST BUILDING. ANTS Ants are responsible for the creation and maintenance of ant colonies, demonstrating their skills in teamwork and adaptability ANT COLONIES. ANT COLONY The queen ant is central to the ant colony's survival and prosperity, laying eggs and being protected by worker ants QUEEN ANT. ANT COLONY Worker ants are integral members of the ant colony, playing a crucial role in its survival and prosperity. They are responsible for performing essential tasks such as foraging for food, caring for the young, and maintaining and building the nest. These activities support the ant colony, ensuring its growth and the well-being of its members. Through their diligent work, worker ants contribute significantly to the functioning and organization of the colony, demonstrating the importance of their role within the ant community. WORKER ANTS. WORKER ANTS Worker ants use pheromones to communicate and coordinate their nest-building activities PHEROMONES. ANT COLONY The ant colony engages in the event of nest building to ensure the survival and growth of the colony, utilizing the collective efforts of its members NEST BUILDING. ANT COLONY Soldier ants protect the ant colony from external threats and intruders SOLDIER ANTS. WORKER ANTS Leafcutter ants are a specific type of worker ants that engage in cultivating fungi LEAFCUTTER ANTS. QUEEN ANT Worker ants cater to the queen ant's needs and protect her within the colony WORKER ANTS. LEAFCUTTER ANTS Leafcutter ants participate in the event of nest building by creating underground fungus gardens, showcasing their unique contribution to the colony's infrastructure NEST BUILDING. WORKER ANTS Leafcutter ants are a specific type of worker ants that engage in cultivating fungi LEAFCUTTER ANTS. WORKER ANTS Worker ants use pheromones to communicate and coordinate their nest-building activities PHEROMONES. QUEEN ANT Worker ants cater to the queen ant's needs and protect her within the colony WORKER ANTS.",
    "evaluation": 0
  },
  {
    "correct_answer": "Ants communicate with each other using chemical signals called pheromones.",
    "retrieved_context": "ANTS Ants are responsible for the creation and maintenance of ant colonies, demonstrating their skills in teamwork and adaptability ANT COLONIES. WORKER ANTS Leafcutter ants are a specific type of worker ants that engage in cultivating fungi LEAFCUTTER ANTS. WORKER ANTS Worker ants use pheromones to communicate and coordinate their nest-building activities PHEROMONES. LEAFCUTTER ANTS Leafcutter ants participate in the event of nest building by creating underground fungus gardens, showcasing their unique contribution to the colony's infrastructure NEST BUILDING. ANT COLONY The queen ant is central to the ant colony's survival and prosperity, laying eggs and being protected by worker ants QUEEN ANT. ANT COLONY Worker ants are integral members of the ant colony, playing a crucial role in its survival and prosperity. They are responsible for performing essential tasks such as foraging for food, caring for the young, and maintaining and building the nest. These activities support the ant colony, ensuring its growth and the well-being of its members. Through their diligent work, worker ants contribute significantly to the functioning and organization of the colony, demonstrating the importance of their role within the ant community. WORKER ANTS. WORKER ANTS Worker ants use pheromones to communicate and coordinate their nest-building activities PHEROMONES. ANT COLONY The ant colony engages in the event of nest building to ensure the survival and growth of the colony, utilizing the collective efforts of its members NEST BUILDING. ANT COLONY Soldier ants protect the ant colony from external threats and intruders SOLDIER ANTS. WORKER ANTS Leafcutter ants are a specific type of worker ants that engage in cultivating fungi LEAFCUTTER ANTS. QUEEN ANT Worker ants cater to the queen ant's needs and protect her within the colony WORKER ANTS. LEAFCUTTER ANTS Leafcutter ants participate in the event of nest building by creating underground fungus gardens, showcasing their unique contribution to the colony's infrastructure NEST BUILDING. WORKER ANTS Leafcutter ants are a specific type of worker ants that engage in cultivating fungi LEAFCUTTER ANTS. WORKER ANTS Worker ants use pheromones to communicate and coordinate their nest-building activities PHEROMONES. QUEEN ANT Worker ants cater to the queen ant's needs and protect her within the colony WORKER ANTS.",
    "evaluation": 1
  },
  {
    "correct_answer": "Ants demonstrate impressive engineering abilities when constructing their nests.",
    "retrieved_context": "ANTS Ants are responsible for the creation and maintenance of ant colonies, demonstrating their skills in teamwork and adaptability ANT COLONIES. WORKER ANTS Leafcutter ants are a specific type of worker ants that engage in cultivating fungi LEAFCUTTER ANTS. WORKER ANTS Worker ants use pheromones to communicate and coordinate their nest-building activities PHEROMONES. LEAFCUTTER ANTS Leafcutter ants participate in the event of nest building by creating underground fungus gardens, showcasing their unique contribution to the colony's infrastructure NEST BUILDING. LEAFCUTTER ANTS Leafcutter ants participate in the event of nest building by creating underground fungus gardens, showcasing their unique contribution to the colony's infrastructure NEST BUILDING. ANT COLONY The queen ant is central to the ant colony's survival and prosperity, laying eggs and being protected by worker ants QUEEN ANT. ANT COLONY Worker ants are integral members of the ant colony, playing a crucial role in its survival and prosperity. They are responsible for performing essential tasks such as foraging for food, caring for the young, and maintaining and building the nest. These activities support the ant colony, ensuring its growth and the well-being of its members. Through their diligent work, worker ants contribute significantly to the functioning and organization of the colony, demonstrating the importance of their role within the ant community. WORKER ANTS. WORKER ANTS Worker ants use pheromones to communicate and coordinate their nest-building activities PHEROMONES. ANT COLONY The ant colony engages in the event of nest building to ensure the survival and growth of the colony, utilizing the collective efforts of its members NEST BUILDING. ANT COLONY Soldier ants protect the ant colony from external threats and intruders SOLDIER ANTS. WORKER ANTS Leafcutter ants are a specific type of worker ants that engage in cultivating fungi LEAFCUTTER ANTS. QUEEN ANT Worker ants cater to the queen ant's needs and protect her within the colony WORKER ANTS. WORKER ANTS Leafcutter ants are a specific type of worker ants that engage in cultivating fungi LEAFCUTTER ANTS. WORKER ANTS Worker ants use pheromones to communicate and coordinate their nest-building activities PHEROMONES. QUEEN ANT Worker ants cater to the queen ant's needs and protect her within the colony WORKER ANTS.",
    "evaluation": 1
  },
  {
    "correct_answer": "Ants exhibit remarkable adaptability in responding to changes in their environment.",
    "retrieved_context": "ANTS Ants are responsible for the creation and maintenance of ant colonies, demonstrating their skills in teamwork and adaptability ANT COLONIES. WORKER ANTS Leafcutter ants are a specific type of worker ants that engage in cultivating fungi LEAFCUTTER ANTS. WORKER ANTS Worker ants use pheromones to communicate and coordinate their nest-building activities PHEROMONES. LEAFCUTTER ANTS Leafcutter ants participate in the event of nest building by creating underground fungus gardens, showcasing their unique contribution to the colony's infrastructure NEST BUILDING. ANT COLONY The queen ant is central to the ant colony's survival and prosperity, laying eggs and being protected by worker ants QUEEN ANT. ANT COLONY Worker ants are integral members of the ant colony, playing a crucial role in its survival and prosperity. They are responsible for performing essential tasks such as foraging for food, caring for the young, and maintaining and building the nest. These activities support the ant colony, ensuring its growth and the well-being of its members. Through their diligent work, worker ants contribute significantly to the functioning and organization of the colony, demonstrating the importance of their role within the ant community. WORKER ANTS. WORKER ANTS Worker ants use pheromones to communicate and coordinate their nest-building activities PHEROMONES. ANT COLONY The ant colony engages in the event of nest building to ensure the survival and growth of the colony, utilizing the collective efforts of its members NEST BUILDING. ANT COLONY Soldier ants protect the ant colony from external threats and intruders SOLDIER ANTS. WORKER ANTS Leafcutter ants are a specific type of worker ants that engage in cultivating fungi LEAFCUTTER ANTS. QUEEN ANT Worker ants cater to the queen ant's needs and protect her within the colony WORKER ANTS. LEAFCUTTER ANTS Leafcutter ants participate in the event of nest building by creating underground fungus gardens, showcasing their unique contribution to the colony's infrastructure NEST BUILDING. WORKER ANTS Leafcutter ants are a specific type of worker ants that engage in cultivating fungi LEAFCUTTER ANTS. WORKER ANTS Worker ants use pheromones to communicate and coordinate their nest-building activities PHEROMONES. QUEEN ANT Worker ants cater to the queen ant's needs and protect her within the colony WORKER ANTS.",
    "evaluation": 0
  },
  {
    "accuracy": "66.67%"
  }
]