[
  {
    "correct_answer": "Architecture shapes the way we live, work, and interact with one another.",
    "retrieved_context": "PUBLIC SPACES Public spaces are integral components of cities, influencing how urban environments are experienced and interacted with CITIES. ARCHITECTURE Architecture influences the design and function of public spaces, shaping societal values and priorities PUBLIC SPACES. PUBLIC SPACES Libraries, as public spaces, signal innovation and openness, affecting community engagement LIBRARIES. PUBLIC SPACES Museums, part of public spaces, reflect cultural values and influence public education MUSEUMS. ARCHITECTURE Architecture's impact is exemplified by the design and global attraction of the Burj Khalifa BURJ KHALIFA. PUBLIC SPACES Government buildings are a type of public space that conveys societal values through architectural design GOVERNMENT BUILDINGS. ARCHITECTURE Architecture's role in creating iconic buildings like the Sydney Opera House contributes to tourism and economic development SYDNEY OPERA HOUSE. SYDNEY OPERA HOUSE The Sydney Opera House is located in Australia and is a significant contributor to the country's tourism industry AUSTRALIA. PUBLIC SPACES Schools, as educational public spaces, impact societal development and values SCHOOLS. BURJ KHALIFA The Burj Khalifa is a landmark in Dubai, enhancing the city's global tourism appeal DUBAI. PUBLIC SPACES Public spaces are integral components of cities, influencing how urban environments are experienced and interacted with CITIES. PUBLIC SPACES Libraries, as public spaces, signal innovation and openness, affecting community engagement LIBRARIES. PUBLIC SPACES Museums, part of public spaces, reflect cultural values and influence public education MUSEUMS. PUBLIC SPACES Government buildings are a type of public space that conveys societal values through architectural design GOVERNMENT BUILDINGS. CITIES Residential areas, shaped by architectural decisions, are fundamental to the character and quality of life in cities RESIDENTIAL AREAS. CITIES The design of streets and sidewalks directly impacts urban connectivity and pedestrian safety in cities STREETS AND SIDEWALKS. PUBLIC SPACES Schools, as educational public spaces, impact societal development and values SCHOOLS. CITIES Parks, as elements of urban planning, contribute to the social and environmental health of cities PARKS. CITIES Residential areas, shaped by architectural decisions, are fundamental to the character and quality of life in cities RESIDENTIAL AREAS. CITIES The design of streets and sidewalks directly impacts urban connectivity and pedestrian safety in cities STREETS AND SIDEWALKS. CITIES Parks, as elements of urban planning, contribute to the social and environmental health of cities PARKS.",
    "evaluation": 1
  },
  {
    "correct_answer": "Architecture influences society through the design of public spaces.",
    "retrieved_context": "PUBLIC SPACES Public spaces are integral components of cities, influencing how urban environments are experienced and interacted with CITIES. PUBLIC SPACES Libraries, as public spaces, signal innovation and openness, affecting community engagement LIBRARIES. PUBLIC SPACES Museums, part of public spaces, reflect cultural values and influence public education MUSEUMS. PUBLIC SPACES Government buildings are a type of public space that conveys societal values through architectural design GOVERNMENT BUILDINGS. CITIES Residential areas, shaped by architectural decisions, are fundamental to the character and quality of life in cities RESIDENTIAL AREAS. CITIES The design of streets and sidewalks directly impacts urban connectivity and pedestrian safety in cities STREETS AND SIDEWALKS. PUBLIC SPACES Schools, as educational public spaces, impact societal development and values SCHOOLS. CITIES Parks, as elements of urban planning, contribute to the social and environmental health of cities PARKS. PUBLIC SPACES Public spaces are integral components of cities, influencing how urban environments are experienced and interacted with CITIES. ARCHITECTURE Architecture influences the design and function of public spaces, shaping societal values and priorities PUBLIC SPACES. PUBLIC SPACES Libraries, as public spaces, signal innovation and openness, affecting community engagement LIBRARIES. PUBLIC SPACES Museums, part of public spaces, reflect cultural values and influence public education MUSEUMS. ARCHITECTURE Architecture's impact is exemplified by the design and global attraction of the Burj Khalifa BURJ KHALIFA. PUBLIC SPACES Government buildings are a type of public space that conveys societal values through architectural design GOVERNMENT BUILDINGS. ARCHITECTURE Architecture's role in creating iconic buildings like the Sydney Opera House contributes to tourism and economic development SYDNEY OPERA HOUSE. SYDNEY OPERA HOUSE The Sydney Opera House is located in Australia and is a significant contributor to the country's tourism industry AUSTRALIA. PUBLIC SPACES Schools, as educational public spaces, impact societal development and values SCHOOLS. BURJ KHALIFA The Burj Khalifa is a landmark in Dubai, enhancing the city's global tourism appeal DUBAI. CITIES Residential areas, shaped by architectural decisions, are fundamental to the character and quality of life in cities RESIDENTIAL AREAS. CITIES The design of streets and sidewalks directly impacts urban connectivity and pedestrian safety in cities STREETS AND SIDEWALKS. CITIES Parks, as elements of urban planning, contribute to the social and environmental health of cities PARKS. SYDNEY OPERA HOUSE The Sydney Opera House is located in Australia and is a significant contributor to the country's tourism industry AUSTRALIA.",
    "evaluation": 1
  },
  {
    "correct_answer": "Public buildings serve as symbols of a society's values and priorities.",
    "retrieved_context": "PUBLIC SPACES Public spaces are integral components of cities, influencing how urban environments are experienced and interacted with CITIES. PUBLIC SPACES Libraries, as public spaces, signal innovation and openness, affecting community engagement LIBRARIES. PUBLIC SPACES Museums, part of public spaces, reflect cultural values and influence public education MUSEUMS. PUBLIC SPACES Government buildings are a type of public space that conveys societal values through architectural design GOVERNMENT BUILDINGS. CITIES Residential areas, shaped by architectural decisions, are fundamental to the character and quality of life in cities RESIDENTIAL AREAS. CITIES The design of streets and sidewalks directly impacts urban connectivity and pedestrian safety in cities STREETS AND SIDEWALKS. PUBLIC SPACES Schools, as educational public spaces, impact societal development and values SCHOOLS. CITIES Parks, as elements of urban planning, contribute to the social and environmental health of cities PARKS. PUBLIC SPACES Public spaces are integral components of cities, influencing how urban environments are experienced and interacted with CITIES. ARCHITECTURE Architecture influences the design and function of public spaces, shaping societal values and priorities PUBLIC SPACES. PUBLIC SPACES Libraries, as public spaces, signal innovation and openness, affecting community engagement LIBRARIES. PUBLIC SPACES Museums, part of public spaces, reflect cultural values and influence public education MUSEUMS. ARCHITECTURE Architecture's impact is exemplified by the design and global attraction of the Burj Khalifa BURJ KHALIFA. PUBLIC SPACES Government buildings are a type of public space that conveys societal values through architectural design GOVERNMENT BUILDINGS. ARCHITECTURE Architecture's role in creating iconic buildings like the Sydney Opera House contributes to tourism and economic development SYDNEY OPERA HOUSE. SYDNEY OPERA HOUSE The Sydney Opera House is located in Australia and is a significant contributor to the country's tourism industry AUSTRALIA. PUBLIC SPACES Schools, as educational public spaces, impact societal development and values SCHOOLS. BURJ KHALIFA The Burj Khalifa is a landmark in Dubai, enhancing the city's global tourism appeal DUBAI. CITIES Residential areas, shaped by architectural decisions, are fundamental to the character and quality of life in cities RESIDENTIAL AREAS. CITIES The design of streets and sidewalks directly impacts urban connectivity and pedestrian safety in cities STREETS AND SIDEWALKS. CITIES Parks, as elements of urban planning, contribute to the social and environmental health of cities PARKS. BURJ KHALIFA The Burj Khalifa is a landmark in Dubai, enhancing the city's global tourism appeal DUBAI.",
    "evaluation": 1
  },
  {
    "correct_answer": "The design of public buildings can convey a sense of authority, tradition, or modernity.",
    "retrieved_context": "PUBLIC SPACES Public spaces are integral components of cities, influencing how urban environments are experienced and interacted with CITIES. PUBLIC SPACES Libraries, as public spaces, signal innovation and openness, affecting community engagement LIBRARIES. PUBLIC SPACES Museums, part of public spaces, reflect cultural values and influence public education MUSEUMS. PUBLIC SPACES Government buildings are a type of public space that conveys societal values through architectural design GOVERNMENT BUILDINGS. CITIES Residential areas, shaped by architectural decisions, are fundamental to the character and quality of life in cities RESIDENTIAL AREAS. CITIES The design of streets and sidewalks directly impacts urban connectivity and pedestrian safety in cities STREETS AND SIDEWALKS. PUBLIC SPACES Schools, as educational public spaces, impact societal development and values SCHOOLS. CITIES Parks, as elements of urban planning, contribute to the social and environmental health of cities PARKS. PUBLIC SPACES Public spaces are integral components of cities, influencing how urban environments are experienced and interacted with CITIES. ARCHITECTURE Architecture influences the design and function of public spaces, shaping societal values and priorities PUBLIC SPACES. PUBLIC SPACES Libraries, as public spaces, signal innovation and openness, affecting community engagement LIBRARIES. PUBLIC SPACES Museums, part of public spaces, reflect cultural values and influence public education MUSEUMS. ARCHITECTURE Architecture's impact is exemplified by the design and global attraction of the Burj Khalifa BURJ KHALIFA. PUBLIC SPACES Government buildings are a type of public space that conveys societal values through architectural design GOVERNMENT BUILDINGS. ARCHITECTURE Architecture's role in creating iconic buildings like the Sydney Opera House contributes to tourism and economic development SYDNEY OPERA HOUSE. SYDNEY OPERA HOUSE The Sydney Opera House is located in Australia and is a significant contributor to the country's tourism industry AUSTRALIA. PUBLIC SPACES Schools, as educational public spaces, impact societal development and values SCHOOLS. BURJ KHALIFA The Burj Khalifa is a landmark in Dubai, enhancing the city's global tourism appeal DUBAI. CITIES Residential areas, shaped by architectural decisions, are fundamental to the character and quality of life in cities RESIDENTIAL AREAS. CITIES The design of streets and sidewalks directly impacts urban connectivity and pedestrian safety in cities STREETS AND SIDEWALKS. CITIES Parks, as elements of urban planning, contribute to the social and environmental health of cities PARKS. BURJ KHALIFA The Burj Khalifa is a landmark in Dubai, enhancing the city's global tourism appeal DUBAI.",
    "evaluation": 0
  },
  {
    "correct_answer": "Public buildings shape how people interact with their surroundings.",
    "retrieved_context": "PUBLIC SPACES Public spaces are integral components of cities, influencing how urban environments are experienced and interacted with CITIES. PUBLIC SPACES Libraries, as public spaces, signal innovation and openness, affecting community engagement LIBRARIES. PUBLIC SPACES Museums, part of public spaces, reflect cultural values and influence public education MUSEUMS. PUBLIC SPACES Government buildings are a type of public space that conveys societal values through architectural design GOVERNMENT BUILDINGS. CITIES Residential areas, shaped by architectural decisions, are fundamental to the character and quality of life in cities RESIDENTIAL AREAS. CITIES The design of streets and sidewalks directly impacts urban connectivity and pedestrian safety in cities STREETS AND SIDEWALKS. PUBLIC SPACES Schools, as educational public spaces, impact societal development and values SCHOOLS. CITIES Parks, as elements of urban planning, contribute to the social and environmental health of cities PARKS. PUBLIC SPACES Public spaces are integral components of cities, influencing how urban environments are experienced and interacted with CITIES. ARCHITECTURE Architecture influences the design and function of public spaces, shaping societal values and priorities PUBLIC SPACES. PUBLIC SPACES Libraries, as public spaces, signal innovation and openness, affecting community engagement LIBRARIES. PUBLIC SPACES Museums, part of public spaces, reflect cultural values and influence public education MUSEUMS. ARCHITECTURE Architecture's impact is exemplified by the design and global attraction of the Burj Khalifa BURJ KHALIFA. PUBLIC SPACES Government buildings are a type of public space that conveys societal values through architectural design GOVERNMENT BUILDINGS. ARCHITECTURE Architecture's role in creating iconic buildings like the Sydney Opera House contributes to tourism and economic development SYDNEY OPERA HOUSE. SYDNEY OPERA HOUSE The Sydney Opera House is located in Australia and is a significant contributor to the country's tourism industry AUSTRALIA. PUBLIC SPACES Schools, as educational public spaces, impact societal development and values SCHOOLS. BURJ KHALIFA The Burj Khalifa is a landmark in Dubai, enhancing the city's global tourism appeal DUBAI. CITIES Residential areas, shaped by architectural decisions, are fundamental to the character and quality of life in cities RESIDENTIAL AREAS. CITIES The design of streets and sidewalks directly impacts urban connectivity and pedestrian safety in cities STREETS AND SIDEWALKS. CITIES Parks, as elements of urban planning, contribute to the social and environmental health of cities PARKS. BURJ KHALIFA The Burj Khalifa is a landmark in Dubai, enhancing the city's global tourism appeal DUBAI.",
    "evaluation": 1
  },
  {
    "correct_answer": "The layout of a city influences how people move through urban spaces.",
    "retrieved_context": "CITIES Residential areas, shaped by architectural decisions, are fundamental to the character and quality of life in cities RESIDENTIAL AREAS. CITIES The design of streets and sidewalks directly impacts urban connectivity and pedestrian safety in cities STREETS AND SIDEWALKS. CITIES Parks, as elements of urban planning, contribute to the social and environmental health of cities PARKS. PUBLIC SPACES Public spaces are integral components of cities, influencing how urban environments are experienced and interacted with CITIES. PUBLIC SPACES Libraries, as public spaces, signal innovation and openness, affecting community engagement LIBRARIES. PUBLIC SPACES Museums, part of public spaces, reflect cultural values and influence public education MUSEUMS. PUBLIC SPACES Government buildings are a type of public space that conveys societal values through architectural design GOVERNMENT BUILDINGS. CITIES Residential areas, shaped by architectural decisions, are fundamental to the character and quality of life in cities RESIDENTIAL AREAS. CITIES The design of streets and sidewalks directly impacts urban connectivity and pedestrian safety in cities STREETS AND SIDEWALKS. PUBLIC SPACES Schools, as educational public spaces, impact societal development and values SCHOOLS. CITIES Parks, as elements of urban planning, contribute to the social and environmental health of cities PARKS. PUBLIC SPACES Public spaces are integral components of cities, influencing how urban environments are experienced and interacted with CITIES. ARCHITECTURE Architecture influences the design and function of public spaces, shaping societal values and priorities PUBLIC SPACES. PUBLIC SPACES Libraries, as public spaces, signal innovation and openness, affecting community engagement LIBRARIES. PUBLIC SPACES Museums, part of public spaces, reflect cultural values and influence public education MUSEUMS. ARCHITECTURE Architecture's impact is exemplified by the design and global attraction of the Burj Khalifa BURJ KHALIFA. PUBLIC SPACES Government buildings are a type of public space that conveys societal values through architectural design GOVERNMENT BUILDINGS. ARCHITECTURE Architecture's role in creating iconic buildings like the Sydney Opera House contributes to tourism and economic development SYDNEY OPERA HOUSE. SYDNEY OPERA HOUSE The Sydney Opera House is located in Australia and is a significant contributor to the country's tourism industry AUSTRALIA. PUBLIC SPACES Schools, as educational public spaces, impact societal development and values SCHOOLS. BURJ KHALIFA The Burj Khalifa is a landmark in Dubai, enhancing the city's global tourism appeal DUBAI. SYDNEY OPERA HOUSE The Sydney Opera House is located in Australia and is a significant contributor to the country's tourism industry AUSTRALIA.",
    "evaluation": 1
  },
  {
    "correct_answer": "Well-designed parks can encourage social interaction and community engagement.",
    "retrieved_context": "PUBLIC SPACES Public spaces are integral components of cities, influencing how urban environments are experienced and interacted with CITIES. PUBLIC SPACES Libraries, as public spaces, signal innovation and openness, affecting community engagement LIBRARIES. PUBLIC SPACES Museums, part of public spaces, reflect cultural values and influence public education MUSEUMS. PUBLIC SPACES Government buildings are a type of public space that conveys societal values through architectural design GOVERNMENT BUILDINGS. CITIES Residential areas, shaped by architectural decisions, are fundamental to the character and quality of life in cities RESIDENTIAL AREAS. CITIES The design of streets and sidewalks directly impacts urban connectivity and pedestrian safety in cities STREETS AND SIDEWALKS. PUBLIC SPACES Schools, as educational public spaces, impact societal development and values SCHOOLS. CITIES Parks, as elements of urban planning, contribute to the social and environmental health of cities PARKS. PUBLIC SPACES Public spaces are integral components of cities, influencing how urban environments are experienced and interacted with CITIES. ARCHITECTURE Architecture influences the design and function of public spaces, shaping societal values and priorities PUBLIC SPACES. PUBLIC SPACES Libraries, as public spaces, signal innovation and openness, affecting community engagement LIBRARIES. PUBLIC SPACES Museums, part of public spaces, reflect cultural values and influence public education MUSEUMS. ARCHITECTURE Architecture's impact is exemplified by the design and global attraction of the Burj Khalifa BURJ KHALIFA. PUBLIC SPACES Government buildings are a type of public space that conveys societal values through architectural design GOVERNMENT BUILDINGS. ARCHITECTURE Architecture's role in creating iconic buildings like the Sydney Opera House contributes to tourism and economic development SYDNEY OPERA HOUSE. SYDNEY OPERA HOUSE The Sydney Opera House is located in Australia and is a significant contributor to the country's tourism industry AUSTRALIA. PUBLIC SPACES Schools, as educational public spaces, impact societal development and values SCHOOLS. BURJ KHALIFA The Burj Khalifa is a landmark in Dubai, enhancing the city's global tourism appeal DUBAI.",
    "evaluation": 0
  },
  {
    "correct_answer": "Architecture shapes the built environment of residential areas.",
    "retrieved_context": "PUBLIC SPACES Public spaces are integral components of cities, influencing how urban environments are experienced and interacted with CITIES. ARCHITECTURE Architecture influences the design and function of public spaces, shaping societal values and priorities PUBLIC SPACES. PUBLIC SPACES Libraries, as public spaces, signal innovation and openness, affecting community engagement LIBRARIES. PUBLIC SPACES Museums, part of public spaces, reflect cultural values and influence public education MUSEUMS. ARCHITECTURE Architecture's impact is exemplified by the design and global attraction of the Burj Khalifa BURJ KHALIFA. PUBLIC SPACES Government buildings are a type of public space that conveys societal values through architectural design GOVERNMENT BUILDINGS. ARCHITECTURE Architecture's role in creating iconic buildings like the Sydney Opera House contributes to tourism and economic development SYDNEY OPERA HOUSE. SYDNEY OPERA HOUSE The Sydney Opera House is located in Australia and is a significant contributor to the country's tourism industry AUSTRALIA. PUBLIC SPACES Schools, as educational public spaces, impact societal development and values SCHOOLS. BURJ KHALIFA The Burj Khalifa is a landmark in Dubai, enhancing the city's global tourism appeal DUBAI. PUBLIC SPACES Public spaces are integral components of cities, influencing how urban environments are experienced and interacted with CITIES. PUBLIC SPACES Libraries, as public spaces, signal innovation and openness, affecting community engagement LIBRARIES. PUBLIC SPACES Museums, part of public spaces, reflect cultural values and influence public education MUSEUMS. PUBLIC SPACES Government buildings are a type of public space that conveys societal values through architectural design GOVERNMENT BUILDINGS. CITIES Residential areas, shaped by architectural decisions, are fundamental to the character and quality of life in cities RESIDENTIAL AREAS. CITIES The design of streets and sidewalks directly impacts urban connectivity and pedestrian safety in cities STREETS AND SIDEWALKS. PUBLIC SPACES Schools, as educational public spaces, impact societal development and values SCHOOLS. CITIES Parks, as elements of urban planning, contribute to the social and environmental health of cities PARKS. CITIES Residential areas, shaped by architectural decisions, are fundamental to the character and quality of life in cities RESIDENTIAL AREAS. CITIES The design of streets and sidewalks directly impacts urban connectivity and pedestrian safety in cities STREETS AND SIDEWALKS. CITIES Parks, as elements of urban planning, contribute to the social and environmental health of cities PARKS. SYDNEY OPERA HOUSE The Sydney Opera House is located in Australia and is a significant contributor to the country's tourism industry AUSTRALIA.",
    "evaluation": 1
  },
  {
    "correct_answer": "The design of homes and neighborhoods impacts the quality of life of residents.",
    "retrieved_context": "PUBLIC SPACES Public spaces are integral components of cities, influencing how urban environments are experienced and interacted with CITIES. PUBLIC SPACES Libraries, as public spaces, signal innovation and openness, affecting community engagement LIBRARIES. PUBLIC SPACES Museums, part of public spaces, reflect cultural values and influence public education MUSEUMS. PUBLIC SPACES Government buildings are a type of public space that conveys societal values through architectural design GOVERNMENT BUILDINGS. CITIES Residential areas, shaped by architectural decisions, are fundamental to the character and quality of life in cities RESIDENTIAL AREAS. CITIES The design of streets and sidewalks directly impacts urban connectivity and pedestrian safety in cities STREETS AND SIDEWALKS. PUBLIC SPACES Schools, as educational public spaces, impact societal development and values SCHOOLS. CITIES Parks, as elements of urban planning, contribute to the social and environmental health of cities PARKS. PUBLIC SPACES Public spaces are integral components of cities, influencing how urban environments are experienced and interacted with CITIES. ARCHITECTURE Architecture influences the design and function of public spaces, shaping societal values and priorities PUBLIC SPACES. PUBLIC SPACES Libraries, as public spaces, signal innovation and openness, affecting community engagement LIBRARIES. PUBLIC SPACES Museums, part of public spaces, reflect cultural values and influence public education MUSEUMS. ARCHITECTURE Architecture's impact is exemplified by the design and global attraction of the Burj Khalifa BURJ KHALIFA. PUBLIC SPACES Government buildings are a type of public space that conveys societal values through architectural design GOVERNMENT BUILDINGS. ARCHITECTURE Architecture's role in creating iconic buildings like the Sydney Opera House contributes to tourism and economic development SYDNEY OPERA HOUSE. SYDNEY OPERA HOUSE The Sydney Opera House is located in Australia and is a significant contributor to the country's tourism industry AUSTRALIA. PUBLIC SPACES Schools, as educational public spaces, impact societal development and values SCHOOLS. BURJ KHALIFA The Burj Khalifa is a landmark in Dubai, enhancing the city's global tourism appeal DUBAI. CITIES Residential areas, shaped by architectural decisions, are fundamental to the character and quality of life in cities RESIDENTIAL AREAS. CITIES The design of streets and sidewalks directly impacts urban connectivity and pedestrian safety in cities STREETS AND SIDEWALKS. CITIES Parks, as elements of urban planning, contribute to the social and environmental health of cities PARKS. SYDNEY OPERA HOUSE The Sydney Opera House is located in Australia and is a significant contributor to the country's tourism industry AUSTRALIA.",
    "evaluation": 1
  },
  {
    "correct_answer": "Well-designed houses can promote a sense of pride and ownership among residents.",
    "retrieved_context": "PUBLIC SPACES Public spaces are integral components of cities, influencing how urban environments are experienced and interacted with CITIES. PUBLIC SPACES Libraries, as public spaces, signal innovation and openness, affecting community engagement LIBRARIES. PUBLIC SPACES Museums, part of public spaces, reflect cultural values and influence public education MUSEUMS. PUBLIC SPACES Government buildings are a type of public space that conveys societal values through architectural design GOVERNMENT BUILDINGS. CITIES Residential areas, shaped by architectural decisions, are fundamental to the character and quality of life in cities RESIDENTIAL AREAS. CITIES The design of streets and sidewalks directly impacts urban connectivity and pedestrian safety in cities STREETS AND SIDEWALKS. PUBLIC SPACES Schools, as educational public spaces, impact societal development and values SCHOOLS. CITIES Parks, as elements of urban planning, contribute to the social and environmental health of cities PARKS. PUBLIC SPACES Public spaces are integral components of cities, influencing how urban environments are experienced and interacted with CITIES. ARCHITECTURE Architecture influences the design and function of public spaces, shaping societal values and priorities PUBLIC SPACES. PUBLIC SPACES Libraries, as public spaces, signal innovation and openness, affecting community engagement LIBRARIES. PUBLIC SPACES Museums, part of public spaces, reflect cultural values and influence public education MUSEUMS. ARCHITECTURE Architecture's impact is exemplified by the design and global attraction of the Burj Khalifa BURJ KHALIFA. PUBLIC SPACES Government buildings are a type of public space that conveys societal values through architectural design GOVERNMENT BUILDINGS. ARCHITECTURE Architecture's role in creating iconic buildings like the Sydney Opera House contributes to tourism and economic development SYDNEY OPERA HOUSE. SYDNEY OPERA HOUSE The Sydney Opera House is located in Australia and is a significant contributor to the country's tourism industry AUSTRALIA. PUBLIC SPACES Schools, as educational public spaces, impact societal development and values SCHOOLS. BURJ KHALIFA The Burj Khalifa is a landmark in Dubai, enhancing the city's global tourism appeal DUBAI. SYDNEY OPERA HOUSE The Sydney Opera House is located in Australia and is a significant contributor to the country's tourism industry AUSTRALIA. CITIES Residential areas, shaped by architectural decisions, are fundamental to the character and quality of life in cities RESIDENTIAL AREAS. CITIES The design of streets and sidewalks directly impacts urban connectivity and pedestrian safety in cities STREETS AND SIDEWALKS. CITIES Parks, as elements of urban planning, contribute to the social and environmental health of cities PARKS.",
    "evaluation": 0
  },
  {
    "correct_answer": "Architecture influences the economic development of a society.",
    "retrieved_context": "PUBLIC SPACES Public spaces are integral components of cities, influencing how urban environments are experienced and interacted with CITIES. ARCHITECTURE Architecture influences the design and function of public spaces, shaping societal values and priorities PUBLIC SPACES. PUBLIC SPACES Libraries, as public spaces, signal innovation and openness, affecting community engagement LIBRARIES. PUBLIC SPACES Museums, part of public spaces, reflect cultural values and influence public education MUSEUMS. ARCHITECTURE Architecture's impact is exemplified by the design and global attraction of the Burj Khalifa BURJ KHALIFA. PUBLIC SPACES Government buildings are a type of public space that conveys societal values through architectural design GOVERNMENT BUILDINGS. ARCHITECTURE Architecture's role in creating iconic buildings like the Sydney Opera House contributes to tourism and economic development SYDNEY OPERA HOUSE. SYDNEY OPERA HOUSE The Sydney Opera House is located in Australia and is a significant contributor to the country's tourism industry AUSTRALIA. PUBLIC SPACES Schools, as educational public spaces, impact societal development and values SCHOOLS. BURJ KHALIFA The Burj Khalifa is a landmark in Dubai, enhancing the city's global tourism appeal DUBAI. CITIES Residential areas, shaped by architectural decisions, are fundamental to the character and quality of life in cities RESIDENTIAL AREAS. CITIES The design of streets and sidewalks directly impacts urban connectivity and pedestrian safety in cities STREETS AND SIDEWALKS. CITIES Parks, as elements of urban planning, contribute to the social and environmental health of cities PARKS. PUBLIC SPACES Public spaces are integral components of cities, influencing how urban environments are experienced and interacted with CITIES. PUBLIC SPACES Libraries, as public spaces, signal innovation and openness, affecting community engagement LIBRARIES. PUBLIC SPACES Museums, part of public spaces, reflect cultural values and influence public education MUSEUMS. PUBLIC SPACES Government buildings are a type of public space that conveys societal values through architectural design GOVERNMENT BUILDINGS. CITIES Residential areas, shaped by architectural decisions, are fundamental to the character and quality of life in cities RESIDENTIAL AREAS. CITIES The design of streets and sidewalks directly impacts urban connectivity and pedestrian safety in cities STREETS AND SIDEWALKS. PUBLIC SPACES Schools, as educational public spaces, impact societal development and values SCHOOLS. CITIES Parks, as elements of urban planning, contribute to the social and environmental health of cities PARKS. SYDNEY OPERA HOUSE The Sydney Opera House is located in Australia and is a significant contributor to the country's tourism industry AUSTRALIA.",
    "evaluation": 1
  },
  {
    "correct_answer": "Well-designed buildings can attract investment and tourism, boosting the local economy.",
    "retrieved_context": "PUBLIC SPACES Public spaces are integral components of cities, influencing how urban environments are experienced and interacted with CITIES. ARCHITECTURE Architecture influences the design and function of public spaces, shaping societal values and priorities PUBLIC SPACES. PUBLIC SPACES Libraries, as public spaces, signal innovation and openness, affecting community engagement LIBRARIES. PUBLIC SPACES Museums, part of public spaces, reflect cultural values and influence public education MUSEUMS. ARCHITECTURE Architecture's impact is exemplified by the design and global attraction of the Burj Khalifa BURJ KHALIFA. PUBLIC SPACES Government buildings are a type of public space that conveys societal values through architectural design GOVERNMENT BUILDINGS. ARCHITECTURE Architecture's role in creating iconic buildings like the Sydney Opera House contributes to tourism and economic development SYDNEY OPERA HOUSE. SYDNEY OPERA HOUSE The Sydney Opera House is located in Australia and is a significant contributor to the country's tourism industry AUSTRALIA. PUBLIC SPACES Schools, as educational public spaces, impact societal development and values SCHOOLS. BURJ KHALIFA The Burj Khalifa is a landmark in Dubai, enhancing the city's global tourism appeal DUBAI. CITIES Residential areas, shaped by architectural decisions, are fundamental to the character and quality of life in cities RESIDENTIAL AREAS. CITIES The design of streets and sidewalks directly impacts urban connectivity and pedestrian safety in cities STREETS AND SIDEWALKS. CITIES Parks, as elements of urban planning, contribute to the social and environmental health of cities PARKS. PUBLIC SPACES Public spaces are integral components of cities, influencing how urban environments are experienced and interacted with CITIES. PUBLIC SPACES Libraries, as public spaces, signal innovation and openness, affecting community engagement LIBRARIES. PUBLIC SPACES Museums, part of public spaces, reflect cultural values and influence public education MUSEUMS. PUBLIC SPACES Government buildings are a type of public space that conveys societal values through architectural design GOVERNMENT BUILDINGS. CITIES Residential areas, shaped by architectural decisions, are fundamental to the character and quality of life in cities RESIDENTIAL AREAS. CITIES The design of streets and sidewalks directly impacts urban connectivity and pedestrian safety in cities STREETS AND SIDEWALKS. PUBLIC SPACES Schools, as educational public spaces, impact societal development and values SCHOOLS. CITIES Parks, as elements of urban planning, contribute to the social and environmental health of cities PARKS. BURJ KHALIFA The Burj Khalifa is a landmark in Dubai, enhancing the city's global tourism appeal DUBAI.",
    "evaluation": 1
  },
  {
    "correct_answer": "Architecture can influence the environment and sustainability.",
    "retrieved_context": "PUBLIC SPACES Public spaces are integral components of cities, influencing how urban environments are experienced and interacted with CITIES. ARCHITECTURE Architecture influences the design and function of public spaces, shaping societal values and priorities PUBLIC SPACES. PUBLIC SPACES Libraries, as public spaces, signal innovation and openness, affecting community engagement LIBRARIES. PUBLIC SPACES Museums, part of public spaces, reflect cultural values and influence public education MUSEUMS. ARCHITECTURE Architecture's impact is exemplified by the design and global attraction of the Burj Khalifa BURJ KHALIFA. PUBLIC SPACES Government buildings are a type of public space that conveys societal values through architectural design GOVERNMENT BUILDINGS. ARCHITECTURE Architecture's role in creating iconic buildings like the Sydney Opera House contributes to tourism and economic development SYDNEY OPERA HOUSE. SYDNEY OPERA HOUSE The Sydney Opera House is located in Australia and is a significant contributor to the country's tourism industry AUSTRALIA. PUBLIC SPACES Schools, as educational public spaces, impact societal development and values SCHOOLS. BURJ KHALIFA The Burj Khalifa is a landmark in Dubai, enhancing the city's global tourism appeal DUBAI. PUBLIC SPACES Public spaces are integral components of cities, influencing how urban environments are experienced and interacted with CITIES. PUBLIC SPACES Libraries, as public spaces, signal innovation and openness, affecting community engagement LIBRARIES. PUBLIC SPACES Museums, part of public spaces, reflect cultural values and influence public education MUSEUMS. PUBLIC SPACES Government buildings are a type of public space that conveys societal values through architectural design GOVERNMENT BUILDINGS. CITIES Residential areas, shaped by architectural decisions, are fundamental to the character and quality of life in cities RESIDENTIAL AREAS. CITIES The design of streets and sidewalks directly impacts urban connectivity and pedestrian safety in cities STREETS AND SIDEWALKS. PUBLIC SPACES Schools, as educational public spaces, impact societal development and values SCHOOLS. CITIES Parks, as elements of urban planning, contribute to the social and environmental health of cities PARKS. CITIES Residential areas, shaped by architectural decisions, are fundamental to the character and quality of life in cities RESIDENTIAL AREAS. CITIES The design of streets and sidewalks directly impacts urban connectivity and pedestrian safety in cities STREETS AND SIDEWALKS. CITIES Parks, as elements of urban planning, contribute to the social and environmental health of cities PARKS.",
    "evaluation": 0
  },
  {
    "correct_answer": "Designing energy-efficient buildings can help reduce the carbon footprint of the built environment.",
    "retrieved_context": "PUBLIC SPACES Public spaces are integral components of cities, influencing how urban environments are experienced and interacted with CITIES. ARCHITECTURE Architecture influences the design and function of public spaces, shaping societal values and priorities PUBLIC SPACES. PUBLIC SPACES Libraries, as public spaces, signal innovation and openness, affecting community engagement LIBRARIES. PUBLIC SPACES Museums, part of public spaces, reflect cultural values and influence public education MUSEUMS. ARCHITECTURE Architecture's impact is exemplified by the design and global attraction of the Burj Khalifa BURJ KHALIFA. PUBLIC SPACES Government buildings are a type of public space that conveys societal values through architectural design GOVERNMENT BUILDINGS. ARCHITECTURE Architecture's role in creating iconic buildings like the Sydney Opera House contributes to tourism and economic development SYDNEY OPERA HOUSE. SYDNEY OPERA HOUSE The Sydney Opera House is located in Australia and is a significant contributor to the country's tourism industry AUSTRALIA. PUBLIC SPACES Schools, as educational public spaces, impact societal development and values SCHOOLS. BURJ KHALIFA The Burj Khalifa is a landmark in Dubai, enhancing the city's global tourism appeal DUBAI. PUBLIC SPACES Public spaces are integral components of cities, influencing how urban environments are experienced and interacted with CITIES. PUBLIC SPACES Libraries, as public spaces, signal innovation and openness, affecting community engagement LIBRARIES. PUBLIC SPACES Museums, part of public spaces, reflect cultural values and influence public education MUSEUMS. PUBLIC SPACES Government buildings are a type of public space that conveys societal values through architectural design GOVERNMENT BUILDINGS. CITIES Residential areas, shaped by architectural decisions, are fundamental to the character and quality of life in cities RESIDENTIAL AREAS. CITIES The design of streets and sidewalks directly impacts urban connectivity and pedestrian safety in cities STREETS AND SIDEWALKS. PUBLIC SPACES Schools, as educational public spaces, impact societal development and values SCHOOLS. CITIES Parks, as elements of urban planning, contribute to the social and environmental health of cities PARKS. BURJ KHALIFA The Burj Khalifa is a landmark in Dubai, enhancing the city's global tourism appeal DUBAI. CITIES Residential areas, shaped by architectural decisions, are fundamental to the character and quality of life in cities RESIDENTIAL AREAS. CITIES The design of streets and sidewalks directly impacts urban connectivity and pedestrian safety in cities STREETS AND SIDEWALKS. CITIES Parks, as elements of urban planning, contribute to the social and environmental health of cities PARKS.",
    "evaluation": 0
  },
  {
    "correct_answer": "Green spaces and urban forests can improve air quality and provide habitat for wildlife.",
    "retrieved_context": "PUBLIC SPACES Public spaces are integral components of cities, influencing how urban environments are experienced and interacted with CITIES. PUBLIC SPACES Libraries, as public spaces, signal innovation and openness, affecting community engagement LIBRARIES. PUBLIC SPACES Museums, part of public spaces, reflect cultural values and influence public education MUSEUMS. PUBLIC SPACES Government buildings are a type of public space that conveys societal values through architectural design GOVERNMENT BUILDINGS. CITIES Residential areas, shaped by architectural decisions, are fundamental to the character and quality of life in cities RESIDENTIAL AREAS. CITIES The design of streets and sidewalks directly impacts urban connectivity and pedestrian safety in cities STREETS AND SIDEWALKS. PUBLIC SPACES Schools, as educational public spaces, impact societal development and values SCHOOLS. CITIES Parks, as elements of urban planning, contribute to the social and environmental health of cities PARKS. CITIES Residential areas, shaped by architectural decisions, are fundamental to the character and quality of life in cities RESIDENTIAL AREAS. CITIES The design of streets and sidewalks directly impacts urban connectivity and pedestrian safety in cities STREETS AND SIDEWALKS. CITIES Parks, as elements of urban planning, contribute to the social and environmental health of cities PARKS. PUBLIC SPACES Public spaces are integral components of cities, influencing how urban environments are experienced and interacted with CITIES. ARCHITECTURE Architecture influences the design and function of public spaces, shaping societal values and priorities PUBLIC SPACES. PUBLIC SPACES Libraries, as public spaces, signal innovation and openness, affecting community engagement LIBRARIES. PUBLIC SPACES Museums, part of public spaces, reflect cultural values and influence public education MUSEUMS. ARCHITECTURE Architecture's impact is exemplified by the design and global attraction of the Burj Khalifa BURJ KHALIFA. PUBLIC SPACES Government buildings are a type of public space that conveys societal values through architectural design GOVERNMENT BUILDINGS. ARCHITECTURE Architecture's role in creating iconic buildings like the Sydney Opera House contributes to tourism and economic development SYDNEY OPERA HOUSE. SYDNEY OPERA HOUSE The Sydney Opera House is located in Australia and is a significant contributor to the country's tourism industry AUSTRALIA. PUBLIC SPACES Schools, as educational public spaces, impact societal development and values SCHOOLS. BURJ KHALIFA The Burj Khalifa is a landmark in Dubai, enhancing the city's global tourism appeal DUBAI.",
    "evaluation": 0
  },
  {
    "accuracy": "60.00%"
  }
]