[
  {
    "correct_answer": "The human body has defense mechanisms to protect itself against harmful pathogens.",
    "retrieved_context": "IMMUNE SYSTEM The skin acts as one of the first lines of defense for the immune system SKIN. IMMUNE SYSTEM Mucous membranes are part of the immune system's physical barriers against pathogens MUCOUS MEMBRANES. IMMUNE SYSTEM The immune system targets viruses as part of its defense mechanisms VIRUSES. IMMUNE SYSTEM Fungi are combated by the immune system to protect the body from infections FUNGI. IMMUNE SYSTEM The immune system fights against bacteria to prevent and eliminate infections BACTERIA. IMMUNE SYSTEM The stomach's acidic environment contributes to the immune system's defense mechanisms STOMACH. IMMUNE SYSTEM White blood cells are crucial components of the immune system's response to infections WHITE BLOOD CELLS. IMMUNE SYSTEM The immune system works to rid the body of parasites to maintain health PARASITES. IMMUNE SYSTEM The skin acts as one of the first lines of defense for the immune system SKIN. IMMUNE SYSTEM Mucous membranes are part of the immune system's physical barriers against pathogens MUCOUS MEMBRANES. IMMUNE SYSTEM The immune system targets viruses as part of its defense mechanisms VIRUSES. IMMUNE SYSTEM Fungi are combated by the immune system to protect the body from infections FUNGI. IMMUNE SYSTEM The immune system fights against bacteria to prevent and eliminate infections BACTERIA. HUMAN BODY The immune system is part of the human body, working to fight off infections and restore health IMMUNE SYSTEM. IMMUNE SYSTEM The stomach's acidic environment contributes to the immune system's defense mechanisms STOMACH. IMMUNE SYSTEM White blood cells are crucial components of the immune system's response to infections WHITE BLOOD CELLS. IMMUNE SYSTEM The immune system works to rid the body of parasites to maintain health PARASITES. CHRONIC INFLAMMATION Chronic inflammation can lead to cancer by promoting abnormal cell growth and mutations CANCER. CHRONIC INFLAMMATION Chronic inflammation is known to play a role in the development of diabetes by affecting insulin resistance DIABETES. CHRONIC INFLAMMATION Chronic inflammation can contribute to the development of heart disease by damaging arteries and other heart tissues HEART DISEASE.",
    "evaluation": 1
  },
  {
    "correct_answer": "The immune system fights off infections to restore health.",
    "retrieved_context": "IMMUNE SYSTEM The skin acts as one of the first lines of defense for the immune system SKIN. IMMUNE SYSTEM Mucous membranes are part of the immune system's physical barriers against pathogens MUCOUS MEMBRANES. IMMUNE SYSTEM The immune system targets viruses as part of its defense mechanisms VIRUSES. IMMUNE SYSTEM Fungi are combated by the immune system to protect the body from infections FUNGI. IMMUNE SYSTEM The immune system fights against bacteria to prevent and eliminate infections BACTERIA. IMMUNE SYSTEM The stomach's acidic environment contributes to the immune system's defense mechanisms STOMACH. IMMUNE SYSTEM White blood cells are crucial components of the immune system's response to infections WHITE BLOOD CELLS. IMMUNE SYSTEM The immune system works to rid the body of parasites to maintain health PARASITES. CHRONIC INFLAMMATION Chronic inflammation can lead to cancer by promoting abnormal cell growth and mutations CANCER. CHRONIC INFLAMMATION Chronic inflammation is known to play a role in the development of diabetes by affecting insulin resistance DIABETES. CHRONIC INFLAMMATION Chronic inflammation can contribute to the development of heart disease by damaging arteries and other heart tissues HEART DISEASE. IMMUNOLOGICAL MEMORY Immunological memory is the principle behind vaccination, allowing for a faster and more effective immune response upon re-exposure to pathogens VACCINATION. LYMPHOCYTES Lymphocytes differentiate into memory cells, which are crucial for the development of immunological memory IMMUNOLOGICAL MEMORY. IMMUNOLOGICAL MEMORY Immunological memory is the principle behind vaccination, allowing for a faster and more effective immune response upon re-exposure to pathogens VACCINATION. LYMPHOCYTES Both natural killer cells and lymphocytes (T cells) are involved in directly attacking infected cells NATURAL KILLER CELLS. LYMPHOCYTES Dendritic cells present antigens to T cells, a type of lymphocyte, to initiate a specific immune response DENDRITIC CELLS.",
    "evaluation": 1
  },
  {
    "correct_answer": "The immune response involves coordinated responses of cells, tissues, and organs.",
    "retrieved_context": "IMMUNE SYSTEM The skin acts as one of the first lines of defense for the immune system SKIN. IMMUNE SYSTEM Mucous membranes are part of the immune system's physical barriers against pathogens MUCOUS MEMBRANES. IMMUNE SYSTEM The immune system targets viruses as part of its defense mechanisms VIRUSES. IMMUNE SYSTEM Fungi are combated by the immune system to protect the body from infections FUNGI. IMMUNE SYSTEM The immune system fights against bacteria to prevent and eliminate infections BACTERIA. IMMUNE SYSTEM The stomach's acidic environment contributes to the immune system's defense mechanisms STOMACH. IMMUNE SYSTEM White blood cells are crucial components of the immune system's response to infections WHITE BLOOD CELLS. IMMUNE SYSTEM The immune system works to rid the body of parasites to maintain health PARASITES. IMMUNOLOGICAL MEMORY Immunological memory is the principle behind vaccination, allowing for a faster and more effective immune response upon re-exposure to pathogens VACCINATION. LYMPHOCYTES Lymphocytes differentiate into memory cells, which are crucial for the development of immunological memory IMMUNOLOGICAL MEMORY. IMMUNOLOGICAL MEMORY Immunological memory is the principle behind vaccination, allowing for a faster and more effective immune response upon re-exposure to pathogens VACCINATION. LYMPHOCYTES Both natural killer cells and lymphocytes (T cells) are involved in directly attacking infected cells NATURAL KILLER CELLS. LYMPHOCYTES Dendritic cells present antigens to T cells, a type of lymphocyte, to initiate a specific immune response DENDRITIC CELLS. CHRONIC INFLAMMATION Chronic inflammation can lead to cancer by promoting abnormal cell growth and mutations CANCER. CHRONIC INFLAMMATION Chronic inflammation is known to play a role in the development of diabetes by affecting insulin resistance DIABETES. CHRONIC INFLAMMATION Chronic inflammation can contribute to the development of heart disease by damaging arteries and other heart tissues HEART DISEASE.",
    "evaluation": 1
  },
  {
    "correct_answer": "Physical barriers prevent pathogens from entering the body.",
    "retrieved_context": "IMMUNE SYSTEM The skin acts as one of the first lines of defense for the immune system SKIN. IMMUNE SYSTEM Mucous membranes are part of the immune system's physical barriers against pathogens MUCOUS MEMBRANES. IMMUNE SYSTEM The immune system targets viruses as part of its defense mechanisms VIRUSES. IMMUNE SYSTEM Fungi are combated by the immune system to protect the body from infections FUNGI. IMMUNE SYSTEM The immune system fights against bacteria to prevent and eliminate infections BACTERIA. IMMUNE SYSTEM The stomach's acidic environment contributes to the immune system's defense mechanisms STOMACH. IMMUNE SYSTEM White blood cells are crucial components of the immune system's response to infections WHITE BLOOD CELLS. IMMUNE SYSTEM The immune system works to rid the body of parasites to maintain health PARASITES. IMMUNE SYSTEM The skin acts as one of the first lines of defense for the immune system SKIN. IMMUNE SYSTEM Mucous membranes are part of the immune system's physical barriers against pathogens MUCOUS MEMBRANES. IMMUNE SYSTEM The immune system targets viruses as part of its defense mechanisms VIRUSES. IMMUNE SYSTEM Fungi are combated by the immune system to protect the body from infections FUNGI. IMMUNE SYSTEM The immune system fights against bacteria to prevent and eliminate infections BACTERIA. HUMAN BODY The immune system is part of the human body, working to fight off infections and restore health IMMUNE SYSTEM. IMMUNE SYSTEM The stomach's acidic environment contributes to the immune system's defense mechanisms STOMACH. IMMUNE SYSTEM White blood cells are crucial components of the immune system's response to infections WHITE BLOOD CELLS. IMMUNE SYSTEM The immune system works to rid the body of parasites to maintain health PARASITES.",
    "evaluation": 1
  },
  {
    "correct_answer": "The skin acts as a protective barrier against pathogens.",
    "retrieved_context": "IMMUNE SYSTEM The skin acts as one of the first lines of defense for the immune system SKIN. IMMUNE SYSTEM Mucous membranes are part of the immune system's physical barriers against pathogens MUCOUS MEMBRANES. IMMUNE SYSTEM The immune system targets viruses as part of its defense mechanisms VIRUSES. IMMUNE SYSTEM Fungi are combated by the immune system to protect the body from infections FUNGI. IMMUNE SYSTEM The immune system fights against bacteria to prevent and eliminate infections BACTERIA. IMMUNE SYSTEM The stomach's acidic environment contributes to the immune system's defense mechanisms STOMACH. IMMUNE SYSTEM White blood cells are crucial components of the immune system's response to infections WHITE BLOOD CELLS. IMMUNE SYSTEM The immune system works to rid the body of parasites to maintain health PARASITES.",
    "evaluation": 1
  },
  {
    "correct_answer": "Mucous membranes produce mucus to trap pathogens.",
    "retrieved_context": "IMMUNE SYSTEM The skin acts as one of the first lines of defense for the immune system SKIN. IMMUNE SYSTEM Mucous membranes are part of the immune system's physical barriers against pathogens MUCOUS MEMBRANES. IMMUNE SYSTEM The immune system targets viruses as part of its defense mechanisms VIRUSES. IMMUNE SYSTEM Fungi are combated by the immune system to protect the body from infections FUNGI. IMMUNE SYSTEM The immune system fights against bacteria to prevent and eliminate infections BACTERIA. IMMUNE SYSTEM The stomach's acidic environment contributes to the immune system's defense mechanisms STOMACH. IMMUNE SYSTEM White blood cells are crucial components of the immune system's response to infections WHITE BLOOD CELLS. IMMUNE SYSTEM The immune system works to rid the body of parasites to maintain health PARASITES. NEUTROPHILS Both neutrophils and macrophages are involved in the initial response to infections by engulfing and destroying pathogens MACROPHAGES.",
    "evaluation": 0
  },
  {
    "correct_answer": "The acidic environment of the stomach can kill pathogens.",
    "retrieved_context": "IMMUNE SYSTEM The skin acts as one of the first lines of defense for the immune system SKIN. IMMUNE SYSTEM Mucous membranes are part of the immune system's physical barriers against pathogens MUCOUS MEMBRANES. IMMUNE SYSTEM The immune system targets viruses as part of its defense mechanisms VIRUSES. IMMUNE SYSTEM Fungi are combated by the immune system to protect the body from infections FUNGI. IMMUNE SYSTEM The immune system fights against bacteria to prevent and eliminate infections BACTERIA. IMMUNE SYSTEM The stomach's acidic environment contributes to the immune system's defense mechanisms STOMACH. IMMUNE SYSTEM White blood cells are crucial components of the immune system's response to infections WHITE BLOOD CELLS. IMMUNE SYSTEM The immune system works to rid the body of parasites to maintain health PARASITES.",
    "evaluation": 1
  },
  {
    "correct_answer": "White blood cells are key players in the immune response.",
    "retrieved_context": "IMMUNE SYSTEM The skin acts as one of the first lines of defense for the immune system SKIN. IMMUNE SYSTEM Mucous membranes are part of the immune system's physical barriers against pathogens MUCOUS MEMBRANES. IMMUNE SYSTEM The immune system targets viruses as part of its defense mechanisms VIRUSES. IMMUNE SYSTEM Fungi are combated by the immune system to protect the body from infections FUNGI. IMMUNE SYSTEM The immune system fights against bacteria to prevent and eliminate infections BACTERIA. IMMUNE SYSTEM The stomach's acidic environment contributes to the immune system's defense mechanisms STOMACH. IMMUNE SYSTEM White blood cells are crucial components of the immune system's response to infections WHITE BLOOD CELLS. IMMUNE SYSTEM The immune system works to rid the body of parasites to maintain health PARASITES. LYMPHOCYTES Lymphocytes differentiate into memory cells, which are crucial for the development of immunological memory IMMUNOLOGICAL MEMORY. IMMUNOLOGICAL MEMORY Immunological memory is the principle behind vaccination, allowing for a faster and more effective immune response upon re-exposure to pathogens VACCINATION. LYMPHOCYTES Both natural killer cells and lymphocytes (T cells) are involved in directly attacking infected cells NATURAL KILLER CELLS. LYMPHOCYTES Dendritic cells present antigens to T cells, a type of lymphocyte, to initiate a specific immune response DENDRITIC CELLS. IMMUNOLOGICAL MEMORY Immunological memory is the principle behind vaccination, allowing for a faster and more effective immune response upon re-exposure to pathogens VACCINATION. CHRONIC INFLAMMATION Chronic inflammation can lead to cancer by promoting abnormal cell growth and mutations CANCER. CHRONIC INFLAMMATION Chronic inflammation is known to play a role in the development of diabetes by affecting insulin resistance DIABETES. CHRONIC INFLAMMATION Chronic inflammation can contribute to the development of heart disease by damaging arteries and other heart tissues HEART DISEASE.",
    "evaluation": 1
  },
  {
    "correct_answer": "Neutrophils are the first responders to infections.",
    "retrieved_context": "NEUTROPHILS Both neutrophils and macrophages are involved in the initial response to infections by engulfing and destroying pathogens MACROPHAGES. CHRONIC INFLAMMATION Chronic inflammation can lead to cancer by promoting abnormal cell growth and mutations CANCER. CHRONIC INFLAMMATION Chronic inflammation is known to play a role in the development of diabetes by affecting insulin resistance DIABETES. CHRONIC INFLAMMATION Chronic inflammation can contribute to the development of heart disease by damaging arteries and other heart tissues HEART DISEASE. IMMUNE SYSTEM The skin acts as one of the first lines of defense for the immune system SKIN. IMMUNE SYSTEM Mucous membranes are part of the immune system's physical barriers against pathogens MUCOUS MEMBRANES. IMMUNE SYSTEM The immune system targets viruses as part of its defense mechanisms VIRUSES. IMMUNE SYSTEM Fungi are combated by the immune system to protect the body from infections FUNGI. IMMUNE SYSTEM The immune system fights against bacteria to prevent and eliminate infections BACTERIA. IMMUNE SYSTEM The stomach's acidic environment contributes to the immune system's defense mechanisms STOMACH. IMMUNE SYSTEM White blood cells are crucial components of the immune system's response to infections WHITE BLOOD CELLS. IMMUNE SYSTEM The immune system works to rid the body of parasites to maintain health PARASITES.",
    "evaluation": 0
  },
  {
    "correct_answer": "Macrophages patrol the body and alert other immune cells.",
    "retrieved_context": "IMMUNE SYSTEM The skin acts as one of the first lines of defense for the immune system SKIN. IMMUNE SYSTEM Mucous membranes are part of the immune system's physical barriers against pathogens MUCOUS MEMBRANES. IMMUNE SYSTEM The immune system targets viruses as part of its defense mechanisms VIRUSES. IMMUNE SYSTEM Fungi are combated by the immune system to protect the body from infections FUNGI. IMMUNE SYSTEM The immune system fights against bacteria to prevent and eliminate infections BACTERIA. IMMUNE SYSTEM The stomach's acidic environment contributes to the immune system's defense mechanisms STOMACH. IMMUNE SYSTEM White blood cells are crucial components of the immune system's response to infections WHITE BLOOD CELLS. IMMUNE SYSTEM The immune system works to rid the body of parasites to maintain health PARASITES. CHRONIC INFLAMMATION Chronic inflammation can lead to cancer by promoting abnormal cell growth and mutations CANCER. CHRONIC INFLAMMATION Chronic inflammation is known to play a role in the development of diabetes by affecting insulin resistance DIABETES. CHRONIC INFLAMMATION Chronic inflammation can contribute to the development of heart disease by damaging arteries and other heart tissues HEART DISEASE. IMMUNOLOGICAL MEMORY Immunological memory is the principle behind vaccination, allowing for a faster and more effective immune response upon re-exposure to pathogens VACCINATION. LYMPHOCYTES Lymphocytes differentiate into memory cells, which are crucial for the development of immunological memory IMMUNOLOGICAL MEMORY. IMMUNOLOGICAL MEMORY Immunological memory is the principle behind vaccination, allowing for a faster and more effective immune response upon re-exposure to pathogens VACCINATION. LYMPHOCYTES Both natural killer cells and lymphocytes (T cells) are involved in directly attacking infected cells NATURAL KILLER CELLS. LYMPHOCYTES Dendritic cells present antigens to T cells, a type of lymphocyte, to initiate a specific immune response DENDRITIC CELLS.",
    "evaluation": 0
  },
  {
    "correct_answer": "Lymphocytes mount a targeted immune response.",
    "retrieved_context": "LYMPHOCYTES Lymphocytes differentiate into memory cells, which are crucial for the development of immunological memory IMMUNOLOGICAL MEMORY. IMMUNOLOGICAL MEMORY Immunological memory is the principle behind vaccination, allowing for a faster and more effective immune response upon re-exposure to pathogens VACCINATION. LYMPHOCYTES Both natural killer cells and lymphocytes (T cells) are involved in directly attacking infected cells NATURAL KILLER CELLS. LYMPHOCYTES Dendritic cells present antigens to T cells, a type of lymphocyte, to initiate a specific immune response DENDRITIC CELLS. IMMUNE SYSTEM The skin acts as one of the first lines of defense for the immune system SKIN. IMMUNE SYSTEM Mucous membranes are part of the immune system's physical barriers against pathogens MUCOUS MEMBRANES. IMMUNE SYSTEM The immune system targets viruses as part of its defense mechanisms VIRUSES. IMMUNE SYSTEM Fungi are combated by the immune system to protect the body from infections FUNGI. IMMUNE SYSTEM The immune system fights against bacteria to prevent and eliminate infections BACTERIA. IMMUNE SYSTEM The stomach's acidic environment contributes to the immune system's defense mechanisms STOMACH. IMMUNE SYSTEM White blood cells are crucial components of the immune system's response to infections WHITE BLOOD CELLS. IMMUNE SYSTEM The immune system works to rid the body of parasites to maintain health PARASITES. IMMUNOLOGICAL MEMORY Immunological memory is the principle behind vaccination, allowing for a faster and more effective immune response upon re-exposure to pathogens VACCINATION. CHRONIC INFLAMMATION Chronic inflammation can lead to cancer by promoting abnormal cell growth and mutations CANCER. CHRONIC INFLAMMATION Chronic inflammation is known to play a role in the development of diabetes by affecting insulin resistance DIABETES. AUTOIMMUNE DISEASES Autoimmune diseases can lead to chronic inflammation, contributing to tissue damage and dysfunction CHRONIC INFLAMMATION. CHRONIC INFLAMMATION Chronic inflammation can contribute to the development of heart disease by damaging arteries and other heart tissues HEART DISEASE.",
    "evaluation": 1
  },
  {
    "correct_answer": "Dendritic cells present antigens to T cells for a specific immune response.",
    "retrieved_context": "IMMUNE SYSTEM The skin acts as one of the first lines of defense for the immune system SKIN. IMMUNE SYSTEM Mucous membranes are part of the immune system's physical barriers against pathogens MUCOUS MEMBRANES. IMMUNE SYSTEM The immune system targets viruses as part of its defense mechanisms VIRUSES. IMMUNE SYSTEM Fungi are combated by the immune system to protect the body from infections FUNGI. IMMUNE SYSTEM The immune system fights against bacteria to prevent and eliminate infections BACTERIA. IMMUNE SYSTEM The stomach's acidic environment contributes to the immune system's defense mechanisms STOMACH. IMMUNE SYSTEM White blood cells are crucial components of the immune system's response to infections WHITE BLOOD CELLS. IMMUNE SYSTEM The immune system works to rid the body of parasites to maintain health PARASITES. IMMUNOLOGICAL MEMORY Immunological memory is the principle behind vaccination, allowing for a faster and more effective immune response upon re-exposure to pathogens VACCINATION. LYMPHOCYTES Lymphocytes differentiate into memory cells, which are crucial for the development of immunological memory IMMUNOLOGICAL MEMORY. IMMUNOLOGICAL MEMORY Immunological memory is the principle behind vaccination, allowing for a faster and more effective immune response upon re-exposure to pathogens VACCINATION. LYMPHOCYTES Both natural killer cells and lymphocytes (T cells) are involved in directly attacking infected cells NATURAL KILLER CELLS. LYMPHOCYTES Dendritic cells present antigens to T cells, a type of lymphocyte, to initiate a specific immune response DENDRITIC CELLS. CHRONIC INFLAMMATION Chronic inflammation can lead to cancer by promoting abnormal cell growth and mutations CANCER. CHRONIC INFLAMMATION Chronic inflammation is known to play a role in the development of diabetes by affecting insulin resistance DIABETES. AUTOIMMUNE DISEASES Autoimmune diseases can lead to chronic inflammation, contributing to tissue damage and dysfunction CHRONIC INFLAMMATION. CHRONIC INFLAMMATION Chronic inflammation can contribute to the development of heart disease by damaging arteries and other heart tissues HEART DISEASE. NEUTROPHILS Both neutrophils and macrophages are involved in the initial response to infections by engulfing and destroying pathogens MACROPHAGES.",
    "evaluation": 1
  },
  {
    "correct_answer": "Natural killer cells can directly kill infected cells.",
    "retrieved_context": "IMMUNE SYSTEM The skin acts as one of the first lines of defense for the immune system SKIN. IMMUNE SYSTEM Mucous membranes are part of the immune system's physical barriers against pathogens MUCOUS MEMBRANES. IMMUNE SYSTEM The immune system targets viruses as part of its defense mechanisms VIRUSES. IMMUNE SYSTEM Fungi are combated by the immune system to protect the body from infections FUNGI. IMMUNE SYSTEM The immune system fights against bacteria to prevent and eliminate infections BACTERIA. IMMUNE SYSTEM The stomach's acidic environment contributes to the immune system's defense mechanisms STOMACH. IMMUNE SYSTEM White blood cells are crucial components of the immune system's response to infections WHITE BLOOD CELLS. IMMUNE SYSTEM The immune system works to rid the body of parasites to maintain health PARASITES. LYMPHOCYTES Lymphocytes differentiate into memory cells, which are crucial for the development of immunological memory IMMUNOLOGICAL MEMORY. IMMUNOLOGICAL MEMORY Immunological memory is the principle behind vaccination, allowing for a faster and more effective immune response upon re-exposure to pathogens VACCINATION. LYMPHOCYTES Both natural killer cells and lymphocytes (T cells) are involved in directly attacking infected cells NATURAL KILLER CELLS. LYMPHOCYTES Dendritic cells present antigens to T cells, a type of lymphocyte, to initiate a specific immune response DENDRITIC CELLS. IMMUNOLOGICAL MEMORY Immunological memory is the principle behind vaccination, allowing for a faster and more effective immune response upon re-exposure to pathogens VACCINATION.",
    "evaluation": 1
  },
  {
    "correct_answer": "Complement proteins enhance the ability of antibodies to destroy pathogens.",
    "retrieved_context": "COMPLEMENT PROTEINS Complement proteins and cytokines both enhance and regulate the immune response against pathogens CYTOKINES. IMMUNE SYSTEM The skin acts as one of the first lines of defense for the immune system SKIN. IMMUNE SYSTEM Mucous membranes are part of the immune system's physical barriers against pathogens MUCOUS MEMBRANES. IMMUNE SYSTEM The immune system targets viruses as part of its defense mechanisms VIRUSES. IMMUNE SYSTEM Fungi are combated by the immune system to protect the body from infections FUNGI. IMMUNE SYSTEM The immune system fights against bacteria to prevent and eliminate infections BACTERIA. IMMUNE SYSTEM The stomach's acidic environment contributes to the immune system's defense mechanisms STOMACH. IMMUNE SYSTEM White blood cells are crucial components of the immune system's response to infections WHITE BLOOD CELLS. IMMUNE SYSTEM The immune system works to rid the body of parasites to maintain health PARASITES. CHRONIC INFLAMMATION Chronic inflammation can lead to cancer by promoting abnormal cell growth and mutations CANCER. CHRONIC INFLAMMATION Chronic inflammation is known to play a role in the development of diabetes by affecting insulin resistance DIABETES. AUTOIMMUNE DISEASES Autoimmune diseases can lead to chronic inflammation, contributing to tissue damage and dysfunction CHRONIC INFLAMMATION. CHRONIC INFLAMMATION Chronic inflammation can contribute to the development of heart disease by damaging arteries and other heart tissues HEART DISEASE. NEUTROPHILS Both neutrophils and macrophages are involved in the initial response to infections by engulfing and destroying pathogens MACROPHAGES. IMMUNOLOGICAL MEMORY Immunological memory is the principle behind vaccination, allowing for a faster and more effective immune response upon re-exposure to pathogens VACCINATION.",
    "evaluation": 0
  },
  {
    "correct_answer": "Cytokines coordinate the immune response and regulate immune cell activity.",
    "retrieved_context": "IMMUNE SYSTEM The skin acts as one of the first lines of defense for the immune system SKIN. IMMUNE SYSTEM Mucous membranes are part of the immune system's physical barriers against pathogens MUCOUS MEMBRANES. IMMUNE SYSTEM The immune system targets viruses as part of its defense mechanisms VIRUSES. IMMUNE SYSTEM Fungi are combated by the immune system to protect the body from infections FUNGI. IMMUNE SYSTEM The immune system fights against bacteria to prevent and eliminate infections BACTERIA. IMMUNE SYSTEM The stomach's acidic environment contributes to the immune system's defense mechanisms STOMACH. IMMUNE SYSTEM White blood cells are crucial components of the immune system's response to infections WHITE BLOOD CELLS. IMMUNE SYSTEM The immune system works to rid the body of parasites to maintain health PARASITES. CHRONIC INFLAMMATION Chronic inflammation can lead to cancer by promoting abnormal cell growth and mutations CANCER. CHRONIC INFLAMMATION Chronic inflammation is known to play a role in the development of diabetes by affecting insulin resistance DIABETES. CHRONIC INFLAMMATION Chronic inflammation can contribute to the development of heart disease by damaging arteries and other heart tissues HEART DISEASE. LYMPHOCYTES Lymphocytes differentiate into memory cells, which are crucial for the development of immunological memory IMMUNOLOGICAL MEMORY. IMMUNOLOGICAL MEMORY Immunological memory is the principle behind vaccination, allowing for a faster and more effective immune response upon re-exposure to pathogens VACCINATION. LYMPHOCYTES Both natural killer cells and lymphocytes (T cells) are involved in directly attacking infected cells NATURAL KILLER CELLS. LYMPHOCYTES Dendritic cells present antigens to T cells, a type of lymphocyte, to initiate a specific immune response DENDRITIC CELLS.",
    "evaluation": 0
  },
  {
    "accuracy": "66.67%"
  }
]