[
  {
    "correct_answer": "Consumer behavior is a study area within psychology.",
    "retrieved_context": "CONSUMER BEHAVIOR Motivation is a key factor that influences consumer behavior in terms of purchasing decisions MOTIVATION. CONSUMER BEHAVIOR Attitudes towards products or brands significantly impact consumer behavior and decision-making ATTITUDES. CONSUMER BEHAVIOR Perception shapes consumer behavior by affecting how consumers view and decide on products or brands PERCEPTION.",
    "evaluation": 0
  },
  {
    "correct_answer": "Understanding consumer purchasing decisions is crucial for businesses.",
    "retrieved_context": "CONSUMER BEHAVIOR Motivation is a key factor that influences consumer behavior in terms of purchasing decisions MOTIVATION. CONSUMER BEHAVIOR Attitudes towards products or brands significantly impact consumer behavior and decision-making ATTITUDES. CONSUMER BEHAVIOR Perception shapes consumer behavior by affecting how consumers view and decide on products or brands PERCEPTION.",
    "evaluation": 1
  },
  {
    "correct_answer": "Motivation influences consumer behavior.",
    "retrieved_context": "CONSUMER BEHAVIOR Motivation is a key factor that influences consumer behavior in terms of purchasing decisions MOTIVATION. CONSUMER BEHAVIOR Attitudes towards products or brands significantly impact consumer behavior and decision-making ATTITUDES. CONSUMER BEHAVIOR Perception shapes consumer behavior by affecting how consumers view and decide on products or brands PERCEPTION.",
    "evaluation": 1
  },
  {
    "correct_answer": "Consumers are driven by intrinsic and extrinsic motivations.",
    "retrieved_context": "CONSUMER BEHAVIOR Motivation is a key factor that influences consumer behavior in terms of purchasing decisions MOTIVATION. CONSUMER BEHAVIOR Attitudes towards products or brands significantly impact consumer behavior and decision-making ATTITUDES. CONSUMER BEHAVIOR Perception shapes consumer behavior by affecting how consumers view and decide on products or brands PERCEPTION.",
    "evaluation": 0
  },
  {
    "correct_answer": "Intrinsic motivation includes personal preferences and values.",
    "retrieved_context": "CONSUMER BEHAVIOR Motivation is a key factor that influences consumer behavior in terms of purchasing decisions MOTIVATION. CONSUMER BEHAVIOR Attitudes towards products or brands significantly impact consumer behavior and decision-making ATTITUDES. CONSUMER BEHAVIOR Perception shapes consumer behavior by affecting how consumers view and decide on products or brands PERCEPTION.",
    "evaluation": 0
  },
  {
    "correct_answer": "Extrinsic motivation is influenced by external factors like social norms.",
    "retrieved_context": "CONSUMER BEHAVIOR Motivation is a key factor that influences consumer behavior in terms of purchasing decisions MOTIVATION. CONSUMER BEHAVIOR Attitudes towards products or brands significantly impact consumer behavior and decision-making ATTITUDES. CONSUMER BEHAVIOR Perception shapes consumer behavior by affecting how consumers view and decide on products or brands PERCEPTION.",
    "evaluation": 0
  },
  {
    "correct_answer": "Perception shapes consumer behavior.",
    "retrieved_context": "CONSUMER BEHAVIOR Motivation is a key factor that influences consumer behavior in terms of purchasing decisions MOTIVATION. CONSUMER BEHAVIOR Attitudes towards products or brands significantly impact consumer behavior and decision-making ATTITUDES. CONSUMER BEHAVIOR Perception shapes consumer behavior by affecting how consumers view and decide on products or brands PERCEPTION.",
    "evaluation": 1
  },
  {
    "correct_answer": "Consumer perception is influenced by marketing messages.",
    "retrieved_context": "CONSUMER BEHAVIOR Motivation is a key factor that influences consumer behavior in terms of purchasing decisions MOTIVATION. CONSUMER BEHAVIOR Attitudes towards products or brands significantly impact consumer behavior and decision-making ATTITUDES. CONSUMER BEHAVIOR Perception shapes consumer behavior by affecting how consumers view and decide on products or brands PERCEPTION.",
    "evaluation": 0
  },
  {
    "correct_answer": "Attitudes impact consumer behavior.",
    "retrieved_context": "CONSUMER BEHAVIOR Motivation is a key factor that influences consumer behavior in terms of purchasing decisions MOTIVATION. CONSUMER BEHAVIOR Attitudes towards products or brands significantly impact consumer behavior and decision-making ATTITUDES. CONSUMER BEHAVIOR Perception shapes consumer behavior by affecting how consumers view and decide on products or brands PERCEPTION.",
    "evaluation": 1
  },
  {
    "correct_answer": "Attitudes are a combination of beliefs, feelings, and behaviors.",
    "retrieved_context": "CONSUMER BEHAVIOR Motivation is a key factor that influences consumer behavior in terms of purchasing decisions MOTIVATION. CONSUMER BEHAVIOR Attitudes towards products or brands significantly impact consumer behavior and decision-making ATTITUDES. CONSUMER BEHAVIOR Perception shapes consumer behavior by affecting how consumers view and decide on products or brands PERCEPTION.",
    "evaluation": 0
  },
  {
    "correct_answer": "Decision-making processes involve cognitive, emotional, and behavioral factors.",
    "retrieved_context": "CONSUMER BEHAVIOR Motivation is a key factor that influences consumer behavior in terms of purchasing decisions MOTIVATION. CONSUMER BEHAVIOR Attitudes towards products or brands significantly impact consumer behavior and decision-making ATTITUDES. CONSUMER BEHAVIOR Perception shapes consumer behavior by affecting how consumers view and decide on products or brands PERCEPTION.",
    "evaluation": 0
  },
  {
    "correct_answer": "Consumers go through stages like problem recognition and information search.",
    "retrieved_context": "CONSUMER BEHAVIOR Motivation is a key factor that influences consumer behavior in terms of purchasing decisions MOTIVATION. CONSUMER BEHAVIOR Attitudes towards products or brands significantly impact consumer behavior and decision-making ATTITUDES. CONSUMER BEHAVIOR Perception shapes consumer behavior by affecting how consumers view and decide on products or brands PERCEPTION.",
    "evaluation": 0
  },
  {
    "correct_answer": "Cultural factors influence consumer preferences and decision-making.",
    "retrieved_context": "CONSUMER BEHAVIOR Motivation is a key factor that influences consumer behavior in terms of purchasing decisions MOTIVATION. CONSUMER BEHAVIOR Attitudes towards products or brands significantly impact consumer behavior and decision-making ATTITUDES. CONSUMER BEHAVIOR Perception shapes consumer behavior by affecting how consumers view and decide on products or brands PERCEPTION.",
    "evaluation": 0
  },
  {
    "correct_answer": "Culture includes values, beliefs, customs, and norms.",
    "retrieved_context": "CONSUMER BEHAVIOR Motivation is a key factor that influences consumer behavior in terms of purchasing decisions MOTIVATION. CONSUMER BEHAVIOR Attitudes towards products or brands significantly impact consumer behavior and decision-making ATTITUDES. CONSUMER BEHAVIOR Perception shapes consumer behavior by affecting how consumers view and decide on products or brands PERCEPTION.",
    "evaluation": 0
  },
  {
    "correct_answer": "Businesses can tailor marketing strategies based on psychological factors.",
    "retrieved_context": "CONSUMER BEHAVIOR Motivation is a key factor that influences consumer behavior in terms of purchasing decisions MOTIVATION. CONSUMER BEHAVIOR Attitudes towards products or brands significantly impact consumer behavior and decision-making ATTITUDES. CONSUMER BEHAVIOR Perception shapes consumer behavior by affecting how consumers view and decide on products or brands PERCEPTION.",
    "evaluation": 1
  },
  {
    "accuracy": "33.33%"
  }
]