[
  {
    "correct_answer": "Sputnik 1 was the first artificial satellite launched by the Soviet Union on October 4, 1957.",
    "retrieved_context": "SOVIET UNION The Soviet Union was a major competitor in the original space race against the United States SPACE RACE. SOVIET UNION Yuri Gagarin was launched into space by the Soviet Union aboard Vostok 1 YURI GAGARIN. SOVIET UNION Russia continued the Soviet Union's space exploration efforts after its dissolution RUSSIA. SPUTNIK 1 Sputnik 1 was launched by the Soviet Union, marking the start of the space age SOVIET UNION. SOVIET UNION Russia continued the Soviet Union's space exploration efforts after its dissolution RUSSIA. YURI GAGARIN Yuri Gagarin's historic spaceflight was aboard Vostok 1 VOSTOK 1. SOVIET UNION Yuri Gagarin was launched into space by the Soviet Union aboard Vostok 1 YURI GAGARIN. RUSSIA Russia, following the Soviet Union's dissolution, continues its involvement in space exploration and the modern space race SPACE RACE. SOVIET UNION The Soviet Union was a major competitor in the original space race against the United States SPACE RACE. SPACEX Elon Musk founded SpaceX and leads its space exploration efforts ELON MUSK. INTERNATIONAL SPACE STATION (ISS) SpaceX has launched multiple crewed missions to the ISS SPACEX. SPACEX SpaceX, as a private company, has entered the modern space race with significant advancements and plans for Mars SPACE RACE. RUSSIA Russia, following the Soviet Union's dissolution, continues its involvement in space exploration and the modern space race SPACE RACE. SPACE SHUTTLE PROGRAM The Space Shuttle Program enabled the construction of the ISS INTERNATIONAL SPACE STATION (ISS). NASA NASA initiated the Space Shuttle Program in the 1980s SPACE SHUTTLE PROGRAM. INTERNATIONAL SPACE STATION (ISS) SpaceX has launched multiple crewed missions to the ISS SPACEX. NASA NASA contributed to the construction and operation of the ISS INTERNATIONAL SPACE STATION (ISS). SPACE SHUTTLE PROGRAM The Space Shuttle Program enabled the construction of the ISS INTERNATIONAL SPACE STATION (ISS). INTERNATIONAL SPACE STATION (ISS) SpaceX has launched multiple crewed missions to the ISS SPACEX. YURI GAGARIN Yuri Gagarin's historic spaceflight was aboard Vostok 1 VOSTOK 1.",
    "evaluation": 0
  },
  {
    "correct_answer": "The launch of Sputnik 1 marked the beginning of the space age.",
    "retrieved_context": "SOVIET UNION The Soviet Union was a major competitor in the original space race against the United States SPACE RACE. SOVIET UNION Yuri Gagarin was launched into space by the Soviet Union aboard Vostok 1 YURI GAGARIN. SOVIET UNION Russia continued the Soviet Union's space exploration efforts after its dissolution RUSSIA. SPUTNIK 1 Sputnik 1 was launched by the Soviet Union, marking the start of the space age SOVIET UNION. APOLLO 11 Buzz Aldrin was an astronaut on the Apollo 11 mission and walked on the moon BUZZ ALDRIN. APOLLO 11 Neil Armstrong was an astronaut on the Apollo 11 mission and the first human to set foot on the moon NEIL ARMSTRONG. SPACE SHUTTLE PROGRAM The Space Shuttle Program enabled the construction of the ISS INTERNATIONAL SPACE STATION (ISS). NASA NASA initiated the Space Shuttle Program in the 1980s SPACE SHUTTLE PROGRAM. INTERNATIONAL SPACE STATION (ISS) SpaceX has launched multiple crewed missions to the ISS SPACEX. NASA NASA contributed to the construction and operation of the ISS INTERNATIONAL SPACE STATION (ISS). SPACEX Elon Musk founded SpaceX and leads its space exploration efforts ELON MUSK. SPACEX SpaceX, as a private company, has entered the modern space race with significant advancements and plans for Mars SPACE RACE. SPACE SHUTTLE PROGRAM The Space Shuttle Program enabled the construction of the ISS INTERNATIONAL SPACE STATION (ISS). INTERNATIONAL SPACE STATION (ISS) SpaceX has launched multiple crewed missions to the ISS SPACEX. SPACEX Elon Musk founded SpaceX and leads its space exploration efforts ELON MUSK. INTERNATIONAL SPACE STATION (ISS) SpaceX has launched multiple crewed missions to the ISS SPACEX. SPACEX SpaceX, as a private company, has entered the modern space race with significant advancements and plans for Mars SPACE RACE. SOVIET UNION Russia continued the Soviet Union's space exploration efforts after its dissolution RUSSIA. YURI GAGARIN Yuri Gagarin's historic spaceflight was aboard Vostok 1 VOSTOK 1. SOVIET UNION Yuri Gagarin was launched into space by the Soviet Union aboard Vostok 1 YURI GAGARIN. RUSSIA Russia, following the Soviet Union's dissolution, continues its involvement in space exploration and the modern space race SPACE RACE. SOVIET UNION The Soviet Union was a major competitor in the original space race against the United States SPACE RACE.",
    "evaluation": 1
  },
  {
    "correct_answer": "The United States and the Soviet Union engaged in a race to explore space after the launch of Sputnik 1.",
    "retrieved_context": "SOVIET UNION The Soviet Union was a major competitor in the original space race against the United States SPACE RACE. SOVIET UNION Yuri Gagarin was launched into space by the Soviet Union aboard Vostok 1 YURI GAGARIN. SOVIET UNION Russia continued the Soviet Union's space exploration efforts after its dissolution RUSSIA. SPUTNIK 1 Sputnik 1 was launched by the Soviet Union, marking the start of the space age SOVIET UNION. SOVIET UNION Russia continued the Soviet Union's space exploration efforts after its dissolution RUSSIA. YURI GAGARIN Yuri Gagarin's historic spaceflight was aboard Vostok 1 VOSTOK 1. SOVIET UNION Yuri Gagarin was launched into space by the Soviet Union aboard Vostok 1 YURI GAGARIN. RUSSIA Russia, following the Soviet Union's dissolution, continues its involvement in space exploration and the modern space race SPACE RACE. SOVIET UNION The Soviet Union was a major competitor in the original space race against the United States SPACE RACE. SPACE SHUTTLE PROGRAM The Space Shuttle Program enabled the construction of the ISS INTERNATIONAL SPACE STATION (ISS). NASA NASA initiated the Space Shuttle Program in the 1980s SPACE SHUTTLE PROGRAM. INTERNATIONAL SPACE STATION (ISS) SpaceX has launched multiple crewed missions to the ISS SPACEX. NASA NASA contributed to the construction and operation of the ISS INTERNATIONAL SPACE STATION (ISS). RUSSIA Russia, following the Soviet Union's dissolution, continues its involvement in space exploration and the modern space race SPACE RACE. SPACE SHUTTLE PROGRAM The Space Shuttle Program enabled the construction of the ISS INTERNATIONAL SPACE STATION (ISS). INTERNATIONAL SPACE STATION (ISS) SpaceX has launched multiple crewed missions to the ISS SPACEX. SPACEX Elon Musk founded SpaceX and leads its space exploration efforts ELON MUSK. SPACEX SpaceX, as a private company, has entered the modern space race with significant advancements and plans for Mars SPACE RACE. SPACEX Elon Musk founded SpaceX and leads its space exploration efforts ELON MUSK. INTERNATIONAL SPACE STATION (ISS) SpaceX has launched multiple crewed missions to the ISS SPACEX. SPACEX SpaceX, as a private company, has entered the modern space race with significant advancements and plans for Mars SPACE RACE.",
    "evaluation": 1
  },
  {
    "correct_answer": "Yuri Gagarin was the first human to travel into space on April 12, 1961.",
    "retrieved_context": "YURI GAGARIN Yuri Gagarin's historic spaceflight was aboard Vostok 1 VOSTOK 1. SPACE SHUTTLE PROGRAM The Space Shuttle Program enabled the construction of the ISS INTERNATIONAL SPACE STATION (ISS). NASA NASA initiated the Space Shuttle Program in the 1980s SPACE SHUTTLE PROGRAM. INTERNATIONAL SPACE STATION (ISS) SpaceX has launched multiple crewed missions to the ISS SPACEX. NASA NASA contributed to the construction and operation of the ISS INTERNATIONAL SPACE STATION (ISS). APOLLO 11 Buzz Aldrin was an astronaut on the Apollo 11 mission and walked on the moon BUZZ ALDRIN. APOLLO 11 Neil Armstrong was an astronaut on the Apollo 11 mission and the first human to set foot on the moon NEIL ARMSTRONG. SPACEX Elon Musk founded SpaceX and leads its space exploration efforts ELON MUSK. INTERNATIONAL SPACE STATION (ISS) SpaceX has launched multiple crewed missions to the ISS SPACEX. SPACEX SpaceX, as a private company, has entered the modern space race with significant advancements and plans for Mars SPACE RACE. SPACE SHUTTLE PROGRAM The Space Shuttle Program enabled the construction of the ISS INTERNATIONAL SPACE STATION (ISS). INTERNATIONAL SPACE STATION (ISS) SpaceX has launched multiple crewed missions to the ISS SPACEX. SOVIET UNION The Soviet Union was a major competitor in the original space race against the United States SPACE RACE. SOVIET UNION Yuri Gagarin was launched into space by the Soviet Union aboard Vostok 1 YURI GAGARIN. SOVIET UNION Russia continued the Soviet Union's space exploration efforts after its dissolution RUSSIA. SPUTNIK 1 Sputnik 1 was launched by the Soviet Union, marking the start of the space age SOVIET UNION.",
    "evaluation": 0
  },
  {
    "correct_answer": "Yuri Gagarin's flight aboard Vostok 1 was a significant milestone in human history.",
    "retrieved_context": "YURI GAGARIN Yuri Gagarin's historic spaceflight was aboard Vostok 1 VOSTOK 1. SOVIET UNION The Soviet Union was a major competitor in the original space race against the United States SPACE RACE. SOVIET UNION Yuri Gagarin was launched into space by the Soviet Union aboard Vostok 1 YURI GAGARIN. SOVIET UNION Russia continued the Soviet Union's space exploration efforts after its dissolution RUSSIA. SPUTNIK 1 Sputnik 1 was launched by the Soviet Union, marking the start of the space age SOVIET UNION. SPACE SHUTTLE PROGRAM The Space Shuttle Program enabled the construction of the ISS INTERNATIONAL SPACE STATION (ISS). NASA NASA initiated the Space Shuttle Program in the 1980s SPACE SHUTTLE PROGRAM. INTERNATIONAL SPACE STATION (ISS) SpaceX has launched multiple crewed missions to the ISS SPACEX. NASA NASA contributed to the construction and operation of the ISS INTERNATIONAL SPACE STATION (ISS). APOLLO 11 Buzz Aldrin was an astronaut on the Apollo 11 mission and walked on the moon BUZZ ALDRIN. APOLLO 11 Neil Armstrong was an astronaut on the Apollo 11 mission and the first human to set foot on the moon NEIL ARMSTRONG. SOVIET UNION Russia continued the Soviet Union's space exploration efforts after its dissolution RUSSIA. YURI GAGARIN Yuri Gagarin's historic spaceflight was aboard Vostok 1 VOSTOK 1. SOVIET UNION Yuri Gagarin was launched into space by the Soviet Union aboard Vostok 1 YURI GAGARIN. RUSSIA Russia, following the Soviet Union's dissolution, continues its involvement in space exploration and the modern space race SPACE RACE. SOVIET UNION The Soviet Union was a major competitor in the original space race against the United States SPACE RACE.",
    "evaluation": 1
  },
  {
    "correct_answer": "NASA is the National Aeronautics and Space Administration of the United States.",
    "retrieved_context": "SPACE SHUTTLE PROGRAM The Space Shuttle Program enabled the construction of the ISS INTERNATIONAL SPACE STATION (ISS). NASA NASA initiated the Space Shuttle Program in the 1980s SPACE SHUTTLE PROGRAM. INTERNATIONAL SPACE STATION (ISS) SpaceX has launched multiple crewed missions to the ISS SPACEX. NASA NASA contributed to the construction and operation of the ISS INTERNATIONAL SPACE STATION (ISS). SPACE SHUTTLE PROGRAM The Space Shuttle Program enabled the construction of the ISS INTERNATIONAL SPACE STATION (ISS). INTERNATIONAL SPACE STATION (ISS) SpaceX has launched multiple crewed missions to the ISS SPACEX. APOLLO 11 Buzz Aldrin was an astronaut on the Apollo 11 mission and walked on the moon BUZZ ALDRIN. APOLLO 11 Neil Armstrong was an astronaut on the Apollo 11 mission and the first human to set foot on the moon NEIL ARMSTRONG. SPACEX Elon Musk founded SpaceX and leads its space exploration efforts ELON MUSK. INTERNATIONAL SPACE STATION (ISS) SpaceX has launched multiple crewed missions to the ISS SPACEX. SPACEX SpaceX, as a private company, has entered the modern space race with significant advancements and plans for Mars SPACE RACE. UNITED STATES The United States was a major competitor in the original space race and continues to be involved through both NASA and private companies SPACE RACE. UNITED STATES NASA, the space agency of the United States, is responsible for the country's space exploration efforts. This includes notable missions such as Apollo 11, which marked a significant milestone in space exploration history. NASA. NASA NASA initiated the Space Shuttle Program in the 1980s SPACE SHUTTLE PROGRAM. APOLLO 11 Buzz Aldrin was an astronaut on the Apollo 11 mission and walked on the moon BUZZ ALDRIN. UNITED STATES Apollo 11, a mission by NASA, marked the first time humans landed on the moon and was a significant achievement for the United States APOLLO 11. APOLLO 11 Neil Armstrong was an astronaut on the Apollo 11 mission and the first human to set foot on the moon NEIL ARMSTRONG. NASA NASA contributed to the construction and operation of the ISS INTERNATIONAL SPACE STATION (ISS). SPACEX Elon Musk founded SpaceX and leads its space exploration efforts ELON MUSK. SPACEX SpaceX, as a private company, has entered the modern space race with significant advancements and plans for Mars SPACE RACE.",
    "evaluation": 0
  },
  {
    "correct_answer": "Apollo 11 landed on the moon on July 20, 1969.",
    "retrieved_context": "APOLLO 11 Buzz Aldrin was an astronaut on the Apollo 11 mission and walked on the moon BUZZ ALDRIN. APOLLO 11 Neil Armstrong was an astronaut on the Apollo 11 mission and the first human to set foot on the moon NEIL ARMSTRONG. SPACE SHUTTLE PROGRAM The Space Shuttle Program enabled the construction of the ISS INTERNATIONAL SPACE STATION (ISS). NASA NASA initiated the Space Shuttle Program in the 1980s SPACE SHUTTLE PROGRAM. INTERNATIONAL SPACE STATION (ISS) SpaceX has launched multiple crewed missions to the ISS SPACEX. NASA NASA contributed to the construction and operation of the ISS INTERNATIONAL SPACE STATION (ISS). SPACE SHUTTLE PROGRAM The Space Shuttle Program enabled the construction of the ISS INTERNATIONAL SPACE STATION (ISS). INTERNATIONAL SPACE STATION (ISS) SpaceX has launched multiple crewed missions to the ISS SPACEX. SOVIET UNION Russia continued the Soviet Union's space exploration efforts after its dissolution RUSSIA. YURI GAGARIN Yuri Gagarin's historic spaceflight was aboard Vostok 1 VOSTOK 1. SOVIET UNION Yuri Gagarin was launched into space by the Soviet Union aboard Vostok 1 YURI GAGARIN. RUSSIA Russia, following the Soviet Union's dissolution, continues its involvement in space exploration and the modern space race SPACE RACE. SOVIET UNION The Soviet Union was a major competitor in the original space race against the United States SPACE RACE. SPACEX Elon Musk founded SpaceX and leads its space exploration efforts ELON MUSK. SPACEX SpaceX, as a private company, has entered the modern space race with significant advancements and plans for Mars SPACE RACE.",
    "evaluation": 0
  },
  {
    "correct_answer": "Neil Armstrong and Buzz Aldrin were the first humans to set foot on the moon during the Apollo 11 mission.",
    "retrieved_context": "APOLLO 11 Buzz Aldrin was an astronaut on the Apollo 11 mission and walked on the moon BUZZ ALDRIN. APOLLO 11 Neil Armstrong was an astronaut on the Apollo 11 mission and the first human to set foot on the moon NEIL ARMSTRONG. SPACE SHUTTLE PROGRAM The Space Shuttle Program enabled the construction of the ISS INTERNATIONAL SPACE STATION (ISS). NASA NASA initiated the Space Shuttle Program in the 1980s SPACE SHUTTLE PROGRAM. INTERNATIONAL SPACE STATION (ISS) SpaceX has launched multiple crewed missions to the ISS SPACEX. NASA NASA contributed to the construction and operation of the ISS INTERNATIONAL SPACE STATION (ISS). SOVIET UNION The Soviet Union was a major competitor in the original space race against the United States SPACE RACE. SOVIET UNION Yuri Gagarin was launched into space by the Soviet Union aboard Vostok 1 YURI GAGARIN. SOVIET UNION Russia continued the Soviet Union's space exploration efforts after its dissolution RUSSIA. SPUTNIK 1 Sputnik 1 was launched by the Soviet Union, marking the start of the space age SOVIET UNION. SPACE SHUTTLE PROGRAM The Space Shuttle Program enabled the construction of the ISS INTERNATIONAL SPACE STATION (ISS). INTERNATIONAL SPACE STATION (ISS) SpaceX has launched multiple crewed missions to the ISS SPACEX. SPACEX Elon Musk founded SpaceX and leads its space exploration efforts ELON MUSK. INTERNATIONAL SPACE STATION (ISS) SpaceX has launched multiple crewed missions to the ISS SPACEX. SPACEX SpaceX, as a private company, has entered the modern space race with significant advancements and plans for Mars SPACE RACE.",
    "evaluation": 0
  },
  {
    "correct_answer": "The space shuttle program was initiated by NASA in the 1980s.",
    "retrieved_context": "SPACE SHUTTLE PROGRAM The Space Shuttle Program enabled the construction of the ISS INTERNATIONAL SPACE STATION (ISS). INTERNATIONAL SPACE STATION (ISS) SpaceX has launched multiple crewed missions to the ISS SPACEX. SPACE SHUTTLE PROGRAM The Space Shuttle Program enabled the construction of the ISS INTERNATIONAL SPACE STATION (ISS). NASA NASA initiated the Space Shuttle Program in the 1980s SPACE SHUTTLE PROGRAM. INTERNATIONAL SPACE STATION (ISS) SpaceX has launched multiple crewed missions to the ISS SPACEX. NASA NASA contributed to the construction and operation of the ISS INTERNATIONAL SPACE STATION (ISS). SPACEX Elon Musk founded SpaceX and leads its space exploration efforts ELON MUSK. INTERNATIONAL SPACE STATION (ISS) SpaceX has launched multiple crewed missions to the ISS SPACEX. SPACEX SpaceX, as a private company, has entered the modern space race with significant advancements and plans for Mars SPACE RACE. SOVIET UNION The Soviet Union was a major competitor in the original space race against the United States SPACE RACE. SOVIET UNION Yuri Gagarin was launched into space by the Soviet Union aboard Vostok 1 YURI GAGARIN. SOVIET UNION Russia continued the Soviet Union's space exploration efforts after its dissolution RUSSIA. SPUTNIK 1 Sputnik 1 was launched by the Soviet Union, marking the start of the space age SOVIET UNION. SPACEX Elon Musk founded SpaceX and leads its space exploration efforts ELON MUSK. SPACEX SpaceX, as a private company, has entered the modern space race with significant advancements and plans for Mars SPACE RACE. APOLLO 11 Buzz Aldrin was an astronaut on the Apollo 11 mission and walked on the moon BUZZ ALDRIN. APOLLO 11 Neil Armstrong was an astronaut on the Apollo 11 mission and the first human to set foot on the moon NEIL ARMSTRONG. SOVIET UNION Russia continued the Soviet Union's space exploration efforts after its dissolution RUSSIA. YURI GAGARIN Yuri Gagarin's historic spaceflight was aboard Vostok 1 VOSTOK 1. SOVIET UNION Yuri Gagarin was launched into space by the Soviet Union aboard Vostok 1 YURI GAGARIN. RUSSIA Russia, following the Soviet Union's dissolution, continues its involvement in space exploration and the modern space race SPACE RACE. SOVIET UNION The Soviet Union was a major competitor in the original space race against the United States SPACE RACE.",
    "evaluation": 1
  },
  {
    "correct_answer": "The space shuttle program provided a reusable spacecraft for multiple missions.",
    "retrieved_context": "SPACE SHUTTLE PROGRAM The Space Shuttle Program enabled the construction of the ISS INTERNATIONAL SPACE STATION (ISS). INTERNATIONAL SPACE STATION (ISS) SpaceX has launched multiple crewed missions to the ISS SPACEX. SPACE SHUTTLE PROGRAM The Space Shuttle Program enabled the construction of the ISS INTERNATIONAL SPACE STATION (ISS). NASA NASA initiated the Space Shuttle Program in the 1980s SPACE SHUTTLE PROGRAM. INTERNATIONAL SPACE STATION (ISS) SpaceX has launched multiple crewed missions to the ISS SPACEX. NASA NASA contributed to the construction and operation of the ISS INTERNATIONAL SPACE STATION (ISS). SPACEX Elon Musk founded SpaceX and leads its space exploration efforts ELON MUSK. INTERNATIONAL SPACE STATION (ISS) SpaceX has launched multiple crewed missions to the ISS SPACEX. SPACEX SpaceX, as a private company, has entered the modern space race with significant advancements and plans for Mars SPACE RACE. APOLLO 11 Buzz Aldrin was an astronaut on the Apollo 11 mission and walked on the moon BUZZ ALDRIN. APOLLO 11 Neil Armstrong was an astronaut on the Apollo 11 mission and the first human to set foot on the moon NEIL ARMSTRONG. SPACEX Elon Musk founded SpaceX and leads its space exploration efforts ELON MUSK. SPACEX SpaceX, as a private company, has entered the modern space race with significant advancements and plans for Mars SPACE RACE. SOVIET UNION The Soviet Union was a major competitor in the original space race against the United States SPACE RACE. SOVIET UNION Yuri Gagarin was launched into space by the Soviet Union aboard Vostok 1 YURI GAGARIN. SOVIET UNION Russia continued the Soviet Union's space exploration efforts after its dissolution RUSSIA. SPUTNIK 1 Sputnik 1 was launched by the Soviet Union, marking the start of the space age SOVIET UNION.",
    "evaluation": 0
  },
  {
    "correct_answer": "The International Space Station (ISS) was constructed as a collaborative effort between multiple countries.",
    "retrieved_context": "SPACEX Elon Musk founded SpaceX and leads its space exploration efforts ELON MUSK. INTERNATIONAL SPACE STATION (ISS) SpaceX has launched multiple crewed missions to the ISS SPACEX. SPACEX SpaceX, as a private company, has entered the modern space race with significant advancements and plans for Mars SPACE RACE. SPACE SHUTTLE PROGRAM The Space Shuttle Program enabled the construction of the ISS INTERNATIONAL SPACE STATION (ISS). INTERNATIONAL SPACE STATION (ISS) SpaceX has launched multiple crewed missions to the ISS SPACEX. SPACE SHUTTLE PROGRAM The Space Shuttle Program enabled the construction of the ISS INTERNATIONAL SPACE STATION (ISS). NASA NASA initiated the Space Shuttle Program in the 1980s SPACE SHUTTLE PROGRAM. INTERNATIONAL SPACE STATION (ISS) SpaceX has launched multiple crewed missions to the ISS SPACEX. NASA NASA contributed to the construction and operation of the ISS INTERNATIONAL SPACE STATION (ISS). SPACEX Elon Musk founded SpaceX and leads its space exploration efforts ELON MUSK. SPACEX SpaceX, as a private company, has entered the modern space race with significant advancements and plans for Mars SPACE RACE. RUSSIA Russia, following the Soviet Union's dissolution, continues its involvement in space exploration and the modern space race SPACE RACE. SOVIET UNION The Soviet Union was a major competitor in the original space race against the United States SPACE RACE. SOVIET UNION Yuri Gagarin was launched into space by the Soviet Union aboard Vostok 1 YURI GAGARIN. SOVIET UNION Russia continued the Soviet Union's space exploration efforts after its dissolution RUSSIA. SPUTNIK 1 Sputnik 1 was launched by the Soviet Union, marking the start of the space age SOVIET UNION. SOVIET UNION Russia continued the Soviet Union's space exploration efforts after its dissolution RUSSIA. YURI GAGARIN Yuri Gagarin's historic spaceflight was aboard Vostok 1 VOSTOK 1. SOVIET UNION Yuri Gagarin was launched into space by the Soviet Union aboard Vostok 1 YURI GAGARIN. RUSSIA Russia, following the Soviet Union's dissolution, continues its involvement in space exploration and the modern space race SPACE RACE. SOVIET UNION The Soviet Union was a major competitor in the original space race against the United States SPACE RACE.",
    "evaluation": 0
  },
  {
    "correct_answer": "SpaceX is a private company founded by Elon Musk.",
    "retrieved_context": "SPACEX Elon Musk founded SpaceX and leads its space exploration efforts ELON MUSK. SPACEX SpaceX, as a private company, has entered the modern space race with significant advancements and plans for Mars SPACE RACE. SPACEX Elon Musk founded SpaceX and leads its space exploration efforts ELON MUSK. INTERNATIONAL SPACE STATION (ISS) SpaceX has launched multiple crewed missions to the ISS SPACEX. SPACEX SpaceX, as a private company, has entered the modern space race with significant advancements and plans for Mars SPACE RACE. SPACE SHUTTLE PROGRAM The Space Shuttle Program enabled the construction of the ISS INTERNATIONAL SPACE STATION (ISS). NASA NASA initiated the Space Shuttle Program in the 1980s SPACE SHUTTLE PROGRAM. INTERNATIONAL SPACE STATION (ISS) SpaceX has launched multiple crewed missions to the ISS SPACEX. NASA NASA contributed to the construction and operation of the ISS INTERNATIONAL SPACE STATION (ISS). SOVIET UNION The Soviet Union was a major competitor in the original space race against the United States SPACE RACE. SOVIET UNION Yuri Gagarin was launched into space by the Soviet Union aboard Vostok 1 YURI GAGARIN. SOVIET UNION Russia continued the Soviet Union's space exploration efforts after its dissolution RUSSIA. SPUTNIK 1 Sputnik 1 was launched by the Soviet Union, marking the start of the space age SOVIET UNION. SPACE SHUTTLE PROGRAM The Space Shuttle Program enabled the construction of the ISS INTERNATIONAL SPACE STATION (ISS). INTERNATIONAL SPACE STATION (ISS) SpaceX has launched multiple crewed missions to the ISS SPACEX. RUSSIA Russia, following the Soviet Union's dissolution, continues its involvement in space exploration and the modern space race SPACE RACE.",
    "evaluation": 1
  },
  {
    "correct_answer": "SpaceX has successfully launched multiple crewed missions to the ISS.",
    "retrieved_context": "SPACEX Elon Musk founded SpaceX and leads its space exploration efforts ELON MUSK. SPACEX SpaceX, as a private company, has entered the modern space race with significant advancements and plans for Mars SPACE RACE. SPACEX Elon Musk founded SpaceX and leads its space exploration efforts ELON MUSK. INTERNATIONAL SPACE STATION (ISS) SpaceX has launched multiple crewed missions to the ISS SPACEX. SPACEX SpaceX, as a private company, has entered the modern space race with significant advancements and plans for Mars SPACE RACE. SPACE SHUTTLE PROGRAM The Space Shuttle Program enabled the construction of the ISS INTERNATIONAL SPACE STATION (ISS). INTERNATIONAL SPACE STATION (ISS) SpaceX has launched multiple crewed missions to the ISS SPACEX. SPACE SHUTTLE PROGRAM The Space Shuttle Program enabled the construction of the ISS INTERNATIONAL SPACE STATION (ISS). NASA NASA initiated the Space Shuttle Program in the 1980s SPACE SHUTTLE PROGRAM. INTERNATIONAL SPACE STATION (ISS) SpaceX has launched multiple crewed missions to the ISS SPACEX. NASA NASA contributed to the construction and operation of the ISS INTERNATIONAL SPACE STATION (ISS). APOLLO 11 Buzz Aldrin was an astronaut on the Apollo 11 mission and walked on the moon BUZZ ALDRIN. APOLLO 11 Neil Armstrong was an astronaut on the Apollo 11 mission and the first human to set foot on the moon NEIL ARMSTRONG. SOVIET UNION The Soviet Union was a major competitor in the original space race against the United States SPACE RACE. SOVIET UNION Yuri Gagarin was launched into space by the Soviet Union aboard Vostok 1 YURI GAGARIN. SOVIET UNION Russia continued the Soviet Union's space exploration efforts after its dissolution RUSSIA. SPUTNIK 1 Sputnik 1 was launched by the Soviet Union, marking the start of the space age SOVIET UNION.",
    "evaluation": 1
  },
  {
    "correct_answer": "The space shuttle Challenger disaster occurred in 1986.",
    "retrieved_context": "SPACE SHUTTLE PROGRAM The Space Shuttle Program enabled the construction of the ISS INTERNATIONAL SPACE STATION (ISS). INTERNATIONAL SPACE STATION (ISS) SpaceX has launched multiple crewed missions to the ISS SPACEX. SPACE SHUTTLE PROGRAM The Space Shuttle Program enabled the construction of the ISS INTERNATIONAL SPACE STATION (ISS). NASA NASA initiated the Space Shuttle Program in the 1980s SPACE SHUTTLE PROGRAM. INTERNATIONAL SPACE STATION (ISS) SpaceX has launched multiple crewed missions to the ISS SPACEX. NASA NASA contributed to the construction and operation of the ISS INTERNATIONAL SPACE STATION (ISS). APOLLO 11 Buzz Aldrin was an astronaut on the Apollo 11 mission and walked on the moon BUZZ ALDRIN. APOLLO 11 Neil Armstrong was an astronaut on the Apollo 11 mission and the first human to set foot on the moon NEIL ARMSTRONG. SPACEX Elon Musk founded SpaceX and leads its space exploration efforts ELON MUSK. INTERNATIONAL SPACE STATION (ISS) SpaceX has launched multiple crewed missions to the ISS SPACEX. SPACEX SpaceX, as a private company, has entered the modern space race with significant advancements and plans for Mars SPACE RACE. SPACEX Elon Musk founded SpaceX and leads its space exploration efforts ELON MUSK. SPACEX SpaceX, as a private company, has entered the modern space race with significant advancements and plans for Mars SPACE RACE. SOVIET UNION The Soviet Union was a major competitor in the original space race against the United States SPACE RACE. SOVIET UNION Yuri Gagarin was launched into space by the Soviet Union aboard Vostok 1 YURI GAGARIN. SOVIET UNION Russia continued the Soviet Union's space exploration efforts after its dissolution RUSSIA. SPUTNIK 1 Sputnik 1 was launched by the Soviet Union, marking the start of the space age SOVIET UNION.",
    "evaluation": 0
  },
  {
    "correct_answer": "Plans for manned missions to Mars and the establishment of lunar bases are part of the future of human space travel.",
    "retrieved_context": "SPACE SHUTTLE PROGRAM The Space Shuttle Program enabled the construction of the ISS INTERNATIONAL SPACE STATION (ISS). NASA NASA initiated the Space Shuttle Program in the 1980s SPACE SHUTTLE PROGRAM. INTERNATIONAL SPACE STATION (ISS) SpaceX has launched multiple crewed missions to the ISS SPACEX. NASA NASA contributed to the construction and operation of the ISS INTERNATIONAL SPACE STATION (ISS). APOLLO 11 Buzz Aldrin was an astronaut on the Apollo 11 mission and walked on the moon BUZZ ALDRIN. APOLLO 11 Neil Armstrong was an astronaut on the Apollo 11 mission and the first human to set foot on the moon NEIL ARMSTRONG. SPACE SHUTTLE PROGRAM The Space Shuttle Program enabled the construction of the ISS INTERNATIONAL SPACE STATION (ISS). INTERNATIONAL SPACE STATION (ISS) SpaceX has launched multiple crewed missions to the ISS SPACEX. SPACEX Elon Musk founded SpaceX and leads its space exploration efforts ELON MUSK. INTERNATIONAL SPACE STATION (ISS) SpaceX has launched multiple crewed missions to the ISS SPACEX. SPACEX SpaceX, as a private company, has entered the modern space race with significant advancements and plans for Mars SPACE RACE. SPACEX Elon Musk founded SpaceX and leads its space exploration efforts ELON MUSK. SPACEX SpaceX, as a private company, has entered the modern space race with significant advancements and plans for Mars SPACE RACE.",
    "evaluation": 0
  },
  {
    "accuracy": "40.00%"
  }
]