[
  {
    "correct_answer": "AI revolutionized the way we live and work.",
    "retrieved_context": "WORKERS Educators are crucial in providing the training and skills workers need to adapt to new job roles created by AI technologies EDUCATORS. WORKERS Workers are employed by businesses, which may be affected by the adoption of AI technologies in terms of job roles and opportunities BUSINESSES. WORKERS Workers are the primary beneficiaries of education and training programs designed to equip them with skills needed in a job market transformed by artificial intelligence EDUCATION AND TRAINING PROGRAMS. WORKERS Policymakers are responsible for addressing the challenges faced by workers due to AI, including job insecurity and the need for new skills POLICYMAKERS. AI TECHNOLOGIES AI technologies have the potential to augment the capabilities of workers, enabling them to perform their jobs more effectively and efficiently WORKERS. BUSINESSES Policymakers may develop policies that affect how businesses adopt AI technologies and manage their workforce POLICYMAKERS. AI TECHNOLOGIES Businesses may adopt AI technologies to improve productivity, efficiency, and workplace safety, as well as to create new job roles BUSINESSES. WORKERS Stakeholders, including policymakers and companies, are responsible for ensuring that workers are supported through transitions caused by artificial intelligence, including retraining and education initiatives STAKEHOLDERS. ARTIFICIAL INTELLIGENCE AI advancements have led to the development of autonomous vehicles, impacting employment in driving jobs AUTONOMOUS VEHICLES. ARTIFICIAL INTELLIGENCE Stakeholders play a crucial role in shaping the development, ethical considerations, and implementation of artificial intelligence technologies to ensure equitable benefits STAKEHOLDERS. ARTIFICIAL INTELLIGENCE The development and implementation of artificial intelligence technologies have broad implications for society, including economic growth, innovation, and the ethical considerations of automating jobs SOCIETY. ARTIFICIAL INTELLIGENCE AI advancements are creating new opportunities in machine learning MACHINE LEARNING. STAKEHOLDERS Stakeholders have a responsibility to ensure that the benefits of artificial intelligence are distributed equitably across society, mitigating negative impacts and enhancing overall well-being SOCIETY. WORKERS Educators are crucial in providing the training and skills workers need to adapt to new job roles created by AI technologies EDUCATORS. WORKERS Policymakers are responsible for addressing the challenges faced by workers due to AI, including job insecurity and the need for new skills POLICYMAKERS. ARTIFICIAL INTELLIGENCE The advancement of artificial intelligence creates a need for education and training programs that can equip workers with new skills required in the evolving job market EDUCATION AND TRAINING PROGRAMS. ARTIFICIAL INTELLIGENCE The expansion of AI technologies is driving demand for AI research roles AI RESEARCH. ARTIFICIAL INTELLIGENCE The growth of AI has led to increased demand for jobs in data science DATA SCIENCE. ARTIFICIAL INTELLIGENCE AI's impact on automation is significantly felt in the manufacturing sector, leading to job displacement MANUFACTURING. WORKERS Workers are employed by businesses, which may be affected by the adoption of AI technologies in terms of job roles and opportunities BUSINESSES. ARTIFICIAL INTELLIGENCE AI technologies are automating jobs in the logistics sector, posing risks to employment LOGISTICS. WORKERS Stakeholders, including policymakers and companies, are responsible for ensuring that workers are supported through transitions caused by artificial intelligence, including retraining and education initiatives STAKEHOLDERS. ARTIFICIAL INTELLIGENCE Artificial intelligence has the potential to both displace workers from their current jobs and create new opportunities for employment, affecting their livelihoods and career paths WORKERS. ARTIFICIAL INTELLIGENCE AI developments have facilitated the rise of virtual assistants, replacing some human jobs VIRTUAL ASSISTANTS. WORKERS Workers are the primary beneficiaries of education and training programs designed to equip them with skills needed in a job market transformed by artificial intelligence EDUCATION AND TRAINING PROGRAMS. ARTIFICIAL INTELLIGENCE AI has enabled the creation of chatbots, affecting employment in customer service CHATBOTS. ARTIFICIAL INTELLIGENCE AI's role in creating chatbots and virtual assistants is transforming customer service jobs CUSTOMER SERVICE.",
    "evaluation": 1
  },
  {
    "correct_answer": "AI brings significant changes in various industries.",
    "retrieved_context": "WORKERS Educators are crucial in providing the training and skills workers need to adapt to new job roles created by AI technologies EDUCATORS. WORKERS Workers are employed by businesses, which may be affected by the adoption of AI technologies in terms of job roles and opportunities BUSINESSES. WORKERS Workers are the primary beneficiaries of education and training programs designed to equip them with skills needed in a job market transformed by artificial intelligence EDUCATION AND TRAINING PROGRAMS. WORKERS Policymakers are responsible for addressing the challenges faced by workers due to AI, including job insecurity and the need for new skills POLICYMAKERS. AI TECHNOLOGIES AI technologies have the potential to augment the capabilities of workers, enabling them to perform their jobs more effectively and efficiently WORKERS. BUSINESSES Policymakers may develop policies that affect how businesses adopt AI technologies and manage their workforce POLICYMAKERS. AI TECHNOLOGIES Businesses may adopt AI technologies to improve productivity, efficiency, and workplace safety, as well as to create new job roles BUSINESSES. WORKERS Stakeholders, including policymakers and companies, are responsible for ensuring that workers are supported through transitions caused by artificial intelligence, including retraining and education initiatives STAKEHOLDERS. ARTIFICIAL INTELLIGENCE AI advancements have led to the development of autonomous vehicles, impacting employment in driving jobs AUTONOMOUS VEHICLES. ARTIFICIAL INTELLIGENCE Stakeholders play a crucial role in shaping the development, ethical considerations, and implementation of artificial intelligence technologies to ensure equitable benefits STAKEHOLDERS. ARTIFICIAL INTELLIGENCE The development and implementation of artificial intelligence technologies have broad implications for society, including economic growth, innovation, and the ethical considerations of automating jobs SOCIETY. ARTIFICIAL INTELLIGENCE AI advancements are creating new opportunities in machine learning MACHINE LEARNING. STAKEHOLDERS Stakeholders have a responsibility to ensure that the benefits of artificial intelligence are distributed equitably across society, mitigating negative impacts and enhancing overall well-being SOCIETY. WORKERS Educators are crucial in providing the training and skills workers need to adapt to new job roles created by AI technologies EDUCATORS. WORKERS Policymakers are responsible for addressing the challenges faced by workers due to AI, including job insecurity and the need for new skills POLICYMAKERS. ARTIFICIAL INTELLIGENCE The advancement of artificial intelligence creates a need for education and training programs that can equip workers with new skills required in the evolving job market EDUCATION AND TRAINING PROGRAMS. ARTIFICIAL INTELLIGENCE The expansion of AI technologies is driving demand for AI research roles AI RESEARCH. ARTIFICIAL INTELLIGENCE The growth of AI has led to increased demand for jobs in data science DATA SCIENCE. ARTIFICIAL INTELLIGENCE AI's impact on automation is significantly felt in the manufacturing sector, leading to job displacement MANUFACTURING. WORKERS Workers are employed by businesses, which may be affected by the adoption of AI technologies in terms of job roles and opportunities BUSINESSES. ARTIFICIAL INTELLIGENCE AI technologies are automating jobs in the logistics sector, posing risks to employment LOGISTICS. WORKERS Stakeholders, including policymakers and companies, are responsible for ensuring that workers are supported through transitions caused by artificial intelligence, including retraining and education initiatives STAKEHOLDERS. ARTIFICIAL INTELLIGENCE Artificial intelligence has the potential to both displace workers from their current jobs and create new opportunities for employment, affecting their livelihoods and career paths WORKERS. ARTIFICIAL INTELLIGENCE AI developments have facilitated the rise of virtual assistants, replacing some human jobs VIRTUAL ASSISTANTS. WORKERS Workers are the primary beneficiaries of education and training programs designed to equip them with skills needed in a job market transformed by artificial intelligence EDUCATION AND TRAINING PROGRAMS. ARTIFICIAL INTELLIGENCE AI has enabled the creation of chatbots, affecting employment in customer service CHATBOTS. ARTIFICIAL INTELLIGENCE AI's role in creating chatbots and virtual assistants is transforming customer service jobs CUSTOMER SERVICE. BUSINESSES Policymakers may develop policies that affect how businesses adopt AI technologies and manage their workforce POLICYMAKERS.",
    "evaluation": 1
  },
  {
    "correct_answer": "There is a concern about AI's impact on employment.",
    "retrieved_context": "WORKERS Educators are crucial in providing the training and skills workers need to adapt to new job roles created by AI technologies EDUCATORS. WORKERS Workers are employed by businesses, which may be affected by the adoption of AI technologies in terms of job roles and opportunities BUSINESSES. WORKERS Workers are the primary beneficiaries of education and training programs designed to equip them with skills needed in a job market transformed by artificial intelligence EDUCATION AND TRAINING PROGRAMS. WORKERS Policymakers are responsible for addressing the challenges faced by workers due to AI, including job insecurity and the need for new skills POLICYMAKERS. AI TECHNOLOGIES AI technologies have the potential to augment the capabilities of workers, enabling them to perform their jobs more effectively and efficiently WORKERS. BUSINESSES Policymakers may develop policies that affect how businesses adopt AI technologies and manage their workforce POLICYMAKERS. AI TECHNOLOGIES Businesses may adopt AI technologies to improve productivity, efficiency, and workplace safety, as well as to create new job roles BUSINESSES. WORKERS Stakeholders, including policymakers and companies, are responsible for ensuring that workers are supported through transitions caused by artificial intelligence, including retraining and education initiatives STAKEHOLDERS. ARTIFICIAL INTELLIGENCE AI advancements have led to the development of autonomous vehicles, impacting employment in driving jobs AUTONOMOUS VEHICLES. ARTIFICIAL INTELLIGENCE Stakeholders play a crucial role in shaping the development, ethical considerations, and implementation of artificial intelligence technologies to ensure equitable benefits STAKEHOLDERS. ARTIFICIAL INTELLIGENCE The development and implementation of artificial intelligence technologies have broad implications for society, including economic growth, innovation, and the ethical considerations of automating jobs SOCIETY. ARTIFICIAL INTELLIGENCE AI advancements are creating new opportunities in machine learning MACHINE LEARNING. STAKEHOLDERS Stakeholders have a responsibility to ensure that the benefits of artificial intelligence are distributed equitably across society, mitigating negative impacts and enhancing overall well-being SOCIETY. WORKERS Educators are crucial in providing the training and skills workers need to adapt to new job roles created by AI technologies EDUCATORS. WORKERS Policymakers are responsible for addressing the challenges faced by workers due to AI, including job insecurity and the need for new skills POLICYMAKERS. ARTIFICIAL INTELLIGENCE The advancement of artificial intelligence creates a need for education and training programs that can equip workers with new skills required in the evolving job market EDUCATION AND TRAINING PROGRAMS. ARTIFICIAL INTELLIGENCE The expansion of AI technologies is driving demand for AI research roles AI RESEARCH. ARTIFICIAL INTELLIGENCE The growth of AI has led to increased demand for jobs in data science DATA SCIENCE. ARTIFICIAL INTELLIGENCE AI's impact on automation is significantly felt in the manufacturing sector, leading to job displacement MANUFACTURING. WORKERS Workers are employed by businesses, which may be affected by the adoption of AI technologies in terms of job roles and opportunities BUSINESSES. ARTIFICIAL INTELLIGENCE AI technologies are automating jobs in the logistics sector, posing risks to employment LOGISTICS. WORKERS Stakeholders, including policymakers and companies, are responsible for ensuring that workers are supported through transitions caused by artificial intelligence, including retraining and education initiatives STAKEHOLDERS. ARTIFICIAL INTELLIGENCE Artificial intelligence has the potential to both displace workers from their current jobs and create new opportunities for employment, affecting their livelihoods and career paths WORKERS. ARTIFICIAL INTELLIGENCE AI developments have facilitated the rise of virtual assistants, replacing some human jobs VIRTUAL ASSISTANTS. WORKERS Workers are the primary beneficiaries of education and training programs designed to equip them with skills needed in a job market transformed by artificial intelligence EDUCATION AND TRAINING PROGRAMS. ARTIFICIAL INTELLIGENCE AI has enabled the creation of chatbots, affecting employment in customer service CHATBOTS. ARTIFICIAL INTELLIGENCE AI's role in creating chatbots and virtual assistants is transforming customer service jobs CUSTOMER SERVICE. WORKERS Educators are crucial in providing the training and skills workers need to adapt to new job roles created by AI technologies EDUCATORS. WORKERS Workers are employed by businesses, which may be affected by the adoption of AI technologies in terms of job roles and opportunities BUSINESSES. WORKERS Workers are the primary beneficiaries of education and training programs designed to equip them with skills needed in a job market transformed by artificial intelligence EDUCATION AND TRAINING PROGRAMS. WORKERS Policymakers are responsible for addressing the challenges faced by workers due to AI, including job insecurity and the need for new skills POLICYMAKERS. STAKEHOLDERS Stakeholders have a responsibility to ensure that the benefits of artificial intelligence are distributed equitably across society, mitigating negative impacts and enhancing overall well-being SOCIETY. BUSINESSES Policymakers may develop policies that affect how businesses adopt AI technologies and manage their workforce POLICYMAKERS. WORKERS Stakeholders, including policymakers and companies, are responsible for ensuring that workers are supported through transitions caused by artificial intelligence, including retraining and education initiatives STAKEHOLDERS. BUSINESSES Policymakers may develop policies that affect how businesses adopt AI technologies and manage their workforce POLICYMAKERS.",
    "evaluation": 1
  },
  {
    "correct_answer": "AI technologies advance rapidly.",
    "retrieved_context": "WORKERS Educators are crucial in providing the training and skills workers need to adapt to new job roles created by AI technologies EDUCATORS. WORKERS Workers are employed by businesses, which may be affected by the adoption of AI technologies in terms of job roles and opportunities BUSINESSES. WORKERS Workers are the primary beneficiaries of education and training programs designed to equip them with skills needed in a job market transformed by artificial intelligence EDUCATION AND TRAINING PROGRAMS. WORKERS Policymakers are responsible for addressing the challenges faced by workers due to AI, including job insecurity and the need for new skills POLICYMAKERS. AI TECHNOLOGIES AI technologies have the potential to augment the capabilities of workers, enabling them to perform their jobs more effectively and efficiently WORKERS. BUSINESSES Policymakers may develop policies that affect how businesses adopt AI technologies and manage their workforce POLICYMAKERS. AI TECHNOLOGIES Businesses may adopt AI technologies to improve productivity, efficiency, and workplace safety, as well as to create new job roles BUSINESSES. WORKERS Stakeholders, including policymakers and companies, are responsible for ensuring that workers are supported through transitions caused by artificial intelligence, including retraining and education initiatives STAKEHOLDERS. ARTIFICIAL INTELLIGENCE AI advancements have led to the development of autonomous vehicles, impacting employment in driving jobs AUTONOMOUS VEHICLES. ARTIFICIAL INTELLIGENCE Stakeholders play a crucial role in shaping the development, ethical considerations, and implementation of artificial intelligence technologies to ensure equitable benefits STAKEHOLDERS. ARTIFICIAL INTELLIGENCE The development and implementation of artificial intelligence technologies have broad implications for society, including economic growth, innovation, and the ethical considerations of automating jobs SOCIETY. ARTIFICIAL INTELLIGENCE AI advancements are creating new opportunities in machine learning MACHINE LEARNING. STAKEHOLDERS Stakeholders have a responsibility to ensure that the benefits of artificial intelligence are distributed equitably across society, mitigating negative impacts and enhancing overall well-being SOCIETY. WORKERS Educators are crucial in providing the training and skills workers need to adapt to new job roles created by AI technologies EDUCATORS. WORKERS Policymakers are responsible for addressing the challenges faced by workers due to AI, including job insecurity and the need for new skills POLICYMAKERS. ARTIFICIAL INTELLIGENCE The advancement of artificial intelligence creates a need for education and training programs that can equip workers with new skills required in the evolving job market EDUCATION AND TRAINING PROGRAMS. ARTIFICIAL INTELLIGENCE The expansion of AI technologies is driving demand for AI research roles AI RESEARCH. ARTIFICIAL INTELLIGENCE The growth of AI has led to increased demand for jobs in data science DATA SCIENCE. ARTIFICIAL INTELLIGENCE AI's impact on automation is significantly felt in the manufacturing sector, leading to job displacement MANUFACTURING. WORKERS Workers are employed by businesses, which may be affected by the adoption of AI technologies in terms of job roles and opportunities BUSINESSES. ARTIFICIAL INTELLIGENCE AI technologies are automating jobs in the logistics sector, posing risks to employment LOGISTICS. WORKERS Stakeholders, including policymakers and companies, are responsible for ensuring that workers are supported through transitions caused by artificial intelligence, including retraining and education initiatives STAKEHOLDERS. ARTIFICIAL INTELLIGENCE Artificial intelligence has the potential to both displace workers from their current jobs and create new opportunities for employment, affecting their livelihoods and career paths WORKERS. ARTIFICIAL INTELLIGENCE AI developments have facilitated the rise of virtual assistants, replacing some human jobs VIRTUAL ASSISTANTS. WORKERS Workers are the primary beneficiaries of education and training programs designed to equip them with skills needed in a job market transformed by artificial intelligence EDUCATION AND TRAINING PROGRAMS. ARTIFICIAL INTELLIGENCE AI has enabled the creation of chatbots, affecting employment in customer service CHATBOTS. ARTIFICIAL INTELLIGENCE AI's role in creating chatbots and virtual assistants is transforming customer service jobs CUSTOMER SERVICE.",
    "evaluation": 0
  },
  {
    "correct_answer": "There is fear of automation replacing human workers.",
    "retrieved_context": "WORKERS Educators are crucial in providing the training and skills workers need to adapt to new job roles created by AI technologies EDUCATORS. WORKERS Workers are employed by businesses, which may be affected by the adoption of AI technologies in terms of job roles and opportunities BUSINESSES. WORKERS Workers are the primary beneficiaries of education and training programs designed to equip them with skills needed in a job market transformed by artificial intelligence EDUCATION AND TRAINING PROGRAMS. WORKERS Policymakers are responsible for addressing the challenges faced by workers due to AI, including job insecurity and the need for new skills POLICYMAKERS. STAKEHOLDERS Stakeholders have a responsibility to ensure that the benefits of artificial intelligence are distributed equitably across society, mitigating negative impacts and enhancing overall well-being SOCIETY. BUSINESSES Policymakers may develop policies that affect how businesses adopt AI technologies and manage their workforce POLICYMAKERS. WORKERS Stakeholders, including policymakers and companies, are responsible for ensuring that workers are supported through transitions caused by artificial intelligence, including retraining and education initiatives STAKEHOLDERS. WORKERS Educators are crucial in providing the training and skills workers need to adapt to new job roles created by AI technologies EDUCATORS. WORKERS Workers are employed by businesses, which may be affected by the adoption of AI technologies in terms of job roles and opportunities BUSINESSES. WORKERS Workers are the primary beneficiaries of education and training programs designed to equip them with skills needed in a job market transformed by artificial intelligence EDUCATION AND TRAINING PROGRAMS. WORKERS Policymakers are responsible for addressing the challenges faced by workers due to AI, including job insecurity and the need for new skills POLICYMAKERS. AI TECHNOLOGIES AI technologies have the potential to augment the capabilities of workers, enabling them to perform their jobs more effectively and efficiently WORKERS. BUSINESSES Policymakers may develop policies that affect how businesses adopt AI technologies and manage their workforce POLICYMAKERS. AI TECHNOLOGIES Businesses may adopt AI technologies to improve productivity, efficiency, and workplace safety, as well as to create new job roles BUSINESSES. WORKERS Stakeholders, including policymakers and companies, are responsible for ensuring that workers are supported through transitions caused by artificial intelligence, including retraining and education initiatives STAKEHOLDERS. ARTIFICIAL INTELLIGENCE AI advancements have led to the development of autonomous vehicles, impacting employment in driving jobs AUTONOMOUS VEHICLES. ARTIFICIAL INTELLIGENCE Stakeholders play a crucial role in shaping the development, ethical considerations, and implementation of artificial intelligence technologies to ensure equitable benefits STAKEHOLDERS. ARTIFICIAL INTELLIGENCE The development and implementation of artificial intelligence technologies have broad implications for society, including economic growth, innovation, and the ethical considerations of automating jobs SOCIETY. ARTIFICIAL INTELLIGENCE AI advancements are creating new opportunities in machine learning MACHINE LEARNING. STAKEHOLDERS Stakeholders have a responsibility to ensure that the benefits of artificial intelligence are distributed equitably across society, mitigating negative impacts and enhancing overall well-being SOCIETY. WORKERS Educators are crucial in providing the training and skills workers need to adapt to new job roles created by AI technologies EDUCATORS. WORKERS Policymakers are responsible for addressing the challenges faced by workers due to AI, including job insecurity and the need for new skills POLICYMAKERS. ARTIFICIAL INTELLIGENCE The advancement of artificial intelligence creates a need for education and training programs that can equip workers with new skills required in the evolving job market EDUCATION AND TRAINING PROGRAMS. ARTIFICIAL INTELLIGENCE The expansion of AI technologies is driving demand for AI research roles AI RESEARCH. ARTIFICIAL INTELLIGENCE The growth of AI has led to increased demand for jobs in data science DATA SCIENCE. ARTIFICIAL INTELLIGENCE AI's impact on automation is significantly felt in the manufacturing sector, leading to job displacement MANUFACTURING. WORKERS Workers are employed by businesses, which may be affected by the adoption of AI technologies in terms of job roles and opportunities BUSINESSES. ARTIFICIAL INTELLIGENCE AI technologies are automating jobs in the logistics sector, posing risks to employment LOGISTICS. WORKERS Stakeholders, including policymakers and companies, are responsible for ensuring that workers are supported through transitions caused by artificial intelligence, including retraining and education initiatives STAKEHOLDERS. ARTIFICIAL INTELLIGENCE Artificial intelligence has the potential to both displace workers from their current jobs and create new opportunities for employment, affecting their livelihoods and career paths WORKERS. ARTIFICIAL INTELLIGENCE AI developments have facilitated the rise of virtual assistants, replacing some human jobs VIRTUAL ASSISTANTS. WORKERS Workers are the primary beneficiaries of education and training programs designed to equip them with skills needed in a job market transformed by artificial intelligence EDUCATION AND TRAINING PROGRAMS. ARTIFICIAL INTELLIGENCE AI has enabled the creation of chatbots, affecting employment in customer service CHATBOTS. ARTIFICIAL INTELLIGENCE AI's role in creating chatbots and virtual assistants is transforming customer service jobs CUSTOMER SERVICE.",
    "evaluation": 1
  },
  {
    "correct_answer": "AI automates repetitive and routine jobs.",
    "retrieved_context": "WORKERS Educators are crucial in providing the training and skills workers need to adapt to new job roles created by AI technologies EDUCATORS. WORKERS Workers are employed by businesses, which may be affected by the adoption of AI technologies in terms of job roles and opportunities BUSINESSES. WORKERS Workers are the primary beneficiaries of education and training programs designed to equip them with skills needed in a job market transformed by artificial intelligence EDUCATION AND TRAINING PROGRAMS. WORKERS Policymakers are responsible for addressing the challenges faced by workers due to AI, including job insecurity and the need for new skills POLICYMAKERS. AI TECHNOLOGIES AI technologies have the potential to augment the capabilities of workers, enabling them to perform their jobs more effectively and efficiently WORKERS. BUSINESSES Policymakers may develop policies that affect how businesses adopt AI technologies and manage their workforce POLICYMAKERS. AI TECHNOLOGIES Businesses may adopt AI technologies to improve productivity, efficiency, and workplace safety, as well as to create new job roles BUSINESSES. WORKERS Stakeholders, including policymakers and companies, are responsible for ensuring that workers are supported through transitions caused by artificial intelligence, including retraining and education initiatives STAKEHOLDERS. ARTIFICIAL INTELLIGENCE AI advancements have led to the development of autonomous vehicles, impacting employment in driving jobs AUTONOMOUS VEHICLES. ARTIFICIAL INTELLIGENCE Stakeholders play a crucial role in shaping the development, ethical considerations, and implementation of artificial intelligence technologies to ensure equitable benefits STAKEHOLDERS. ARTIFICIAL INTELLIGENCE The development and implementation of artificial intelligence technologies have broad implications for society, including economic growth, innovation, and the ethical considerations of automating jobs SOCIETY. ARTIFICIAL INTELLIGENCE AI advancements are creating new opportunities in machine learning MACHINE LEARNING. STAKEHOLDERS Stakeholders have a responsibility to ensure that the benefits of artificial intelligence are distributed equitably across society, mitigating negative impacts and enhancing overall well-being SOCIETY. WORKERS Educators are crucial in providing the training and skills workers need to adapt to new job roles created by AI technologies EDUCATORS. WORKERS Policymakers are responsible for addressing the challenges faced by workers due to AI, including job insecurity and the need for new skills POLICYMAKERS. ARTIFICIAL INTELLIGENCE The advancement of artificial intelligence creates a need for education and training programs that can equip workers with new skills required in the evolving job market EDUCATION AND TRAINING PROGRAMS. ARTIFICIAL INTELLIGENCE The expansion of AI technologies is driving demand for AI research roles AI RESEARCH. ARTIFICIAL INTELLIGENCE The growth of AI has led to increased demand for jobs in data science DATA SCIENCE. ARTIFICIAL INTELLIGENCE AI's impact on automation is significantly felt in the manufacturing sector, leading to job displacement MANUFACTURING. WORKERS Workers are employed by businesses, which may be affected by the adoption of AI technologies in terms of job roles and opportunities BUSINESSES. ARTIFICIAL INTELLIGENCE AI technologies are automating jobs in the logistics sector, posing risks to employment LOGISTICS. WORKERS Stakeholders, including policymakers and companies, are responsible for ensuring that workers are supported through transitions caused by artificial intelligence, including retraining and education initiatives STAKEHOLDERS. ARTIFICIAL INTELLIGENCE Artificial intelligence has the potential to both displace workers from their current jobs and create new opportunities for employment, affecting their livelihoods and career paths WORKERS. ARTIFICIAL INTELLIGENCE AI developments have facilitated the rise of virtual assistants, replacing some human jobs VIRTUAL ASSISTANTS. WORKERS Workers are the primary beneficiaries of education and training programs designed to equip them with skills needed in a job market transformed by artificial intelligence EDUCATION AND TRAINING PROGRAMS. ARTIFICIAL INTELLIGENCE AI has enabled the creation of chatbots, affecting employment in customer service CHATBOTS. ARTIFICIAL INTELLIGENCE AI's role in creating chatbots and virtual assistants is transforming customer service jobs CUSTOMER SERVICE.",
    "evaluation": 1
  },
  {
    "correct_answer": "Low-skilled workers are at risk of displacement by AI.",
    "retrieved_context": "WORKERS Educators are crucial in providing the training and skills workers need to adapt to new job roles created by AI technologies EDUCATORS. WORKERS Workers are employed by businesses, which may be affected by the adoption of AI technologies in terms of job roles and opportunities BUSINESSES. WORKERS Workers are the primary beneficiaries of education and training programs designed to equip them with skills needed in a job market transformed by artificial intelligence EDUCATION AND TRAINING PROGRAMS. WORKERS Policymakers are responsible for addressing the challenges faced by workers due to AI, including job insecurity and the need for new skills POLICYMAKERS. AI TECHNOLOGIES AI technologies have the potential to augment the capabilities of workers, enabling them to perform their jobs more effectively and efficiently WORKERS. BUSINESSES Policymakers may develop policies that affect how businesses adopt AI technologies and manage their workforce POLICYMAKERS. AI TECHNOLOGIES Businesses may adopt AI technologies to improve productivity, efficiency, and workplace safety, as well as to create new job roles BUSINESSES. WORKERS Stakeholders, including policymakers and companies, are responsible for ensuring that workers are supported through transitions caused by artificial intelligence, including retraining and education initiatives STAKEHOLDERS. ARTIFICIAL INTELLIGENCE AI advancements have led to the development of autonomous vehicles, impacting employment in driving jobs AUTONOMOUS VEHICLES. ARTIFICIAL INTELLIGENCE Stakeholders play a crucial role in shaping the development, ethical considerations, and implementation of artificial intelligence technologies to ensure equitable benefits STAKEHOLDERS. ARTIFICIAL INTELLIGENCE The development and implementation of artificial intelligence technologies have broad implications for society, including economic growth, innovation, and the ethical considerations of automating jobs SOCIETY. ARTIFICIAL INTELLIGENCE AI advancements are creating new opportunities in machine learning MACHINE LEARNING. STAKEHOLDERS Stakeholders have a responsibility to ensure that the benefits of artificial intelligence are distributed equitably across society, mitigating negative impacts and enhancing overall well-being SOCIETY. WORKERS Educators are crucial in providing the training and skills workers need to adapt to new job roles created by AI technologies EDUCATORS. WORKERS Policymakers are responsible for addressing the challenges faced by workers due to AI, including job insecurity and the need for new skills POLICYMAKERS. ARTIFICIAL INTELLIGENCE The advancement of artificial intelligence creates a need for education and training programs that can equip workers with new skills required in the evolving job market EDUCATION AND TRAINING PROGRAMS. ARTIFICIAL INTELLIGENCE The expansion of AI technologies is driving demand for AI research roles AI RESEARCH. ARTIFICIAL INTELLIGENCE The growth of AI has led to increased demand for jobs in data science DATA SCIENCE. ARTIFICIAL INTELLIGENCE AI's impact on automation is significantly felt in the manufacturing sector, leading to job displacement MANUFACTURING. WORKERS Workers are employed by businesses, which may be affected by the adoption of AI technologies in terms of job roles and opportunities BUSINESSES. ARTIFICIAL INTELLIGENCE AI technologies are automating jobs in the logistics sector, posing risks to employment LOGISTICS. WORKERS Stakeholders, including policymakers and companies, are responsible for ensuring that workers are supported through transitions caused by artificial intelligence, including retraining and education initiatives STAKEHOLDERS. ARTIFICIAL INTELLIGENCE Artificial intelligence has the potential to both displace workers from their current jobs and create new opportunities for employment, affecting their livelihoods and career paths WORKERS. ARTIFICIAL INTELLIGENCE AI developments have facilitated the rise of virtual assistants, replacing some human jobs VIRTUAL ASSISTANTS. WORKERS Workers are the primary beneficiaries of education and training programs designed to equip them with skills needed in a job market transformed by artificial intelligence EDUCATION AND TRAINING PROGRAMS. ARTIFICIAL INTELLIGENCE AI has enabled the creation of chatbots, affecting employment in customer service CHATBOTS. ARTIFICIAL INTELLIGENCE AI's role in creating chatbots and virtual assistants is transforming customer service jobs CUSTOMER SERVICE. WORKERS Educators are crucial in providing the training and skills workers need to adapt to new job roles created by AI technologies EDUCATORS. WORKERS Workers are employed by businesses, which may be affected by the adoption of AI technologies in terms of job roles and opportunities BUSINESSES. WORKERS Workers are the primary beneficiaries of education and training programs designed to equip them with skills needed in a job market transformed by artificial intelligence EDUCATION AND TRAINING PROGRAMS. WORKERS Policymakers are responsible for addressing the challenges faced by workers due to AI, including job insecurity and the need for new skills POLICYMAKERS. STAKEHOLDERS Stakeholders have a responsibility to ensure that the benefits of artificial intelligence are distributed equitably across society, mitigating negative impacts and enhancing overall well-being SOCIETY. BUSINESSES Policymakers may develop policies that affect how businesses adopt AI technologies and manage their workforce POLICYMAKERS. WORKERS Stakeholders, including policymakers and companies, are responsible for ensuring that workers are supported through transitions caused by artificial intelligence, including retraining and education initiatives STAKEHOLDERS.",
    "evaluation": 1
  },
  {
    "correct_answer": "Automation has historical precedence.",
    "retrieved_context": "WORKERS Educators are crucial in providing the training and skills workers need to adapt to new job roles created by AI technologies EDUCATORS. WORKERS Workers are employed by businesses, which may be affected by the adoption of AI technologies in terms of job roles and opportunities BUSINESSES. WORKERS Workers are the primary beneficiaries of education and training programs designed to equip them with skills needed in a job market transformed by artificial intelligence EDUCATION AND TRAINING PROGRAMS. WORKERS Policymakers are responsible for addressing the challenges faced by workers due to AI, including job insecurity and the need for new skills POLICYMAKERS. AI TECHNOLOGIES AI technologies have the potential to augment the capabilities of workers, enabling them to perform their jobs more effectively and efficiently WORKERS. BUSINESSES Policymakers may develop policies that affect how businesses adopt AI technologies and manage their workforce POLICYMAKERS. AI TECHNOLOGIES Businesses may adopt AI technologies to improve productivity, efficiency, and workplace safety, as well as to create new job roles BUSINESSES. WORKERS Stakeholders, including policymakers and companies, are responsible for ensuring that workers are supported through transitions caused by artificial intelligence, including retraining and education initiatives STAKEHOLDERS. ARTIFICIAL INTELLIGENCE AI advancements have led to the development of autonomous vehicles, impacting employment in driving jobs AUTONOMOUS VEHICLES. ARTIFICIAL INTELLIGENCE Stakeholders play a crucial role in shaping the development, ethical considerations, and implementation of artificial intelligence technologies to ensure equitable benefits STAKEHOLDERS. ARTIFICIAL INTELLIGENCE The development and implementation of artificial intelligence technologies have broad implications for society, including economic growth, innovation, and the ethical considerations of automating jobs SOCIETY. ARTIFICIAL INTELLIGENCE AI advancements are creating new opportunities in machine learning MACHINE LEARNING. STAKEHOLDERS Stakeholders have a responsibility to ensure that the benefits of artificial intelligence are distributed equitably across society, mitigating negative impacts and enhancing overall well-being SOCIETY. WORKERS Educators are crucial in providing the training and skills workers need to adapt to new job roles created by AI technologies EDUCATORS. WORKERS Policymakers are responsible for addressing the challenges faced by workers due to AI, including job insecurity and the need for new skills POLICYMAKERS. ARTIFICIAL INTELLIGENCE The advancement of artificial intelligence creates a need for education and training programs that can equip workers with new skills required in the evolving job market EDUCATION AND TRAINING PROGRAMS. ARTIFICIAL INTELLIGENCE The expansion of AI technologies is driving demand for AI research roles AI RESEARCH. ARTIFICIAL INTELLIGENCE The growth of AI has led to increased demand for jobs in data science DATA SCIENCE. ARTIFICIAL INTELLIGENCE AI's impact on automation is significantly felt in the manufacturing sector, leading to job displacement MANUFACTURING. WORKERS Workers are employed by businesses, which may be affected by the adoption of AI technologies in terms of job roles and opportunities BUSINESSES. ARTIFICIAL INTELLIGENCE AI technologies are automating jobs in the logistics sector, posing risks to employment LOGISTICS. WORKERS Stakeholders, including policymakers and companies, are responsible for ensuring that workers are supported through transitions caused by artificial intelligence, including retraining and education initiatives STAKEHOLDERS. ARTIFICIAL INTELLIGENCE Artificial intelligence has the potential to both displace workers from their current jobs and create new opportunities for employment, affecting their livelihoods and career paths WORKERS. ARTIFICIAL INTELLIGENCE AI developments have facilitated the rise of virtual assistants, replacing some human jobs VIRTUAL ASSISTANTS. WORKERS Workers are the primary beneficiaries of education and training programs designed to equip them with skills needed in a job market transformed by artificial intelligence EDUCATION AND TRAINING PROGRAMS. ARTIFICIAL INTELLIGENCE AI has enabled the creation of chatbots, affecting employment in customer service CHATBOTS. ARTIFICIAL INTELLIGENCE AI's role in creating chatbots and virtual assistants is transforming customer service jobs CUSTOMER SERVICE.",
    "evaluation": 0
  },
  {
    "correct_answer": "AI can create new jobs in emerging fields.",
    "retrieved_context": "WORKERS Educators are crucial in providing the training and skills workers need to adapt to new job roles created by AI technologies EDUCATORS. WORKERS Workers are employed by businesses, which may be affected by the adoption of AI technologies in terms of job roles and opportunities BUSINESSES. WORKERS Workers are the primary beneficiaries of education and training programs designed to equip them with skills needed in a job market transformed by artificial intelligence EDUCATION AND TRAINING PROGRAMS. WORKERS Policymakers are responsible for addressing the challenges faced by workers due to AI, including job insecurity and the need for new skills POLICYMAKERS. AI TECHNOLOGIES AI technologies have the potential to augment the capabilities of workers, enabling them to perform their jobs more effectively and efficiently WORKERS. BUSINESSES Policymakers may develop policies that affect how businesses adopt AI technologies and manage their workforce POLICYMAKERS. AI TECHNOLOGIES Businesses may adopt AI technologies to improve productivity, efficiency, and workplace safety, as well as to create new job roles BUSINESSES. WORKERS Stakeholders, including policymakers and companies, are responsible for ensuring that workers are supported through transitions caused by artificial intelligence, including retraining and education initiatives STAKEHOLDERS. ARTIFICIAL INTELLIGENCE AI advancements have led to the development of autonomous vehicles, impacting employment in driving jobs AUTONOMOUS VEHICLES. ARTIFICIAL INTELLIGENCE Stakeholders play a crucial role in shaping the development, ethical considerations, and implementation of artificial intelligence technologies to ensure equitable benefits STAKEHOLDERS. ARTIFICIAL INTELLIGENCE The development and implementation of artificial intelligence technologies have broad implications for society, including economic growth, innovation, and the ethical considerations of automating jobs SOCIETY. ARTIFICIAL INTELLIGENCE AI advancements are creating new opportunities in machine learning MACHINE LEARNING. STAKEHOLDERS Stakeholders have a responsibility to ensure that the benefits of artificial intelligence are distributed equitably across society, mitigating negative impacts and enhancing overall well-being SOCIETY. WORKERS Educators are crucial in providing the training and skills workers need to adapt to new job roles created by AI technologies EDUCATORS. WORKERS Policymakers are responsible for addressing the challenges faced by workers due to AI, including job insecurity and the need for new skills POLICYMAKERS. ARTIFICIAL INTELLIGENCE The advancement of artificial intelligence creates a need for education and training programs that can equip workers with new skills required in the evolving job market EDUCATION AND TRAINING PROGRAMS. ARTIFICIAL INTELLIGENCE The expansion of AI technologies is driving demand for AI research roles AI RESEARCH. ARTIFICIAL INTELLIGENCE The growth of AI has led to increased demand for jobs in data science DATA SCIENCE. ARTIFICIAL INTELLIGENCE AI's impact on automation is significantly felt in the manufacturing sector, leading to job displacement MANUFACTURING. WORKERS Workers are employed by businesses, which may be affected by the adoption of AI technologies in terms of job roles and opportunities BUSINESSES. ARTIFICIAL INTELLIGENCE AI technologies are automating jobs in the logistics sector, posing risks to employment LOGISTICS. WORKERS Stakeholders, including policymakers and companies, are responsible for ensuring that workers are supported through transitions caused by artificial intelligence, including retraining and education initiatives STAKEHOLDERS. ARTIFICIAL INTELLIGENCE Artificial intelligence has the potential to both displace workers from their current jobs and create new opportunities for employment, affecting their livelihoods and career paths WORKERS. ARTIFICIAL INTELLIGENCE AI developments have facilitated the rise of virtual assistants, replacing some human jobs VIRTUAL ASSISTANTS. WORKERS Workers are the primary beneficiaries of education and training programs designed to equip them with skills needed in a job market transformed by artificial intelligence EDUCATION AND TRAINING PROGRAMS. ARTIFICIAL INTELLIGENCE AI has enabled the creation of chatbots, affecting employment in customer service CHATBOTS. ARTIFICIAL INTELLIGENCE AI's role in creating chatbots and virtual assistants is transforming customer service jobs CUSTOMER SERVICE. BUSINESSES Policymakers may develop policies that affect how businesses adopt AI technologies and manage their workforce POLICYMAKERS.",
    "evaluation": 1
  },
  {
    "correct_answer": "AI enhances productivity and efficiency in the workplace.",
    "retrieved_context": "WORKERS Educators are crucial in providing the training and skills workers need to adapt to new job roles created by AI technologies EDUCATORS. WORKERS Workers are employed by businesses, which may be affected by the adoption of AI technologies in terms of job roles and opportunities BUSINESSES. WORKERS Workers are the primary beneficiaries of education and training programs designed to equip them with skills needed in a job market transformed by artificial intelligence EDUCATION AND TRAINING PROGRAMS. WORKERS Policymakers are responsible for addressing the challenges faced by workers due to AI, including job insecurity and the need for new skills POLICYMAKERS. AI TECHNOLOGIES AI technologies have the potential to augment the capabilities of workers, enabling them to perform their jobs more effectively and efficiently WORKERS. BUSINESSES Policymakers may develop policies that affect how businesses adopt AI technologies and manage their workforce POLICYMAKERS. AI TECHNOLOGIES Businesses may adopt AI technologies to improve productivity, efficiency, and workplace safety, as well as to create new job roles BUSINESSES. WORKERS Stakeholders, including policymakers and companies, are responsible for ensuring that workers are supported through transitions caused by artificial intelligence, including retraining and education initiatives STAKEHOLDERS. ARTIFICIAL INTELLIGENCE AI advancements have led to the development of autonomous vehicles, impacting employment in driving jobs AUTONOMOUS VEHICLES. ARTIFICIAL INTELLIGENCE Stakeholders play a crucial role in shaping the development, ethical considerations, and implementation of artificial intelligence technologies to ensure equitable benefits STAKEHOLDERS. ARTIFICIAL INTELLIGENCE The development and implementation of artificial intelligence technologies have broad implications for society, including economic growth, innovation, and the ethical considerations of automating jobs SOCIETY. ARTIFICIAL INTELLIGENCE AI advancements are creating new opportunities in machine learning MACHINE LEARNING. STAKEHOLDERS Stakeholders have a responsibility to ensure that the benefits of artificial intelligence are distributed equitably across society, mitigating negative impacts and enhancing overall well-being SOCIETY. WORKERS Educators are crucial in providing the training and skills workers need to adapt to new job roles created by AI technologies EDUCATORS. WORKERS Policymakers are responsible for addressing the challenges faced by workers due to AI, including job insecurity and the need for new skills POLICYMAKERS. ARTIFICIAL INTELLIGENCE The advancement of artificial intelligence creates a need for education and training programs that can equip workers with new skills required in the evolving job market EDUCATION AND TRAINING PROGRAMS. ARTIFICIAL INTELLIGENCE The expansion of AI technologies is driving demand for AI research roles AI RESEARCH. ARTIFICIAL INTELLIGENCE The growth of AI has led to increased demand for jobs in data science DATA SCIENCE. ARTIFICIAL INTELLIGENCE AI's impact on automation is significantly felt in the manufacturing sector, leading to job displacement MANUFACTURING. WORKERS Workers are employed by businesses, which may be affected by the adoption of AI technologies in terms of job roles and opportunities BUSINESSES. ARTIFICIAL INTELLIGENCE AI technologies are automating jobs in the logistics sector, posing risks to employment LOGISTICS. WORKERS Stakeholders, including policymakers and companies, are responsible for ensuring that workers are supported through transitions caused by artificial intelligence, including retraining and education initiatives STAKEHOLDERS. ARTIFICIAL INTELLIGENCE Artificial intelligence has the potential to both displace workers from their current jobs and create new opportunities for employment, affecting their livelihoods and career paths WORKERS. ARTIFICIAL INTELLIGENCE AI developments have facilitated the rise of virtual assistants, replacing some human jobs VIRTUAL ASSISTANTS. WORKERS Workers are the primary beneficiaries of education and training programs designed to equip them with skills needed in a job market transformed by artificial intelligence EDUCATION AND TRAINING PROGRAMS. ARTIFICIAL INTELLIGENCE AI has enabled the creation of chatbots, affecting employment in customer service CHATBOTS. ARTIFICIAL INTELLIGENCE AI's role in creating chatbots and virtual assistants is transforming customer service jobs CUSTOMER SERVICE. WORKERS Educators are crucial in providing the training and skills workers need to adapt to new job roles created by AI technologies EDUCATORS. WORKERS Workers are employed by businesses, which may be affected by the adoption of AI technologies in terms of job roles and opportunities BUSINESSES. WORKERS Workers are the primary beneficiaries of education and training programs designed to equip them with skills needed in a job market transformed by artificial intelligence EDUCATION AND TRAINING PROGRAMS. WORKERS Policymakers are responsible for addressing the challenges faced by workers due to AI, including job insecurity and the need for new skills POLICYMAKERS. STAKEHOLDERS Stakeholders have a responsibility to ensure that the benefits of artificial intelligence are distributed equitably across society, mitigating negative impacts and enhancing overall well-being SOCIETY. BUSINESSES Policymakers may develop policies that affect how businesses adopt AI technologies and manage their workforce POLICYMAKERS. WORKERS Stakeholders, including policymakers and companies, are responsible for ensuring that workers are supported through transitions caused by artificial intelligence, including retraining and education initiatives STAKEHOLDERS.",
    "evaluation": 1
  },
  {
    "correct_answer": "AI-powered tools can streamline processes.",
    "retrieved_context": "WORKERS Educators are crucial in providing the training and skills workers need to adapt to new job roles created by AI technologies EDUCATORS. WORKERS Workers are employed by businesses, which may be affected by the adoption of AI technologies in terms of job roles and opportunities BUSINESSES. WORKERS Workers are the primary beneficiaries of education and training programs designed to equip them with skills needed in a job market transformed by artificial intelligence EDUCATION AND TRAINING PROGRAMS. WORKERS Policymakers are responsible for addressing the challenges faced by workers due to AI, including job insecurity and the need for new skills POLICYMAKERS. AI TECHNOLOGIES AI technologies have the potential to augment the capabilities of workers, enabling them to perform their jobs more effectively and efficiently WORKERS. BUSINESSES Policymakers may develop policies that affect how businesses adopt AI technologies and manage their workforce POLICYMAKERS. AI TECHNOLOGIES Businesses may adopt AI technologies to improve productivity, efficiency, and workplace safety, as well as to create new job roles BUSINESSES. WORKERS Stakeholders, including policymakers and companies, are responsible for ensuring that workers are supported through transitions caused by artificial intelligence, including retraining and education initiatives STAKEHOLDERS. ARTIFICIAL INTELLIGENCE AI advancements have led to the development of autonomous vehicles, impacting employment in driving jobs AUTONOMOUS VEHICLES. ARTIFICIAL INTELLIGENCE Stakeholders play a crucial role in shaping the development, ethical considerations, and implementation of artificial intelligence technologies to ensure equitable benefits STAKEHOLDERS. ARTIFICIAL INTELLIGENCE The development and implementation of artificial intelligence technologies have broad implications for society, including economic growth, innovation, and the ethical considerations of automating jobs SOCIETY. ARTIFICIAL INTELLIGENCE AI advancements are creating new opportunities in machine learning MACHINE LEARNING. STAKEHOLDERS Stakeholders have a responsibility to ensure that the benefits of artificial intelligence are distributed equitably across society, mitigating negative impacts and enhancing overall well-being SOCIETY. WORKERS Educators are crucial in providing the training and skills workers need to adapt to new job roles created by AI technologies EDUCATORS. WORKERS Policymakers are responsible for addressing the challenges faced by workers due to AI, including job insecurity and the need for new skills POLICYMAKERS. ARTIFICIAL INTELLIGENCE The advancement of artificial intelligence creates a need for education and training programs that can equip workers with new skills required in the evolving job market EDUCATION AND TRAINING PROGRAMS. ARTIFICIAL INTELLIGENCE The expansion of AI technologies is driving demand for AI research roles AI RESEARCH. ARTIFICIAL INTELLIGENCE The growth of AI has led to increased demand for jobs in data science DATA SCIENCE. ARTIFICIAL INTELLIGENCE AI's impact on automation is significantly felt in the manufacturing sector, leading to job displacement MANUFACTURING. WORKERS Workers are employed by businesses, which may be affected by the adoption of AI technologies in terms of job roles and opportunities BUSINESSES. ARTIFICIAL INTELLIGENCE AI technologies are automating jobs in the logistics sector, posing risks to employment LOGISTICS. WORKERS Stakeholders, including policymakers and companies, are responsible for ensuring that workers are supported through transitions caused by artificial intelligence, including retraining and education initiatives STAKEHOLDERS. ARTIFICIAL INTELLIGENCE Artificial intelligence has the potential to both displace workers from their current jobs and create new opportunities for employment, affecting their livelihoods and career paths WORKERS. ARTIFICIAL INTELLIGENCE AI developments have facilitated the rise of virtual assistants, replacing some human jobs VIRTUAL ASSISTANTS. WORKERS Workers are the primary beneficiaries of education and training programs designed to equip them with skills needed in a job market transformed by artificial intelligence EDUCATION AND TRAINING PROGRAMS. ARTIFICIAL INTELLIGENCE AI has enabled the creation of chatbots, affecting employment in customer service CHATBOTS. ARTIFICIAL INTELLIGENCE AI's role in creating chatbots and virtual assistants is transforming customer service jobs CUSTOMER SERVICE.",
    "evaluation": 0
  },
  {
    "correct_answer": "AI can improve workplace safety.",
    "retrieved_context": "WORKERS Educators are crucial in providing the training and skills workers need to adapt to new job roles created by AI technologies EDUCATORS. WORKERS Workers are employed by businesses, which may be affected by the adoption of AI technologies in terms of job roles and opportunities BUSINESSES. WORKERS Workers are the primary beneficiaries of education and training programs designed to equip them with skills needed in a job market transformed by artificial intelligence EDUCATION AND TRAINING PROGRAMS. WORKERS Policymakers are responsible for addressing the challenges faced by workers due to AI, including job insecurity and the need for new skills POLICYMAKERS. AI TECHNOLOGIES AI technologies have the potential to augment the capabilities of workers, enabling them to perform their jobs more effectively and efficiently WORKERS. BUSINESSES Policymakers may develop policies that affect how businesses adopt AI technologies and manage their workforce POLICYMAKERS. AI TECHNOLOGIES Businesses may adopt AI technologies to improve productivity, efficiency, and workplace safety, as well as to create new job roles BUSINESSES. WORKERS Stakeholders, including policymakers and companies, are responsible for ensuring that workers are supported through transitions caused by artificial intelligence, including retraining and education initiatives STAKEHOLDERS. ARTIFICIAL INTELLIGENCE AI advancements have led to the development of autonomous vehicles, impacting employment in driving jobs AUTONOMOUS VEHICLES. ARTIFICIAL INTELLIGENCE Stakeholders play a crucial role in shaping the development, ethical considerations, and implementation of artificial intelligence technologies to ensure equitable benefits STAKEHOLDERS. ARTIFICIAL INTELLIGENCE The development and implementation of artificial intelligence technologies have broad implications for society, including economic growth, innovation, and the ethical considerations of automating jobs SOCIETY. ARTIFICIAL INTELLIGENCE AI advancements are creating new opportunities in machine learning MACHINE LEARNING. STAKEHOLDERS Stakeholders have a responsibility to ensure that the benefits of artificial intelligence are distributed equitably across society, mitigating negative impacts and enhancing overall well-being SOCIETY. WORKERS Educators are crucial in providing the training and skills workers need to adapt to new job roles created by AI technologies EDUCATORS. WORKERS Policymakers are responsible for addressing the challenges faced by workers due to AI, including job insecurity and the need for new skills POLICYMAKERS. ARTIFICIAL INTELLIGENCE The advancement of artificial intelligence creates a need for education and training programs that can equip workers with new skills required in the evolving job market EDUCATION AND TRAINING PROGRAMS. ARTIFICIAL INTELLIGENCE The expansion of AI technologies is driving demand for AI research roles AI RESEARCH. ARTIFICIAL INTELLIGENCE The growth of AI has led to increased demand for jobs in data science DATA SCIENCE. ARTIFICIAL INTELLIGENCE AI's impact on automation is significantly felt in the manufacturing sector, leading to job displacement MANUFACTURING. WORKERS Workers are employed by businesses, which may be affected by the adoption of AI technologies in terms of job roles and opportunities BUSINESSES. ARTIFICIAL INTELLIGENCE AI technologies are automating jobs in the logistics sector, posing risks to employment LOGISTICS. WORKERS Stakeholders, including policymakers and companies, are responsible for ensuring that workers are supported through transitions caused by artificial intelligence, including retraining and education initiatives STAKEHOLDERS. ARTIFICIAL INTELLIGENCE Artificial intelligence has the potential to both displace workers from their current jobs and create new opportunities for employment, affecting their livelihoods and career paths WORKERS. ARTIFICIAL INTELLIGENCE AI developments have facilitated the rise of virtual assistants, replacing some human jobs VIRTUAL ASSISTANTS. WORKERS Workers are the primary beneficiaries of education and training programs designed to equip them with skills needed in a job market transformed by artificial intelligence EDUCATION AND TRAINING PROGRAMS. ARTIFICIAL INTELLIGENCE AI has enabled the creation of chatbots, affecting employment in customer service CHATBOTS. ARTIFICIAL INTELLIGENCE AI's role in creating chatbots and virtual assistants is transforming customer service jobs CUSTOMER SERVICE. WORKERS Educators are crucial in providing the training and skills workers need to adapt to new job roles created by AI technologies EDUCATORS. WORKERS Workers are employed by businesses, which may be affected by the adoption of AI technologies in terms of job roles and opportunities BUSINESSES. WORKERS Workers are the primary beneficiaries of education and training programs designed to equip them with skills needed in a job market transformed by artificial intelligence EDUCATION AND TRAINING PROGRAMS. WORKERS Policymakers are responsible for addressing the challenges faced by workers due to AI, including job insecurity and the need for new skills POLICYMAKERS. STAKEHOLDERS Stakeholders have a responsibility to ensure that the benefits of artificial intelligence are distributed equitably across society, mitigating negative impacts and enhancing overall well-being SOCIETY. BUSINESSES Policymakers may develop policies that affect how businesses adopt AI technologies and manage their workforce POLICYMAKERS. WORKERS Stakeholders, including policymakers and companies, are responsible for ensuring that workers are supported through transitions caused by artificial intelligence, including retraining and education initiatives STAKEHOLDERS.",
    "evaluation": 1
  },
  {
    "correct_answer": "AI augments human capabilities.",
    "retrieved_context": "WORKERS Educators are crucial in providing the training and skills workers need to adapt to new job roles created by AI technologies EDUCATORS. WORKERS Workers are employed by businesses, which may be affected by the adoption of AI technologies in terms of job roles and opportunities BUSINESSES. WORKERS Workers are the primary beneficiaries of education and training programs designed to equip them with skills needed in a job market transformed by artificial intelligence EDUCATION AND TRAINING PROGRAMS. WORKERS Policymakers are responsible for addressing the challenges faced by workers due to AI, including job insecurity and the need for new skills POLICYMAKERS. AI TECHNOLOGIES AI technologies have the potential to augment the capabilities of workers, enabling them to perform their jobs more effectively and efficiently WORKERS. BUSINESSES Policymakers may develop policies that affect how businesses adopt AI technologies and manage their workforce POLICYMAKERS. AI TECHNOLOGIES Businesses may adopt AI technologies to improve productivity, efficiency, and workplace safety, as well as to create new job roles BUSINESSES. WORKERS Stakeholders, including policymakers and companies, are responsible for ensuring that workers are supported through transitions caused by artificial intelligence, including retraining and education initiatives STAKEHOLDERS. ARTIFICIAL INTELLIGENCE AI advancements have led to the development of autonomous vehicles, impacting employment in driving jobs AUTONOMOUS VEHICLES. ARTIFICIAL INTELLIGENCE Stakeholders play a crucial role in shaping the development, ethical considerations, and implementation of artificial intelligence technologies to ensure equitable benefits STAKEHOLDERS. ARTIFICIAL INTELLIGENCE The development and implementation of artificial intelligence technologies have broad implications for society, including economic growth, innovation, and the ethical considerations of automating jobs SOCIETY. ARTIFICIAL INTELLIGENCE AI advancements are creating new opportunities in machine learning MACHINE LEARNING. STAKEHOLDERS Stakeholders have a responsibility to ensure that the benefits of artificial intelligence are distributed equitably across society, mitigating negative impacts and enhancing overall well-being SOCIETY. WORKERS Educators are crucial in providing the training and skills workers need to adapt to new job roles created by AI technologies EDUCATORS. WORKERS Policymakers are responsible for addressing the challenges faced by workers due to AI, including job insecurity and the need for new skills POLICYMAKERS. ARTIFICIAL INTELLIGENCE The advancement of artificial intelligence creates a need for education and training programs that can equip workers with new skills required in the evolving job market EDUCATION AND TRAINING PROGRAMS. ARTIFICIAL INTELLIGENCE The expansion of AI technologies is driving demand for AI research roles AI RESEARCH. ARTIFICIAL INTELLIGENCE The growth of AI has led to increased demand for jobs in data science DATA SCIENCE. ARTIFICIAL INTELLIGENCE AI's impact on automation is significantly felt in the manufacturing sector, leading to job displacement MANUFACTURING. WORKERS Workers are employed by businesses, which may be affected by the adoption of AI technologies in terms of job roles and opportunities BUSINESSES. ARTIFICIAL INTELLIGENCE AI technologies are automating jobs in the logistics sector, posing risks to employment LOGISTICS. WORKERS Stakeholders, including policymakers and companies, are responsible for ensuring that workers are supported through transitions caused by artificial intelligence, including retraining and education initiatives STAKEHOLDERS. ARTIFICIAL INTELLIGENCE Artificial intelligence has the potential to both displace workers from their current jobs and create new opportunities for employment, affecting their livelihoods and career paths WORKERS. ARTIFICIAL INTELLIGENCE AI developments have facilitated the rise of virtual assistants, replacing some human jobs VIRTUAL ASSISTANTS. WORKERS Workers are the primary beneficiaries of education and training programs designed to equip them with skills needed in a job market transformed by artificial intelligence EDUCATION AND TRAINING PROGRAMS. ARTIFICIAL INTELLIGENCE AI has enabled the creation of chatbots, affecting employment in customer service CHATBOTS. ARTIFICIAL INTELLIGENCE AI's role in creating chatbots and virtual assistants is transforming customer service jobs CUSTOMER SERVICE.",
    "evaluation": 1
  },
  {
    "correct_answer": "AI technologies complement human skills.",
    "retrieved_context": "WORKERS Educators are crucial in providing the training and skills workers need to adapt to new job roles created by AI technologies EDUCATORS. WORKERS Workers are employed by businesses, which may be affected by the adoption of AI technologies in terms of job roles and opportunities BUSINESSES. WORKERS Workers are the primary beneficiaries of education and training programs designed to equip them with skills needed in a job market transformed by artificial intelligence EDUCATION AND TRAINING PROGRAMS. WORKERS Policymakers are responsible for addressing the challenges faced by workers due to AI, including job insecurity and the need for new skills POLICYMAKERS. AI TECHNOLOGIES AI technologies have the potential to augment the capabilities of workers, enabling them to perform their jobs more effectively and efficiently WORKERS. BUSINESSES Policymakers may develop policies that affect how businesses adopt AI technologies and manage their workforce POLICYMAKERS. AI TECHNOLOGIES Businesses may adopt AI technologies to improve productivity, efficiency, and workplace safety, as well as to create new job roles BUSINESSES. WORKERS Stakeholders, including policymakers and companies, are responsible for ensuring that workers are supported through transitions caused by artificial intelligence, including retraining and education initiatives STAKEHOLDERS. ARTIFICIAL INTELLIGENCE AI advancements have led to the development of autonomous vehicles, impacting employment in driving jobs AUTONOMOUS VEHICLES. ARTIFICIAL INTELLIGENCE Stakeholders play a crucial role in shaping the development, ethical considerations, and implementation of artificial intelligence technologies to ensure equitable benefits STAKEHOLDERS. ARTIFICIAL INTELLIGENCE The development and implementation of artificial intelligence technologies have broad implications for society, including economic growth, innovation, and the ethical considerations of automating jobs SOCIETY. ARTIFICIAL INTELLIGENCE AI advancements are creating new opportunities in machine learning MACHINE LEARNING. STAKEHOLDERS Stakeholders have a responsibility to ensure that the benefits of artificial intelligence are distributed equitably across society, mitigating negative impacts and enhancing overall well-being SOCIETY. WORKERS Educators are crucial in providing the training and skills workers need to adapt to new job roles created by AI technologies EDUCATORS. WORKERS Policymakers are responsible for addressing the challenges faced by workers due to AI, including job insecurity and the need for new skills POLICYMAKERS. ARTIFICIAL INTELLIGENCE The advancement of artificial intelligence creates a need for education and training programs that can equip workers with new skills required in the evolving job market EDUCATION AND TRAINING PROGRAMS. ARTIFICIAL INTELLIGENCE The expansion of AI technologies is driving demand for AI research roles AI RESEARCH. ARTIFICIAL INTELLIGENCE The growth of AI has led to increased demand for jobs in data science DATA SCIENCE. ARTIFICIAL INTELLIGENCE AI's impact on automation is significantly felt in the manufacturing sector, leading to job displacement MANUFACTURING. WORKERS Workers are employed by businesses, which may be affected by the adoption of AI technologies in terms of job roles and opportunities BUSINESSES. ARTIFICIAL INTELLIGENCE AI technologies are automating jobs in the logistics sector, posing risks to employment LOGISTICS. WORKERS Stakeholders, including policymakers and companies, are responsible for ensuring that workers are supported through transitions caused by artificial intelligence, including retraining and education initiatives STAKEHOLDERS. ARTIFICIAL INTELLIGENCE Artificial intelligence has the potential to both displace workers from their current jobs and create new opportunities for employment, affecting their livelihoods and career paths WORKERS. ARTIFICIAL INTELLIGENCE AI developments have facilitated the rise of virtual assistants, replacing some human jobs VIRTUAL ASSISTANTS. WORKERS Workers are the primary beneficiaries of education and training programs designed to equip them with skills needed in a job market transformed by artificial intelligence EDUCATION AND TRAINING PROGRAMS. ARTIFICIAL INTELLIGENCE AI has enabled the creation of chatbots, affecting employment in customer service CHATBOTS. ARTIFICIAL INTELLIGENCE AI's role in creating chatbots and virtual assistants is transforming customer service jobs CUSTOMER SERVICE.",
    "evaluation": 0
  },
  {
    "correct_answer": "There are concerns about social and economic implications of automation.",
    "retrieved_context": "WORKERS Educators are crucial in providing the training and skills workers need to adapt to new job roles created by AI technologies EDUCATORS. WORKERS Workers are employed by businesses, which may be affected by the adoption of AI technologies in terms of job roles and opportunities BUSINESSES. WORKERS Workers are the primary beneficiaries of education and training programs designed to equip them with skills needed in a job market transformed by artificial intelligence EDUCATION AND TRAINING PROGRAMS. WORKERS Policymakers are responsible for addressing the challenges faced by workers due to AI, including job insecurity and the need for new skills POLICYMAKERS. AI TECHNOLOGIES AI technologies have the potential to augment the capabilities of workers, enabling them to perform their jobs more effectively and efficiently WORKERS. BUSINESSES Policymakers may develop policies that affect how businesses adopt AI technologies and manage their workforce POLICYMAKERS. AI TECHNOLOGIES Businesses may adopt AI technologies to improve productivity, efficiency, and workplace safety, as well as to create new job roles BUSINESSES. WORKERS Stakeholders, including policymakers and companies, are responsible for ensuring that workers are supported through transitions caused by artificial intelligence, including retraining and education initiatives STAKEHOLDERS. ARTIFICIAL INTELLIGENCE AI advancements have led to the development of autonomous vehicles, impacting employment in driving jobs AUTONOMOUS VEHICLES. ARTIFICIAL INTELLIGENCE Stakeholders play a crucial role in shaping the development, ethical considerations, and implementation of artificial intelligence technologies to ensure equitable benefits STAKEHOLDERS. ARTIFICIAL INTELLIGENCE The development and implementation of artificial intelligence technologies have broad implications for society, including economic growth, innovation, and the ethical considerations of automating jobs SOCIETY. ARTIFICIAL INTELLIGENCE AI advancements are creating new opportunities in machine learning MACHINE LEARNING. STAKEHOLDERS Stakeholders have a responsibility to ensure that the benefits of artificial intelligence are distributed equitably across society, mitigating negative impacts and enhancing overall well-being SOCIETY. WORKERS Educators are crucial in providing the training and skills workers need to adapt to new job roles created by AI technologies EDUCATORS. WORKERS Policymakers are responsible for addressing the challenges faced by workers due to AI, including job insecurity and the need for new skills POLICYMAKERS. ARTIFICIAL INTELLIGENCE The advancement of artificial intelligence creates a need for education and training programs that can equip workers with new skills required in the evolving job market EDUCATION AND TRAINING PROGRAMS. ARTIFICIAL INTELLIGENCE The expansion of AI technologies is driving demand for AI research roles AI RESEARCH. ARTIFICIAL INTELLIGENCE The growth of AI has led to increased demand for jobs in data science DATA SCIENCE. ARTIFICIAL INTELLIGENCE AI's impact on automation is significantly felt in the manufacturing sector, leading to job displacement MANUFACTURING. WORKERS Workers are employed by businesses, which may be affected by the adoption of AI technologies in terms of job roles and opportunities BUSINESSES. ARTIFICIAL INTELLIGENCE AI technologies are automating jobs in the logistics sector, posing risks to employment LOGISTICS. WORKERS Stakeholders, including policymakers and companies, are responsible for ensuring that workers are supported through transitions caused by artificial intelligence, including retraining and education initiatives STAKEHOLDERS. ARTIFICIAL INTELLIGENCE Artificial intelligence has the potential to both displace workers from their current jobs and create new opportunities for employment, affecting their livelihoods and career paths WORKERS. ARTIFICIAL INTELLIGENCE AI developments have facilitated the rise of virtual assistants, replacing some human jobs VIRTUAL ASSISTANTS. WORKERS Workers are the primary beneficiaries of education and training programs designed to equip them with skills needed in a job market transformed by artificial intelligence EDUCATION AND TRAINING PROGRAMS. ARTIFICIAL INTELLIGENCE AI has enabled the creation of chatbots, affecting employment in customer service CHATBOTS. ARTIFICIAL INTELLIGENCE AI's role in creating chatbots and virtual assistants is transforming customer service jobs CUSTOMER SERVICE.",
    "evaluation": 1
  },
  {
    "accuracy": "73.33%"
  }
]