[
  {
    "correct_answer": "Fast fashion is driven by the desire for quick turnover of trendy clothing at affordable prices.",
    "retrieved_context": "FAST FASHION Cotton's environmental issues, such as deforestation and water scarcity, are exacerbated by its use in fast fashion COTTON. FAST FASHION Nylon is utilized in fast fashion, contributing to the industry's environmental footprint through pollution and non-renewable resource consumption NYLON. FAST FASHION The Environmental Protection Agency provides statistics relevant to the environmental impact of the fast fashion industry ENVIRONMENTAL PROTECTION AGENCY. FAST FASHION Fast fashion relies heavily on the use of polyester, impacting the environment through pollution and resource depletion POLYESTER. FAST FASHION The United States is a context where the environmental impact of fast fashion, including landfill space for textiles, is significant UNITED STATES. SUSTAINABLE FASHION PRACTICES Using organic and recycled materials is a key aspect of sustainable fashion practices ORGANIC AND RECYCLED MATERIALS. FAST FASHION INDUSTRY The fast fashion industry's transportation activities contribute significantly to greenhouse gas emissions GREENHOUSE GAS EMISSIONS. SUSTAINABLE FASHION PRACTICES Efficient production processes are crucial for reducing waste in sustainable fashion EFFICIENT PRODUCTION PROCESSES. FAST FASHION INDUSTRY The fast fashion industry's reliance on cheap labor in developing countries increases its carbon footprint CHEAP LABOR. FAST FASHION INDUSTRY Sustainable fashion practices are proposed to mitigate the environmental impact of the fast fashion industry SUSTAINABLE FASHION PRACTICES. FAST FASHION INDUSTRY Circular economy principles are suggested to reduce the fast fashion industry's environmental footprint CIRCULAR ECONOMY PRINCIPLES. SUSTAINABLE FASHION PRACTICES Conscious consumer behavior supports the adoption of sustainable fashion practices CONSCIOUS CONSUMER BEHAVIOR. FAST FASHION INDUSTRY The United Nations Environment Programme reported on the fast fashion industry's carbon emissions UNITED NATIONS ENVIRONMENT PROGRAMME. SUSTAINABLE FASHION PRACTICES Designing for clothing longevity is a strategy within sustainable fashion to reduce environmental impact CLOTHING LONGEVITY. SUSTAINABLE FASHION PRACTICES Using organic and recycled materials is a key aspect of sustainable fashion practices ORGANIC AND RECYCLED MATERIALS. SUSTAINABLE FASHION PRACTICES Efficient production processes are crucial for reducing waste in sustainable fashion EFFICIENT PRODUCTION PROCESSES. SUSTAINABLE FASHION PRACTICES Conscious consumer behavior supports the adoption of sustainable fashion practices CONSCIOUS CONSUMER BEHAVIOR. SUSTAINABLE FASHION PRACTICES Designing for clothing longevity is a strategy within sustainable fashion to reduce environmental impact CLOTHING LONGEVITY.",
    "evaluation": 0
  },
  {
    "correct_answer": "Fast fashion brands have revolutionized the way we consume clothing.",
    "retrieved_context": "SUSTAINABLE FASHION PRACTICES Using organic and recycled materials is a key aspect of sustainable fashion practices ORGANIC AND RECYCLED MATERIALS. FAST FASHION INDUSTRY The fast fashion industry's transportation activities contribute significantly to greenhouse gas emissions GREENHOUSE GAS EMISSIONS. SUSTAINABLE FASHION PRACTICES Efficient production processes are crucial for reducing waste in sustainable fashion EFFICIENT PRODUCTION PROCESSES. FAST FASHION INDUSTRY The fast fashion industry's reliance on cheap labor in developing countries increases its carbon footprint CHEAP LABOR. FAST FASHION INDUSTRY Sustainable fashion practices are proposed to mitigate the environmental impact of the fast fashion industry SUSTAINABLE FASHION PRACTICES. FAST FASHION INDUSTRY Circular economy principles are suggested to reduce the fast fashion industry's environmental footprint CIRCULAR ECONOMY PRINCIPLES. SUSTAINABLE FASHION PRACTICES Conscious consumer behavior supports the adoption of sustainable fashion practices CONSCIOUS CONSUMER BEHAVIOR. FAST FASHION INDUSTRY The United Nations Environment Programme reported on the fast fashion industry's carbon emissions UNITED NATIONS ENVIRONMENT PROGRAMME. SUSTAINABLE FASHION PRACTICES Designing for clothing longevity is a strategy within sustainable fashion to reduce environmental impact CLOTHING LONGEVITY. FAST FASHION Cotton's environmental issues, such as deforestation and water scarcity, are exacerbated by its use in fast fashion COTTON. FAST FASHION Nylon is utilized in fast fashion, contributing to the industry's environmental footprint through pollution and non-renewable resource consumption NYLON. FAST FASHION The Environmental Protection Agency provides statistics relevant to the environmental impact of the fast fashion industry ENVIRONMENTAL PROTECTION AGENCY. FAST FASHION Fast fashion relies heavily on the use of polyester, impacting the environment through pollution and resource depletion POLYESTER. FAST FASHION The United States is a context where the environmental impact of fast fashion, including landfill space for textiles, is significant UNITED STATES. SUSTAINABLE FASHION PRACTICES Using organic and recycled materials is a key aspect of sustainable fashion practices ORGANIC AND RECYCLED MATERIALS. SUSTAINABLE FASHION PRACTICES Efficient production processes are crucial for reducing waste in sustainable fashion EFFICIENT PRODUCTION PROCESSES. SUSTAINABLE FASHION PRACTICES Conscious consumer behavior supports the adoption of sustainable fashion practices CONSCIOUS CONSUMER BEHAVIOR. SUSTAINABLE FASHION PRACTICES Designing for clothing longevity is a strategy within sustainable fashion to reduce environmental impact CLOTHING LONGEVITY.",
    "evaluation": 0
  },
  {
    "correct_answer": "The environmental impact of fast fashion is significant and alarming.",
    "retrieved_context": "FAST FASHION Cotton's environmental issues, such as deforestation and water scarcity, are exacerbated by its use in fast fashion COTTON. FAST FASHION Nylon is utilized in fast fashion, contributing to the industry's environmental footprint through pollution and non-renewable resource consumption NYLON. FAST FASHION The Environmental Protection Agency provides statistics relevant to the environmental impact of the fast fashion industry ENVIRONMENTAL PROTECTION AGENCY. FAST FASHION Fast fashion relies heavily on the use of polyester, impacting the environment through pollution and resource depletion POLYESTER. FAST FASHION The United States is a context where the environmental impact of fast fashion, including landfill space for textiles, is significant UNITED STATES. SUSTAINABLE FASHION PRACTICES Using organic and recycled materials is a key aspect of sustainable fashion practices ORGANIC AND RECYCLED MATERIALS. FAST FASHION INDUSTRY The fast fashion industry's transportation activities contribute significantly to greenhouse gas emissions GREENHOUSE GAS EMISSIONS. SUSTAINABLE FASHION PRACTICES Efficient production processes are crucial for reducing waste in sustainable fashion EFFICIENT PRODUCTION PROCESSES. FAST FASHION INDUSTRY The fast fashion industry's reliance on cheap labor in developing countries increases its carbon footprint CHEAP LABOR. FAST FASHION INDUSTRY Sustainable fashion practices are proposed to mitigate the environmental impact of the fast fashion industry SUSTAINABLE FASHION PRACTICES. FAST FASHION INDUSTRY Circular economy principles are suggested to reduce the fast fashion industry's environmental footprint CIRCULAR ECONOMY PRINCIPLES. SUSTAINABLE FASHION PRACTICES Conscious consumer behavior supports the adoption of sustainable fashion practices CONSCIOUS CONSUMER BEHAVIOR. FAST FASHION INDUSTRY The United Nations Environment Programme reported on the fast fashion industry's carbon emissions UNITED NATIONS ENVIRONMENT PROGRAMME. SUSTAINABLE FASHION PRACTICES Designing for clothing longevity is a strategy within sustainable fashion to reduce environmental impact CLOTHING LONGEVITY. SUSTAINABLE FASHION PRACTICES Using organic and recycled materials is a key aspect of sustainable fashion practices ORGANIC AND RECYCLED MATERIALS. SUSTAINABLE FASHION PRACTICES Efficient production processes are crucial for reducing waste in sustainable fashion EFFICIENT PRODUCTION PROCESSES. SUSTAINABLE FASHION PRACTICES Conscious consumer behavior supports the adoption of sustainable fashion practices CONSCIOUS CONSUMER BEHAVIOR. SUSTAINABLE FASHION PRACTICES Designing for clothing longevity is a strategy within sustainable fashion to reduce environmental impact CLOTHING LONGEVITY.",
    "evaluation": 1
  },
  {
    "correct_answer": "Fast fashion garments rely heavily on synthetic materials like polyester and nylon.",
    "retrieved_context": "SUSTAINABLE FASHION PRACTICES Using organic and recycled materials is a key aspect of sustainable fashion practices ORGANIC AND RECYCLED MATERIALS. FAST FASHION INDUSTRY The fast fashion industry's transportation activities contribute significantly to greenhouse gas emissions GREENHOUSE GAS EMISSIONS. SUSTAINABLE FASHION PRACTICES Efficient production processes are crucial for reducing waste in sustainable fashion EFFICIENT PRODUCTION PROCESSES. FAST FASHION INDUSTRY The fast fashion industry's reliance on cheap labor in developing countries increases its carbon footprint CHEAP LABOR. FAST FASHION INDUSTRY Sustainable fashion practices are proposed to mitigate the environmental impact of the fast fashion industry SUSTAINABLE FASHION PRACTICES. FAST FASHION INDUSTRY Circular economy principles are suggested to reduce the fast fashion industry's environmental footprint CIRCULAR ECONOMY PRINCIPLES. SUSTAINABLE FASHION PRACTICES Conscious consumer behavior supports the adoption of sustainable fashion practices CONSCIOUS CONSUMER BEHAVIOR. FAST FASHION INDUSTRY The United Nations Environment Programme reported on the fast fashion industry's carbon emissions UNITED NATIONS ENVIRONMENT PROGRAMME. SUSTAINABLE FASHION PRACTICES Designing for clothing longevity is a strategy within sustainable fashion to reduce environmental impact CLOTHING LONGEVITY. FAST FASHION Cotton's environmental issues, such as deforestation and water scarcity, are exacerbated by its use in fast fashion COTTON. FAST FASHION Nylon is utilized in fast fashion, contributing to the industry's environmental footprint through pollution and non-renewable resource consumption NYLON. FAST FASHION The Environmental Protection Agency provides statistics relevant to the environmental impact of the fast fashion industry ENVIRONMENTAL PROTECTION AGENCY. FAST FASHION Fast fashion relies heavily on the use of polyester, impacting the environment through pollution and resource depletion POLYESTER. FAST FASHION The United States is a context where the environmental impact of fast fashion, including landfill space for textiles, is significant UNITED STATES. SUSTAINABLE FASHION PRACTICES Using organic and recycled materials is a key aspect of sustainable fashion practices ORGANIC AND RECYCLED MATERIALS. SUSTAINABLE FASHION PRACTICES Efficient production processes are crucial for reducing waste in sustainable fashion EFFICIENT PRODUCTION PROCESSES. SUSTAINABLE FASHION PRACTICES Conscious consumer behavior supports the adoption of sustainable fashion practices CONSCIOUS CONSUMER BEHAVIOR. SUSTAINABLE FASHION PRACTICES Designing for clothing longevity is a strategy within sustainable fashion to reduce environmental impact CLOTHING LONGEVITY.",
    "evaluation": 1
  },
  {
    "correct_answer": "Synthetic materials used in fast fashion contribute to air and water pollution.",
    "retrieved_context": "SUSTAINABLE FASHION PRACTICES Using organic and recycled materials is a key aspect of sustainable fashion practices ORGANIC AND RECYCLED MATERIALS. FAST FASHION INDUSTRY The fast fashion industry's transportation activities contribute significantly to greenhouse gas emissions GREENHOUSE GAS EMISSIONS. SUSTAINABLE FASHION PRACTICES Efficient production processes are crucial for reducing waste in sustainable fashion EFFICIENT PRODUCTION PROCESSES. FAST FASHION INDUSTRY The fast fashion industry's reliance on cheap labor in developing countries increases its carbon footprint CHEAP LABOR. FAST FASHION INDUSTRY Sustainable fashion practices are proposed to mitigate the environmental impact of the fast fashion industry SUSTAINABLE FASHION PRACTICES. FAST FASHION INDUSTRY Circular economy principles are suggested to reduce the fast fashion industry's environmental footprint CIRCULAR ECONOMY PRINCIPLES. SUSTAINABLE FASHION PRACTICES Conscious consumer behavior supports the adoption of sustainable fashion practices CONSCIOUS CONSUMER BEHAVIOR. FAST FASHION INDUSTRY The United Nations Environment Programme reported on the fast fashion industry's carbon emissions UNITED NATIONS ENVIRONMENT PROGRAMME. SUSTAINABLE FASHION PRACTICES Designing for clothing longevity is a strategy within sustainable fashion to reduce environmental impact CLOTHING LONGEVITY. FAST FASHION Cotton's environmental issues, such as deforestation and water scarcity, are exacerbated by its use in fast fashion COTTON. FAST FASHION Nylon is utilized in fast fashion, contributing to the industry's environmental footprint through pollution and non-renewable resource consumption NYLON. FAST FASHION The Environmental Protection Agency provides statistics relevant to the environmental impact of the fast fashion industry ENVIRONMENTAL PROTECTION AGENCY. FAST FASHION Fast fashion relies heavily on the use of polyester, impacting the environment through pollution and resource depletion POLYESTER. FAST FASHION The United States is a context where the environmental impact of fast fashion, including landfill space for textiles, is significant UNITED STATES. SUSTAINABLE FASHION PRACTICES Using organic and recycled materials is a key aspect of sustainable fashion practices ORGANIC AND RECYCLED MATERIALS. SUSTAINABLE FASHION PRACTICES Efficient production processes are crucial for reducing waste in sustainable fashion EFFICIENT PRODUCTION PROCESSES. SUSTAINABLE FASHION PRACTICES Conscious consumer behavior supports the adoption of sustainable fashion practices CONSCIOUS CONSUMER BEHAVIOR. SUSTAINABLE FASHION PRACTICES Designing for clothing longevity is a strategy within sustainable fashion to reduce environmental impact CLOTHING LONGEVITY.",
    "evaluation": 1
  },
  {
    "correct_answer": "The production of cotton in fast fashion has been linked to deforestation and water scarcity.",
    "retrieved_context": "SUSTAINABLE FASHION PRACTICES Using organic and recycled materials is a key aspect of sustainable fashion practices ORGANIC AND RECYCLED MATERIALS. FAST FASHION INDUSTRY The fast fashion industry's transportation activities contribute significantly to greenhouse gas emissions GREENHOUSE GAS EMISSIONS. SUSTAINABLE FASHION PRACTICES Efficient production processes are crucial for reducing waste in sustainable fashion EFFICIENT PRODUCTION PROCESSES. FAST FASHION INDUSTRY The fast fashion industry's reliance on cheap labor in developing countries increases its carbon footprint CHEAP LABOR. FAST FASHION INDUSTRY Sustainable fashion practices are proposed to mitigate the environmental impact of the fast fashion industry SUSTAINABLE FASHION PRACTICES. FAST FASHION INDUSTRY Circular economy principles are suggested to reduce the fast fashion industry's environmental footprint CIRCULAR ECONOMY PRINCIPLES. SUSTAINABLE FASHION PRACTICES Conscious consumer behavior supports the adoption of sustainable fashion practices CONSCIOUS CONSUMER BEHAVIOR. FAST FASHION INDUSTRY The United Nations Environment Programme reported on the fast fashion industry's carbon emissions UNITED NATIONS ENVIRONMENT PROGRAMME. SUSTAINABLE FASHION PRACTICES Designing for clothing longevity is a strategy within sustainable fashion to reduce environmental impact CLOTHING LONGEVITY. SUSTAINABLE FASHION PRACTICES Using organic and recycled materials is a key aspect of sustainable fashion practices ORGANIC AND RECYCLED MATERIALS. SUSTAINABLE FASHION PRACTICES Efficient production processes are crucial for reducing waste in sustainable fashion EFFICIENT PRODUCTION PROCESSES. SUSTAINABLE FASHION PRACTICES Conscious consumer behavior supports the adoption of sustainable fashion practices CONSCIOUS CONSUMER BEHAVIOR. SUSTAINABLE FASHION PRACTICES Designing for clothing longevity is a strategy within sustainable fashion to reduce environmental impact CLOTHING LONGEVITY. FAST FASHION Cotton's environmental issues, such as deforestation and water scarcity, are exacerbated by its use in fast fashion COTTON. FAST FASHION Nylon is utilized in fast fashion, contributing to the industry's environmental footprint through pollution and non-renewable resource consumption NYLON. FAST FASHION The Environmental Protection Agency provides statistics relevant to the environmental impact of the fast fashion industry ENVIRONMENTAL PROTECTION AGENCY. FAST FASHION Fast fashion relies heavily on the use of polyester, impacting the environment through pollution and resource depletion POLYESTER. FAST FASHION The United States is a context where the environmental impact of fast fashion, including landfill space for textiles, is significant UNITED STATES.",
    "evaluation": 1
  },
  {
    "correct_answer": "Fast fashion brands produce massive quantities of clothing, leading to high levels of textile waste.",
    "retrieved_context": "SUSTAINABLE FASHION PRACTICES Using organic and recycled materials is a key aspect of sustainable fashion practices ORGANIC AND RECYCLED MATERIALS. FAST FASHION INDUSTRY The fast fashion industry's transportation activities contribute significantly to greenhouse gas emissions GREENHOUSE GAS EMISSIONS. SUSTAINABLE FASHION PRACTICES Efficient production processes are crucial for reducing waste in sustainable fashion EFFICIENT PRODUCTION PROCESSES. FAST FASHION INDUSTRY The fast fashion industry's reliance on cheap labor in developing countries increases its carbon footprint CHEAP LABOR. FAST FASHION INDUSTRY Sustainable fashion practices are proposed to mitigate the environmental impact of the fast fashion industry SUSTAINABLE FASHION PRACTICES. FAST FASHION INDUSTRY Circular economy principles are suggested to reduce the fast fashion industry's environmental footprint CIRCULAR ECONOMY PRINCIPLES. SUSTAINABLE FASHION PRACTICES Conscious consumer behavior supports the adoption of sustainable fashion practices CONSCIOUS CONSUMER BEHAVIOR. FAST FASHION INDUSTRY The United Nations Environment Programme reported on the fast fashion industry's carbon emissions UNITED NATIONS ENVIRONMENT PROGRAMME. SUSTAINABLE FASHION PRACTICES Designing for clothing longevity is a strategy within sustainable fashion to reduce environmental impact CLOTHING LONGEVITY. FAST FASHION Cotton's environmental issues, such as deforestation and water scarcity, are exacerbated by its use in fast fashion COTTON. FAST FASHION Nylon is utilized in fast fashion, contributing to the industry's environmental footprint through pollution and non-renewable resource consumption NYLON. FAST FASHION The Environmental Protection Agency provides statistics relevant to the environmental impact of the fast fashion industry ENVIRONMENTAL PROTECTION AGENCY. FAST FASHION Fast fashion relies heavily on the use of polyester, impacting the environment through pollution and resource depletion POLYESTER. FAST FASHION The United States is a context where the environmental impact of fast fashion, including landfill space for textiles, is significant UNITED STATES. SUSTAINABLE FASHION PRACTICES Using organic and recycled materials is a key aspect of sustainable fashion practices ORGANIC AND RECYCLED MATERIALS. SUSTAINABLE FASHION PRACTICES Efficient production processes are crucial for reducing waste in sustainable fashion EFFICIENT PRODUCTION PROCESSES. SUSTAINABLE FASHION PRACTICES Conscious consumer behavior supports the adoption of sustainable fashion practices CONSCIOUS CONSUMER BEHAVIOR. SUSTAINABLE FASHION PRACTICES Designing for clothing longevity is a strategy within sustainable fashion to reduce environmental impact CLOTHING LONGEVITY.",
    "evaluation": 0
  },
  {
    "correct_answer": "Textiles account for 5% of all landfill space in the United States.",
    "retrieved_context": "SUSTAINABLE FASHION PRACTICES Using organic and recycled materials is a key aspect of sustainable fashion practices ORGANIC AND RECYCLED MATERIALS. SUSTAINABLE FASHION PRACTICES Efficient production processes are crucial for reducing waste in sustainable fashion EFFICIENT PRODUCTION PROCESSES. SUSTAINABLE FASHION PRACTICES Conscious consumer behavior supports the adoption of sustainable fashion practices CONSCIOUS CONSUMER BEHAVIOR. SUSTAINABLE FASHION PRACTICES Designing for clothing longevity is a strategy within sustainable fashion to reduce environmental impact CLOTHING LONGEVITY. SUSTAINABLE FASHION PRACTICES Using organic and recycled materials is a key aspect of sustainable fashion practices ORGANIC AND RECYCLED MATERIALS. FAST FASHION INDUSTRY The fast fashion industry's transportation activities contribute significantly to greenhouse gas emissions GREENHOUSE GAS EMISSIONS. SUSTAINABLE FASHION PRACTICES Efficient production processes are crucial for reducing waste in sustainable fashion EFFICIENT PRODUCTION PROCESSES. FAST FASHION INDUSTRY The fast fashion industry's reliance on cheap labor in developing countries increases its carbon footprint CHEAP LABOR. FAST FASHION INDUSTRY Sustainable fashion practices are proposed to mitigate the environmental impact of the fast fashion industry SUSTAINABLE FASHION PRACTICES. FAST FASHION INDUSTRY Circular economy principles are suggested to reduce the fast fashion industry's environmental footprint CIRCULAR ECONOMY PRINCIPLES. SUSTAINABLE FASHION PRACTICES Conscious consumer behavior supports the adoption of sustainable fashion practices CONSCIOUS CONSUMER BEHAVIOR. FAST FASHION INDUSTRY The United Nations Environment Programme reported on the fast fashion industry's carbon emissions UNITED NATIONS ENVIRONMENT PROGRAMME. SUSTAINABLE FASHION PRACTICES Designing for clothing longevity is a strategy within sustainable fashion to reduce environmental impact CLOTHING LONGEVITY.",
    "evaluation": 0
  },
  {
    "correct_answer": "Fast fashion trends encourage consumers to discard clothing after only a few wears.",
    "retrieved_context": "FAST FASHION Cotton's environmental issues, such as deforestation and water scarcity, are exacerbated by its use in fast fashion COTTON. FAST FASHION Nylon is utilized in fast fashion, contributing to the industry's environmental footprint through pollution and non-renewable resource consumption NYLON. FAST FASHION The Environmental Protection Agency provides statistics relevant to the environmental impact of the fast fashion industry ENVIRONMENTAL PROTECTION AGENCY. FAST FASHION Fast fashion relies heavily on the use of polyester, impacting the environment through pollution and resource depletion POLYESTER. FAST FASHION The United States is a context where the environmental impact of fast fashion, including landfill space for textiles, is significant UNITED STATES. SUSTAINABLE FASHION PRACTICES Using organic and recycled materials is a key aspect of sustainable fashion practices ORGANIC AND RECYCLED MATERIALS. SUSTAINABLE FASHION PRACTICES Efficient production processes are crucial for reducing waste in sustainable fashion EFFICIENT PRODUCTION PROCESSES. SUSTAINABLE FASHION PRACTICES Conscious consumer behavior supports the adoption of sustainable fashion practices CONSCIOUS CONSUMER BEHAVIOR. SUSTAINABLE FASHION PRACTICES Designing for clothing longevity is a strategy within sustainable fashion to reduce environmental impact CLOTHING LONGEVITY. SUSTAINABLE FASHION PRACTICES Using organic and recycled materials is a key aspect of sustainable fashion practices ORGANIC AND RECYCLED MATERIALS. FAST FASHION INDUSTRY The fast fashion industry's transportation activities contribute significantly to greenhouse gas emissions GREENHOUSE GAS EMISSIONS. SUSTAINABLE FASHION PRACTICES Efficient production processes are crucial for reducing waste in sustainable fashion EFFICIENT PRODUCTION PROCESSES. FAST FASHION INDUSTRY The fast fashion industry's reliance on cheap labor in developing countries increases its carbon footprint CHEAP LABOR. FAST FASHION INDUSTRY Sustainable fashion practices are proposed to mitigate the environmental impact of the fast fashion industry SUSTAINABLE FASHION PRACTICES. FAST FASHION INDUSTRY Circular economy principles are suggested to reduce the fast fashion industry's environmental footprint CIRCULAR ECONOMY PRINCIPLES. SUSTAINABLE FASHION PRACTICES Conscious consumer behavior supports the adoption of sustainable fashion practices CONSCIOUS CONSUMER BEHAVIOR. FAST FASHION INDUSTRY The United Nations Environment Programme reported on the fast fashion industry's carbon emissions UNITED NATIONS ENVIRONMENT PROGRAMME. SUSTAINABLE FASHION PRACTICES Designing for clothing longevity is a strategy within sustainable fashion to reduce environmental impact CLOTHING LONGEVITY.",
    "evaluation": 0
  },
  {
    "correct_answer": "Synthetic fibers in fast fashion garments can take hundreds of years to decompose.",
    "retrieved_context": "SUSTAINABLE FASHION PRACTICES Using organic and recycled materials is a key aspect of sustainable fashion practices ORGANIC AND RECYCLED MATERIALS. FAST FASHION INDUSTRY The fast fashion industry's transportation activities contribute significantly to greenhouse gas emissions GREENHOUSE GAS EMISSIONS. SUSTAINABLE FASHION PRACTICES Efficient production processes are crucial for reducing waste in sustainable fashion EFFICIENT PRODUCTION PROCESSES. FAST FASHION INDUSTRY The fast fashion industry's reliance on cheap labor in developing countries increases its carbon footprint CHEAP LABOR. FAST FASHION INDUSTRY Sustainable fashion practices are proposed to mitigate the environmental impact of the fast fashion industry SUSTAINABLE FASHION PRACTICES. FAST FASHION INDUSTRY Circular economy principles are suggested to reduce the fast fashion industry's environmental footprint CIRCULAR ECONOMY PRINCIPLES. SUSTAINABLE FASHION PRACTICES Conscious consumer behavior supports the adoption of sustainable fashion practices CONSCIOUS CONSUMER BEHAVIOR. FAST FASHION INDUSTRY The United Nations Environment Programme reported on the fast fashion industry's carbon emissions UNITED NATIONS ENVIRONMENT PROGRAMME. SUSTAINABLE FASHION PRACTICES Designing for clothing longevity is a strategy within sustainable fashion to reduce environmental impact CLOTHING LONGEVITY. SUSTAINABLE FASHION PRACTICES Using organic and recycled materials is a key aspect of sustainable fashion practices ORGANIC AND RECYCLED MATERIALS. SUSTAINABLE FASHION PRACTICES Efficient production processes are crucial for reducing waste in sustainable fashion EFFICIENT PRODUCTION PROCESSES. SUSTAINABLE FASHION PRACTICES Conscious consumer behavior supports the adoption of sustainable fashion practices CONSCIOUS CONSUMER BEHAVIOR. SUSTAINABLE FASHION PRACTICES Designing for clothing longevity is a strategy within sustainable fashion to reduce environmental impact CLOTHING LONGEVITY. FAST FASHION Cotton's environmental issues, such as deforestation and water scarcity, are exacerbated by its use in fast fashion COTTON. FAST FASHION Nylon is utilized in fast fashion, contributing to the industry's environmental footprint through pollution and non-renewable resource consumption NYLON. FAST FASHION The Environmental Protection Agency provides statistics relevant to the environmental impact of the fast fashion industry ENVIRONMENTAL PROTECTION AGENCY. FAST FASHION Fast fashion relies heavily on the use of polyester, impacting the environment through pollution and resource depletion POLYESTER. FAST FASHION The United States is a context where the environmental impact of fast fashion, including landfill space for textiles, is significant UNITED STATES.",
    "evaluation": 0
  },
  {
    "correct_answer": "The fashion industry is responsible for 10% of global carbon emissions.",
    "retrieved_context": "SUSTAINABLE FASHION PRACTICES Using organic and recycled materials is a key aspect of sustainable fashion practices ORGANIC AND RECYCLED MATERIALS. SUSTAINABLE FASHION PRACTICES Efficient production processes are crucial for reducing waste in sustainable fashion EFFICIENT PRODUCTION PROCESSES. SUSTAINABLE FASHION PRACTICES Conscious consumer behavior supports the adoption of sustainable fashion practices CONSCIOUS CONSUMER BEHAVIOR. SUSTAINABLE FASHION PRACTICES Designing for clothing longevity is a strategy within sustainable fashion to reduce environmental impact CLOTHING LONGEVITY. SUSTAINABLE FASHION PRACTICES Using organic and recycled materials is a key aspect of sustainable fashion practices ORGANIC AND RECYCLED MATERIALS. FAST FASHION INDUSTRY The fast fashion industry's transportation activities contribute significantly to greenhouse gas emissions GREENHOUSE GAS EMISSIONS. SUSTAINABLE FASHION PRACTICES Efficient production processes are crucial for reducing waste in sustainable fashion EFFICIENT PRODUCTION PROCESSES. FAST FASHION INDUSTRY The fast fashion industry's reliance on cheap labor in developing countries increases its carbon footprint CHEAP LABOR. FAST FASHION INDUSTRY Sustainable fashion practices are proposed to mitigate the environmental impact of the fast fashion industry SUSTAINABLE FASHION PRACTICES. FAST FASHION INDUSTRY Circular economy principles are suggested to reduce the fast fashion industry's environmental footprint CIRCULAR ECONOMY PRINCIPLES. SUSTAINABLE FASHION PRACTICES Conscious consumer behavior supports the adoption of sustainable fashion practices CONSCIOUS CONSUMER BEHAVIOR. FAST FASHION INDUSTRY The United Nations Environment Programme reported on the fast fashion industry's carbon emissions UNITED NATIONS ENVIRONMENT PROGRAMME. SUSTAINABLE FASHION PRACTICES Designing for clothing longevity is a strategy within sustainable fashion to reduce environmental impact CLOTHING LONGEVITY. FAST FASHION Cotton's environmental issues, such as deforestation and water scarcity, are exacerbated by its use in fast fashion COTTON. FAST FASHION Nylon is utilized in fast fashion, contributing to the industry's environmental footprint through pollution and non-renewable resource consumption NYLON. FAST FASHION The Environmental Protection Agency provides statistics relevant to the environmental impact of the fast fashion industry ENVIRONMENTAL PROTECTION AGENCY. FAST FASHION Fast fashion relies heavily on the use of polyester, impacting the environment through pollution and resource depletion POLYESTER. FAST FASHION The United States is a context where the environmental impact of fast fashion, including landfill space for textiles, is significant UNITED STATES.",
    "evaluation": 0
  },
  {
    "correct_answer": "Fast fashion contributes significantly to the fashion industry's carbon footprint.",
    "retrieved_context": "SUSTAINABLE FASHION PRACTICES Using organic and recycled materials is a key aspect of sustainable fashion practices ORGANIC AND RECYCLED MATERIALS. FAST FASHION INDUSTRY The fast fashion industry's transportation activities contribute significantly to greenhouse gas emissions GREENHOUSE GAS EMISSIONS. SUSTAINABLE FASHION PRACTICES Efficient production processes are crucial for reducing waste in sustainable fashion EFFICIENT PRODUCTION PROCESSES. FAST FASHION INDUSTRY The fast fashion industry's reliance on cheap labor in developing countries increases its carbon footprint CHEAP LABOR. FAST FASHION INDUSTRY Sustainable fashion practices are proposed to mitigate the environmental impact of the fast fashion industry SUSTAINABLE FASHION PRACTICES. FAST FASHION INDUSTRY Circular economy principles are suggested to reduce the fast fashion industry's environmental footprint CIRCULAR ECONOMY PRINCIPLES. SUSTAINABLE FASHION PRACTICES Conscious consumer behavior supports the adoption of sustainable fashion practices CONSCIOUS CONSUMER BEHAVIOR. FAST FASHION INDUSTRY The United Nations Environment Programme reported on the fast fashion industry's carbon emissions UNITED NATIONS ENVIRONMENT PROGRAMME. SUSTAINABLE FASHION PRACTICES Designing for clothing longevity is a strategy within sustainable fashion to reduce environmental impact CLOTHING LONGEVITY. FAST FASHION Cotton's environmental issues, such as deforestation and water scarcity, are exacerbated by its use in fast fashion COTTON. FAST FASHION Nylon is utilized in fast fashion, contributing to the industry's environmental footprint through pollution and non-renewable resource consumption NYLON. FAST FASHION The Environmental Protection Agency provides statistics relevant to the environmental impact of the fast fashion industry ENVIRONMENTAL PROTECTION AGENCY. FAST FASHION Fast fashion relies heavily on the use of polyester, impacting the environment through pollution and resource depletion POLYESTER. FAST FASHION The United States is a context where the environmental impact of fast fashion, including landfill space for textiles, is significant UNITED STATES. SUSTAINABLE FASHION PRACTICES Using organic and recycled materials is a key aspect of sustainable fashion practices ORGANIC AND RECYCLED MATERIALS. SUSTAINABLE FASHION PRACTICES Efficient production processes are crucial for reducing waste in sustainable fashion EFFICIENT PRODUCTION PROCESSES. SUSTAINABLE FASHION PRACTICES Conscious consumer behavior supports the adoption of sustainable fashion practices CONSCIOUS CONSUMER BEHAVIOR. SUSTAINABLE FASHION PRACTICES Designing for clothing longevity is a strategy within sustainable fashion to reduce environmental impact CLOTHING LONGEVITY.",
    "evaluation": 1
  },
  {
    "correct_answer": "The transportation of raw materials and finished products in fast fashion results in high greenhouse gas emissions.",
    "retrieved_context": "SUSTAINABLE FASHION PRACTICES Using organic and recycled materials is a key aspect of sustainable fashion practices ORGANIC AND RECYCLED MATERIALS. SUSTAINABLE FASHION PRACTICES Efficient production processes are crucial for reducing waste in sustainable fashion EFFICIENT PRODUCTION PROCESSES. SUSTAINABLE FASHION PRACTICES Conscious consumer behavior supports the adoption of sustainable fashion practices CONSCIOUS CONSUMER BEHAVIOR. SUSTAINABLE FASHION PRACTICES Designing for clothing longevity is a strategy within sustainable fashion to reduce environmental impact CLOTHING LONGEVITY. SUSTAINABLE FASHION PRACTICES Using organic and recycled materials is a key aspect of sustainable fashion practices ORGANIC AND RECYCLED MATERIALS. FAST FASHION INDUSTRY The fast fashion industry's transportation activities contribute significantly to greenhouse gas emissions GREENHOUSE GAS EMISSIONS. SUSTAINABLE FASHION PRACTICES Efficient production processes are crucial for reducing waste in sustainable fashion EFFICIENT PRODUCTION PROCESSES. FAST FASHION INDUSTRY The fast fashion industry's reliance on cheap labor in developing countries increases its carbon footprint CHEAP LABOR. FAST FASHION INDUSTRY Sustainable fashion practices are proposed to mitigate the environmental impact of the fast fashion industry SUSTAINABLE FASHION PRACTICES. FAST FASHION INDUSTRY Circular economy principles are suggested to reduce the fast fashion industry's environmental footprint CIRCULAR ECONOMY PRINCIPLES. SUSTAINABLE FASHION PRACTICES Conscious consumer behavior supports the adoption of sustainable fashion practices CONSCIOUS CONSUMER BEHAVIOR. FAST FASHION INDUSTRY The United Nations Environment Programme reported on the fast fashion industry's carbon emissions UNITED NATIONS ENVIRONMENT PROGRAMME. SUSTAINABLE FASHION PRACTICES Designing for clothing longevity is a strategy within sustainable fashion to reduce environmental impact CLOTHING LONGEVITY.",
    "evaluation": 1
  },
  {
    "correct_answer": "One strategy to address the environmental impact of fast fashion is promoting sustainable fashion practices.",
    "retrieved_context": "SUSTAINABLE FASHION PRACTICES Using organic and recycled materials is a key aspect of sustainable fashion practices ORGANIC AND RECYCLED MATERIALS. SUSTAINABLE FASHION PRACTICES Efficient production processes are crucial for reducing waste in sustainable fashion EFFICIENT PRODUCTION PROCESSES. SUSTAINABLE FASHION PRACTICES Conscious consumer behavior supports the adoption of sustainable fashion practices CONSCIOUS CONSUMER BEHAVIOR. SUSTAINABLE FASHION PRACTICES Designing for clothing longevity is a strategy within sustainable fashion to reduce environmental impact CLOTHING LONGEVITY. FAST FASHION Cotton's environmental issues, such as deforestation and water scarcity, are exacerbated by its use in fast fashion COTTON. FAST FASHION Nylon is utilized in fast fashion, contributing to the industry's environmental footprint through pollution and non-renewable resource consumption NYLON. FAST FASHION The Environmental Protection Agency provides statistics relevant to the environmental impact of the fast fashion industry ENVIRONMENTAL PROTECTION AGENCY. FAST FASHION Fast fashion relies heavily on the use of polyester, impacting the environment through pollution and resource depletion POLYESTER. FAST FASHION The United States is a context where the environmental impact of fast fashion, including landfill space for textiles, is significant UNITED STATES. SUSTAINABLE FASHION PRACTICES Using organic and recycled materials is a key aspect of sustainable fashion practices ORGANIC AND RECYCLED MATERIALS. FAST FASHION INDUSTRY The fast fashion industry's transportation activities contribute significantly to greenhouse gas emissions GREENHOUSE GAS EMISSIONS. SUSTAINABLE FASHION PRACTICES Efficient production processes are crucial for reducing waste in sustainable fashion EFFICIENT PRODUCTION PROCESSES. FAST FASHION INDUSTRY The fast fashion industry's reliance on cheap labor in developing countries increases its carbon footprint CHEAP LABOR. FAST FASHION INDUSTRY Sustainable fashion practices are proposed to mitigate the environmental impact of the fast fashion industry SUSTAINABLE FASHION PRACTICES. FAST FASHION INDUSTRY Circular economy principles are suggested to reduce the fast fashion industry's environmental footprint CIRCULAR ECONOMY PRINCIPLES. SUSTAINABLE FASHION PRACTICES Conscious consumer behavior supports the adoption of sustainable fashion practices CONSCIOUS CONSUMER BEHAVIOR. FAST FASHION INDUSTRY The United Nations Environment Programme reported on the fast fashion industry's carbon emissions UNITED NATIONS ENVIRONMENT PROGRAMME. SUSTAINABLE FASHION PRACTICES Designing for clothing longevity is a strategy within sustainable fashion to reduce environmental impact CLOTHING LONGEVITY.",
    "evaluation": 1
  },
  {
    "correct_answer": "Consumers can play a crucial role in driving change by supporting ethical and sustainable fashion brands.",
    "retrieved_context": "SUSTAINABLE FASHION PRACTICES Using organic and recycled materials is a key aspect of sustainable fashion practices ORGANIC AND RECYCLED MATERIALS. SUSTAINABLE FASHION PRACTICES Efficient production processes are crucial for reducing waste in sustainable fashion EFFICIENT PRODUCTION PROCESSES. SUSTAINABLE FASHION PRACTICES Conscious consumer behavior supports the adoption of sustainable fashion practices CONSCIOUS CONSUMER BEHAVIOR. SUSTAINABLE FASHION PRACTICES Designing for clothing longevity is a strategy within sustainable fashion to reduce environmental impact CLOTHING LONGEVITY. SUSTAINABLE FASHION PRACTICES Using organic and recycled materials is a key aspect of sustainable fashion practices ORGANIC AND RECYCLED MATERIALS. FAST FASHION INDUSTRY The fast fashion industry's transportation activities contribute significantly to greenhouse gas emissions GREENHOUSE GAS EMISSIONS. SUSTAINABLE FASHION PRACTICES Efficient production processes are crucial for reducing waste in sustainable fashion EFFICIENT PRODUCTION PROCESSES. FAST FASHION INDUSTRY The fast fashion industry's reliance on cheap labor in developing countries increases its carbon footprint CHEAP LABOR. FAST FASHION INDUSTRY Sustainable fashion practices are proposed to mitigate the environmental impact of the fast fashion industry SUSTAINABLE FASHION PRACTICES. FAST FASHION INDUSTRY Circular economy principles are suggested to reduce the fast fashion industry's environmental footprint CIRCULAR ECONOMY PRINCIPLES. SUSTAINABLE FASHION PRACTICES Conscious consumer behavior supports the adoption of sustainable fashion practices CONSCIOUS CONSUMER BEHAVIOR. FAST FASHION INDUSTRY The United Nations Environment Programme reported on the fast fashion industry's carbon emissions UNITED NATIONS ENVIRONMENT PROGRAMME. SUSTAINABLE FASHION PRACTICES Designing for clothing longevity is a strategy within sustainable fashion to reduce environmental impact CLOTHING LONGEVITY. FAST FASHION Cotton's environmental issues, such as deforestation and water scarcity, are exacerbated by its use in fast fashion COTTON. FAST FASHION Nylon is utilized in fast fashion, contributing to the industry's environmental footprint through pollution and non-renewable resource consumption NYLON. FAST FASHION The Environmental Protection Agency provides statistics relevant to the environmental impact of the fast fashion industry ENVIRONMENTAL PROTECTION AGENCY. FAST FASHION Fast fashion relies heavily on the use of polyester, impacting the environment through pollution and resource depletion POLYESTER. FAST FASHION The United States is a context where the environmental impact of fast fashion, including landfill space for textiles, is significant UNITED STATES.",
    "evaluation": 0
  },
  {
    "accuracy": "46.67%"
  }
]