[
  {
    "correct_answer": "Forensic science is the application of scientific methods and techniques to solve crimes and legal issues.",
    "retrieved_context": "FORENSIC SCIENCE Forensic science provides evidence that aids in the investigation and prosecution within the criminal justice system CRIMINAL JUSTICE SYSTEM. FORENSIC SCIENCE DNA profiling is one of the techniques used in forensic science to analyze physical evidence DNA PROFILING. FORENSIC SCIENCE Mathematics is used in forensic science for evidence analysis and crime solving MATHEMATICS. FORENSIC SCIENCE Chemistry is utilized in forensic science for evidence analysis CHEMISTRY. FORENSIC SCIENCE Physics is incorporated into forensic science for evidence examination PHYSICS. FORENSIC SCIENCE Chromatography is a technique used in forensic science for analyzing complex mixtures CHROMATOGRAPHY. FORENSIC SCIENCE Microscopy is a technique used in forensic science for evidence collection and analysis MICROSCOPY. FORENSIC SCIENCE Spectroscopy is employed in forensic science for the analysis of evidence SPECTROSCOPY. FORENSIC SCIENCE Biology is one of the disciplines that forensic science uses to analyze evidence BIOLOGY.",
    "evaluation": 1
  },
  {
    "correct_answer": "Forensic science plays a crucial role in the criminal justice system.",
    "retrieved_context": "FORENSIC SCIENCE Forensic science provides evidence that aids in the investigation and prosecution within the criminal justice system CRIMINAL JUSTICE SYSTEM. FORENSIC SCIENCE DNA profiling is one of the techniques used in forensic science to analyze physical evidence DNA PROFILING. FORENSIC SCIENCE Mathematics is used in forensic science for evidence analysis and crime solving MATHEMATICS. FORENSIC SCIENCE Chemistry is utilized in forensic science for evidence analysis CHEMISTRY. FORENSIC SCIENCE Physics is incorporated into forensic science for evidence examination PHYSICS. FORENSIC SCIENCE Chromatography is a technique used in forensic science for analyzing complex mixtures CHROMATOGRAPHY. FORENSIC SCIENCE Microscopy is a technique used in forensic science for evidence collection and analysis MICROSCOPY. FORENSIC SCIENCE Spectroscopy is employed in forensic science for the analysis of evidence SPECTROSCOPY. FORENSIC SCIENCE Biology is one of the disciplines that forensic science uses to analyze evidence BIOLOGY.",
    "evaluation": 1
  },
  {
    "correct_answer": "Forensic science combines various scientific disciplines such as biology, chemistry, physics, and mathematics.",
    "retrieved_context": "FORENSIC SCIENCE Forensic science provides evidence that aids in the investigation and prosecution within the criminal justice system CRIMINAL JUSTICE SYSTEM. FORENSIC SCIENCE DNA profiling is one of the techniques used in forensic science to analyze physical evidence DNA PROFILING. FORENSIC SCIENCE Mathematics is used in forensic science for evidence analysis and crime solving MATHEMATICS. FORENSIC SCIENCE Chemistry is utilized in forensic science for evidence analysis CHEMISTRY. FORENSIC SCIENCE Physics is incorporated into forensic science for evidence examination PHYSICS. FORENSIC SCIENCE Chromatography is a technique used in forensic science for analyzing complex mixtures CHROMATOGRAPHY. FORENSIC SCIENCE Microscopy is a technique used in forensic science for evidence collection and analysis MICROSCOPY. FORENSIC SCIENCE Spectroscopy is employed in forensic science for the analysis of evidence SPECTROSCOPY. FORENSIC SCIENCE Biology is one of the disciplines that forensic science uses to analyze evidence BIOLOGY.",
    "evaluation": 1
  },
  {
    "correct_answer": "Forensic science analyzes physical evidence to draw conclusions for court.",
    "retrieved_context": "FORENSIC SCIENCE Forensic science provides evidence that aids in the investigation and prosecution within the criminal justice system CRIMINAL JUSTICE SYSTEM. FORENSIC SCIENCE DNA profiling is one of the techniques used in forensic science to analyze physical evidence DNA PROFILING. FORENSIC SCIENCE Mathematics is used in forensic science for evidence analysis and crime solving MATHEMATICS. FORENSIC SCIENCE Chemistry is utilized in forensic science for evidence analysis CHEMISTRY. FORENSIC SCIENCE Physics is incorporated into forensic science for evidence examination PHYSICS. FORENSIC SCIENCE Chromatography is a technique used in forensic science for analyzing complex mixtures CHROMATOGRAPHY. FORENSIC SCIENCE Microscopy is a technique used in forensic science for evidence collection and analysis MICROSCOPY. FORENSIC SCIENCE Spectroscopy is employed in forensic science for the analysis of evidence SPECTROSCOPY. FORENSIC SCIENCE Biology is one of the disciplines that forensic science uses to analyze evidence BIOLOGY.",
    "evaluation": 1
  },
  {
    "correct_answer": "Physical evidence in forensic science can include fingerprints, DNA samples, firearms, and tool marks.",
    "retrieved_context": "FORENSIC SCIENCE Forensic science provides evidence that aids in the investigation and prosecution within the criminal justice system CRIMINAL JUSTICE SYSTEM. FORENSIC SCIENCE DNA profiling is one of the techniques used in forensic science to analyze physical evidence DNA PROFILING. FORENSIC SCIENCE Mathematics is used in forensic science for evidence analysis and crime solving MATHEMATICS. FORENSIC SCIENCE Chemistry is utilized in forensic science for evidence analysis CHEMISTRY. FORENSIC SCIENCE Physics is incorporated into forensic science for evidence examination PHYSICS. FORENSIC SCIENCE Chromatography is a technique used in forensic science for analyzing complex mixtures CHROMATOGRAPHY. FORENSIC SCIENCE Microscopy is a technique used in forensic science for evidence collection and analysis MICROSCOPY. FORENSIC SCIENCE Spectroscopy is employed in forensic science for the analysis of evidence SPECTROSCOPY. FORENSIC SCIENCE Biology is one of the disciplines that forensic science uses to analyze evidence BIOLOGY.",
    "evaluation": 0
  },
  {
    "correct_answer": "Forensic scientists use microscopy, spectroscopy, chromatography, and DNA profiling to analyze evidence.",
    "retrieved_context": "FORENSIC SCIENCE Forensic science provides evidence that aids in the investigation and prosecution within the criminal justice system CRIMINAL JUSTICE SYSTEM. FORENSIC SCIENCE DNA profiling is one of the techniques used in forensic science to analyze physical evidence DNA PROFILING. FORENSIC SCIENCE Mathematics is used in forensic science for evidence analysis and crime solving MATHEMATICS. FORENSIC SCIENCE Chemistry is utilized in forensic science for evidence analysis CHEMISTRY. FORENSIC SCIENCE Physics is incorporated into forensic science for evidence examination PHYSICS. FORENSIC SCIENCE Chromatography is a technique used in forensic science for analyzing complex mixtures CHROMATOGRAPHY. FORENSIC SCIENCE Microscopy is a technique used in forensic science for evidence collection and analysis MICROSCOPY. FORENSIC SCIENCE Spectroscopy is employed in forensic science for the analysis of evidence SPECTROSCOPY. FORENSIC SCIENCE Biology is one of the disciplines that forensic science uses to analyze evidence BIOLOGY.",
    "evaluation": 1
  },
  {
    "correct_answer": "Forensic scientists determine details like suspect identity, cause of death, and presence of substances at a crime scene.",
    "retrieved_context": "FORENSIC SCIENCE Forensic science provides evidence that aids in the investigation and prosecution within the criminal justice system CRIMINAL JUSTICE SYSTEM. FORENSIC SCIENCE DNA profiling is one of the techniques used in forensic science to analyze physical evidence DNA PROFILING. FORENSIC SCIENCE Mathematics is used in forensic science for evidence analysis and crime solving MATHEMATICS. FORENSIC SCIENCE Chemistry is utilized in forensic science for evidence analysis CHEMISTRY. FORENSIC SCIENCE Physics is incorporated into forensic science for evidence examination PHYSICS. FORENSIC SCIENCE Chromatography is a technique used in forensic science for analyzing complex mixtures CHROMATOGRAPHY. FORENSIC SCIENCE Microscopy is a technique used in forensic science for evidence collection and analysis MICROSCOPY. FORENSIC SCIENCE Spectroscopy is employed in forensic science for the analysis of evidence SPECTROSCOPY. FORENSIC SCIENCE Biology is one of the disciplines that forensic science uses to analyze evidence BIOLOGY.",
    "evaluation": 0
  },
  {
    "correct_answer": "Forensic science uses advanced technology like scanning electron microscopes and mass spectrometry.",
    "retrieved_context": "FORENSIC SCIENCE Forensic science provides evidence that aids in the investigation and prosecution within the criminal justice system CRIMINAL JUSTICE SYSTEM. FORENSIC SCIENCE DNA profiling is one of the techniques used in forensic science to analyze physical evidence DNA PROFILING. FORENSIC SCIENCE Mathematics is used in forensic science for evidence analysis and crime solving MATHEMATICS. FORENSIC SCIENCE Chemistry is utilized in forensic science for evidence analysis CHEMISTRY. FORENSIC SCIENCE Physics is incorporated into forensic science for evidence examination PHYSICS. FORENSIC SCIENCE Chromatography is a technique used in forensic science for analyzing complex mixtures CHROMATOGRAPHY. FORENSIC SCIENCE Microscopy is a technique used in forensic science for evidence collection and analysis MICROSCOPY. FORENSIC SCIENCE Spectroscopy is employed in forensic science for the analysis of evidence SPECTROSCOPY. FORENSIC SCIENCE Biology is one of the disciplines that forensic science uses to analyze evidence BIOLOGY.",
    "evaluation": 0
  },
  {
    "correct_answer": "Forensic scientists document and preserve crime scenes, collect evidence, and reconstruct events.",
    "retrieved_context": "FORENSIC SCIENCE Forensic science provides evidence that aids in the investigation and prosecution within the criminal justice system CRIMINAL JUSTICE SYSTEM. FORENSIC SCIENCE DNA profiling is one of the techniques used in forensic science to analyze physical evidence DNA PROFILING. FORENSIC SCIENCE Mathematics is used in forensic science for evidence analysis and crime solving MATHEMATICS. FORENSIC SCIENCE Chemistry is utilized in forensic science for evidence analysis CHEMISTRY. FORENSIC SCIENCE Physics is incorporated into forensic science for evidence examination PHYSICS. FORENSIC SCIENCE Chromatography is a technique used in forensic science for analyzing complex mixtures CHROMATOGRAPHY. FORENSIC SCIENCE Microscopy is a technique used in forensic science for evidence collection and analysis MICROSCOPY. FORENSIC SCIENCE Spectroscopy is employed in forensic science for the analysis of evidence SPECTROSCOPY. FORENSIC SCIENCE Biology is one of the disciplines that forensic science uses to analyze evidence BIOLOGY.",
    "evaluation": 0
  },
  {
    "correct_answer": "Forensic scientists interpret evidence and present findings in court.",
    "retrieved_context": "FORENSIC SCIENCE Forensic science provides evidence that aids in the investigation and prosecution within the criminal justice system CRIMINAL JUSTICE SYSTEM. FORENSIC SCIENCE DNA profiling is one of the techniques used in forensic science to analyze physical evidence DNA PROFILING. FORENSIC SCIENCE Mathematics is used in forensic science for evidence analysis and crime solving MATHEMATICS. FORENSIC SCIENCE Chemistry is utilized in forensic science for evidence analysis CHEMISTRY. FORENSIC SCIENCE Physics is incorporated into forensic science for evidence examination PHYSICS. FORENSIC SCIENCE Chromatography is a technique used in forensic science for analyzing complex mixtures CHROMATOGRAPHY. FORENSIC SCIENCE Microscopy is a technique used in forensic science for evidence collection and analysis MICROSCOPY. FORENSIC SCIENCE Spectroscopy is employed in forensic science for the analysis of evidence SPECTROSCOPY. FORENSIC SCIENCE Biology is one of the disciplines that forensic science uses to analyze evidence BIOLOGY.",
    "evaluation": 0
  },
  {
    "correct_answer": "Forensic scientists must analyze complex data and communicate findings effectively.",
    "retrieved_context": "FORENSIC SCIENCE Forensic science provides evidence that aids in the investigation and prosecution within the criminal justice system CRIMINAL JUSTICE SYSTEM. FORENSIC SCIENCE DNA profiling is one of the techniques used in forensic science to analyze physical evidence DNA PROFILING. FORENSIC SCIENCE Mathematics is used in forensic science for evidence analysis and crime solving MATHEMATICS. FORENSIC SCIENCE Chemistry is utilized in forensic science for evidence analysis CHEMISTRY. FORENSIC SCIENCE Physics is incorporated into forensic science for evidence examination PHYSICS. FORENSIC SCIENCE Chromatography is a technique used in forensic science for analyzing complex mixtures CHROMATOGRAPHY. FORENSIC SCIENCE Microscopy is a technique used in forensic science for evidence collection and analysis MICROSCOPY. FORENSIC SCIENCE Spectroscopy is employed in forensic science for the analysis of evidence SPECTROSCOPY. FORENSIC SCIENCE Biology is one of the disciplines that forensic science uses to analyze evidence BIOLOGY.",
    "evaluation": 0
  },
  {
    "correct_answer": "Forensic scientists require technical expertise, critical thinking skills, and attention to detail.",
    "retrieved_context": "FORENSIC SCIENCE Forensic science provides evidence that aids in the investigation and prosecution within the criminal justice system CRIMINAL JUSTICE SYSTEM. FORENSIC SCIENCE DNA profiling is one of the techniques used in forensic science to analyze physical evidence DNA PROFILING. FORENSIC SCIENCE Mathematics is used in forensic science for evidence analysis and crime solving MATHEMATICS. FORENSIC SCIENCE Chemistry is utilized in forensic science for evidence analysis CHEMISTRY. FORENSIC SCIENCE Physics is incorporated into forensic science for evidence examination PHYSICS. FORENSIC SCIENCE Chromatography is a technique used in forensic science for analyzing complex mixtures CHROMATOGRAPHY. FORENSIC SCIENCE Microscopy is a technique used in forensic science for evidence collection and analysis MICROSCOPY. FORENSIC SCIENCE Spectroscopy is employed in forensic science for the analysis of evidence SPECTROSCOPY. FORENSIC SCIENCE Biology is one of the disciplines that forensic science uses to analyze evidence BIOLOGY.",
    "evaluation": 0
  },
  {
    "correct_answer": "Forensic scientists must meticulously document every step of the analysis process.",
    "retrieved_context": "FORENSIC SCIENCE Forensic science provides evidence that aids in the investigation and prosecution within the criminal justice system CRIMINAL JUSTICE SYSTEM. FORENSIC SCIENCE DNA profiling is one of the techniques used in forensic science to analyze physical evidence DNA PROFILING. FORENSIC SCIENCE Mathematics is used in forensic science for evidence analysis and crime solving MATHEMATICS. FORENSIC SCIENCE Chemistry is utilized in forensic science for evidence analysis CHEMISTRY. FORENSIC SCIENCE Physics is incorporated into forensic science for evidence examination PHYSICS. FORENSIC SCIENCE Chromatography is a technique used in forensic science for analyzing complex mixtures CHROMATOGRAPHY. FORENSIC SCIENCE Microscopy is a technique used in forensic science for evidence collection and analysis MICROSCOPY. FORENSIC SCIENCE Spectroscopy is employed in forensic science for the analysis of evidence SPECTROSCOPY. FORENSIC SCIENCE Biology is one of the disciplines that forensic science uses to analyze evidence BIOLOGY.",
    "evaluation": 0
  },
  {
    "correct_answer": "Forensic scientists must handle and process evidence in a controlled and consistent manner.",
    "retrieved_context": "FORENSIC SCIENCE Forensic science provides evidence that aids in the investigation and prosecution within the criminal justice system CRIMINAL JUSTICE SYSTEM. FORENSIC SCIENCE DNA profiling is one of the techniques used in forensic science to analyze physical evidence DNA PROFILING. FORENSIC SCIENCE Mathematics is used in forensic science for evidence analysis and crime solving MATHEMATICS. FORENSIC SCIENCE Chemistry is utilized in forensic science for evidence analysis CHEMISTRY. FORENSIC SCIENCE Physics is incorporated into forensic science for evidence examination PHYSICS. FORENSIC SCIENCE Chromatography is a technique used in forensic science for analyzing complex mixtures CHROMATOGRAPHY. FORENSIC SCIENCE Microscopy is a technique used in forensic science for evidence collection and analysis MICROSCOPY. FORENSIC SCIENCE Spectroscopy is employed in forensic science for the analysis of evidence SPECTROSCOPY. FORENSIC SCIENCE Biology is one of the disciplines that forensic science uses to analyze evidence BIOLOGY.",
    "evaluation": 0
  },
  {
    "correct_answer": "The art of forensic science is a powerful tool in the fight against crime and injustice.",
    "retrieved_context": "FORENSIC SCIENCE Forensic science provides evidence that aids in the investigation and prosecution within the criminal justice system CRIMINAL JUSTICE SYSTEM. FORENSIC SCIENCE DNA profiling is one of the techniques used in forensic science to analyze physical evidence DNA PROFILING. FORENSIC SCIENCE Mathematics is used in forensic science for evidence analysis and crime solving MATHEMATICS. FORENSIC SCIENCE Chemistry is utilized in forensic science for evidence analysis CHEMISTRY. FORENSIC SCIENCE Physics is incorporated into forensic science for evidence examination PHYSICS. FORENSIC SCIENCE Chromatography is a technique used in forensic science for analyzing complex mixtures CHROMATOGRAPHY. FORENSIC SCIENCE Microscopy is a technique used in forensic science for evidence collection and analysis MICROSCOPY. FORENSIC SCIENCE Spectroscopy is employed in forensic science for the analysis of evidence SPECTROSCOPY. FORENSIC SCIENCE Biology is one of the disciplines that forensic science uses to analyze evidence BIOLOGY.",
    "evaluation": 0
  },
  {
    "accuracy": "33.33%"
  }
]