[
  {
    "correct_answer": "Space exploration is a fascinating and groundbreaking endeavor.",
    "retrieved_context": "NASA NASA is planning missions to explore Jupiter and its moons, aiming to study the planet's composition and environment JUPITER. MARS The Perseverance rover, a NASA mission, is actively exploring Mars and searching for signs of past life PERSEVERANCE ROVER. NASA NASA's future missions may include exploring Saturn and its moons to gain insights into the planet's characteristics and potential for life SATURN. NASA NASA's Perseverance rover, part of its Mars exploration efforts, is conducting experiments on the red planet MARS. VOYAGER MISSIONS The Voyager missions are part of the advancements in space exploration that involve international collaboration INTERNATIONAL COOPERATION IN SPACE EXPLORATION. MARS The Perseverance rover, a NASA mission, is actively exploring Mars and searching for signs of past life PERSEVERANCE ROVER. SPACEX SpaceX has plans to send humans to Mars, highlighting its significant role in Mars exploration MARS. MARS ROVERS The Mars rovers are a result of advancements in space technology and international cooperation in space exploration INTERNATIONAL COOPERATION IN SPACE EXPLORATION. MARS The Perseverance rover, a NASA mission, is actively exploring Mars and searching for signs of past life PERSEVERANCE ROVER.",
    "evaluation": 0
  },
  {
    "correct_answer": "Humans have constantly pushed the boundaries of what is possible in space.",
    "retrieved_context": "NASA NASA is planning missions to explore Jupiter and its moons, aiming to study the planet's composition and environment JUPITER. MARS The Perseverance rover, a NASA mission, is actively exploring Mars and searching for signs of past life PERSEVERANCE ROVER. NASA NASA's future missions may include exploring Saturn and its moons to gain insights into the planet's characteristics and potential for life SATURN. NASA NASA's Perseverance rover, part of its Mars exploration efforts, is conducting experiments on the red planet MARS. MARS The Perseverance rover, a NASA mission, is actively exploring Mars and searching for signs of past life PERSEVERANCE ROVER. VOYAGER MISSIONS The Voyager missions are part of the advancements in space exploration that involve international collaboration INTERNATIONAL COOPERATION IN SPACE EXPLORATION. MARS The Perseverance rover, a NASA mission, is actively exploring Mars and searching for signs of past life PERSEVERANCE ROVER. SPACEX SpaceX has plans to send humans to Mars, highlighting its significant role in Mars exploration MARS.",
    "evaluation": 0
  },
  {
    "correct_answer": "The Soviet Union launched the first artificial satellite, Sputnik 1, in 1957.",
    "retrieved_context": "SOVIET UNION Yuri Gagarin, a Soviet astronaut, was the first human to orbit the Earth YURI GAGARIN. SPUTNIK 1 The Soviet Union launched Sputnik 1, initiating the space race SOVIET UNION. SOVIET UNION The Soviet Union's successor, Russia, is one of the countries involved in the operation of the ISS INTERNATIONAL SPACE STATION (ISS). SOVIET UNION Yuri Gagarin, a Soviet astronaut, was the first human to orbit the Earth YURI GAGARIN. INTERNATIONAL SPACE STATION (ISS) The ISS is a significant milestone in international cooperation in space exploration, with astronauts from different countries living and working together in space INTERNATIONAL COOPERATION IN SPACE EXPLORATION. SOVIET UNION The Soviet Union's successor, Russia, is one of the countries involved in the operation of the ISS INTERNATIONAL SPACE STATION (ISS). INTERNATIONAL SPACE STATION (ISS) The ISS is a significant milestone in international cooperation in space exploration, with astronauts from different countries living and working together in space INTERNATIONAL COOPERATION IN SPACE EXPLORATION. NASA NASA is planning missions to explore Jupiter and its moons, aiming to study the planet's composition and environment JUPITER. MARS The Perseverance rover, a NASA mission, is actively exploring Mars and searching for signs of past life PERSEVERANCE ROVER. NASA NASA's future missions may include exploring Saturn and its moons to gain insights into the planet's characteristics and potential for life SATURN. NASA NASA's Perseverance rover, part of its Mars exploration efforts, is conducting experiments on the red planet MARS. NEIL ARMSTRONG Neil Armstrong was a key member of the Apollo 11 mission APOLLO 11.",
    "evaluation": 0
  },
  {
    "correct_answer": "The space race began between the United States and the Soviet Union.",
    "retrieved_context": "SOVIET UNION Yuri Gagarin, a Soviet astronaut, was the first human to orbit the Earth YURI GAGARIN. INTERNATIONAL SPACE STATION (ISS) The ISS is a significant milestone in international cooperation in space exploration, with astronauts from different countries living and working together in space INTERNATIONAL COOPERATION IN SPACE EXPLORATION. SOVIET UNION The Soviet Union's successor, Russia, is one of the countries involved in the operation of the ISS INTERNATIONAL SPACE STATION (ISS). NASA NASA is planning missions to explore Jupiter and its moons, aiming to study the planet's composition and environment JUPITER. MARS The Perseverance rover, a NASA mission, is actively exploring Mars and searching for signs of past life PERSEVERANCE ROVER. NASA NASA's future missions may include exploring Saturn and its moons to gain insights into the planet's characteristics and potential for life SATURN. NASA NASA's Perseverance rover, part of its Mars exploration efforts, is conducting experiments on the red planet MARS. MARS The Perseverance rover, a NASA mission, is actively exploring Mars and searching for signs of past life PERSEVERANCE ROVER. SPACEX SpaceX has plans to send humans to Mars, highlighting its significant role in Mars exploration MARS. SOVIET UNION Yuri Gagarin, a Soviet astronaut, was the first human to orbit the Earth YURI GAGARIN. SPUTNIK 1 The Soviet Union launched Sputnik 1, initiating the space race SOVIET UNION. SOVIET UNION The Soviet Union's successor, Russia, is one of the countries involved in the operation of the ISS INTERNATIONAL SPACE STATION (ISS).",
    "evaluation": 0
  },
  {
    "correct_answer": "Yuri Gagarin became the first human to orbit the Earth in 1961.",
    "retrieved_context": "NEIL ARMSTRONG Neil Armstrong was a key member of the Apollo 11 mission APOLLO 11. SOVIET UNION Yuri Gagarin, a Soviet astronaut, was the first human to orbit the Earth YURI GAGARIN. SPUTNIK 1 The Soviet Union launched Sputnik 1, initiating the space race SOVIET UNION. SOVIET UNION The Soviet Union's successor, Russia, is one of the countries involved in the operation of the ISS INTERNATIONAL SPACE STATION (ISS). NASA NASA is planning missions to explore Jupiter and its moons, aiming to study the planet's composition and environment JUPITER. MARS The Perseverance rover, a NASA mission, is actively exploring Mars and searching for signs of past life PERSEVERANCE ROVER. NASA NASA's future missions may include exploring Saturn and its moons to gain insights into the planet's characteristics and potential for life SATURN. NASA NASA's Perseverance rover, part of its Mars exploration efforts, is conducting experiments on the red planet MARS.",
    "evaluation": 0
  },
  {
    "correct_answer": "Neil Armstrong and Buzz Aldrin were the first humans to walk on the moon in 1969.",
    "retrieved_context": "NEIL ARMSTRONG Neil Armstrong was a key member of the Apollo 11 mission APOLLO 11. BUZZ ALDRIN Buzz Aldrin was a key member of the Apollo 11 mission APOLLO 11. NASA NASA is planning missions to explore Jupiter and its moons, aiming to study the planet's composition and environment JUPITER. MARS The Perseverance rover, a NASA mission, is actively exploring Mars and searching for signs of past life PERSEVERANCE ROVER. NASA NASA's future missions may include exploring Saturn and its moons to gain insights into the planet's characteristics and potential for life SATURN. NASA NASA's Perseverance rover, part of its Mars exploration efforts, is conducting experiments on the red planet MARS. MARS ROVERS The Mars rovers are a result of advancements in space technology and international cooperation in space exploration INTERNATIONAL COOPERATION IN SPACE EXPLORATION. VOYAGER MISSIONS The Voyager missions are part of the advancements in space exploration that involve international collaboration INTERNATIONAL COOPERATION IN SPACE EXPLORATION.",
    "evaluation": 0
  },
  {
    "correct_answer": "Space probes were launched to study other planets in our solar system.",
    "retrieved_context": "NASA NASA is planning missions to explore Jupiter and its moons, aiming to study the planet's composition and environment JUPITER. MARS The Perseverance rover, a NASA mission, is actively exploring Mars and searching for signs of past life PERSEVERANCE ROVER. NASA NASA's future missions may include exploring Saturn and its moons to gain insights into the planet's characteristics and potential for life SATURN. NASA NASA's Perseverance rover, part of its Mars exploration efforts, is conducting experiments on the red planet MARS. VOYAGER MISSIONS The Voyager missions are part of the advancements in space exploration that involve international collaboration INTERNATIONAL COOPERATION IN SPACE EXPLORATION. MARS The Perseverance rover, a NASA mission, is actively exploring Mars and searching for signs of past life PERSEVERANCE ROVER. MARS ROVERS The Mars rovers are a result of advancements in space technology and international cooperation in space exploration INTERNATIONAL COOPERATION IN SPACE EXPLORATION.",
    "evaluation": 1
  },
  {
    "correct_answer": "The International Space Station (ISS) was constructed in the late 1990s.",
    "retrieved_context": "INTERNATIONAL SPACE STATION (ISS) The ISS is a significant milestone in international cooperation in space exploration, with astronauts from different countries living and working together in space INTERNATIONAL COOPERATION IN SPACE EXPLORATION. MARS The Perseverance rover, a NASA mission, is actively exploring Mars and searching for signs of past life PERSEVERANCE ROVER. SPACEX SpaceX has plans to send humans to Mars, highlighting its significant role in Mars exploration MARS. SOVIET UNION Yuri Gagarin, a Soviet astronaut, was the first human to orbit the Earth YURI GAGARIN. SPUTNIK 1 The Soviet Union launched Sputnik 1, initiating the space race SOVIET UNION. SOVIET UNION The Soviet Union's successor, Russia, is one of the countries involved in the operation of the ISS INTERNATIONAL SPACE STATION (ISS). NASA NASA is planning missions to explore Jupiter and its moons, aiming to study the planet's composition and environment JUPITER. MARS The Perseverance rover, a NASA mission, is actively exploring Mars and searching for signs of past life PERSEVERANCE ROVER. NASA NASA's future missions may include exploring Saturn and its moons to gain insights into the planet's characteristics and potential for life SATURN. NASA NASA's Perseverance rover, part of its Mars exploration efforts, is conducting experiments on the red planet MARS.",
    "evaluation": 0
  },
  {
    "correct_answer": "SpaceX developed reusable rockets, reducing the cost of launching payloads into space.",
    "retrieved_context": "MARS The Perseverance rover, a NASA mission, is actively exploring Mars and searching for signs of past life PERSEVERANCE ROVER. SPACEX SpaceX has plans to send humans to Mars, highlighting its significant role in Mars exploration MARS. NASA NASA is planning missions to explore Jupiter and its moons, aiming to study the planet's composition and environment JUPITER. MARS The Perseverance rover, a NASA mission, is actively exploring Mars and searching for signs of past life PERSEVERANCE ROVER. NASA NASA's future missions may include exploring Saturn and its moons to gain insights into the planet's characteristics and potential for life SATURN. NASA NASA's Perseverance rover, part of its Mars exploration efforts, is conducting experiments on the red planet MARS. VOYAGER MISSIONS The Voyager missions are part of the advancements in space exploration that involve international collaboration INTERNATIONAL COOPERATION IN SPACE EXPLORATION. INTERNATIONAL SPACE STATION (ISS) The ISS is a significant milestone in international cooperation in space exploration, with astronauts from different countries living and working together in space INTERNATIONAL COOPERATION IN SPACE EXPLORATION.",
    "evaluation": 0
  },
  {
    "correct_answer": "NASA's Perseverance rover landed on Mars in February 2021.",
    "retrieved_context": "MARS ROVERS The Mars rovers are a result of advancements in space technology and international cooperation in space exploration INTERNATIONAL COOPERATION IN SPACE EXPLORATION. MARS The Perseverance rover, a NASA mission, is actively exploring Mars and searching for signs of past life PERSEVERANCE ROVER. NASA NASA is planning missions to explore Jupiter and its moons, aiming to study the planet's composition and environment JUPITER. MARS The Perseverance rover, a NASA mission, is actively exploring Mars and searching for signs of past life PERSEVERANCE ROVER. NASA NASA's future missions may include exploring Saturn and its moons to gain insights into the planet's characteristics and potential for life SATURN. NASA NASA's Perseverance rover, part of its Mars exploration efforts, is conducting experiments on the red planet MARS. NEIL ARMSTRONG Neil Armstrong was a key member of the Apollo 11 mission APOLLO 11. VOYAGER MISSIONS The Voyager missions are part of the advancements in space exploration that involve international collaboration INTERNATIONAL COOPERATION IN SPACE EXPLORATION.",
    "evaluation": 0
  },
  {
    "correct_answer": "SpaceX plans to send humans to Mars in the coming years.",
    "retrieved_context": "MARS The Perseverance rover, a NASA mission, is actively exploring Mars and searching for signs of past life PERSEVERANCE ROVER. SPACEX SpaceX has plans to send humans to Mars, highlighting its significant role in Mars exploration MARS. MARS The Perseverance rover, a NASA mission, is actively exploring Mars and searching for signs of past life PERSEVERANCE ROVER. NASA NASA is planning missions to explore Jupiter and its moons, aiming to study the planet's composition and environment JUPITER. MARS The Perseverance rover, a NASA mission, is actively exploring Mars and searching for signs of past life PERSEVERANCE ROVER. NASA NASA's future missions may include exploring Saturn and its moons to gain insights into the planet's characteristics and potential for life SATURN. NASA NASA's Perseverance rover, part of its Mars exploration efforts, is conducting experiments on the red planet MARS. VOYAGER MISSIONS The Voyager missions are part of the advancements in space exploration that involve international collaboration INTERNATIONAL COOPERATION IN SPACE EXPLORATION. MARS ROVERS The Mars rovers are a result of advancements in space technology and international cooperation in space exploration INTERNATIONAL COOPERATION IN SPACE EXPLORATION.",
    "evaluation": 0
  },
  {
    "correct_answer": "Missions to explore the outer planets of our solar system are being planned.",
    "retrieved_context": "VOYAGER MISSIONS The Voyager missions are part of the advancements in space exploration that involve international collaboration INTERNATIONAL COOPERATION IN SPACE EXPLORATION. NASA NASA is planning missions to explore Jupiter and its moons, aiming to study the planet's composition and environment JUPITER. MARS The Perseverance rover, a NASA mission, is actively exploring Mars and searching for signs of past life PERSEVERANCE ROVER. NASA NASA's future missions may include exploring Saturn and its moons to gain insights into the planet's characteristics and potential for life SATURN. NASA NASA's Perseverance rover, part of its Mars exploration efforts, is conducting experiments on the red planet MARS. MARS The Perseverance rover, a NASA mission, is actively exploring Mars and searching for signs of past life PERSEVERANCE ROVER. MARS ROVERS The Mars rovers are a result of advancements in space technology and international cooperation in space exploration INTERNATIONAL COOPERATION IN SPACE EXPLORATION.",
    "evaluation": 1
  },
  {
    "correct_answer": "Advancements in space technology include the development of ion propulsion systems.",
    "retrieved_context": "NASA NASA is planning missions to explore Jupiter and its moons, aiming to study the planet's composition and environment JUPITER. MARS The Perseverance rover, a NASA mission, is actively exploring Mars and searching for signs of past life PERSEVERANCE ROVER. NASA NASA's future missions may include exploring Saturn and its moons to gain insights into the planet's characteristics and potential for life SATURN. NASA NASA's Perseverance rover, part of its Mars exploration efforts, is conducting experiments on the red planet MARS. MARS The Perseverance rover, a NASA mission, is actively exploring Mars and searching for signs of past life PERSEVERANCE ROVER. SPACEX SpaceX has plans to send humans to Mars, highlighting its significant role in Mars exploration MARS. INTERNATIONAL SPACE STATION (ISS) The ISS is a significant milestone in international cooperation in space exploration, with astronauts from different countries living and working together in space INTERNATIONAL COOPERATION IN SPACE EXPLORATION. VOYAGER MISSIONS The Voyager missions are part of the advancements in space exploration that involve international collaboration INTERNATIONAL COOPERATION IN SPACE EXPLORATION. MARS ROVERS The Mars rovers are a result of advancements in space technology and international cooperation in space exploration INTERNATIONAL COOPERATION IN SPACE EXPLORATION.",
    "evaluation": 0
  },
  {
    "correct_answer": "Space tourism is gaining traction with companies offering suborbital spaceflights.",
    "retrieved_context": "NASA NASA is planning missions to explore Jupiter and its moons, aiming to study the planet's composition and environment JUPITER. MARS The Perseverance rover, a NASA mission, is actively exploring Mars and searching for signs of past life PERSEVERANCE ROVER. NASA NASA's future missions may include exploring Saturn and its moons to gain insights into the planet's characteristics and potential for life SATURN. NASA NASA's Perseverance rover, part of its Mars exploration efforts, is conducting experiments on the red planet MARS. MARS The Perseverance rover, a NASA mission, is actively exploring Mars and searching for signs of past life PERSEVERANCE ROVER. SPACEX SpaceX has plans to send humans to Mars, highlighting its significant role in Mars exploration MARS. VOYAGER MISSIONS The Voyager missions are part of the advancements in space exploration that involve international collaboration INTERNATIONAL COOPERATION IN SPACE EXPLORATION. INTERNATIONAL SPACE STATION (ISS) The ISS is a significant milestone in international cooperation in space exploration, with astronauts from different countries living and working together in space INTERNATIONAL COOPERATION IN SPACE EXPLORATION. MARS The Perseverance rover, a NASA mission, is actively exploring Mars and searching for signs of past life PERSEVERANCE ROVER.",
    "evaluation": 0
  },
  {
    "correct_answer": "The future of space exploration holds the promise of further discovery and innovation.",
    "retrieved_context": "NASA NASA is planning missions to explore Jupiter and its moons, aiming to study the planet's composition and environment JUPITER. MARS The Perseverance rover, a NASA mission, is actively exploring Mars and searching for signs of past life PERSEVERANCE ROVER. NASA NASA's future missions may include exploring Saturn and its moons to gain insights into the planet's characteristics and potential for life SATURN. NASA NASA's Perseverance rover, part of its Mars exploration efforts, is conducting experiments on the red planet MARS. VOYAGER MISSIONS The Voyager missions are part of the advancements in space exploration that involve international collaboration INTERNATIONAL COOPERATION IN SPACE EXPLORATION. MARS The Perseverance rover, a NASA mission, is actively exploring Mars and searching for signs of past life PERSEVERANCE ROVER. SPACEX SpaceX has plans to send humans to Mars, highlighting its significant role in Mars exploration MARS. MARS ROVERS The Mars rovers are a result of advancements in space technology and international cooperation in space exploration INTERNATIONAL COOPERATION IN SPACE EXPLORATION. INTERNATIONAL SPACE STATION (ISS) The ISS is a significant milestone in international cooperation in space exploration, with astronauts from different countries living and working together in space INTERNATIONAL COOPERATION IN SPACE EXPLORATION.",
    "evaluation": 0
  },
  {
    "accuracy": "13.33%"
  }
]