[
  {
    "correct_answer": "Political systems have evolved significantly over human history.",
    "retrieved_context": "DEMOCRACY World War II underscored the importance of protecting democratic values WORLD WAR II. DEMOCRACY Democracy impacts human societies by promoting values of freedom, justice, and the rule of law HUMAN SOCIETIES. POLITICAL SYSTEMS Democracy is a stage in the evolution of political systems aimed at effective and just governance DEMOCRACY. POLITICAL SYSTEMS The evolution of political systems reflects the ongoing quest of human societies for freedom and justice HUMAN SOCIETIES. DEMOCRACY The rise of totalitarian regimes highlighted the importance of protecting democratic values against unchecked state power TOTALITARIAN REGIMES. DEMOCRACY The Cold War highlighted the importance of democracy in contrast to totalitarian regimes COLD WAR. POLITICAL SYSTEMS The evolution of political systems reflects the ongoing quest of human societies for freedom and justice HUMAN SOCIETIES. HUMAN HISTORY The evolution of political systems is a significant part of human history, adapting to societies' changing needs and values POLITICAL SYSTEMS. POLITICAL SYSTEMS Democracy is a stage in the evolution of political systems aimed at effective and just governance DEMOCRACY. TOTALITARIAN REGIMES Communism is an example of a totalitarian regime COMMUNISM. TOTALITARIAN REGIMES Fascism is an example of a totalitarian regime FASCISM. TRIBAL SYSTEM The tribal system is an early form of political organization that evolved as part of the broader development of political systems POLITICAL SYSTEMS. MONARCHIES Monarchies represent a stage in the evolution of political systems, moving towards more centralized forms of governance POLITICAL SYSTEMS. TRIBAL SYSTEM Monarchies emerged as societies grew beyond the scale where tribal systems were effective MONARCHIES. POLITICAL SYSTEMS Democracy is a stage in the evolution of political systems aimed at effective and just governance DEMOCRACY. MONARCHIES The Enlightenment era introduced ideas that challenged and evolved the concept of monarchies ENLIGHTENMENT ERA. POLITICAL SYSTEMS The evolution of political systems reflects the ongoing quest of human societies for freedom and justice HUMAN SOCIETIES. DEMOCRACY World War II underscored the importance of protecting democratic values WORLD WAR II. DEMOCRACY Democracy impacts human societies by promoting values of freedom, justice, and the rule of law HUMAN SOCIETIES. TOTALITARIAN REGIMES Communism is an example of a totalitarian regime COMMUNISM. TOTALITARIAN REGIMES Fascism is an example of a totalitarian regime FASCISM. DEMOCRACY The rise of totalitarian regimes highlighted the importance of protecting democratic values against unchecked state power TOTALITARIAN REGIMES. DEMOCRACY The Cold War highlighted the importance of democracy in contrast to totalitarian regimes COLD WAR. POLITICAL SYSTEMS Democracy is a stage in the evolution of political systems aimed at effective and just governance DEMOCRACY. ENLIGHTENMENT ERA The Enlightenment era introduced critical thinking and ideas that significantly influenced the evolution of political systems POLITICAL SYSTEMS. ENLIGHTENMENT ERA Montesquieu was a key figure in the Enlightenment era, contributing ideas about the separation of powers MONTESQUIEU. MONTESQUIEU Montesquieu's ideas contributed to the development and spread of democracy DEMOCRACY. POLITICAL SYSTEMS The evolution of political systems reflects the ongoing quest of human societies for freedom and justice HUMAN SOCIETIES. JOHN LOCKE John Locke's ideas about the social contract contributed to the evolution of political systems POLITICAL SYSTEMS. ENLIGHTENMENT ERA John Locke was a key figure in the Enlightenment era, contributing ideas about governance JOHN LOCKE. MONTESQUIEU Montesquieu's ideas about the separation of powers contributed to the evolution of political systems POLITICAL SYSTEMS.",
    "evaluation": 1
  },
  {
    "correct_answer": "Political systems adapt to changing needs and values of societies.",
    "retrieved_context": "DEMOCRACY World War II underscored the importance of protecting democratic values WORLD WAR II. DEMOCRACY Democracy impacts human societies by promoting values of freedom, justice, and the rule of law HUMAN SOCIETIES. POLITICAL SYSTEMS Democracy is a stage in the evolution of political systems aimed at effective and just governance DEMOCRACY. POLITICAL SYSTEMS The evolution of political systems reflects the ongoing quest of human societies for freedom and justice HUMAN SOCIETIES. DEMOCRACY The rise of totalitarian regimes highlighted the importance of protecting democratic values against unchecked state power TOTALITARIAN REGIMES. DEMOCRACY The Cold War highlighted the importance of democracy in contrast to totalitarian regimes COLD WAR. DEMOCRACY World War II underscored the importance of protecting democratic values WORLD WAR II. DEMOCRACY Democracy impacts human societies by promoting values of freedom, justice, and the rule of law HUMAN SOCIETIES. TOTALITARIAN REGIMES Communism is an example of a totalitarian regime COMMUNISM. TOTALITARIAN REGIMES Fascism is an example of a totalitarian regime FASCISM. DEMOCRACY The rise of totalitarian regimes highlighted the importance of protecting democratic values against unchecked state power TOTALITARIAN REGIMES. DEMOCRACY The Cold War highlighted the importance of democracy in contrast to totalitarian regimes COLD WAR. TOTALITARIAN REGIMES Communism is an example of a totalitarian regime COMMUNISM. TOTALITARIAN REGIMES Fascism is an example of a totalitarian regime FASCISM. TRIBAL SYSTEM The tribal system is an early form of political organization that evolved as part of the broader development of political systems POLITICAL SYSTEMS. MONARCHIES Monarchies represent a stage in the evolution of political systems, moving towards more centralized forms of governance POLITICAL SYSTEMS. TRIBAL SYSTEM Monarchies emerged as societies grew beyond the scale where tribal systems were effective MONARCHIES. POLITICAL SYSTEMS Democracy is a stage in the evolution of political systems aimed at effective and just governance DEMOCRACY. MONARCHIES The Enlightenment era introduced ideas that challenged and evolved the concept of monarchies ENLIGHTENMENT ERA. POLITICAL SYSTEMS The evolution of political systems reflects the ongoing quest of human societies for freedom and justice HUMAN SOCIETIES.",
    "evaluation": 1
  },
  {
    "correct_answer": "Ancient forms of governance existed before modern democracies.",
    "retrieved_context": "DEMOCRACY World War II underscored the importance of protecting democratic values WORLD WAR II. DEMOCRACY Democracy impacts human societies by promoting values of freedom, justice, and the rule of law HUMAN SOCIETIES. TOTALITARIAN REGIMES Communism is an example of a totalitarian regime COMMUNISM. TOTALITARIAN REGIMES Fascism is an example of a totalitarian regime FASCISM. DEMOCRACY The rise of totalitarian regimes highlighted the importance of protecting democratic values against unchecked state power TOTALITARIAN REGIMES. DEMOCRACY The Cold War highlighted the importance of democracy in contrast to totalitarian regimes COLD WAR. DEMOCRACY World War II underscored the importance of protecting democratic values WORLD WAR II. DEMOCRACY Democracy impacts human societies by promoting values of freedom, justice, and the rule of law HUMAN SOCIETIES. POLITICAL SYSTEMS Democracy is a stage in the evolution of political systems aimed at effective and just governance DEMOCRACY. POLITICAL SYSTEMS The evolution of political systems reflects the ongoing quest of human societies for freedom and justice HUMAN SOCIETIES. DEMOCRACY The rise of totalitarian regimes highlighted the importance of protecting democratic values against unchecked state power TOTALITARIAN REGIMES. DEMOCRACY The Cold War highlighted the importance of democracy in contrast to totalitarian regimes COLD WAR. TOTALITARIAN REGIMES Communism is an example of a totalitarian regime COMMUNISM. TOTALITARIAN REGIMES Fascism is an example of a totalitarian regime FASCISM. POLITICAL SYSTEMS Democracy is a stage in the evolution of political systems aimed at effective and just governance DEMOCRACY. ENLIGHTENMENT ERA The Enlightenment era introduced critical thinking and ideas that significantly influenced the evolution of political systems POLITICAL SYSTEMS. ENLIGHTENMENT ERA Montesquieu was a key figure in the Enlightenment era, contributing ideas about the separation of powers MONTESQUIEU. MONTESQUIEU Montesquieu's ideas contributed to the development and spread of democracy DEMOCRACY. POLITICAL SYSTEMS The evolution of political systems reflects the ongoing quest of human societies for freedom and justice HUMAN SOCIETIES. JOHN LOCKE John Locke's ideas about the social contract contributed to the evolution of political systems POLITICAL SYSTEMS. ENLIGHTENMENT ERA John Locke was a key figure in the Enlightenment era, contributing ideas about governance JOHN LOCKE. MONTESQUIEU Montesquieu's ideas about the separation of powers contributed to the evolution of political systems POLITICAL SYSTEMS. POLITICAL SYSTEMS The evolution of political systems reflects the ongoing quest of human societies for freedom and justice HUMAN SOCIETIES. HUMAN HISTORY The evolution of political systems is a significant part of human history, adapting to societies' changing needs and values POLITICAL SYSTEMS. POLITICAL SYSTEMS Democracy is a stage in the evolution of political systems aimed at effective and just governance DEMOCRACY. MONARCHIES Monarchies represent a stage in the evolution of political systems, moving towards more centralized forms of governance POLITICAL SYSTEMS. POLITICAL SYSTEMS Democracy is a stage in the evolution of political systems aimed at effective and just governance DEMOCRACY. ENLIGHTENMENT ERA The Enlightenment era introduced critical thinking and ideas that significantly influenced the evolution of political systems POLITICAL SYSTEMS. ENLIGHTENMENT ERA Montesquieu was a key figure in the Enlightenment era, contributing ideas about the separation of powers MONTESQUIEU. MONARCHIES The Enlightenment era introduced ideas that challenged and evolved the concept of monarchies ENLIGHTENMENT ERA. POLITICAL SYSTEMS The evolution of political systems reflects the ongoing quest of human societies for freedom and justice HUMAN SOCIETIES. ENLIGHTENMENT ERA John Locke was a key figure in the Enlightenment era, contributing ideas about governance JOHN LOCKE.",
    "evaluation": 0
  },
  {
    "correct_answer": "Tribal system was one of the earliest forms of political organization.",
    "retrieved_context": "TRIBAL SYSTEM The tribal system is an early form of political organization that evolved as part of the broader development of political systems POLITICAL SYSTEMS. MONARCHIES Monarchies represent a stage in the evolution of political systems, moving towards more centralized forms of governance POLITICAL SYSTEMS. TRIBAL SYSTEM Monarchies emerged as societies grew beyond the scale where tribal systems were effective MONARCHIES. POLITICAL SYSTEMS Democracy is a stage in the evolution of political systems aimed at effective and just governance DEMOCRACY. MONARCHIES The Enlightenment era introduced ideas that challenged and evolved the concept of monarchies ENLIGHTENMENT ERA. POLITICAL SYSTEMS The evolution of political systems reflects the ongoing quest of human societies for freedom and justice HUMAN SOCIETIES. DEMOCRACY World War II underscored the importance of protecting democratic values WORLD WAR II. DEMOCRACY Democracy impacts human societies by promoting values of freedom, justice, and the rule of law HUMAN SOCIETIES. POLITICAL SYSTEMS Democracy is a stage in the evolution of political systems aimed at effective and just governance DEMOCRACY. POLITICAL SYSTEMS The evolution of political systems reflects the ongoing quest of human societies for freedom and justice HUMAN SOCIETIES. DEMOCRACY The rise of totalitarian regimes highlighted the importance of protecting democratic values against unchecked state power TOTALITARIAN REGIMES. DEMOCRACY The Cold War highlighted the importance of democracy in contrast to totalitarian regimes COLD WAR. POLITICAL SYSTEMS The evolution of political systems reflects the ongoing quest of human societies for freedom and justice HUMAN SOCIETIES. HUMAN HISTORY The evolution of political systems is a significant part of human history, adapting to societies' changing needs and values POLITICAL SYSTEMS. POLITICAL SYSTEMS Democracy is a stage in the evolution of political systems aimed at effective and just governance DEMOCRACY. TOTALITARIAN REGIMES Communism is an example of a totalitarian regime COMMUNISM. TOTALITARIAN REGIMES Fascism is an example of a totalitarian regime FASCISM. DEMOCRACY World War II underscored the importance of protecting democratic values WORLD WAR II. DEMOCRACY Democracy impacts human societies by promoting values of freedom, justice, and the rule of law HUMAN SOCIETIES. TOTALITARIAN REGIMES Communism is an example of a totalitarian regime COMMUNISM. TOTALITARIAN REGIMES Fascism is an example of a totalitarian regime FASCISM. DEMOCRACY The rise of totalitarian regimes highlighted the importance of protecting democratic values against unchecked state power TOTALITARIAN REGIMES. DEMOCRACY The Cold War highlighted the importance of democracy in contrast to totalitarian regimes COLD WAR. POLITICAL SYSTEMS Democracy is a stage in the evolution of political systems aimed at effective and just governance DEMOCRACY. ENLIGHTENMENT ERA The Enlightenment era introduced critical thinking and ideas that significantly influenced the evolution of political systems POLITICAL SYSTEMS. ENLIGHTENMENT ERA Montesquieu was a key figure in the Enlightenment era, contributing ideas about the separation of powers MONTESQUIEU. MONTESQUIEU Montesquieu's ideas contributed to the development and spread of democracy DEMOCRACY. POLITICAL SYSTEMS The evolution of political systems reflects the ongoing quest of human societies for freedom and justice HUMAN SOCIETIES. JOHN LOCKE John Locke's ideas about the social contract contributed to the evolution of political systems POLITICAL SYSTEMS. ENLIGHTENMENT ERA John Locke was a key figure in the Enlightenment era, contributing ideas about governance JOHN LOCKE. MONTESQUIEU Montesquieu's ideas about the separation of powers contributed to the evolution of political systems POLITICAL SYSTEMS.",
    "evaluation": 1
  },
  {
    "correct_answer": "Leadership in tribal systems was based on personal characteristics like strength or wisdom.",
    "retrieved_context": "TRIBAL SYSTEM The tribal system is an early form of political organization that evolved as part of the broader development of political systems POLITICAL SYSTEMS. MONARCHIES Monarchies represent a stage in the evolution of political systems, moving towards more centralized forms of governance POLITICAL SYSTEMS. TRIBAL SYSTEM Monarchies emerged as societies grew beyond the scale where tribal systems were effective MONARCHIES. POLITICAL SYSTEMS Democracy is a stage in the evolution of political systems aimed at effective and just governance DEMOCRACY. MONARCHIES The Enlightenment era introduced ideas that challenged and evolved the concept of monarchies ENLIGHTENMENT ERA. POLITICAL SYSTEMS The evolution of political systems reflects the ongoing quest of human societies for freedom and justice HUMAN SOCIETIES. DEMOCRACY World War II underscored the importance of protecting democratic values WORLD WAR II. DEMOCRACY Democracy impacts human societies by promoting values of freedom, justice, and the rule of law HUMAN SOCIETIES. POLITICAL SYSTEMS Democracy is a stage in the evolution of political systems aimed at effective and just governance DEMOCRACY. POLITICAL SYSTEMS The evolution of political systems reflects the ongoing quest of human societies for freedom and justice HUMAN SOCIETIES. DEMOCRACY The rise of totalitarian regimes highlighted the importance of protecting democratic values against unchecked state power TOTALITARIAN REGIMES. DEMOCRACY The Cold War highlighted the importance of democracy in contrast to totalitarian regimes COLD WAR. POLITICAL SYSTEMS The evolution of political systems reflects the ongoing quest of human societies for freedom and justice HUMAN SOCIETIES. HUMAN HISTORY The evolution of political systems is a significant part of human history, adapting to societies' changing needs and values POLITICAL SYSTEMS. POLITICAL SYSTEMS Democracy is a stage in the evolution of political systems aimed at effective and just governance DEMOCRACY. POLITICAL SYSTEMS Democracy is a stage in the evolution of political systems aimed at effective and just governance DEMOCRACY. ENLIGHTENMENT ERA The Enlightenment era introduced critical thinking and ideas that significantly influenced the evolution of political systems POLITICAL SYSTEMS. ENLIGHTENMENT ERA Montesquieu was a key figure in the Enlightenment era, contributing ideas about the separation of powers MONTESQUIEU. MONTESQUIEU Montesquieu's ideas contributed to the development and spread of democracy DEMOCRACY. POLITICAL SYSTEMS The evolution of political systems reflects the ongoing quest of human societies for freedom and justice HUMAN SOCIETIES. JOHN LOCKE John Locke's ideas about the social contract contributed to the evolution of political systems POLITICAL SYSTEMS. ENLIGHTENMENT ERA John Locke was a key figure in the Enlightenment era, contributing ideas about governance JOHN LOCKE. MONTESQUIEU Montesquieu's ideas about the separation of powers contributed to the evolution of political systems POLITICAL SYSTEMS. DEMOCRACY World War II underscored the importance of protecting democratic values WORLD WAR II. DEMOCRACY Democracy impacts human societies by promoting values of freedom, justice, and the rule of law HUMAN SOCIETIES. TOTALITARIAN REGIMES Communism is an example of a totalitarian regime COMMUNISM. TOTALITARIAN REGIMES Fascism is an example of a totalitarian regime FASCISM. DEMOCRACY The rise of totalitarian regimes highlighted the importance of protecting democratic values against unchecked state power TOTALITARIAN REGIMES. DEMOCRACY The Cold War highlighted the importance of democracy in contrast to totalitarian regimes COLD WAR. TOTALITARIAN REGIMES Communism is an example of a totalitarian regime COMMUNISM. TOTALITARIAN REGIMES Fascism is an example of a totalitarian regime FASCISM. POLITICAL SYSTEMS The evolution of political systems reflects the ongoing quest of human societies for freedom and justice HUMAN SOCIETIES. JOHN LOCKE John Locke's ideas about the social contract contributed to the evolution of political systems POLITICAL SYSTEMS. POLITICAL SYSTEMS Democracy is a stage in the evolution of political systems aimed at effective and just governance DEMOCRACY.",
    "evaluation": 0
  },
  {
    "correct_answer": "Decision-making in tribal systems was decentralized among community members.",
    "retrieved_context": "TRIBAL SYSTEM The tribal system is an early form of political organization that evolved as part of the broader development of political systems POLITICAL SYSTEMS. MONARCHIES Monarchies represent a stage in the evolution of political systems, moving towards more centralized forms of governance POLITICAL SYSTEMS. TRIBAL SYSTEM Monarchies emerged as societies grew beyond the scale where tribal systems were effective MONARCHIES. POLITICAL SYSTEMS Democracy is a stage in the evolution of political systems aimed at effective and just governance DEMOCRACY. MONARCHIES The Enlightenment era introduced ideas that challenged and evolved the concept of monarchies ENLIGHTENMENT ERA. POLITICAL SYSTEMS The evolution of political systems reflects the ongoing quest of human societies for freedom and justice HUMAN SOCIETIES. DEMOCRACY World War II underscored the importance of protecting democratic values WORLD WAR II. DEMOCRACY Democracy impacts human societies by promoting values of freedom, justice, and the rule of law HUMAN SOCIETIES. POLITICAL SYSTEMS Democracy is a stage in the evolution of political systems aimed at effective and just governance DEMOCRACY. POLITICAL SYSTEMS The evolution of political systems reflects the ongoing quest of human societies for freedom and justice HUMAN SOCIETIES. DEMOCRACY The rise of totalitarian regimes highlighted the importance of protecting democratic values against unchecked state power TOTALITARIAN REGIMES. DEMOCRACY The Cold War highlighted the importance of democracy in contrast to totalitarian regimes COLD WAR. DEMOCRACY World War II underscored the importance of protecting democratic values WORLD WAR II. DEMOCRACY Democracy impacts human societies by promoting values of freedom, justice, and the rule of law HUMAN SOCIETIES. TOTALITARIAN REGIMES Communism is an example of a totalitarian regime COMMUNISM. TOTALITARIAN REGIMES Fascism is an example of a totalitarian regime FASCISM. DEMOCRACY The rise of totalitarian regimes highlighted the importance of protecting democratic values against unchecked state power TOTALITARIAN REGIMES. DEMOCRACY The Cold War highlighted the importance of democracy in contrast to totalitarian regimes COLD WAR. TOTALITARIAN REGIMES Communism is an example of a totalitarian regime COMMUNISM. TOTALITARIAN REGIMES Fascism is an example of a totalitarian regime FASCISM. POLITICAL SYSTEMS The evolution of political systems reflects the ongoing quest of human societies for freedom and justice HUMAN SOCIETIES. HUMAN HISTORY The evolution of political systems is a significant part of human history, adapting to societies' changing needs and values POLITICAL SYSTEMS. POLITICAL SYSTEMS Democracy is a stage in the evolution of political systems aimed at effective and just governance DEMOCRACY.",
    "evaluation": 0
  },
  {
    "correct_answer": "Monarchies emerged as societies grew in size and complexity.",
    "retrieved_context": "MONARCHIES Monarchies represent a stage in the evolution of political systems, moving towards more centralized forms of governance POLITICAL SYSTEMS. POLITICAL SYSTEMS Democracy is a stage in the evolution of political systems aimed at effective and just governance DEMOCRACY. ENLIGHTENMENT ERA The Enlightenment era introduced critical thinking and ideas that significantly influenced the evolution of political systems POLITICAL SYSTEMS. ENLIGHTENMENT ERA Montesquieu was a key figure in the Enlightenment era, contributing ideas about the separation of powers MONTESQUIEU. MONARCHIES The Enlightenment era introduced ideas that challenged and evolved the concept of monarchies ENLIGHTENMENT ERA. POLITICAL SYSTEMS The evolution of political systems reflects the ongoing quest of human societies for freedom and justice HUMAN SOCIETIES. ENLIGHTENMENT ERA John Locke was a key figure in the Enlightenment era, contributing ideas about governance JOHN LOCKE. POLITICAL SYSTEMS Democracy is a stage in the evolution of political systems aimed at effective and just governance DEMOCRACY. ENLIGHTENMENT ERA The Enlightenment era introduced critical thinking and ideas that significantly influenced the evolution of political systems POLITICAL SYSTEMS. ENLIGHTENMENT ERA Montesquieu was a key figure in the Enlightenment era, contributing ideas about the separation of powers MONTESQUIEU. MONTESQUIEU Montesquieu's ideas contributed to the development and spread of democracy DEMOCRACY. POLITICAL SYSTEMS The evolution of political systems reflects the ongoing quest of human societies for freedom and justice HUMAN SOCIETIES. JOHN LOCKE John Locke's ideas about the social contract contributed to the evolution of political systems POLITICAL SYSTEMS. ENLIGHTENMENT ERA John Locke was a key figure in the Enlightenment era, contributing ideas about governance JOHN LOCKE. MONTESQUIEU Montesquieu's ideas about the separation of powers contributed to the evolution of political systems POLITICAL SYSTEMS. POLITICAL SYSTEMS The evolution of political systems reflects the ongoing quest of human societies for freedom and justice HUMAN SOCIETIES. HUMAN HISTORY The evolution of political systems is a significant part of human history, adapting to societies' changing needs and values POLITICAL SYSTEMS. POLITICAL SYSTEMS Democracy is a stage in the evolution of political systems aimed at effective and just governance DEMOCRACY. TOTALITARIAN REGIMES Communism is an example of a totalitarian regime COMMUNISM. TOTALITARIAN REGIMES Fascism is an example of a totalitarian regime FASCISM. DEMOCRACY World War II underscored the importance of protecting democratic values WORLD WAR II. DEMOCRACY Democracy impacts human societies by promoting values of freedom, justice, and the rule of law HUMAN SOCIETIES. POLITICAL SYSTEMS Democracy is a stage in the evolution of political systems aimed at effective and just governance DEMOCRACY. POLITICAL SYSTEMS The evolution of political systems reflects the ongoing quest of human societies for freedom and justice HUMAN SOCIETIES. DEMOCRACY The rise of totalitarian regimes highlighted the importance of protecting democratic values against unchecked state power TOTALITARIAN REGIMES. DEMOCRACY The Cold War highlighted the importance of democracy in contrast to totalitarian regimes COLD WAR. DEMOCRACY World War II underscored the importance of protecting democratic values WORLD WAR II. DEMOCRACY Democracy impacts human societies by promoting values of freedom, justice, and the rule of law HUMAN SOCIETIES. TOTALITARIAN REGIMES Communism is an example of a totalitarian regime COMMUNISM. TOTALITARIAN REGIMES Fascism is an example of a totalitarian regime FASCISM. DEMOCRACY The rise of totalitarian regimes highlighted the importance of protecting democratic values against unchecked state power TOTALITARIAN REGIMES. DEMOCRACY The Cold War highlighted the importance of democracy in contrast to totalitarian regimes COLD WAR.",
    "evaluation": 0
  },
  {
    "correct_answer": "Monarchies concentrated power in the hands of a single ruler or ruling family.",
    "retrieved_context": "MONARCHIES Monarchies represent a stage in the evolution of political systems, moving towards more centralized forms of governance POLITICAL SYSTEMS. POLITICAL SYSTEMS Democracy is a stage in the evolution of political systems aimed at effective and just governance DEMOCRACY. ENLIGHTENMENT ERA The Enlightenment era introduced critical thinking and ideas that significantly influenced the evolution of political systems POLITICAL SYSTEMS. ENLIGHTENMENT ERA Montesquieu was a key figure in the Enlightenment era, contributing ideas about the separation of powers MONTESQUIEU. MONARCHIES The Enlightenment era introduced ideas that challenged and evolved the concept of monarchies ENLIGHTENMENT ERA. POLITICAL SYSTEMS The evolution of political systems reflects the ongoing quest of human societies for freedom and justice HUMAN SOCIETIES. ENLIGHTENMENT ERA John Locke was a key figure in the Enlightenment era, contributing ideas about governance JOHN LOCKE. TOTALITARIAN REGIMES Communism is an example of a totalitarian regime COMMUNISM. TOTALITARIAN REGIMES Fascism is an example of a totalitarian regime FASCISM. DEMOCRACY World War II underscored the importance of protecting democratic values WORLD WAR II. DEMOCRACY Democracy impacts human societies by promoting values of freedom, justice, and the rule of law HUMAN SOCIETIES. TOTALITARIAN REGIMES Communism is an example of a totalitarian regime COMMUNISM. TOTALITARIAN REGIMES Fascism is an example of a totalitarian regime FASCISM. DEMOCRACY The rise of totalitarian regimes highlighted the importance of protecting democratic values against unchecked state power TOTALITARIAN REGIMES. DEMOCRACY The Cold War highlighted the importance of democracy in contrast to totalitarian regimes COLD WAR. DEMOCRACY World War II underscored the importance of protecting democratic values WORLD WAR II. DEMOCRACY Democracy impacts human societies by promoting values of freedom, justice, and the rule of law HUMAN SOCIETIES. POLITICAL SYSTEMS Democracy is a stage in the evolution of political systems aimed at effective and just governance DEMOCRACY. POLITICAL SYSTEMS The evolution of political systems reflects the ongoing quest of human societies for freedom and justice HUMAN SOCIETIES. DEMOCRACY The rise of totalitarian regimes highlighted the importance of protecting democratic values against unchecked state power TOTALITARIAN REGIMES. DEMOCRACY The Cold War highlighted the importance of democracy in contrast to totalitarian regimes COLD WAR. POLITICAL SYSTEMS Democracy is a stage in the evolution of political systems aimed at effective and just governance DEMOCRACY. ENLIGHTENMENT ERA The Enlightenment era introduced critical thinking and ideas that significantly influenced the evolution of political systems POLITICAL SYSTEMS. ENLIGHTENMENT ERA Montesquieu was a key figure in the Enlightenment era, contributing ideas about the separation of powers MONTESQUIEU. MONTESQUIEU Montesquieu's ideas contributed to the development and spread of democracy DEMOCRACY. POLITICAL SYSTEMS The evolution of political systems reflects the ongoing quest of human societies for freedom and justice HUMAN SOCIETIES. JOHN LOCKE John Locke's ideas about the social contract contributed to the evolution of political systems POLITICAL SYSTEMS. ENLIGHTENMENT ERA John Locke was a key figure in the Enlightenment era, contributing ideas about governance JOHN LOCKE. MONTESQUIEU Montesquieu's ideas about the separation of powers contributed to the evolution of political systems POLITICAL SYSTEMS. POLITICAL SYSTEMS The evolution of political systems reflects the ongoing quest of human societies for freedom and justice HUMAN SOCIETIES. JOHN LOCKE John Locke's ideas about the social contract contributed to the evolution of political systems POLITICAL SYSTEMS. POLITICAL SYSTEMS Democracy is a stage in the evolution of political systems aimed at effective and just governance DEMOCRACY. DEMOCRACY World War II underscored the importance of protecting democratic values WORLD WAR II. FRENCH REVOLUTION OF 1789 The French Revolution inspired movements for democracy and the establishment of democratic governments worldwide DEMOCRACY. FRENCH REVOLUTION OF 1789 The French Revolution led to the rise of republican forms of government REPUBLICAN FORMS OF GOVERNMENT. DEMOCRACY Democracy impacts human societies by promoting values of freedom, justice, and the rule of law HUMAN SOCIETIES. DEMOCRACY The rise of totalitarian regimes highlighted the importance of protecting democratic values against unchecked state power TOTALITARIAN REGIMES. DEMOCRACY The Cold War highlighted the importance of democracy in contrast to totalitarian regimes COLD WAR.",
    "evaluation": 0
  },
  {
    "correct_answer": "Monarchies evolved to include systems of checks and balances over time.",
    "retrieved_context": "MONARCHIES Monarchies represent a stage in the evolution of political systems, moving towards more centralized forms of governance POLITICAL SYSTEMS. POLITICAL SYSTEMS Democracy is a stage in the evolution of political systems aimed at effective and just governance DEMOCRACY. ENLIGHTENMENT ERA The Enlightenment era introduced critical thinking and ideas that significantly influenced the evolution of political systems POLITICAL SYSTEMS. ENLIGHTENMENT ERA Montesquieu was a key figure in the Enlightenment era, contributing ideas about the separation of powers MONTESQUIEU. MONARCHIES The Enlightenment era introduced ideas that challenged and evolved the concept of monarchies ENLIGHTENMENT ERA. POLITICAL SYSTEMS The evolution of political systems reflects the ongoing quest of human societies for freedom and justice HUMAN SOCIETIES. ENLIGHTENMENT ERA John Locke was a key figure in the Enlightenment era, contributing ideas about governance JOHN LOCKE. DEMOCRACY World War II underscored the importance of protecting democratic values WORLD WAR II. DEMOCRACY Democracy impacts human societies by promoting values of freedom, justice, and the rule of law HUMAN SOCIETIES. POLITICAL SYSTEMS Democracy is a stage in the evolution of political systems aimed at effective and just governance DEMOCRACY. POLITICAL SYSTEMS The evolution of political systems reflects the ongoing quest of human societies for freedom and justice HUMAN SOCIETIES. DEMOCRACY The rise of totalitarian regimes highlighted the importance of protecting democratic values against unchecked state power TOTALITARIAN REGIMES. DEMOCRACY The Cold War highlighted the importance of democracy in contrast to totalitarian regimes COLD WAR. POLITICAL SYSTEMS The evolution of political systems reflects the ongoing quest of human societies for freedom and justice HUMAN SOCIETIES. HUMAN HISTORY The evolution of political systems is a significant part of human history, adapting to societies' changing needs and values POLITICAL SYSTEMS. POLITICAL SYSTEMS Democracy is a stage in the evolution of political systems aimed at effective and just governance DEMOCRACY. TOTALITARIAN REGIMES Communism is an example of a totalitarian regime COMMUNISM. TOTALITARIAN REGIMES Fascism is an example of a totalitarian regime FASCISM. DEMOCRACY World War II underscored the importance of protecting democratic values WORLD WAR II. DEMOCRACY Democracy impacts human societies by promoting values of freedom, justice, and the rule of law HUMAN SOCIETIES. TOTALITARIAN REGIMES Communism is an example of a totalitarian regime COMMUNISM. TOTALITARIAN REGIMES Fascism is an example of a totalitarian regime FASCISM. DEMOCRACY The rise of totalitarian regimes highlighted the importance of protecting democratic values against unchecked state power TOTALITARIAN REGIMES. DEMOCRACY The Cold War highlighted the importance of democracy in contrast to totalitarian regimes COLD WAR. POLITICAL SYSTEMS Democracy is a stage in the evolution of political systems aimed at effective and just governance DEMOCRACY. ENLIGHTENMENT ERA The Enlightenment era introduced critical thinking and ideas that significantly influenced the evolution of political systems POLITICAL SYSTEMS. ENLIGHTENMENT ERA Montesquieu was a key figure in the Enlightenment era, contributing ideas about the separation of powers MONTESQUIEU. MONTESQUIEU Montesquieu's ideas contributed to the development and spread of democracy DEMOCRACY. POLITICAL SYSTEMS The evolution of political systems reflects the ongoing quest of human societies for freedom and justice HUMAN SOCIETIES. JOHN LOCKE John Locke's ideas about the social contract contributed to the evolution of political systems POLITICAL SYSTEMS. ENLIGHTENMENT ERA John Locke was a key figure in the Enlightenment era, contributing ideas about governance JOHN LOCKE. MONTESQUIEU Montesquieu's ideas about the separation of powers contributed to the evolution of political systems POLITICAL SYSTEMS. TRIBAL SYSTEM The tribal system is an early form of political organization that evolved as part of the broader development of political systems POLITICAL SYSTEMS. MONARCHIES Monarchies represent a stage in the evolution of political systems, moving towards more centralized forms of governance POLITICAL SYSTEMS. TRIBAL SYSTEM Monarchies emerged as societies grew beyond the scale where tribal systems were effective MONARCHIES. POLITICAL SYSTEMS Democracy is a stage in the evolution of political systems aimed at effective and just governance DEMOCRACY. MONARCHIES The Enlightenment era introduced ideas that challenged and evolved the concept of monarchies ENLIGHTENMENT ERA. POLITICAL SYSTEMS The evolution of political systems reflects the ongoing quest of human societies for freedom and justice HUMAN SOCIETIES.",
    "evaluation": 0
  },
  {
    "correct_answer": "Enlightenment era marked a turning point in political systems evolution.",
    "retrieved_context": "POLITICAL SYSTEMS Democracy is a stage in the evolution of political systems aimed at effective and just governance DEMOCRACY. ENLIGHTENMENT ERA The Enlightenment era introduced critical thinking and ideas that significantly influenced the evolution of political systems POLITICAL SYSTEMS. ENLIGHTENMENT ERA Montesquieu was a key figure in the Enlightenment era, contributing ideas about the separation of powers MONTESQUIEU. MONTESQUIEU Montesquieu's ideas contributed to the development and spread of democracy DEMOCRACY. POLITICAL SYSTEMS The evolution of political systems reflects the ongoing quest of human societies for freedom and justice HUMAN SOCIETIES. JOHN LOCKE John Locke's ideas about the social contract contributed to the evolution of political systems POLITICAL SYSTEMS. ENLIGHTENMENT ERA John Locke was a key figure in the Enlightenment era, contributing ideas about governance JOHN LOCKE. MONTESQUIEU Montesquieu's ideas about the separation of powers contributed to the evolution of political systems POLITICAL SYSTEMS. DEMOCRACY World War II underscored the importance of protecting democratic values WORLD WAR II. DEMOCRACY Democracy impacts human societies by promoting values of freedom, justice, and the rule of law HUMAN SOCIETIES. POLITICAL SYSTEMS Democracy is a stage in the evolution of political systems aimed at effective and just governance DEMOCRACY. POLITICAL SYSTEMS The evolution of political systems reflects the ongoing quest of human societies for freedom and justice HUMAN SOCIETIES. DEMOCRACY The rise of totalitarian regimes highlighted the importance of protecting democratic values against unchecked state power TOTALITARIAN REGIMES. DEMOCRACY The Cold War highlighted the importance of democracy in contrast to totalitarian regimes COLD WAR. DEMOCRACY World War II underscored the importance of protecting democratic values WORLD WAR II. DEMOCRACY Democracy impacts human societies by promoting values of freedom, justice, and the rule of law HUMAN SOCIETIES. TOTALITARIAN REGIMES Communism is an example of a totalitarian regime COMMUNISM. TOTALITARIAN REGIMES Fascism is an example of a totalitarian regime FASCISM. DEMOCRACY The rise of totalitarian regimes highlighted the importance of protecting democratic values against unchecked state power TOTALITARIAN REGIMES. DEMOCRACY The Cold War highlighted the importance of democracy in contrast to totalitarian regimes COLD WAR. TOTALITARIAN REGIMES Communism is an example of a totalitarian regime COMMUNISM. TOTALITARIAN REGIMES Fascism is an example of a totalitarian regime FASCISM. POLITICAL SYSTEMS The evolution of political systems reflects the ongoing quest of human societies for freedom and justice HUMAN SOCIETIES. JOHN LOCKE John Locke's ideas about the social contract contributed to the evolution of political systems POLITICAL SYSTEMS. POLITICAL SYSTEMS Democracy is a stage in the evolution of political systems aimed at effective and just governance DEMOCRACY.",
    "evaluation": 1
  },
  {
    "correct_answer": "Modern democratic systems are based on ideas of social contract and separation of powers.",
    "retrieved_context": "DEMOCRACY World War II underscored the importance of protecting democratic values WORLD WAR II. DEMOCRACY Democracy impacts human societies by promoting values of freedom, justice, and the rule of law HUMAN SOCIETIES. POLITICAL SYSTEMS Democracy is a stage in the evolution of political systems aimed at effective and just governance DEMOCRACY. POLITICAL SYSTEMS The evolution of political systems reflects the ongoing quest of human societies for freedom and justice HUMAN SOCIETIES. DEMOCRACY The rise of totalitarian regimes highlighted the importance of protecting democratic values against unchecked state power TOTALITARIAN REGIMES. DEMOCRACY The Cold War highlighted the importance of democracy in contrast to totalitarian regimes COLD WAR. DEMOCRACY World War II underscored the importance of protecting democratic values WORLD WAR II. DEMOCRACY Democracy impacts human societies by promoting values of freedom, justice, and the rule of law HUMAN SOCIETIES. TOTALITARIAN REGIMES Communism is an example of a totalitarian regime COMMUNISM. TOTALITARIAN REGIMES Fascism is an example of a totalitarian regime FASCISM. DEMOCRACY The rise of totalitarian regimes highlighted the importance of protecting democratic values against unchecked state power TOTALITARIAN REGIMES. DEMOCRACY The Cold War highlighted the importance of democracy in contrast to totalitarian regimes COLD WAR. TOTALITARIAN REGIMES Communism is an example of a totalitarian regime COMMUNISM. TOTALITARIAN REGIMES Fascism is an example of a totalitarian regime FASCISM. TRIBAL SYSTEM The tribal system is an early form of political organization that evolved as part of the broader development of political systems POLITICAL SYSTEMS. MONARCHIES Monarchies represent a stage in the evolution of political systems, moving towards more centralized forms of governance POLITICAL SYSTEMS. TRIBAL SYSTEM Monarchies emerged as societies grew beyond the scale where tribal systems were effective MONARCHIES. POLITICAL SYSTEMS Democracy is a stage in the evolution of political systems aimed at effective and just governance DEMOCRACY. MONARCHIES The Enlightenment era introduced ideas that challenged and evolved the concept of monarchies ENLIGHTENMENT ERA. POLITICAL SYSTEMS The evolution of political systems reflects the ongoing quest of human societies for freedom and justice HUMAN SOCIETIES.",
    "evaluation": 0
  },
  {
    "correct_answer": "French Revolution inspired movements for democracy and self-determination worldwide.",
    "retrieved_context": "DEMOCRACY World War II underscored the importance of protecting democratic values WORLD WAR II. FRENCH REVOLUTION OF 1789 The French Revolution inspired movements for democracy and the establishment of democratic governments worldwide DEMOCRACY. FRENCH REVOLUTION OF 1789 The French Revolution led to the rise of republican forms of government REPUBLICAN FORMS OF GOVERNMENT. DEMOCRACY Democracy impacts human societies by promoting values of freedom, justice, and the rule of law HUMAN SOCIETIES. DEMOCRACY The rise of totalitarian regimes highlighted the importance of protecting democratic values against unchecked state power TOTALITARIAN REGIMES. DEMOCRACY The Cold War highlighted the importance of democracy in contrast to totalitarian regimes COLD WAR. DEMOCRACY World War II underscored the importance of protecting democratic values WORLD WAR II. DEMOCRACY Democracy impacts human societies by promoting values of freedom, justice, and the rule of law HUMAN SOCIETIES. TOTALITARIAN REGIMES Communism is an example of a totalitarian regime COMMUNISM. TOTALITARIAN REGIMES Fascism is an example of a totalitarian regime FASCISM. DEMOCRACY The rise of totalitarian regimes highlighted the importance of protecting democratic values against unchecked state power TOTALITARIAN REGIMES. DEMOCRACY The Cold War highlighted the importance of democracy in contrast to totalitarian regimes COLD WAR. POLITICAL SYSTEMS Democracy is a stage in the evolution of political systems aimed at effective and just governance DEMOCRACY. ENLIGHTENMENT ERA The Enlightenment era introduced critical thinking and ideas that significantly influenced the evolution of political systems POLITICAL SYSTEMS. ENLIGHTENMENT ERA Montesquieu was a key figure in the Enlightenment era, contributing ideas about the separation of powers MONTESQUIEU. MONTESQUIEU Montesquieu's ideas contributed to the development and spread of democracy DEMOCRACY. POLITICAL SYSTEMS The evolution of political systems reflects the ongoing quest of human societies for freedom and justice HUMAN SOCIETIES. JOHN LOCKE John Locke's ideas about the social contract contributed to the evolution of political systems POLITICAL SYSTEMS. ENLIGHTENMENT ERA John Locke was a key figure in the Enlightenment era, contributing ideas about governance JOHN LOCKE. MONTESQUIEU Montesquieu's ideas about the separation of powers contributed to the evolution of political systems POLITICAL SYSTEMS. TOTALITARIAN REGIMES Communism is an example of a totalitarian regime COMMUNISM. TOTALITARIAN REGIMES Fascism is an example of a totalitarian regime FASCISM. DEMOCRACY World War II underscored the importance of protecting democratic values WORLD WAR II. POLITICAL SYSTEMS Democracy is a stage in the evolution of political systems aimed at effective and just governance DEMOCRACY. DEMOCRACY Democracy impacts human societies by promoting values of freedom, justice, and the rule of law HUMAN SOCIETIES. MONTESQUIEU Montesquieu's ideas contributed to the development and spread of democracy DEMOCRACY. POLITICAL SYSTEMS The evolution of political systems reflects the ongoing quest of human societies for freedom and justice HUMAN SOCIETIES. MONTESQUIEU Montesquieu's ideas about the separation of powers contributed to the evolution of political systems POLITICAL SYSTEMS. DEMOCRACY The rise of totalitarian regimes highlighted the importance of protecting democratic values against unchecked state power TOTALITARIAN REGIMES. DEMOCRACY The Cold War highlighted the importance of democracy in contrast to totalitarian regimes COLD WAR. POLITICAL SYSTEMS The evolution of political systems reflects the ongoing quest of human societies for freedom and justice HUMAN SOCIETIES. JOHN LOCKE John Locke's ideas about the social contract contributed to the evolution of political systems POLITICAL SYSTEMS. POLITICAL SYSTEMS Democracy is a stage in the evolution of political systems aimed at effective and just governance DEMOCRACY.",
    "evaluation": 1
  },
  {
    "correct_answer": "Totalitarian regimes like fascism and communism centralized power in a single party or leader.",
    "retrieved_context": "TOTALITARIAN REGIMES Communism is an example of a totalitarian regime COMMUNISM. TOTALITARIAN REGIMES Fascism is an example of a totalitarian regime FASCISM. DEMOCRACY World War II underscored the importance of protecting democratic values WORLD WAR II. DEMOCRACY Democracy impacts human societies by promoting values of freedom, justice, and the rule of law HUMAN SOCIETIES. POLITICAL SYSTEMS Democracy is a stage in the evolution of political systems aimed at effective and just governance DEMOCRACY. POLITICAL SYSTEMS The evolution of political systems reflects the ongoing quest of human societies for freedom and justice HUMAN SOCIETIES. DEMOCRACY The rise of totalitarian regimes highlighted the importance of protecting democratic values against unchecked state power TOTALITARIAN REGIMES. DEMOCRACY The Cold War highlighted the importance of democracy in contrast to totalitarian regimes COLD WAR. DEMOCRACY World War II underscored the importance of protecting democratic values WORLD WAR II. DEMOCRACY Democracy impacts human societies by promoting values of freedom, justice, and the rule of law HUMAN SOCIETIES. TOTALITARIAN REGIMES Communism is an example of a totalitarian regime COMMUNISM. TOTALITARIAN REGIMES Fascism is an example of a totalitarian regime FASCISM. DEMOCRACY The rise of totalitarian regimes highlighted the importance of protecting democratic values against unchecked state power TOTALITARIAN REGIMES. DEMOCRACY The Cold War highlighted the importance of democracy in contrast to totalitarian regimes COLD WAR.",
    "evaluation": 0
  },
  {
    "correct_answer": "Democracy is the most prevalent form of political system in the world today.",
    "retrieved_context": "DEMOCRACY World War II underscored the importance of protecting democratic values WORLD WAR II. DEMOCRACY Democracy impacts human societies by promoting values of freedom, justice, and the rule of law HUMAN SOCIETIES. TOTALITARIAN REGIMES Communism is an example of a totalitarian regime COMMUNISM. TOTALITARIAN REGIMES Fascism is an example of a totalitarian regime FASCISM. DEMOCRACY The rise of totalitarian regimes highlighted the importance of protecting democratic values against unchecked state power TOTALITARIAN REGIMES. DEMOCRACY The Cold War highlighted the importance of democracy in contrast to totalitarian regimes COLD WAR. DEMOCRACY World War II underscored the importance of protecting democratic values WORLD WAR II. DEMOCRACY Democracy impacts human societies by promoting values of freedom, justice, and the rule of law HUMAN SOCIETIES. POLITICAL SYSTEMS Democracy is a stage in the evolution of political systems aimed at effective and just governance DEMOCRACY. POLITICAL SYSTEMS The evolution of political systems reflects the ongoing quest of human societies for freedom and justice HUMAN SOCIETIES. DEMOCRACY The rise of totalitarian regimes highlighted the importance of protecting democratic values against unchecked state power TOTALITARIAN REGIMES. DEMOCRACY The Cold War highlighted the importance of democracy in contrast to totalitarian regimes COLD WAR. TOTALITARIAN REGIMES Communism is an example of a totalitarian regime COMMUNISM. TOTALITARIAN REGIMES Fascism is an example of a totalitarian regime FASCISM. POLITICAL SYSTEMS Democracy is a stage in the evolution of political systems aimed at effective and just governance DEMOCRACY. ENLIGHTENMENT ERA The Enlightenment era introduced critical thinking and ideas that significantly influenced the evolution of political systems POLITICAL SYSTEMS. ENLIGHTENMENT ERA Montesquieu was a key figure in the Enlightenment era, contributing ideas about the separation of powers MONTESQUIEU. MONTESQUIEU Montesquieu's ideas contributed to the development and spread of democracy DEMOCRACY. POLITICAL SYSTEMS The evolution of political systems reflects the ongoing quest of human societies for freedom and justice HUMAN SOCIETIES. JOHN LOCKE John Locke's ideas about the social contract contributed to the evolution of political systems POLITICAL SYSTEMS. ENLIGHTENMENT ERA John Locke was a key figure in the Enlightenment era, contributing ideas about governance JOHN LOCKE. MONTESQUIEU Montesquieu's ideas about the separation of powers contributed to the evolution of political systems POLITICAL SYSTEMS.",
    "evaluation": 0
  },
  {
    "correct_answer": "Democracy is founded on principles of rule of law, separation of powers, and respect for human rights.",
    "retrieved_context": "DEMOCRACY World War II underscored the importance of protecting democratic values WORLD WAR II. DEMOCRACY Democracy impacts human societies by promoting values of freedom, justice, and the rule of law HUMAN SOCIETIES. TOTALITARIAN REGIMES Communism is an example of a totalitarian regime COMMUNISM. TOTALITARIAN REGIMES Fascism is an example of a totalitarian regime FASCISM. DEMOCRACY The rise of totalitarian regimes highlighted the importance of protecting democratic values against unchecked state power TOTALITARIAN REGIMES. DEMOCRACY The Cold War highlighted the importance of democracy in contrast to totalitarian regimes COLD WAR. TOTALITARIAN REGIMES Communism is an example of a totalitarian regime COMMUNISM. TOTALITARIAN REGIMES Fascism is an example of a totalitarian regime FASCISM. DEMOCRACY World War II underscored the importance of protecting democratic values WORLD WAR II. DEMOCRACY Democracy impacts human societies by promoting values of freedom, justice, and the rule of law HUMAN SOCIETIES. POLITICAL SYSTEMS Democracy is a stage in the evolution of political systems aimed at effective and just governance DEMOCRACY. POLITICAL SYSTEMS The evolution of political systems reflects the ongoing quest of human societies for freedom and justice HUMAN SOCIETIES. DEMOCRACY The rise of totalitarian regimes highlighted the importance of protecting democratic values against unchecked state power TOTALITARIAN REGIMES. DEMOCRACY The Cold War highlighted the importance of democracy in contrast to totalitarian regimes COLD WAR. POLITICAL SYSTEMS Democracy is a stage in the evolution of political systems aimed at effective and just governance DEMOCRACY. ENLIGHTENMENT ERA The Enlightenment era introduced critical thinking and ideas that significantly influenced the evolution of political systems POLITICAL SYSTEMS. ENLIGHTENMENT ERA Montesquieu was a key figure in the Enlightenment era, contributing ideas about the separation of powers MONTESQUIEU. MONTESQUIEU Montesquieu's ideas contributed to the development and spread of democracy DEMOCRACY. POLITICAL SYSTEMS The evolution of political systems reflects the ongoing quest of human societies for freedom and justice HUMAN SOCIETIES. JOHN LOCKE John Locke's ideas about the social contract contributed to the evolution of political systems POLITICAL SYSTEMS. ENLIGHTENMENT ERA John Locke was a key figure in the Enlightenment era, contributing ideas about governance JOHN LOCKE. MONTESQUIEU Montesquieu's ideas about the separation of powers contributed to the evolution of political systems POLITICAL SYSTEMS.",
    "evaluation": 1
  },
  {
    "accuracy": "40.00%"
  }
]