[
  {
    "correct_answer": "Memory formation is essential for daily functioning and well-being.",
    "retrieved_context": "HIPPOCAMPUS The hippocampus is specifically involved in the storage of episodic memories EPISODIC MEMORIES. HIPPOCAMPUS Long-term potentiation occurs in the hippocampus, strengthening connections between neurons for memory storage LONG-TERM POTENTIATION. MEMORY FORMATION Memory formation involves the creation of episodic memories, which are stored in the hippocampus EPISODIC MEMORIES. MEMORY FORMATION The amygdala is involved in the emotional aspects of memory formation AMYGDALA. MEMORY FORMATION The hippocampus is a key component in the process of memory formation, particularly in encoding and storage HIPPOCAMPUS. MEMORY FORMATION The prefrontal cortex is involved in processing and retrieving memories PREFRONTAL CORTEX. AMYGDALA Emotionally charged events activate the amygdala, enhancing memory encoding EMOTION. MEMORY FORMATION Focused attention helps in the prioritization and filtering of information crucial for memory formation ATTENTION. HIPPOCAMPUS Memories are transferred from temporary storage in the hippocampus to more permanent storage in the neocortex NEOCORTEX. MEMORY FORMATION Long-term potentiation is a crucial process for the formation of long-lasting memories LONG-TERM POTENTIATION. AMYGDALA Sleep involves processes that may interact with the amygdala's role in memory consolidation SLEEP. HIPPOCAMPUS The hippocampus is specifically involved in the storage of episodic memories EPISODIC MEMORIES. HIPPOCAMPUS Memories are transferred from temporary storage in the hippocampus to more permanent storage in the neocortex NEOCORTEX. HIPPOCAMPUS Long-term potentiation occurs in the hippocampus, strengthening connections between neurons for memory storage LONG-TERM POTENTIATION. MOTOR CORTEX Synaptic plasticity allows for the modification of synaptic connections in the motor cortex in response to learning SYNAPTIC PLASTICITY. ELECTROENCEPHALOGRAPHY (EEG) EEG is used to study the neural mechanisms and activity of neural networks underlying memory formation NEURAL NETWORKS. FUNCTIONAL MAGNETIC RESONANCE IMAGING (FMRI) fMRI is used to observe the activity of neural networks during memory tasks NEURAL NETWORKS.",
    "evaluation": 0
  },
  {
    "correct_answer": "Memory formation involves encoding, storing, and retrieving memories.",
    "retrieved_context": "HIPPOCAMPUS The hippocampus is specifically involved in the storage of episodic memories EPISODIC MEMORIES. HIPPOCAMPUS Long-term potentiation occurs in the hippocampus, strengthening connections between neurons for memory storage LONG-TERM POTENTIATION. MEMORY FORMATION Memory formation involves the creation of episodic memories, which are stored in the hippocampus EPISODIC MEMORIES. MEMORY FORMATION The amygdala is involved in the emotional aspects of memory formation AMYGDALA. MEMORY FORMATION The hippocampus is a key component in the process of memory formation, particularly in encoding and storage HIPPOCAMPUS. MEMORY FORMATION The prefrontal cortex is involved in processing and retrieving memories PREFRONTAL CORTEX. AMYGDALA Emotionally charged events activate the amygdala, enhancing memory encoding EMOTION. MEMORY FORMATION Focused attention helps in the prioritization and filtering of information crucial for memory formation ATTENTION. HIPPOCAMPUS Memories are transferred from temporary storage in the hippocampus to more permanent storage in the neocortex NEOCORTEX. MEMORY FORMATION Long-term potentiation is a crucial process for the formation of long-lasting memories LONG-TERM POTENTIATION. AMYGDALA Sleep involves processes that may interact with the amygdala's role in memory consolidation SLEEP. HIPPOCAMPUS The hippocampus is specifically involved in the storage of episodic memories EPISODIC MEMORIES. HIPPOCAMPUS Memories are transferred from temporary storage in the hippocampus to more permanent storage in the neocortex NEOCORTEX. HIPPOCAMPUS Long-term potentiation occurs in the hippocampus, strengthening connections between neurons for memory storage LONG-TERM POTENTIATION. MOTOR CORTEX Synaptic plasticity allows for the modification of synaptic connections in the motor cortex in response to learning SYNAPTIC PLASTICITY. ELECTROENCEPHALOGRAPHY (EEG) EEG is used to study the neural mechanisms and activity of neural networks underlying memory formation NEURAL NETWORKS.",
    "evaluation": 1
  },
  {
    "correct_answer": "Encoding converts sensory information into a form stored in the brain.",
    "retrieved_context": "HIPPOCAMPUS The hippocampus is specifically involved in the storage of episodic memories EPISODIC MEMORIES. HIPPOCAMPUS Memories are transferred from temporary storage in the hippocampus to more permanent storage in the neocortex NEOCORTEX. HIPPOCAMPUS Long-term potentiation occurs in the hippocampus, strengthening connections between neurons for memory storage LONG-TERM POTENTIATION. HIPPOCAMPUS The hippocampus is specifically involved in the storage of episodic memories EPISODIC MEMORIES. HIPPOCAMPUS Long-term potentiation occurs in the hippocampus, strengthening connections between neurons for memory storage LONG-TERM POTENTIATION. MEMORY FORMATION Memory formation involves the creation of episodic memories, which are stored in the hippocampus EPISODIC MEMORIES. MEMORY FORMATION The amygdala is involved in the emotional aspects of memory formation AMYGDALA. MEMORY FORMATION The hippocampus is a key component in the process of memory formation, particularly in encoding and storage HIPPOCAMPUS. MEMORY FORMATION The prefrontal cortex is involved in processing and retrieving memories PREFRONTAL CORTEX. AMYGDALA Emotionally charged events activate the amygdala, enhancing memory encoding EMOTION. MEMORY FORMATION Focused attention helps in the prioritization and filtering of information crucial for memory formation ATTENTION. HIPPOCAMPUS Memories are transferred from temporary storage in the hippocampus to more permanent storage in the neocortex NEOCORTEX. MEMORY FORMATION Long-term potentiation is a crucial process for the formation of long-lasting memories LONG-TERM POTENTIATION. AMYGDALA Sleep involves processes that may interact with the amygdala's role in memory consolidation SLEEP. MOTOR CORTEX Synaptic plasticity allows for the modification of synaptic connections in the motor cortex in response to learning SYNAPTIC PLASTICITY. FUNCTIONAL MAGNETIC RESONANCE IMAGING (FMRI) fMRI is used to observe the activity of neural networks during memory tasks NEURAL NETWORKS. ELECTROENCEPHALOGRAPHY (EEG) EEG is used to study the neural mechanisms and activity of neural networks underlying memory formation NEURAL NETWORKS.",
    "evaluation": 0
  },
  {
    "correct_answer": "External stimuli are perceived through senses like sight, sound, touch, taste, and smell.",
    "retrieved_context": "MOTOR CORTEX Synaptic plasticity allows for the modification of synaptic connections in the motor cortex in response to learning SYNAPTIC PLASTICITY. FUNCTIONAL MAGNETIC RESONANCE IMAGING (FMRI) fMRI is used to observe the activity of neural networks during memory tasks NEURAL NETWORKS. ELECTROENCEPHALOGRAPHY (EEG) EEG is used to study the neural mechanisms and activity of neural networks underlying memory formation NEURAL NETWORKS. HIPPOCAMPUS The hippocampus is specifically involved in the storage of episodic memories EPISODIC MEMORIES. HIPPOCAMPUS Long-term potentiation occurs in the hippocampus, strengthening connections between neurons for memory storage LONG-TERM POTENTIATION. MEMORY FORMATION Memory formation involves the creation of episodic memories, which are stored in the hippocampus EPISODIC MEMORIES. MEMORY FORMATION The amygdala is involved in the emotional aspects of memory formation AMYGDALA. MEMORY FORMATION The hippocampus is a key component in the process of memory formation, particularly in encoding and storage HIPPOCAMPUS. MEMORY FORMATION The prefrontal cortex is involved in processing and retrieving memories PREFRONTAL CORTEX. AMYGDALA Emotionally charged events activate the amygdala, enhancing memory encoding EMOTION. MEMORY FORMATION Focused attention helps in the prioritization and filtering of information crucial for memory formation ATTENTION. HIPPOCAMPUS Memories are transferred from temporary storage in the hippocampus to more permanent storage in the neocortex NEOCORTEX. MEMORY FORMATION Long-term potentiation is a crucial process for the formation of long-lasting memories LONG-TERM POTENTIATION. AMYGDALA Sleep involves processes that may interact with the amygdala's role in memory consolidation SLEEP.",
    "evaluation": 0
  },
  {
    "correct_answer": "The hippocampus, amygdala, and prefrontal cortex are involved in memory formation.",
    "retrieved_context": "HIPPOCAMPUS The hippocampus is specifically involved in the storage of episodic memories EPISODIC MEMORIES. HIPPOCAMPUS Long-term potentiation occurs in the hippocampus, strengthening connections between neurons for memory storage LONG-TERM POTENTIATION. MEMORY FORMATION Memory formation involves the creation of episodic memories, which are stored in the hippocampus EPISODIC MEMORIES. MEMORY FORMATION The amygdala is involved in the emotional aspects of memory formation AMYGDALA. MEMORY FORMATION The hippocampus is a key component in the process of memory formation, particularly in encoding and storage HIPPOCAMPUS. MEMORY FORMATION The prefrontal cortex is involved in processing and retrieving memories PREFRONTAL CORTEX. AMYGDALA Emotionally charged events activate the amygdala, enhancing memory encoding EMOTION. MEMORY FORMATION Focused attention helps in the prioritization and filtering of information crucial for memory formation ATTENTION. HIPPOCAMPUS Memories are transferred from temporary storage in the hippocampus to more permanent storage in the neocortex NEOCORTEX. MEMORY FORMATION Long-term potentiation is a crucial process for the formation of long-lasting memories LONG-TERM POTENTIATION. AMYGDALA Sleep involves processes that may interact with the amygdala's role in memory consolidation SLEEP. HIPPOCAMPUS The hippocampus is specifically involved in the storage of episodic memories EPISODIC MEMORIES. HIPPOCAMPUS Memories are transferred from temporary storage in the hippocampus to more permanent storage in the neocortex NEOCORTEX. HIPPOCAMPUS Long-term potentiation occurs in the hippocampus, strengthening connections between neurons for memory storage LONG-TERM POTENTIATION. AMYGDALA Emotionally charged events activate the amygdala, enhancing memory encoding EMOTION. AMYGDALA Sleep involves processes that may interact with the amygdala's role in memory consolidation SLEEP. ELECTROENCEPHALOGRAPHY (EEG) EEG is used to study the neural mechanisms and activity of neural networks underlying memory formation NEURAL NETWORKS. MOTOR CORTEX Synaptic plasticity allows for the modification of synaptic connections in the motor cortex in response to learning SYNAPTIC PLASTICITY.",
    "evaluation": 1
  },
  {
    "correct_answer": "The hippocampus is a central hub for memory processing and consolidation.",
    "retrieved_context": "HIPPOCAMPUS The hippocampus is specifically involved in the storage of episodic memories EPISODIC MEMORIES. HIPPOCAMPUS Memories are transferred from temporary storage in the hippocampus to more permanent storage in the neocortex NEOCORTEX. HIPPOCAMPUS Long-term potentiation occurs in the hippocampus, strengthening connections between neurons for memory storage LONG-TERM POTENTIATION. HIPPOCAMPUS The hippocampus is specifically involved in the storage of episodic memories EPISODIC MEMORIES. HIPPOCAMPUS Long-term potentiation occurs in the hippocampus, strengthening connections between neurons for memory storage LONG-TERM POTENTIATION. MEMORY FORMATION Memory formation involves the creation of episodic memories, which are stored in the hippocampus EPISODIC MEMORIES. MEMORY FORMATION The amygdala is involved in the emotional aspects of memory formation AMYGDALA. MEMORY FORMATION The hippocampus is a key component in the process of memory formation, particularly in encoding and storage HIPPOCAMPUS. MEMORY FORMATION The prefrontal cortex is involved in processing and retrieving memories PREFRONTAL CORTEX. AMYGDALA Emotionally charged events activate the amygdala, enhancing memory encoding EMOTION. MEMORY FORMATION Focused attention helps in the prioritization and filtering of information crucial for memory formation ATTENTION. HIPPOCAMPUS Memories are transferred from temporary storage in the hippocampus to more permanent storage in the neocortex NEOCORTEX. MEMORY FORMATION Long-term potentiation is a crucial process for the formation of long-lasting memories LONG-TERM POTENTIATION. AMYGDALA Sleep involves processes that may interact with the amygdala's role in memory consolidation SLEEP. MOTOR CORTEX Synaptic plasticity allows for the modification of synaptic connections in the motor cortex in response to learning SYNAPTIC PLASTICITY. CEREBELLUM Synaptic plasticity allows for the modification of synaptic connections in the cerebellum in response to learning SYNAPTIC PLASTICITY. FUNCTIONAL MAGNETIC RESONANCE IMAGING (FMRI) fMRI is used to observe the activity of neural networks during memory tasks NEURAL NETWORKS.",
    "evaluation": 1
  },
  {
    "correct_answer": "Synapses are strengthened through long-term potentiation for memory formation.",
    "retrieved_context": "HIPPOCAMPUS The hippocampus is specifically involved in the storage of episodic memories EPISODIC MEMORIES. HIPPOCAMPUS Long-term potentiation occurs in the hippocampus, strengthening connections between neurons for memory storage LONG-TERM POTENTIATION. MEMORY FORMATION Memory formation involves the creation of episodic memories, which are stored in the hippocampus EPISODIC MEMORIES. MEMORY FORMATION The amygdala is involved in the emotional aspects of memory formation AMYGDALA. MEMORY FORMATION The hippocampus is a key component in the process of memory formation, particularly in encoding and storage HIPPOCAMPUS. MEMORY FORMATION The prefrontal cortex is involved in processing and retrieving memories PREFRONTAL CORTEX. AMYGDALA Emotionally charged events activate the amygdala, enhancing memory encoding EMOTION. MEMORY FORMATION Focused attention helps in the prioritization and filtering of information crucial for memory formation ATTENTION. HIPPOCAMPUS Memories are transferred from temporary storage in the hippocampus to more permanent storage in the neocortex NEOCORTEX. MEMORY FORMATION Long-term potentiation is a crucial process for the formation of long-lasting memories LONG-TERM POTENTIATION. AMYGDALA Sleep involves processes that may interact with the amygdala's role in memory consolidation SLEEP. HIPPOCAMPUS The hippocampus is specifically involved in the storage of episodic memories EPISODIC MEMORIES. HIPPOCAMPUS Memories are transferred from temporary storage in the hippocampus to more permanent storage in the neocortex NEOCORTEX. HIPPOCAMPUS Long-term potentiation occurs in the hippocampus, strengthening connections between neurons for memory storage LONG-TERM POTENTIATION. MOTOR CORTEX Synaptic plasticity allows for the modification of synaptic connections in the motor cortex in response to learning SYNAPTIC PLASTICITY. ELECTROENCEPHALOGRAPHY (EEG) EEG is used to study the neural mechanisms and activity of neural networks underlying memory formation NEURAL NETWORKS.",
    "evaluation": 1
  },
  {
    "correct_answer": "Memories can be stored in different brain regions based on memory type.",
    "retrieved_context": "HIPPOCAMPUS The hippocampus is specifically involved in the storage of episodic memories EPISODIC MEMORIES. HIPPOCAMPUS Long-term potentiation occurs in the hippocampus, strengthening connections between neurons for memory storage LONG-TERM POTENTIATION. MEMORY FORMATION Memory formation involves the creation of episodic memories, which are stored in the hippocampus EPISODIC MEMORIES. MEMORY FORMATION The amygdala is involved in the emotional aspects of memory formation AMYGDALA. MEMORY FORMATION The hippocampus is a key component in the process of memory formation, particularly in encoding and storage HIPPOCAMPUS. MEMORY FORMATION The prefrontal cortex is involved in processing and retrieving memories PREFRONTAL CORTEX. AMYGDALA Emotionally charged events activate the amygdala, enhancing memory encoding EMOTION. MEMORY FORMATION Focused attention helps in the prioritization and filtering of information crucial for memory formation ATTENTION. HIPPOCAMPUS Memories are transferred from temporary storage in the hippocampus to more permanent storage in the neocortex NEOCORTEX. MEMORY FORMATION Long-term potentiation is a crucial process for the formation of long-lasting memories LONG-TERM POTENTIATION. AMYGDALA Sleep involves processes that may interact with the amygdala's role in memory consolidation SLEEP. HIPPOCAMPUS The hippocampus is specifically involved in the storage of episodic memories EPISODIC MEMORIES. HIPPOCAMPUS Memories are transferred from temporary storage in the hippocampus to more permanent storage in the neocortex NEOCORTEX. HIPPOCAMPUS Long-term potentiation occurs in the hippocampus, strengthening connections between neurons for memory storage LONG-TERM POTENTIATION. ELECTROENCEPHALOGRAPHY (EEG) EEG is used to study the neural mechanisms and activity of neural networks underlying memory formation NEURAL NETWORKS. FUNCTIONAL MAGNETIC RESONANCE IMAGING (FMRI) fMRI is used to observe the activity of neural networks during memory tasks NEURAL NETWORKS. MOTOR CORTEX Synaptic plasticity allows for the modification of synaptic connections in the motor cortex in response to learning SYNAPTIC PLASTICITY.",
    "evaluation": 1
  },
  {
    "correct_answer": "Episodic memories are typically stored in the hippocampus.",
    "retrieved_context": "HIPPOCAMPUS The hippocampus is specifically involved in the storage of episodic memories EPISODIC MEMORIES. HIPPOCAMPUS Memories are transferred from temporary storage in the hippocampus to more permanent storage in the neocortex NEOCORTEX. HIPPOCAMPUS Long-term potentiation occurs in the hippocampus, strengthening connections between neurons for memory storage LONG-TERM POTENTIATION. HIPPOCAMPUS The hippocampus is specifically involved in the storage of episodic memories EPISODIC MEMORIES. HIPPOCAMPUS Long-term potentiation occurs in the hippocampus, strengthening connections between neurons for memory storage LONG-TERM POTENTIATION. MEMORY FORMATION Memory formation involves the creation of episodic memories, which are stored in the hippocampus EPISODIC MEMORIES. MEMORY FORMATION The amygdala is involved in the emotional aspects of memory formation AMYGDALA. MEMORY FORMATION The hippocampus is a key component in the process of memory formation, particularly in encoding and storage HIPPOCAMPUS. MEMORY FORMATION The prefrontal cortex is involved in processing and retrieving memories PREFRONTAL CORTEX. AMYGDALA Emotionally charged events activate the amygdala, enhancing memory encoding EMOTION. MEMORY FORMATION Focused attention helps in the prioritization and filtering of information crucial for memory formation ATTENTION. HIPPOCAMPUS Memories are transferred from temporary storage in the hippocampus to more permanent storage in the neocortex NEOCORTEX. MEMORY FORMATION Long-term potentiation is a crucial process for the formation of long-lasting memories LONG-TERM POTENTIATION. AMYGDALA Sleep involves processes that may interact with the amygdala's role in memory consolidation SLEEP. ELECTROENCEPHALOGRAPHY (EEG) EEG is used to study the neural mechanisms and activity of neural networks underlying memory formation NEURAL NETWORKS. FUNCTIONAL MAGNETIC RESONANCE IMAGING (FMRI) fMRI is used to observe the activity of neural networks during memory tasks NEURAL NETWORKS.",
    "evaluation": 1
  },
  {
    "correct_answer": "Procedural memories are often stored in the cerebellum and motor cortex.",
    "retrieved_context": "HIPPOCAMPUS The hippocampus is specifically involved in the storage of episodic memories EPISODIC MEMORIES. HIPPOCAMPUS Long-term potentiation occurs in the hippocampus, strengthening connections between neurons for memory storage LONG-TERM POTENTIATION. MEMORY FORMATION Memory formation involves the creation of episodic memories, which are stored in the hippocampus EPISODIC MEMORIES. MEMORY FORMATION The amygdala is involved in the emotional aspects of memory formation AMYGDALA. MEMORY FORMATION The hippocampus is a key component in the process of memory formation, particularly in encoding and storage HIPPOCAMPUS. MEMORY FORMATION The prefrontal cortex is involved in processing and retrieving memories PREFRONTAL CORTEX. AMYGDALA Emotionally charged events activate the amygdala, enhancing memory encoding EMOTION. MEMORY FORMATION Focused attention helps in the prioritization and filtering of information crucial for memory formation ATTENTION. HIPPOCAMPUS Memories are transferred from temporary storage in the hippocampus to more permanent storage in the neocortex NEOCORTEX. MEMORY FORMATION Long-term potentiation is a crucial process for the formation of long-lasting memories LONG-TERM POTENTIATION. AMYGDALA Sleep involves processes that may interact with the amygdala's role in memory consolidation SLEEP. HIPPOCAMPUS The hippocampus is specifically involved in the storage of episodic memories EPISODIC MEMORIES. HIPPOCAMPUS Memories are transferred from temporary storage in the hippocampus to more permanent storage in the neocortex NEOCORTEX. HIPPOCAMPUS Long-term potentiation occurs in the hippocampus, strengthening connections between neurons for memory storage LONG-TERM POTENTIATION. MOTOR CORTEX Synaptic plasticity allows for the modification of synaptic connections in the motor cortex in response to learning SYNAPTIC PLASTICITY. CEREBELLUM Synaptic plasticity allows for the modification of synaptic connections in the cerebellum in response to learning SYNAPTIC PLASTICITY. FUNCTIONAL MAGNETIC RESONANCE IMAGING (FMRI) fMRI is used to observe the activity of neural networks during memory tasks NEURAL NETWORKS.",
    "evaluation": 0
  },
  {
    "correct_answer": "Memory traces represent stored information in the brain.",
    "retrieved_context": "HIPPOCAMPUS The hippocampus is specifically involved in the storage of episodic memories EPISODIC MEMORIES. HIPPOCAMPUS Long-term potentiation occurs in the hippocampus, strengthening connections between neurons for memory storage LONG-TERM POTENTIATION. MEMORY FORMATION Memory formation involves the creation of episodic memories, which are stored in the hippocampus EPISODIC MEMORIES. MEMORY FORMATION The amygdala is involved in the emotional aspects of memory formation AMYGDALA. MEMORY FORMATION The hippocampus is a key component in the process of memory formation, particularly in encoding and storage HIPPOCAMPUS. MEMORY FORMATION The prefrontal cortex is involved in processing and retrieving memories PREFRONTAL CORTEX. AMYGDALA Emotionally charged events activate the amygdala, enhancing memory encoding EMOTION. MEMORY FORMATION Focused attention helps in the prioritization and filtering of information crucial for memory formation ATTENTION. HIPPOCAMPUS Memories are transferred from temporary storage in the hippocampus to more permanent storage in the neocortex NEOCORTEX. MEMORY FORMATION Long-term potentiation is a crucial process for the formation of long-lasting memories LONG-TERM POTENTIATION. AMYGDALA Sleep involves processes that may interact with the amygdala's role in memory consolidation SLEEP. HIPPOCAMPUS The hippocampus is specifically involved in the storage of episodic memories EPISODIC MEMORIES. HIPPOCAMPUS Memories are transferred from temporary storage in the hippocampus to more permanent storage in the neocortex NEOCORTEX. HIPPOCAMPUS Long-term potentiation occurs in the hippocampus, strengthening connections between neurons for memory storage LONG-TERM POTENTIATION. FUNCTIONAL MAGNETIC RESONANCE IMAGING (FMRI) fMRI is used to observe the activity of neural networks during memory tasks NEURAL NETWORKS. ELECTROENCEPHALOGRAPHY (EEG) EEG is used to study the neural mechanisms and activity of neural networks underlying memory formation NEURAL NETWORKS. MOTOR CORTEX Synaptic plasticity allows for the modification of synaptic connections in the motor cortex in response to learning SYNAPTIC PLASTICITY.",
    "evaluation": 0
  },
  {
    "correct_answer": "Synaptic plasticity allows for modification of synaptic connections.",
    "retrieved_context": "HIPPOCAMPUS The hippocampus is specifically involved in the storage of episodic memories EPISODIC MEMORIES. HIPPOCAMPUS Memories are transferred from temporary storage in the hippocampus to more permanent storage in the neocortex NEOCORTEX. HIPPOCAMPUS Long-term potentiation occurs in the hippocampus, strengthening connections between neurons for memory storage LONG-TERM POTENTIATION. MOTOR CORTEX Synaptic plasticity allows for the modification of synaptic connections in the motor cortex in response to learning SYNAPTIC PLASTICITY. HIPPOCAMPUS The hippocampus is specifically involved in the storage of episodic memories EPISODIC MEMORIES. HIPPOCAMPUS Long-term potentiation occurs in the hippocampus, strengthening connections between neurons for memory storage LONG-TERM POTENTIATION. MEMORY FORMATION Memory formation involves the creation of episodic memories, which are stored in the hippocampus EPISODIC MEMORIES. MEMORY FORMATION The amygdala is involved in the emotional aspects of memory formation AMYGDALA. MEMORY FORMATION The hippocampus is a key component in the process of memory formation, particularly in encoding and storage HIPPOCAMPUS. MEMORY FORMATION The prefrontal cortex is involved in processing and retrieving memories PREFRONTAL CORTEX. AMYGDALA Emotionally charged events activate the amygdala, enhancing memory encoding EMOTION. MEMORY FORMATION Focused attention helps in the prioritization and filtering of information crucial for memory formation ATTENTION. HIPPOCAMPUS Memories are transferred from temporary storage in the hippocampus to more permanent storage in the neocortex NEOCORTEX. MEMORY FORMATION Long-term potentiation is a crucial process for the formation of long-lasting memories LONG-TERM POTENTIATION. AMYGDALA Sleep involves processes that may interact with the amygdala's role in memory consolidation SLEEP. FUNCTIONAL MAGNETIC RESONANCE IMAGING (FMRI) fMRI is used to observe the activity of neural networks during memory tasks NEURAL NETWORKS. CEREBELLUM Synaptic plasticity allows for the modification of synaptic connections in the cerebellum in response to learning SYNAPTIC PLASTICITY.",
    "evaluation": 1
  },
  {
    "correct_answer": "Memory retrieval involves activating neural networks to reconstruct memories.",
    "retrieved_context": "HIPPOCAMPUS The hippocampus is specifically involved in the storage of episodic memories EPISODIC MEMORIES. HIPPOCAMPUS Long-term potentiation occurs in the hippocampus, strengthening connections between neurons for memory storage LONG-TERM POTENTIATION. MEMORY FORMATION Memory formation involves the creation of episodic memories, which are stored in the hippocampus EPISODIC MEMORIES. MEMORY FORMATION The amygdala is involved in the emotional aspects of memory formation AMYGDALA. MEMORY FORMATION The hippocampus is a key component in the process of memory formation, particularly in encoding and storage HIPPOCAMPUS. MEMORY FORMATION The prefrontal cortex is involved in processing and retrieving memories PREFRONTAL CORTEX. AMYGDALA Emotionally charged events activate the amygdala, enhancing memory encoding EMOTION. MEMORY FORMATION Focused attention helps in the prioritization and filtering of information crucial for memory formation ATTENTION. HIPPOCAMPUS Memories are transferred from temporary storage in the hippocampus to more permanent storage in the neocortex NEOCORTEX. MEMORY FORMATION Long-term potentiation is a crucial process for the formation of long-lasting memories LONG-TERM POTENTIATION. AMYGDALA Sleep involves processes that may interact with the amygdala's role in memory consolidation SLEEP. HIPPOCAMPUS The hippocampus is specifically involved in the storage of episodic memories EPISODIC MEMORIES. HIPPOCAMPUS Memories are transferred from temporary storage in the hippocampus to more permanent storage in the neocortex NEOCORTEX. HIPPOCAMPUS Long-term potentiation occurs in the hippocampus, strengthening connections between neurons for memory storage LONG-TERM POTENTIATION. MOTOR CORTEX Synaptic plasticity allows for the modification of synaptic connections in the motor cortex in response to learning SYNAPTIC PLASTICITY.",
    "evaluation": 0
  },
  {
    "correct_answer": "Memory consolidation transfers memories from temporary to permanent storage.",
    "retrieved_context": "HIPPOCAMPUS The hippocampus is specifically involved in the storage of episodic memories EPISODIC MEMORIES. HIPPOCAMPUS Long-term potentiation occurs in the hippocampus, strengthening connections between neurons for memory storage LONG-TERM POTENTIATION. MEMORY FORMATION Memory formation involves the creation of episodic memories, which are stored in the hippocampus EPISODIC MEMORIES. MEMORY FORMATION The amygdala is involved in the emotional aspects of memory formation AMYGDALA. MEMORY FORMATION The hippocampus is a key component in the process of memory formation, particularly in encoding and storage HIPPOCAMPUS. MEMORY FORMATION The prefrontal cortex is involved in processing and retrieving memories PREFRONTAL CORTEX. AMYGDALA Emotionally charged events activate the amygdala, enhancing memory encoding EMOTION. MEMORY FORMATION Focused attention helps in the prioritization and filtering of information crucial for memory formation ATTENTION. HIPPOCAMPUS Memories are transferred from temporary storage in the hippocampus to more permanent storage in the neocortex NEOCORTEX. MEMORY FORMATION Long-term potentiation is a crucial process for the formation of long-lasting memories LONG-TERM POTENTIATION. AMYGDALA Sleep involves processes that may interact with the amygdala's role in memory consolidation SLEEP. HIPPOCAMPUS The hippocampus is specifically involved in the storage of episodic memories EPISODIC MEMORIES. HIPPOCAMPUS Memories are transferred from temporary storage in the hippocampus to more permanent storage in the neocortex NEOCORTEX. HIPPOCAMPUS Long-term potentiation occurs in the hippocampus, strengthening connections between neurons for memory storage LONG-TERM POTENTIATION. MOTOR CORTEX Synaptic plasticity allows for the modification of synaptic connections in the motor cortex in response to learning SYNAPTIC PLASTICITY. FUNCTIONAL MAGNETIC RESONANCE IMAGING (FMRI) fMRI is used to observe the activity of neural networks during memory tasks NEURAL NETWORKS.",
    "evaluation": 1
  },
  {
    "correct_answer": "Neuroimaging techniques like fMRI and EEG help study neural mechanisms in memory formation.",
    "retrieved_context": "HIPPOCAMPUS The hippocampus is specifically involved in the storage of episodic memories EPISODIC MEMORIES. HIPPOCAMPUS Long-term potentiation occurs in the hippocampus, strengthening connections between neurons for memory storage LONG-TERM POTENTIATION. MEMORY FORMATION Memory formation involves the creation of episodic memories, which are stored in the hippocampus EPISODIC MEMORIES. MEMORY FORMATION The amygdala is involved in the emotional aspects of memory formation AMYGDALA. MEMORY FORMATION The hippocampus is a key component in the process of memory formation, particularly in encoding and storage HIPPOCAMPUS. MEMORY FORMATION The prefrontal cortex is involved in processing and retrieving memories PREFRONTAL CORTEX. AMYGDALA Emotionally charged events activate the amygdala, enhancing memory encoding EMOTION. MEMORY FORMATION Focused attention helps in the prioritization and filtering of information crucial for memory formation ATTENTION. HIPPOCAMPUS Memories are transferred from temporary storage in the hippocampus to more permanent storage in the neocortex NEOCORTEX. MEMORY FORMATION Long-term potentiation is a crucial process for the formation of long-lasting memories LONG-TERM POTENTIATION. AMYGDALA Sleep involves processes that may interact with the amygdala's role in memory consolidation SLEEP. ELECTROENCEPHALOGRAPHY (EEG) EEG is used to study the neural mechanisms and activity of neural networks underlying memory formation NEURAL NETWORKS. FUNCTIONAL MAGNETIC RESONANCE IMAGING (FMRI) fMRI is used to observe the activity of neural networks during memory tasks NEURAL NETWORKS. HIPPOCAMPUS The hippocampus is specifically involved in the storage of episodic memories EPISODIC MEMORIES. HIPPOCAMPUS Memories are transferred from temporary storage in the hippocampus to more permanent storage in the neocortex NEOCORTEX. HIPPOCAMPUS Long-term potentiation occurs in the hippocampus, strengthening connections between neurons for memory storage LONG-TERM POTENTIATION. MOTOR CORTEX Synaptic plasticity allows for the modification of synaptic connections in the motor cortex in response to learning SYNAPTIC PLASTICITY. AMYGDALA Emotionally charged events activate the amygdala, enhancing memory encoding EMOTION. AMYGDALA Sleep involves processes that may interact with the amygdala's role in memory consolidation SLEEP.",
    "evaluation": 1
  },
  {
    "accuracy": "60.00%"
  }
]