[
  {
    "correct_answer": "Color plays a crucial role in branding and marketing strategies.",
    "retrieved_context": "PSYCHOLOGY OF COLORS IN BRANDING Red's association with passion and energy is a key example in the study of color psychology in branding RED. COCA-COLA Coca-Cola's iconic red logo is a critical part of its brand identity, making it instantly recognizable and helping it stand out COCA-COLA. PSYCHOLOGY OF COLORS IN BRANDING Coca-Cola's iconic red logo is a case study in the Psychology of Colors in Branding COCA-COLA. PSYCHOLOGY OF COLORS IN BRANDING McDonald's use of bright yellow exemplifies the principles discussed in the Psychology of Colors in Branding MCDONALD'S. PSYCHOLOGY OF COLORS IN BRANDING Blue's use to evoke trust and reliability is discussed in the context of color psychology in branding BLUE. COCA-COLA Coca-Cola's iconic red logo is a critical part of its brand identity, making it instantly recognizable and helping it stand out COCA-COLA.",
    "evaluation": 1
  },
  {
    "correct_answer": "Colors have the power to evoke emotions.",
    "retrieved_context": "PSYCHOLOGY OF COLORS IN BRANDING Red's association with passion and energy is a key example in the study of color psychology in branding RED. COCA-COLA Coca-Cola's iconic red logo is a critical part of its brand identity, making it instantly recognizable and helping it stand out COCA-COLA. PSYCHOLOGY OF COLORS IN BRANDING Coca-Cola's iconic red logo is a case study in the Psychology of Colors in Branding COCA-COLA. PSYCHOLOGY OF COLORS IN BRANDING McDonald's use of bright yellow exemplifies the principles discussed in the Psychology of Colors in Branding MCDONALD'S. PSYCHOLOGY OF COLORS IN BRANDING Blue's use to evoke trust and reliability is discussed in the context of color psychology in branding BLUE. COCA-COLA Coca-Cola's iconic red logo is a critical part of its brand identity, making it instantly recognizable and helping it stand out COCA-COLA.",
    "evaluation": 1
  },
  {
    "correct_answer": "Colors can convey messages.",
    "retrieved_context": "PSYCHOLOGY OF COLORS IN BRANDING Red's association with passion and energy is a key example in the study of color psychology in branding RED. COCA-COLA Coca-Cola's iconic red logo is a critical part of its brand identity, making it instantly recognizable and helping it stand out COCA-COLA. PSYCHOLOGY OF COLORS IN BRANDING Coca-Cola's iconic red logo is a case study in the Psychology of Colors in Branding COCA-COLA. PSYCHOLOGY OF COLORS IN BRANDING McDonald's use of bright yellow exemplifies the principles discussed in the Psychology of Colors in Branding MCDONALD'S. PSYCHOLOGY OF COLORS IN BRANDING Blue's use to evoke trust and reliability is discussed in the context of color psychology in branding BLUE. COCA-COLA Coca-Cola's iconic red logo is a critical part of its brand identity, making it instantly recognizable and helping it stand out COCA-COLA.",
    "evaluation": 1
  },
  {
    "correct_answer": "Colors influence consumer behavior.",
    "retrieved_context": "PSYCHOLOGY OF COLORS IN BRANDING Red's association with passion and energy is a key example in the study of color psychology in branding RED. COCA-COLA Coca-Cola's iconic red logo is a critical part of its brand identity, making it instantly recognizable and helping it stand out COCA-COLA. PSYCHOLOGY OF COLORS IN BRANDING Coca-Cola's iconic red logo is a case study in the Psychology of Colors in Branding COCA-COLA. PSYCHOLOGY OF COLORS IN BRANDING McDonald's use of bright yellow exemplifies the principles discussed in the Psychology of Colors in Branding MCDONALD'S. PSYCHOLOGY OF COLORS IN BRANDING Blue's use to evoke trust and reliability is discussed in the context of color psychology in branding BLUE. COCA-COLA Coca-Cola's iconic red logo is a critical part of its brand identity, making it instantly recognizable and helping it stand out COCA-COLA.",
    "evaluation": 1
  },
  {
    "correct_answer": "Understanding color psychology helps create a strong brand identity.",
    "retrieved_context": "PSYCHOLOGY OF COLORS IN BRANDING Red's association with passion and energy is a key example in the study of color psychology in branding RED. COCA-COLA Coca-Cola's iconic red logo is a critical part of its brand identity, making it instantly recognizable and helping it stand out COCA-COLA. PSYCHOLOGY OF COLORS IN BRANDING Coca-Cola's iconic red logo is a case study in the Psychology of Colors in Branding COCA-COLA. PSYCHOLOGY OF COLORS IN BRANDING McDonald's use of bright yellow exemplifies the principles discussed in the Psychology of Colors in Branding MCDONALD'S. PSYCHOLOGY OF COLORS IN BRANDING Blue's use to evoke trust and reliability is discussed in the context of color psychology in branding BLUE. COCA-COLA Coca-Cola's iconic red logo is a critical part of its brand identity, making it instantly recognizable and helping it stand out COCA-COLA.",
    "evaluation": 1
  },
  {
    "correct_answer": "Different colors evoke specific emotions and associations.",
    "retrieved_context": "PSYCHOLOGY OF COLORS IN BRANDING Red's association with passion and energy is a key example in the study of color psychology in branding RED. COCA-COLA Coca-Cola's iconic red logo is a critical part of its brand identity, making it instantly recognizable and helping it stand out COCA-COLA. PSYCHOLOGY OF COLORS IN BRANDING Coca-Cola's iconic red logo is a case study in the Psychology of Colors in Branding COCA-COLA. PSYCHOLOGY OF COLORS IN BRANDING McDonald's use of bright yellow exemplifies the principles discussed in the Psychology of Colors in Branding MCDONALD'S. PSYCHOLOGY OF COLORS IN BRANDING Blue's use to evoke trust and reliability is discussed in the context of color psychology in branding BLUE. COCA-COLA Coca-Cola's iconic red logo is a critical part of its brand identity, making it instantly recognizable and helping it stand out COCA-COLA.",
    "evaluation": 1
  },
  {
    "correct_answer": "Red is associated with passion, energy, and excitement.",
    "retrieved_context": "PSYCHOLOGY OF COLORS IN BRANDING Red's association with passion and energy is a key example in the study of color psychology in branding RED. COCA-COLA Coca-Cola's iconic red logo is a critical part of its brand identity, making it instantly recognizable and helping it stand out COCA-COLA. PSYCHOLOGY OF COLORS IN BRANDING Coca-Cola's iconic red logo is a case study in the Psychology of Colors in Branding COCA-COLA. PSYCHOLOGY OF COLORS IN BRANDING McDonald's use of bright yellow exemplifies the principles discussed in the Psychology of Colors in Branding MCDONALD'S. PSYCHOLOGY OF COLORS IN BRANDING Blue's use to evoke trust and reliability is discussed in the context of color psychology in branding BLUE. COCA-COLA Coca-Cola's iconic red logo is a critical part of its brand identity, making it instantly recognizable and helping it stand out COCA-COLA.",
    "evaluation": 1
  },
  {
    "correct_answer": "Blue is associated with trust, reliability, and calmness.",
    "retrieved_context": "PSYCHOLOGY OF COLORS IN BRANDING Red's association with passion and energy is a key example in the study of color psychology in branding RED. COCA-COLA Coca-Cola's iconic red logo is a critical part of its brand identity, making it instantly recognizable and helping it stand out COCA-COLA. PSYCHOLOGY OF COLORS IN BRANDING Coca-Cola's iconic red logo is a case study in the Psychology of Colors in Branding COCA-COLA. PSYCHOLOGY OF COLORS IN BRANDING McDonald's use of bright yellow exemplifies the principles discussed in the Psychology of Colors in Branding MCDONALD'S. PSYCHOLOGY OF COLORS IN BRANDING Blue's use to evoke trust and reliability is discussed in the context of color psychology in branding BLUE. COCA-COLA Coca-Cola's iconic red logo is a critical part of its brand identity, making it instantly recognizable and helping it stand out COCA-COLA.",
    "evaluation": 0
  },
  {
    "correct_answer": "Colors affect how consumers perceive a brand's personality, quality, and value.",
    "retrieved_context": "PSYCHOLOGY OF COLORS IN BRANDING Red's association with passion and energy is a key example in the study of color psychology in branding RED. COCA-COLA Coca-Cola's iconic red logo is a critical part of its brand identity, making it instantly recognizable and helping it stand out COCA-COLA. PSYCHOLOGY OF COLORS IN BRANDING Coca-Cola's iconic red logo is a case study in the Psychology of Colors in Branding COCA-COLA. PSYCHOLOGY OF COLORS IN BRANDING McDonald's use of bright yellow exemplifies the principles discussed in the Psychology of Colors in Branding MCDONALD'S. PSYCHOLOGY OF COLORS IN BRANDING Blue's use to evoke trust and reliability is discussed in the context of color psychology in branding BLUE. COCA-COLA Coca-Cola's iconic red logo is a critical part of its brand identity, making it instantly recognizable and helping it stand out COCA-COLA.",
    "evaluation": 0
  },
  {
    "correct_answer": "Warm colors like red and orange create a sense of urgency.",
    "retrieved_context": "PSYCHOLOGY OF COLORS IN BRANDING Red's association with passion and energy is a key example in the study of color psychology in branding RED. COCA-COLA Coca-Cola's iconic red logo is a critical part of its brand identity, making it instantly recognizable and helping it stand out COCA-COLA. PSYCHOLOGY OF COLORS IN BRANDING Coca-Cola's iconic red logo is a case study in the Psychology of Colors in Branding COCA-COLA. PSYCHOLOGY OF COLORS IN BRANDING McDonald's use of bright yellow exemplifies the principles discussed in the Psychology of Colors in Branding MCDONALD'S. PSYCHOLOGY OF COLORS IN BRANDING Blue's use to evoke trust and reliability is discussed in the context of color psychology in branding BLUE. COCA-COLA Coca-Cola's iconic red logo is a critical part of its brand identity, making it instantly recognizable and helping it stand out COCA-COLA.",
    "evaluation": 0
  },
  {
    "correct_answer": "Cool colors like blue and green create a sense of trust.",
    "retrieved_context": "PSYCHOLOGY OF COLORS IN BRANDING Red's association with passion and energy is a key example in the study of color psychology in branding RED. COCA-COLA Coca-Cola's iconic red logo is a critical part of its brand identity, making it instantly recognizable and helping it stand out COCA-COLA. PSYCHOLOGY OF COLORS IN BRANDING Coca-Cola's iconic red logo is a case study in the Psychology of Colors in Branding COCA-COLA. PSYCHOLOGY OF COLORS IN BRANDING McDonald's use of bright yellow exemplifies the principles discussed in the Psychology of Colors in Branding MCDONALD'S. PSYCHOLOGY OF COLORS IN BRANDING Blue's use to evoke trust and reliability is discussed in the context of color psychology in branding BLUE. COCA-COLA Coca-Cola's iconic red logo is a critical part of its brand identity, making it instantly recognizable and helping it stand out COCA-COLA.",
    "evaluation": 0
  },
  {
    "correct_answer": "Colors help differentiate a brand from competitors.",
    "retrieved_context": "PSYCHOLOGY OF COLORS IN BRANDING Red's association with passion and energy is a key example in the study of color psychology in branding RED. COCA-COLA Coca-Cola's iconic red logo is a critical part of its brand identity, making it instantly recognizable and helping it stand out COCA-COLA. PSYCHOLOGY OF COLORS IN BRANDING Coca-Cola's iconic red logo is a case study in the Psychology of Colors in Branding COCA-COLA. PSYCHOLOGY OF COLORS IN BRANDING McDonald's use of bright yellow exemplifies the principles discussed in the Psychology of Colors in Branding MCDONALD'S. PSYCHOLOGY OF COLORS IN BRANDING Blue's use to evoke trust and reliability is discussed in the context of color psychology in branding BLUE. COCA-COLA Coca-Cola's iconic red logo is a critical part of its brand identity, making it instantly recognizable and helping it stand out COCA-COLA.",
    "evaluation": 1
  },
  {
    "correct_answer": "Cultural associations of colors should be considered in branding.",
    "retrieved_context": "PSYCHOLOGY OF COLORS IN BRANDING Red's association with passion and energy is a key example in the study of color psychology in branding RED. COCA-COLA Coca-Cola's iconic red logo is a critical part of its brand identity, making it instantly recognizable and helping it stand out COCA-COLA. PSYCHOLOGY OF COLORS IN BRANDING Coca-Cola's iconic red logo is a case study in the Psychology of Colors in Branding COCA-COLA. PSYCHOLOGY OF COLORS IN BRANDING McDonald's use of bright yellow exemplifies the principles discussed in the Psychology of Colors in Branding MCDONALD'S. PSYCHOLOGY OF COLORS IN BRANDING Blue's use to evoke trust and reliability is discussed in the context of color psychology in branding BLUE. COCA-COLA Coca-Cola's iconic red logo is a critical part of its brand identity, making it instantly recognizable and helping it stand out COCA-COLA.",
    "evaluation": 0
  },
  {
    "correct_answer": "Context influences the meaning and effects of colors in branding.",
    "retrieved_context": "PSYCHOLOGY OF COLORS IN BRANDING Red's association with passion and energy is a key example in the study of color psychology in branding RED. COCA-COLA Coca-Cola's iconic red logo is a critical part of its brand identity, making it instantly recognizable and helping it stand out COCA-COLA. PSYCHOLOGY OF COLORS IN BRANDING Coca-Cola's iconic red logo is a case study in the Psychology of Colors in Branding COCA-COLA. PSYCHOLOGY OF COLORS IN BRANDING McDonald's use of bright yellow exemplifies the principles discussed in the Psychology of Colors in Branding MCDONALD'S. PSYCHOLOGY OF COLORS IN BRANDING Blue's use to evoke trust and reliability is discussed in the context of color psychology in branding BLUE. COCA-COLA Coca-Cola's iconic red logo is a critical part of its brand identity, making it instantly recognizable and helping it stand out COCA-COLA.",
    "evaluation": 0
  },
  {
    "correct_answer": "Youth-oriented brands may use bright and bold colors.",
    "retrieved_context": "PSYCHOLOGY OF COLORS IN BRANDING Red's association with passion and energy is a key example in the study of color psychology in branding RED. COCA-COLA Coca-Cola's iconic red logo is a critical part of its brand identity, making it instantly recognizable and helping it stand out COCA-COLA. PSYCHOLOGY OF COLORS IN BRANDING Coca-Cola's iconic red logo is a case study in the Psychology of Colors in Branding COCA-COLA. PSYCHOLOGY OF COLORS IN BRANDING McDonald's use of bright yellow exemplifies the principles discussed in the Psychology of Colors in Branding MCDONALD'S. PSYCHOLOGY OF COLORS IN BRANDING Blue's use to evoke trust and reliability is discussed in the context of color psychology in branding BLUE. COCA-COLA Coca-Cola's iconic red logo is a critical part of its brand identity, making it instantly recognizable and helping it stand out COCA-COLA.",
    "evaluation": 0
  },
  {
    "accuracy": "53.33%"
  }
]