[
  {
    "correct_answer": "Renewable energy sources combat climate change and reduce dependence on fossil fuels.",
    "retrieved_context": "RENEWABLE ENERGY SOURCES Technological advancements contribute to the reduction in costs and improvement in performance of renewable energy sources TECHNOLOGICAL ADVANCEMENTS. RENEWABLE ENERGY SOURCES The integration of renewable energy into the energy system requires a robust grid infrastructure GRID INFRASTRUCTURE. RENEWABLE ENERGY SOURCES Geothermal energy is a form of renewable energy sources contributing to the sustainable energy future GEOTHERMAL. BIOENERGY Bioenergy is converted into biofuels for use in transportation BIOFUELS. RENEWABLE ENERGY SOURCES Demand-side management strategies support the efficient use of renewable energy DEMAND-SIDE MANAGEMENT. RENEWABLE ENERGY SOURCES Research and development efforts aim to improve renewable energy sources RESEARCH AND DEVELOPMENT. RENEWABLE ENERGY SOURCES Energy storage is critical for managing the intermittency of renewable energy sources ENERGY STORAGE. RENEWABLE ENERGY SOURCES Renewable energy sources, with wind power as a significant component, play a crucial role in contributing to a sustainable energy future. Wind power aids in global efforts to mitigate climate change and enhance energy security, underscoring its importance among renewable energy sources. This form of energy is pivotal in the transition towards more sustainable and secure energy systems worldwide. WIND POWER. RENEWABLE ENERGY SOURCES Hydropower is a form of renewable energy sources contributing to the sustainable energy future HYDROPOWER. RENEWABLE ENERGY SOURCES Stakeholder engagement is essential for the successful and sustainable development of renewable energy projects STAKEHOLDER ENGAGEMENT. HYDROPOWER Large-scale hydropower projects are a significant part of hydropower energy generation LARGE-SCALE HYDROPOWER PROJECTS. RENEWABLE ENERGY SOURCES Solar energy is a key component of renewable energy sources, contributing to the reduction of greenhouse gas emissions and energy sector decarbonization SOLAR ENERGY. BIOENERGY Biomass power plants are a method of converting bioenergy into heat and electricity BIOMASS POWER PLANTS. HYDROPOWER Small-scale installations represent a shift in hydropower towards minimizing environmental impacts SMALL-SCALE HYDROPOWER INSTALLATIONS. RENEWABLE ENERGY SOURCES Digitalization enhances the management and efficiency of renewable energy sources DIGITALIZATION. HYDROPOWER Run-of-river projects are a form of hydropower that seeks to reduce environmental disruption RUN-OF-RIVER PROJECTS. RENEWABLE ENERGY SOURCES Renewable energy sources aim to reduce greenhouse gas emissions to mitigate climate change GREENHOUSE GAS EMISSIONS. RENEWABLE ENERGY SOURCES Renewable energy sources face adoption challenges in developing countries due to financial barriers and risks DEVELOPING COUNTRIES. RENEWABLE ENERGY SOURCES Environmental impact assessments are crucial for minimizing the negative effects of renewable energy development ENVIRONMENTAL IMPACT ASSESSMENTS. RENEWABLE ENERGY SOURCES Renewable energy sources contribute to enhancing energy security by providing sustainable energy options ENERGY SECURITY. RENEWABLE ENERGY SOURCES The development of renewable energy sources is driven by the need to combat climate change CLIMATE CHANGE. RENEWABLE ENERGY SOURCES The development of renewable energy sources has been supported by government incentives GOVERNMENT INCENTIVES. RENEWABLE ENERGY SOURCES The LCOE for solar and wind power becoming competitive with fossil fuels is a key factor in the growth of renewable energy sources LEVELIZED COST OF ELECTRICITY (LCOE). RENEWABLE ENERGY SOURCES Solar power is a form of renewable energy sources contributing to the sustainable energy future SOLAR POWER. RENEWABLE ENERGY SOURCES Renewable energy sources are developed as alternatives to reduce dependence on fossil fuels FOSSIL FUELS. RENEWABLE ENERGY SOURCES Bioenergy is a form of renewable energy sources contributing to the sustainable energy future BIOENERGY. HYDROPOWER Both hydropower and geothermal energy are renewable energy sources utilized for electricity generation GEOTHERMAL ENERGY.",
    "evaluation": 1
  },
  {
    "correct_answer": "Renewable energy sources are replenished on a human timescale.",
    "retrieved_context": "RENEWABLE ENERGY SOURCES Technological advancements contribute to the reduction in costs and improvement in performance of renewable energy sources TECHNOLOGICAL ADVANCEMENTS. RENEWABLE ENERGY SOURCES The integration of renewable energy into the energy system requires a robust grid infrastructure GRID INFRASTRUCTURE. RENEWABLE ENERGY SOURCES Geothermal energy is a form of renewable energy sources contributing to the sustainable energy future GEOTHERMAL. BIOENERGY Bioenergy is converted into biofuels for use in transportation BIOFUELS. RENEWABLE ENERGY SOURCES Demand-side management strategies support the efficient use of renewable energy DEMAND-SIDE MANAGEMENT. RENEWABLE ENERGY SOURCES Research and development efforts aim to improve renewable energy sources RESEARCH AND DEVELOPMENT. RENEWABLE ENERGY SOURCES Energy storage is critical for managing the intermittency of renewable energy sources ENERGY STORAGE. RENEWABLE ENERGY SOURCES Renewable energy sources, with wind power as a significant component, play a crucial role in contributing to a sustainable energy future. Wind power aids in global efforts to mitigate climate change and enhance energy security, underscoring its importance among renewable energy sources. This form of energy is pivotal in the transition towards more sustainable and secure energy systems worldwide. WIND POWER. RENEWABLE ENERGY SOURCES Hydropower is a form of renewable energy sources contributing to the sustainable energy future HYDROPOWER. RENEWABLE ENERGY SOURCES Stakeholder engagement is essential for the successful and sustainable development of renewable energy projects STAKEHOLDER ENGAGEMENT. HYDROPOWER Large-scale hydropower projects are a significant part of hydropower energy generation LARGE-SCALE HYDROPOWER PROJECTS. RENEWABLE ENERGY SOURCES Solar energy is a key component of renewable energy sources, contributing to the reduction of greenhouse gas emissions and energy sector decarbonization SOLAR ENERGY. BIOENERGY Biomass power plants are a method of converting bioenergy into heat and electricity BIOMASS POWER PLANTS. HYDROPOWER Small-scale installations represent a shift in hydropower towards minimizing environmental impacts SMALL-SCALE HYDROPOWER INSTALLATIONS. RENEWABLE ENERGY SOURCES Digitalization enhances the management and efficiency of renewable energy sources DIGITALIZATION. HYDROPOWER Run-of-river projects are a form of hydropower that seeks to reduce environmental disruption RUN-OF-RIVER PROJECTS. RENEWABLE ENERGY SOURCES Renewable energy sources aim to reduce greenhouse gas emissions to mitigate climate change GREENHOUSE GAS EMISSIONS. RENEWABLE ENERGY SOURCES Renewable energy sources face adoption challenges in developing countries due to financial barriers and risks DEVELOPING COUNTRIES. RENEWABLE ENERGY SOURCES Environmental impact assessments are crucial for minimizing the negative effects of renewable energy development ENVIRONMENTAL IMPACT ASSESSMENTS. RENEWABLE ENERGY SOURCES Renewable energy sources contribute to enhancing energy security by providing sustainable energy options ENERGY SECURITY. RENEWABLE ENERGY SOURCES The development of renewable energy sources is driven by the need to combat climate change CLIMATE CHANGE. RENEWABLE ENERGY SOURCES The development of renewable energy sources has been supported by government incentives GOVERNMENT INCENTIVES. RENEWABLE ENERGY SOURCES The LCOE for solar and wind power becoming competitive with fossil fuels is a key factor in the growth of renewable energy sources LEVELIZED COST OF ELECTRICITY (LCOE). RENEWABLE ENERGY SOURCES Solar power is a form of renewable energy sources contributing to the sustainable energy future SOLAR POWER. RENEWABLE ENERGY SOURCES Renewable energy sources are developed as alternatives to reduce dependence on fossil fuels FOSSIL FUELS. RENEWABLE ENERGY SOURCES Bioenergy is a form of renewable energy sources contributing to the sustainable energy future BIOENERGY. HYDROPOWER Both hydropower and geothermal energy are renewable energy sources utilized for electricity generation GEOTHERMAL ENERGY. BIOENERGY Biomass power plants are a method of converting bioenergy into heat and electricity BIOMASS POWER PLANTS. GEOTHERMAL ENERGY Geothermal heat pumps expand the application of geothermal energy to heating and cooling GEOTHERMAL HEAT PUMPS. BIOENERGY Bioenergy is converted into biofuels for use in transportation BIOFUELS. GEOTHERMAL ENERGY Bioenergy and geothermal energy are both alternative renewable energy sources to traditional fossil fuels BIOENERGY. GEOTHERMAL ENERGY EGS technology enhances the capability and efficiency of geothermal energy extraction ENHANCED GEOTHERMAL SYSTEMS (EGS). GEOTHERMAL ENERGY Geothermal power plants are the primary method of electricity generation from geothermal energy GEOTHERMAL POWER PLANTS.",
    "evaluation": 0
  },
  {
    "correct_answer": "Renewable energy sources are abundant and have lower environmental impacts compared to fossil fuels.",
    "retrieved_context": "RENEWABLE ENERGY SOURCES Technological advancements contribute to the reduction in costs and improvement in performance of renewable energy sources TECHNOLOGICAL ADVANCEMENTS. RENEWABLE ENERGY SOURCES The integration of renewable energy into the energy system requires a robust grid infrastructure GRID INFRASTRUCTURE. RENEWABLE ENERGY SOURCES Geothermal energy is a form of renewable energy sources contributing to the sustainable energy future GEOTHERMAL. BIOENERGY Bioenergy is converted into biofuels for use in transportation BIOFUELS. RENEWABLE ENERGY SOURCES Demand-side management strategies support the efficient use of renewable energy DEMAND-SIDE MANAGEMENT. RENEWABLE ENERGY SOURCES Research and development efforts aim to improve renewable energy sources RESEARCH AND DEVELOPMENT. RENEWABLE ENERGY SOURCES Energy storage is critical for managing the intermittency of renewable energy sources ENERGY STORAGE. RENEWABLE ENERGY SOURCES Renewable energy sources, with wind power as a significant component, play a crucial role in contributing to a sustainable energy future. Wind power aids in global efforts to mitigate climate change and enhance energy security, underscoring its importance among renewable energy sources. This form of energy is pivotal in the transition towards more sustainable and secure energy systems worldwide. WIND POWER. RENEWABLE ENERGY SOURCES Hydropower is a form of renewable energy sources contributing to the sustainable energy future HYDROPOWER. RENEWABLE ENERGY SOURCES Stakeholder engagement is essential for the successful and sustainable development of renewable energy projects STAKEHOLDER ENGAGEMENT. HYDROPOWER Large-scale hydropower projects are a significant part of hydropower energy generation LARGE-SCALE HYDROPOWER PROJECTS. RENEWABLE ENERGY SOURCES Solar energy is a key component of renewable energy sources, contributing to the reduction of greenhouse gas emissions and energy sector decarbonization SOLAR ENERGY. BIOENERGY Biomass power plants are a method of converting bioenergy into heat and electricity BIOMASS POWER PLANTS. HYDROPOWER Small-scale installations represent a shift in hydropower towards minimizing environmental impacts SMALL-SCALE HYDROPOWER INSTALLATIONS. RENEWABLE ENERGY SOURCES Digitalization enhances the management and efficiency of renewable energy sources DIGITALIZATION. HYDROPOWER Run-of-river projects are a form of hydropower that seeks to reduce environmental disruption RUN-OF-RIVER PROJECTS. RENEWABLE ENERGY SOURCES Renewable energy sources aim to reduce greenhouse gas emissions to mitigate climate change GREENHOUSE GAS EMISSIONS. RENEWABLE ENERGY SOURCES Renewable energy sources face adoption challenges in developing countries due to financial barriers and risks DEVELOPING COUNTRIES. RENEWABLE ENERGY SOURCES Environmental impact assessments are crucial for minimizing the negative effects of renewable energy development ENVIRONMENTAL IMPACT ASSESSMENTS. RENEWABLE ENERGY SOURCES Renewable energy sources contribute to enhancing energy security by providing sustainable energy options ENERGY SECURITY. RENEWABLE ENERGY SOURCES The development of renewable energy sources is driven by the need to combat climate change CLIMATE CHANGE. RENEWABLE ENERGY SOURCES The development of renewable energy sources has been supported by government incentives GOVERNMENT INCENTIVES. RENEWABLE ENERGY SOURCES The LCOE for solar and wind power becoming competitive with fossil fuels is a key factor in the growth of renewable energy sources LEVELIZED COST OF ELECTRICITY (LCOE). RENEWABLE ENERGY SOURCES Solar power is a form of renewable energy sources contributing to the sustainable energy future SOLAR POWER. RENEWABLE ENERGY SOURCES Renewable energy sources are developed as alternatives to reduce dependence on fossil fuels FOSSIL FUELS. RENEWABLE ENERGY SOURCES Bioenergy is a form of renewable energy sources contributing to the sustainable energy future BIOENERGY. HYDROPOWER Both hydropower and geothermal energy are renewable energy sources utilized for electricity generation GEOTHERMAL ENERGY.",
    "evaluation": 0
  },
  {
    "correct_answer": "Solar energy harnesses sunlight through photovoltaic cells.",
    "retrieved_context": "RENEWABLE ENERGY SOURCES Technological advancements contribute to the reduction in costs and improvement in performance of renewable energy sources TECHNOLOGICAL ADVANCEMENTS. RENEWABLE ENERGY SOURCES The integration of renewable energy into the energy system requires a robust grid infrastructure GRID INFRASTRUCTURE. RENEWABLE ENERGY SOURCES Geothermal energy is a form of renewable energy sources contributing to the sustainable energy future GEOTHERMAL. BIOENERGY Bioenergy is converted into biofuels for use in transportation BIOFUELS. RENEWABLE ENERGY SOURCES Demand-side management strategies support the efficient use of renewable energy DEMAND-SIDE MANAGEMENT. RENEWABLE ENERGY SOURCES Research and development efforts aim to improve renewable energy sources RESEARCH AND DEVELOPMENT. RENEWABLE ENERGY SOURCES Energy storage is critical for managing the intermittency of renewable energy sources ENERGY STORAGE. RENEWABLE ENERGY SOURCES Renewable energy sources, with wind power as a significant component, play a crucial role in contributing to a sustainable energy future. Wind power aids in global efforts to mitigate climate change and enhance energy security, underscoring its importance among renewable energy sources. This form of energy is pivotal in the transition towards more sustainable and secure energy systems worldwide. WIND POWER. RENEWABLE ENERGY SOURCES Hydropower is a form of renewable energy sources contributing to the sustainable energy future HYDROPOWER. RENEWABLE ENERGY SOURCES Stakeholder engagement is essential for the successful and sustainable development of renewable energy projects STAKEHOLDER ENGAGEMENT. HYDROPOWER Large-scale hydropower projects are a significant part of hydropower energy generation LARGE-SCALE HYDROPOWER PROJECTS. RENEWABLE ENERGY SOURCES Solar energy is a key component of renewable energy sources, contributing to the reduction of greenhouse gas emissions and energy sector decarbonization SOLAR ENERGY. BIOENERGY Biomass power plants are a method of converting bioenergy into heat and electricity BIOMASS POWER PLANTS. HYDROPOWER Small-scale installations represent a shift in hydropower towards minimizing environmental impacts SMALL-SCALE HYDROPOWER INSTALLATIONS. RENEWABLE ENERGY SOURCES Digitalization enhances the management and efficiency of renewable energy sources DIGITALIZATION. HYDROPOWER Run-of-river projects are a form of hydropower that seeks to reduce environmental disruption RUN-OF-RIVER PROJECTS. RENEWABLE ENERGY SOURCES Renewable energy sources aim to reduce greenhouse gas emissions to mitigate climate change GREENHOUSE GAS EMISSIONS. RENEWABLE ENERGY SOURCES Renewable energy sources face adoption challenges in developing countries due to financial barriers and risks DEVELOPING COUNTRIES. RENEWABLE ENERGY SOURCES Environmental impact assessments are crucial for minimizing the negative effects of renewable energy development ENVIRONMENTAL IMPACT ASSESSMENTS. RENEWABLE ENERGY SOURCES Renewable energy sources contribute to enhancing energy security by providing sustainable energy options ENERGY SECURITY. RENEWABLE ENERGY SOURCES The development of renewable energy sources is driven by the need to combat climate change CLIMATE CHANGE. RENEWABLE ENERGY SOURCES The development of renewable energy sources has been supported by government incentives GOVERNMENT INCENTIVES. RENEWABLE ENERGY SOURCES The LCOE for solar and wind power becoming competitive with fossil fuels is a key factor in the growth of renewable energy sources LEVELIZED COST OF ELECTRICITY (LCOE). RENEWABLE ENERGY SOURCES Solar power is a form of renewable energy sources contributing to the sustainable energy future SOLAR POWER. RENEWABLE ENERGY SOURCES Renewable energy sources are developed as alternatives to reduce dependence on fossil fuels FOSSIL FUELS. RENEWABLE ENERGY SOURCES Bioenergy is a form of renewable energy sources contributing to the sustainable energy future BIOENERGY. HYDROPOWER Both hydropower and geothermal energy are renewable energy sources utilized for electricity generation GEOTHERMAL ENERGY. GRID MODERNIZATION The integration of solar and wind power into the electricity grid requires grid modernization and smart grid technologies SOLAR AND WIND POWER. ENERGY STORAGE TECHNOLOGIES Energy storage technologies are part of grid modernization efforts to integrate renewable energy GRID MODERNIZATION. GRID MODERNIZATION Smart grid technologies are a crucial part of grid modernization efforts SMART GRID TECHNOLOGIES. ENERGY STORAGE TECHNOLOGIES Energy storage technologies are developed to address the intermittency of solar and wind power SOLAR AND WIND POWER.",
    "evaluation": 0
  },
  {
    "correct_answer": "Solar panels are installed on rooftops and in utility-scale solar farms.",
    "retrieved_context": "RENEWABLE ENERGY SOURCES Technological advancements contribute to the reduction in costs and improvement in performance of renewable energy sources TECHNOLOGICAL ADVANCEMENTS. RENEWABLE ENERGY SOURCES The integration of renewable energy into the energy system requires a robust grid infrastructure GRID INFRASTRUCTURE. RENEWABLE ENERGY SOURCES Geothermal energy is a form of renewable energy sources contributing to the sustainable energy future GEOTHERMAL. BIOENERGY Bioenergy is converted into biofuels for use in transportation BIOFUELS. RENEWABLE ENERGY SOURCES Demand-side management strategies support the efficient use of renewable energy DEMAND-SIDE MANAGEMENT. RENEWABLE ENERGY SOURCES Research and development efforts aim to improve renewable energy sources RESEARCH AND DEVELOPMENT. RENEWABLE ENERGY SOURCES Energy storage is critical for managing the intermittency of renewable energy sources ENERGY STORAGE. RENEWABLE ENERGY SOURCES Renewable energy sources, with wind power as a significant component, play a crucial role in contributing to a sustainable energy future. Wind power aids in global efforts to mitigate climate change and enhance energy security, underscoring its importance among renewable energy sources. This form of energy is pivotal in the transition towards more sustainable and secure energy systems worldwide. WIND POWER. RENEWABLE ENERGY SOURCES Hydropower is a form of renewable energy sources contributing to the sustainable energy future HYDROPOWER. RENEWABLE ENERGY SOURCES Stakeholder engagement is essential for the successful and sustainable development of renewable energy projects STAKEHOLDER ENGAGEMENT. HYDROPOWER Large-scale hydropower projects are a significant part of hydropower energy generation LARGE-SCALE HYDROPOWER PROJECTS. RENEWABLE ENERGY SOURCES Solar energy is a key component of renewable energy sources, contributing to the reduction of greenhouse gas emissions and energy sector decarbonization SOLAR ENERGY. BIOENERGY Biomass power plants are a method of converting bioenergy into heat and electricity BIOMASS POWER PLANTS. HYDROPOWER Small-scale installations represent a shift in hydropower towards minimizing environmental impacts SMALL-SCALE HYDROPOWER INSTALLATIONS. RENEWABLE ENERGY SOURCES Digitalization enhances the management and efficiency of renewable energy sources DIGITALIZATION. HYDROPOWER Run-of-river projects are a form of hydropower that seeks to reduce environmental disruption RUN-OF-RIVER PROJECTS. RENEWABLE ENERGY SOURCES Renewable energy sources aim to reduce greenhouse gas emissions to mitigate climate change GREENHOUSE GAS EMISSIONS. RENEWABLE ENERGY SOURCES Renewable energy sources face adoption challenges in developing countries due to financial barriers and risks DEVELOPING COUNTRIES. RENEWABLE ENERGY SOURCES Environmental impact assessments are crucial for minimizing the negative effects of renewable energy development ENVIRONMENTAL IMPACT ASSESSMENTS. RENEWABLE ENERGY SOURCES Renewable energy sources contribute to enhancing energy security by providing sustainable energy options ENERGY SECURITY. RENEWABLE ENERGY SOURCES The development of renewable energy sources is driven by the need to combat climate change CLIMATE CHANGE. RENEWABLE ENERGY SOURCES The development of renewable energy sources has been supported by government incentives GOVERNMENT INCENTIVES. RENEWABLE ENERGY SOURCES The LCOE for solar and wind power becoming competitive with fossil fuels is a key factor in the growth of renewable energy sources LEVELIZED COST OF ELECTRICITY (LCOE). RENEWABLE ENERGY SOURCES Solar power is a form of renewable energy sources contributing to the sustainable energy future SOLAR POWER. RENEWABLE ENERGY SOURCES Renewable energy sources are developed as alternatives to reduce dependence on fossil fuels FOSSIL FUELS. RENEWABLE ENERGY SOURCES Bioenergy is a form of renewable energy sources contributing to the sustainable energy future BIOENERGY. HYDROPOWER Both hydropower and geothermal energy are renewable energy sources utilized for electricity generation GEOTHERMAL ENERGY. WIND FARMS Advancements in wind turbine technology have directly contributed to the growth and efficiency of wind farms WIND TURBINE TECHNOLOGY. WIND FARMS Offshore wind farms are a specific type of wind farms with unique characteristics and benefits OFFSHORE WIND FARMS.",
    "evaluation": 0
  },
  {
    "correct_answer": "Wind turbines convert the kinetic energy of wind into electricity.",
    "retrieved_context": "WIND FARMS Advancements in wind turbine technology have directly contributed to the growth and efficiency of wind farms WIND TURBINE TECHNOLOGY. WIND FARMS Offshore wind farms are a specific type of wind farms with unique characteristics and benefits OFFSHORE WIND FARMS. RENEWABLE ENERGY SOURCES Technological advancements contribute to the reduction in costs and improvement in performance of renewable energy sources TECHNOLOGICAL ADVANCEMENTS. RENEWABLE ENERGY SOURCES The integration of renewable energy into the energy system requires a robust grid infrastructure GRID INFRASTRUCTURE. RENEWABLE ENERGY SOURCES Geothermal energy is a form of renewable energy sources contributing to the sustainable energy future GEOTHERMAL. BIOENERGY Bioenergy is converted into biofuels for use in transportation BIOFUELS. RENEWABLE ENERGY SOURCES Demand-side management strategies support the efficient use of renewable energy DEMAND-SIDE MANAGEMENT. RENEWABLE ENERGY SOURCES Research and development efforts aim to improve renewable energy sources RESEARCH AND DEVELOPMENT. RENEWABLE ENERGY SOURCES Energy storage is critical for managing the intermittency of renewable energy sources ENERGY STORAGE. RENEWABLE ENERGY SOURCES Renewable energy sources, with wind power as a significant component, play a crucial role in contributing to a sustainable energy future. Wind power aids in global efforts to mitigate climate change and enhance energy security, underscoring its importance among renewable energy sources. This form of energy is pivotal in the transition towards more sustainable and secure energy systems worldwide. WIND POWER. RENEWABLE ENERGY SOURCES Hydropower is a form of renewable energy sources contributing to the sustainable energy future HYDROPOWER. RENEWABLE ENERGY SOURCES Stakeholder engagement is essential for the successful and sustainable development of renewable energy projects STAKEHOLDER ENGAGEMENT. HYDROPOWER Large-scale hydropower projects are a significant part of hydropower energy generation LARGE-SCALE HYDROPOWER PROJECTS. RENEWABLE ENERGY SOURCES Solar energy is a key component of renewable energy sources, contributing to the reduction of greenhouse gas emissions and energy sector decarbonization SOLAR ENERGY. BIOENERGY Biomass power plants are a method of converting bioenergy into heat and electricity BIOMASS POWER PLANTS. HYDROPOWER Small-scale installations represent a shift in hydropower towards minimizing environmental impacts SMALL-SCALE HYDROPOWER INSTALLATIONS. RENEWABLE ENERGY SOURCES Digitalization enhances the management and efficiency of renewable energy sources DIGITALIZATION. HYDROPOWER Run-of-river projects are a form of hydropower that seeks to reduce environmental disruption RUN-OF-RIVER PROJECTS. RENEWABLE ENERGY SOURCES Renewable energy sources aim to reduce greenhouse gas emissions to mitigate climate change GREENHOUSE GAS EMISSIONS. RENEWABLE ENERGY SOURCES Renewable energy sources face adoption challenges in developing countries due to financial barriers and risks DEVELOPING COUNTRIES. RENEWABLE ENERGY SOURCES Environmental impact assessments are crucial for minimizing the negative effects of renewable energy development ENVIRONMENTAL IMPACT ASSESSMENTS. RENEWABLE ENERGY SOURCES Renewable energy sources contribute to enhancing energy security by providing sustainable energy options ENERGY SECURITY. RENEWABLE ENERGY SOURCES The development of renewable energy sources is driven by the need to combat climate change CLIMATE CHANGE. RENEWABLE ENERGY SOURCES The development of renewable energy sources has been supported by government incentives GOVERNMENT INCENTIVES. RENEWABLE ENERGY SOURCES The LCOE for solar and wind power becoming competitive with fossil fuels is a key factor in the growth of renewable energy sources LEVELIZED COST OF ELECTRICITY (LCOE). RENEWABLE ENERGY SOURCES Solar power is a form of renewable energy sources contributing to the sustainable energy future SOLAR POWER. RENEWABLE ENERGY SOURCES Renewable energy sources are developed as alternatives to reduce dependence on fossil fuels FOSSIL FUELS. RENEWABLE ENERGY SOURCES Bioenergy is a form of renewable energy sources contributing to the sustainable energy future BIOENERGY. HYDROPOWER Both hydropower and geothermal energy are renewable energy sources utilized for electricity generation GEOTHERMAL ENERGY.",
    "evaluation": 0
  },
  {
    "correct_answer": "Advances in wind turbine technology have increased efficiency and cost-effectiveness.",
    "retrieved_context": "WIND FARMS Advancements in wind turbine technology have directly contributed to the growth and efficiency of wind farms WIND TURBINE TECHNOLOGY. WIND FARMS Offshore wind farms are a specific type of wind farms with unique characteristics and benefits OFFSHORE WIND FARMS. RENEWABLE ENERGY SOURCES Technological advancements contribute to the reduction in costs and improvement in performance of renewable energy sources TECHNOLOGICAL ADVANCEMENTS. RENEWABLE ENERGY SOURCES The integration of renewable energy into the energy system requires a robust grid infrastructure GRID INFRASTRUCTURE. RENEWABLE ENERGY SOURCES Geothermal energy is a form of renewable energy sources contributing to the sustainable energy future GEOTHERMAL. BIOENERGY Bioenergy is converted into biofuels for use in transportation BIOFUELS. RENEWABLE ENERGY SOURCES Demand-side management strategies support the efficient use of renewable energy DEMAND-SIDE MANAGEMENT. RENEWABLE ENERGY SOURCES Research and development efforts aim to improve renewable energy sources RESEARCH AND DEVELOPMENT. RENEWABLE ENERGY SOURCES Energy storage is critical for managing the intermittency of renewable energy sources ENERGY STORAGE. RENEWABLE ENERGY SOURCES Renewable energy sources, with wind power as a significant component, play a crucial role in contributing to a sustainable energy future. Wind power aids in global efforts to mitigate climate change and enhance energy security, underscoring its importance among renewable energy sources. This form of energy is pivotal in the transition towards more sustainable and secure energy systems worldwide. WIND POWER. RENEWABLE ENERGY SOURCES Hydropower is a form of renewable energy sources contributing to the sustainable energy future HYDROPOWER. RENEWABLE ENERGY SOURCES Stakeholder engagement is essential for the successful and sustainable development of renewable energy projects STAKEHOLDER ENGAGEMENT. HYDROPOWER Large-scale hydropower projects are a significant part of hydropower energy generation LARGE-SCALE HYDROPOWER PROJECTS. RENEWABLE ENERGY SOURCES Solar energy is a key component of renewable energy sources, contributing to the reduction of greenhouse gas emissions and energy sector decarbonization SOLAR ENERGY. BIOENERGY Biomass power plants are a method of converting bioenergy into heat and electricity BIOMASS POWER PLANTS. HYDROPOWER Small-scale installations represent a shift in hydropower towards minimizing environmental impacts SMALL-SCALE HYDROPOWER INSTALLATIONS. RENEWABLE ENERGY SOURCES Digitalization enhances the management and efficiency of renewable energy sources DIGITALIZATION. HYDROPOWER Run-of-river projects are a form of hydropower that seeks to reduce environmental disruption RUN-OF-RIVER PROJECTS. RENEWABLE ENERGY SOURCES Renewable energy sources aim to reduce greenhouse gas emissions to mitigate climate change GREENHOUSE GAS EMISSIONS. RENEWABLE ENERGY SOURCES Renewable energy sources face adoption challenges in developing countries due to financial barriers and risks DEVELOPING COUNTRIES. RENEWABLE ENERGY SOURCES Environmental impact assessments are crucial for minimizing the negative effects of renewable energy development ENVIRONMENTAL IMPACT ASSESSMENTS. RENEWABLE ENERGY SOURCES Renewable energy sources contribute to enhancing energy security by providing sustainable energy options ENERGY SECURITY. RENEWABLE ENERGY SOURCES The development of renewable energy sources is driven by the need to combat climate change CLIMATE CHANGE. RENEWABLE ENERGY SOURCES The development of renewable energy sources has been supported by government incentives GOVERNMENT INCENTIVES. RENEWABLE ENERGY SOURCES The LCOE for solar and wind power becoming competitive with fossil fuels is a key factor in the growth of renewable energy sources LEVELIZED COST OF ELECTRICITY (LCOE). RENEWABLE ENERGY SOURCES Solar power is a form of renewable energy sources contributing to the sustainable energy future SOLAR POWER. RENEWABLE ENERGY SOURCES Renewable energy sources are developed as alternatives to reduce dependence on fossil fuels FOSSIL FUELS. RENEWABLE ENERGY SOURCES Bioenergy is a form of renewable energy sources contributing to the sustainable energy future BIOENERGY. HYDROPOWER Both hydropower and geothermal energy are renewable energy sources utilized for electricity generation GEOTHERMAL ENERGY. GRID MODERNIZATION The integration of solar and wind power into the electricity grid requires grid modernization and smart grid technologies SOLAR AND WIND POWER. GRID MODERNIZATION Smart grid technologies are a crucial part of grid modernization efforts SMART GRID TECHNOLOGIES.",
    "evaluation": 1
  },
  {
    "correct_answer": "Hydropower plants harness the energy of flowing water to generate electricity.",
    "retrieved_context": "GEOTHERMAL ENERGY Geothermal heat pumps expand the application of geothermal energy to heating and cooling GEOTHERMAL HEAT PUMPS. HYDROPOWER Small-scale installations represent a shift in hydropower towards minimizing environmental impacts SMALL-SCALE HYDROPOWER INSTALLATIONS. HYDROPOWER Run-of-river projects are a form of hydropower that seeks to reduce environmental disruption RUN-OF-RIVER PROJECTS. GEOTHERMAL ENERGY Bioenergy and geothermal energy are both alternative renewable energy sources to traditional fossil fuels BIOENERGY. GEOTHERMAL ENERGY EGS technology enhances the capability and efficiency of geothermal energy extraction ENHANCED GEOTHERMAL SYSTEMS (EGS). HYDROPOWER Large-scale hydropower projects are a significant part of hydropower energy generation LARGE-SCALE HYDROPOWER PROJECTS. GEOTHERMAL ENERGY Geothermal power plants are the primary method of electricity generation from geothermal energy GEOTHERMAL POWER PLANTS. HYDROPOWER Both hydropower and geothermal energy are renewable energy sources utilized for electricity generation GEOTHERMAL ENERGY. RENEWABLE ENERGY SOURCES Technological advancements contribute to the reduction in costs and improvement in performance of renewable energy sources TECHNOLOGICAL ADVANCEMENTS. RENEWABLE ENERGY SOURCES The integration of renewable energy into the energy system requires a robust grid infrastructure GRID INFRASTRUCTURE. RENEWABLE ENERGY SOURCES Geothermal energy is a form of renewable energy sources contributing to the sustainable energy future GEOTHERMAL. BIOENERGY Bioenergy is converted into biofuels for use in transportation BIOFUELS. RENEWABLE ENERGY SOURCES Demand-side management strategies support the efficient use of renewable energy DEMAND-SIDE MANAGEMENT. RENEWABLE ENERGY SOURCES Research and development efforts aim to improve renewable energy sources RESEARCH AND DEVELOPMENT. RENEWABLE ENERGY SOURCES Energy storage is critical for managing the intermittency of renewable energy sources ENERGY STORAGE. RENEWABLE ENERGY SOURCES Renewable energy sources, with wind power as a significant component, play a crucial role in contributing to a sustainable energy future. Wind power aids in global efforts to mitigate climate change and enhance energy security, underscoring its importance among renewable energy sources. This form of energy is pivotal in the transition towards more sustainable and secure energy systems worldwide. WIND POWER. RENEWABLE ENERGY SOURCES Hydropower is a form of renewable energy sources contributing to the sustainable energy future HYDROPOWER. RENEWABLE ENERGY SOURCES Stakeholder engagement is essential for the successful and sustainable development of renewable energy projects STAKEHOLDER ENGAGEMENT. HYDROPOWER Large-scale hydropower projects are a significant part of hydropower energy generation LARGE-SCALE HYDROPOWER PROJECTS. RENEWABLE ENERGY SOURCES Solar energy is a key component of renewable energy sources, contributing to the reduction of greenhouse gas emissions and energy sector decarbonization SOLAR ENERGY. BIOENERGY Biomass power plants are a method of converting bioenergy into heat and electricity BIOMASS POWER PLANTS. HYDROPOWER Small-scale installations represent a shift in hydropower towards minimizing environmental impacts SMALL-SCALE HYDROPOWER INSTALLATIONS. RENEWABLE ENERGY SOURCES Digitalization enhances the management and efficiency of renewable energy sources DIGITALIZATION. HYDROPOWER Run-of-river projects are a form of hydropower that seeks to reduce environmental disruption RUN-OF-RIVER PROJECTS. RENEWABLE ENERGY SOURCES Renewable energy sources aim to reduce greenhouse gas emissions to mitigate climate change GREENHOUSE GAS EMISSIONS. RENEWABLE ENERGY SOURCES Renewable energy sources face adoption challenges in developing countries due to financial barriers and risks DEVELOPING COUNTRIES. RENEWABLE ENERGY SOURCES Environmental impact assessments are crucial for minimizing the negative effects of renewable energy development ENVIRONMENTAL IMPACT ASSESSMENTS. RENEWABLE ENERGY SOURCES Renewable energy sources contribute to enhancing energy security by providing sustainable energy options ENERGY SECURITY. RENEWABLE ENERGY SOURCES The development of renewable energy sources is driven by the need to combat climate change CLIMATE CHANGE. RENEWABLE ENERGY SOURCES The development of renewable energy sources has been supported by government incentives GOVERNMENT INCENTIVES. RENEWABLE ENERGY SOURCES The LCOE for solar and wind power becoming competitive with fossil fuels is a key factor in the growth of renewable energy sources LEVELIZED COST OF ELECTRICITY (LCOE). RENEWABLE ENERGY SOURCES Solar power is a form of renewable energy sources contributing to the sustainable energy future SOLAR POWER. RENEWABLE ENERGY SOURCES Renewable energy sources are developed as alternatives to reduce dependence on fossil fuels FOSSIL FUELS. RENEWABLE ENERGY SOURCES Bioenergy is a form of renewable energy sources contributing to the sustainable energy future BIOENERGY. HYDROPOWER Both hydropower and geothermal energy are renewable energy sources utilized for electricity generation GEOTHERMAL ENERGY.",
    "evaluation": 0
  },
  {
    "correct_answer": "Geothermal energy taps into underground reservoirs of hot water or steam.",
    "retrieved_context": "BIOENERGY Biomass power plants are a method of converting bioenergy into heat and electricity BIOMASS POWER PLANTS. GEOTHERMAL ENERGY Geothermal heat pumps expand the application of geothermal energy to heating and cooling GEOTHERMAL HEAT PUMPS. BIOENERGY Bioenergy is converted into biofuels for use in transportation BIOFUELS. GEOTHERMAL ENERGY Bioenergy and geothermal energy are both alternative renewable energy sources to traditional fossil fuels BIOENERGY. GEOTHERMAL ENERGY EGS technology enhances the capability and efficiency of geothermal energy extraction ENHANCED GEOTHERMAL SYSTEMS (EGS). GEOTHERMAL ENERGY Geothermal power plants are the primary method of electricity generation from geothermal energy GEOTHERMAL POWER PLANTS. RENEWABLE ENERGY SOURCES Technological advancements contribute to the reduction in costs and improvement in performance of renewable energy sources TECHNOLOGICAL ADVANCEMENTS. RENEWABLE ENERGY SOURCES The integration of renewable energy into the energy system requires a robust grid infrastructure GRID INFRASTRUCTURE. RENEWABLE ENERGY SOURCES Geothermal energy is a form of renewable energy sources contributing to the sustainable energy future GEOTHERMAL. BIOENERGY Bioenergy is converted into biofuels for use in transportation BIOFUELS. RENEWABLE ENERGY SOURCES Demand-side management strategies support the efficient use of renewable energy DEMAND-SIDE MANAGEMENT. RENEWABLE ENERGY SOURCES Research and development efforts aim to improve renewable energy sources RESEARCH AND DEVELOPMENT. RENEWABLE ENERGY SOURCES Energy storage is critical for managing the intermittency of renewable energy sources ENERGY STORAGE. RENEWABLE ENERGY SOURCES Renewable energy sources, with wind power as a significant component, play a crucial role in contributing to a sustainable energy future. Wind power aids in global efforts to mitigate climate change and enhance energy security, underscoring its importance among renewable energy sources. This form of energy is pivotal in the transition towards more sustainable and secure energy systems worldwide. WIND POWER. RENEWABLE ENERGY SOURCES Hydropower is a form of renewable energy sources contributing to the sustainable energy future HYDROPOWER. RENEWABLE ENERGY SOURCES Stakeholder engagement is essential for the successful and sustainable development of renewable energy projects STAKEHOLDER ENGAGEMENT. HYDROPOWER Large-scale hydropower projects are a significant part of hydropower energy generation LARGE-SCALE HYDROPOWER PROJECTS. RENEWABLE ENERGY SOURCES Solar energy is a key component of renewable energy sources, contributing to the reduction of greenhouse gas emissions and energy sector decarbonization SOLAR ENERGY. BIOENERGY Biomass power plants are a method of converting bioenergy into heat and electricity BIOMASS POWER PLANTS. HYDROPOWER Small-scale installations represent a shift in hydropower towards minimizing environmental impacts SMALL-SCALE HYDROPOWER INSTALLATIONS. RENEWABLE ENERGY SOURCES Digitalization enhances the management and efficiency of renewable energy sources DIGITALIZATION. HYDROPOWER Run-of-river projects are a form of hydropower that seeks to reduce environmental disruption RUN-OF-RIVER PROJECTS. RENEWABLE ENERGY SOURCES Renewable energy sources aim to reduce greenhouse gas emissions to mitigate climate change GREENHOUSE GAS EMISSIONS. RENEWABLE ENERGY SOURCES Renewable energy sources face adoption challenges in developing countries due to financial barriers and risks DEVELOPING COUNTRIES. RENEWABLE ENERGY SOURCES Environmental impact assessments are crucial for minimizing the negative effects of renewable energy development ENVIRONMENTAL IMPACT ASSESSMENTS. RENEWABLE ENERGY SOURCES Renewable energy sources contribute to enhancing energy security by providing sustainable energy options ENERGY SECURITY. RENEWABLE ENERGY SOURCES The development of renewable energy sources is driven by the need to combat climate change CLIMATE CHANGE. RENEWABLE ENERGY SOURCES The development of renewable energy sources has been supported by government incentives GOVERNMENT INCENTIVES. RENEWABLE ENERGY SOURCES The LCOE for solar and wind power becoming competitive with fossil fuels is a key factor in the growth of renewable energy sources LEVELIZED COST OF ELECTRICITY (LCOE). RENEWABLE ENERGY SOURCES Solar power is a form of renewable energy sources contributing to the sustainable energy future SOLAR POWER. RENEWABLE ENERGY SOURCES Renewable energy sources are developed as alternatives to reduce dependence on fossil fuels FOSSIL FUELS. RENEWABLE ENERGY SOURCES Bioenergy is a form of renewable energy sources contributing to the sustainable energy future BIOENERGY. HYDROPOWER Both hydropower and geothermal energy are renewable energy sources utilized for electricity generation GEOTHERMAL ENERGY.",
    "evaluation": 0
  },
  {
    "correct_answer": "Bioenergy is derived from organic materials and can be converted into biofuels.",
    "retrieved_context": "BIOENERGY Bioenergy is converted into biofuels for use in transportation BIOFUELS. BIOENERGY Biomass power plants are a method of converting bioenergy into heat and electricity BIOMASS POWER PLANTS. RENEWABLE ENERGY SOURCES Technological advancements contribute to the reduction in costs and improvement in performance of renewable energy sources TECHNOLOGICAL ADVANCEMENTS. RENEWABLE ENERGY SOURCES The integration of renewable energy into the energy system requires a robust grid infrastructure GRID INFRASTRUCTURE. RENEWABLE ENERGY SOURCES Geothermal energy is a form of renewable energy sources contributing to the sustainable energy future GEOTHERMAL. BIOENERGY Bioenergy is converted into biofuels for use in transportation BIOFUELS. RENEWABLE ENERGY SOURCES Demand-side management strategies support the efficient use of renewable energy DEMAND-SIDE MANAGEMENT. RENEWABLE ENERGY SOURCES Research and development efforts aim to improve renewable energy sources RESEARCH AND DEVELOPMENT. RENEWABLE ENERGY SOURCES Energy storage is critical for managing the intermittency of renewable energy sources ENERGY STORAGE. RENEWABLE ENERGY SOURCES Renewable energy sources, with wind power as a significant component, play a crucial role in contributing to a sustainable energy future. Wind power aids in global efforts to mitigate climate change and enhance energy security, underscoring its importance among renewable energy sources. This form of energy is pivotal in the transition towards more sustainable and secure energy systems worldwide. WIND POWER. RENEWABLE ENERGY SOURCES Hydropower is a form of renewable energy sources contributing to the sustainable energy future HYDROPOWER. RENEWABLE ENERGY SOURCES Stakeholder engagement is essential for the successful and sustainable development of renewable energy projects STAKEHOLDER ENGAGEMENT. HYDROPOWER Large-scale hydropower projects are a significant part of hydropower energy generation LARGE-SCALE HYDROPOWER PROJECTS. RENEWABLE ENERGY SOURCES Solar energy is a key component of renewable energy sources, contributing to the reduction of greenhouse gas emissions and energy sector decarbonization SOLAR ENERGY. BIOENERGY Biomass power plants are a method of converting bioenergy into heat and electricity BIOMASS POWER PLANTS. HYDROPOWER Small-scale installations represent a shift in hydropower towards minimizing environmental impacts SMALL-SCALE HYDROPOWER INSTALLATIONS. RENEWABLE ENERGY SOURCES Digitalization enhances the management and efficiency of renewable energy sources DIGITALIZATION. HYDROPOWER Run-of-river projects are a form of hydropower that seeks to reduce environmental disruption RUN-OF-RIVER PROJECTS. RENEWABLE ENERGY SOURCES Renewable energy sources aim to reduce greenhouse gas emissions to mitigate climate change GREENHOUSE GAS EMISSIONS. RENEWABLE ENERGY SOURCES Renewable energy sources face adoption challenges in developing countries due to financial barriers and risks DEVELOPING COUNTRIES. RENEWABLE ENERGY SOURCES Environmental impact assessments are crucial for minimizing the negative effects of renewable energy development ENVIRONMENTAL IMPACT ASSESSMENTS. RENEWABLE ENERGY SOURCES Renewable energy sources contribute to enhancing energy security by providing sustainable energy options ENERGY SECURITY. RENEWABLE ENERGY SOURCES The development of renewable energy sources is driven by the need to combat climate change CLIMATE CHANGE. RENEWABLE ENERGY SOURCES The development of renewable energy sources has been supported by government incentives GOVERNMENT INCENTIVES. RENEWABLE ENERGY SOURCES The LCOE for solar and wind power becoming competitive with fossil fuels is a key factor in the growth of renewable energy sources LEVELIZED COST OF ELECTRICITY (LCOE). RENEWABLE ENERGY SOURCES Solar power is a form of renewable energy sources contributing to the sustainable energy future SOLAR POWER. RENEWABLE ENERGY SOURCES Renewable energy sources are developed as alternatives to reduce dependence on fossil fuels FOSSIL FUELS. RENEWABLE ENERGY SOURCES Bioenergy is a form of renewable energy sources contributing to the sustainable energy future BIOENERGY. HYDROPOWER Both hydropower and geothermal energy are renewable energy sources utilized for electricity generation GEOTHERMAL ENERGY.",
    "evaluation": 1
  },
  {
    "correct_answer": "Government incentives promote the deployment of renewable energy technologies.",
    "retrieved_context": "RENEWABLE ENERGY SOURCES Technological advancements contribute to the reduction in costs and improvement in performance of renewable energy sources TECHNOLOGICAL ADVANCEMENTS. RENEWABLE ENERGY SOURCES The integration of renewable energy into the energy system requires a robust grid infrastructure GRID INFRASTRUCTURE. RENEWABLE ENERGY SOURCES Geothermal energy is a form of renewable energy sources contributing to the sustainable energy future GEOTHERMAL. BIOENERGY Bioenergy is converted into biofuels for use in transportation BIOFUELS. RENEWABLE ENERGY SOURCES Demand-side management strategies support the efficient use of renewable energy DEMAND-SIDE MANAGEMENT. RENEWABLE ENERGY SOURCES Research and development efforts aim to improve renewable energy sources RESEARCH AND DEVELOPMENT. RENEWABLE ENERGY SOURCES Energy storage is critical for managing the intermittency of renewable energy sources ENERGY STORAGE. RENEWABLE ENERGY SOURCES Renewable energy sources, with wind power as a significant component, play a crucial role in contributing to a sustainable energy future. Wind power aids in global efforts to mitigate climate change and enhance energy security, underscoring its importance among renewable energy sources. This form of energy is pivotal in the transition towards more sustainable and secure energy systems worldwide. WIND POWER. RENEWABLE ENERGY SOURCES Hydropower is a form of renewable energy sources contributing to the sustainable energy future HYDROPOWER. RENEWABLE ENERGY SOURCES Stakeholder engagement is essential for the successful and sustainable development of renewable energy projects STAKEHOLDER ENGAGEMENT. HYDROPOWER Large-scale hydropower projects are a significant part of hydropower energy generation LARGE-SCALE HYDROPOWER PROJECTS. RENEWABLE ENERGY SOURCES Solar energy is a key component of renewable energy sources, contributing to the reduction of greenhouse gas emissions and energy sector decarbonization SOLAR ENERGY. BIOENERGY Biomass power plants are a method of converting bioenergy into heat and electricity BIOMASS POWER PLANTS. HYDROPOWER Small-scale installations represent a shift in hydropower towards minimizing environmental impacts SMALL-SCALE HYDROPOWER INSTALLATIONS. RENEWABLE ENERGY SOURCES Digitalization enhances the management and efficiency of renewable energy sources DIGITALIZATION. HYDROPOWER Run-of-river projects are a form of hydropower that seeks to reduce environmental disruption RUN-OF-RIVER PROJECTS. RENEWABLE ENERGY SOURCES Renewable energy sources aim to reduce greenhouse gas emissions to mitigate climate change GREENHOUSE GAS EMISSIONS. RENEWABLE ENERGY SOURCES Renewable energy sources face adoption challenges in developing countries due to financial barriers and risks DEVELOPING COUNTRIES. RENEWABLE ENERGY SOURCES Environmental impact assessments are crucial for minimizing the negative effects of renewable energy development ENVIRONMENTAL IMPACT ASSESSMENTS. RENEWABLE ENERGY SOURCES Renewable energy sources contribute to enhancing energy security by providing sustainable energy options ENERGY SECURITY. RENEWABLE ENERGY SOURCES The development of renewable energy sources is driven by the need to combat climate change CLIMATE CHANGE. RENEWABLE ENERGY SOURCES The development of renewable energy sources has been supported by government incentives GOVERNMENT INCENTIVES. RENEWABLE ENERGY SOURCES The LCOE for solar and wind power becoming competitive with fossil fuels is a key factor in the growth of renewable energy sources LEVELIZED COST OF ELECTRICITY (LCOE). RENEWABLE ENERGY SOURCES Solar power is a form of renewable energy sources contributing to the sustainable energy future SOLAR POWER. RENEWABLE ENERGY SOURCES Renewable energy sources are developed as alternatives to reduce dependence on fossil fuels FOSSIL FUELS. RENEWABLE ENERGY SOURCES Bioenergy is a form of renewable energy sources contributing to the sustainable energy future BIOENERGY. HYDROPOWER Both hydropower and geothermal energy are renewable energy sources utilized for electricity generation GEOTHERMAL ENERGY. WIND FARMS Advancements in wind turbine technology have directly contributed to the growth and efficiency of wind farms WIND TURBINE TECHNOLOGY. WIND FARMS Offshore wind farms are a specific type of wind farms with unique characteristics and benefits OFFSHORE WIND FARMS.",
    "evaluation": 1
  },
  {
    "correct_answer": "Energy storage technologies are being developed to store excess renewable energy.",
    "retrieved_context": "GRID MODERNIZATION The integration of solar and wind power into the electricity grid requires grid modernization and smart grid technologies SOLAR AND WIND POWER. ENERGY STORAGE TECHNOLOGIES Energy storage technologies are part of grid modernization efforts to integrate renewable energy GRID MODERNIZATION. GRID MODERNIZATION Smart grid technologies are a crucial part of grid modernization efforts SMART GRID TECHNOLOGIES. ENERGY STORAGE TECHNOLOGIES Energy storage technologies are developed to address the intermittency of solar and wind power SOLAR AND WIND POWER. RENEWABLE ENERGY SOURCES Technological advancements contribute to the reduction in costs and improvement in performance of renewable energy sources TECHNOLOGICAL ADVANCEMENTS. RENEWABLE ENERGY SOURCES The integration of renewable energy into the energy system requires a robust grid infrastructure GRID INFRASTRUCTURE. RENEWABLE ENERGY SOURCES Geothermal energy is a form of renewable energy sources contributing to the sustainable energy future GEOTHERMAL. BIOENERGY Bioenergy is converted into biofuels for use in transportation BIOFUELS. RENEWABLE ENERGY SOURCES Demand-side management strategies support the efficient use of renewable energy DEMAND-SIDE MANAGEMENT. RENEWABLE ENERGY SOURCES Research and development efforts aim to improve renewable energy sources RESEARCH AND DEVELOPMENT. RENEWABLE ENERGY SOURCES Energy storage is critical for managing the intermittency of renewable energy sources ENERGY STORAGE. RENEWABLE ENERGY SOURCES Renewable energy sources, with wind power as a significant component, play a crucial role in contributing to a sustainable energy future. Wind power aids in global efforts to mitigate climate change and enhance energy security, underscoring its importance among renewable energy sources. This form of energy is pivotal in the transition towards more sustainable and secure energy systems worldwide. WIND POWER. RENEWABLE ENERGY SOURCES Hydropower is a form of renewable energy sources contributing to the sustainable energy future HYDROPOWER. RENEWABLE ENERGY SOURCES Stakeholder engagement is essential for the successful and sustainable development of renewable energy projects STAKEHOLDER ENGAGEMENT. HYDROPOWER Large-scale hydropower projects are a significant part of hydropower energy generation LARGE-SCALE HYDROPOWER PROJECTS. RENEWABLE ENERGY SOURCES Solar energy is a key component of renewable energy sources, contributing to the reduction of greenhouse gas emissions and energy sector decarbonization SOLAR ENERGY. BIOENERGY Biomass power plants are a method of converting bioenergy into heat and electricity BIOMASS POWER PLANTS. HYDROPOWER Small-scale installations represent a shift in hydropower towards minimizing environmental impacts SMALL-SCALE HYDROPOWER INSTALLATIONS. RENEWABLE ENERGY SOURCES Digitalization enhances the management and efficiency of renewable energy sources DIGITALIZATION. HYDROPOWER Run-of-river projects are a form of hydropower that seeks to reduce environmental disruption RUN-OF-RIVER PROJECTS. RENEWABLE ENERGY SOURCES Renewable energy sources aim to reduce greenhouse gas emissions to mitigate climate change GREENHOUSE GAS EMISSIONS. RENEWABLE ENERGY SOURCES Renewable energy sources face adoption challenges in developing countries due to financial barriers and risks DEVELOPING COUNTRIES. RENEWABLE ENERGY SOURCES Environmental impact assessments are crucial for minimizing the negative effects of renewable energy development ENVIRONMENTAL IMPACT ASSESSMENTS. RENEWABLE ENERGY SOURCES Renewable energy sources contribute to enhancing energy security by providing sustainable energy options ENERGY SECURITY. RENEWABLE ENERGY SOURCES The development of renewable energy sources is driven by the need to combat climate change CLIMATE CHANGE. RENEWABLE ENERGY SOURCES The development of renewable energy sources has been supported by government incentives GOVERNMENT INCENTIVES. RENEWABLE ENERGY SOURCES The LCOE for solar and wind power becoming competitive with fossil fuels is a key factor in the growth of renewable energy sources LEVELIZED COST OF ELECTRICITY (LCOE). RENEWABLE ENERGY SOURCES Solar power is a form of renewable energy sources contributing to the sustainable energy future SOLAR POWER. RENEWABLE ENERGY SOURCES Renewable energy sources are developed as alternatives to reduce dependence on fossil fuels FOSSIL FUELS. RENEWABLE ENERGY SOURCES Bioenergy is a form of renewable energy sources contributing to the sustainable energy future BIOENERGY. HYDROPOWER Both hydropower and geothermal energy are renewable energy sources utilized for electricity generation GEOTHERMAL ENERGY.",
    "evaluation": 1
  },
  {
    "correct_answer": "The levelized cost of electricity for solar and wind power is becoming competitive with fossil fuels.",
    "retrieved_context": "RENEWABLE ENERGY SOURCES Technological advancements contribute to the reduction in costs and improvement in performance of renewable energy sources TECHNOLOGICAL ADVANCEMENTS. RENEWABLE ENERGY SOURCES The integration of renewable energy into the energy system requires a robust grid infrastructure GRID INFRASTRUCTURE. RENEWABLE ENERGY SOURCES Geothermal energy is a form of renewable energy sources contributing to the sustainable energy future GEOTHERMAL. BIOENERGY Bioenergy is converted into biofuels for use in transportation BIOFUELS. RENEWABLE ENERGY SOURCES Demand-side management strategies support the efficient use of renewable energy DEMAND-SIDE MANAGEMENT. RENEWABLE ENERGY SOURCES Research and development efforts aim to improve renewable energy sources RESEARCH AND DEVELOPMENT. RENEWABLE ENERGY SOURCES Energy storage is critical for managing the intermittency of renewable energy sources ENERGY STORAGE. RENEWABLE ENERGY SOURCES Renewable energy sources, with wind power as a significant component, play a crucial role in contributing to a sustainable energy future. Wind power aids in global efforts to mitigate climate change and enhance energy security, underscoring its importance among renewable energy sources. This form of energy is pivotal in the transition towards more sustainable and secure energy systems worldwide. WIND POWER. RENEWABLE ENERGY SOURCES Hydropower is a form of renewable energy sources contributing to the sustainable energy future HYDROPOWER. RENEWABLE ENERGY SOURCES Stakeholder engagement is essential for the successful and sustainable development of renewable energy projects STAKEHOLDER ENGAGEMENT. HYDROPOWER Large-scale hydropower projects are a significant part of hydropower energy generation LARGE-SCALE HYDROPOWER PROJECTS. RENEWABLE ENERGY SOURCES Solar energy is a key component of renewable energy sources, contributing to the reduction of greenhouse gas emissions and energy sector decarbonization SOLAR ENERGY. BIOENERGY Biomass power plants are a method of converting bioenergy into heat and electricity BIOMASS POWER PLANTS. HYDROPOWER Small-scale installations represent a shift in hydropower towards minimizing environmental impacts SMALL-SCALE HYDROPOWER INSTALLATIONS. RENEWABLE ENERGY SOURCES Digitalization enhances the management and efficiency of renewable energy sources DIGITALIZATION. HYDROPOWER Run-of-river projects are a form of hydropower that seeks to reduce environmental disruption RUN-OF-RIVER PROJECTS. RENEWABLE ENERGY SOURCES Renewable energy sources aim to reduce greenhouse gas emissions to mitigate climate change GREENHOUSE GAS EMISSIONS. RENEWABLE ENERGY SOURCES Renewable energy sources face adoption challenges in developing countries due to financial barriers and risks DEVELOPING COUNTRIES. RENEWABLE ENERGY SOURCES Environmental impact assessments are crucial for minimizing the negative effects of renewable energy development ENVIRONMENTAL IMPACT ASSESSMENTS. RENEWABLE ENERGY SOURCES Renewable energy sources contribute to enhancing energy security by providing sustainable energy options ENERGY SECURITY. RENEWABLE ENERGY SOURCES The development of renewable energy sources is driven by the need to combat climate change CLIMATE CHANGE. RENEWABLE ENERGY SOURCES The development of renewable energy sources has been supported by government incentives GOVERNMENT INCENTIVES. RENEWABLE ENERGY SOURCES The LCOE for solar and wind power becoming competitive with fossil fuels is a key factor in the growth of renewable energy sources LEVELIZED COST OF ELECTRICITY (LCOE). RENEWABLE ENERGY SOURCES Solar power is a form of renewable energy sources contributing to the sustainable energy future SOLAR POWER. RENEWABLE ENERGY SOURCES Renewable energy sources are developed as alternatives to reduce dependence on fossil fuels FOSSIL FUELS. RENEWABLE ENERGY SOURCES Bioenergy is a form of renewable energy sources contributing to the sustainable energy future BIOENERGY. HYDROPOWER Both hydropower and geothermal energy are renewable energy sources utilized for electricity generation GEOTHERMAL ENERGY. WIND FARMS Advancements in wind turbine technology have directly contributed to the growth and efficiency of wind farms WIND TURBINE TECHNOLOGY. WIND FARMS Offshore wind farms are a specific type of wind farms with unique characteristics and benefits OFFSHORE WIND FARMS.",
    "evaluation": 1
  },
  {
    "correct_answer": "Environmental concerns such as land use impacts need to be addressed in renewable energy projects.",
    "retrieved_context": "RENEWABLE ENERGY SOURCES Technological advancements contribute to the reduction in costs and improvement in performance of renewable energy sources TECHNOLOGICAL ADVANCEMENTS. RENEWABLE ENERGY SOURCES The integration of renewable energy into the energy system requires a robust grid infrastructure GRID INFRASTRUCTURE. RENEWABLE ENERGY SOURCES Geothermal energy is a form of renewable energy sources contributing to the sustainable energy future GEOTHERMAL. BIOENERGY Bioenergy is converted into biofuels for use in transportation BIOFUELS. RENEWABLE ENERGY SOURCES Demand-side management strategies support the efficient use of renewable energy DEMAND-SIDE MANAGEMENT. RENEWABLE ENERGY SOURCES Research and development efforts aim to improve renewable energy sources RESEARCH AND DEVELOPMENT. RENEWABLE ENERGY SOURCES Energy storage is critical for managing the intermittency of renewable energy sources ENERGY STORAGE. RENEWABLE ENERGY SOURCES Renewable energy sources, with wind power as a significant component, play a crucial role in contributing to a sustainable energy future. Wind power aids in global efforts to mitigate climate change and enhance energy security, underscoring its importance among renewable energy sources. This form of energy is pivotal in the transition towards more sustainable and secure energy systems worldwide. WIND POWER. RENEWABLE ENERGY SOURCES Hydropower is a form of renewable energy sources contributing to the sustainable energy future HYDROPOWER. RENEWABLE ENERGY SOURCES Stakeholder engagement is essential for the successful and sustainable development of renewable energy projects STAKEHOLDER ENGAGEMENT. HYDROPOWER Large-scale hydropower projects are a significant part of hydropower energy generation LARGE-SCALE HYDROPOWER PROJECTS. RENEWABLE ENERGY SOURCES Solar energy is a key component of renewable energy sources, contributing to the reduction of greenhouse gas emissions and energy sector decarbonization SOLAR ENERGY. BIOENERGY Biomass power plants are a method of converting bioenergy into heat and electricity BIOMASS POWER PLANTS. HYDROPOWER Small-scale installations represent a shift in hydropower towards minimizing environmental impacts SMALL-SCALE HYDROPOWER INSTALLATIONS. RENEWABLE ENERGY SOURCES Digitalization enhances the management and efficiency of renewable energy sources DIGITALIZATION. HYDROPOWER Run-of-river projects are a form of hydropower that seeks to reduce environmental disruption RUN-OF-RIVER PROJECTS. RENEWABLE ENERGY SOURCES Renewable energy sources aim to reduce greenhouse gas emissions to mitigate climate change GREENHOUSE GAS EMISSIONS. RENEWABLE ENERGY SOURCES Renewable energy sources face adoption challenges in developing countries due to financial barriers and risks DEVELOPING COUNTRIES. RENEWABLE ENERGY SOURCES Environmental impact assessments are crucial for minimizing the negative effects of renewable energy development ENVIRONMENTAL IMPACT ASSESSMENTS. RENEWABLE ENERGY SOURCES Renewable energy sources contribute to enhancing energy security by providing sustainable energy options ENERGY SECURITY. RENEWABLE ENERGY SOURCES The development of renewable energy sources is driven by the need to combat climate change CLIMATE CHANGE. RENEWABLE ENERGY SOURCES The development of renewable energy sources has been supported by government incentives GOVERNMENT INCENTIVES. RENEWABLE ENERGY SOURCES The LCOE for solar and wind power becoming competitive with fossil fuels is a key factor in the growth of renewable energy sources LEVELIZED COST OF ELECTRICITY (LCOE). RENEWABLE ENERGY SOURCES Solar power is a form of renewable energy sources contributing to the sustainable energy future SOLAR POWER. RENEWABLE ENERGY SOURCES Renewable energy sources are developed as alternatives to reduce dependence on fossil fuels FOSSIL FUELS. RENEWABLE ENERGY SOURCES Bioenergy is a form of renewable energy sources contributing to the sustainable energy future BIOENERGY. HYDROPOWER Both hydropower and geothermal energy are renewable energy sources utilized for electricity generation GEOTHERMAL ENERGY.",
    "evaluation": 0
  },
  {
    "correct_answer": "Technological advancements continue to drive down costs and improve performance of renewable energy sources.",
    "retrieved_context": "RENEWABLE ENERGY SOURCES Technological advancements contribute to the reduction in costs and improvement in performance of renewable energy sources TECHNOLOGICAL ADVANCEMENTS. RENEWABLE ENERGY SOURCES The integration of renewable energy into the energy system requires a robust grid infrastructure GRID INFRASTRUCTURE. RENEWABLE ENERGY SOURCES Geothermal energy is a form of renewable energy sources contributing to the sustainable energy future GEOTHERMAL. BIOENERGY Bioenergy is converted into biofuels for use in transportation BIOFUELS. RENEWABLE ENERGY SOURCES Demand-side management strategies support the efficient use of renewable energy DEMAND-SIDE MANAGEMENT. RENEWABLE ENERGY SOURCES Research and development efforts aim to improve renewable energy sources RESEARCH AND DEVELOPMENT. RENEWABLE ENERGY SOURCES Energy storage is critical for managing the intermittency of renewable energy sources ENERGY STORAGE. RENEWABLE ENERGY SOURCES Renewable energy sources, with wind power as a significant component, play a crucial role in contributing to a sustainable energy future. Wind power aids in global efforts to mitigate climate change and enhance energy security, underscoring its importance among renewable energy sources. This form of energy is pivotal in the transition towards more sustainable and secure energy systems worldwide. WIND POWER. RENEWABLE ENERGY SOURCES Hydropower is a form of renewable energy sources contributing to the sustainable energy future HYDROPOWER. RENEWABLE ENERGY SOURCES Stakeholder engagement is essential for the successful and sustainable development of renewable energy projects STAKEHOLDER ENGAGEMENT. HYDROPOWER Large-scale hydropower projects are a significant part of hydropower energy generation LARGE-SCALE HYDROPOWER PROJECTS. RENEWABLE ENERGY SOURCES Solar energy is a key component of renewable energy sources, contributing to the reduction of greenhouse gas emissions and energy sector decarbonization SOLAR ENERGY. BIOENERGY Biomass power plants are a method of converting bioenergy into heat and electricity BIOMASS POWER PLANTS. HYDROPOWER Small-scale installations represent a shift in hydropower towards minimizing environmental impacts SMALL-SCALE HYDROPOWER INSTALLATIONS. RENEWABLE ENERGY SOURCES Digitalization enhances the management and efficiency of renewable energy sources DIGITALIZATION. HYDROPOWER Run-of-river projects are a form of hydropower that seeks to reduce environmental disruption RUN-OF-RIVER PROJECTS. RENEWABLE ENERGY SOURCES Renewable energy sources aim to reduce greenhouse gas emissions to mitigate climate change GREENHOUSE GAS EMISSIONS. RENEWABLE ENERGY SOURCES Renewable energy sources face adoption challenges in developing countries due to financial barriers and risks DEVELOPING COUNTRIES. RENEWABLE ENERGY SOURCES Environmental impact assessments are crucial for minimizing the negative effects of renewable energy development ENVIRONMENTAL IMPACT ASSESSMENTS. RENEWABLE ENERGY SOURCES Renewable energy sources contribute to enhancing energy security by providing sustainable energy options ENERGY SECURITY. RENEWABLE ENERGY SOURCES The development of renewable energy sources is driven by the need to combat climate change CLIMATE CHANGE. RENEWABLE ENERGY SOURCES The development of renewable energy sources has been supported by government incentives GOVERNMENT INCENTIVES. RENEWABLE ENERGY SOURCES The LCOE for solar and wind power becoming competitive with fossil fuels is a key factor in the growth of renewable energy sources LEVELIZED COST OF ELECTRICITY (LCOE). RENEWABLE ENERGY SOURCES Solar power is a form of renewable energy sources contributing to the sustainable energy future SOLAR POWER. RENEWABLE ENERGY SOURCES Renewable energy sources are developed as alternatives to reduce dependence on fossil fuels FOSSIL FUELS. RENEWABLE ENERGY SOURCES Bioenergy is a form of renewable energy sources contributing to the sustainable energy future BIOENERGY. HYDROPOWER Both hydropower and geothermal energy are renewable energy sources utilized for electricity generation GEOTHERMAL ENERGY. GRID MODERNIZATION The integration of solar and wind power into the electricity grid requires grid modernization and smart grid technologies SOLAR AND WIND POWER. ENERGY STORAGE TECHNOLOGIES Energy storage technologies are part of grid modernization efforts to integrate renewable energy GRID MODERNIZATION. GRID MODERNIZATION Smart grid technologies are a crucial part of grid modernization efforts SMART GRID TECHNOLOGIES. ENERGY STORAGE TECHNOLOGIES Energy storage technologies are developed to address the intermittency of solar and wind power SOLAR AND WIND POWER.",
    "evaluation": 1
  },
  {
    "accuracy": "46.67%"
  }
]