[
  {
    "correct_answer": "Space tourism is becoming a reality for civilians.",
    "retrieved_context": "SPACE TOURISM Space tourism serves as a platform for scientific research, allowing for experiments and data collection in space SCIENTIFIC RESEARCH. SPACE TOURISM Virgin Galactic is actively involved in making space tourism a reality for civilians VIRGIN GALACTIC. SPACE TOURISM The future of space tourism includes a focus on sustainability and environmental conservation to ensure eco-friendly space travel ENVIRONMENTAL CONSERVATION. SPACEX SpaceX is working on creating habitats on Mars, indicating a direct relationship between the organization and the geo entity in the context of space tourism MARS. ENVIRONMENTAL CONSERVATION Environmental conservation efforts in space travel aim to develop sustainable practices that reduce the ecological footprint of space exploration SPACE TRAVEL. SPACE TOURISM SpaceX is a key driver in the development and affordability of space tourism, playing a pivotal role in the industry's evolution. Through its efforts in creating reusable rockets and spacecraft, SpaceX is laying the groundwork for a sustainable future of space tourism. This innovative approach not only reduces the cost of space travel but also significantly impacts the accessibility and environmental footprint of space exploration. As a result, SpaceX's contributions are crucial for the ongoing expansion and viability of space tourism, making it an integral player in making space travel more accessible to the public. SPACEX. SCIENTIFIC RESEARCH Scientific research benefits from advancements in space travel, enabling more in-depth studies and exploration SPACE TRAVEL. SPACE TOURISM Blue Origin is playing a significant role in the evolution of space tourism by contributing to advancements in space transportation technology. The company's development of reusable rockets and spacecraft is not only pushing the boundaries of what is possible in space exploration but also contributes to the sustainability and accessibility of space tourism. Through these innovations, Blue Origin is impacting the future of space travel, making it more feasible and environmentally friendly. BLUE ORIGIN. SPACEX SpaceX is working on creating habitats on Mars, indicating a direct relationship between the organization and the geo entity in the context of space tourism MARS. ENVIRONMENTAL CONSERVATION Environmental conservation efforts in space travel aim to develop sustainable practices that reduce the ecological footprint of space exploration SPACE TRAVEL. SCIENTIFIC RESEARCH Scientific research benefits from advancements in space travel, enabling more in-depth studies and exploration SPACE TRAVEL.",
    "evaluation": 1
  },
  {
    "correct_answer": "Private space companies like SpaceX, Blue Origin, and Virgin Galactic are driving the rise of space tourism.",
    "retrieved_context": "SPACE TOURISM Space tourism serves as a platform for scientific research, allowing for experiments and data collection in space SCIENTIFIC RESEARCH. SPACE TOURISM Virgin Galactic is actively involved in making space tourism a reality for civilians VIRGIN GALACTIC. SPACE TOURISM The future of space tourism includes a focus on sustainability and environmental conservation to ensure eco-friendly space travel ENVIRONMENTAL CONSERVATION. SPACEX SpaceX is working on creating habitats on Mars, indicating a direct relationship between the organization and the geo entity in the context of space tourism MARS. ENVIRONMENTAL CONSERVATION Environmental conservation efforts in space travel aim to develop sustainable practices that reduce the ecological footprint of space exploration SPACE TRAVEL. SPACE TOURISM SpaceX is a key driver in the development and affordability of space tourism, playing a pivotal role in the industry's evolution. Through its efforts in creating reusable rockets and spacecraft, SpaceX is laying the groundwork for a sustainable future of space tourism. This innovative approach not only reduces the cost of space travel but also significantly impacts the accessibility and environmental footprint of space exploration. As a result, SpaceX's contributions are crucial for the ongoing expansion and viability of space tourism, making it an integral player in making space travel more accessible to the public. SPACEX. SCIENTIFIC RESEARCH Scientific research benefits from advancements in space travel, enabling more in-depth studies and exploration SPACE TRAVEL. SPACE TOURISM Blue Origin is playing a significant role in the evolution of space tourism by contributing to advancements in space transportation technology. The company's development of reusable rockets and spacecraft is not only pushing the boundaries of what is possible in space exploration but also contributes to the sustainability and accessibility of space tourism. Through these innovations, Blue Origin is impacting the future of space travel, making it more feasible and environmentally friendly. BLUE ORIGIN. SPACEX SpaceX is working on creating habitats on Mars, indicating a direct relationship between the organization and the geo entity in the context of space tourism MARS. ENVIRONMENTAL CONSERVATION Environmental conservation efforts in space travel aim to develop sustainable practices that reduce the ecological footprint of space exploration SPACE TRAVEL. SCIENTIFIC RESEARCH Scientific research benefits from advancements in space travel, enabling more in-depth studies and exploration SPACE TRAVEL.",
    "evaluation": 1
  },
  {
    "correct_answer": "Traveling to space for leisure is no longer confined to science fiction novels.",
    "retrieved_context": "SPACE TOURISM Space tourism serves as a platform for scientific research, allowing for experiments and data collection in space SCIENTIFIC RESEARCH. SPACE TOURISM Virgin Galactic is actively involved in making space tourism a reality for civilians VIRGIN GALACTIC. SPACE TOURISM The future of space tourism includes a focus on sustainability and environmental conservation to ensure eco-friendly space travel ENVIRONMENTAL CONSERVATION. SPACEX SpaceX is working on creating habitats on Mars, indicating a direct relationship between the organization and the geo entity in the context of space tourism MARS. ENVIRONMENTAL CONSERVATION Environmental conservation efforts in space travel aim to develop sustainable practices that reduce the ecological footprint of space exploration SPACE TRAVEL. SPACE TOURISM SpaceX is a key driver in the development and affordability of space tourism, playing a pivotal role in the industry's evolution. Through its efforts in creating reusable rockets and spacecraft, SpaceX is laying the groundwork for a sustainable future of space tourism. This innovative approach not only reduces the cost of space travel but also significantly impacts the accessibility and environmental footprint of space exploration. As a result, SpaceX's contributions are crucial for the ongoing expansion and viability of space tourism, making it an integral player in making space travel more accessible to the public. SPACEX. SCIENTIFIC RESEARCH Scientific research benefits from advancements in space travel, enabling more in-depth studies and exploration SPACE TRAVEL. SPACE TOURISM Blue Origin is playing a significant role in the evolution of space tourism by contributing to advancements in space transportation technology. The company's development of reusable rockets and spacecraft is not only pushing the boundaries of what is possible in space exploration but also contributes to the sustainability and accessibility of space tourism. Through these innovations, Blue Origin is impacting the future of space travel, making it more feasible and environmentally friendly. BLUE ORIGIN. SPACEX SpaceX is working on creating habitats on Mars, indicating a direct relationship between the organization and the geo entity in the context of space tourism MARS. ENVIRONMENTAL CONSERVATION Environmental conservation efforts in space travel aim to develop sustainable practices that reduce the ecological footprint of space exploration SPACE TRAVEL. SCIENTIFIC RESEARCH Scientific research benefits from advancements in space travel, enabling more in-depth studies and exploration SPACE TRAVEL.",
    "evaluation": 1
  },
  {
    "correct_answer": "The future of space tourism has immense potential for transforming the perception and experience of outer space.",
    "retrieved_context": "SPACE TOURISM Space tourism serves as a platform for scientific research, allowing for experiments and data collection in space SCIENTIFIC RESEARCH. SPACE TOURISM Virgin Galactic is actively involved in making space tourism a reality for civilians VIRGIN GALACTIC. SPACE TOURISM The future of space tourism includes a focus on sustainability and environmental conservation to ensure eco-friendly space travel ENVIRONMENTAL CONSERVATION. SPACEX SpaceX is working on creating habitats on Mars, indicating a direct relationship between the organization and the geo entity in the context of space tourism MARS. ENVIRONMENTAL CONSERVATION Environmental conservation efforts in space travel aim to develop sustainable practices that reduce the ecological footprint of space exploration SPACE TRAVEL. SPACE TOURISM SpaceX is a key driver in the development and affordability of space tourism, playing a pivotal role in the industry's evolution. Through its efforts in creating reusable rockets and spacecraft, SpaceX is laying the groundwork for a sustainable future of space tourism. This innovative approach not only reduces the cost of space travel but also significantly impacts the accessibility and environmental footprint of space exploration. As a result, SpaceX's contributions are crucial for the ongoing expansion and viability of space tourism, making it an integral player in making space travel more accessible to the public. SPACEX. SCIENTIFIC RESEARCH Scientific research benefits from advancements in space travel, enabling more in-depth studies and exploration SPACE TRAVEL. SPACE TOURISM Blue Origin is playing a significant role in the evolution of space tourism by contributing to advancements in space transportation technology. The company's development of reusable rockets and spacecraft is not only pushing the boundaries of what is possible in space exploration but also contributes to the sustainability and accessibility of space tourism. Through these innovations, Blue Origin is impacting the future of space travel, making it more feasible and environmentally friendly. BLUE ORIGIN. SPACEX SpaceX is working on creating habitats on Mars, indicating a direct relationship between the organization and the geo entity in the context of space tourism MARS. ENVIRONMENTAL CONSERVATION Environmental conservation efforts in space travel aim to develop sustainable practices that reduce the ecological footprint of space exploration SPACE TRAVEL. SCIENTIFIC RESEARCH Scientific research benefits from advancements in space travel, enabling more in-depth studies and exploration SPACE TRAVEL.",
    "evaluation": 0
  },
  {
    "correct_answer": "Advancements in technology and competition among private companies are driving down the cost of space tourism.",
    "retrieved_context": "SPACE TOURISM Space tourism serves as a platform for scientific research, allowing for experiments and data collection in space SCIENTIFIC RESEARCH. SPACE TOURISM Virgin Galactic is actively involved in making space tourism a reality for civilians VIRGIN GALACTIC. SPACE TOURISM The future of space tourism includes a focus on sustainability and environmental conservation to ensure eco-friendly space travel ENVIRONMENTAL CONSERVATION. SPACEX SpaceX is working on creating habitats on Mars, indicating a direct relationship between the organization and the geo entity in the context of space tourism MARS. ENVIRONMENTAL CONSERVATION Environmental conservation efforts in space travel aim to develop sustainable practices that reduce the ecological footprint of space exploration SPACE TRAVEL. SPACE TOURISM SpaceX is a key driver in the development and affordability of space tourism, playing a pivotal role in the industry's evolution. Through its efforts in creating reusable rockets and spacecraft, SpaceX is laying the groundwork for a sustainable future of space tourism. This innovative approach not only reduces the cost of space travel but also significantly impacts the accessibility and environmental footprint of space exploration. As a result, SpaceX's contributions are crucial for the ongoing expansion and viability of space tourism, making it an integral player in making space travel more accessible to the public. SPACEX. SCIENTIFIC RESEARCH Scientific research benefits from advancements in space travel, enabling more in-depth studies and exploration SPACE TRAVEL. SPACE TOURISM Blue Origin is playing a significant role in the evolution of space tourism by contributing to advancements in space transportation technology. The company's development of reusable rockets and spacecraft is not only pushing the boundaries of what is possible in space exploration but also contributes to the sustainability and accessibility of space tourism. Through these innovations, Blue Origin is impacting the future of space travel, making it more feasible and environmentally friendly. BLUE ORIGIN. SPACEX SpaceX is working on creating habitats on Mars, indicating a direct relationship between the organization and the geo entity in the context of space tourism MARS. ENVIRONMENTAL CONSERVATION Environmental conservation efforts in space travel aim to develop sustainable practices that reduce the ecological footprint of space exploration SPACE TRAVEL. SCIENTIFIC RESEARCH Scientific research benefits from advancements in space travel, enabling more in-depth studies and exploration SPACE TRAVEL.",
    "evaluation": 1
  },
  {
    "correct_answer": "More individuals can now consider space tourism as a viable travel option due to decreasing prices.",
    "retrieved_context": "SPACE TOURISM Space tourism serves as a platform for scientific research, allowing for experiments and data collection in space SCIENTIFIC RESEARCH. SPACE TOURISM Virgin Galactic is actively involved in making space tourism a reality for civilians VIRGIN GALACTIC. SPACE TOURISM The future of space tourism includes a focus on sustainability and environmental conservation to ensure eco-friendly space travel ENVIRONMENTAL CONSERVATION. SPACEX SpaceX is working on creating habitats on Mars, indicating a direct relationship between the organization and the geo entity in the context of space tourism MARS. ENVIRONMENTAL CONSERVATION Environmental conservation efforts in space travel aim to develop sustainable practices that reduce the ecological footprint of space exploration SPACE TRAVEL. SPACE TOURISM SpaceX is a key driver in the development and affordability of space tourism, playing a pivotal role in the industry's evolution. Through its efforts in creating reusable rockets and spacecraft, SpaceX is laying the groundwork for a sustainable future of space tourism. This innovative approach not only reduces the cost of space travel but also significantly impacts the accessibility and environmental footprint of space exploration. As a result, SpaceX's contributions are crucial for the ongoing expansion and viability of space tourism, making it an integral player in making space travel more accessible to the public. SPACEX. SCIENTIFIC RESEARCH Scientific research benefits from advancements in space travel, enabling more in-depth studies and exploration SPACE TRAVEL. SPACE TOURISM Blue Origin is playing a significant role in the evolution of space tourism by contributing to advancements in space transportation technology. The company's development of reusable rockets and spacecraft is not only pushing the boundaries of what is possible in space exploration but also contributes to the sustainability and accessibility of space tourism. Through these innovations, Blue Origin is impacting the future of space travel, making it more feasible and environmentally friendly. BLUE ORIGIN. SPACEX SpaceX is working on creating habitats on Mars, indicating a direct relationship between the organization and the geo entity in the context of space tourism MARS. ENVIRONMENTAL CONSERVATION Environmental conservation efforts in space travel aim to develop sustainable practices that reduce the ecological footprint of space exploration SPACE TRAVEL. SCIENTIFIC RESEARCH Scientific research benefits from advancements in space travel, enabling more in-depth studies and exploration SPACE TRAVEL.",
    "evaluation": 1
  },
  {
    "correct_answer": "The affordability of space travel is increasing, making it accessible to a broader range of people.",
    "retrieved_context": "SPACE TOURISM Space tourism serves as a platform for scientific research, allowing for experiments and data collection in space SCIENTIFIC RESEARCH. SPACE TOURISM Virgin Galactic is actively involved in making space tourism a reality for civilians VIRGIN GALACTIC. SPACE TOURISM The future of space tourism includes a focus on sustainability and environmental conservation to ensure eco-friendly space travel ENVIRONMENTAL CONSERVATION. SPACEX SpaceX is working on creating habitats on Mars, indicating a direct relationship between the organization and the geo entity in the context of space tourism MARS. ENVIRONMENTAL CONSERVATION Environmental conservation efforts in space travel aim to develop sustainable practices that reduce the ecological footprint of space exploration SPACE TRAVEL. SPACE TOURISM SpaceX is a key driver in the development and affordability of space tourism, playing a pivotal role in the industry's evolution. Through its efforts in creating reusable rockets and spacecraft, SpaceX is laying the groundwork for a sustainable future of space tourism. This innovative approach not only reduces the cost of space travel but also significantly impacts the accessibility and environmental footprint of space exploration. As a result, SpaceX's contributions are crucial for the ongoing expansion and viability of space tourism, making it an integral player in making space travel more accessible to the public. SPACEX. SCIENTIFIC RESEARCH Scientific research benefits from advancements in space travel, enabling more in-depth studies and exploration SPACE TRAVEL. SPACE TOURISM Blue Origin is playing a significant role in the evolution of space tourism by contributing to advancements in space transportation technology. The company's development of reusable rockets and spacecraft is not only pushing the boundaries of what is possible in space exploration but also contributes to the sustainability and accessibility of space tourism. Through these innovations, Blue Origin is impacting the future of space travel, making it more feasible and environmentally friendly. BLUE ORIGIN. SPACEX SpaceX is working on creating habitats on Mars, indicating a direct relationship between the organization and the geo entity in the context of space tourism MARS. ENVIRONMENTAL CONSERVATION Environmental conservation efforts in space travel aim to develop sustainable practices that reduce the ecological footprint of space exploration SPACE TRAVEL. SCIENTIFIC RESEARCH Scientific research benefits from advancements in space travel, enabling more in-depth studies and exploration SPACE TRAVEL.",
    "evaluation": 1
  },
  {
    "correct_answer": "There is a need for more sophisticated and sustainable living spaces in space as the demand for space travel grows.",
    "retrieved_context": "SPACE TOURISM Space tourism serves as a platform for scientific research, allowing for experiments and data collection in space SCIENTIFIC RESEARCH. SPACE TOURISM Virgin Galactic is actively involved in making space tourism a reality for civilians VIRGIN GALACTIC. SPACE TOURISM The future of space tourism includes a focus on sustainability and environmental conservation to ensure eco-friendly space travel ENVIRONMENTAL CONSERVATION. SPACEX SpaceX is working on creating habitats on Mars, indicating a direct relationship between the organization and the geo entity in the context of space tourism MARS. ENVIRONMENTAL CONSERVATION Environmental conservation efforts in space travel aim to develop sustainable practices that reduce the ecological footprint of space exploration SPACE TRAVEL. SPACE TOURISM SpaceX is a key driver in the development and affordability of space tourism, playing a pivotal role in the industry's evolution. Through its efforts in creating reusable rockets and spacecraft, SpaceX is laying the groundwork for a sustainable future of space tourism. This innovative approach not only reduces the cost of space travel but also significantly impacts the accessibility and environmental footprint of space exploration. As a result, SpaceX's contributions are crucial for the ongoing expansion and viability of space tourism, making it an integral player in making space travel more accessible to the public. SPACEX. SCIENTIFIC RESEARCH Scientific research benefits from advancements in space travel, enabling more in-depth studies and exploration SPACE TRAVEL. SPACE TOURISM Blue Origin is playing a significant role in the evolution of space tourism by contributing to advancements in space transportation technology. The company's development of reusable rockets and spacecraft is not only pushing the boundaries of what is possible in space exploration but also contributes to the sustainability and accessibility of space tourism. Through these innovations, Blue Origin is impacting the future of space travel, making it more feasible and environmentally friendly. BLUE ORIGIN. ENVIRONMENTAL CONSERVATION Environmental conservation efforts in space travel aim to develop sustainable practices that reduce the ecological footprint of space exploration SPACE TRAVEL. SPACEX SpaceX is working on creating habitats on Mars, indicating a direct relationship between the organization and the geo entity in the context of space tourism MARS. SCIENTIFIC RESEARCH Scientific research benefits from advancements in space travel, enabling more in-depth studies and exploration SPACE TRAVEL.",
    "evaluation": 0
  },
  {
    "correct_answer": "Companies like SpaceX are working on creating habitats on Mars.",
    "retrieved_context": "SPACEX SpaceX is working on creating habitats on Mars, indicating a direct relationship between the organization and the geo entity in the context of space tourism MARS. SPACE TOURISM Space tourism serves as a platform for scientific research, allowing for experiments and data collection in space SCIENTIFIC RESEARCH. SPACE TOURISM Virgin Galactic is actively involved in making space tourism a reality for civilians VIRGIN GALACTIC. SPACE TOURISM The future of space tourism includes a focus on sustainability and environmental conservation to ensure eco-friendly space travel ENVIRONMENTAL CONSERVATION. SPACEX SpaceX is working on creating habitats on Mars, indicating a direct relationship between the organization and the geo entity in the context of space tourism MARS. ENVIRONMENTAL CONSERVATION Environmental conservation efforts in space travel aim to develop sustainable practices that reduce the ecological footprint of space exploration SPACE TRAVEL. SPACE TOURISM SpaceX is a key driver in the development and affordability of space tourism, playing a pivotal role in the industry's evolution. Through its efforts in creating reusable rockets and spacecraft, SpaceX is laying the groundwork for a sustainable future of space tourism. This innovative approach not only reduces the cost of space travel but also significantly impacts the accessibility and environmental footprint of space exploration. As a result, SpaceX's contributions are crucial for the ongoing expansion and viability of space tourism, making it an integral player in making space travel more accessible to the public. SPACEX. SCIENTIFIC RESEARCH Scientific research benefits from advancements in space travel, enabling more in-depth studies and exploration SPACE TRAVEL. SPACE TOURISM Blue Origin is playing a significant role in the evolution of space tourism by contributing to advancements in space transportation technology. The company's development of reusable rockets and spacecraft is not only pushing the boundaries of what is possible in space exploration but also contributes to the sustainability and accessibility of space tourism. Through these innovations, Blue Origin is impacting the future of space travel, making it more feasible and environmentally friendly. BLUE ORIGIN. ENVIRONMENTAL CONSERVATION Environmental conservation efforts in space travel aim to develop sustainable practices that reduce the ecological footprint of space exploration SPACE TRAVEL. SCIENTIFIC RESEARCH Scientific research benefits from advancements in space travel, enabling more in-depth studies and exploration SPACE TRAVEL.",
    "evaluation": 1
  },
  {
    "correct_answer": "Space hotels in Earth's orbit are being explored as a possibility.",
    "retrieved_context": "SPACE TOURISM Space tourism serves as a platform for scientific research, allowing for experiments and data collection in space SCIENTIFIC RESEARCH. SPACE TOURISM Virgin Galactic is actively involved in making space tourism a reality for civilians VIRGIN GALACTIC. SPACE TOURISM The future of space tourism includes a focus on sustainability and environmental conservation to ensure eco-friendly space travel ENVIRONMENTAL CONSERVATION. SPACEX SpaceX is working on creating habitats on Mars, indicating a direct relationship between the organization and the geo entity in the context of space tourism MARS. ENVIRONMENTAL CONSERVATION Environmental conservation efforts in space travel aim to develop sustainable practices that reduce the ecological footprint of space exploration SPACE TRAVEL. SPACE TOURISM SpaceX is a key driver in the development and affordability of space tourism, playing a pivotal role in the industry's evolution. Through its efforts in creating reusable rockets and spacecraft, SpaceX is laying the groundwork for a sustainable future of space tourism. This innovative approach not only reduces the cost of space travel but also significantly impacts the accessibility and environmental footprint of space exploration. As a result, SpaceX's contributions are crucial for the ongoing expansion and viability of space tourism, making it an integral player in making space travel more accessible to the public. SPACEX. SCIENTIFIC RESEARCH Scientific research benefits from advancements in space travel, enabling more in-depth studies and exploration SPACE TRAVEL. SPACE TOURISM Blue Origin is playing a significant role in the evolution of space tourism by contributing to advancements in space transportation technology. The company's development of reusable rockets and spacecraft is not only pushing the boundaries of what is possible in space exploration but also contributes to the sustainability and accessibility of space tourism. Through these innovations, Blue Origin is impacting the future of space travel, making it more feasible and environmentally friendly. BLUE ORIGIN. SPACEX SpaceX is working on creating habitats on Mars, indicating a direct relationship between the organization and the geo entity in the context of space tourism MARS. SCIENTIFIC RESEARCH Scientific research benefits from advancements in space travel, enabling more in-depth studies and exploration SPACE TRAVEL. ENVIRONMENTAL CONSERVATION Environmental conservation efforts in space travel aim to develop sustainable practices that reduce the ecological footprint of space exploration SPACE TRAVEL.",
    "evaluation": 0
  },
  {
    "correct_answer": "Advancements in space transportation technology will revolutionize the way we travel to space.",
    "retrieved_context": "SPACE TOURISM Space tourism serves as a platform for scientific research, allowing for experiments and data collection in space SCIENTIFIC RESEARCH. SPACE TOURISM Virgin Galactic is actively involved in making space tourism a reality for civilians VIRGIN GALACTIC. SPACE TOURISM The future of space tourism includes a focus on sustainability and environmental conservation to ensure eco-friendly space travel ENVIRONMENTAL CONSERVATION. SPACEX SpaceX is working on creating habitats on Mars, indicating a direct relationship between the organization and the geo entity in the context of space tourism MARS. ENVIRONMENTAL CONSERVATION Environmental conservation efforts in space travel aim to develop sustainable practices that reduce the ecological footprint of space exploration SPACE TRAVEL. SPACE TOURISM SpaceX is a key driver in the development and affordability of space tourism, playing a pivotal role in the industry's evolution. Through its efforts in creating reusable rockets and spacecraft, SpaceX is laying the groundwork for a sustainable future of space tourism. This innovative approach not only reduces the cost of space travel but also significantly impacts the accessibility and environmental footprint of space exploration. As a result, SpaceX's contributions are crucial for the ongoing expansion and viability of space tourism, making it an integral player in making space travel more accessible to the public. SPACEX. SCIENTIFIC RESEARCH Scientific research benefits from advancements in space travel, enabling more in-depth studies and exploration SPACE TRAVEL. SPACE TOURISM Blue Origin is playing a significant role in the evolution of space tourism by contributing to advancements in space transportation technology. The company's development of reusable rockets and spacecraft is not only pushing the boundaries of what is possible in space exploration but also contributes to the sustainability and accessibility of space tourism. Through these innovations, Blue Origin is impacting the future of space travel, making it more feasible and environmentally friendly. BLUE ORIGIN. SPACEX SpaceX is working on creating habitats on Mars, indicating a direct relationship between the organization and the geo entity in the context of space tourism MARS. SCIENTIFIC RESEARCH Scientific research benefits from advancements in space travel, enabling more in-depth studies and exploration SPACE TRAVEL. ENVIRONMENTAL CONSERVATION Environmental conservation efforts in space travel aim to develop sustainable practices that reduce the ecological footprint of space exploration SPACE TRAVEL.",
    "evaluation": 1
  },
  {
    "correct_answer": "Reusable rockets and spacecraft will significantly reduce the cost of space travel.",
    "retrieved_context": "SPACE TOURISM Space tourism serves as a platform for scientific research, allowing for experiments and data collection in space SCIENTIFIC RESEARCH. SPACE TOURISM Virgin Galactic is actively involved in making space tourism a reality for civilians VIRGIN GALACTIC. SPACE TOURISM The future of space tourism includes a focus on sustainability and environmental conservation to ensure eco-friendly space travel ENVIRONMENTAL CONSERVATION. SPACEX SpaceX is working on creating habitats on Mars, indicating a direct relationship between the organization and the geo entity in the context of space tourism MARS. ENVIRONMENTAL CONSERVATION Environmental conservation efforts in space travel aim to develop sustainable practices that reduce the ecological footprint of space exploration SPACE TRAVEL. SPACE TOURISM SpaceX is a key driver in the development and affordability of space tourism, playing a pivotal role in the industry's evolution. Through its efforts in creating reusable rockets and spacecraft, SpaceX is laying the groundwork for a sustainable future of space tourism. This innovative approach not only reduces the cost of space travel but also significantly impacts the accessibility and environmental footprint of space exploration. As a result, SpaceX's contributions are crucial for the ongoing expansion and viability of space tourism, making it an integral player in making space travel more accessible to the public. SPACEX. SCIENTIFIC RESEARCH Scientific research benefits from advancements in space travel, enabling more in-depth studies and exploration SPACE TRAVEL. SPACE TOURISM Blue Origin is playing a significant role in the evolution of space tourism by contributing to advancements in space transportation technology. The company's development of reusable rockets and spacecraft is not only pushing the boundaries of what is possible in space exploration but also contributes to the sustainability and accessibility of space tourism. Through these innovations, Blue Origin is impacting the future of space travel, making it more feasible and environmentally friendly. BLUE ORIGIN. SPACEX SpaceX is working on creating habitats on Mars, indicating a direct relationship between the organization and the geo entity in the context of space tourism MARS. ENVIRONMENTAL CONSERVATION Environmental conservation efforts in space travel aim to develop sustainable practices that reduce the ecological footprint of space exploration SPACE TRAVEL. SCIENTIFIC RESEARCH Scientific research benefits from advancements in space travel, enabling more in-depth studies and exploration SPACE TRAVEL.",
    "evaluation": 1
  },
  {
    "correct_answer": "Advancements in space transportation technology will make space tourism more convenient and attractive for travelers.",
    "retrieved_context": "SPACE TOURISM Space tourism serves as a platform for scientific research, allowing for experiments and data collection in space SCIENTIFIC RESEARCH. SPACE TOURISM Virgin Galactic is actively involved in making space tourism a reality for civilians VIRGIN GALACTIC. SPACE TOURISM The future of space tourism includes a focus on sustainability and environmental conservation to ensure eco-friendly space travel ENVIRONMENTAL CONSERVATION. SPACEX SpaceX is working on creating habitats on Mars, indicating a direct relationship between the organization and the geo entity in the context of space tourism MARS. ENVIRONMENTAL CONSERVATION Environmental conservation efforts in space travel aim to develop sustainable practices that reduce the ecological footprint of space exploration SPACE TRAVEL. SPACE TOURISM SpaceX is a key driver in the development and affordability of space tourism, playing a pivotal role in the industry's evolution. Through its efforts in creating reusable rockets and spacecraft, SpaceX is laying the groundwork for a sustainable future of space tourism. This innovative approach not only reduces the cost of space travel but also significantly impacts the accessibility and environmental footprint of space exploration. As a result, SpaceX's contributions are crucial for the ongoing expansion and viability of space tourism, making it an integral player in making space travel more accessible to the public. SPACEX. SCIENTIFIC RESEARCH Scientific research benefits from advancements in space travel, enabling more in-depth studies and exploration SPACE TRAVEL. SPACE TOURISM Blue Origin is playing a significant role in the evolution of space tourism by contributing to advancements in space transportation technology. The company's development of reusable rockets and spacecraft is not only pushing the boundaries of what is possible in space exploration but also contributes to the sustainability and accessibility of space tourism. Through these innovations, Blue Origin is impacting the future of space travel, making it more feasible and environmentally friendly. BLUE ORIGIN. SPACEX SpaceX is working on creating habitats on Mars, indicating a direct relationship between the organization and the geo entity in the context of space tourism MARS. SCIENTIFIC RESEARCH Scientific research benefits from advancements in space travel, enabling more in-depth studies and exploration SPACE TRAVEL. ENVIRONMENTAL CONSERVATION Environmental conservation efforts in space travel aim to develop sustainable practices that reduce the ecological footprint of space exploration SPACE TRAVEL.",
    "evaluation": 1
  },
  {
    "correct_answer": "The future of space tourism holds promise for scientific research and exploration.",
    "retrieved_context": "SPACE TOURISM Space tourism serves as a platform for scientific research, allowing for experiments and data collection in space SCIENTIFIC RESEARCH. SPACE TOURISM Virgin Galactic is actively involved in making space tourism a reality for civilians VIRGIN GALACTIC. SPACE TOURISM The future of space tourism includes a focus on sustainability and environmental conservation to ensure eco-friendly space travel ENVIRONMENTAL CONSERVATION. SPACEX SpaceX is working on creating habitats on Mars, indicating a direct relationship between the organization and the geo entity in the context of space tourism MARS. ENVIRONMENTAL CONSERVATION Environmental conservation efforts in space travel aim to develop sustainable practices that reduce the ecological footprint of space exploration SPACE TRAVEL. SPACE TOURISM SpaceX is a key driver in the development and affordability of space tourism, playing a pivotal role in the industry's evolution. Through its efforts in creating reusable rockets and spacecraft, SpaceX is laying the groundwork for a sustainable future of space tourism. This innovative approach not only reduces the cost of space travel but also significantly impacts the accessibility and environmental footprint of space exploration. As a result, SpaceX's contributions are crucial for the ongoing expansion and viability of space tourism, making it an integral player in making space travel more accessible to the public. SPACEX. SCIENTIFIC RESEARCH Scientific research benefits from advancements in space travel, enabling more in-depth studies and exploration SPACE TRAVEL. SPACE TOURISM Blue Origin is playing a significant role in the evolution of space tourism by contributing to advancements in space transportation technology. The company's development of reusable rockets and spacecraft is not only pushing the boundaries of what is possible in space exploration but also contributes to the sustainability and accessibility of space tourism. Through these innovations, Blue Origin is impacting the future of space travel, making it more feasible and environmentally friendly. BLUE ORIGIN. SCIENTIFIC RESEARCH Scientific research benefits from advancements in space travel, enabling more in-depth studies and exploration SPACE TRAVEL. SPACEX SpaceX is working on creating habitats on Mars, indicating a direct relationship between the organization and the geo entity in the context of space tourism MARS. ENVIRONMENTAL CONSERVATION Environmental conservation efforts in space travel aim to develop sustainable practices that reduce the ecological footprint of space exploration SPACE TRAVEL.",
    "evaluation": 1
  },
  {
    "correct_answer": "Space tourism could serve as a platform for collaboration between scientists, researchers, and space enthusiasts.",
    "retrieved_context": "SPACE TOURISM Space tourism serves as a platform for scientific research, allowing for experiments and data collection in space SCIENTIFIC RESEARCH. SPACE TOURISM Virgin Galactic is actively involved in making space tourism a reality for civilians VIRGIN GALACTIC. SPACE TOURISM The future of space tourism includes a focus on sustainability and environmental conservation to ensure eco-friendly space travel ENVIRONMENTAL CONSERVATION. SPACEX SpaceX is working on creating habitats on Mars, indicating a direct relationship between the organization and the geo entity in the context of space tourism MARS. ENVIRONMENTAL CONSERVATION Environmental conservation efforts in space travel aim to develop sustainable practices that reduce the ecological footprint of space exploration SPACE TRAVEL. SPACE TOURISM SpaceX is a key driver in the development and affordability of space tourism, playing a pivotal role in the industry's evolution. Through its efforts in creating reusable rockets and spacecraft, SpaceX is laying the groundwork for a sustainable future of space tourism. This innovative approach not only reduces the cost of space travel but also significantly impacts the accessibility and environmental footprint of space exploration. As a result, SpaceX's contributions are crucial for the ongoing expansion and viability of space tourism, making it an integral player in making space travel more accessible to the public. SPACEX. SCIENTIFIC RESEARCH Scientific research benefits from advancements in space travel, enabling more in-depth studies and exploration SPACE TRAVEL. SPACE TOURISM Blue Origin is playing a significant role in the evolution of space tourism by contributing to advancements in space transportation technology. The company's development of reusable rockets and spacecraft is not only pushing the boundaries of what is possible in space exploration but also contributes to the sustainability and accessibility of space tourism. Through these innovations, Blue Origin is impacting the future of space travel, making it more feasible and environmentally friendly. BLUE ORIGIN. SCIENTIFIC RESEARCH Scientific research benefits from advancements in space travel, enabling more in-depth studies and exploration SPACE TRAVEL. SPACEX SpaceX is working on creating habitats on Mars, indicating a direct relationship between the organization and the geo entity in the context of space tourism MARS. ENVIRONMENTAL CONSERVATION Environmental conservation efforts in space travel aim to develop sustainable practices that reduce the ecological footprint of space exploration SPACE TRAVEL.",
    "evaluation": 0
  },
  {
    "accuracy": "73.33%"
  }
]