[
  {
    "correct_answer": "Colors impact psychological well-being",
    "retrieved_context": "COLOR PSYCHOLOGY Green's calming and relaxing effects are explored in color psychology GREEN. COLOR PSYCHOLOGY Orange is analyzed in color psychology for its ability to evoke feelings of energy and excitement ORANGE. COLOR PSYCHOLOGY Yellow's energizing effects are a subject of study in color psychology YELLOW. COLOR PSYCHOLOGY Red is studied in color psychology for its impact on emotions and physical reactions RED. COLOR PSYCHOLOGY Purple's association with tranquility and serenity is of interest in color psychology PURPLE. COLOR PSYCHOLOGY Blue is significant in color psychology for its calming effects on the mind and body BLUE.",
    "evaluation": 1
  },
  {
    "correct_answer": "Colors evoke emotions and feelings",
    "retrieved_context": "COLOR PSYCHOLOGY Green's calming and relaxing effects are explored in color psychology GREEN. COLOR PSYCHOLOGY Orange is analyzed in color psychology for its ability to evoke feelings of energy and excitement ORANGE. COLOR PSYCHOLOGY Yellow's energizing effects are a subject of study in color psychology YELLOW. COLOR PSYCHOLOGY Red is studied in color psychology for its impact on emotions and physical reactions RED. COLOR PSYCHOLOGY Purple's association with tranquility and serenity is of interest in color psychology PURPLE. COLOR PSYCHOLOGY Blue is significant in color psychology for its calming effects on the mind and body BLUE.",
    "evaluation": 1
  },
  {
    "correct_answer": "Study of colors and human behavior is color psychology",
    "retrieved_context": "COLOR PSYCHOLOGY Green's calming and relaxing effects are explored in color psychology GREEN. COLOR PSYCHOLOGY Orange is analyzed in color psychology for its ability to evoke feelings of energy and excitement ORANGE. COLOR PSYCHOLOGY Yellow's energizing effects are a subject of study in color psychology YELLOW. COLOR PSYCHOLOGY Red is studied in color psychology for its impact on emotions and physical reactions RED. COLOR PSYCHOLOGY Purple's association with tranquility and serenity is of interest in color psychology PURPLE. COLOR PSYCHOLOGY Blue is significant in color psychology for its calming effects on the mind and body BLUE.",
    "evaluation": 1
  },
  {
    "correct_answer": "Different colors affect mood, behavior, and physical reactions",
    "retrieved_context": "COLOR PSYCHOLOGY Green's calming and relaxing effects are explored in color psychology GREEN. COLOR PSYCHOLOGY Orange is analyzed in color psychology for its ability to evoke feelings of energy and excitement ORANGE. COLOR PSYCHOLOGY Yellow's energizing effects are a subject of study in color psychology YELLOW. COLOR PSYCHOLOGY Red is studied in color psychology for its impact on emotions and physical reactions RED. COLOR PSYCHOLOGY Purple's association with tranquility and serenity is of interest in color psychology PURPLE. COLOR PSYCHOLOGY Blue is significant in color psychology for its calming effects on the mind and body BLUE.",
    "evaluation": 1
  },
  {
    "correct_answer": "Warm colors like red evoke energy and passion",
    "retrieved_context": "COLOR PSYCHOLOGY Green's calming and relaxing effects are explored in color psychology GREEN. COLOR PSYCHOLOGY Orange is analyzed in color psychology for its ability to evoke feelings of energy and excitement ORANGE. COLOR PSYCHOLOGY Yellow's energizing effects are a subject of study in color psychology YELLOW. COLOR PSYCHOLOGY Red is studied in color psychology for its impact on emotions and physical reactions RED. COLOR PSYCHOLOGY Purple's association with tranquility and serenity is of interest in color psychology PURPLE. COLOR PSYCHOLOGY Blue is significant in color psychology for its calming effects on the mind and body BLUE.",
    "evaluation": 0
  },
  {
    "correct_answer": "Cool colors like blue evoke calmness and tranquility",
    "retrieved_context": "COLOR PSYCHOLOGY Green's calming and relaxing effects are explored in color psychology GREEN. COLOR PSYCHOLOGY Orange is analyzed in color psychology for its ability to evoke feelings of energy and excitement ORANGE. COLOR PSYCHOLOGY Yellow's energizing effects are a subject of study in color psychology YELLOW. COLOR PSYCHOLOGY Red is studied in color psychology for its impact on emotions and physical reactions RED. COLOR PSYCHOLOGY Purple's association with tranquility and serenity is of interest in color psychology PURPLE. COLOR PSYCHOLOGY Blue is significant in color psychology for its calming effects on the mind and body BLUE.",
    "evaluation": 1
  },
  {
    "correct_answer": "Red can increase heart rate and blood pressure",
    "retrieved_context": "COLOR PSYCHOLOGY Green's calming and relaxing effects are explored in color psychology GREEN. COLOR PSYCHOLOGY Orange is analyzed in color psychology for its ability to evoke feelings of energy and excitement ORANGE. COLOR PSYCHOLOGY Yellow's energizing effects are a subject of study in color psychology YELLOW. COLOR PSYCHOLOGY Red is studied in color psychology for its impact on emotions and physical reactions RED. COLOR PSYCHOLOGY Purple's association with tranquility and serenity is of interest in color psychology PURPLE. COLOR PSYCHOLOGY Blue is significant in color psychology for its calming effects on the mind and body BLUE.",
    "evaluation": 0
  },
  {
    "correct_answer": "Blue has a calming effect on the mind and body",
    "retrieved_context": "COLOR PSYCHOLOGY Green's calming and relaxing effects are explored in color psychology GREEN. COLOR PSYCHOLOGY Orange is analyzed in color psychology for its ability to evoke feelings of energy and excitement ORANGE. COLOR PSYCHOLOGY Yellow's energizing effects are a subject of study in color psychology YELLOW. COLOR PSYCHOLOGY Red is studied in color psychology for its impact on emotions and physical reactions RED. COLOR PSYCHOLOGY Purple's association with tranquility and serenity is of interest in color psychology PURPLE. COLOR PSYCHOLOGY Blue is significant in color psychology for its calming effects on the mind and body BLUE.",
    "evaluation": 1
  },
  {
    "correct_answer": "Yellow is associated with happiness and positivity",
    "retrieved_context": "COLOR PSYCHOLOGY Green's calming and relaxing effects are explored in color psychology GREEN. COLOR PSYCHOLOGY Orange is analyzed in color psychology for its ability to evoke feelings of energy and excitement ORANGE. COLOR PSYCHOLOGY Yellow's energizing effects are a subject of study in color psychology YELLOW. COLOR PSYCHOLOGY Red is studied in color psychology for its impact on emotions and physical reactions RED. COLOR PSYCHOLOGY Purple's association with tranquility and serenity is of interest in color psychology PURPLE. COLOR PSYCHOLOGY Blue is significant in color psychology for its calming effects on the mind and body BLUE.",
    "evaluation": 0
  },
  {
    "correct_answer": "Yellow increases serotonin levels in the brain",
    "retrieved_context": "COLOR PSYCHOLOGY Green's calming and relaxing effects are explored in color psychology GREEN. COLOR PSYCHOLOGY Orange is analyzed in color psychology for its ability to evoke feelings of energy and excitement ORANGE. COLOR PSYCHOLOGY Yellow's energizing effects are a subject of study in color psychology YELLOW. COLOR PSYCHOLOGY Red is studied in color psychology for its impact on emotions and physical reactions RED. COLOR PSYCHOLOGY Purple's association with tranquility and serenity is of interest in color psychology PURPLE. COLOR PSYCHOLOGY Blue is significant in color psychology for its calming effects on the mind and body BLUE.",
    "evaluation": 0
  },
  {
    "correct_answer": "Black is associated with power and sophistication",
    "retrieved_context": "COLOR PSYCHOLOGY Green's calming and relaxing effects are explored in color psychology GREEN. COLOR PSYCHOLOGY Orange is analyzed in color psychology for its ability to evoke feelings of energy and excitement ORANGE. COLOR PSYCHOLOGY Yellow's energizing effects are a subject of study in color psychology YELLOW. COLOR PSYCHOLOGY Red is studied in color psychology for its impact on emotions and physical reactions RED. COLOR PSYCHOLOGY Purple's association with tranquility and serenity is of interest in color psychology PURPLE. COLOR PSYCHOLOGY Blue is significant in color psychology for its calming effects on the mind and body BLUE.",
    "evaluation": 0
  },
  {
    "correct_answer": "Black can evoke feelings of sadness or mystery",
    "retrieved_context": "COLOR PSYCHOLOGY Green's calming and relaxing effects are explored in color psychology GREEN. COLOR PSYCHOLOGY Orange is analyzed in color psychology for its ability to evoke feelings of energy and excitement ORANGE. COLOR PSYCHOLOGY Yellow's energizing effects are a subject of study in color psychology YELLOW. COLOR PSYCHOLOGY Red is studied in color psychology for its impact on emotions and physical reactions RED. COLOR PSYCHOLOGY Purple's association with tranquility and serenity is of interest in color psychology PURPLE. COLOR PSYCHOLOGY Blue is significant in color psychology for its calming effects on the mind and body BLUE.",
    "evaluation": 0
  },
  {
    "correct_answer": "Individual experiences and cultural backgrounds influence color perception",
    "retrieved_context": "COLOR PSYCHOLOGY Green's calming and relaxing effects are explored in color psychology GREEN. COLOR PSYCHOLOGY Orange is analyzed in color psychology for its ability to evoke feelings of energy and excitement ORANGE. COLOR PSYCHOLOGY Yellow's energizing effects are a subject of study in color psychology YELLOW. COLOR PSYCHOLOGY Red is studied in color psychology for its impact on emotions and physical reactions RED. COLOR PSYCHOLOGY Purple's association with tranquility and serenity is of interest in color psychology PURPLE. COLOR PSYCHOLOGY Blue is significant in color psychology for its calming effects on the mind and body BLUE.",
    "evaluation": 0
  },
  {
    "correct_answer": "Colors have universal associations but meanings can vary culturally",
    "retrieved_context": "COLOR PSYCHOLOGY Green's calming and relaxing effects are explored in color psychology GREEN. COLOR PSYCHOLOGY Orange is analyzed in color psychology for its ability to evoke feelings of energy and excitement ORANGE. COLOR PSYCHOLOGY Yellow's energizing effects are a subject of study in color psychology YELLOW. COLOR PSYCHOLOGY Red is studied in color psychology for its impact on emotions and physical reactions RED. COLOR PSYCHOLOGY Purple's association with tranquility and serenity is of interest in color psychology PURPLE. COLOR PSYCHOLOGY Blue is significant in color psychology for its calming effects on the mind and body BLUE.",
    "evaluation": 0
  },
  {
    "correct_answer": "Colors can be used to create environments that promote well-being and productivity",
    "retrieved_context": "COLOR PSYCHOLOGY Green's calming and relaxing effects are explored in color psychology GREEN. COLOR PSYCHOLOGY Orange is analyzed in color psychology for its ability to evoke feelings of energy and excitement ORANGE. COLOR PSYCHOLOGY Yellow's energizing effects are a subject of study in color psychology YELLOW. COLOR PSYCHOLOGY Red is studied in color psychology for its impact on emotions and physical reactions RED. COLOR PSYCHOLOGY Purple's association with tranquility and serenity is of interest in color psychology PURPLE. COLOR PSYCHOLOGY Blue is significant in color psychology for its calming effects on the mind and body BLUE.",
    "evaluation": 1
  },
  {
    "accuracy": "46.67%"
  }
]